t,bf,pos_err,rot_err,pd_x,pd_y,pd_z,pd_ref_x,pd_ref_y,pd_ref_z,p_x,p_y,p_z,q0,q1,q2,q3,q4,q5,dq0,dq1,dq2,dq3,dq4,dq5,q_servo0,q_servo1,q_servo2,q_servo3,q_servo4,q_servo5,dq_des0,dq_des1,dq_des2,dq_des3,dq_des4,dq_des5,tau0,tau1,tau2,tau3,tau4,tau5,tau_lim0,tau_lim1,tau_lim2,tau_lim3,tau_lim4,tau_lim5
0.0,1.0,3.4514898342423896e-05,0.00014070148436101914,-0.34995246045417305,0.000112340038310112,0.22384045478625345,-0.34995246045417305,0.000112340038310112,0.22384045478625345,-0.34995545456284366,8.136647914520725e-05,0.22385538636867175,-0.3269618193255823,-1.4200704733477991,1.2360267639160156,-1.3860686461078089,-1.5709541479693812,2.7379846572875977,0.0,0.0,-0.0,0.0,0.0,0.0,-0.32696186329394944,-1.4200704318335111,1.2360267338687188,-1.386068602661519,-1.5709541616707816,2.7379847652048714,-1.099209177331924e-05,1.0378571989956965e-05,-7.511824191153189e-06,1.0861572478498771e-05,-3.4253500907612453e-06,2.6979318433003622e-05,-0.0011207241279933048,-8.0333502026936,-6.2685579066281,-0.9626803318996556,-5.6466513068009706e-05,1.701021991395684e-06,28.0,28.0,14.0,6.0,6.0,6.0
0.004,1.0,3.4514898342423896e-05,0.00014070148436101914,-0.34995246045417305,0.000112340038310112,0.22384045478625345,-0.34995246045417305,0.000112340038310112,0.22384045478625345,-0.34995545456284366,8.136647914520725e-05,0.22385538636867175,-0.3269618193255823,-1.4200704733477991,1.2360267639160156,-1.3860686461078089,-1.5709541479693812,2.7379846572875977,0.0,0.0,-0.0,0.0,0.0,0.0,-0.3269619485925816,-1.4200703512957924,1.236026675576963,-1.3860685183757167,-1.5709541882514984,2.7379849745643825,-2.1324658040239328e-05,2.013442966051651e-05,-1.4572938930837187e-05,2.1071450608287614e-05,-6.645179176076816e-06,5.2339877760027024e-05,-0.0011207241279933048,-8.0333502026936,-6.2685579066281,-0.9626803318996556,-5.6466513068009706e-05,1.701021991395684e-06,28.0,28.0,14.0,6.0,6.0,6.0
0.008,1.0,1.3917302111846201e-05,4.33790794999533e-05,-0.34995246045417305,0.000112340038310112,0.22384045478625345,-0.34995246045417305,0.000112340038310112,0.22384045478625345,-0.34995627875399254,0.00010095170707850053,0.2238474845655046,-0.32700950304140264,-1.420046631489889,1.2360267639160156,-1.3860686461078089,-1.5709660688983362,2.738032579421997,0.0,0.0,-0.0,0.0,0.0,0.0,-0.3269620496132251,-1.4200702626481234,1.23602661373037,-1.3860684175771707,-1.5709542132248184,2.7379851922704335,-2.525516088601862e-05,2.216191726129722e-05,-1.5461648311922843e-05,2.5199636466118098e-05,-6.243329999506623e-06,5.442651275127441e-05,-0.0004814605973341928,-8.034475836230449,-6.2687642692161445,-0.9626991260063966,-4.542566571925683e-05,4.6752578142777763e-07,28.0,28.0,14.0,6.0,6.0,6.0
0.012363486979855225,1.0,1.3917302111846201e-05,4.33790794999533e-05,-0.34995246045417305,0.000112340038310112,0.22384045478625345,-0.34995246045417305,0.000112340038310112,0.22384045478625345,-0.34995627875399254,0.00010095170707850053,0.2238474845655046,-0.32700950304140264,-1.420046631489889,1.2360267639160156,-1.3860686461078089,-1.5709660688983362,2.738032579421997,0.0,0.0,-0.0,0.0,0.0,0.0,-0.32696216541255935,-1.420070166377101,1.2360265485422295,-1.386068301256646,-1.5709542366871856,2.737985417822232,-2.8949833561051157e-05,2.406775560603109e-05,-1.629703513014336e-05,2.9080131172478755e-05,-5.8655917735306415e-06,5.638794964304696e-05,-0.0004814605973341928,-8.034475836230449,-6.2687642692161445,-0.9626991260063966,-4.542566571925683e-05,4.6752578142777763e-07,28.0,28.0,14.0,6.0,6.0,6.0
0.016363486979855225,1.0,1.3917302111846201e-05,4.33790794999533e-05,-0.34995246045417305,0.000112340038310112,0.22384045478625345,-0.34995246045417305,0.000112340038310112,0.22384045478625345,-0.34995627875399254,0.00010095170707850053,0.2238474845655046,-0.32700950304140264,-1.420046631489889,1.2360267639160156,-1.3860686461078089,-1.5709660688983362,2.738032579421997,0.0,0.0,-0.0,0.0,0.0,0.0,-0.3269622951038629,-1.4200700629401264,1.2360264802130345,-1.3860681703454611,-1.5709542587292569,2.7379856507490334,-3.242282587558174e-05,2.5859243650080927e-05,-1.7082298739270643e-05,3.272779619645777e-05,-5.510517841113219e-06,5.823170032131315e-05,-0.0004814605973341928,-8.034475836230449,-6.2687642692161445,-0.9626991260063966,-4.542566571925683e-05,4.6752578142777763e-07,28.0,28.0,14.0,6.0,6.0,6.0
0.021617481991881505,1.0,1.4048851992701397e-05,8.476955105934953e-05,-0.34995246045417305,0.000112340038310112,0.22384045478625345,-0.34995246045417305,0.000112340038310112,0.22384045478625345,-0.3499450005515427,0.00010391541528448315,0.2238488658398102,-0.3270214239703577,-1.4200704733477991,1.2360386848449707,-1.3860333601581019,-1.5709779898272913,2.7379729747772217,0.0,0.0,-0.0,0.0,0.0,0.0,-0.3269624352970123,-1.4200699539608805,1.2360264250404207,-1.3860680675520096,-1.5709542657110664,2.7379859480965894,-3.50482873498017e-05,2.7244811437602473e-05,-1.379315347404863e-05,2.569836289786477e-05,-1.7454524079556851e-06,7.433688893452485e-05,-0.00043222905066987613,-8.034115282263725,-6.2686874448343275,-0.9626982524174336,-4.361387776382392e-05,1.0828113288956842e-06,28.0,28.0,14.0,6.0,6.0,6.0
0.025617481991881505,1.0,1.4048851992701397e-05,8.476955105934953e-05,-0.34995246045417305,0.000112340038310112,0.22384045478625345,-0.34995246045417305,0.000112340038310112,0.22384045478625345,-0.3499450005515427,0.00010391541528448315,0.2238488658398102,-0.3270214239703577,-1.4200704733477991,1.2360386848449707,-1.3860333601581019,-1.5709779898272913,2.7379729747772217,0.0,0.0,-0.0,0.0,0.0,0.0,-0.3269625853618968,-1.4200698397718998,1.236026382234993,-1.3860679911892273,-1.57095425853623,2.7379863059996543,-3.7516221135568466e-05,2.8547245157872728e-05,-1.0701356924739938e-05,1.9090695597187352e-05,1.7937090992123977e-06,8.947576623094385e-05,-0.00043222905066987613,-8.034115282263725,-6.2686874448343275,-0.9626982524174336,-4.361387776382392e-05,1.0828113288956842e-06,28.0,28.0,14.0,6.0,6.0,6.0
0.030711184980114922,1.0,1.4048851992701397e-05,8.476955105934953e-05,-0.34995246045417305,0.000112340038310112,0.22384045478625345,-0.34995246045417305,0.000112340038310112,0.22384045478625345,-0.3499450005515427,0.00010391541528448315,0.2238488658398102,-0.3270214239703577,-1.4200704733477991,1.2360386848449707,-1.3860333601581019,-1.5709779898272913,2.7379729747772217,0.0,0.0,-0.0,0.0,0.0,0.0,-0.3269627447062124,-1.4200697206857684,1.2360263510547205,-1.386067939671274,-1.5709542380541464,2.737986720824898,-3.9836078894189226e-05,2.9771532854926764e-05,-7.795068168389769e-06,1.2879488334550579e-05,5.120520915950395e-06,0.00010370631088957771,-0.00043222905066987613,-8.034115282263725,-6.2686874448343275,-0.9626982524174336,-4.361387776382392e-05,1.0828113288956842e-06,28.0,28.0,14.0,6.0,6.0,6.0
0.034711184980114926,1.0,1.21628409339348e-05,7.700794968406051e-05,-0.34995246045417305,0.000112340038310112,0.22384045478625345,-0.34995246045417305,0.000112340038310112,0.22384045478625345,-0.34995013259641344,0.00010148405656800768,0.22383548855647117,-0.32700950304140264,-1.4200347105609339,1.2360506057739258,-1.3860567251788538,-1.5709779898272913,2.7379965782165527,0.0,0.0,-0.0,0.0,0.0,0.0,-0.3269629196144918,-1.4200696306724023,1.2360263450188405,-1.386067920048259,-1.5709542050596175,2.7379871688572726,-4.372706985731385e-05,2.2503341526149854e-05,-1.5089700005839546e-06,4.905753741285354e-06,8.248632227666801e-06,0.00011200809368800835,-0.00032127740692459934,-8.03543206586642,-6.269031365006337,-0.962738572930516,-4.668562043833672e-05,9.321339897945778e-07,28.0,28.0,14.0,6.0,6.0,6.0
0.03925871099228971,1.0,1.21628409339348e-05,7.700794968406051e-05,-0.34995246045417305,0.000112340038310112,0.22384045478625345,-0.34995246045417305,0.000112340038310112,0.22384045478625345,-0.34995013259641344,0.00010148405656800768,0.22383548855647117,-0.32700950304140264,-1.4200347105609339,1.2360506057739258,-1.3860567251788538,-1.5709779898272913,2.7379965782165527,0.0,0.0,-0.0,0.0,0.0,0.0,-0.3269631091528973,-1.4200695679874356,1.2360263626186896,-1.3860679304064862,-1.57095416030339,2.7379876481043506,-4.7384601362651007e-05,1.5671241677099556e-05,4.399962277153511e-06,-2.589556776383957e-06,1.1189056860680224e-05,0.00011981176951853315,-0.00032127740692459934,-8.03543206586642,-6.269031365006337,-0.962738572930516,-4.668562043833672e-05,9.321339897945778e-07,28.0,28.0,14.0,6.0,6.0,6.0
0.043258710992289715,1.0,9.381457935542075e-06,0.0001052157517730101,-0.34995246045417305,0.000112340038310112,0.22384045478625345,-0.34995246045417305,0.000112340038310112,0.22384045478625345,-0.34995166842393177,0.00010734376254585082,0.2238325540477069,-0.32700950304140264,-1.4200227896319788,1.2360506057739258,-1.3860686461078089,-1.5710023085223597,2.7379729747772217,0.0,0.0,-0.0,0.0,0.0,0.0,-0.3269633212033142,-1.4200695419852316,1.2360264072914364,-1.3860679628057821,-1.5709540764837524,2.7379881751243884,-5.3012604220552254e-05,6.50055097557628e-06,1.1168186696525944e-05,-8.099824000767011e-06,2.0954909394855958e-05,0.00013175500941727534,-0.0003944512947434224,-8.035794568766832,-6.269118147576595,-0.9627463454554198,-4.92618860176956e-05,1.2366787433117105e-06,28.0,28.0,14.0,6.0,6.0,6.0
0.04830848297080957,1.0,9.381457935542075e-06,0.0001052157517730101,-0.34995246045417305,0.000112340038310112,0.22384045478625345,-0.34995246045417305,0.000112340038310112,0.22384045478625345,-0.34995166842393177,0.00010734376254585082,0.2238325540477069,-0.32700950304140264,-1.4200227896319788,1.2360506057739258,-1.3860686461078089,-1.5710023085223597,2.7379729747772217,0.0,0.0,-0.0,0.0,0.0,0.0,-0.3269635544150218,-1.4200695504648246,1.236026477412707,-1.386068015923683,-1.5709539559445094,2.7379887470510083,-5.8302926906979425e-05,-2.1198982838555986e-06,1.753031765073603e-05,-1.3279475191687082e-05,3.013481077698115e-05,0.00014298165492209302,-0.0003944512947434224,-8.035794568766832,-6.269118147576595,-0.9627463454554198,-4.92618860176956e-05,1.2366787433117105e-06,28.0,28.0,14.0,6.0,6.0,6.0
0.052308482970809575,1.0,9.381457935542075e-06,0.0001052157517730101,-0.34995246045417305,0.000112340038310112,0.22384045478625345,-0.34995246045417305,0.000112340038310112,0.22384045478625345,-0.34995166842393177,0.00010734376254585082,0.2238325540477069,-0.32700950304140264,-1.4200227896319788,1.2360506057739258,-1.3860686461078089,-1.5710023085223597,2.7379729747772217,0.0,0.0,-0.0,0.0,0.0,0.0,-0.3269638075183427,-1.420069591357307,1.23602657145559,-1.3860680885170722,-1.570953800888837,2.737989361189815,-6.327583023222096e-05,-1.0223120587721566e-05,2.3510720747693512e-05,-1.8148347311151948e-05,3.876391807617883e-05,0.00015353470169662164,-0.0003944512947434224,-8.035794568766832,-6.269118147576595,-0.9627463454554198,-4.92618860176956e-05,1.2366787433117105e-06,28.0,28.0,14.0,6.0,6.0,6.0
0.05754110497375951,1.0,9.381457935542075e-06,0.0001052157517730101,-0.34995246045417305,0.000112340038310112,0.22384045478625345,-0.34995246045417305,0.000112340038310112,0.22384045478625345,-0.34995166842393177,0.00010734376254585082,0.2238325540477069,-0.32700950304140264,-1.4200227896319788,1.2360506057739258,-1.3860686461078089,-1.5710023085223597,2.7379729747772217,0.0,0.0,-0.0,0.0,0.0,0.0,-0.3269640793197801,-1.4200696627179052,1.2360266879847888,-1.3860681794174206,-1.5709536133877213,2.737990015008078,-6.795035935794802e-05,-1.7840149553355575e-05,2.9132299658833546e-05,-2.272508710344892e-05,4.6875278937424646e-05,0.00016345456566467853,-0.0003944512947434224,-8.035794568766832,-6.269118147576595,-0.9627463454554198,-4.92618860176956e-05,1.2366787433117105e-06,28.0,28.0,14.0,6.0,6.0,6.0
0.06154110497375952,1.0,2.9842393449475087e-05,8.759072907816639e-05,-0.34995246045417305,0.000112340038310112,0.22384045478625345,-0.34995246045417305,0.000112340038310112,0.22384045478625345,-0.34994873339024307,8.48141792211915e-05,0.22382954586684445,-0.3269856611834925,-1.4200227896319788,1.2360506057739258,-1.3860333601581019,-1.570942227040426,2.738032579421997,0.0,0.0,-0.0,0.0,0.0,0.0,-0.3269643607511094,-1.420069771642053,1.2360268443765003,-1.3860683379675574,-1.5709534645751306,2.737990672873936,-7.035783232442923e-05,-2.7231036949783684e-05,3.909792786886405e-05,-3.963753418178414e-05,3.720314765484453e-05,0.00016446646458915571,-0.00022562311684900252,-8.035990153059956,-6.2691432825111715,-0.9627593432196946,-4.904349790675161e-05,7.753154777379869e-07,28.0,28.0,14.0,6.0,6.0,6.0
0.06610644098767081,1.0,2.9842393449475087e-05,8.759072907816639e-05,-0.34995246045417305,0.000112340038310112,0.22384045478625345,-0.34995246045417305,0.000112340038310112,0.22384045478625345,-0.34994873339024307,8.48141792211915e-05,0.22382954586684445,-0.3269856611834925,-1.4200227896319788,1.2360506057739258,-1.3860333601581019,-1.570942227040426,2.738032579421997,0.0,0.0,-0.0,0.0,0.0,0.0,-0.32696465123453705,-1.4200699158759373,1.236027038238974,-1.386068560108495,-1.5709533521297536,2.7379913345445344,-7.262085691292157e-05,-3.6058471102426105e-05,4.846561838629272e-05,-5.553523443541925e-05,2.8111344249219228e-05,0.00016541764957816427,-0.00022562311684900252,-8.035990153059956,-6.2691432825111715,-0.9627593432196946,-4.904349790675161e-05,7.753154777379869e-07,28.0,28.0,14.0,6.0,6.0,6.0
0.07010644098767081,1.0,1.309159736090854e-05,7.416123345193154e-05,-0.34995246045417305,0.000112340038310112,0.22384045478625345,-0.34995246045417305,0.000112340038310112,0.22384045478625345,-0.34994228274195166,0.00010416026193582502,0.223841401017655,-0.32700950304140264,-1.420058552418844,1.2360506057739258,-1.3860333601581019,-1.5710023085223597,2.738008499145508,0.0,0.0,-0.0,0.0,0.0,0.0,-0.3269649581821658,-1.4200700637311208,1.2360272484018378,-1.386068811494244,-1.5709532046822772,2.7379919921097255,-7.673690719651616e-05,-3.696379586078873e-05,5.2540715929363924e-05,-6.284643727673454e-05,3.686186909095144e-05,0.0001643912978352615,-0.0005484862538061083,-8.034726762952543,-6.26886186859524,-0.9627228981526273,-4.926399390007687e-05,7.783279798746536e-07,28.0,28.0,14.0,6.0,6.0,6.0
0.075174022997031,1.0,1.309159736090854e-05,7.416123345193154e-05,-0.34995246045417305,0.000112340038310112,0.22384045478625345,-0.34995246045417305,0.000112340038310112,0.22384045478625345,-0.34994228274195166,0.00010416026193582502,0.223841401017655,-0.32700950304140264,-1.420058552418844,1.2360506057739258,-1.3860333601581019,-1.5710023085223597,2.738008499145508,0.0,0.0,-0.0,0.0,0.0,0.0,-0.32696528060614366,-1.4200702149903253,1.2360274738870682,-1.3860690903701158,-1.5709530243328274,2.7379926458158343,-8.060599446309506e-05,-3.7814801133649594e-05,5.6371307619850856e-05,-6.971896794757092e-05,4.508736244217972e-05,0.0001634265271969329,-0.0005484862538061083,-8.034726762952543,-6.26886186859524,-0.9627228981526273,-4.926399390007687e-05,7.783279798746536e-07,28.0,28.0,14.0,6.0,6.0,6.0
0.07917402299703101,1.0,1.309159736090854e-05,7.416123345193154e-05,-0.34995246045417305,0.000112340038310112,0.22384045478625345,-0.34995246045417305,0.000112340038310112,0.22384045478625345,-0.34994228274195166,0.00010416026193582502,0.223841401017655,-0.32700950304140264,-1.420058552418844,1.2360506057739258,-1.3860333601581019,-1.5710023085223597,2.738008499145508,0.0,0.0,-0.0,0.0,0.0,0.0,-0.3269656175778896,-1.4200703694493095,1.2360277137753235,-1.386069395086703,-1.5709528130555226,2.7379932958944053,-8.424293649367923e-05,-3.861474609013881e-05,5.997206380890857e-05,-7.617914677815711e-05,5.28193261923343e-05,0.00016251964279690402,-0.0005484862538061083,-8.034726762952543,-6.26886186859524,-0.9627228981526273,-4.926399390007687e-05,7.783279798746536e-07,28.0,28.0,14.0,6.0,6.0,6.0
0.08434490398853088,1.0,2.4457575170892444e-05,0.0001293935621324065,-0.34995246045417305,0.000112340038310112,0.22384045478625345,-0.34995246045417305,0.000112340038310112,0.22384045478625345,-0.34994227946008377,9.047633592518137e-05,0.2238363929073019,-0.3269856611834925,-1.420046631489889,1.2360506057739258,-1.3860209623919886,-1.5709779898272913,2.7379729747772217,0.0,0.0,-0.0,0.0,0.0,0.0,-0.3269659731641067,-1.4200705428254186,1.2360279835171384,-1.3860697525039265,-1.570952600704464,2.73799400601357,-8.889655427182147e-05,-4.334402727513504e-05,6.743545371042987e-05,-8.935430590739746e-05,5.308776462874463e-05,0.00017752979116700398,-0.0005494157116707742,-8.035190631881605,-6.268963708238111,-0.9627402689059926,-5.2835552792872666e-05,1.5443461418738879e-06,28.0,28.0,14.0,6.0,6.0,6.0
0.08834490398853088,1.0,2.4457575170892444e-05,0.0001293935621324065,-0.34995246045417305,0.000112340038310112,0.22384045478625345,-0.34995246045417305,0.000112340038310112,0.22384045478625345,-0.34994227946008377,9.047633592518137e-05,0.2238363929073019,-0.3269856611834925,-1.420046631489889,1.2360506057739258,-1.3860209623919886,-1.5709779898272913,2.7379729747772217,0.0,0.0,-0.0,0.0,0.0,0.0,-0.32696634624792664,-1.420070733983625,1.2360282813212993,-1.3860701594597484,-1.570952387344077,2.7379947725708926,-9.327095498327518e-05,-4.77895515890315e-05,7.44510402178599e-05,-0.00010173895548888339,5.334009675897033e-05,0.00019163933063489795,-0.0005494157116707742,-8.035190631881605,-6.268963708238111,-0.9627402689059926,-5.2835552792872666e-05,1.5443461418738879e-06,28.0,28.0,14.0,6.0,6.0,6.0
0.09287105699162933,1.0,2.4457575170892444e-05,0.0001293935621324065,-0.34995246045417305,0.000112340038310112,0.22384045478625345,-0.34995246045417305,0.000112340038310112,0.22384045478625345,-0.34994227946008377,9.047633592518137e-05,0.2238363929073019,-0.3269856611834925,-1.420046631489889,1.2360506057739258,-1.3860209623919886,-1.5709779898272913,2.7379729747772217,0.0,0.0,-0.0,0.0,0.0,0.0,-0.32696673577949326,-1.4200709418570028,1.2360286055040655,-1.3860706129818527,-1.5709521730349212,2.7379955921800834,-9.738289165204167e-05,-5.196834444409417e-05,8.104569153484413e-05,-0.00011338052609548016,5.35772889613825e-05,0.00020490229773471828,-0.0005494157116707742,-8.035190631881605,-6.268963708238111,-0.9627402689059926,-5.2835552792872666e-05,1.5443461418738879e-06,28.0,28.0,14.0,6.0,6.0,6.0
0.09687105699162933,1.0,1.880535951176771e-05,4.337797896494396e-05,-0.34995246045417305,0.000112340038310112,0.22384045478625345,-0.34995246045417305,0.000112340038310112,0.22384045478625345,-0.34995137025407436,9.511466965029009e-05,0.22383298888479114,-0.32699758211244756,-1.4200347105609339,1.2360625267028809,-1.3860686461078089,-1.5709660688983362,2.738044500350952,0.0,0.0,-0.0,0.0,0.0,0.0,-0.32696712962146857,-1.4200711571471913,1.2360289242706721,-1.3860710608958127,-1.5709519715686464,2.7379963766784607,-9.846049382842842e-05,-5.382254713745921e-05,7.969165164535244e-05,-0.00011197848997487337,5.036656867521616e-05,0.00019612459430075454,-0.0003850644998926755,-8.035464162750241,-6.269094827284907,-0.9627480502260775,-4.8497786568816434e-05,4.6763015972263457e-07,28.0,28.0,14.0,6.0,6.0,6.0
0.10191133000375706,1.0,1.880535951176771e-05,4.337797896494396e-05,-0.34995246045417305,0.000112340038310112,0.22384045478625345,-0.34995246045417305,0.000112340038310112,0.22384045478625345,-0.34995137025407436,9.511466965029009e-05,0.22383298888479114,-0.32699758211244756,-1.4200347105609339,1.2360625267028809,-1.3860686461078089,-1.5709660688983362,2.738044500350952,0.0,0.0,-0.0,0.0,0.0,0.0,-0.32696752751522806,-1.420071379409182,1.2360292379460887,-1.3860715035381168,-1.57095178217468,2.737997128172673,-9.947343987423196e-05,-5.556549766922234e-05,7.841885414923026e-05,-0.00011066057602150299,4.734849160621981e-05,0.00018787355307282863,-0.0003850644998926755,-8.035464162750241,-6.269094827284907,-0.9627480502260775,-4.8497786568816434e-05,4.6763015972263457e-07,28.0,28.0,14.0,6.0,6.0,6.0
0.10591133000375706,1.0,1.880535951176771e-05,4.337797896494396e-05,-0.34995246045417305,0.000112340038310112,0.22384045478625345,-0.34995246045417305,0.000112340038310112,0.22384045478625345,-0.34995137025407436,9.511466965029009e-05,0.22383298888479114,-0.32699758211244756,-1.4200347105609339,1.2360625267028809,-1.3860686461078089,-1.5709660688983362,2.738044500350952,0.0,0.0,-0.0,0.0,0.0,0.0,-0.3269679292176647,-1.4200716082246667,1.2360295468357867,-1.3860719412250644,-1.5709516041286833,2.73799784864297,-0.00010042560915728729,-5.7203871169079686e-05,7.722242450287541e-05,-0.00010942173690533483,4.451149916136324e-05,0.0001801175743185783,-0.0003850644998926755,-8.035464162750241,-6.269094827284907,-0.9627480502260775,-4.8497786568816434e-05,4.6763015972263457e-07,28.0,28.0,14.0,6.0,6.0,6.0
0.11061914699198681,1.0,2.188419685383167e-05,7.810098752485283e-05,-0.34995246045417305,0.000112340038310112,0.22384045478625345,-0.34995246045417305,0.000112340038310112,0.22384045478625345,-0.3499509935145248,9.654197718044258e-05,0.22382538204846136,-0.32700950304140264,-1.4200227896319788,1.2360749244689941,-1.3860686461078089,-1.5709541479693812,2.738008499145508,0.0,0.0,-0.0,0.0,0.0,0.0,-0.3269683233445837,-1.4200718611849714,1.2360298628415642,-1.3860723958897967,-1.5709514504823803,2.7379985788472725,-9.853172975102409e-05,-6.324007618031863e-05,7.900144437317587e-05,-0.00011366618306617242,3.8411575734750925e-05,0.0001825510756031007,-5.7846564019082545e-05,-8.03617129883175,-6.269275961464804,-0.9627711039867376,-4.415722343378637e-05,7.783731155270539e-07,28.0,28.0,14.0,6.0,6.0,6.0
0.11461914699198682,1.0,2.188419685383167e-05,7.810098752485283e-05,-0.34995246045417305,0.000112340038310112,0.22384045478625345,-0.34995246045417305,0.000112340038310112,0.22384045478625345,-0.3499509935145248,9.654197718044258e-05,0.22382538204846136,-0.32700950304140264,-1.4200227896319788,1.2360749244689941,-1.3860686461078089,-1.5709541479693812,2.738008499145508,0.0,0.0,-0.0,0.0,0.0,0.0,-0.3269687103505161,-1.4200721368414069,1.2360301855364564,-1.3860728665136466,-1.5709513197717895,2.7379993182015396,-9.675148310913669e-05,-6.891410889088325e-05,8.067372305125829e-05,-0.00011765596245735975,3.267764771373535e-05,0.00018483856681055172,-5.7846564019082545e-05,-8.03617129883175,-6.269275961464804,-0.9627711039867376,-4.415722343378637e-05,7.783731155270539e-07,28.0,28.0,14.0,6.0,6.0,6.0
0.11943738600844521,1.0,2.188419685383167e-05,7.810098752485283e-05,-0.34995246045417305,0.000112340038310112,0.22384045478625345,-0.34995246045417305,0.000112340038310112,0.22384045478625345,-0.3499509935145248,9.654197718044258e-05,0.22382538204846136,-0.32700950304140264,-1.4200227896319788,1.2360749244689941,-1.3860686461078089,-1.5709541479693812,2.738008499145508,0.0,0.0,-0.0,0.0,0.0,0.0,-0.3269690906627212,-1.4200724338322055,1.2360305145191164,-1.386073352139067,-1.570951210620768,2.738000066156774,-9.507805126576252e-05,-7.424769963881399e-05,8.224566500865576e-05,-0.00012140635508507584,2.7287755373980703e-05,0.0001869888085455557,-5.7846564019082545e-05,-8.03617129883175,-6.269275961464804,-0.9627711039867376,-4.415722343378637e-05,7.783731155270539e-07,28.0,28.0,14.0,6.0,6.0,6.0
0.12343738600844521,1.0,2.2739817283747206e-05,6.239347339876734e-05,-0.34995246045417305,0.000112340038310112,0.22384045478625345,-0.34995246045417305,0.000112340038310112,0.22384045478625345,-0.34995635371456935,9.001571563340697e-05,0.22383856628668733,-0.3269856611834925,-1.4200227896319788,1.2360267639160156,-1.3860567251788538,-1.5709541479693812,2.738032579421997,0.0,0.0,-0.0,0.0,0.0,0.0,-0.3269694783971004,-1.4200727311508847,1.2360308454700797,-1.386073825910844,-1.5709511217280219,2.738000808207727,-9.693359480357165e-05,-7.432966978879539e-05,8.273774081656421e-05,-0.00011844294428866883,2.222318650702218e-05,0.00018551273826685638,-0.00045507872778072147,-8.035400512687733,-6.268963395319398,-0.9627278164406973,-5.0309285599101045e-05,7.752202817711649e-07,28.0,28.0,14.0,6.0,6.0,6.0
0.12856314803007995,1.0,2.2739817283747206e-05,6.239347339876734e-05,-0.34995246045417305,0.000112340038310112,0.22384045478625345,-0.34995246045417305,0.000112340038310112,0.22384045478625345,-0.34995635371456935,9.001571563340697e-05,0.22383856628668733,-0.3269856611834925,-1.4200227896319788,1.2360267639160156,-1.3860567251788538,-1.5709541479693812,2.738032579421997,0.0,0.0,-0.0,0.0,0.0,0.0,-0.3269698731083233,-1.4200730287777716,1.236031178271248,-1.3860742885401967,-1.5709510518780547,2.7380015447086556,-9.867780572911222e-05,-7.440672172977792e-05,8.320029207599816e-05,-0.00011565733814004623,1.7462491772081173e-05,0.00018412523220487904,-0.00045507872778072147,-8.035400512687733,-6.268963395319398,-0.9627278164406973,-5.0309285599101045e-05,7.752202817711649e-07,28.0,28.0,14.0,6.0,6.0,6.0
0.13256314803007996,1.0,2.2739817283747206e-05,6.239347339876734e-05,-0.34995246045417305,0.000112340038310112,0.22384045478625345,-0.34995246045417305,0.000112340038310112,0.22384045478625345,-0.34995635371456935,9.001571563340697e-05,0.22383856628668733,-0.3269856611834925,-1.4200227896319788,1.2360267639160156,-1.3860567251788538,-1.5709541479693812,2.738032579421997,0.0,0.0,-0.0,0.0,0.0,0.0,-0.3269702743777793,-1.420073326694374,1.236031512811609,-1.3860747406956702,-1.5709509999282998,2.7380022759925615,-0.00010031736399912036,-7.447915055430149e-05,8.363509025986606e-05,-0.000113038868360341,1.2987438721236626e-05,0.00018282097650662034,-0.00045507872778072147,-8.035400512687733,-6.268963395319398,-0.9627278164406973,-5.0309285599101045e-05,7.752202817711649e-07,28.0,28.0,14.0,6.0,6.0,6.0
0.1374419430373237,1.0,2.149198403357142e-05,0.00010322060715371159,-0.34995246045417305,0.000112340038310112,0.22384045478625345,-0.34995246045417305,0.000112340038310112,0.22384045478625345,-0.3499541068185718,9.448770685559151e-05,0.22382860197546428,-0.3269856611834925,-1.4200108687030237,1.2360506057739258,-1.3860686461078089,-1.5709779898272913,2.7379965782165527,0.0,0.0,-0.0,0.0,0.0,0.0,-0.32697069039571597,-1.420073648802559,1.236031860887111,-1.3860751984446933,-1.5709509373463764,2.73800303526179,-0.0001040044841657608,-8.052704626121904e-05,8.701887547823706e-05,-0.0001144372558102529,1.5645480843829435e-05,0.0001898173070890887,-0.00043685060225179,-8.03614770786163,-6.269207795961568,-0.9627598714958631,-5.283392815779987e-05,1.2397781073402837e-06,28.0,28.0,14.0,6.0,6.0,6.0
0.14144194303732371,1.0,2.149198403357142e-05,0.00010322060715371159,-0.34995246045417305,0.000112340038310112,0.22384045478625345,-0.34995246045417305,0.000112340038310112,0.22384045478625345,-0.3499541068185718,9.448770685559151e-05,0.22382860197546428,-0.3269856611834925,-1.4200108687030237,1.2360506057739258,-1.3860686461078089,-1.5709779898272913,2.7379965782165527,0.0,0.0,-0.0,0.0,0.0,0.0,-0.32697112027722447,-1.4200739936508318,1.2360322216856454,-1.3860756614516534,-1.5709508647702146,2.7380038208372213,-0.00010747037712240282,-8.621206822572153e-05,9.01996335835058e-05,-0.0001157517400131701,1.8144040439066674e-05,0.00019639385783660896,-0.00043685060225179,-8.03614770786163,-6.269207795961568,-0.9627598714958631,-5.283392815779987e-05,1.2397781073402837e-06,28.0,28.0,14.0,6.0,6.0,6.0
0.14625068404781638,1.0,2.149198403357142e-05,0.00010322060715371159,-0.34995246045417305,0.000112340038310112,0.22384045478625345,-0.34995246045417305,0.000112340038310112,0.22384045478625345,-0.3499541068185718,9.448770685559151e-05,0.22382860197546428,-0.3269856611834925,-1.4200108687030237,1.2360506057739258,-1.3860686461078089,-1.5709779898272913,2.7379965782165527,0.0,0.0,-0.0,0.0,0.0,0.0,-0.3269715631904905,-1.4200743598747871,1.2360325944438302,-1.386076129401074,-1.5709507827994689,2.7380046311404835,-0.00011072831650164632,-9.155598887235388e-05,9.318954620245843e-05,-0.00011698735516391226,2.0492686458589678e-05,0.00020257581553927801,-0.00043685060225179,-8.03614770786163,-6.269207795961568,-0.9627598714958631,-5.283392815779987e-05,1.2397781073402837e-06,28.0,28.0,14.0,6.0,6.0,6.0
0.15025068404781639,1.0,9.737206900890441e-06,6.107700413542986e-05,-0.34995246045417305,0.000112340038310112,0.22384045478625345,-0.34995246045417305,0.000112340038310112,0.22384045478625345,-0.3499474370774824,0.00010474188541517371,0.2238370128453127,-0.3270214239703577,-1.4200347105609339,1.2360386848449707,-1.3860333601581019,-1.5709779898272913,2.738008499145508,0.0,0.0,-0.0,0.0,0.0,0.0,-0.3269719977983552,-1.420074732277714,1.2360329849367455,-1.3860766218601137,-1.570950692009779,2.7380054303115275,-0.00010865196617429125,-9.310073175058721e-05,9.762322880790566e-05,-0.00012311475991767042,2.2697422452613252e-05,0.00019979276099890193,-0.0001570137161853822,-8.035498277307648,-6.26897841109899,-0.962732641702638,-4.360952684694032e-05,6.245427899652769e-07,28.0,28.0,14.0,6.0,6.0,6.0
0.15534557505440905,1.0,9.737206900890441e-06,6.107700413542986e-05,-0.34995246045417305,0.000112340038310112,0.22384045478625345,-0.34995246045417305,0.000112340038310112,0.22384045478625345,-0.3499474370774824,0.00010474188541517371,0.2238370128453127,-0.3270214239703577,-1.4200347105609339,1.2360386848449707,-1.3860333601581019,-1.5709779898272913,2.738008499145508,0.0,0.0,-0.0,0.0,0.0,0.0,-0.32697242459914266,-1.4200751104888742,1.2360333921003073,-1.3860771373581953,-1.570950592930282,2.7380062190182866,-0.00010670019686657749,-9.455279005612654e-05,0.00010179089045702604,-0.00012887452038620308,2.4769874286995414e-05,0.0001971766897309484,-0.0001570137161853822,-8.035498277307648,-6.26897841109899,-0.962732641702638,-4.360952684694032e-05,6.245427899652769e-07,28.0,28.0,14.0,6.0,6.0,6.0
0.15934557505440905,1.0,8.923238790653948e-06,4.525591333508055e-05,-0.34995246045417305,0.000112340038310112,0.22384045478625345,-0.34995246045417305,0.000112340038310112,0.22384045478625345,-0.3499550264546852,0.00010586571690396224,0.22384603358488905,-0.32700950304140264,-1.4200347105609339,1.2360148429870605,-1.3860567251788538,-1.5709903875934046,2.738032579421997,0.0,0.0,-0.0,0.0,0.0,0.0,-0.32697285539006726,-1.4200754705660619,1.236033789911462,-1.386077618713736,-1.5709504717757001,2.7380069725526655,-0.00010769773115293264,-9.001929692097688e-05,9.94527886729082e-05,-0.00012033888519941126,3.0288645455693005e-05,0.00018838359476995128,-0.0005176405197368446,-8.034858871634402,-6.268795649970337,-0.9627021496823636,-4.800076088608229e-05,4.6755001592171227e-07,28.0,28.0,14.0,6.0,6.0,6.0
0.1639334700584878,1.0,8.923238790653948e-06,4.525591333508055e-05,-0.34995246045417305,0.000112340038310112,0.22384045478625345,-0.34995246045417305,0.000112340038310112,0.22384045478625345,-0.3499550264546852,0.00010586571690396224,0.22384603358488905,-0.32700950304140264,-1.4200347105609339,1.2360148429870605,-1.3860567251788538,-1.5709903875934046,2.738032579421997,0.0,0.0,-0.0,0.0,0.0,0.0,-0.3269732899317208,-1.4200758135973153,1.236034178931354,-1.3860780679752884,-1.5709503298705387,2.7380076930250077,-0.00010863541338210649,-8.57578133739362e-05,9.725497299583743e-05,-0.00011231538812382695,3.547629035426874e-05,0.000180118085506614,-0.0005176405197368446,-8.034858871634402,-6.268795649970337,-0.9627021496823636,-4.800076088608229e-05,4.6755001592171227e-07,28.0,28.0,14.0,6.0,6.0,6.0
0.1679334700584878,1.0,8.923238790653948e-06,4.525591333508055e-05,-0.34995246045417305,0.000112340038310112,0.22384045478625345,-0.34995246045417305,0.000112340038310112,0.22384045478625345,-0.3499550264546852,0.00010586571690396224,0.22384603358488905,-0.32700950304140264,-1.4200347105609339,1.2360148429870605,-1.3860567251788538,-1.5709903875934046,2.738032579421997,0.0,0.0,-0.0,0.0,0.0,0.0,-0.32697372799905955,-1.4200761406053906,1.2360345596874591,-1.386078487068492,-1.5709501684598326,2.738008382419035,-0.0001095168346775299,-8.175201883971795e-05,9.51890262593909e-05,-0.00010477330087277771,4.0352676558929935e-05,0.00017234850679907695,-0.0005176405197368446,-8.034858871634402,-6.268795649970337,-0.9627021496823636,-4.800076088608229e-05,4.6755001592171227e-07,28.0,28.0,14.0,6.0,6.0,6.0
0.17296305704629056,1.0,8.923238790653948e-06,4.525591333508055e-05,-0.34995246045417305,0.000112340038310112,0.22384045478625345,-0.34995246045417305,0.000112340038310112,0.22384045478625345,-0.3499550264546852,0.00010586571690396224,0.22384603358488905,-0.32700950304140264,-1.4200347105609339,1.2360148429870605,-1.3860567251788538,-1.5709903875934046,2.738032579421997,0.0,0.0,-0.0,0.0,0.0,0.0,-0.32697416938054236,-1.4200764525516785,1.2360349326756044,-1.3860788778034474,-1.5709499887139142,2.738009042599446,-0.00011034537069522792,-7.79865719775528e-05,9.324703632713117e-05,-9.768373885679142e-05,4.493647959131145e-05,0.0001650451028139921,-0.0005176405197368446,-8.034858871634402,-6.268795649970337,-0.9627021496823636,-4.800076088608229e-05,4.6755001592171227e-07,28.0,28.0,14.0,6.0,6.0,6.0
0.17696305704629056,1.0,4.171758633656779e-06,2.3841867223944865e-05,-0.34995246045417305,0.000112340038310112,0.22384045478625345,-0.34995246045417305,0.000112340038310112,0.22384045478625345,-0.34995246176850503,0.00010816827988349843,0.22384045478625345,-0.327033821736471,-1.420046631489889,1.2360506057739258,-1.3860686461078089,-1.5709660688983362,2.738020658493042,0.0,0.0,-0.0,0.0,0.0,0.0,-0.32697459113288735,-1.4200767458021912,1.2360352833132109,-1.3860792451021937,-1.5709498197487206,2.7380096837810997,-0.00010543808624700433,-7.33126281716914e-05,8.76594016386023e-05,-9.18246865529959e-05,4.2241298390969944e-05,0.00016029541343800445,-0.00012920690044439907,-8.03496255966609,-6.268927865665584,-0.9627213004102713,-3.915114067724096e-05,3.0761714408269833e-07,28.0,28.0,14.0,6.0,6.0,6.0
0.18154976505064413,1.0,4.171758633656779e-06,2.3841867223944865e-05,-0.34995246045417305,0.000112340038310112,0.22384045478625345,-0.34995246045417305,0.000112340038310112,0.22384045478625345,-0.34995246176850503,0.00010816827988349843,0.22384045478625345,-0.327033821736471,-1.420046631489889,1.2360506057739258,-1.3860686461078089,-1.5709660688983362,2.738020658493042,0.0,0.0,-0.0,0.0,0.0,0.0,-0.3269749944338428,-1.4200770214786753,1.236035612941311,-1.3860795903709033,-1.5709496609174083,2.7380103071039215,-0.00010082523886567416,-6.891912099418168e-05,8.240702503138514e-05,-8.63171773874281e-05,3.9707828062648925e-05,0.00015583070542457607,-0.00012920690044439907,-8.03496255966609,-6.268927865665584,-0.9627213004102713,-3.915114067724096e-05,3.0761714408269833e-07,28.0,28.0,14.0,6.0,6.0,6.0
0.18554976505064413,1.0,1.3997488681424192e-06,7.739483529652288e-05,-0.34995246045417305,0.000112340038310112,0.22384045478625345,-0.34995246045417305,0.000112340038310112,0.22384045478625345,-0.3499511396257053,0.0001125031744373954,0.22384002108629197,-0.32700950304140264,-1.4200347105609339,1.2360386848449707,-1.3860686461078089,-1.571026627217428,2.738020658493042,0.0,0.0,-0.0,0.0,0.0,0.0,-0.3269754161901825,-1.4200772979322664,1.2360359419319804,-1.3860799167472695,-1.5709494418597747,2.7380109058548894,-0.00010543908492570227,-6.911339780489387e-05,8.224766733745278e-05,-8.1594091531403e-05,5.476440841683526e-05,0.00014968774201578355,-0.0006537958182241839,-8.035149167866972,-6.268943857245111,-0.9627227473337177,-5.18405340737533e-05,6.213865834799657e-07,28.0,28.0,14.0,6.0,6.0,6.0
0.1906327820436564,1.0,1.3997488681424192e-06,7.739483529652288e-05,-0.34995246045417305,0.000112340038310112,0.22384045478625345,-0.34995246045417305,0.000112340038310112,0.22384045478625345,-0.3499511396257053,0.0001125031744373954,0.22384002108629197,-0.32700950304140264,-1.4200347105609339,1.2360386848449707,-1.3860686461078089,-1.571026627217428,2.738020658493042,0.0,0.0,-0.0,0.0,0.0,0.0,-0.3269758552945834,-1.4200775751163384,1.2360362703234649,-1.3860802253648328,-1.5709491661893988,2.738011481508315,-0.00010977610022212869,-6.929601800696333e-05,8.209787110515638e-05,-7.71543908267394e-05,6.891759394977042e-05,0.0001439133564115186,-0.0006537958182241839,-8.035149167866972,-6.268943857245111,-0.9627227473337177,-5.18405340737533e-05,6.213865834799657e-07,28.0,28.0,14.0,6.0,6.0,6.0
0.19463278204365642,1.0,1.3997488681424192e-06,7.739483529652288e-05,-0.34995246045417305,0.000112340038310112,0.22384045478625345,-0.34995246045417305,0.000112340038310112,0.22384045478625345,-0.3499511396257053,0.0001125031744373954,0.22384002108629197,-0.32700950304140264,-1.4200347105609339,1.2360386848449707,-1.3860686461078089,-1.571026627217428,2.738020658493042,0.0,0.0,-0.0,0.0,0.0,0.0,-0.3269763107061618,-1.4200778529870624,1.2360365981517154,-1.3860805172891215,-1.5709488373030454,2.738012035450051,-0.00011385289460076953,-6.946768099690862e-05,8.195706264679774e-05,-7.29810721643556e-05,8.222158835072946e-05,0.00013848543394350953,-0.0006537958182241839,-8.035149167866972,-6.268943857245111,-0.9627227473337177,-5.18405340737533e-05,6.213865834799657e-07,28.0,28.0,14.0,6.0,6.0,6.0
0.19982266105525204,1.0,6.86425889883622e-06,2.731663702700907e-05,-0.34995246045417305,0.000112340038310112,0.22384045478625345,-0.34995246045417305,0.000112340038310112,0.22384045478625345,-0.3499500519558009,0.00010835059131303728,0.22384549477618193,-0.3270214239703577,-1.420046631489889,1.2360267639160156,-1.386045281087057,-1.5709903875934046,2.738044500350952,0.0,0.0,-0.0,0.0,0.0,0.0,-0.3269767615382464,-1.4200781181708502,1.2360369245856295,-1.38608080544075,-1.570948500134118,2.7380125476923127,-0.00011270802115499385,-6.629594698114851e-05,8.16084785172247e-05,-7.203790715186228e-05,8.429223187542733e-05,0.00012806056552471578,-0.00039644755873971587,-8.034742458959034,-6.268791648190616,-0.9627053427760439,-4.492581919517996e-05,1.5995972919083126e-07,28.0,28.0,14.0,6.0,6.0,6.0
0.20382266105525204,1.0,6.86425889883622e-06,2.731663702700907e-05,-0.34995246045417305,0.000112340038310112,0.22384045478625345,-0.34995246045417305,0.000112340038310112,0.22384045478625345,-0.3499500519558009,0.00010835059131303728,0.22384549477618193,-0.3270214239703577,-1.420046631489889,1.2360267639160156,-1.386045281087057,-1.5709903875934046,2.738044500350952,0.0,0.0,-0.0,0.0,0.0,0.0,-0.3269772080656069,-1.4200783714289182,1.2360372497088672,-1.3860810900460783,-1.5709481551795708,2.7380130207370694,-0.0001116318401159647,-6.331451700633401e-05,8.128080943542604e-05,-7.115133204011857e-05,8.623863678864332e-05,0.00011826118921104966,-0.00039644755873971587,-8.034742458959034,-6.268791648190616,-0.9627053427760439,-4.492581919517996e-05,1.5995972919083126e-07,28.0,28.0,14.0,6.0,6.0,6.0
0.20842005505482675,1.0,6.86425889883622e-06,2.731663702700907e-05,-0.34995246045417305,0.000112340038310112,0.22384045478625345,-0.34995246045417305,0.000112340038310112,0.22384045478625345,-0.3499500519558009,0.00010835059131303728,0.22384549477618193,-0.3270214239703577,-1.420046631489889,1.2360267639160156,-1.386045281087057,-1.5709903875934046,2.738044500350952,0.0,0.0,-0.0,0.0,0.0,0.0,-0.3269776505465266,-1.4200786134768095,1.2360375736000693,-1.3860813713178841,-1.5709478029065411,2.738013456936171,-0.0001106202299392773,-6.0511972830008374e-05,8.09728004985353e-05,-7.031795143507948e-05,8.806825740706636e-05,0.00010904977547620351,-0.00039644755873971587,-8.034742458959034,-6.268791648190616,-0.9627053427760439,-4.492581919517996e-05,1.5995972919083126e-07,28.0,28.0,14.0,6.0,6.0,6.0
0.21242005505482675,1.0,2.061937732256228e-05,5.898706298115294e-05,-0.34995246045417305,0.000112340038310112,0.22384045478625345,-0.34995246045417305,0.000112340038310112,0.22384045478625345,-0.349949520840044,0.00011250949306530117,0.223860862840424,-0.327033821736471,-1.4200823942767542,1.2360148429870605,-1.386045281087057,-1.5709903875934046,2.738020658493042,0.0,0.0,-0.0,0.0,0.0,0.0,-0.32697808211227714,-1.4200787985621053,1.2360378616895418,-1.3860816063262338,-1.5709474437571922,2.738013878796132,-0.00010789143762460619,-4.6271323939738096e-05,7.202236811924384e-05,-5.875208743521342e-05,8.97873372082411e-05,0.00010546499017892402,-0.0005818737522916198,-8.033218985476475,-6.268424874735421,-0.9626577332170676,-4.17323393859872e-05,3.0750411504406834e-07,28.0,28.0,14.0,6.0,6.0,6.0
0.21744014406576762,1.0,2.061937732256228e-05,5.898706298115294e-05,-0.34995246045417305,0.000112340038310112,0.22384045478625345,-0.34995246045417305,0.000112340038310112,0.22384045478625345,-0.349949520840044,0.00011250949306530117,0.223860862840424,-0.327033821736471,-1.4200823942767542,1.2360148429870605,-1.386045281087057,-1.5709903875934046,2.738020658493042,0.0,0.0,-0.0,0.0,0.0,0.0,-0.3269785034177685,-1.4200789301025611,1.2360381161253886,-1.3860817978469349,-1.5709470781441033,2.7380142871773,-0.00010532637284881535,-3.288511398288404e-05,6.360896168270986e-05,-4.788017527533933e-05,9.140327222134537e-05,0.0001020952919994813,-0.0005818737522916198,-8.033218985476475,-6.268424874735421,-0.9626577332170676,-4.17323393859872e-05,3.0750411504406834e-07,28.0,28.0,14.0,6.0,6.0,6.0
0.22144014406576762,1.0,2.061937732256228e-05,5.898706298115294e-05,-0.34995246045417305,0.000112340038310112,0.22384045478625345,-0.34995246045417305,0.000112340038310112,0.22384045478625345,-0.349949520840044,0.00011250949306530117,0.223860862840424,-0.327033821736471,-1.4200823942767542,1.2360148429870605,-1.386045281087057,-1.5709903875934046,2.738020658493042,0.0,0.0,-0.0,0.0,0.0,0.0,-0.3269789150786164,-1.4200790113108677,1.2360383389268272,-1.3860819484892462,-1.5709467064550988,2.738014682888403,-0.00010291521195957196,-2.030207662344122e-05,5.5700359632367924e-05,-3.766057784505768e-05,9.292225113366337e-05,9.892777571080513e-05,-0.0005818737522916198,-8.033218985476475,-6.268424874735421,-0.9626577332170676,-4.17323393859872e-05,3.0750411504406834e-07,28.0,28.0,14.0,6.0,6.0,6.0
0.22683068406395623,1.0,1.8708880856104197e-05,9.241146110769113e-05,-0.34995246045417305,0.000112340038310112,0.22384045478625345,-0.34995246045417305,0.000112340038310112,0.22384045478625345,-0.34996001610736266,0.00010483641425546768,0.22382507200517157,-0.32700950304140264,-1.4199865500079554,1.2360386848449707,-1.386080567036764,-1.5709779898272913,2.7379846572875977,0.0,0.0,-0.0,0.0,0.0,0.0,-0.32697932715134664,-1.4200791437956013,1.2360385890300383,-1.3860821163382013,-1.5709463433264206,2.738015126699403,-0.00010301818256279406,-3.312118338237028e-05,6.252580277543356e-05,-4.196223879234365e-05,9.078216956408921e-05,0.00011095274996840315,-7.725323929292152e-05,-8.036889109413512,-6.269320919352217,-0.9627653493265689,-4.668167188701551e-05,1.0859706862691481e-06,28.0,28.0,14.0,6.0,6.0,6.0
0.23083068406395624,1.0,1.8708880856104197e-05,9.241146110769113e-05,-0.34995246045417305,0.000112340038310112,0.22384045478625345,-0.34995246045417305,0.000112340038310112,0.22384045478625345,-0.34996001610736266,0.00010483641425546768,0.22382507200517157,-0.32700950304140264,-1.4199865500079554,1.2360386848449707,-1.386080567036764,-1.5709779898272913,2.7379846572875977,0.0,0.0,-0.0,0.0,0.0,0.0,-0.3269797396112464,-1.4200793244801762,1.2360388647969156,-1.3860823003614016,-1.570945988244449,2.738015615724306,-0.00010311497492982283,-4.51711437357636e-05,6.894171932991526e-05,-4.6005800082792455e-05,8.87704928886895e-05,0.00012225622577054527,-7.725323929292152e-05,-8.036889109413512,-6.269320919352217,-0.9627653493265689,-4.668167188701551e-05,1.0859706862691481e-06,28.0,28.0,14.0,6.0,6.0,6.0
0.23528322207112806,1.0,1.8708880856104197e-05,9.241146110769113e-05,-0.34995246045417305,0.000112340038310112,0.22384045478625345,-0.34995246045417305,0.000112340038310112,0.22384045478625345,-0.34996001610736266,0.00010483641425546768,0.22382507200517157,-0.32700950304140264,-1.4199865500079554,1.2360386848449707,-1.386080567036764,-1.5709779898272913,2.7379846572875977,0.0,0.0,-0.0,0.0,0.0,0.0,-0.3269801524350854,-1.420079550472602,1.2360391646876392,-1.3860824995883922,-1.5709456407263818,2.738016147250278,-0.00010320595975482988,-5.6498106467953316e-05,7.497268089112805e-05,-4.980674769581433e-05,8.687951681381377e-05,0.00013288149302455887,-7.725323929292152e-05,-8.036889109413512,-6.269320919352217,-0.9627653493265689,-4.668167188701551e-05,1.0859706862691481e-06,28.0,28.0,14.0,6.0,6.0,6.0
0.23928322207112807,1.0,2.2618742903956867e-05,0.0001053811932190562,-0.34995246045417305,0.000112340038310112,0.22384045478625345,-0.34995246045417305,0.000112340038310112,0.22384045478625345,-0.3499501202480086,9.168521617661663e-05,0.22383153798815678,-0.3269737402545374,-1.4200227896319788,1.2360506057739258,-1.3860567251788538,-1.5709903875934046,2.738008499145508,0.0,0.0,-0.0,0.0,0.0,0.0,-0.32698059063811563,-1.4200798003383293,1.2360394828072676,-1.3860827268371916,-1.5709452860281266,2.7380167074228186,-0.00010955075756512111,-6.246643180466232e-05,7.952990710258123e-05,-5.681219980892104e-05,8.86745638042183e-05,0.0001400431351048352,-0.0006798351555750524,-8.035747327586149,-6.269120388466913,-0.9627531421774328,-5.7223723982277345e-05,1.2397809209632457e-06,28.0,28.0,14.0,6.0,6.0,6.0
0.243620587053476,1.0,2.2618742903956867e-05,0.0001053811932190562,-0.34995246045417305,0.000112340038310112,0.22384045478625345,-0.34995246045417305,0.000112340038310112,0.22384045478625345,-0.3499501202480086,9.168521617661663e-05,0.22383153798815678,-0.3269737402545374,-1.4200227896319788,1.2360506057739258,-1.3860567251788538,-1.5709903875934046,2.738008499145508,0.0,0.0,-0.0,0.0,0.0,0.0,-0.32698105269758565,-1.4200800726449598,1.2360398180620666,-1.3860829804264907,-1.5709449245804947,2.738017294523133,-0.00011551486750679488,-6.807665762116877e-05,8.381369974134721e-05,-6.339732479524135e-05,9.036190797519857e-05,0.00014677507866029497,-0.0006798351555750524,-8.035747327586149,-6.269120388466913,-0.9627531421774328,-5.7223723982277345e-05,1.2397809209632457e-06,28.0,28.0,14.0,6.0,6.0,6.0
0.247620587053476,1.0,2.2618742903956867e-05,0.0001053811932190562,-0.34995246045417305,0.000112340038310112,0.22384045478625345,-0.34995246045417305,0.000112340038310112,0.22384045478625345,-0.3499501202480086,9.168521617661663e-05,0.22383153798815678,-0.3269737402545374,-1.4200227896319788,1.2360506057739258,-1.3860567251788538,-1.5709903875934046,2.738008499145508,0.0,0.0,-0.0,0.0,0.0,0.0,-0.32698153718210904,-1.4200803660460395,1.236040169423926,-1.3860832587758598,-1.5709445567884488,2.7380179069355557,-0.00012112113085196821,-7.335026988868484e-05,8.784046482178723e-05,-6.958734228238243e-05,9.194801149592e-05,0.00015310310560242714,-0.0006798351555750524,-8.035747327586149,-6.269120388466913,-0.9627531421774328,-5.7223723982277345e-05,1.2397809209632457e-06,28.0,28.0,14.0,6.0,6.0,6.0
0.2526679840721191,1.0,1.1736412926407096e-05,7.709040533703009e-05,-0.34995246045417305,0.000112340038310112,0.22384045478625345,-0.34995246045417305,0.000112340038310112,0.22384045478625345,-0.3499531455458674,0.00010105555360383545,0.22384360668134423,-0.32699758211244756,-1.4200227896319788,1.2360029220581055,-1.3860333601581019,-1.5709903875934046,2.738008499145508,0.0,0.0,-0.0,0.0,0.0,0.0,-0.32698202904349993,-1.4200806659689502,1.2360405420146117,-1.3860835517852208,-1.570944183040484,2.7380185293785653,-0.00012296534772029288,-7.498072767911479e-05,9.314767138583264e-05,-7.32523402547592e-05,9.343699121932285e-05,0.000155610752376935,-0.0005203734273400409,-8.035286187883802,-6.268833856870802,-0.9627097511028261,-5.107371900606853e-05,9.321067567991135e-07,28.0,28.0,14.0,6.0,6.0,6.0
0.2566679840721191,1.0,1.1736412926407096e-05,7.709040533703009e-05,-0.34995246045417305,0.000112340038310112,0.22384045478625345,-0.34995246045417305,0.000112340038310112,0.22384045478625345,-0.3499531455458674,0.00010105555360383545,0.22384360668134423,-0.32699758211244756,-1.4200227896319788,1.2360029220581055,-1.3860333601581019,-1.5709903875934046,2.738008499145508,0.0,0.0,-0.0,0.0,0.0,0.0,-0.3269825278391462,-1.4200809720223821,1.236040934560394,-1.3860838585749742,-1.5709438036939554,2.738019161250327,-0.00012469891157651806,-7.651335800211895e-05,9.813644555603533e-05,-7.669743834879337e-05,9.483663215932154e-05,0.00015796794034497237,-0.0005203734273400409,-8.035286187883802,-6.268833856870802,-0.9627097511028261,-5.107371900606853e-05,9.321067567991135e-07,28.0,28.0,14.0,6.0,6.0,6.0
0.261678574087564,1.0,1.1736412926407096e-05,7.709040533703009e-05,-0.34995246045417305,0.000112340038310112,0.22384045478625345,-0.34995246045417305,0.000112340038310112,0.22384045478625345,-0.3499531455458674,0.00010105555360383545,0.22384360668134423,-0.32699758211244756,-1.4200227896319788,1.2360029220581055,-1.3860333601581019,-1.5709903875934046,2.738008499145508,0.0,0.0,-0.0,0.0,0.0,0.0,-0.32698303315299265,-1.4200812838385042,1.2360413458639672,-1.3860841783182964,-1.5709434190847769,2.738019801985115,-0.00012632846160136975,-7.795403050574285e-05,0.00010282589327602585,-7.993583055718549e-05,9.61522946429203e-05,0.00016018369703492752,-0.0005203734273400409,-8.035286187883802,-6.268833856870802,-0.9627097511028261,-5.107371900606853e-05,9.321067567991135e-07,28.0,28.0,14.0,6.0,6.0,6.0
0.265678574087564,1.0,8.02165927851487e-06,1.6520139948546527e-05,-0.34995246045417305,0.000112340038310112,0.22384045478625345,-0.34995246045417305,0.000112340038310112,0.22384045478625345,-0.3499462492620931,0.00011702225930019714,0.22384241563227664,-0.32705766359438115,-1.420058552418844,1.2360506057739258,-1.386045281087057,-1.5709779898272913,2.738020658493042,0.0,0.0,-0.0,0.0,0.0,0.0,-0.326983505590474,-1.4200815784322507,1.23604174495519,-1.3860845030408357,-1.5709430438269447,2.7380204068332747,-0.00011810937033981063,-7.364843662266433e-05,9.97728056787157e-05,-8.1180634813551e-05,9.381445803946967e-05,0.00015121203988922074,5.624170629940855e-05,-8.034814064253261,-6.268860402779701,-0.962715016053357,-3.426399833545034e-05,2.5987734335033625e-11,28.0,28.0,14.0,6.0,6.0,6.0
0.2703234620750883,1.0,8.02165927851487e-06,1.6520139948546527e-05,-0.34995246045417305,0.000112340038310112,0.22384045478625345,-0.34995246045417305,0.000112340038310112,0.22384045478625345,-0.3499462492620931,0.00011702225930019714,0.22384241563227664,-0.32705766359438115,-1.420058552418844,1.2360506057739258,-1.386045281087057,-1.5709779898272913,2.738020658493042,0.0,0.0,-0.0,0.0,0.0,0.0,-0.3269839471241722,-1.4200818568369642,1.2360421325668032,-1.386084832443839,-1.5709426773593782,2.7380209779480036,-0.00011038342455394508,-6.960117837257053e-05,9.690290333724415e-05,-8.235075081453459e-05,9.161689163222607e-05,0.00014277868217225635,5.624170629940855e-05,-8.034814064253261,-6.268860402779701,-0.962715016053357,-3.426399833545034e-05,2.5987734335033625e-11,28.0,28.0,14.0,6.0,6.0,6.0
0.2743234620750883,1.0,9.583555020536308e-06,5.3745470521987205e-05,-0.34995246045417305,0.000112340038310112,0.22384045478625345,-0.34995246045417305,0.000112340038310112,0.22384045478625345,-0.3499501404608698,0.00010304181728920537,0.22384052720000153,-0.3270214239703577,-1.4200347105609339,1.2360267639160156,-1.3860333601581019,-1.5709660688983362,2.738008499145508,0.0,0.0,-0.0,0.0,0.0,0.0,-0.32698437614203607,-1.4200821381280575,1.2360425310358631,-1.386085183514333,-1.570942332871693,2.7380215565752737,-0.00010725446596369649,-7.032277333792124e-05,9.961726500436255e-05,-8.776762351463851e-05,8.612192130762478e-05,0.0001446568175236506,-0.00014088740375282503,-8.035301932884757,-6.26889884136844,-0.9627204975115511,-4.234686665347371e-05,6.24513970379107e-07,28.0,28.0,14.0,6.0,6.0,6.0
0.27951927707484003,1.0,9.583555020536308e-06,5.3745470521987205e-05,-0.34995246045417305,0.000112340038310112,0.22384045478625345,-0.34995246045417305,0.000112340038310112,0.22384045478625345,-0.3499501404608698,0.00010304181728920537,0.22384052720000153,-0.3270214239703577,-1.4200347105609339,1.2360267639160156,-1.3860333601581019,-1.5709660688983362,2.738008499145508,0.0,0.0,-0.0,0.0,0.0,0.0,-0.3269847933950156,-1.420082422132348,1.236042939710923,-1.3860855549522686,-1.570942009045096,2.7380221422643327,-0.00010431324488886281,-7.100107260535091e-05,0.00010216876497145385,-9.285948385273618e-05,8.095664920249957e-05,0.00014642226475396116,-0.00014088740375282503,-8.035301932884757,-6.26889884136844,-0.9627204975115511,-4.234686665347371e-05,6.24513970379107e-07,28.0,28.0,14.0,6.0,6.0,6.0
0.28351927707484004,1.0,9.583555020536308e-06,5.3745470521987205e-05,-0.34995246045417305,0.000112340038310112,0.22384045478625345,-0.34995246045417305,0.000112340038310112,0.22384045478625345,-0.3499501404608698,0.00010304181728920537,0.22384052720000153,-0.3270214239703577,-1.4200347105609339,1.2360267639160156,-1.3860333601581019,-1.5709660688983362,2.738008499145508,0.0,0.0,-0.0,0.0,0.0,0.0,-0.32698519958900396,-1.4200827086870438,1.2360433579796226,-1.386085945535599,-1.5709417046399223,2.7380227345914734,-0.00010154849707851916,-7.16386739167348e-05,0.00010456717494051966,-9.7645832570548e-05,7.610129342368186e-05,0.00014808178515045308,-0.00014088740375282503,-8.035301932884757,-6.26889884136844,-0.9627204975115511,-4.234686665347371e-05,6.24513970379107e-07,28.0,28.0,14.0,6.0,6.0,6.0
0.2884277550787666,1.0,9.583555020536308e-06,5.3745470521987205e-05,-0.34995246045417305,0.000112340038310112,0.22384045478625345,-0.34995246045417305,0.000112340038310112,0.22384045478625345,-0.3499501404608698,0.00010304181728920537,0.22384052720000153,-0.3270214239703577,-1.4200347105609339,1.2360267639160156,-1.3860333601581019,-1.5709660688983362,2.738008499145508,0.0,0.0,-0.0,0.0,0.0,0.0,-0.3269855953875405,-1.4200829976391203,1.236043785266344,-1.3860863541156003,-1.5709414184908863,2.7380233331584107,-9.894963413679612e-05,-7.223801914943565e-05,0.00010682168031144154,-0.00010214500036529111,7.153725899159322e-05,0.0001496417343231555,-0.00014088740375282503,-8.035301932884757,-6.26889884136844,-0.9627204975115511,-4.234686665347371e-05,6.24513970379107e-07,28.0,28.0,14.0,6.0,6.0,6.0
0.2924277550787666,1.0,8.040861757870371e-06,7.702348963391787e-05,-0.34995246045417305,0.000112340038310112,0.22384045478625345,-0.34995246045417305,0.000112340038310112,0.22384045478625345,-0.34994924940813366,0.00010496815677444706,0.22384045672691683,-0.32699758211244756,-1.420046631489889,1.2360506057739258,-1.3860686461078089,-1.5710142294513147,2.738020658493042,0.0,0.0,-0.0,0.0,0.0,0.0,-0.3269860124809151,-1.4200832776553203,1.2360441967944495,-1.3860867396616412,-1.570941094028732,2.738023919982445,-0.00010427334364505678,-7.000405002660682e-05,0.00010288202638059941,-9.638651021623704e-05,8.111553857403713e-05,0.00014670600860517804,-0.0007667380152071267,-8.034826575082354,-6.268922012439993,-0.9627244565770319,-5.3603007096291214e-05,7.751951336341244e-07,28.0,28.0,14.0,6.0,6.0,6.0
0.29690047807665554,1.0,8.040861757870371e-06,7.702348963391787e-05,-0.34995246045417305,0.000112340038310112,0.22384045478625345,-0.34995246045417305,0.000112340038310112,0.22384045478625345,-0.34994924940813366,0.00010496815677444706,0.22384045672691683,-0.32699758211244756,-1.420046631489889,1.2360506057739258,-1.3860686461078089,-1.5710142294513147,2.738020658493042,0.0,0.0,-0.0,0.0,0.0,0.0,-0.3269864495914374,-1.4200835492717965,1.2360445935094564,-1.3860871035557591,-1.5709407335522465,2.7380244957681508,-0.0001092776305828218,-6.790411905114772e-05,9.917875168560782e-05,-9.097352947612622e-05,9.011912138153442e-05,0.00014394642643027924,-0.0007667380152071267,-8.034826575082354,-6.268922012439993,-0.9627244565770319,-5.3603007096291214e-05,7.751951336341244e-07,28.0,28.0,14.0,6.0,6.0,6.0
0.30090047807665554,1.0,9.169307302039438e-06,4.498606517536214e-05,-0.34995246045417305,0.000112340038310112,0.22384045478625345,-0.34995246045417305,0.000112340038310112,0.22384045478625345,-0.34995157563317586,0.0001199957997800886,0.22384542294532064,-0.3270457426654261,-1.420058552418844,1.2360506057739258,-1.386080567036764,-1.5710023085223597,2.738020658493042,0.0,0.0,-0.0,0.0,0.0,0.0,-0.32698687354001715,-1.4200837910448583,1.236044952998862,-1.3860874182849572,-1.5709403529671497,2.7380250376754347,-0.00010598714493074929,-6.044326546207163e-05,8.987235138933572e-05,-7.868229952676216e-05,9.514627420118556e-05,0.00013547682094791342,-0.00031687646732337575,-8.03445696496349,-6.268824335628891,-0.9627051138811326,-3.991803893539127e-05,1.5375080402249147e-07,28.0,28.0,14.0,6.0,6.0,6.0
0.3059953690832482,1.0,9.169307302039438e-06,4.498606517536214e-05,-0.34995246045417305,0.000112340038310112,0.22384045478625345,-0.34995246045417305,0.000112340038310112,0.22384045478625345,-0.34995157563317586,0.0001199957997800886,0.22384542294532064,-0.3270457426654261,-1.420058552418844,1.2360506057739258,-1.386080567036764,-1.5710023085223597,2.738020658493042,0.0,0.0,-0.0,0.0,0.0,0.0,-0.3269872851163708,-1.4200840047651107,1.2360452774962025,-1.3860876867991307,-1.5709399534799584,2.738025547737002,-0.00010289408841780112,-5.3430063088340116e-05,8.112433511083995e-05,-6.712854337435995e-05,9.987179785165765e-05,0.00012751539179448957,-0.00031687646732337575,-8.03445696496349,-6.268824335628891,-0.9627051138811326,-3.991803893539127e-05,1.5375080402249147e-07,28.0,28.0,14.0,6.0,6.0,6.0
0.3099953690832482,1.0,9.169307302039438e-06,4.498606517536214e-05,-0.34995246045417305,0.000112340038310112,0.22384045478625345,-0.34995246045417305,0.000112340038310112,0.22384045478625345,-0.34995157563317586,0.0001199957997800886,0.22384542294532064,-0.3270457426654261,-1.420058552418844,1.2360506057739258,-1.386080567036764,-1.5710023085223597,2.738020658493042,0.0,0.0,-0.0,0.0,0.0,0.0,-0.326987685062832,-1.4200841921157221,1.2360455691010017,-1.386087911871181,-1.570939536224798,2.7380260278635955,-9.998661529562985e-05,-4.6837652857032485e-05,7.290119980905392e-05,-5.626801259110187e-05,0.0001043137900831014,0.00012003164839027115,-0.00031687646732337575,-8.03445696496349,-6.268824335628891,-0.9627051138811326,-3.991803893539127e-05,1.5375080402249147e-07,28.0,28.0,14.0,6.0,6.0,6.0
0.31469606107543235,1.0,9.169307302039438e-06,4.498606517536214e-05,-0.34995246045417305,0.000112340038310112,0.22384045478625345,-0.34995246045417305,0.000112340038310112,0.22384045478625345,-0.34995157563317586,0.0001199957997800886,0.22384542294532064,-0.3270457426654261,-1.420058552418844,1.2360506057739258,-1.386080567036764,-1.5710023085223597,2.738020658493042,0.0,0.0,-0.0,0.0,0.0,0.0,-0.3269880740771942,-1.420084354678871,1.2360458297868122,-1.3860880961076356,-1.5709391022677468,2.738026479851314,-9.725359056078886e-05,-4.064078723960332e-05,6.517145262537505e-05,-4.605911365483928e-05,0.00010848926278065853,0.00011299692959030584,-0.00031687646732337575,-8.03445696496349,-6.268824335628891,-0.9627051138811326,-3.991803893539127e-05,1.5375080402249147e-07,28.0,28.0,14.0,6.0,6.0,6.0
0.31869606107543236,1.0,3.7616696911893476e-06,6.146048920997132e-05,-0.34995246045417305,0.000112340038310112,0.22384045478625345,-0.34995246045417305,0.000112340038310112,0.22384045478625345,-0.349953874797992,0.00011070918153311473,0.22384353538629245,-0.32700950304140264,-1.4200347105609339,1.2360267639160156,-1.3860686461078089,-1.5710142294513147,2.738032579421997,0.0,0.0,-0.0,0.0,0.0,0.0,-0.32698847793920105,-1.4200845161623648,1.2360460878898059,-1.3860882599445319,-1.57093863886988,2.7380269082796387,-0.00010096550170792054,-4.037087341158454e-05,6.452574839367381e-05,-4.095922407118843e-05,0.0001158494666810614,0.00010710708119344455,-0.0006350854493051061,-8.034952668984086,-6.268864253614999,-0.9627106014423454,-5.052724733060499e-05,4.675481811685652e-07,28.0,28.0,14.0,6.0,6.0,6.0
0.32376483107404797,1.0,3.7616696911893476e-06,6.146048920997132e-05,-0.34995246045417305,0.000112340038310112,0.22384045478625345,-0.34995246045417305,0.000112340038310112,0.22384045478625345,-0.349953874797992,0.00011070918153311473,0.22384353538629245,-0.32700950304140264,-1.4200347105609339,1.2360267639160156,-1.3860686461078089,-1.5710142294513147,2.738032579421997,0.0,0.0,-0.0,0.0,0.0,0.0,-0.3269888957579938,-1.4200846766309825,1.2360463435649516,-1.3860884046058433,-1.5709381477976467,2.7380273145621334,-0.00010445469818622432,-4.011715441324689e-05,6.391878641587465e-05,-3.6165327862556626e-05,0.0001227680583474401,0.00010157062370039494,-0.0006350854493051061,-8.034952668984086,-6.268864253614999,-0.9627106014423454,-5.052724733060499e-05,4.675481811685652e-07,28.0,28.0,14.0,6.0,6.0,6.0
0.32776483107404797,1.0,1.9217642073965308e-05,3.813895662142632e-05,-0.34995246045417305,0.000112340038310112,0.22384045478625345,-0.34995246045417305,0.000112340038310112,0.22384045478625345,-0.3499532615108573,9.313909888239452e-05,0.22384045438034297,-0.32699758211244756,-1.420046631489889,1.2360506057739258,-1.3860686461078089,-1.5709541479693812,2.738044500350952,0.0,0.0,-0.0,0.0,0.0,0.0,-0.32698931190158087,-1.420084825498558,1.2360465815995898,-1.3860885402603371,-1.5709376999026181,2.7380277148217944,-0.00010403589677651808,-3.721689390869861e-05,5.9508659567432626e-05,-3.391362347179372e-05,0.0001119737571769898,0.00010006491525539843,-0.0004605237875984922,-8.034806829797311,-6.268918277472719,-0.9627244426721647,-4.723665363614852e-05,4.675779502637774e-07,28.0,28.0,14.0,6.0,6.0,6.0
0.33276592107536285,1.0,1.9217642073965308e-05,3.813895662142632e-05,-0.34995246045417305,0.000112340038310112,0.22384045478625345,-0.34995246045417305,0.000112340038310112,0.22384045478625345,-0.3499532615108573,9.313909888239452e-05,0.22384045438034297,-0.32699758211244756,-1.420046631489889,1.2360506057739258,-1.3860686461078089,-1.5709541479693812,2.738044500350952,0.0,0.0,-0.0,0.0,0.0,0.0,-0.3269897264704747,-1.4200849634611543,1.2360468030521512,-1.3860886674484225,-1.5709372925941618,2.7380281094199916,-0.00010364222345139421,-3.449064903442324e-05,5.536314032989712e-05,-3.179702134447659e-05,0.00010182711407676652,9.86495493171017e-05,-0.0004605237875984922,-8.034806829797311,-6.268918277472719,-0.9627244426721647,-4.723665363614852e-05,4.675779502637774e-07,28.0,28.0,14.0,6.0,6.0,6.0
0.33676592107536285,1.0,1.9217642073965308e-05,3.813895662142632e-05,-0.34995246045417305,0.000112340038310112,0.22384045478625345,-0.34995246045417305,0.000112340038310112,0.22384045478625345,-0.3499532615108573,9.313909888239452e-05,0.22384045438034297,-0.32699758211244756,-1.420046631489889,1.2360506057739258,-1.3860686461078089,-1.5709541479693812,2.738044500350952,0.0,0.0,-0.0,0.0,0.0,0.0,-0.3269901395591568,-1.4200850911730698,1.2360470089175601,-1.386088786678084,-1.5709369234370836,2.738028498696413,-0.00010327217052577778,-3.192797885260439e-05,5.146635224661375e-05,-2.9807415344798486e-05,9.228926956255664e-05,9.731910533510279e-05,-0.0004605237875984922,-8.034806829797311,-6.268918277472719,-0.9627244426721647,-4.723665363614852e-05,4.675779502637774e-07,28.0,28.0,14.0,6.0,6.0,6.0
0.34144168004882536,1.0,1.2424020562786078e-05,8.500554141510569e-05,-0.34995246045417305,0.000112340038310112,0.22384045478625345,-0.34995246045417305,0.000112340038310112,0.22384045478625345,-0.3499485083182378,0.00010093312264686001,0.22384339063085856,-0.32700950304140264,-1.420058552418844,1.2360506057739258,-1.3860567251788538,-1.5709779898272913,2.7379846572875977,0.0,0.0,-0.0,0.0,0.0,0.0,-0.32699055299636415,-1.4200852065491938,1.2360472050086166,-1.3860889060085584,-1.5709365626878513,2.738028936436743,-0.00010335930183282808,-2.8844030976443558e-05,4.902276410805293e-05,-2.9832618600854628e-05,9.018730806325605e-05,0.00010943508252428059,-0.0005045962677670404,-8.0345100752669,-6.268837393322465,-0.9627156464167421,-4.66885056483816e-05,1.0858885381474638e-06,28.0,28.0,14.0,6.0,6.0,6.0
0.34544168004882536,1.0,1.2424020562786078e-05,8.500554141510569e-05,-0.34995246045417305,0.000112340038310112,0.22384045478625345,-0.34995246045417305,0.000112340038310112,0.22384045478625345,-0.3499485083182378,0.00010093312264686001,0.22384339063085856,-0.32700950304140264,-1.420058552418844,1.2360506057739258,-1.3860567251788538,-1.5709779898272913,2.7379846572875977,0.0,0.0,-0.0,0.0,0.0,0.0,-0.3269909667611852,-1.4200853103296738,1.2360473919117816,-1.386089025433797,-1.5709362098419943,2.7380294197331474,-0.00010344120526145538,-2.594511997285238e-05,4.672579125780576e-05,-2.98563096615474e-05,8.82114642539135e-05,0.00012082410108210773,-0.0005045962677670404,-8.0345100752669,-6.268837393322465,-0.9627156464167421,-4.66885056483816e-05,1.0858885381474638e-06,28.0,28.0,14.0,6.0,6.0,6.0
0.35039052806328996,1.0,1.2424020562786078e-05,8.500554141510569e-05,-0.34995246045417305,0.000112340038310112,0.22384045478625345,-0.34995246045417305,0.000112340038310112,0.22384045478625345,-0.3499485083182378,0.00010093312264686001,0.22384339063085856,-0.32700950304140264,-1.420058552418844,1.2360506057739258,-1.3860567251788538,-1.5709779898272913,2.7379846572875977,0.0,0.0,-0.0,0.0,0.0,0.0,-0.3269913808339632,-1.4200854032102483,1.2360475701783287,-1.386089144948114,-1.57093586442531,2.7380299458522614,-0.00010351819448436503,-2.322014362947667e-05,4.456663677857342e-05,-2.9878579258598608e-05,8.63541710731315e-05,0.00013152977852646524,-0.0005045962677670404,-8.0345100752669,-6.268837393322465,-0.9627156464167421,-4.66885056483816e-05,1.0858885381474638e-06,28.0,28.0,14.0,6.0,6.0,6.0
0.35439052806328997,1.0,2.1499890621842743e-05,8.666274256290922e-05,-0.34995246045417305,0.000112340038310112,0.22384045478625345,-0.34995246045417305,0.000112340038310112,0.22384045478625345,-0.34994759539576753,0.0001006234712859344,0.22382309683243884,-0.32700950304140264,-1.4200108687030237,1.2360625267028809,-1.386045281087057,-1.5709779898272913,2.738020658493042,0.0,0.0,-0.0,0.0,0.0,0.0,-0.3269917951734951,-1.4200855517947366,1.23604779529197,-1.3860893353808266,-1.5709355259933369,2.738030470773577,-0.0001035848829835978,-3.714612207027193e-05,5.627841030711759e-05,-4.760817814931287e-05,8.46079932569635e-05,0.0001312303289637267,-5.422673392298057e-05,-8.036648706850832,-6.269315408518162,-0.9627771881601211,-4.6681532791558196e-05,6.215476395561757e-07,28.0,28.0,14.0,6.0,6.0,6.0
0.3589416150746403,1.0,2.1499890621842743e-05,8.666274256290922e-05,-0.34995246045417305,0.000112340038310112,0.22384045478625345,-0.34995246045417305,0.000112340038310112,0.22384045478625345,-0.34994759539576753,0.0001006234712859344,0.22382309683243884,-0.32700950304140264,-1.4200108687030237,1.2360625267028809,-1.386045281087057,-1.5709779898272913,2.738020658493042,0.0,0.0,-0.0,0.0,0.0,0.0,-0.3269922097637758,-1.4200857527409039,1.2360480644418796,-1.386089592476831,-1.5709351941269925,2.7380309945689625,-0.0001036475701728766,-5.0236541804619464e-05,6.728747742394911e-05,-6.427400110658427e-05,8.29665861097656e-05,0.00013094884637475246,-5.422673392298057e-05,-8.036648706850832,-6.269315408518162,-0.9627771881601211,-4.6681532791558196e-05,6.215476395561757e-07,28.0,28.0,14.0,6.0,6.0,6.0
0.3629416150746403,1.0,2.1499890621842743e-05,8.666274256290922e-05,-0.34995246045417305,0.000112340038310112,0.22384045478625345,-0.34995246045417305,0.000112340038310112,0.22384045478625345,-0.34994759539576753,0.0001006234712859344,0.22382309683243884,-0.32700950304140264,-1.4200108687030237,1.2360625267028809,-1.386045281087057,-1.5709779898272913,2.738020658493042,0.0,0.0,-0.0,0.0,0.0,0.0,-0.3269926245897603,-1.4200860029070492,1.2360483749858817,-1.3860899122363297,-1.570934868432339,2.7380315173059735,-0.00010370649613079867,-6.254153635490615e-05,7.763600051377073e-05,-7.993987468641939e-05,8.142366339139956e-05,0.0001306842527411167,-5.422673392298057e-05,-8.036648706850832,-6.269315408518162,-0.9627771881601211,-4.6681532791558196e-05,6.215476395561757e-07,28.0,28.0,14.0,6.0,6.0,6.0
0.3680650020781906,1.0,6.728962611571569e-06,2.959793007721972e-05,-0.34995246045417305,0.000112340038310112,0.22384045478625345,-0.34995246045417305,0.000112340038310112,0.22384045478625345,-0.3499562936218983,0.00010774602720393429,0.22384353388108383,-0.3270214239703577,-1.4200347105609339,1.2360267639160156,-1.3860686461078089,-1.5709779898272913,2.738032579421997,0.0,0.0,-0.0,0.0,0.0,0.0,-0.3269930328030565,-1.4200862404585268,1.2360486725810127,-1.386090202366405,-1.5709345485419373,2.7380320184171087,-0.00010205332405935552,-5.93878693985362e-05,7.439878273945649e-05,-7.253251884448271e-05,7.997260045701113e-05,0.0001252777838023603,-0.0003215177985723282,-8.034990688071005,-6.268864907087995,-0.9627095579019677,-4.361209188527267e-05,3.1374241914432493e-07,28.0,28.0,14.0,6.0,6.0,6.0
0.3720650020781906,1.0,6.728962611571569e-06,2.959793007721972e-05,-0.34995246045417305,0.000112340038310112,0.22384045478625345,-0.34995246045417305,0.000112340038310112,0.22384045478625345,-0.3499562936218983,0.00010774602720393429,0.22384353388108383,-0.3270214239703577,-1.4200347105609339,1.2360267639160156,-1.3860686461078089,-1.5709779898272913,2.738032579421997,0.0,0.0,-0.0,0.0,0.0,0.0,-0.32699343480042575,-1.4200864661522166,1.236048958004205,-1.3860904646448224,-1.570934234107532,2.7380324991999205,-0.00010049934231219895,-5.642342245954845e-05,7.13557980316011e-05,-6.556960435306223e-05,7.860860129868599e-05,0.00012019570299992932,-0.0003215177985723282,-8.034990688071005,-6.268864907087995,-0.9627095579019677,-4.361209188527267e-05,3.1374241914432493e-07,28.0,28.0,14.0,6.0,6.0,6.0
0.3771824530935848,1.0,6.728962611571569e-06,2.959793007721972e-05,-0.34995246045417305,0.000112340038310112,0.22384045478625345,-0.34995246045417305,0.000112340038310112,0.22384045478625345,-0.3499562936218983,0.00010774602720393429,0.22384353388108383,-0.3270214239703577,-1.4200347105609339,1.2360267639160156,-1.3860686461078089,-1.5709779898272913,2.738032579421997,0.0,0.0,-0.0,0.0,0.0,0.0,-0.32699383095482365,-1.420086680699586,1.2360492319857745,-1.3860907007426813,-1.5709339248017637,2.7380329608741087,-9.903859946987177e-05,-5.3636842336899965e-05,6.849539240621703e-05,-5.9024464731126983e-05,7.732644208986036e-05,0.00011541854704564417,-0.0003215177985723282,-8.034990688071005,-6.268864907087995,-0.9627095579019677,-4.361209188527267e-05,3.1374241914432493e-07,28.0,28.0,14.0,6.0,6.0,6.0
0.3811824530935848,1.0,1.9202474609184354e-05,6.55519271851148e-05,-0.34995246045417305,0.000112340038310112,0.22384045478625345,-0.34995246045417305,0.000112340038310112,0.22384045478625345,-0.3499540987703761,9.342307523532646e-05,0.22383759131647668,-0.32699758211244756,-1.4200227896319788,1.2360267639160156,-1.386045281087057,-1.5709541479693812,2.738020658493042,0.0,0.0,-0.0,0.0,0.0,0.0,-0.3269942267254788,-1.4200869067445798,1.2360495212109106,-1.3860909568914699,-1.5709336477674978,2.738033440676345,-9.894266378757917e-05,-5.651124845328593e-05,7.230628399960281e-05,-6.403719717035056e-05,6.925856649493586e-05,0.0001199505590128259,-0.0002871810161335989,-8.03555266423676,-6.2689775527619265,-0.9627303307951486,-4.7233357168737674e-05,7.752445063732638e-07,28.0,28.0,14.0,6.0,6.0,6.0
0.38583684010570884,1.0,1.9202474609184354e-05,6.55519271851148e-05,-0.34995246045417305,0.000112340038310112,0.22384045478625345,-0.34995246045417305,0.000112340038310112,0.22384045478625345,-0.3499540987703761,9.342307523532646e-05,0.22383759131647668,-0.32699758211244756,-1.4200227896319788,1.2360267639160156,-1.386045281087057,-1.5709541479693812,2.738020658493042,0.0,0.0,-0.0,0.0,0.0,0.0,-0.32699462213541575,-1.4200871435973406,1.236049824764999,-1.3860912318881324,-1.570933401068444,2.7380339375189457,-9.885248424622413e-05,-5.921319020268873e-05,7.588852209738546e-05,-6.874916566322072e-05,6.167476343570682e-05,0.00012421065026197673,-0.0002871810161335989,-8.03555266423676,-6.2689775527619265,-0.9627303307951486,-4.7233357168737674e-05,7.752445063732638e-07,28.0,28.0,14.0,6.0,6.0,6.0
0.38983684010570885,1.0,1.1249454475835978e-05,3.99737251511084e-05,-0.34995246045417305,0.000112340038310112,0.22384045478625345,-0.34995246045417305,0.000112340038310112,0.22384045478625345,-0.34994769488744626,0.0001048293346087033,0.22384734165271694,-0.3270214239703577,-1.4200704733477991,1.2360506057739258,-1.3860567251788538,-1.5709779898272913,2.738020658493042,0.0,0.0,-0.0,0.0,0.0,0.0,-0.32699501210542353,-1.4200873482447915,1.2360501023071395,-1.3860914868575607,-1.5709331554335149,2.7380344280144477,-9.749250194283256e-05,-5.116186273494958e-05,6.938553514064824e-05,-6.374235705760776e-05,6.14087322418395e-05,0.0001226238755257362,-0.0004666642338214568,-8.03409902543795,-6.268743317914094,-0.9627031484410696,-4.3614736609102496e-05,4.6755101280948926e-07,28.0,28.0,14.0,6.0,6.0,6.0
0.39498634910676644,1.0,1.1249454475835978e-05,3.99737251511084e-05,-0.34995246045417305,0.000112340038310112,0.22384045478625345,-0.34995246045417305,0.000112340038310112,0.22384045478625345,-0.34994769488744626,0.0001048293346087033,0.22384734165271694,-0.3270214239703577,-1.4200704733477991,1.2360506057739258,-1.3860567251788538,-1.5709779898272913,2.738020658493042,0.0,0.0,-0.0,0.0,0.0,0.0,-0.32699539696189783,-1.4200875226192513,1.236050355398049,-1.3860917230013885,-1.5709329107988632,2.738034912543677,-9.62141185776445e-05,-4.359361491527478e-05,6.327272740131526e-05,-5.903595696833159e-05,6.115866291960422e-05,0.00012113230727367012,-0.0004666642338214568,-8.03409902543795,-6.268743317914094,-0.9627031484410696,-4.3614736609102496e-05,4.6755101280948926e-07,28.0,28.0,14.0,6.0,6.0,6.0
0.39898634910676645,1.0,1.1249454475835978e-05,3.99737251511084e-05,-0.34995246045417305,0.000112340038310112,0.22384045478625345,-0.34995246045417305,0.000112340038310112,0.22384045478625345,-0.34994769488744626,0.0001048293346087033,0.22384734165271694,-0.3270214239703577,-1.4200704733477991,1.2360506057739258,-1.3860567251788538,-1.5709779898272913,2.738020658493042,0.0,0.0,-0.0,0.0,0.0,0.0,-0.32699577701165067,-1.4200876685370991,1.2360505855048016,-1.386091941449152,-1.570932667104472,2.738035391464609,-9.501243821436772e-05,-3.647946196478047e-05,5.752668812634226e-05,-5.4611940884411983e-05,6.0923597756703056e-05,0.00011973023311672801,-0.0004666642338214568,-8.03409902543795,-6.268743317914094,-0.9627031484410696,-4.3614736609102496e-05,4.6755101280948926e-07,28.0,28.0,14.0,6.0,6.0,6.0
0.40415129312057996,1.0,1.1249454475835978e-05,3.99737251511084e-05,-0.34995246045417305,0.000112340038310112,0.22384045478625345,-0.34995246045417305,0.000112340038310112,0.22384045478625345,-0.34994769488744626,0.0001048293346087033,0.22384734165271694,-0.3270214239703577,-1.4200704733477991,1.2360506057739258,-1.3860567251788538,-1.5709779898272913,2.738020658493042,0.0,0.0,-0.0,0.0,0.0,0.0,-0.32699615254308534,-1.4200877877057319,1.2360507940064465,-1.386092143262615,-1.570932424293926,2.738035865113743,-9.388285867288755e-05,-2.9792158191315816e-05,5.212541120786764e-05,-5.045336576552755e-05,6.0702636503575963e-05,0.00011841228340920241,-0.0004666642338214568,-8.03409902543795,-6.268743317914094,-0.9627031484410696,-4.3614736609102496e-05,4.6755101280948926e-07,28.0,28.0,14.0,6.0,6.0,6.0
0.40815129312057996,1.0,1.531043192992918e-05,6.891262996000119e-05,-0.34995246045417305,0.000112340038310112,0.22384045478625345,-0.34995246045417305,0.000112340038310112,0.22384045478625345,-0.3499457994437829,9.85639494759563e-05,0.22384096433791592,-0.32699758211244756,-1.420046631489889,1.2360386848449707,-1.3860333601581019,-1.5709903875934046,2.738020658493042,0.0,0.0,-0.0,0.0,0.0,0.0,-0.3269965419916592,-1.4200879167596383,1.2360510223216603,-1.3860923751684555,-1.5709321680285258,2.7380363431084387,-9.736214346214767e-05,-3.2263476602588754e-05,5.707880346913408e-05,-5.797646011615656e-05,6.406635004936408e-05,0.00011949867393828593,-0.0005696717037178189,-8.03494147663508,-6.268876371032206,-0.9627232505677547,-5.107513131871677e-05,7.752499667651908e-07,28.0,28.0,14.0,6.0,6.0,6.0
0.4125587121287828,1.0,1.531043192992918e-05,6.891262996000119e-05,-0.34995246045417305,0.000112340038310112,0.22384045478625345,-0.34995246045417305,0.000112340038310112,0.22384045478625345,-0.3499457994437829,9.85639494759563e-05,0.22384096433791592,-0.32699758211244756,-1.420046631489889,1.2360386848449707,-1.3860333601581019,-1.5709903875934046,2.738020658493042,0.0,0.0,-0.0,0.0,0.0,0.0,-0.32699694452234385,-1.420088055105702,1.236051269261629,-1.3860926353611307,-1.5709318991155625,2.738036825187963,-0.0001006326711640522,-3.458651590918532e-05,6.173499219472454e-05,-6.504816880574783e-05,6.722824078240492e-05,0.00012051988103562442,-0.0005696717037178189,-8.03494147663508,-6.268876371032206,-0.9627232505677547,-5.107513131871677e-05,7.752499667651908e-07,28.0,28.0,14.0,6.0,6.0,6.0
0.4165587121287828,1.0,2.2682622224449713e-05,0.00010726786545368925,-0.34995246045417305,0.000112340038310112,0.22384045478625345,-0.34995246045417305,0.000112340038310112,0.22384045478625345,-0.3499529943039612,9.566550455142695e-05,0.2238250867584258,-0.32699758211244756,-1.4200108687030237,1.2360625267028809,-1.3860686461078089,-1.5709660688983362,2.7379846572875977,0.0,0.0,-0.0,0.0,0.0,0.0,-0.32699735057493406,-1.4200882316416628,1.2360515361169568,-1.3860929230947852,-1.5709316463208296,2.7380373613562203,-0.00010151314756021225,-4.413399018246198e-05,6.671383194267858e-05,-7.193341362068424e-05,6.319868321134367e-05,0.00013404206431714543,-0.00020268375563540792,-8.036386152701052,-6.269288792179456,-0.962770976168016,-4.8494882886564544e-05,1.2398015080614138e-06,28.0,28.0,14.0,6.0,6.0,6.0
0.4216832861320583,1.0,2.2682622224449713e-05,0.00010726786545368925,-0.34995246045417305,0.000112340038310112,0.22384045478625345,-0.34995246045417305,0.000112340038310112,0.22384045478625345,-0.3499529943039612,9.566550455142695e-05,0.2238250867584258,-0.32699758211244756,-1.4200108687030237,1.2360625267028809,-1.3860686461078089,-1.5709660688983362,2.7379846572875977,0.0,0.0,-0.0,0.0,0.0,0.0,-0.32699775993811553,-1.4200884440761268,1.236051821692722,-1.38609323671696,-1.5709314086772332,2.7380379483678867,-0.00010234079537260269,-5.310861599934204e-05,7.139394130575537e-05,-7.840554374672446e-05,5.9410899094546103e-05,0.00014675291660177516,-0.00020268375563540792,-8.036386152701052,-6.269288792179456,-0.962770976168016,-4.8494882886564544e-05,1.2398015080614138e-06,28.0,28.0,14.0,6.0,6.0,6.0
0.4256832861320583,1.0,2.2682622224449713e-05,0.00010726786545368925,-0.34995246045417305,0.000112340038310112,0.22384045478625345,-0.34995246045417305,0.000112340038310112,0.22384045478625345,-0.3499529943039612,9.566550455142695e-05,0.2238250867584258,-0.32699758211244756,-1.4200108687030237,1.2360625267028809,-1.3860686461078089,-1.5709660688983362,2.7379846572875977,0.0,0.0,-0.0,0.0,0.0,0.0,-0.3269981724132528,-1.420088690255184,1.2360521248656986,-1.3860935746743444,-1.570931185275705,2.738038583172358,-0.00010311878431624971,-6.15447642672093e-05,7.579324410704756e-05,-8.448934606520228e-05,5.585038202475638e-05,0.0001587011177493271,-0.00020268375563540792,-8.036386152701052,-6.269288792179456,-0.962770976168016,-4.8494882886564544e-05,1.2398015080614138e-06,28.0,28.0,14.0,6.0,6.0,6.0
0.4304041641335936,1.0,2.2682622224449713e-05,0.00010726786545368925,-0.34995246045417305,0.000112340038310112,0.22384045478625345,-0.34995246045417305,0.000112340038310112,0.22384045478625345,-0.3499529943039612,9.566550455142695e-05,0.2238250867584258,-0.32699758211244756,-1.4200108687030237,1.2360625267028809,-1.3860686461078089,-1.5709660688983362,2.7379846572875977,0.0,0.0,-0.0,0.0,0.0,0.0,-0.3269985878136285,-1.4200889681541584,1.2360524445800536,-1.3860939355068254,-1.570930975261721,2.738039262902065,-0.0001038500939232779,-6.947474363900452e-05,7.992858874026221e-05,-9.020812024457142e-05,5.250349597915405e-05,0.00016993242682802594,-0.00020268375563540792,-8.036386152701052,-6.269288792179456,-0.962770976168016,-4.8494882886564544e-05,1.2398015080614138e-06,28.0,28.0,14.0,6.0,6.0,6.0
0.4344041641335936,1.0,1.3582533309675048e-05,8.500676387809213e-05,-0.34995246045417305,0.000112340038310112,0.22384045478625345,-0.34995246045417305,0.000112340038310112,0.22384045478625345,-0.3499566677805602,9.952848614359544e-05,0.22384208197612093,-0.32699758211244756,-1.4200227896319788,1.2360148429870605,-1.3860567251788538,-1.5709779898272913,2.7379965782165527,0.0,0.0,-0.0,0.0,0.0,0.0,-0.32699901026993355,-1.4200892451183034,1.2360527680527365,-1.3860942818861055,-1.5709307641034154,2.738039966822378,-0.00010561407626110455,-6.924103625873467e-05,8.086817071814959e-05,-8.659482002155995e-05,5.2789576423011074e-05,0.00017598007822878291,-0.000492453144941811,-8.03526584954042,-6.268888955200955,-0.9627146448361865,-4.97609041540813e-05,1.0858884946079783e-06,28.0,28.0,14.0,6.0,6.0,6.0
0.43935301112942415,1.0,1.3582533309675048e-05,8.500676387809213e-05,-0.34995246045417305,0.000112340038310112,0.22384045478625345,-0.34995246045417305,0.000112340038310112,0.22384045478625345,-0.3499566677805602,9.952848614359544e-05,0.22384208197612093,-0.32699758211244756,-1.4200227896319788,1.2360148429870605,-1.3860567251788538,-1.5709779898272913,2.7379965782165527,0.0,0.0,-0.0,0.0,0.0,0.0,-0.3269994393588122,-1.4200895212037086,1.2360530950582476,-1.3860946146793767,-1.5709305518694472,2.73804069348186,-0.0001072722196586616,-6.902135132128102e-05,8.175137777736372e-05,-8.319831781192917e-05,5.305849204023667e-05,0.00018166487054549447,-0.000492453144941811,-8.03526584954042,-6.268888955200955,-0.9627146448361865,-4.97609041540813e-05,1.0858884946079783e-06,28.0,28.0,14.0,6.0,6.0,6.0
0.44335301112942416,1.0,2.1285108961820395e-05,7.321358887470966e-05,-0.34995246045417305,0.000112340038310112,0.22384045478625345,-0.34995246045417305,0.000112340038310112,0.22384045478625345,-0.3499497550052401,9.194978463376522e-05,0.22384592963461683,-0.32699758211244756,-1.420058552418844,1.2360386848449707,-1.386045281087057,-1.5709541479693812,2.738008499145508,0.0,0.0,-0.0,0.0,0.0,0.0,-0.3269998660996951,-1.4200897716970375,1.2360534066519453,-1.3860949401947211,-1.5709303660821934,2.738041436365859,-0.00010668522073144956,-6.262333223407693e-05,7.789842442873623e-05,-8.13788361276915e-05,4.644681343863642e-05,0.00018572099971135702,-0.0005175190357667614,-8.034362100946822,-6.268765418784899,-0.9627080829078022,-4.723735090718487e-05,9.320788951253272e-07,28.0,28.0,14.0,6.0,6.0,6.0
0.44845740014198254,1.0,2.1285108961820395e-05,7.321358887470966e-05,-0.34995246045417305,0.000112340038310112,0.22384045478625345,-0.34995246045417305,0.000112340038310112,0.22384045478625345,-0.3499497550052401,9.194978463376522e-05,0.22384592963461683,-0.32699758211244756,-1.420058552418844,1.2360386848449707,-1.386045281087057,-1.5709541479693812,2.738008499145508,0.0,0.0,-0.0,0.0,0.0,0.0,-0.3270002906334621,-1.4200899981338146,1.2360537037585384,-1.3860952588688145,-1.5709302051548513,2.7380421945009035,-0.00010613344173987024,-5.660919429210509e-05,7.42766482810264e-05,-7.96685233445081e-05,4.023183555313218e-05,0.00018953376112726782,-0.0005175190357667614,-8.034362100946822,-6.268765418784899,-0.9627080829078022,-4.723735090718487e-05,9.320788951253272e-07,28.0,28.0,14.0,6.0,6.0,6.0
0.45245740014198255,1.0,2.1285108961820395e-05,7.321358887470966e-05,-0.34995246045417305,0.000112340038310112,0.22384045478625345,-0.34995246045417305,0.000112340038310112,0.22384045478625345,-0.3499497550052401,9.194978463376522e-05,0.22384592963461683,-0.32699758211244756,-1.420058552418844,1.2360386848449707,-1.386045281087057,-1.5709541479693812,2.738008499145508,0.0,0.0,-0.0,0.0,0.0,0.0,-0.32700071309254003,-1.420090201957433,1.2360539872472531,-1.3860955711121319,-1.570930067595826,2.738042966971931,-0.00010561476948778567,-5.095590462665156e-05,7.087217870217916e-05,-7.806082932831569e-05,3.43897563407582e-05,0.00019311775685822396,-0.0005175190357667614,-8.034362100946822,-6.268765418784899,-0.9627080829078022,-4.723735090718487e-05,9.320788951253272e-07,28.0,28.0,14.0,6.0,6.0,6.0
0.4570844781277703,1.0,1.1422479996416144e-05,2.709503179990801e-05,-0.34995246045417305,0.000112340038310112,0.22384045478625345,-0.34995246045417305,0.000112340038310112,0.22384045478625345,-0.3499602668986517,0.00010492147937908151,0.2238366472335936,-0.32700950304140264,-1.4200108687030237,1.2360267639160156,-1.386080567036764,-1.5709779898272913,2.738044500350952,0.0,0.0,-0.0,0.0,0.0,0.0,-0.3270011353269301,-1.4200904160640861,1.2360542697149075,-1.3860958580882945,-1.5709299245494095,2.7380436959869736,-0.00010555859752252608,-5.3526663279513957e-05,7.061691362117415e-05,-7.174404065132461e-05,3.576160410139694e-05,0.00018225376063160583,-0.00030787139773753164,-8.03575626540227,-6.269044252732062,-0.9627298228240533,-4.668509989129776e-05,3.1376939881174865e-07,28.0,28.0,14.0,6.0,6.0,6.0
0.4610844781277703,1.0,1.1422479996416144e-05,2.709503179990801e-05,-0.34995246045417305,0.000112340038310112,0.22384045478625345,-0.34995246045417305,0.000112340038310112,0.22384045478625345,-0.3499602668986517,0.00010492147937908151,0.2238366472335936,-0.32700950304140264,-1.4200108687030237,1.2360267639160156,-1.386080567036764,-1.5709779898272913,2.738044500350952,0.0,0.0,-0.0,0.0,0.0,0.0,-0.3270015573501136,-1.4200906398367918,1.2360545512227652,-1.3860961213133316,-1.5709297763448455,2.7380443841533904,-0.00010550579587518206,-5.594317641320461e-05,7.037696444502943e-05,-6.5806259294953e-05,3.7051140996397366e-05,0.00017204160417858477,-0.00030787139773753164,-8.03575626540227,-6.269044252732062,-0.9627298228240533,-4.668509989129776e-05,3.1376939881174865e-07,28.0,28.0,14.0,6.0,6.0,6.0
0.46614493613061514,1.0,1.1422479996416144e-05,2.709503179990801e-05,-0.34995246045417305,0.000112340038310112,0.22384045478625345,-0.34995246045417305,0.000112340038310112,0.22384045478625345,-0.3499602668986517,0.00010492147937908151,0.2238366472335936,-0.32700950304140264,-1.4200108687030237,1.2360267639160156,-1.386080567036764,-1.5709779898272913,2.738044500350952,0.0,0.0,-0.0,0.0,0.0,0.0,-0.3270019791747629,-1.420090872695587,1.2360548318284141,-1.3860963622123108,-1.5709296232916228,2.738045033922099,-0.00010545616232667867,-5.821469875887383e-05,7.01514122194534e-05,-6.022474481996367e-05,3.826330567769776e-05,0.00016244217711274496,-0.00030787139773753164,-8.03575626540227,-6.269044252732062,-0.9627298228240533,-4.668509989129776e-05,3.1376939881174865e-07,28.0,28.0,14.0,6.0,6.0,6.0
0.47014493613061514,1.0,1.3727617596576898e-05,0.00010842640494881986,-0.34995246045417305,0.000112340038310112,0.22384045478625345,-0.34995246045417305,0.000112340038310112,0.22384045478625345,-0.34995438883452484,9.875552773903848e-05,0.2238400190034623,-0.32699758211244756,-1.4200347105609339,1.2360386848449707,-1.3860686461078089,-1.5709779898272913,2.7379729747772217,0.0,0.0,-0.0,0.0,0.0,0.0,-0.32700240767206057,-1.4200911005234673,1.2360551049089916,-1.3860965890256483,-1.5709294656763078,2.738045736868059,-0.00010712432441596218,-5.6956970072343554e-05,6.827014436679835e-05,-5.6703334346596845e-05,3.9403828757237636e-05,0.0001757364900013618,-0.0005358258211087048,-8.03508322747834,-6.2689379118488935,-0.9627237687755589,-4.9762038650931904e-05,1.3904295088082833e-06,28.0,28.0,14.0,6.0,6.0,6.0
0.475231515141437,1.0,1.3727617596576898e-05,0.00010842640494881986,-0.34995246045417305,0.000112340038310112,0.22384045478625345,-0.34995246045417305,0.000112340038310112,0.22384045478625345,-0.34995438883452484,9.875552773903848e-05,0.2238400190034623,-0.32699758211244756,-1.4200347105609339,1.2360386848449707,-1.3860686461078089,-1.5709779898272913,2.7379729747772217,0.0,0.0,-0.0,0.0,0.0,0.0,-0.3270028424416477,-1.4200913236222878,1.236055370916002,-1.3860968025984823,-1.570929303772626,2.7380464898006354,-0.00010869239677988868,-5.577470510700509e-05,6.650175258530261e-05,-5.339320850163203e-05,4.047592045200512e-05,0.0001882331441166616,-0.0005358258211087048,-8.03508322747834,-6.2689379118488935,-0.9627237687755589,-4.9762038650931904e-05,1.3904295088082833e-06,28.0,28.0,14.0,6.0,6.0,6.0
0.479231515141437,1.0,1.3727617596576898e-05,0.00010842640494881986,-0.34995246045417305,0.000112340038310112,0.22384045478625345,-0.34995246045417305,0.000112340038310112,0.22384045478625345,-0.34995438883452484,9.875552773903848e-05,0.2238400190034623,-0.32699758211244756,-1.4200347105609339,1.2360386848449707,-1.3860686461078089,-1.5709779898272913,2.7379729747772217,0.0,0.0,-0.0,0.0,0.0,0.0,-0.3270032831071869,-1.420091542275792,1.2360556302738592,-1.3860970037252431,-1.5709291378378794,2.7380472897206314,-0.00011016638480197959,-5.4663376039586935e-05,6.48394643106966e-05,-5.0281690207365107e-05,4.148368664508654e-05,0.00019997999898504345,-0.0005358258211087048,-8.03508322747834,-6.2689379118488935,-0.9627237687755589,-4.9762038650931904e-05,1.3904295088082833e-06,28.0,28.0,14.0,6.0,6.0,6.0
0.48392627114546505,1.0,2.0663434057179693e-05,6.239488977687453e-05,-0.34995246045417305,0.000112340038310112,0.22384045478625345,-0.34995246045417305,0.000112340038310112,0.22384045478625345,-0.3499520088294826,9.27142223888064e-05,0.22384690466156987,-0.32699758211244756,-1.420058552418844,1.2360386848449707,-1.3860567251788538,-1.5709541479693812,2.738020658493042,0.0,0.0,-0.0,0.0,0.0,0.0,-0.3270037207317739,-1.4200917325385487,1.2360558682740659,-1.3860971885329552,-1.5709289955718968,2.7380480874602227,-0.00010940614674810832,-4.756568915815009e-05,5.950005165833496e-05,-4.620192800079265e-05,3.556649561779027e-05,0.00019943489784224078,-0.0005563601340194184,-8.034259885738734,-6.26875417383457,-0.9627045337060791,-4.7238031175417205e-05,7.751699490434676e-07,28.0,28.0,14.0,6.0,6.0,6.0
0.48792627114546505,1.0,2.0663434057179693e-05,6.239488977687453e-05,-0.34995246045417305,0.000112340038310112,0.22384045478625345,-0.34995246045417305,0.000112340038310112,0.22384045478625345,-0.3499520088294826,9.27142223888064e-05,0.22384690466156987,-0.32699758211244756,-1.420058552418844,1.2360386848449707,-1.3860567251788538,-1.5709541479693812,2.738020658493042,0.0,0.0,-0.0,0.0,0.0,0.0,-0.3270041554978658,-1.4200918961140025,1.236056086198081,-1.3860973580007612,-1.5709288755545525,2.738048883150234,-0.00010869152297746933,-4.089386348959946e-05,5.448100376511502e-05,-4.236695152661455e-05,3.0004336052131773e-05,0.0001989225027680063,-0.0005563601340194184,-8.034259885738734,-6.26875417383457,-0.9627045337060791,-4.7238031175417205e-05,7.751699490434676e-07,28.0,28.0,14.0,6.0,6.0,6.0
0.49294279711996225,1.0,2.0663434057179693e-05,6.239488977687453e-05,-0.34995246045417305,0.000112340038310112,0.22384045478625345,-0.34995246045417305,0.000112340038310112,0.22384045478625345,-0.3499520088294826,9.27142223888064e-05,0.22384690466156987,-0.32699758211244756,-1.420058552418844,1.2360386848449707,-1.3860567251788538,-1.5709541479693812,2.738020658493042,0.0,0.0,-0.0,0.0,0.0,0.0,-0.32700458757697237,-1.420092034603392,1.236056285250476,-1.3860975130490558,-1.5709287764509283,2.7380496769136395,-0.00010801977663306868,-3.462234736116186e-05,4.976309874548828e-05,-3.876207364088713e-05,2.4775906060412786e-05,0.00019844085139822588,-0.0005563601340194184,-8.034259885738734,-6.26875417383457,-0.9627045337060791,-4.7238031175417205e-05,7.751699490434676e-07,28.0,28.0,14.0,6.0,6.0,6.0
0.49694279711996225,1.0,9.173957026085016e-06,8.519046637854337e-05,-0.34995246045417305,0.000112340038310112,0.22384045478625345,-0.34995246045417305,0.000112340038310112,0.22384045478625345,-0.3499441889567029,0.00011431771201750638,0.22383701492814237,-0.3270214239703577,-1.4200347105609339,1.2360386848449707,-1.3860333601581019,-1.571026627217428,2.738008499145508,0.0,0.0,-0.0,0.0,0.0,0.0,-0.327005029525817,-1.4200922013338608,1.236056522317355,-1.386097712843459,-1.5709286135420066,2.7380504430111454,-0.00011048721116175892,-4.168261717711929e-05,5.9266719781596276e-05,-4.9948600797646256e-05,4.072723040699542e-05,0.00019152437647032143,-0.00040465491075794454,-8.03551427560345,-6.268981445707582,-0.9627326546173821,-4.8763372311922144e-05,6.245538596467458e-07,28.0,28.0,14.0,6.0,6.0,6.0
0.5014772611293012,1.0,9.173957026085016e-06,8.519046637854337e-05,-0.34995246045417305,0.000112340038310112,0.22384045478625345,-0.34995246045417305,0.000112340038310112,0.22384045478625345,-0.3499441889567029,0.00011431771201750638,0.22383701492814237,-0.3270214239703577,-1.4200347105609339,1.2360386848449707,-1.3860333601581019,-1.571026627217428,2.738008499145508,0.0,0.0,-0.0,0.0,0.0,0.0,-0.32700548075221547,-1.420092394610944,1.2360567951178492,-1.3860979546992043,-1.5709283906561056,2.7380511831027055,-0.00011280659961872775,-4.831927080411928e-05,6.82001235555378e-05,-6.0463936324999834e-05,5.5721475292783094e-05,0.00018502289003809123,-0.00040465491075794454,-8.03551427560345,-6.268981445707582,-0.9627326546173821,-4.8763372311922144e-05,6.245538596467458e-07,28.0,28.0,14.0,6.0,6.0,6.0
0.5054772611293012,1.0,2.8728149854365858e-05,0.00010229977849429083,-0.34995246045417305,0.000112340038310112,0.22384045478625345,-0.34995246045417305,0.000112340038310112,0.22384045478625345,-0.3499564295048928,8.431411836579716e-05,0.22383554550507248,-0.3269618193255823,-1.4199984709369105,1.2360029220581055,-1.3860333601581019,-1.5709660688983362,2.738020658493042,0.0,0.0,-0.0,0.0,0.0,0.0,-0.3270059531402703,-1.4200926234160842,1.2360571101306037,-1.3860982346777762,-1.5709281811157216,2.738051940966119,-0.00011809701370987017,-5.720128504230668e-05,7.875318864239132e-05,-6.999464297416804e-05,5.2385095984224286e-05,0.00018946585337685048,-0.0005967366638067994,-8.036068844542076,-6.2690214723825015,-0.962736233814945,-5.77197085701989e-05,1.236699095236231e-06,28.0,28.0,14.0,6.0,6.0,6.0
0.5106006481328516,1.0,2.8728149854365858e-05,0.00010229977849429083,-0.34995246045417305,0.000112340038310112,0.22384045478625345,-0.34995246045417305,0.000112340038310112,0.22384045478625345,-0.3499564295048928,8.431411836579716e-05,0.22383554550507248,-0.3269618193255823,-1.4199984709369105,1.2360029220581055,-1.3860333601581019,-1.5709660688983362,2.738020658493042,0.0,0.0,-0.0,0.0,0.0,0.0,-0.3270064454202821,-1.4200928856175978,1.236057464822883,-1.386098550491805,-1.5709279841201238,2.7380527155350745,-0.00012307000295554404,-6.555037842620284e-05,8.867306982403364e-05,-7.895350722438615e-05,4.9248899434179005e-05,0.00019364223891528418,-0.0005967366638067994,-8.036068844542076,-6.2690214723825015,-0.962736233814945,-5.77197085701989e-05,1.236699095236231e-06,28.0,28.0,14.0,6.0,6.0,6.0
0.5146006481328516,1.0,2.8728149854365858e-05,0.00010229977849429083,-0.34995246045417305,0.000112340038310112,0.22384045478625345,-0.34995246045417305,0.000112340038310112,0.22384045478625345,-0.3499564295048928,8.431411836579716e-05,0.22383554550507248,-0.3269618193255823,-1.4199984709369105,1.2360029220581055,-1.3860333601581019,-1.5709660688983362,2.738020658493042,0.0,0.0,-0.0,0.0,0.0,0.0,-0.3270069563987335,-1.4200931792117026,1.2360578568139156,-1.3860988999911636,-1.570927798916625,2.73805350580724,-0.00012774461284647748,-7.339852620706523e-05,9.799775813477741e-05,-8.737483961959117e-05,4.6300874677136445e-05,0.00019756804132141186,-0.0005967366638067994,-8.036068844542076,-6.2690214723825015,-0.962736233814945,-5.77197085701989e-05,1.236699095236231e-06,28.0,28.0,14.0,6.0,6.0,6.0
0.5198107111165302,1.0,2.8728149854365858e-05,0.00010229977849429083,-0.34995246045417305,0.000112340038310112,0.22384045478625345,-0.34995246045417305,0.000112340038310112,0.22384045478625345,-0.3499564295048928,8.431411836579716e-05,0.22383554550507248,-0.3269618193255823,-1.4199984709369105,1.2360029220581055,-1.3860333601581019,-1.5709660688983362,2.738020658493042,0.0,0.0,-0.0,0.0,0.0,0.0,-0.32700748495371806,-1.420093502314843,1.236058283865776,-1.386099281154732,-1.5709276247976993,2.7380543108404223,-0.0001321387461439549,-8.077578512107588e-05,0.00010676296514687657,-9.52908920710839e-05,4.3529731405516436e-05,0.00020125829558317187,-0.0005967366638067994,-8.036068844542076,-6.2690214723825015,-0.962736233814945,-5.77197085701989e-05,1.236699095236231e-06,28.0,28.0,14.0,6.0,6.0,6.0
0.5238107111165302,1.0,1.9666503206871694e-05,6.573704304186121e-05,-0.34995246045417305,0.000112340038310112,0.22384045478625345,-0.34995246045417305,0.000112340038310112,0.22384045478625345,-0.34995776394096945,9.572805772766598e-05,0.2238495479967599,-0.3269856611834925,-1.4200347105609339,1.2360029220581055,-1.3860567251788538,-1.5709779898272913,2.738032579421997,0.0,0.0,-0.0,0.0,0.0,0.0,-0.32700802063605455,-1.4200938019891034,1.236058694346663,-1.3860996250813489,-1.570927447376165,2.7380550979449843,-0.00013392058411975706,-7.491856507937231e-05,0.00010262022172324633,-8.598165423700674e-05,4.435538356522492e-05,0.0001967761404844705,-0.0007571906411384113,-8.03456249455382,-6.268710225644372,-0.9626920730875591,-5.283809999019443e-05,7.751410500451294e-07,28.0,28.0,14.0,6.0,6.0,6.0
0.5283914821140936,1.0,1.9666503206871694e-05,6.573704304186121e-05,-0.34995246045417305,0.000112340038310112,0.22384045478625345,-0.34995246045417305,0.000112340038310112,0.22384045478625345,-0.34995776394096945,9.572805772766598e-05,0.2238495479967599,-0.3269856611834925,-1.4200347105609339,1.2360029220581055,-1.3860567251788538,-1.5709779898272913,2.738032579421997,0.0,0.0,-0.0,0.0,0.0,0.0,-0.3270085630181018,-1.4200940796402164,1.2360590892508345,-1.3860999340052316,-1.5709272668501786,2.738055868196643,-0.00013559551181701107,-6.941277824017095e-05,9.872604290503391e-05,-7.72309706729742e-05,4.51314965953509e-05,0.00019256291469169122,-0.0007571906411384113,-8.03456249455382,-6.268710225644372,-0.9626920730875591,-5.283809999019443e-05,7.751410500451294e-07,28.0,28.0,14.0,6.0,6.0,6.0
0.5323914821140936,1.0,2.256986221449907e-05,8.582706144224183e-05,-0.34995246045417305,0.000112340038310112,0.22384045478625345,-0.34995246045417305,0.000112340038310112,0.22384045478625345,-0.34996060873383905,9.145884941557213e-05,0.2238430967872407,-0.3269856611834925,-1.4200227896319788,1.2360148429870605,-1.3860686461078089,-1.5709541479693812,2.738008499145508,0.0,0.0,-0.0,0.0,0.0,0.0,-0.3270091031018695,-1.4200943457716106,1.236059468176425,-1.3861002132338973,-1.5709271108649567,2.7380566589428126,-0.00013502094191581115,-6.653284858487746e-05,9.473139761336384e-05,-6.980716642432817e-05,3.8996305462962085e-05,0.0001976865423247334,-0.0005405780185425108,-8.035101617347946,-6.268872854043198,-0.9627119778097879,-5.031055226597829e-05,1.0858632650181986e-06,28.0,28.0,14.0,6.0,6.0,6.0
0.5375374281078114,1.0,2.256986221449907e-05,8.582706144224183e-05,-0.34995246045417305,0.000112340038310112,0.22384045478625345,-0.34995246045417305,0.000112340038310112,0.22384045478625345,-0.34996060873383905,9.145884941557213e-05,0.2238430967872407,-0.3269856611834925,-1.4200227896319788,1.2360148429870605,-1.3860686461078089,-1.5709541479693812,2.738008499145508,0.0,0.0,-0.0,0.0,0.0,0.0,-0.3270096410252543,-1.4200946010744695,1.2360598320821492,-1.386100464549059,-1.5709269779480535,2.738057468953822,-0.00013448084620868323,-6.382571470890159e-05,9.097643103919395e-05,-6.28287904306009e-05,3.32292257985166e-05,0.00020250275229979307,-0.0005405780185425108,-8.035101617347946,-6.268872854043198,-0.9627119778097879,-5.031055226597829e-05,1.0858632650181986e-06,28.0,28.0,14.0,6.0,6.0,6.0
0.5415374281078114,1.0,2.256986221449907e-05,8.582706144224183e-05,-0.34995246045417305,0.000112340038310112,0.22384045478625345,-0.34995246045417305,0.000112340038310112,0.22384045478625345,-0.34996060873383905,9.145884941557213e-05,0.2238430967872407,-0.3269856611834925,-1.4200227896319788,1.2360148429870605,-1.3860686461078089,-1.5709541479693812,2.738008499145508,0.0,0.0,-0.0,0.0,0.0,0.0,-0.3270101769178793,-1.420094846198505,1.236060181869199,-1.386100689625527,-1.5709268667153697,2.738058297073781,-0.000133973156243983,-6.128100886548427e-05,8.744676245947426e-05,-5.626911699649727e-05,2.780817091393784e-05,0.00020702998967634916,-0.0005405780185425108,-8.035101617347946,-6.268872854043198,-0.9627119778097879,-5.031055226597829e-05,1.0858632650181986e-06,28.0,28.0,14.0,6.0,6.0,6.0
0.5466121331050529,1.0,1.3030878452527798e-05,9.841942295492481e-05,-0.34995246045417305,0.000112340038310112,0.22384045478625345,-0.34995246045417305,0.000112340038310112,0.22384045478625345,-0.34993987871764837,0.00011391771314183865,0.22383745234701288,-0.32700950304140264,-1.420046631489889,1.2360506057739258,-1.3860333601581019,-1.5710504690753382,2.738032579421997,0.0,0.0,-0.0,0.0,0.0,0.0,-0.3270107318985212,-1.4200951105068103,1.2360605587087592,-1.386100955993843,-1.5709266649434386,2.7380590660113033,-0.00013874516047850336,-6.607707629079189e-05,9.420989004030419e-05,-6.659207902839437e-05,5.0442982769502946e-05,0.0001922343806202041,-0.000701795730588538,-8.035203626425327,-6.268961874459381,-0.9627343764009475,-5.436589969393497e-05,4.6767447406654093e-07,28.0,28.0,14.0,6.0,6.0,6.0
0.5506121331050529,1.0,1.3030878452527798e-05,9.841942295492481e-05,-0.34995246045417305,0.000112340038310112,0.22384045478625345,-0.34995246045417305,0.000112340038310112,0.22384045478625345,-0.34993987871764837,0.00011391771314183865,0.22383745234701288,-0.32700950304140264,-1.420046631489889,1.2360506057739258,-1.3860333601581019,-1.5710504690753382,2.738032579421997,0.0,0.0,-0.0,0.0,0.0,0.0,-0.32701130482189905,-1.4200953928483289,1.2360609609776791,-1.3861012611764965,-1.570926378064615,2.738059779317336,-0.0001432308444589525,-7.058537967058106e-05,0.00010056722996628432,-7.629566333837765e-05,7.171970591373415e-05,0.00017832650810742777,-0.000701795730588538,-8.035203626425327,-6.268961874459381,-0.9627343764009475,-5.436589969393497e-05,4.6767447406654093e-07,28.0,28.0,14.0,6.0,6.0,6.0
0.5546121331050529,1.0,1.3030878452527798e-05,9.841942295492481e-05,-0.34995246045417305,0.000112340038310112,0.22384045478625345,-0.34995246045417305,0.000112340038310112,0.22384045478625345,-0.34993987871764837,0.00011391771314183865,0.22383745234701288,-0.32700950304140264,-1.420046631489889,1.2360506057739258,-1.3860333601581019,-1.5710504690753382,2.738032579421997,0.0,0.0,-0.0,0.0,0.0,0.0,-0.32701189461144864,-1.4200956921410683,1.236061387150197,-1.386101602844627,-1.5709260111853123,2.7380604403297677,-0.00014744738740057469,-7.482318484758288e-05,0.00010654312949670565,-8.541703258976193e-05,9.171982566931148e-05,0.000165253107945418,-0.000701795730588538,-8.035203626425327,-6.268961874459381,-0.9627343764009475,-5.436589969393497e-05,4.6767447406654093e-07,28.0,28.0,14.0,6.0,6.0,6.0
0.5586121331050529,1.0,1.596851343447462e-05,6.485930302348246e-05,-0.34995246045417305,0.000112340038310112,0.22384045478625345,-0.34995246045417305,0.000112340038310112,0.22384045478625345,-0.3499531188003955,9.98798921347433e-05,0.2238504199635648,-0.32700950304140264,-1.420058552418844,1.2360267639160156,-1.3860567251788538,-1.5709660688983362,2.738008499145508,0.0,0.0,-0.0,0.0,0.0,0.0,-0.32701246985625904,-1.4200959537385038,1.23606178077366,-1.3861019093151372,-1.5709256663063709,2.7380611103273376,-0.0001438112025923582,-6.539935889865781e-05,9.840586574194321e-05,-7.661762759985977e-05,8.621973537118232e-05,0.00016749939250209296,-0.0005327298780725812,-8.034121311864473,-6.268678992583024,-0.9626913591818265,-4.5426434125892924e-05,7.782191403841036e-07,28.0,28.0,14.0,6.0,6.0,6.0
0.563291454096325,1.0,1.596851343447462e-05,6.485930302348246e-05,-0.34995246045417305,0.000112340038310112,0.22384045478625345,-0.34995246045417305,0.000112340038310112,0.22384045478625345,-0.3499531188003955,9.98798921347433e-05,0.2238504199635648,-0.32700950304140264,-1.420058552418844,1.2360267639160156,-1.3860567251788538,-1.5709660688983362,2.738008499145508,0.0,0.0,-0.0,0.0,0.0,0.0,-0.3270130314290145,-1.420096179902354,1.2360621438010113,-1.386102182699885,-1.570925342107769,2.7380617887709375,-0.00014039318887263473,-5.654096250666825e-05,9.075683781246652e-05,-6.834618690935174e-05,8.104965049094091e-05,0.00016961089998536742,-0.0005327298780725812,-8.034121311864473,-6.268678992583024,-0.9626913591818265,-4.5426434125892924e-05,7.782191403841036e-07,28.0,28.0,14.0,6.0,6.0,6.0
0.567291454096325,1.0,1.596851343447462e-05,6.485930302348246e-05,-0.34995246045417305,0.000112340038310112,0.22384045478625345,-0.34995246045417305,0.000112340038310112,0.22384045478625345,-0.3499531188003955,9.98798921347433e-05,0.2238504199635648,-0.32700950304140264,-1.420058552418844,1.2360267639160156,-1.3860567251788538,-1.5709660688983362,2.738008499145508,0.0,0.0,-0.0,0.0,0.0,0.0,-0.3270135801500384,-1.4200963727586335,1.2360624780680176,-1.3861024249840155,-1.570925037348686,2.7380624751538054,-0.00013718025597609466,-4.8214069898198066e-05,8.356675155875843e-05,-6.0571032660274184e-05,7.618977070351399e-05,0.0001715957170196454,-0.0005327298780725812,-8.034121311864473,-6.268678992583024,-0.9626913591818265,-4.5426434125892924e-05,7.782191403841036e-07,28.0,28.0,14.0,6.0,6.0,6.0
0.5720716990807562,1.0,1.596851343447462e-05,6.485930302348246e-05,-0.34995246045417305,0.000112340038310112,0.22384045478625345,-0.34995246045417305,0.000112340038310112,0.22384045478625345,-0.3499531188003955,9.98798921347433e-05,0.2238504199635648,-0.32700950304140264,-1.420058552418844,1.2360267639160156,-1.3860567251788538,-1.5709660688983362,2.738008499145508,0.0,0.0,-0.0,0.0,0.0,0.0,-0.32701411679043463,-1.420096534305797,1.2360627853002994,-1.3861026380335661,-1.5709247508627513,2.7380631689995854,-0.000134160099053347,-4.038679084623609e-05,7.680807048027282e-05,-5.326238766614129e-05,7.162148370333267e-05,0.00017346144503186672,-0.0005327298780725812,-8.034121311864473,-6.268678992583024,-0.9626913591818265,-4.5426434125892924e-05,7.782191403841036e-07,28.0,28.0,14.0,6.0,6.0,6.0
0.5760716990807562,1.0,1.574050251612265e-05,5.23007280678515e-05,-0.34995246045417305,0.000112340038310112,0.22384045478625345,-0.34995246045417305,0.000112340038310112,0.22384045478625345,-0.34995783159127775,9.992322005075221e-05,0.22384850071255044,-0.32699758211244756,-1.420046631489889,1.2360267639160156,-1.386080567036764,-1.5709779898272913,2.738044500350952,0.0,0.0,-0.0,0.0,0.0,0.0,-0.32701465322341733,-1.4200966687932808,1.2360630590705086,-1.386102799449847,-1.5709244678197103,2.7380638309718925,-0.00013410824567572767,-3.3621870960045115e-05,6.844255231097784e-05,-4.0354070171719476e-05,7.07607602506272e-05,0.00016549307675009696,-0.0007116766529261674,-8.034323348918493,-6.268750386476435,-0.9626964656299468,-4.976469908233968e-05,4.6749688322997674e-07,28.0,28.0,14.0,6.0,6.0,6.0
0.5806714680984153,1.0,1.574050251612265e-05,5.23007280678515e-05,-0.34995246045417305,0.000112340038310112,0.22384045478625345,-0.34995246045417305,0.000112340038310112,0.22384045478625345,-0.34995783159127775,9.992322005075221e-05,0.22384850071255044,-0.32699758211244756,-1.420046631489889,1.2360267639160156,-1.386080567036764,-1.5709779898272913,2.738044500350952,0.0,0.0,-0.0,0.0,0.0,0.0,-0.3270151894614313,-1.4200967778446658,1.2360633013863696,-1.386102912330854,-1.5709241880129894,2.738064462983135,-0.0001340595035007655,-2.7262846267025597e-05,6.057896523184056e-05,-2.8220251726962975e-05,6.995168020508405e-05,0.0001580028105652334,-0.0007116766529261674,-8.034323348918493,-6.268750386476435,-0.9626964656299468,-4.976469908233968e-05,4.6749688322997674e-07,28.0,28.0,14.0,6.0,6.0,6.0
0.5846714680984153,1.0,9.271419922538763e-06,2.709117986189179e-05,-0.34995246045417305,0.000112340038310112,0.22384045478625345,-0.34995246045417305,0.000112340038310112,0.22384045478625345,-0.34996026562302407,0.00010909333085030089,0.2238366472335936,-0.3270214239703577,-1.4200108687030237,1.2360267639160156,-1.386080567036764,-1.5709779898272913,2.738032579421997,0.0,0.0,-0.0,0.0,0.0,0.0,-0.32701571179440125,-1.4200969028442405,1.2360635451225503,-1.3861030118984106,-1.5709239112577698,2.7380650668196016,-0.00013058324247911083,-3.124989368055918e-05,6.093404517572055e-05,-2.4891889164241706e-05,6.91888049217577e-05,0.00015095911662686712,-0.00017896963946534164,-8.035806203847823,-6.2690471639591765,-0.9627287884680062,-4.3609876439307606e-05,3.1376944235089856e-07,28.0,28.0,14.0,6.0,6.0,6.0
0.5897556720911528,1.0,9.271419922538763e-06,2.709117986189179e-05,-0.34995246045417305,0.000112340038310112,0.22384045478625345,-0.34995246045417305,0.000112340038310112,0.22384045478625345,-0.34996026562302407,0.00010909333085030089,0.2238366472335936,-0.3270214239703577,-1.4200108687030237,1.2360267639160156,-1.386080567036764,-1.5709779898272913,2.738032579421997,0.0,0.0,-0.0,0.0,0.0,0.0,-0.32701622105662975,-1.4200970428351134,1.2360637901938316,-1.3861030989513239,-1.5709236373709612,2.738065644171779,-0.00012731555711875542,-3.499771824928075e-05,6.126782032296774e-05,-2.1763228355283713e-05,6.847170215543091e-05,0.00014433804432480282,-0.00017896963946534164,-8.035806203847823,-6.2690471639591765,-0.9627287884680062,-4.3609876439307606e-05,3.1376944235089856e-07,28.0,28.0,14.0,6.0,6.0,6.0
0.5937556720911528,1.0,9.271419922538763e-06,2.709117986189179e-05,-0.34995246045417305,0.000112340038310112,0.22384045478625345,-0.34995246045417305,0.000112340038310112,0.22384045478625345,-0.34996026562302407,0.00010909333085030089,0.2238366472335936,-0.3270214239703577,-1.4200108687030237,1.2360267639160156,-1.386080567036764,-1.5709779898272913,2.738032579421997,0.0,0.0,-0.0,0.0,0.0,0.0,-0.32701671803236126,-1.4200971969178067,1.2360640365201074,-1.3861031742404726,-1.570923366180459,2.7380661966287243,-0.00012424393288002134,-3.8520673343879024e-05,6.158156896138009e-05,-1.8822287194863198e-05,6.779762555508374e-05,0.0001381142363608624,-0.00017896963946534164,-8.035806203847823,-6.2690471639591765,-0.9627287884680062,-4.3609876439307606e-05,3.1376944235089856e-07,28.0,28.0,14.0,6.0,6.0,6.0
0.5984397420999596,1.0,9.271419922538763e-06,2.709117986189179e-05,-0.34995246045417305,0.000112340038310112,0.22384045478625345,-0.34995246045417305,0.000112340038310112,0.22384045478625345,-0.34996026562302407,0.00010909333085030089,0.2238366472335936,-0.3270214239703577,-1.4200108687030237,1.2360267639160156,-1.386080567036764,-1.5709779898272913,2.738032579421997,0.0,0.0,-0.0,0.0,0.0,0.0,-0.32701720345878565,-1.420097364246811,1.2360642840260783,-1.3861032384716825,-1.5709230975244848,2.7380667256841518,-0.00012135660609561132,-4.1832251132801405e-05,6.18764926814877e-05,-1.6057802504067917e-05,6.716399355075741e-05,0.00013226385687475838,-0.00017896963946534164,-8.035806203847823,-6.2690471639591765,-0.9627287884680062,-4.3609876439307606e-05,3.1376944235089856e-07,28.0,28.0,14.0,6.0,6.0,6.0
0.6024397420999597,1.0,4.67989817105042e-06,2.980138360085676e-05,-0.34995246045417305,0.000112340038310112,0.22384045478625345,-0.34995246045417305,0.000112340038310112,0.22384045478625345,-0.34995274626348516,0.00010926450106527429,0.2238439705835434,-0.3270214239703577,-1.420046631489889,1.2360386848449707,-1.3860686461078089,-1.5709903875934046,2.738044500350952,0.0,0.0,-0.0,0.0,0.0,0.0,-0.3270176825062523,-1.4200975192755187,1.2360645181009908,-1.3861032888006755,-1.5709228169718379,2.738067214532017,-0.00011976186665394461,-3.875717688931896e-05,5.851872813842812e-05,-1.258224826975325e-05,7.013816174198498e-05,0.0001222119663159615,-0.00043150133086791124,-8.034726197734624,-6.268847520082541,-0.9627102392150018,-4.492669966515065e-05,1.5993287161315798e-07,28.0,28.0,14.0,6.0,6.0,6.0
0.6075061360909606,1.0,4.67989817105042e-06,2.980138360085676e-05,-0.34995246045417305,0.000112340038310112,0.22384045478625345,-0.34995246045417305,0.000112340038310112,0.22384045478625345,-0.34995274626348516,0.00010926450106527429,0.2238439705835434,-0.3270214239703577,-1.420046631489889,1.2360386848449707,-1.3860686461078089,-1.5709903875934046,2.738044500350952,0.0,0.0,-0.0,0.0,0.0,0.0,-0.32701815555749864,-1.420097662741947,1.2360647395507087,-1.3861033260615847,-1.5709225252363186,2.738067665584774,-0.00011826281157877791,-3.586660710044547e-05,5.536242946795211e-05,-9.315227289497463e-06,7.293387984173891e-05,0.00011276318919069241,-0.00043150133086791124,-8.034726197734624,-6.268847520082541,-0.9627102392150018,-4.492669966515065e-05,1.5993287161315798e-07,28.0,28.0,14.0,6.0,6.0,6.0
0.6115061360909606,1.0,2.3488372591360816e-05,9.754580111662814e-05,-0.34995246045417305,0.000112340038310112,0.22384045478625345,-0.34995246045417305,0.000112340038310112,0.22384045478625345,-0.34995407473110524,8.924277482681445e-05,0.2238365033084843,-0.3269856611834925,-1.4200347105609339,1.2360506057739258,-1.3860686461078089,-1.5709541479693812,2.7379965782165527,0.0,0.0,-0.0,0.0,0.0,0.0,-0.32701863046889385,-1.4200978089497074,1.2360649557914947,-1.3861033715429039,-1.5709222647137726,2.7380681700184692,-0.00011872784880730568,-3.655194007216076e-05,5.4060196502086576e-05,-1.1370329785551403e-05,6.513063647247967e-05,0.00012610842376538603,-0.0004986115036075618,-8.035217895235181,-6.269012351802989,-0.9627369405444298,-5.0310393628593544e-05,1.2397222334155148e-06,28.0,28.0,14.0,6.0,6.0,6.0
0.6165060390925503,1.0,2.3488372591360816e-05,9.754580111662814e-05,-0.34995246045417305,0.000112340038310112,0.22384045478625345,-0.34995246045417305,0.000112340038310112,0.22384045478625345,-0.34995407473110524,8.924277482681445e-05,0.2238365033084843,-0.3269856611834925,-1.4200347105609339,1.2360506057739258,-1.3860686461078089,-1.5709541479693812,2.7379965782165527,0.0,0.0,-0.0,0.0,0.0,0.0,-0.32701910712882903,-1.4200979577343196,1.2360651671358847,-1.3861034247514084,-1.5709220335314218,2.738068724630246,-0.00011916498380212179,-3.719615306557313e-05,5.283609751417297e-05,-1.3302126131842105e-05,5.7795587705375974e-05,0.00013865294426559802,-0.0004986115036075618,-8.035217895235181,-6.269012351802989,-0.9627369405444298,-5.0310393628593544e-05,1.2397222334155148e-06,28.0,28.0,14.0,6.0,6.0,6.0
0.6205060390925503,1.0,2.3488372591360816e-05,9.754580111662814e-05,-0.34995246045417305,0.000112340038310112,0.22384045478625345,-0.34995246045417305,0.000112340038310112,0.22384045478625345,-0.34995407473110524,8.924277482681445e-05,0.2238365033084843,-0.3269856611834925,-1.4200347105609339,1.2360506057739258,-1.3860686461078089,-1.5709541479693812,2.7379965782165527,0.0,0.0,-0.0,0.0,0.0,0.0,-0.32701958543239185,-1.4200981089411726,1.2360653738776626,-1.386103485223467,-1.5709218299288543,2.7380693264094202,-0.00011957589069724893,-3.780171327938076e-05,5.1685444465534185e-05,-1.5118014697355366e-05,5.0900641864298505e-05,0.0001504447935357973,-0.0004986115036075618,-8.035217895235181,-6.269012351802989,-0.9627369405444298,-5.0310393628593544e-05,1.2397222334155148e-06,28.0,28.0,14.0,6.0,6.0,6.0
0.6252126680915246,1.0,1.7422152483878016e-05,6.20380493447659e-05,-0.34995246045417305,0.000112340038310112,0.22384045478625345,-0.34995246045417305,0.000112340038310112,0.22384045478625345,-0.34994036867372275,0.00010234428132500438,0.2238328781719035,-0.3270214239703577,-1.420046631489889,1.2360625267028809,-1.3860209623919886,-1.5709779898272913,2.738044500350952,0.0,0.0,-0.0,0.0,0.0,0.0,-0.32702005330484907,-1.4200982856991586,1.236065615942897,-1.386103623823229,-1.5709216248063875,2.7380698880965526,-0.00011696811431183963,-4.418949648677508e-05,6.0516308654730885e-05,-3.464994045182514e-05,5.128061672333033e-05,0.00014042178314377412,-0.0001167335098843058,-8.035532878786821,-6.269051272379023,-0.9627493068018397,-4.360918770920354e-05,1.6009596447688337e-07,28.0,28.0,14.0,6.0,6.0,6.0
0.6292126680915247,1.0,1.7422152483878016e-05,6.20380493447659e-05,-0.34995246045417305,0.000112340038310112,0.22384045478625345,-0.34995246045417305,0.000112340038310112,0.22384045478625345,-0.34994036867372275,0.00010234428132500438,0.2238328781719035,-0.3270214239703577,-1.420046631489889,1.2360625267028809,-1.3860209623919886,-1.5709779898272913,2.738044500350952,0.0,0.0,-0.0,0.0,0.0,0.0,-0.3270205113720671,-1.4200984864752095,1.2360658912121811,-1.3861038358630315,-1.5709214182552151,2.738070412097166,-0.0001145168045095549,-5.019401270172573e-05,6.881732099257578e-05,-5.300995066102673e-05,5.163779309082025e-05,0.00013100015337527232,-0.0001167335098843058,-8.035532878786821,-6.269051272379023,-0.9627493068018397,-4.360918770920354e-05,1.6009596447688337e-07,28.0,28.0,14.0,6.0,6.0,6.0
0.6341805130783471,1.0,1.7422152483878016e-05,6.20380493447659e-05,-0.34995246045417305,0.000112340038310112,0.22384045478625345,-0.34995246045417305,0.000112340038310112,0.22384045478625345,-0.34994036867372275,0.00010234428132500438,0.2238328781719035,-0.3270214239703577,-1.420046631489889,1.2360625267028809,-1.3860209623919886,-1.5709779898272913,2.738044500350952,0.0,0.0,-0.0,0.0,0.0,0.0,-0.32702096022236027,-1.4200987098282414,1.2360661976932714,-1.3861041169364725,-1.5709212103610597,2.7380709006724517,-0.00011221257329540724,-5.583825794377935e-05,7.662027259014999e-05,-7.026836025767621e-05,5.197353887626077e-05,0.00012214382139288062,-0.0001167335098843058,-8.035532878786821,-6.269051272379023,-0.9627493068018397,-4.360918770920354e-05,1.6009596447688337e-07,28.0,28.0,14.0,6.0,6.0,6.0
0.6381805130783471,1.0,4.749272564117506e-06,6.194484579984599e-05,-0.34995246045417305,0.000112340038310112,0.22384045478625345,-0.34995246045417305,0.000112340038310112,0.22384045478625345,-0.34995134935407163,0.00010934604483367835,0.22383693952673017,-0.3270457426654261,-1.420046631489889,1.2360625267028809,-1.3860686461078089,-1.5709541479693812,2.7379729747772217,0.0,0.0,-0.0,0.0,0.0,0.0,-0.3270213778441493,-1.4200989242250592,1.2360664869387152,-1.3861043915837106,-1.5709210286693973,2.7380714328953384,-0.00010440544725701341,-5.3599204490198706e-05,7.231136092736557e-05,-6.866180952837662e-05,4.542291558266799e-05,0.00013305572170359316,0.00010449573269562865,-8.03520101057962,-6.269008866521426,-0.9627324059741313,-3.4812211145005415e-05,7.690681592846503e-07,28.0,28.0,14.0,6.0,6.0,6.0
0.6432860900510571,1.0,4.749272564117506e-06,6.194484579984599e-05,-0.34995246045417305,0.000112340038310112,0.22384045478625345,-0.34995246045417305,0.000112340038310112,0.22384045478625345,-0.34995134935407163,0.00010934604483367835,0.22383693952673017,-0.3270457426654261,-1.420046631489889,1.2360625267028809,-1.3860686461078089,-1.5709541479693812,2.7379729747772217,0.0,0.0,-0.0,0.0,0.0,0.0,-0.3270217661111444,-1.4200991302030361,1.2360667599826511,-1.386104660190318,-1.5709208716080785,2.7380720061469703,-9.70667487809232e-05,-5.14944942438329e-05,6.826098396434822e-05,-6.7151651842835e-05,3.926532968669078e-05,0.00014331290799566296,0.00010449573269562865,-8.03520101057962,-6.269008866521426,-0.9627324059741313,-3.4812211145005415e-05,7.690681592846503e-07,28.0,28.0,14.0,6.0,6.0,6.0
0.6472860900510571,1.0,1.4559821114360203e-05,8.040066205532666e-05,-0.34995246045417305,0.000112340038310112,0.22384045478625345,-0.34995246045417305,0.000112340038310112,0.22384045478625345,-0.3499513942404576,9.929494395628548e-05,0.2238340769266991,-0.32700950304140264,-1.4200227896319788,1.2360386848449707,-1.386045281087057,-1.5709660688983362,2.7379965782165527,0.0,0.0,-0.0,0.0,0.0,0.0,-0.3270221519072894,-1.4200993567333242,1.2360670542838395,-1.3861049580446567,-1.5709207239581526,2.7380726073997668,-9.64490362412813e-05,-5.6632572026242254e-05,7.357529706825583e-05,-7.446358471361406e-05,3.6912481459680156e-05,0.00015031319912003506,-0.0001745681189895415,-8.035798941075296,-6.269060030133897,-0.9627414402724735,-4.542079173992477e-05,9.321572181582939e-07,28.0,28.0,14.0,6.0,6.0,6.0
0.6513705520599617,1.0,1.4559821114360203e-05,8.040066205532666e-05,-0.34995246045417305,0.000112340038310112,0.22384045478625345,-0.34995246045417305,0.000112340038310112,0.22384045478625345,-0.3499513942404576,9.929494395628548e-05,0.2238340769266991,-0.32700950304140264,-1.4200227896319788,1.2360386848449707,-1.386045281087057,-1.5709660688983362,2.7379965782165527,0.0,0.0,-0.0,0.0,0.0,0.0,-0.3270225353808352,-1.4200996025827848,1.236067368566845,-1.3861052833918632,-1.5709205851549362,2.738073234973658,-9.58683864540179e-05,-6.146236514170705e-05,7.857075138592898e-05,-8.133680161214637e-05,3.470080412629017e-05,0.00015689347277694483,-0.0001745681189895415,-8.035798941075296,-6.269060030133897,-0.9627414402724735,-4.542079173992477e-05,9.321572181582939e-07,28.0,28.0,14.0,6.0,6.0,6.0
0.6553705520599618,1.0,1.4559821114360203e-05,8.040066205532666e-05,-0.34995246045417305,0.000112340038310112,0.22384045478625345,-0.34995246045417305,0.000112340038310112,0.22384045478625345,-0.3499513942404576,9.929494395628548e-05,0.2238340769266991,-0.32700950304140264,-1.4200227896319788,1.2360386848449707,-1.386045281087057,-1.5709660688983362,2.7379965782165527,0.0,0.0,-0.0,0.0,0.0,0.0,-0.3270229166711378,-1.4200998665922675,1.2360677016327588,-1.3861056345823652,-1.5709204546676265,2.738073887289378,-9.53225756539903e-05,-6.600237067024395e-05,8.326647844454176e-05,-8.779762549676674e-05,3.262182743290358e-05,0.00016307893001444004,-0.0001745681189895415,-8.035798941075296,-6.269060030133897,-0.9627414402724735,-4.542079173992477e-05,9.321572181582939e-07,28.0,28.0,14.0,6.0,6.0,6.0
0.6599810070437382,1.0,1.4559821114360203e-05,8.040066205532666e-05,-0.34995246045417305,0.000112340038310112,0.22384045478625345,-0.34995246045417305,0.000112340038310112,0.22384045478625345,-0.3499513942404576,9.929494395628548e-05,0.2238340769266991,-0.32700950304140264,-1.4200227896319788,1.2360386848449707,-1.386045281087057,-1.5709660688983362,2.7379965782165527,0.0,0.0,-0.0,0.0,0.0,0.0,-0.3270232959091918,-1.420100147672171,1.2360680523546064,-1.386106010065565,-1.570920331997269,2.7380745628624172,-9.480951350196437e-05,-7.026997586706865e-05,8.768046187963775e-05,-9.387079994830988e-05,3.0667589341120186e-05,0.00016889325981768552,-0.0001745681189895415,-8.035798941075296,-6.269060030133897,-0.9627414402724735,-4.542079173992477e-05,9.321572181582939e-07,28.0,28.0,14.0,6.0,6.0,6.0
0.6639810070437382,1.0,1.1639862825615244e-05,6.0970216532505014e-05,-0.34995246045417305,0.000112340038310112,0.22384045478625345,-0.34995246045417305,0.000112340038310112,0.22384045478625345,-0.3499573872122523,0.00011245612692457232,0.22385099992659682,-0.327033821736471,-1.420046631489889,1.2360148429870605,-1.3860686461078089,-1.5709779898272913,2.7379965782165527,0.0,0.0,-0.0,0.0,0.0,0.0,-0.32702366354858464,-1.4201003944570065,1.2360683737677753,-1.386106330994942,-1.5709202029540843,2.738075241951994,-9.190984820395016e-05,-6.169620884487e-05,8.035329223395669e-05,-8.023234423863219e-05,3.22607962089528e-05,0.00016977239418999345,-0.0003239214736511493,-8.03438920880192,-6.268692121087836,-0.9626848762927107,-4.0415820168593e-05,6.182294311577059e-07,28.0,28.0,14.0,6.0,6.0,6.0
0.6690497760528236,1.0,1.1639862825615244e-05,6.0970216532505014e-05,-0.34995246045417305,0.000112340038310112,0.22384045478625345,-0.34995246045417305,0.000112340038310112,0.22384045478625345,-0.3499573872122523,0.00011245612692457232,0.22385099992659682,-0.327033821736471,-1.420046631489889,1.2360148429870605,-1.3860686461078089,-1.5709779898272913,2.7379965782165527,0.0,0.0,-0.0,0.0,0.0,0.0,-0.3270240202852359,-1.4201006090044779,1.2360686676307864,-1.3861066006437255,-1.5709200679204416,2.738075924347116,-8.918416282381679e-05,-5.363686784400327e-05,7.346575276701649e-05,-6.741219587153515e-05,3.375841066471546e-05,0.0001705987804999629,-0.0003239214736511493,-8.03438920880192,-6.268692121087836,-0.9626848762927107,-4.0415820168593e-05,6.182294311577059e-07,28.0,28.0,14.0,6.0,6.0,6.0
0.6730497760528236,1.0,9.444780374302137e-06,2.093784424577997e-05,-0.34995246045417305,0.000112340038310112,0.22384045478625345,-0.34995246045417305,0.000112340038310112,0.22384045478625345,-0.34995041430329354,0.00010575176105505825,0.22384690550293515,-0.3270214239703577,-1.420058552418844,1.2360386848449707,-1.3860567251788538,-1.5709779898272913,2.738044500350952,0.0,0.0,-0.0,0.0,0.0,0.0,-0.3270243738999766,-1.4201007994820534,1.2360689428414253,-1.3861068505641596,-1.5709199272509848,2.7380765617985467,-8.840368517086563e-05,-4.761939384696604e-05,6.880265972985695e-05,-6.248010854125556e-05,3.516736418738139e-05,0.00015936285764518916,-0.00041934167972324746,-8.03436759662182,-6.268761474789289,-0.9627024696361851,-4.361379864274484e-05,1.5993382543425183e-07,28.0,28.0,14.0,6.0,6.0,6.0
0.6778502060570757,1.0,9.444780374302137e-06,2.093784424577997e-05,-0.34995246045417305,0.000112340038310112,0.22384045478625345,-0.34995246045417305,0.000112340038310112,0.22384045478625345,-0.34995041430329354,0.00010575176105505825,0.22384690550293515,-0.3270214239703577,-1.420058552418844,1.2360386848449707,-1.3860567251788538,-1.5709779898272913,2.738044500350952,0.0,0.0,-0.0,0.0,0.0,0.0,-0.3270247245801213,-1.4201009673339264,1.2360692005188345,-1.3861070819399455,-1.570919781283863,2.738077157002907,-8.767003617709155e-05,-4.196296828975104e-05,6.441935227492698e-05,-5.784394645079274e-05,3.6491780498687355e-05,0.00014880109016170184,-0.00041934167972324746,-8.03436759662182,-6.268761474789289,-0.9627024696361851,-4.361379864274484e-05,1.5993382543425183e-07,28.0,28.0,14.0,6.0,6.0,6.0
0.6818502060570757,1.0,9.444780374302137e-06,2.093784424577997e-05,-0.34995246045417305,0.000112340038310112,0.22384045478625345,-0.34995246045417305,0.000112340038310112,0.22384045478625345,-0.34995041430329354,0.00010575176105505825,0.22384690550293515,-0.3270214239703577,-1.420058552418844,1.2360386848449707,-1.3860567251788538,-1.5709779898272913,2.738044500350952,0.0,0.0,-0.0,0.0,0.0,0.0,-0.3270250725017458,-1.4201011139176396,1.2360694417150075,-1.386107295883762,-1.5709196303369355,2.738077712495022,-8.69804061229439e-05,-3.664592826596894e-05,6.029904326729281e-05,-5.348595408575769e-05,3.773673183131496e-05,0.00013887302872722378,-0.00041934167972324746,-8.03436759662182,-6.268761474789289,-0.9627024696361851,-4.361379864274484e-05,1.5993382543425183e-07,28.0,28.0,14.0,6.0,6.0,6.0
0.686807365048677,1.0,9.444780374302137e-06,2.093784424577997e-05,-0.34995246045417305,0.000112340038310112,0.22384045478625345,-0.34995246045417305,0.000112340038310112,0.22384045478625345,-0.34995041430329354,0.00010575176105505825,0.22384690550293515,-0.3270214239703577,-1.420058552418844,1.2360386848449707,-1.3860567251788538,-1.5709779898272913,2.738044500350952,0.0,0.0,-0.0,0.0,0.0,0.0,-0.32702541783036126,-1.420101240509282,1.2360696674188187,-1.386107493441527,-1.5709194747089912,2.738078230657626,-8.633215387204512e-05,-3.164791064361377e-05,5.6425952800116694e-05,-4.9389441262624745e-05,3.8906986083984916e-05,0.0001295406509788144,-0.00041934167972324746,-8.03436759662182,-6.268761474789289,-0.9627024696361851,-4.361379864274484e-05,1.5993382543425183e-07,28.0,28.0,14.0,6.0,6.0,6.0
0.690807365048677,1.0,1.4660846350713502e-05,9.144176458307687e-05,-0.34995246045417305,0.000112340038310112,0.22384045478625345,-0.34995246045417305,0.000112340038310112,0.22384045478625345,-0.34995862645537806,0.00010174801669160497,0.22384850027709566,-0.32700950304140264,-1.420046631489889,1.2360267639160156,-1.386080567036764,-1.5709660688983362,2.7379846572875977,0.0,0.0,-0.0,0.0,0.0,0.0,-0.3270257632803833,-1.4201013400583389,1.23606986210585,-1.3861076399284757,-1.5709193284070302,2.7380787938436884,-8.636250551369889e-05,-2.4887264211519153e-05,4.867175779539525e-05,-3.662173718513763e-05,3.657549027115846e-05,0.00014079651558917988,-0.0005226931086062165,-8.034369367870077,-6.268752558925394,-0.9626954291558555,-4.542632523735616e-05,1.0858102210795501e-06,28.0,28.0,14.0,6.0,6.0,6.0
0.6957870840490799,1.0,1.4660846350713502e-05,9.144176458307687e-05,-0.34995246045417305,0.000112340038310112,0.22384045478625345,-0.34995246045417305,0.000112340038310112,0.22384045478625345,-0.34995862645537806,0.00010174801669160497,0.22384850027709566,-0.32700950304140264,-1.420046631489889,1.2360267639160156,-1.386080567036764,-1.5709660688983362,2.7379846572875977,0.0,0.0,-0.0,0.0,0.0,0.0,-0.32702610884452754,-1.4201014141873651,1.236070027637108,-1.3861077384088571,-1.5709191908714935,2.738079399351802,-8.639103605685343e-05,-1.8532256565350215e-05,4.138281449095709e-05,-2.4620095352299737e-05,3.4383884207101586e-05,0.00015137702832292342,-0.0005226931086062165,-8.034369367870077,-6.268752558925394,-0.9626954291558555,-4.542632523735616e-05,1.0858102210795501e-06,28.0,28.0,14.0,6.0,6.0,6.0
0.6997870840490799,1.0,1.344156410773443e-05,5.951462967938342e-05,-0.34995246045417305,0.000112340038310112,0.22384045478625345,-0.34995246045417305,0.000112340038310112,0.22384045478625345,-0.34995220508486596,0.00010374213819951699,0.22383012586831072,-0.3270214239703577,-1.4200108687030237,1.2360386848449707,-1.386045281087057,-1.5709660688983362,2.738020658493042,0.0,0.0,-0.0,0.0,0.0,0.0,-0.3270264476412016,-1.4201015300587574,1.2360702311954008,-1.3861078871112358,-1.5709190615805406,2.738079996311096,-8.469916851336657e-05,-2.896784808786441e-05,5.088957323282863e-05,-3.717559466893749e-05,3.2322738226134295e-05,0.00014923982358875962,4.639043173609213e-05,-8.036309876279935,-6.269159925968957,-0.9627518683903808,-4.2344042017465204e-05,4.676814175744078e-07,28.0,28.0,14.0,6.0,6.0,6.0
0.7043536070336125,1.0,1.344156410773443e-05,5.951462967938342e-05,-0.34995246045417305,0.000112340038310112,0.22384045478625345,-0.34995246045417305,0.000112340038310112,0.22384045478625345,-0.34995220508486596,0.00010374213819951699,0.22383012586831072,-0.3270214239703577,-1.4200108687030237,1.2360386848449707,-1.386045281087057,-1.5709660688983362,2.738020658493042,0.0,0.0,-0.0,0.0,0.0,0.0,-0.3270267800764537,-1.420101685167974,1.2360704704991066,-1.3861080830222918,-1.5709189400394965,2.738080585234501,-8.310881302248892e-05,-3.8777304119027756e-05,5.982592645018788e-05,-4.897776402657698e-05,3.0385261004025045e-05,0.00014723085113864563,4.639043173609213e-05,-8.036309876279935,-6.269159925968957,-0.9627518683903808,-4.2344042017465204e-05,4.676814175744078e-07,28.0,28.0,14.0,6.0,6.0,6.0
0.7083536070336125,1.0,1.344156410773443e-05,5.951462967938342e-05,-0.34995246045417305,0.000112340038310112,0.22384045478625345,-0.34995246045417305,0.000112340038310112,0.22384045478625345,-0.34995220508486596,0.00010374213819951699,0.22383012586831072,-0.3270214239703577,-1.4200108687030237,1.2360386848449707,-1.386045281087057,-1.5709660688983362,2.738020658493042,0.0,0.0,-0.0,0.0,0.0,0.0,-0.32702710653196915,-1.4201018771607452,1.2360707434035005,-1.3861083233095046,-1.5709188257833668,2.738081166604169,-8.161387886106394e-05,-4.79981927883213e-05,6.822609847450558e-05,-6.0071803222758096e-05,2.8564032415242348e-05,0.0001453424170355385,4.639043173609213e-05,-8.036309876279935,-6.269159925968957,-0.9627518683903808,-4.2344042017465204e-05,4.676814175744078e-07,28.0,28.0,14.0,6.0,6.0,6.0
0.7134081280296671,1.0,1.344156410773443e-05,5.951462967938342e-05,-0.34995246045417305,0.000112340038310112,0.22384045478625345,-0.34995246045417305,0.000112340038310112,0.22384045478625345,-0.34995220508486596,0.00010374213819951699,0.22383012586831072,-0.3270214239703577,-1.4200108687030237,1.2360386848449707,-1.386045281087057,-1.5709660688983362,2.738020658493042,0.0,0.0,-0.0,0.0,0.0,0.0,-0.3270274273665321,-1.4201021038240578,1.2360710478925412,-1.3861086053103049,-1.5709187183750566,2.7380817408733247,-8.020864074932445e-05,-5.666582813745724e-05,7.61222601773642e-05,-7.050020006716835e-05,2.6852077541786614e-05,0.0001435672889786178,4.639043173609213e-05,-8.036309876279935,-6.269159925968957,-0.9627518683903808,-4.2344042017465204e-05,4.676814175744078e-07,28.0,28.0,14.0,6.0,6.0,6.0
0.7174081280296671,1.0,1.2498480125751188e-05,4.485899975077995e-05,-0.34995246045417305,0.000112340038310112,0.22384045478625345,-0.34995246045417305,0.000112340038310112,0.22384045478625345,-0.3499538384465302,0.0001181463299863494,0.22385143659482434,-0.3270457426654261,-1.420058552418844,1.2360267639160156,-1.3860686461078089,-1.5709903875934046,2.738020658493042,0.0,0.0,-0.0,0.0,0.0,0.0,-0.327027737722963,-1.4201022947808124,1.2360713215543013,-1.386108838754035,-1.5709185894031017,2.7380822856478004,-7.758910771979662e-05,-4.773918868340578e-05,6.841544003795677e-05,-5.836093254353312e-05,3.224298870893015e-05,0.0001361936189462634,-0.000304701663077253,-8.034174665944793,-6.268677646385724,-0.9626845231314177,-3.865518930806908e-05,1.5372465958915857e-07,28.0,28.0,14.0,6.0,6.0,6.0
0.7220375810335393,1.0,1.2498480125751188e-05,4.485899975077995e-05,-0.34995246045417305,0.000112340038310112,0.22384045478625345,-0.34995246045417305,0.000112340038310112,0.22384045478625345,-0.3499538384465302,0.0001181463299863494,0.22385143659482434,-0.3270457426654261,-1.420058552418844,1.2360267639160156,-1.3860686461078089,-1.5709903875934046,2.738020658493042,0.0,0.0,-0.0,0.0,0.0,0.0,-0.3270280382299497,-1.4201024521734027,1.2360715662384179,-1.3861090265541194,-1.5709184401613208,2.738082802697277,-7.512674667204045e-05,-3.93481475965974e-05,6.117102910691378e-05,-4.6950021071316e-05,3.731044520604507e-05,0.0001292623691158503,-0.000304701663077253,-8.034174665944793,-6.268677646385724,-0.9626845231314177,-3.865518930806908e-05,1.5372465958915857e-07,28.0,28.0,14.0,6.0,6.0,6.0
0.7260375810335393,1.0,1.1419694722072584e-05,4.36603616156581e-05,-0.34995246045417305,0.000112340038310112,0.22384045478625345,-0.34995246045417305,0.000112340038310112,0.22384045478625345,-0.3499621908616305,0.00010829579006603368,0.2238360533484886,-0.32700950304140264,-1.4199984709369105,1.2360148429870605,-1.386080567036764,-1.5709903875934046,2.738032579421997,0.0,0.0,-0.0,0.0,0.0,0.0,-0.3270283502936989,-1.4201026321046404,1.2360718219353775,-1.386109197336136,-1.5709182718549606,2.738083300884642,-7.801593731252786e-05,-4.498280941011571e-05,6.392423992563428e-05,-4.269550410823901e-05,4.207659004704229e-05,0.00012454684126435414,-0.0003204734278156704,-8.03604735332795,-6.269067061860154,-0.9627296059683493,-4.7997830387238776e-05,4.6757911094407535e-07,28.0,28.0,14.0,6.0,6.0,6.0
0.7310932890293191,1.0,1.1419694722072584e-05,4.36603616156581e-05,-0.34995246045417305,0.000112340038310112,0.22384045478625345,-0.34995246045417305,0.000112340038310112,0.22384045478625345,-0.3499621908616305,0.00010829579006603368,0.2238360533484886,-0.32700950304140264,-1.4199984709369105,1.2360148429870605,-1.386080567036764,-1.5709903875934046,2.738032579421997,0.0,0.0,-0.0,0.0,0.0,0.0,-0.327028673220805,-1.4201028332222065,1.2360720879844098,-1.3861093521211685,-1.5709180856278957,2.7380837813416226,-8.073177651458603e-05,-5.0279391514822926e-05,6.651225809523155e-05,-3.869625816294664e-05,4.655676619757967e-05,0.00012011424508394777,-0.0003204734278156704,-8.03604735332795,-6.269067061860154,-0.9627296059683493,-4.7997830387238776e-05,4.6757911094407535e-07,28.0,28.0,14.0,6.0,6.0,6.0
0.7350932890293191,1.0,1.1419694722072584e-05,4.36603616156581e-05,-0.34995246045417305,0.000112340038310112,0.22384045478625345,-0.34995246045417305,0.000112340038310112,0.22384045478625345,-0.3499621908616305,0.00010829579006603368,0.2238360533484886,-0.32700950304140264,-1.4199984709369105,1.2360148429870605,-1.386080567036764,-1.5709903875934046,2.738032579421997,0.0,0.0,-0.0,0.0,0.0,0.0,-0.3270290063594664,-1.4201030542549213,1.2360723637643904,-1.3861094918690364,-1.5709178825553687,2.738084245132041,-8.328466536452069e-05,-5.5258178693247704e-05,6.894499517465298e-05,-3.493696697437181e-05,5.0768131779084815e-05,0.00011594760467436579,-0.0003204734278156704,-8.03604735332795,-6.269067061860154,-0.9627296059683493,-4.7997830387238776e-05,4.6757911094407535e-07,28.0,28.0,14.0,6.0,6.0,6.0
0.7402511090366173,1.0,1.6153418326720326e-05,0.00010184146268096353,-0.34995246045417305,0.000112340038310112,0.22384045478625345,-0.34995246045417305,0.000112340038310112,0.22384045478625345,-0.3499512394669381,9.62369204888605e-05,0.22384009186719214,-0.3269856611834925,-1.4200227896319788,1.2360148429870605,-1.3860333601581019,-1.5709903875934046,2.7379965782165527,0.0,0.0,-0.0,0.0,0.0,0.0,-0.32702936280761424,-1.4201032926761616,1.236072668906878,-1.3861096653972282,-1.5709176636396505,2.7380847484841517,-8.911203695818854e-05,-5.960531007600789e-05,7.628562187080343e-05,-4.3382047947562525e-05,5.472892952952757e-05,0.0001258380276865806,-0.0006050177644218652,-8.035428676769065,-6.268909775906879,-0.9627229274158251,-5.414851975912993e-05,1.2397518732935011e-06,28.0,28.0,14.0,6.0,6.0,6.0
0.7442511090366173,1.0,1.6153418326720326e-05,0.00010184146268096353,-0.34995246045417305,0.000112340038310112,0.22384045478625345,-0.34995246045417305,0.000112340038310112,0.22384045478625345,-0.3499512394669381,9.62369204888605e-05,0.22384009186719214,-0.3269856611834925,-1.4200227896319788,1.2360148429870605,-1.3860333601581019,-1.5709903875934046,2.7379965782165527,0.0,0.0,-0.0,0.0,0.0,0.0,-0.32702974116667927,-1.420103547442616,1.2360730016501218,-1.3861098706789245,-1.5709174298313329,2.738085289024253,-9.458976625623632e-05,-6.369161357580247e-05,8.318581096518487e-05,-5.1320424062361794e-05,5.845207941494376e-05,0.0001351350253180625,-0.0006050177644218652,-8.035428676769065,-6.268909775906879,-0.9627229274158251,-5.414851975912993e-05,1.2397518732935011e-06,28.0,28.0,14.0,6.0,6.0,6.0
0.7487262070234868,1.0,1.6153418326720326e-05,0.00010184146268096353,-0.34995246045417305,0.000112340038310112,0.22384045478625345,-0.34995246045417305,0.000112340038310112,0.22384045478625345,-0.3499512394669381,9.62369204888605e-05,0.22384009186719214,-0.3269856611834925,-1.4200227896319788,1.2360148429870605,-1.3860333601581019,-1.5709903875934046,2.7379965782165527,0.0,0.0,-0.0,0.0,0.0,0.0,-0.32703014012200643,-1.4201038175735714,1.2360733603380767,-1.386110105808915,-1.5709171820239716,2.7380858645210653,-9.973883179640122e-05,-6.753273886560936e-05,8.967198871390341e-05,-5.878249761027311e-05,6.195184030723499e-05,0.00014387420309165547,-0.0006050177644218652,-8.035428676769065,-6.268909775906879,-0.9627229274158251,-5.414851975912993e-05,1.2397518732935011e-06,28.0,28.0,14.0,6.0,6.0,6.0
0.7527262070234868,1.0,2.902534863467035e-05,0.00010987809310553932,-0.34995246045417305,0.000112340038310112,0.22384045478625345,-0.34995246045417305,0.000112340038310112,0.22384045478625345,-0.34996389195233,0.00011738437614409603,0.22386665299934266,-0.327033821736471,-1.420058552418844,1.235978603363037,-1.386080567036764,-1.5709903875934046,2.7379965782165527,0.0,0.0,-0.0,0.0,0.0,0.0,-0.32703053077582966,-1.4201040166333128,1.236073660125601,-1.3861102339295646,-1.5709169210733553,2.7380864450598894,-9.76634558089076e-05,-4.9764935354130026e-05,7.494688106240956e-05,-3.203016238641889e-05,6.523765407558044e-05,0.0001451347059958744,-0.0006547429476853315,-8.033240866010873,-6.268344555080948,-0.9626328039494016,-4.1732937563745105e-05,6.180855635783148e-07,28.0,28.0,14.0,6.0,6.0,6.0
0.7577842900082472,1.0,2.902534863467035e-05,0.00010987809310553932,-0.34995246045417305,0.000112340038310112,0.22384045478625345,-0.34995246045417305,0.000112340038310112,0.22384045478625345,-0.34996389195233,0.00011738437614409603,0.22386665299934266,-0.327033821736471,-1.420058552418844,1.235978603363037,-1.386080567036764,-1.5709903875934046,2.7379965782165527,0.0,0.0,-0.0,0.0,0.0,0.0,-0.3270309136262392,-1.420104148886113,1.2360739045467206,-1.3861102614614336,-1.5709166477680794,2.738087030338204,-9.57126023806636e-05,-3.3063200053339446e-05,6.110527987000535e-05,-6.882967275995923e-06,6.832631901782516e-05,0.00014631957872584018,-0.0006547429476853315,-8.033240866010873,-6.268344555080948,-0.9626328039494016,-4.1732937563745105e-05,6.180855635783148e-07,28.0,28.0,14.0,6.0,6.0,6.0
0.7617842900082472,1.0,2.902534863467035e-05,0.00010987809310553932,-0.34995246045417305,0.000112340038310112,0.22384045478625345,-0.34995246045417305,0.000112340038310112,0.22384045478625345,-0.34996389195233,0.00011738437614409603,0.22386665299934266,-0.327033821736471,-1.420058552418844,1.235978603363037,-1.386080567036764,-1.5709903875934046,2.7379965782165527,0.0,0.0,-0.0,0.0,0.0,0.0,-0.32703128914143986,-1.4201042183403885,1.2360740969234196,-1.386110194439849,-1.5709163628494232,2.7380876200716404,-9.387880015811424e-05,-1.73635688705963e-05,4.809417474914539e-05,1.6755396127801667e-05,7.12296640635352e-05,0.000147433359092008,-0.0006547429476853315,-8.033240866010873,-6.268344555080948,-0.9626328039494016,-4.1732937563745105e-05,6.180855635783148e-07,28.0,28.0,14.0,6.0,6.0,6.0
0.7665111050165727,1.0,9.676106371081236e-06,4.129836864607433e-05,-0.34995246045417305,0.000112340038310112,0.22384045478625345,-0.34995246045417305,0.000112340038310112,0.22384045478625345,-0.34994307490255927,0.00011449504166046068,0.22384140052192977,-0.3270457426654261,-1.420058552418844,1.2360506057739258,-1.3860333601581019,-1.5709903875934046,2.7380564212799072,0.0,0.0,-0.0,0.0,0.0,0.0,-0.32703165088708175,-1.4201042937808268,1.236074303186775,-1.3861101736314092,-1.5709160670190139,2.7380881381935724,-9.04364104700274e-05,-1.886010956097411e-05,5.1565838824575635e-05,5.202109953980244e-06,7.395760229744122e-05,0.00012953048301739481,-9.48384151631932e-05,-8.0348746802914,-6.268869977337527,-0.9627197500241118,-3.865214219124267e-05,-3.075623505497469e-07,28.0,28.0,14.0,6.0,6.0,6.0
0.7705111050165727,1.0,9.676106371081236e-06,4.129836864607433e-05,-0.34995246045417305,0.000112340038310112,0.22384045478625345,-0.34995246045417305,0.000112340038310112,0.22384045478625345,-0.34994307490255927,0.00011449504166046068,0.22384140052192977,-0.3270457426654261,-1.420058552418844,1.2360506057739258,-1.3860333601581019,-1.5709903875934046,2.7380564212799072,0.0,0.0,-0.0,0.0,0.0,0.0,-0.3270319996893384,-1.420104374848258,1.2360745225035872,-1.3861101962633253,-1.570915760931557,2.7380885890006903,-8.720056416322578e-05,-2.0266857809929248e-05,5.4829203055480063e-05,-5.657979049411896e-06,7.652186423731288e-05,0.00011270177950725841,-9.48384151631932e-05,-8.0348746802914,-6.268869977337527,-0.9627197500241118,-3.865214219124267e-05,-3.075623505497469e-07,28.0,28.0,14.0,6.0,6.0,6.0
0.775553753017681,1.0,9.676106371081236e-06,4.129836864607433e-05,-0.34995246045417305,0.000112340038310112,0.22384045478625345,-0.34995246045417305,0.000112340038310112,0.22384045478625345,-0.34994307490255927,0.00011449504166046068,0.22384140052192977,-0.3270457426654261,-1.420058552418844,1.2360506057739258,-1.3860333601581019,-1.5709903875934046,2.7380564212799072,0.0,0.0,-0.0,0.0,0.0,0.0,-0.32703233632481293,-1.4201044612050626,1.236074754090649,-1.3861102597291761,-1.5709154452024752,2.738088976531883,-8.415886863483225e-05,-2.158920116394708e-05,5.789676543253023e-05,-1.5866462712600508e-05,7.893227046079224e-05,9.68827982077302e-05,-9.48384151631932e-05,-8.0348746802914,-6.268869977337527,-0.9627197500241118,-3.865214219124267e-05,-3.075623505497469e-07,28.0,28.0,14.0,6.0,6.0,6.0
0.779553753017681,1.0,4.2431297467930196e-06,7.622992496791883e-05,-0.34995246045417305,0.000112340038310112,0.22384045478625345,-0.34995246045417305,0.000112340038310112,0.22384045478625345,-0.34995399887339196,0.0001096893866192118,0.22383752025699502,-0.3270214239703577,-1.4200347105609339,1.2360506057739258,-1.386080567036764,-1.5709903875934046,2.7379846572875977,0.0,0.0,-0.0,0.0,0.0,0.0,-0.32703267550353127,-1.4201045534179444,1.2360749766973116,-1.3861103132622745,-1.570915120401618,2.7380894012912664,-8.479467958210598e-05,-2.3053220450223473e-05,5.5651665660103874e-05,-1.3383274603481712e-05,8.12002142560808e-05,0.00010618984585784185,-0.0003367458582513425,-8.03527312922131,-6.269011619410777,-0.9627301482705538,-4.492548854107002e-05,9.320799879489851e-07,28.0,28.0,14.0,6.0,6.0,6.0
0.7845655300037473,1.0,4.2431297467930196e-06,7.622992496791883e-05,-0.34995246045417305,0.000112340038310112,0.22384045478625345,-0.34995246045417305,0.000112340038310112,0.22384045478625345,-0.34995399887339196,0.0001096893866192118,0.22383752025699502,-0.3270214239703577,-1.4200347105609339,1.2360506057739258,-1.386080567036764,-1.5709903875934046,2.7379846572875977,0.0,0.0,-0.0,0.0,0.0,0.0,-0.3270330170728988,-1.4201046511355386,1.236075190862399,-1.3861103574585856,-1.5709147870732925,2.738089861045149,-8.539234187254328e-05,-2.4429398579323283e-05,5.35412718740231e-05,-1.1049077780910045e-05,8.333208142365204e-05,0.00011493847064894682,-0.0003367458582513425,-8.03527312922131,-6.269011619410777,-0.9627301482705538,-4.492548854107002e-05,9.320799879489851e-07,28.0,28.0,14.0,6.0,6.0,6.0
0.7885655300037473,1.0,4.2431297467930196e-06,7.622992496791883e-05,-0.34995246045417305,0.000112340038310112,0.22384045478625345,-0.34995246045417305,0.000112340038310112,0.22384045478625345,-0.34995399887339196,0.0001096893866192118,0.22383752025699502,-0.3270214239703577,-1.4200347105609339,1.2360506057739258,-1.386080567036764,-1.5709903875934046,2.7379846572875977,0.0,0.0,-0.0,0.0,0.0,0.0,-0.3270333608894765,-1.4201047540275626,1.2360753970924059,-1.3861103928783167,-1.5709144457291462,2.7380903536938606,-8.595414442555434e-05,-2.5723006020677105e-05,5.155750171510717e-05,-8.854932767692677e-06,8.5336036561169e-05,0.00012316217795258549,-0.0003367458582513425,-8.03527312922131,-6.269011619410777,-0.9627301482705538,-4.492548854107002e-05,9.320799879489851e-07,28.0,28.0,14.0,6.0,6.0,6.0
0.7931783589869741,1.0,2.082868848590458e-05,6.481653991632566e-05,-0.34995246045417305,0.000112340038310112,0.22384045478625345,-0.34995246045417305,0.000112340038310112,0.22384045478625345,-0.3499620751751145,0.00010709007495025082,0.2238581700138834,-0.3270214239703577,-1.420046631489889,1.2359905242919922,-1.3860686461078089,-1.5709660688983362,2.738032579421997,0.0,0.0,-0.0,0.0,0.0,0.0,-0.3270336980701395,-1.4201048180131604,1.2360755730126796,-1.386110371770447,-1.5709141248566658,2.7380908308057,-8.429516575294237e-05,-1.5996399449188737e-05,4.3980068423976347e-05,5.276967442715404e-06,8.021812008788858e-05,0.00011927795985839783,-0.00048790607521316927,-8.033940809218802,-6.268527540678345,-0.9626611788157475,-4.2352107294391806e-05,3.1363786604245195e-07,28.0,28.0,14.0,6.0,6.0,6.0
0.7971783589869741,1.0,2.082868848590458e-05,6.481653991632566e-05,-0.34995246045417305,0.000112340038310112,0.22384045478625345,-0.34995246045417305,0.000112340038310112,0.22384045478625345,-0.3499620751751145,0.00010709007495025082,0.2238581700138834,-0.3270214239703577,-1.420046631489889,1.2359905242919922,-1.3860686461078089,-1.5709660688983362,2.738032579421997,0.0,0.0,-0.0,0.0,0.0,0.0,-0.3270340290130427,-1.4201048454267173,1.236075720441804,-1.3861102975266324,-1.5709138232275515,2.738091293312879,-8.273572580068712e-05,-6.853389271989672e-06,3.685728113031337e-05,1.8560953640499e-05,7.540727860300497e-05,0.00011562679484986143,-0.00048790607521316927,-8.033940809218802,-6.268527540678345,-0.9626611788157475,-4.2352107294391806e-05,3.1363786604245195e-07,28.0,28.0,14.0,6.0,6.0,6.0
0.8022352550011131,1.0,2.082868848590458e-05,6.481653991632566e-05,-0.34995246045417305,0.000112340038310112,0.22384045478625345,-0.34995246045417305,0.000112340038310112,0.22384045478625345,-0.3499620751751145,0.00010709007495025082,0.2238581700138834,-0.3270214239703577,-1.420046631489889,1.2359905242919922,-1.3860686461078089,-1.5709660688983362,2.738032579421997,0.0,0.0,-0.0,0.0,0.0,0.0,-0.3270343540924517,-1.420104838462556,1.2360758410892483,-1.3861101733350298,-1.570913539687201,2.738091742091678,-8.126985224556717e-05,1.741040294577451e-06,3.016186107427017e-05,3.104790066641558e-05,7.088508760721438e-05,0.00011219469974183722,-0.00048790607521316927,-8.033940809218802,-6.268527540678345,-0.9626611788157475,-4.2352107294391806e-05,3.1363786604245195e-07,28.0,28.0,14.0,6.0,6.0,6.0
0.8062352550011131,1.0,1.5906602443190427e-05,4.364297514480746e-05,-0.34995246045417305,0.000112340038310112,0.22384045478625345,-0.34995246045417305,0.000112340038310112,0.22384045478625345,-0.3499620889461531,0.0001235622029150279,0.22384631782002923,-0.3270457426654261,-1.4200108687030237,1.2359905242919922,-1.3860686461078089,-1.5710023085223597,2.738032579421997,0.0,0.0,-0.0,0.0,0.0,0.0,-0.3270346727226354,-1.420104845299253,1.2360759748965786,-1.3861100355940594,-1.570913231422469,2.7380921508887215,-7.965754593173573e-05,-1.7091742358698418e-06,3.345183255993014e-05,3.443524260686565e-05,7.706618297564106e-05,0.00010219926080415884,-0.00013438753258097812,-8.035437602195898,-6.268826701609076,-0.962693469472565,-3.9914078348157305e-05,-5.894544050738358e-11,28.0,28.0,14.0,6.0,6.0,6.0
0.8106913549969907,1.0,1.5906602443190427e-05,4.364297514480746e-05,-0.34995246045417305,0.000112340038310112,0.22384045478625345,-0.34995246045417305,0.000112340038310112,0.22384045478625345,-0.3499620889461531,0.0001235622029150279,0.22384631782002923,-0.3270457426654261,-1.4200108687030237,1.2359905242919922,-1.3860686461078089,-1.5710023085223597,2.738032579421997,0.0,0.0,-0.0,0.0,0.0,0.0,-0.3270349852905474,-1.4201048651087567,1.2360761210742017,-1.3861098851166833,-1.5709128999168185,2.738092522102914,-7.814197799673418e-05,-4.952375894490297e-06,3.654440575645051e-05,3.761934403088872e-05,8.287641262196215e-05,9.280354820274116e-05,-0.00013438753258097812,-8.035437602195898,-6.268826701609076,-0.962693469472565,-3.9914078348157305e-05,-5.894544050738358e-11,28.0,28.0,14.0,6.0,6.0,6.0
0.8146913549969907,1.0,1.1544429842420011e-05,3.405777013183091e-05,-0.34995246045417305,0.000112340038310112,0.22384045478625345,-0.34995246045417305,0.000112340038310112,0.22384045478625345,-0.3499595572132517,0.00011057515437446814,0.22383152197842726,-0.327033821736471,-1.4199984709369105,1.2360267639160156,-1.3860686461078089,-1.5709660688983362,2.738020658493042,0.0,0.0,-0.0,0.0,0.0,0.0,-0.3270352859439149,-1.420104924477732,1.2360762931777454,-1.386109765613227,-1.5709125882982216,2.7380928916705467,-7.516334186944093e-05,-1.4842243847579018e-05,4.3025885895359744e-05,2.987586403311473e-05,7.790464920835238e-05,9.239190812936331e-05,0.0001516674066805747,-8.036440129660244,-6.269162027350616,-0.9627433280904715,-3.914619036949545e-05,3.076704025701001e-07,28.0,28.0,14.0,6.0,6.0,6.0
0.8198444259867541,1.0,1.1544429842420011e-05,3.405777013183091e-05,-0.34995246045417305,0.000112340038310112,0.22384045478625345,-0.34995246045417305,0.000112340038310112,0.22384045478625345,-0.3499595572132517,0.00011057515437446814,0.22383152197842726,-0.327033821736471,-1.4199984709369105,1.2360267639160156,-1.3860686461078089,-1.5709660688983362,2.738020658493042,0.0,0.0,-0.0,0.0,0.0,0.0,-0.3270355753976105,-1.420105021032611,1.2360764896516543,-1.3861096752252557,-1.5709122953734551,2.7380932596904124,-7.236342390978527e-05,-2.4138719723482416e-05,4.911847722593443e-05,2.259699283520718e-05,7.323119159955921e-05,9.200496646038813e-05,0.0001516674066805747,-8.036440129660244,-6.269162027350616,-0.9627433280904715,-3.914619036949545e-05,3.076704025701001e-07,28.0,28.0,14.0,6.0,6.0,6.0
0.8238444259867541,1.0,1.1544429842420011e-05,3.405777013183091e-05,-0.34995246045417305,0.000112340038310112,0.22384045478625345,-0.34995246045417305,0.000112340038310112,0.22384045478625345,-0.3499595572132517,0.00011057515437446814,0.22383152197842726,-0.327033821736471,-1.4199984709369105,1.2360267639160156,-1.3860686461078089,-1.5709660688983362,2.738020658493042,0.0,0.0,-0.0,0.0,0.0,0.0,-0.32703585432361465,-1.4201051525422392,1.2360767090337066,-1.38610961220584,-1.5709120200208893,2.7380936262553774,-6.973150102770895e-05,-3.2877407046831615e-05,5.484551307667463e-05,1.575485390917408e-05,6.883814144729362e-05,9.164124129155145e-05,0.0001516674066805747,-8.036440129660244,-6.269162027350616,-0.9627433280904715,-3.914619036949545e-05,3.076704025701001e-07,28.0,28.0,14.0,6.0,6.0,6.0
0.8288431419886186,1.0,1.1544429842420011e-05,3.405777013183091e-05,-0.34995246045417305,0.000112340038310112,0.22384045478625345,-0.34995246045417305,0.000112340038310112,0.22384045478625345,-0.3499595572132517,0.00011057515437446814,0.22383152197842726,-0.327033821736471,-1.4199984709369105,1.2360267639160156,-1.3860686461078089,-1.5709660688983362,2.738020658493042,0.0,0.0,-0.0,0.0,0.0,0.0,-0.3270361233535887,-1.4201053169093318,1.2360769499494138,-1.3861095749128667,-1.570911761186192,2.738093991452736,-6.725749351855721e-05,-4.109177313077986e-05,6.022892677637042e-05,9.32324331870297e-06,6.470867430416397e-05,9.129933963284498e-05,0.0001516674066805747,-8.036440129660244,-6.269162027350616,-0.9627433280904715,-3.914619036949545e-05,3.076704025701001e-07,28.0,28.0,14.0,6.0,6.0,6.0
0.8328431419886186,1.0,2.0526906184407158e-05,4.8639421660584995e-05,-0.34995246045417305,0.000112340038310112,0.22384045478625345,-0.34995246045417305,0.000112340038310112,0.22384045478625345,-0.3499593794546656,0.00011051485615998509,0.2238596940694991,-0.327033821736471,-1.420046631489889,1.235978603363037,-1.386045281087057,-1.5709660688983362,2.738044500350952,0.0,0.0,-0.0,0.0,0.0,0.0,-0.3270363831058891,-1.4201054449056734,1.2360771753015891,-1.3861095092390203,-1.5709115178765483,2.7380943278741245,-6.493807509655822e-05,-3.199908539792718e-05,5.633804385470449e-05,1.6418461563218335e-05,6.0827410938762814e-05,8.41053470875735e-05,-0.0003184924181593246,-8.03400899775023,-6.26847468968171,-0.9626552071380655,-3.915307258365267e-05,-1.0656044630009292e-10,28.0,28.0,14.0,6.0,6.0,6.0
0.8374345989814032,1.0,2.0526906184407158e-05,4.8639421660584995e-05,-0.34995246045417305,0.000112340038310112,0.22384045478625345,-0.34995246045417305,0.000112340038310112,0.22384045478625345,-0.3499593794546656,0.00011051485615998509,0.2238596940694991,-0.327033821736471,-1.420046631489889,1.235978603363037,-1.386045281087057,-1.5709660688983362,2.738044500350952,0.0,0.0,-0.0,0.0,0.0,0.0,-0.32703663413717626,-1.420105538713509,1.2360773860240448,-1.3861094168871535,-1.5709112891604549,2.738094637246101,-6.275782177987918e-05,-2.3451958929045656e-05,5.268061390833851e-05,2.3087966713062778e-05,5.7179023375285725e-05,7.734299409501829e-05,-0.0003184924181593246,-8.03400899775023,-6.26847468968171,-0.9626552071380655,-3.915307258365267e-05,-1.0656044630009292e-10,28.0,28.0,14.0,6.0,6.0,6.0
0.8414345989814032,1.0,1.0654110536150467e-05,3.57669589489179e-05,-0.34995246045417305,0.000112340038310112,0.22384045478625345,-0.34995246045417305,0.000112340038310112,0.22384045478625345,-0.349959789052014,0.00011638132905647788,0.22384704794134833,-0.32705766359438115,-1.4200347105609339,1.2360148429870605,-1.3860686461078089,-1.5709541479693812,2.738044500350952,0.0,0.0,-0.0,0.0,0.0,0.0,-0.3270368589600994,-1.4201056186038432,1.2360775812950737,-1.3861093080932234,-1.5709110879002963,2.7380949117362623,-5.6205730780270486e-05,-1.997258355160694e-05,4.881775720129676e-05,2.7198482507298137e-05,5.031503962012112e-05,6.862254027416878e-05,0.00014777050247640085,-8.034942251498919,-6.268793454867424,-0.9626942669424211,-3.173782439278634e-05,-3.076675275385955e-07,28.0,28.0,14.0,6.0,6.0,6.0
0.8464250029874969,1.0,1.0654110536150467e-05,3.57669589489179e-05,-0.34995246045417305,0.000112340038310112,0.22384045478625345,-0.34995246045417305,0.000112340038310112,0.22384045478625345,-0.349959789052014,0.00011638132905647788,0.22384704794134833,-0.32705766359438115,-1.4200347105609339,1.2360148429870605,-1.3860686461078089,-1.5709541479693812,2.738044500350952,0.0,0.0,-0.0,0.0,0.0,0.0,-0.32703705914716036,-1.420105685411726,1.2360777620417613,-1.386109183843754,-1.5709109124487168,2.738095153437517,-5.0046765240638314e-05,-1.670197069681455e-05,4.518667189667751e-05,3.106236735387937e-05,4.386289489026638e-05,6.042531368257024e-05,0.00014777050247640085,-8.034942251498919,-6.268793454867424,-0.9626942669424211,-3.173782439278634e-05,-3.076675275385955e-07,28.0,28.0,14.0,6.0,6.0,6.0
0.8504250029874969,1.0,1.0654110536150467e-05,3.57669589489179e-05,-0.34995246045417305,0.000112340038310112,0.22384045478625345,-0.34995246045417305,0.000112340038310112,0.22384045478625345,-0.349959789052014,0.00011638132905647788,0.22384704794134833,-0.32705766359438115,-1.4200347105609339,1.2360148429870605,-1.3860686461078089,-1.5709541479693812,2.738044500350952,0.0,0.0,-0.0,0.0,0.0,0.0,-0.32703723617651087,-1.4201057399221044,1.2360779291355681,-1.3861090450660776,-1.5709107612572015,2.7380953643171995,-4.425733763338407e-05,-1.3627594613309701e-05,4.177345171033541e-05,3.469441910966574e-05,3.7797878844202935e-05,5.271992068646761e-05,0.00014777050247640085,-8.034942251498919,-6.268793454867424,-0.9626942669424211,-3.173782439278634e-05,-3.076675275385955e-07,28.0,28.0,14.0,6.0,6.0,6.0
0.8555412659845318,1.0,8.608107445121545e-06,1.2397784023397225e-05,-0.34995246045417305,0.000112340038310112,0.22384045478625345,-0.34995246045417305,0.000112340038310112,0.22384045478625345,-0.34995746141626044,0.00010552508694799469,0.22384208154066615,-0.3270214239703577,-1.4200227896319788,1.2360148429870605,-1.3860567251788538,-1.5709660688983362,2.738044500350952,0.0,0.0,-0.0,0.0,0.0,0.0,-0.32703741656129304,-1.420105804800217,1.23607810667042,-1.3861089214373614,-1.57091061912923,2.738095562849132,-4.509619554089003e-05,-1.6219528158410702e-05,4.438371298461307e-05,3.090717901913941e-05,3.553199291943367e-05,4.963298318570784e-05,-0.00017302856776411443,-8.035361811752232,-6.268894038732921,-0.9627125736069062,-4.234729436063421e-05,1.5996084899140555e-07,28.0,28.0,14.0,6.0,6.0,6.0
0.8595412659845318,1.0,8.608107445121545e-06,1.2397784023397225e-05,-0.34995246045417305,0.000112340038310112,0.22384045478625345,-0.34995246045417305,0.000112340038310112,0.22384045478625345,-0.34995746141626044,0.00010552508694799469,0.22384208154066615,-0.3270214239703577,-1.4200227896319788,1.2360148429870605,-1.3860567251788538,-1.5709660688983362,2.738044500350952,0.0,0.0,-0.0,0.0,0.0,0.0,-0.32703760010018096,-1.4201058794239998,1.2360782940198545,-1.386108812048668,-1.5709104855209892,2.73809574977418,-4.588472197394564e-05,-1.8655945690805643e-05,4.6837358582434076e-05,2.7347173334044662e-05,3.3402060150150556e-05,4.673126193499365e-05,-0.00017302856776411443,-8.035361811752232,-6.268894038732921,-0.9627125736069062,-4.234729436063421e-05,1.5996084899140555e-07,28.0,28.0,14.0,6.0,6.0,6.0
0.8640306119844321,1.0,8.608107445121545e-06,1.2397784023397225e-05,-0.34995246045417305,0.000112340038310112,0.22384045478625345,-0.34995246045417305,0.000112340038310112,0.22384045478625345,-0.34995746141626044,0.00010552508694799469,0.22384208154066615,-0.3270214239703577,-1.4200227896319788,1.2360148429870605,-1.3860567251788538,-1.5709660688983362,2.738044500350952,0.0,0.0,-0.0,0.0,0.0,0.0,-0.32703778660392824,-1.4201059632087125,1.2360784905949962,-1.386108716045596,-1.570910359921296,2.738095925788756,-4.662593682101791e-05,-2.0946178171256888e-05,4.914378544438582e-05,2.4000767990055598e-05,3.139992334702443e-05,4.4003643959322314e-05,-0.00017302856776411443,-8.035361811752232,-6.268894038732921,-0.9627125736069062,-4.234729436063421e-05,1.5996084899140555e-07,28.0,28.0,14.0,6.0,6.0,6.0
0.8680306119844321,1.0,1.72131684803349e-05,5.23007280678515e-05,-0.34995246045417305,0.000112340038310112,0.22384045478625345,-0.34995246045417305,0.000112340038310112,0.22384045478625345,-0.3499601104858092,0.00010069616098657757,0.2238505637083509,-0.32699758211244756,-1.4200347105609339,1.2360029220581055,-1.3860686461078089,-1.5709779898272913,2.738044500350952,0.0,0.0,-0.0,0.0,0.0,0.0,-0.3270379939062856,-1.4201060313977467,1.2360786739767111,-1.386108593780238,-1.5709102281114469,2.738096101001907,-5.182558933688788e-05,-1.704725852405013e-05,4.584542874805583e-05,3.0566339522347545e-05,3.2952462250588466e-05,4.3803287724666636e-05,-0.0006686100659481645,-8.034505963748158,-6.268701426802159,-0.9626873419398945,-4.9763564685504524e-05,4.674968832290281e-07,28.0,28.0,14.0,6.0,6.0,6.0
0.8731528119882572,1.0,1.72131684803349e-05,5.23007280678515e-05,-0.34995246045417305,0.000112340038310112,0.22384045478625345,-0.34995246045417305,0.000112340038310112,0.22384045478625345,-0.3499601104858092,0.00010069616098657757,0.2238505637083509,-0.32699758211244756,-1.4200347105609339,1.2360029220581055,-1.3860686461078089,-1.5709779898272913,2.738044500350952,0.0,0.0,-0.0,0.0,0.0,0.0,-0.32703822075933636,-1.420106084926843,1.236078844956605,-1.386108446828331,-1.5709100904640516,2.7380962754617184,-5.6713262701805646e-05,-1.3382274055675778e-05,4.274497345350564e-05,3.6737976762701975e-05,3.441184881993865e-05,4.36149528640903e-05,-0.0006686100659481645,-8.034505963748158,-6.268701426802159,-0.9626873419398945,-4.9763564685504524e-05,4.674968832290281e-07,28.0,28.0,14.0,6.0,6.0,6.0
0.8771528119882572,1.0,1.72131684803349e-05,5.23007280678515e-05,-0.34995246045417305,0.000112340038310112,0.22384045478625345,-0.34995246045417305,0.000112340038310112,0.22384045478625345,-0.3499601104858092,0.00010069616098657757,0.2238505637083509,-0.32699758211244756,-1.4200347105609339,1.2360029220581055,-1.3860686461078089,-1.5709779898272913,2.738044500350952,0.0,0.0,-0.0,0.0,0.0,0.0,-0.327038465990039,-1.4201061246755977,1.2360790042787868,-1.3861082766710677,-1.5709099473293628,2.7380964492133906,-6.130767566482835e-05,-9.937188655403887e-06,3.983054547662846e-05,4.253931576863514e-05,3.5783672195127834e-05,4.343791809514854e-05,-0.0006686100659481645,-8.034505963748158,-6.268701426802159,-0.9626873419398945,-4.9763564685504524e-05,4.674968832290281e-07,28.0,28.0,14.0,6.0,6.0,6.0
0.8823771229849666,1.0,1.4459944859808195e-05,9.190619961676391e-05,-0.34995246045417305,0.000112340038310112,0.22384045478625345,-0.34995246045417305,0.000112340038310112,0.22384045478625345,-0.34995501961809733,0.00011699182314536695,0.22385390475217176,-0.327033821736471,-1.4200704733477991,1.2360386848449707,-1.386092487965719,-1.5710023085223597,2.7379846572875977,0.0,0.0,-0.0,0.0,0.0,0.0,-0.3270387164334372,-1.420106122205177,1.2360791163055398,-1.3861080501786378,-1.5709097710419602,2.738096661553875,-6.261084954269297e-05,6.176052117087321e-07,2.8006688268921354e-05,5.6623107504736256e-05,4.407185069489941e-05,5.308512105771147e-05,-0.0006231660158354938,-8.033647132554357,-6.268633901753726,-0.9626788446109432,-4.2995681789282783e-05,7.719746247330168e-07,28.0,28.0,14.0,6.0,6.0,6.0
0.8863771229849666,1.0,1.4459944859808195e-05,9.190619961676391e-05,-0.34995246045417305,0.000112340038310112,0.22384045478625345,-0.34995246045417305,0.000112340038310112,0.22384045478625345,-0.34995501961809733,0.00011699182314536695,0.22385390475217176,-0.327033821736471,-1.4200704733477991,1.2360386848449707,-1.386092487965719,-1.5710023085223597,2.7379846572875977,0.0,0.0,-0.0,0.0,0.0,0.0,-0.32703897177676916,-1.420106080048731,1.2360791838745897,-1.3861077707311509,-1.5709095635910062,2.738096910167842,-6.383583298788571e-05,1.0539111446794595e-05,1.689226249367667e-05,6.986187173667131e-05,5.186273848468469e-05,6.215349184252061e-05,-0.0006231660158354938,-8.033647132554357,-6.268633901753726,-0.9626788446109432,-4.2995681789282783e-05,7.719746247330168e-07,28.0,28.0,14.0,6.0,6.0,6.0
0.8909685799777511,1.0,1.4459944859808195e-05,9.190619961676391e-05,-0.34995246045417305,0.000112340038310112,0.22384045478625345,-0.34995246045417305,0.000112340038310112,0.22384045478625345,-0.34995501961809733,0.00011699182314536695,0.22385390475217176,-0.327033821736471,-1.4200704733477991,1.2360386848449707,-1.386092487965719,-1.5710023085223597,2.7379846572875977,0.0,0.0,-0.0,0.0,0.0,0.0,-0.3270392317260389,-1.4201060005874218,1.2360792096533988,-1.3861074415059105,-1.5709093268463141,2.7380971928788838,-6.49873174263669e-05,1.9865327307775305e-05,6.444702264946668e-06,8.230631011469026e-05,5.918617300708286e-05,7.067776038024121e-05,-0.0006231660158354938,-8.033647132554357,-6.268633901753726,-0.9626788446109432,-4.2995681789282783e-05,7.719746247330168e-07,28.0,28.0,14.0,6.0,6.0,6.0
0.8949685799777511,1.0,1.1435613740718584e-05,5.103168892010556e-05,-0.34995246045417305,0.000112340038310112,0.22384045478625345,-0.34995246045417305,0.000112340038310112,0.22384045478625345,-0.34995085604255083,0.00010172944003669088,0.2238444062833436,-0.32700950304140264,-1.420058552418844,1.2360506057739258,-1.3860686461078089,-1.5709779898272913,2.738020658493042,0.0,0.0,-0.0,0.0,0.0,0.0,-0.3270395012139592,-1.4201059147163206,1.23607922604209,-1.3861071216423342,-1.570909090564629,2.738097488972689,-6.737198007277942e-05,2.1467775253188857e-05,4.097172833441598e-06,7.996589407499088e-05,5.907042129840561e-05,7.402345128570726e-05,-0.0005447531406028377,-8.034403606611647,-6.268825680387829,-0.9627119493913757,-4.6689199071577913e-05,6.21359563539388e-07,28.0,28.0,14.0,6.0,6.0,6.0
0.9000800929677211,1.0,1.1435613740718584e-05,5.103168892010556e-05,-0.34995246045417305,0.000112340038310112,0.22384045478625345,-0.34995246045417305,0.000112340038310112,0.22384045478625345,-0.34995085604255083,0.00010172944003669088,0.2238444062833436,-0.32700950304140264,-1.420058552418844,1.2360506057739258,-1.3860686461078089,-1.5709779898272913,2.738020658493042,0.0,0.0,-0.0,0.0,0.0,0.0,-0.327039779668211,-1.4201058228200154,1.2360792336040707,-1.3861068105787222,-1.5709088547181702,2.738097797646292,-6.96135629604072e-05,2.2974076321877597e-05,1.8904951678268324e-06,7.776590299767347e-05,5.896161469224899e-05,7.716840073684534e-05,-0.0005447531406028377,-8.034403606611647,-6.268825680387829,-0.9627119493913757,-4.6689199071577913e-05,6.21359563539388e-07,28.0,28.0,14.0,6.0,6.0,6.0
0.9040800929677211,1.0,1.491710612352721e-05,5.397200173659695e-05,-0.34995246045417305,0.000112340038310112,0.22384045478625345,-0.34995246045417305,0.000112340038310112,0.22384045478625345,-0.34995628155586267,9.794699708401941e-05,0.22383958323519804,-0.3269856611834925,-1.4200227896319788,1.2360267639160156,-1.3860686461078089,-1.5709903875934046,2.738044500350952,0.0,0.0,-0.0,0.0,0.0,0.0,-0.32704008471562124,-1.4201057543376425,1.2360792593449865,-1.3861065189074075,-1.5709086049950127,2.7380980999800157,-7.626185255173702e-05,1.712059322865976e-05,6.435228971606658e-06,7.291782867979183e-05,6.243078936589989e-05,7.558343095375406e-05,-0.0006800653392902423,-8.035305944696441,-6.268953929128552,-0.9627241273129139,-5.415004153689354e-05,6.213864980894657e-07,28.0,28.0,14.0,6.0,6.0,6.0
0.9092699709606826,1.0,1.491710612352721e-05,5.397200173659695e-05,-0.34995246045417305,0.000112340038310112,0.22384045478625345,-0.34995246045417305,0.000112340038310112,0.22384045478625345,-0.34995628155586267,9.794699708401941e-05,0.22383958323519804,-0.3269856611834925,-1.4200227896319788,1.2360267639160156,-1.3860686461078089,-1.5709903875934046,2.738044500350952,0.0,0.0,-0.0,0.0,0.0,0.0,-0.3270404147606003,-1.420105707864366,1.2360793021741014,-1.3861062454648523,-1.5709083422277585,2.7380983963542533,-8.251124476758705e-05,1.1618319121034996e-05,1.0707278747159694e-05,6.836063882098308e-05,6.569181355913173e-05,7.409355935764825e-05,-0.0006800653392902423,-8.035305944696441,-6.268953929128552,-0.9627241273129139,-5.415004153689354e-05,6.213864980894657e-07,28.0,28.0,14.0,6.0,6.0,6.0
0.9132699709606826,1.0,1.491710612352721e-05,5.397200173659695e-05,-0.34995246045417305,0.000112340038310112,0.22384045478625345,-0.34995246045417305,0.000112340038310112,0.22384045478625345,-0.34995628155586267,9.794699708401941e-05,0.22383958323519804,-0.3269856611834925,-1.4200227896319788,1.2360267639160156,-1.3860686461078089,-1.5709903875934046,2.738044500350952,0.0,0.0,-0.0,0.0,0.0,0.0,-0.3270407683032941,-1.42010568207964,1.2360793610661236,-1.3861059891573309,-1.5709080671990534,2.738098687126574,-8.838567345048608e-05,6.4461814598677175e-06,1.4723005536179546e-05,6.407688035370286e-05,6.875717630076966e-05,7.26930800573088e-05,-0.0006800653392902423,-8.035305944696441,-6.268953929128552,-0.9627241273129139,-5.415004153689354e-05,6.213864980894657e-07,28.0,28.0,14.0,6.0,6.0,6.0
0.91784124296275,1.0,1.491710612352721e-05,5.397200173659695e-05,-0.34995246045417305,0.000112340038310112,0.22384045478625345,-0.34995246045417305,0.000112340038310112,0.22384045478625345,-0.34995628155586267,9.794699708401941e-05,0.22383958323519804,-0.3269856611834925,-1.4200227896319788,1.2360267639160156,-1.3860686461078089,-1.5709903875934046,2.738044500350952,0.0,0.0,-0.0,0.0,0.0,0.0,-0.32704114393383976,-1.4201056757421517,1.2360794350572786,-1.3861057489567412,-1.5709077806445844,2.7380989726330918,-9.390763641241117e-05,1.584372058370475e-06,1.849778871785821e-05,6.0050147394459454e-05,7.163861727790931e-05,7.13766295149897e-05,-0.0006800653392902423,-8.035305944696441,-6.268953929128552,-0.9627241273129139,-5.415004153689354e-05,6.213864980894657e-07,28.0,28.0,14.0,6.0,6.0,6.0
0.92184124296275,1.0,1.2680456832225273e-05,4.4865340040152196e-05,-0.34995246045417305,0.000112340038310112,0.22384045478625345,-0.34995246045417305,0.000112340038310112,0.22384045478625345,-0.3499592786241284,0.00011581947044335132,0.2238505641925646,-0.327033821736471,-1.4200347105609339,1.2360029220581055,-1.3860686461078089,-1.5709903875934046,2.738032579421997,0.0,0.0,-0.0,0.0,0.0,0.0,-0.327041512647418,-1.42010566129301,1.2360795056355134,-1.3861054914947708,-1.570907483271264,2.7380992391217633,-9.217839455653742e-05,3.6122853983875492e-06,1.7644558706779547e-05,6.436549262401538e-05,7.434333012675036e-05,6.662216794561862e-05,-0.0003395680744157765,-8.034661862214382,-6.268711051552319,-0.9626842007675845,-4.172850426559854e-05,1.5372461790113066e-07,28.0,28.0,14.0,6.0,6.0,6.0
0.9269717539437119,1.0,1.2680456832225273e-05,4.4865340040152196e-05,-0.34995246045417305,0.000112340038310112,0.22384045478625345,-0.34995246045417305,0.000112340038310112,0.22384045478625345,-0.3499592786241284,0.00011581947044335132,0.2238505641925646,-0.327033821736471,-1.4200347105609339,1.2360029220581055,-1.3860686461078089,-1.5709903875934046,2.738032579421997,0.0,0.0,-0.0,0.0,0.0,0.0,-0.32704187485904684,-1.4201056392189144,1.2360795730056033,-1.3861052178071023,-1.5709071757282231,2.7380994877336597,-9.05529072120161e-05,5.518523938003599e-06,1.6842522496365604e-05,6.842191713979795e-05,7.688576020466095e-05,6.21529740704098e-05,-0.0003395680744157765,-8.034661862214382,-6.268711051552319,-0.9626842007675845,-4.172850426559854e-05,1.5372461790113066e-07,28.0,28.0,14.0,6.0,6.0,6.0
0.9309717539437119,1.0,1.1422479996416144e-05,7.322211670509276e-05,-0.34995246045417305,0.000112340038310112,0.22384045478625345,-0.34995246045417305,0.000112340038310112,0.22384045478625345,-0.3499602668986517,0.00010492147937908151,0.2238366472335936,-0.32700950304140264,-1.4200108687030237,1.2360267639160156,-1.386080567036764,-1.5709779898272913,2.7379965782165527,0.0,0.0,-0.0,0.0,0.0,0.0,-0.32704224046083474,-1.4201056409814037,1.2360796523212503,-1.3861049540076205,-1.5709068728968323,2.738099779527418,-9.14004469781089e-05,-4.406223411240354e-07,1.9828911713382603e-05,6.594987042741419e-05,7.570784768860357e-05,7.294843952016022e-05,-0.00030849170727905757,-8.03575626093342,-6.269044252847038,-0.9627298229184102,-4.668509992387559e-05,9.320799448760242e-07,28.0,28.0,14.0,6.0,6.0,6.0
0.9360618959618736,1.0,1.1422479996416144e-05,7.322211670509276e-05,-0.34995246045417305,0.000112340038310112,0.22384045478625345,-0.34995246045417305,0.000112340038310112,0.22384045478625345,-0.3499602668986517,0.00010492147937908151,0.2238366472335936,-0.32700950304140264,-1.4200108687030237,1.2360267639160156,-1.386080567036764,-1.5709779898272913,2.7379965782165527,0.0,0.0,-0.0,0.0,0.0,0.0,-0.3270426092493722,-1.420105665150283,1.2360797428657206,-1.3861046995030344,-1.5709065744943926,2.738100111912126,-9.219713435823614e-05,-6.042219843504011e-06,2.263611757737858e-05,6.362614651777345e-05,7.460060992350963e-05,8.309617704292561e-05,-0.00030849170727905757,-8.03575626093342,-6.269044252847038,-0.9627298229184102,-4.668509992387559e-05,9.320799448760242e-07,28.0,28.0,14.0,6.0,6.0,6.0
0.9400618959618736,1.0,1.1422479996416144e-05,7.322211670509276e-05,-0.34995246045417305,0.000112340038310112,0.22384045478625345,-0.34995246045417305,0.000112340038310112,0.22384045478625345,-0.3499602668986517,0.00010492147937908151,0.2238366472335936,-0.32700950304140264,-1.4200108687030237,1.2360267639160156,-1.386080567036764,-1.5709779898272913,2.7379965782165527,0.0,0.0,-0.0,0.0,0.0,0.0,-0.32704298103345414,-1.420105710381169,1.236079843965285,-1.3861044537356502,-1.570906280255167,2.738100482452327,-9.294602049555573e-05,-1.1307721495741188e-05,2.52748910895348e-05,6.144184604271116e-05,7.355980642432133e-05,9.263505031432508e-05,-0.00030849170727905757,-8.03575626093342,-6.269044252847038,-0.9627298229184102,-4.668509992387559e-05,9.320799448760242e-07,28.0,28.0,14.0,6.0,6.0,6.0
0.9446984729722612,1.0,1.1422479996416144e-05,7.322211670509276e-05,-0.34995246045417305,0.000112340038310112,0.22384045478625345,-0.34995246045417305,0.000112340038310112,0.22384045478625345,-0.3499602668986517,0.00010492147937908151,0.2238366472335936,-0.32700950304140264,-1.4200108687030237,1.2360267639160156,-1.386080567036764,-1.5709779898272913,2.7379965782165527,0.0,0.0,-0.0,0.0,0.0,0.0,-0.327043355633348,-1.4201057754103412,1.2360799549866377,-1.3861042161812358,-1.5709059899293625,2.7381008888586917,-9.364997346463615e-05,-1.6257293048844136e-05,2.7755338190961646e-05,5.938860359615261e-05,7.258145113508433e-05,0.00010160159118944057,-0.00030849170727905757,-8.03575626093342,-6.269044252847038,-0.9627298229184102,-4.668509992387559e-05,9.320799448760242e-07,28.0,28.0,14.0,6.0,6.0,6.0
0.9486984729722612,1.0,1.4434016316900182e-05,4.3649517502652074e-05,-0.34995246045417305,0.000112340038310112,0.22384045478625345,-0.34995246045417305,0.000112340038310112,0.22384045478625345,-0.34996207429909976,0.00011676780264931702,0.22385026853761153,-0.327033821736471,-1.4200227896319788,1.2359905242919922,-1.3860686461078089,-1.5709903875934046,2.738044500350952,0.0,0.0,-0.0,0.0,0.0,0.0,-0.32704372337590387,-1.4201058345829096,1.2360800670087635,-1.3861039607529229,-1.5709056890108772,2.738101255262526,-9.193563896312223e-05,-1.4793142106334318e-05,2.800553142810416e-05,6.38570782426505e-05,7.522962129737869e-05,9.160095861381135e-05,-0.0002941827198209536,-8.034922738967937,-6.268726058654967,-0.9626830369285708,-4.172759384512106e-05,-8.509486439490444e-11,28.0,28.0,14.0,6.0,6.0,6.0
0.9537363709663045,1.0,1.4434016316900182e-05,4.3649517502652074e-05,-0.34995246045417305,0.000112340038310112,0.22384045478625345,-0.34995246045417305,0.000112340038310112,0.22384045478625345,-0.34996207429909976,0.00011676780264931702,0.22385026853761153,-0.327033821736471,-1.4200227896319788,1.2359905242919922,-1.3860686461078089,-1.5709903875934046,2.738044500350952,0.0,0.0,-0.0,0.0,0.0,0.0,-0.327044084672562,-1.4201058882502704,1.2360801799716157,-1.3861036885231452,-1.5709053781352722,2.738101584063982,-9.032416453169915e-05,-1.3416840220375089e-05,2.8240713071018123e-05,6.805744441035852e-05,7.771890124993539e-05,8.220036399271988e-05,-0.0002941827198209536,-8.034922738967937,-6.268726058654967,-0.9626830369285708,-4.172759384512106e-05,-8.509486439490444e-11,28.0,28.0,14.0,6.0,6.0,6.0
0.9577363709663045,1.0,2.5491088463183092e-05,9.707976492948981e-05,-0.34995246045417305,0.000112340038310112,0.22384045478625345,-0.34995246045417305,0.000112340038310112,0.22384045478625345,-0.3499607555544215,0.00012572695791742366,0.2238604991691657,-0.3270457426654261,-1.420058552418844,1.2360029220581055,-1.386092487965719,-1.5710142294513147,2.738020658493042,0.0,0.0,-0.0,0.0,0.0,0.0,-0.3270444416627494,-1.4201058946930738,1.236080250445376,-1.3861033448157338,-1.5709050304443901,2.7381018895012454,-8.924754684527168e-05,-1.6107008649965083e-06,1.7618440117443717e-05,8.592685286961495e-05,8.692272054303394e-05,7.635931582257564e-05,-0.0005964799572244921,-8.033584747861507,-6.268498062906274,-0.96265285010298,-4.118350404425514e-05,1.5359991242879714e-07,28.0,28.0,14.0,6.0,6.0,6.0
0.9629476209497083,1.0,2.5491088463183092e-05,9.707976492948981e-05,-0.34995246045417305,0.000112340038310112,0.22384045478625345,-0.34995246045417305,0.000112340038310112,0.22384045478625345,-0.3499607555544215,0.00012572695791742366,0.2238604991691657,-0.3270457426654261,-1.420058552418844,1.2360029220581055,-1.386092487965719,-1.5710142294513147,2.738020658493042,0.0,0.0,-0.0,0.0,0.0,0.0,-0.32704479460485425,-1.4201058567447933,1.2360802809793903,-1.3861029339193465,-1.5709046481471474,2.7381021729761676,-8.823552622002986e-05,9.48707012905936e-06,7.633503541083778e-06,0.00010272409682131601,9.557431067854657e-05,7.086873054264007e-05,-0.0005964799572244921,-8.033584747861507,-6.268498062906274,-0.96265285010298,-4.118350404425514e-05,1.5359991242879714e-07,28.0,28.0,14.0,6.0,6.0,6.0
0.9669476209497083,1.0,2.5491088463183092e-05,9.707976492948981e-05,-0.34995246045417305,0.000112340038310112,0.22384045478625345,-0.34995246045417305,0.000112340038310112,0.22384045478625345,-0.3499607555544215,0.00012572695791742366,0.2238604991691657,-0.3270457426654261,-1.420058552418844,1.2360029220581055,-1.386092487965719,-1.5710142294513147,2.738020658493042,0.0,0.0,-0.0,0.0,0.0,0.0,-0.3270451437417616,-1.4201057770688938,1.236080273970043,-1.386102459865322,-1.5709042333199257,2.738102435806489,-8.728422683230255e-05,1.9918974863471874e-05,-1.7523368406945644e-06,0.000118513506135915,0.00010370680540592845,6.570758037950062e-05,-0.0005964799572244921,-8.033584747861507,-6.268498062906274,-0.96265285010298,-4.118350404425514e-05,1.5359991242879714e-07,28.0,28.0,14.0,6.0,6.0,6.0
0.9716174429454845,1.0,2.2365275818440634e-05,7.371647668651269e-05,-0.34995246045417305,0.000112340038310112,0.22384045478625345,-0.34995246045417305,0.000112340038310112,0.22384045478625345,-0.34996001493654744,0.00012703099591345065,0.22385553162687696,-0.32705766359438115,-1.420046631489889,1.2360029220581055,-1.386080567036764,-1.5710023085223597,2.738044500350952,0.0,0.0,-0.0,0.0,0.0,0.0,-0.32704547814665313,-1.4201056758948893,1.2360802499975463,-1.3861019545013988,-1.5709038016478227,2.7381026491862186,-8.360122288590757e-05,2.5293501133731595e-05,-5.9931241856835465e-06,0.00012634098079691137,0.0001079180257211393,5.3344932311647774e-05,-0.00027422118284604473,-8.034198230236228,-6.268608925019777,-0.9626669741986869,-3.6843324127788695e-05,-3.0776162056883164e-07,28.0,28.0,14.0,6.0,6.0,6.0
0.9756174429454845,1.0,2.2365275818440634e-05,7.371647668651269e-05,-0.34995246045417305,0.000112340038310112,0.22384045478625345,-0.34995246045417305,0.000112340038310112,0.22384045478625345,-0.34996001493654744,0.00012703099591345065,0.22385553162687696,-0.32705766359438115,-1.420046631489889,1.2360029220581055,-1.386080567036764,-1.5710023085223597,2.738044500350952,0.0,0.0,-0.0,0.0,0.0,0.0,-0.32704579870344985,-1.420105554512666,1.236080210079689,-1.386101419706171,-1.5709033541415314,2.738102816082391,-8.013919917629628e-05,3.0345555827775734e-05,-9.97946428997319e-06,0.00013369880697824794,0.00011187657281743748,4.17240431278661e-05,-0.00027422118284604473,-8.034198230236228,-6.268608925019777,-0.9626669741986869,-3.6843324127788695e-05,-3.0776162056883164e-07,28.0,28.0,14.0,6.0,6.0,6.0
0.9806553409395278,1.0,2.2365275818440634e-05,7.371647668651269e-05,-0.34995246045417305,0.000112340038310112,0.22384045478625345,-0.34995246045417305,0.000112340038310112,0.22384045478625345,-0.34996001493654744,0.00012703099591345065,0.22385553162687696,-0.32705766359438115,-1.420046631489889,1.2360029220581055,-1.386080567036764,-1.5710023085223597,2.738044500350952,0.0,0.0,-0.0,0.0,0.0,0.0,-0.3270461062430374,-1.420105414134717,1.236080155173193,-1.3861008572455167,-1.570902891751103,2.7381029392840204,-7.688489688926168e-05,3.509448724017723e-05,-1.3726623988005453e-05,0.00014061516358870432,0.00011559760708795778,3.0800407295111324e-05,-0.00027422118284604473,-8.034198230236228,-6.268608925019777,-0.9626669741986869,-3.6843324127788695e-05,-3.0776162056883164e-07,28.0,28.0,14.0,6.0,6.0,6.0
0.9846553409395278,1.0,1.763833857389166e-05,6.144653859647987e-05,-0.34995246045417305,0.000112340038310112,0.22384045478625345,-0.34995246045417305,0.000112340038310112,0.22384045478625345,-0.349948740917647,0.00011747906713436854,0.223856912806135,-0.327033821736471,-1.4200704733477991,1.2360148429870605,-1.386045281087057,-1.5710142294513147,2.738032579421997,0.0,0.0,-0.0,0.0,0.0,0.0,-0.32704641955038133,-1.4201052571570154,1.2360801023735035,-1.3861003106376566,-1.5709024016328568,2.7381030446073344,-7.83268359688037e-05,3.924442537416211e-05,-1.3199922402612452e-05,0.0001366519650226794,0.00012252956155018728,2.633082849749209e-05,-0.0006115192687523864,-8.033687831938229,-6.268523354407142,-0.9626692036064071,-4.425695635634839e-05,1.5371792440071892e-07,28.0,28.0,14.0,6.0,6.0,6.0
0.9896944259332963,1.0,1.763833857389166e-05,6.144653859647987e-05,-0.34995246045417305,0.000112340038310112,0.22384045478625345,-0.34995246045417305,0.000112340038310112,0.22384045478625345,-0.349948740917647,0.00011747906713436854,0.223856912806135,-0.327033821736471,-1.4200704733477991,1.2360148429870605,-1.386045281087057,-1.5710142294513147,2.738032579421997,0.0,0.0,-0.0,0.0,0.0,0.0,-0.32704673827941616,-1.4201050845755465,1.2360800515542119,-1.386099778931423,-1.5709018854504617,2.738103133125032,-7.96822587035732e-05,4.31453672201079e-05,-1.270482291234303e-05,0.00013292655837061597,0.000129045598744683,2.2129424427730013e-05,-0.0006115192687523864,-8.033687831938229,-6.268523354407142,-0.9626692036064071,-4.425695635634839e-05,1.5371792440071892e-07,28.0,28.0,14.0,6.0,6.0,6.0
0.9936944259332963,1.0,4.186579786062133e-06,3.6257933368469484e-05,-0.34995246045417305,0.000112340038310112,0.22384045478625345,-0.34995246045417305,0.000112340038310112,0.22384045478625345,-0.34995086413766063,0.00010862608357720778,0.22384154371423048,-0.3270214239703577,-1.4200347105609339,1.2360267639160156,-1.386045281087057,-1.5709903875934046,2.738032579421997,0.0,0.0,-0.0,0.0,0.0,0.0,-0.32704706062511424,-1.4201049396342917,1.2360800324071757,-1.3860993036448428,-1.570901372223663,2.7381032216062384,-8.058642451494146e-05,3.623531370061217e-05,-4.786759050663286e-06,0.00011882164507844878,0.00012830669964142126,2.2120301585829767e-05,-0.0003050164898078734,-8.035203452975978,-6.268888636184745,-0.9627168061233453,-4.4924398826610184e-05,3.137962995162406e-07,28.0,28.0,14.0,6.0,6.0,6.0
0.9982146419296045,1.0,4.186579786062133e-06,3.6257933368469484e-05,-0.34995246045417305,0.000112340038310112,0.22384045478625345,-0.34995246045417305,0.000112340038310112,0.22384045478625345,-0.34995086413766063,0.00010862608357720778,0.22384154371423048,-0.3270214239703577,-1.4200347105609339,1.2360267639160156,-1.386045281087057,-1.5709903875934046,2.738032579421997,0.0,0.0,-0.0,0.0,0.0,0.0,-0.32704738637047576,-1.4201048206748381,1.2360800430320595,-1.3860988813927364,-1.5709008617751252,2.738103310053143,-8.143634037762762e-05,2.9739863392286194e-05,2.656220979315675e-06,0.00010556302658381161,0.0001276121344843552,2.2111726114443538e-05,-0.0003050164898078734,-8.035203452975978,-6.268888636184745,-0.9627168061233453,-4.4924398826610184e-05,3.137962995162406e-07,28.0,28.0,14.0,6.0,6.0,6.0
1.0022146419296045,1.0,4.186579786062133e-06,3.6257933368469484e-05,-0.34995246045417305,0.000112340038310112,0.22384045478625345,-0.34995246045417305,0.000112340038310112,0.22384045478625345,-0.34995086413766063,0.00010862608357720778,0.22384154371423048,-0.3270214239703577,-1.4200347105609339,1.2360267639160156,-1.386045281087057,-1.5709903875934046,2.738032579421997,0.0,0.0,-0.0,0.0,0.0,0.0,-0.32704771531152094,-1.4201047261382778,1.2360800816425483,-1.3860985089930355,-1.5709003539381523,2.7381033984678034,-8.223526128855262e-05,2.3634140102459772e-05,9.652622207495897e-06,9.309992519885268e-05,0.0001269592432367131,2.210366517134048e-05,-0.0003050164898078734,-8.035203452975978,-6.268888636184745,-0.9627168061233453,-4.4924398826610184e-05,3.137962995162406e-07,28.0,28.0,14.0,6.0,6.0,6.0
1.0074828849255577,1.0,4.186579786062133e-06,3.6257933368469484e-05,-0.34995246045417305,0.000112340038310112,0.22384045478625345,-0.34995246045417305,0.000112340038310112,0.22384045478625345,-0.34995086413766063,0.00010862608357720778,0.22384154371423048,-0.3270214239703577,-1.4200347105609339,1.2360267639160156,-1.386045281087057,-1.5709903875934046,2.738032579421997,0.0,0.0,-0.0,0.0,0.0,0.0,-0.3270480472565087,-1.4201046545592368,1.2360801465595057,-1.386098183454596,-1.5708998485560504,2.7381034868521548,-8.29862469448221e-05,1.7894760210022938e-05,1.6229239361985307e-05,8.138460989699127e-05,0.00012634552546392954,2.2096087884823608e-05,-0.0003050164898078734,-8.035203452975978,-6.268888636184745,-0.9627168061233453,-4.4924398826610184e-05,3.137962995162406e-07,28.0,28.0,14.0,6.0,6.0,6.0
1.0114828849255577,1.0,1.1024098054765345e-05,6.465055583554549e-05,-0.34995246045417305,0.000112340038310112,0.22384045478625345,-0.34995246045417305,0.000112340038310112,0.22384045478625345,-0.34995855272936405,0.00011385111189743438,0.22384951743363332,-0.3270214239703577,-1.420046631489889,1.2360267639160156,-1.386092487965719,-1.5710023085223597,2.738032579421997,0.0,0.0,-0.0,0.0,0.0,0.0,-0.3270483863327882,-1.420104567560505,1.236080187002855,-1.3860978216664583,-1.5708993317508497,2.7381035709015826,-8.476906987645735e-05,2.1749682946242915e-05,1.0110837334929409e-05,9.044703443085508e-05,0.00012920130014560454,2.101235701375559e-05,-0.0006181683957117606,-8.034324762207802,-6.268746015835604,-0.9626907061737912,-4.619163847717759e-05,3.1365386773615914e-07,28.0,28.0,14.0,6.0,6.0,6.0
1.0166027099112984,1.0,1.1024098054765345e-05,6.465055583554549e-05,-0.34995246045417305,0.000112340038310112,0.22384045478625345,-0.34995246045417305,0.000112340038310112,0.22384045478625345,-0.34995855272936405,0.00011385111189743438,0.22384951743363332,-0.3270214239703577,-1.420046631489889,1.2360267639160156,-1.386092487965719,-1.5710023085223597,2.738032579421997,0.0,0.0,-0.0,0.0,0.0,0.0,-0.3270487321124819,-1.4201044660672637,1.2360802044410129,-1.3860974258036043,-1.5708988042079364,2.7381036508761825,-8.644492343219448e-05,2.5373310318289693e-05,4.359539429496864e-06,9.896571349268706e-05,0.00013188572834637902,1.999364999495165e-05,-0.0006181683957117606,-8.034324762207802,-6.268746015835604,-0.9626907061737912,-4.619163847717759e-05,3.1365386773615914e-07,28.0,28.0,14.0,6.0,6.0,6.0
1.0206027099112984,1.0,1.1274514260422347e-05,9.983649230472351e-05,-0.34995246045417305,0.000112340038310112,0.22384045478625345,-0.34995246045417305,0.000112340038310112,0.22384045478625345,-0.34995393261811164,0.0001013225077570231,0.2238385676122662,-0.32699758211244756,-1.4200227896319788,1.2360267639160156,-1.3860567251788538,-1.5709903875934046,2.7379846572875977,0.0,0.0,-0.0,0.0,0.0,0.0,-0.32704909359050843,-1.4201043950464736,1.236080249856714,-1.3860970720586225,-1.570898280294044,2.738103800294277,-9.036950662303535e-05,1.775519753323235e-05,1.1353925301670967e-05,8.843624542219674e-05,0.000130978473092477,3.735452363617775e-05,-0.0005111677703428801,-8.035462344082443,-6.268968554170351,-0.9627267896472899,-5.10741254508374e-05,1.2397250621513259e-06,28.0,28.0,14.0,6.0,6.0,6.0
1.0252416608920325,1.0,1.1274514260422347e-05,9.983649230472351e-05,-0.34995246045417305,0.000112340038310112,0.22384045478625345,-0.34995246045417305,0.000112340038310112,0.22384045478625345,-0.34995393261811164,0.0001013225077570231,0.2238385676122662,-0.32699758211244756,-1.4200227896319788,1.2360267639160156,-1.3860567251788538,-1.5709903875934046,2.7379846572875977,0.0,0.0,-0.0,0.0,0.0,0.0,-0.32704946982496774,-1.4201043526697874,1.236080321571306,-1.3860967579044408,-1.5708977597914315,2.7381040149892564,-9.405861482242577e-05,1.0594171515278448e-05,1.7928648021514624e-05,7.853854543593584e-05,0.0001301256531538091,5.3673744858930285e-05,-0.0005111677703428801,-8.035462344082443,-6.268968554170351,-0.9627267896472899,-5.10741254508374e-05,1.2397250621513259e-06,28.0,28.0,14.0,6.0,6.0,6.0
1.0292416608920325,1.0,1.1274514260422347e-05,9.983649230472351e-05,-0.34995246045417305,0.000112340038310112,0.22384045478625345,-0.34995246045417305,0.000112340038310112,0.22384045478625345,-0.34995393261811164,0.0001013225077570231,0.2238385676122662,-0.32699758211244756,-1.4200227896319788,1.2360267639160156,-1.3860567251788538,-1.5709903875934046,2.7379846572875977,0.0,0.0,-0.0,0.0,0.0,0.0,-0.32704985993047386,-1.420104337218559,1.2360804180068556,-1.3860964809656109,-1.570897242495422,2.7381042910445075,-9.752637652985278e-05,3.862807058401779e-06,2.410888737816766e-05,6.923470744885058e-05,0.00012932400241146127,6.901381280831767e-05,-0.0005111677703428801,-8.035462344082443,-6.268968554170351,-0.9627267896472899,-5.10741254508374e-05,1.2397250621513259e-06,28.0,28.0,14.0,6.0,6.0,6.0
1.0343733598913536,1.0,1.1274514260422347e-05,9.983649230472351e-05,-0.34995246045417305,0.000112340038310112,0.22384045478625345,-0.34995246045417305,0.000112340038310112,0.22384045478625345,-0.34995393261811164,0.0001013225077570231,0.2238385676122662,-0.32699758211244756,-1.4200227896319788,1.2360267639160156,-1.3860567251788538,-1.5709903875934046,2.7379846572875977,0.0,0.0,-0.0,0.0,0.0,0.0,-0.327050263074764,-1.4201043470772612,1.2360805376801052,-1.386096239009212,-1.570896728213619,2.738104624778414,-0.00010078607253483416,-2.4646755310622905e-06,2.9918312373421516e-05,6.048909974099045e-05,0.0001285704507136543,8.343347668074181e-05,-0.0005111677703428801,-8.035462344082443,-6.268968554170351,-0.9627267896472899,-5.10741254508374e-05,1.2397250621513259e-06,28.0,28.0,14.0,6.0,6.0,6.0
1.0383733598913536,1.0,9.751413546384066e-06,3.997706342481333e-05,-0.34995246045417305,0.000112340038310112,0.22384045478625345,-0.34995246045417305,0.000112340038310112,0.22384045478625345,-0.34995475930869285,0.00010305337687738384,0.22383856712805258,-0.32700950304140264,-1.4200227896319788,1.2360267639160156,-1.3860567251788538,-1.5709779898272913,2.738032579421997,0.0,0.0,-0.0,0.0,0.0,0.0,-0.3270506671543962,-1.4201043785658174,1.2360806766554566,-1.3860960295561875,-1.5708962310477956,2.7381049551122487,-0.00010101990804392719,-7.872139037060787e-06,3.474383787405165e-05,5.236325612099177e-05,0.0001242914558635059,8.258345867586509e-05,-0.0003183624886081704,-8.03550821559552,-6.2689706945247385,-0.9627257523047398,-4.668515954716566e-05,4.6760501499109124e-07,28.0,28.0,14.0,6.0,6.0,6.0
1.0433851358878896,1.0,9.751413546384066e-06,3.997706342481333e-05,-0.34995246045417305,0.000112340038310112,0.22384045478625345,-0.34995246045417305,0.000112340038310112,0.22384045478625345,-0.34995475930869285,0.00010305337687738384,0.22383856712805258,-0.32700950304140264,-1.4200227896319788,1.2360267639160156,-1.3860567251788538,-1.5709779898272913,2.738032579421997,0.0,0.0,-0.0,0.0,0.0,0.0,-0.32705107211324985,-1.4201044303864363,1.236080833774784,-1.386095850656335,-1.5708957499709928,2.738105282250016,-0.00010123971342247464,-1.2955154732699375e-05,3.9279831844643977e-05,4.472496311819302e-05,0.00012026920070436641,8.178444175128098e-05,-0.0003183624886081704,-8.03550821559552,-6.2689706945247385,-0.9627257523047398,-4.668515954716566e-05,4.6760501499109124e-07,28.0,28.0,14.0,6.0,6.0,6.0
1.0473851358878896,1.0,8.290341766918174e-06,5.125424598054753e-05,-0.34995246045417305,0.000112340038310112,0.22384045478625345,-0.34995246045417305,0.000112340038310112,0.22384045478625345,-0.34995313371421694,0.00010667418583118613,0.2238464693189213,-0.3270214239703577,-1.420046631489889,1.2360267639160156,-1.3860567251788538,-1.5709779898272913,2.738008499145508,0.0,0.0,-0.0,0.0,0.0,0.0,-0.3270514710542252,-1.420104474697382,1.2360809872238279,-1.3860956789184937,-1.5708952840213621,2.7381056272355577,-9.973524384561044e-05,-1.1077736456678312e-05,3.836226097318461e-05,4.2934460317121015e-05,0.00011648740766601829,8.624638542601836e-05,-0.00037278995402517537,-8.03463616276015,-6.268779632581781,-0.962701791073604,-4.361284101617708e-05,6.244357782806441e-07,28.0,28.0,14.0,6.0,6.0,6.0
1.0518780438764956,1.0,8.290341766918174e-06,5.125424598054753e-05,-0.34995246045417305,0.000112340038310112,0.22384045478625345,-0.34995246045417305,0.000112340038310112,0.22384045478625345,-0.34995313371421694,0.00010667418583118613,0.2238464693189213,-0.3270214239703577,-1.420046631489889,1.2360267639160156,-1.3860567251788538,-1.5709779898272913,2.738008499145508,0.0,0.0,-0.0,0.0,0.0,0.0,-0.327051864338395,-1.4201045119492353,1.2360811372228053,-1.386095513912943,-1.5708948322912732,2.7381059889980075,-9.83210424433581e-05,-9.312963277218514e-06,3.74997443540128e-05,4.125138768411333e-05,0.00011293252220997105,9.044061248027149e-05,-0.00037278995402517537,-8.03463616276015,-6.268779632581781,-0.962701791073604,-4.361284101617708e-05,6.244357782806441e-07,28.0,28.0,14.0,6.0,6.0,6.0
1.0558780438764956,1.0,8.290341766918174e-06,5.125424598054753e-05,-0.34995246045417305,0.000112340038310112,0.22384045478625345,-0.34995246045417305,0.000112340038310112,0.22384045478625345,-0.34995313371421694,0.00010667418583118613,0.2238464693189213,-0.3270214239703577,-1.420046631489889,1.2360267639160156,-1.3860567251788538,-1.5709779898272913,2.738008499145508,0.0,0.0,-0.0,0.0,0.0,0.0,-0.3270522523051675,-1.4201045425655412,1.2360812839787203,-1.3860953552357453,-1.5708943939275537,2.7381063665307512,-9.699169312524088e-05,-7.654076488526304e-06,3.6688978731991304e-05,3.966929940908611e-05,0.00010959092988128665,9.438318591126943e-05,-0.00037278995402517537,-8.03463616276015,-6.268779632581781,-0.962701791073604,-4.361284101617708e-05,6.244357782806441e-07,28.0,28.0,14.0,6.0,6.0,6.0
1.0610702968584378,1.0,7.147309267094071e-06,2.3841867223944865e-05,-0.34995246045417305,0.000112340038310112,0.22384045478625345,-0.34995246045417305,0.000112340038310112,0.22384045478625345,-0.34995636360640475,0.00011366409423801334,0.22383461558182857,-0.3270457426654261,-1.4200108687030237,1.2360267639160156,-1.3860567251788538,-1.5709660688983362,2.738032579421997,0.0,0.0,-0.0,0.0,0.0,0.0,-0.32705261698265126,-1.420104604744034,1.2360814562556521,-1.3860952344571056,-1.5708939818663836,2.7381067214228154,-9.116937094016326e-05,-1.5544623187554938e-05,4.306923297548367e-05,3.0194659954002728e-05,0.00010301529250702406,8.872301599414347e-05,0.00022625346753863415,-8.036117112160994,-6.269075790458579,-0.9627340681261951,-3.607182065297575e-05,5.221558870071849e-11,28.0,28.0,14.0,6.0,6.0,6.0
1.0650702968584378,1.0,7.147309267094071e-06,2.3841867223944865e-05,-0.34995246045417305,0.000112340038310112,0.22384045478625345,-0.34995246045417305,0.000112340038310112,0.22384045478625345,-0.34995636360640475,0.00011366409423801334,0.22383461558182857,-0.3270457426654261,-1.4200108687030237,1.2360267639160156,-1.3860567251788538,-1.5709660688983362,2.738032579421997,0.0,0.0,-0.0,0.0,0.0,0.0,-0.3270529597682036,-1.4201046965909823,1.23608165252234,-1.3860951493031102,-1.57089359452961,2.7381070550326405,-8.56963880861903e-05,-2.2961737084641853e-05,4.9066671964366495e-05,2.1288498866224348e-05,9.683419337521722e-05,8.340245627204505e-05,0.00022625346753863415,-8.036117112160994,-6.269075790458579,-0.9627340681261951,-3.607182065297575e-05,5.221558870071849e-11,28.0,28.0,14.0,6.0,6.0,6.0
1.0701616258472209,1.0,7.147309267094071e-06,2.3841867223944865e-05,-0.34995246045417305,0.000112340038310112,0.22384045478625345,-0.34995246045417305,0.000112340038310112,0.22384045478625345,-0.34995636360640475,0.00011366409423801334,0.22383461558182857,-0.3270457426654261,-1.4200108687030237,1.2360267639160156,-1.3860567251788538,-1.5709660688983362,2.738032579421997,0.0,0.0,-0.0,0.0,0.0,0.0,-0.3270532819753404,-1.4201048163262788,1.2360818713393984,-1.3860950976362805,-1.5708932304337693,2.738107368637161,-8.055178420345571e-05,-2.9933824147903554e-05,5.4704264613916353e-05,1.2916707443712674e-05,9.102396019131879e-05,7.840113013327254e-05,0.00022625346753863415,-8.036117112160994,-6.269075790458579,-0.9627340681261951,-3.607182065297575e-05,5.221558870071849e-11,28.0,28.0,14.0,6.0,6.0,6.0
1.0741616258472209,1.0,1.8641103510492285e-05,5.505554997562058e-05,-0.34995246045417305,0.000112340038310112,0.22384045478625345,-0.34995246045417305,0.000112340038310112,0.22384045478625345,-0.3499582044762096,9.587746981014778e-05,0.22384704878271358,-0.3269856611834925,-1.4200347105609339,1.2360148429870605,-1.3860686461078089,-1.5709779898272913,2.738044500350952,0.0,0.0,-0.0,0.0,0.0,0.0,-0.3270536236903686,-1.4201049248334288,1.2360820792282192,-1.3860950278523614,-1.5708928744337955,2.7381076800662023,-8.542875705092035e-05,-2.7126787461739198e-05,5.1972205188674696e-05,1.744597975005185e-05,8.899999345268364e-05,7.785726027053671e-05,-0.0007530914763464094,-8.034648450783038,-6.268777343665285,-0.9627005184502885,-5.2838296464684587e-05,6.213324565506071e-07,28.0,28.0,14.0,6.0,6.0,6.0
1.0786818428621632,1.0,1.8641103510492285e-05,5.505554997562058e-05,-0.34995246045417305,0.000112340038310112,0.22384045478625345,-0.34995246045417305,0.000112340038310112,0.22384045478625345,-0.3499582044762096,9.587746981014778e-05,0.22384704878271358,-0.3269856611834925,-1.4200347105609339,1.2360148429870605,-1.3860686461078089,-1.5709779898272913,2.738044500350952,0.0,0.0,-0.0,0.0,0.0,0.0,-0.32705398374281475,-1.4201050227861207,1.2360822768444966,-1.3860949410383785,-1.5708925260439366,2.7381079894502927,-9.001311152753712e-05,-2.4488172976744704e-05,4.940406932894754e-05,2.170349571801068e-05,8.70974647183666e-05,7.734602259956504e-05,-0.0007530914763464094,-8.034648450783038,-6.268777343665285,-0.9627005184502885,-5.2838296464684587e-05,6.213324565506071e-07,28.0,28.0,14.0,6.0,6.0,6.0
1.0826818428621632,1.0,1.8641103510492285e-05,5.505554997562058e-05,-0.34995246045417305,0.000112340038310112,0.22384045478625345,-0.34995246045417305,0.000112340038310112,0.22384045478625345,-0.3499582044762096,9.587746981014778e-05,0.22384704878271358,-0.3269856611834925,-1.4200347105609339,1.2360148429870605,-1.3860686461078089,-1.5709779898272913,2.738044500350952,0.0,0.0,-0.0,0.0,0.0,0.0,-0.3270543610324337,-1.4201051108176221,1.236082464804583,-1.3860948382161355,-1.5708921848075859,2.7381082969121295,-9.432240473555687e-05,-2.2007875360849877e-05,4.699002162080401e-05,2.5705560727891977e-05,8.530908770810858e-05,7.686545918885167e-05,-0.0007530914763464094,-8.034648450783038,-6.268777343665285,-0.9627005184502885,-5.2838296464684587e-05,6.213324565506071e-07,28.0,28.0,14.0,6.0,6.0,6.0
1.0880723818708216,1.0,1.0558859624402249e-05,4.366035144420634e-05,-0.34995246045417305,0.000112340038310112,0.22384045478625345,-0.34995246045417305,0.000112340038310112,0.22384045478625345,-0.34994609590691833,0.00010962575501757921,0.22384843066996737,-0.3270214239703577,-1.420058552418844,1.2360267639160156,-1.3860333601581019,-1.5710023085223597,2.738032579421997,0.0,0.0,-0.0,0.0,0.0,0.0,-0.3270547427282626,-1.4201051928155413,1.236082662252141,-1.386094762536632,-1.5708918223003352,2.7381085868978143,-9.542395723330395e-05,-2.049947978191039e-05,4.936188950299731e-05,1.8919875904733912e-05,9.06268126623314e-05,7.249642116897234e-05,-0.0005082573496072754,-8.03439185718068,-6.268707116204915,-0.9626975792691042,-4.618963919007623e-05,3.137682858117967e-07,28.0,28.0,14.0,6.0,6.0,6.0
1.0920723818708216,1.0,1.0558859624402249e-05,4.366035144420634e-05,-0.34995246045417305,0.000112340038310112,0.22384045478625345,-0.34995246045417305,0.000112340038310112,0.22384045478625345,-0.34994609590691833,0.00010962575501757921,0.22384843066996737,-0.3270214239703577,-1.420058552418844,1.2360267639160156,-1.3860333601581019,-1.5710023085223597,2.738032579421997,0.0,0.0,-0.0,0.0,0.0,0.0,-0.32705512856592894,-1.420105269141893,1.2360828686179224,-1.3860947123713032,-1.5708914397984388,2.738108860455916,-9.645941658118619e-05,-1.908158793770727e-05,5.159144531225901e-05,1.2541332170965332e-05,9.562547411930085e-05,6.838952543028577e-05,-0.0005082573496072754,-8.03439185718068,-6.268707116204915,-0.9626975792691042,-4.618963919007623e-05,3.137682858117967e-07,28.0,28.0,14.0,6.0,6.0,6.0
1.0970663488842551,1.0,1.0558859624402249e-05,4.366035144420634e-05,-0.34995246045417305,0.000112340038310112,0.22384045478625345,-0.34995246045417305,0.000112340038310112,0.22384045478625345,-0.34994609590691833,0.00010962575501757921,0.22384843066996737,-0.3270214239703577,-1.420058552418844,1.2360267639160156,-1.3860333601581019,-1.5710023085223597,2.738032579421997,0.0,0.0,-0.0,0.0,0.0,0.0,-0.3270555182969224,-1.4201053401369714,1.2360830833668335,-1.3860946861892989,-1.5708910385015753,2.7381091185720896,-9.743274836819551e-05,-1.7748769604156337e-05,5.3687227772965016e-05,6.545501061222868e-06,0.00010032421588885212,6.452904343592039e-05,-0.0005082573496072754,-8.03439185718068,-6.268707116204915,-0.9626975792691042,-4.618963919007623e-05,3.137682858117967e-07,28.0,28.0,14.0,6.0,6.0,6.0
1.1010663488842551,1.0,4.825286802205069e-06,5.504819310748428e-05,-0.34995246045417305,0.000112340038310112,0.22384045478625345,-0.34995246045417305,0.000112340038310112,0.22384045478625345,-0.3499554642765175,0.00011452559017592651,0.22384353436529744,-0.327033821736471,-1.4200347105609339,1.2360267639160156,-1.3860686461078089,-1.5709903875934046,2.7379965782165527,0.0,0.0,-0.0,0.0,0.0,0.0,-0.32705590026013287,-1.4201054113862175,1.2360832933972281,-1.3860946514985766,-1.570890633271162,2.7381094007916826,-9.549080261834334e-05,-1.781231153684444e-05,5.250759865416826e-05,8.672680572249047e-06,0.00010130760328042338,7.055489821134427e-05,-0.000250889856416315,-8.035046700049906,-6.268868706558049,-0.962708485036159,-4.17275272076645e-05,6.18282525416595e-07,28.0,28.0,14.0,6.0,6.0,6.0
1.1056269358806317,1.0,4.825286802205069e-06,5.504819310748428e-05,-0.34995246045417305,0.000112340038310112,0.22384045478625345,-0.34995246045417305,0.000112340038310112,0.22384045478625345,-0.3499554642765175,0.00011452559017592651,0.22384353436529744,-0.327033821736471,-1.4200347105609339,1.2360267639160156,-1.3860686461078089,-1.5709903875934046,2.7379965782165527,0.0,0.0,-0.0,0.0,0.0,0.0,-0.3270562749216273,-1.4201054828743813,1.2360834989922171,-1.3860946088096593,-1.5708902243432123,2.7381097056684895,-9.36653736134823e-05,-1.7872040953571258e-05,5.139874728249931e-05,1.0672229312613656e-05,0.00010223198742850035,7.621920170024271e-05,-0.000250889856416315,-8.035046700049906,-6.268868706558049,-0.962708485036159,-4.17275272076645e-05,6.18282525416595e-07,28.0,28.0,14.0,6.0,6.0,6.0
1.1096269358806317,1.0,2.276278983658433e-05,9.471498066868064e-05,-0.34995246045417305,0.000112340038310112,0.22384045478625345,-0.34995246045417305,0.000112340038310112,0.22384045478625345,-0.3499612815767005,0.00010109336413642455,0.22385817044933817,-0.32699758211244756,-1.420046631489889,1.2359905242919922,-1.3860686461078089,-1.5709779898272913,2.738008499145508,0.0,0.0,-0.0,0.0,0.0,0.0,-0.3270566590986483,-1.4201055194408814,1.2360836767898113,-1.3860945146541332,-1.5708898262053193,2.73811004347931,-9.604425524974502e-05,-9.141624989883136e-06,4.4449398562078856e-05,2.3538881488760454e-05,9.95344732738063e-05,8.445270515261048e-05,-0.0008070007265552532,-8.033844844645813,-6.268522454491509,-0.9626632494281023,-4.9765488449911406e-05,9.319437103476375e-07,28.0,28.0,14.0,6.0,6.0,6.0
1.1145947808674541,1.0,2.276278983658433e-05,9.471498066868064e-05,-0.34995246045417305,0.000112340038310112,0.22384045478625345,-0.34995246045417305,0.000112340038310112,0.22384045478625345,-0.3499612815767005,0.00010109336413642455,0.22385817044933817,-0.32699758211244756,-1.420046631489889,1.2359905242919922,-1.3860686461078089,-1.5709779898272913,2.738008499145508,0.0,0.0,-0.0,0.0,0.0,0.0,-0.3270570522202642,-1.4201055231810173,1.2360838284578544,-1.3860943721199952,-1.5708894382100793,2.738110412248104,-9.828040398783198e-05,-9.350339840163003e-07,3.791701076488362e-05,3.563353453433844e-05,9.699880996839388e-05,9.219219839783619e-05,-0.0008070007265552532,-8.033844844645813,-6.268522454491509,-0.9626632494281023,-4.9765488449911406e-05,9.319437103476375e-07,28.0,28.0,14.0,6.0,6.0,6.0
1.1185947808674541,1.0,2.276278983658433e-05,9.471498066868064e-05,-0.34995246045417305,0.000112340038310112,0.22384045478625345,-0.34995246045417305,0.000112340038310112,0.22384045478625345,-0.3499612815767005,0.00010109336413642455,0.22385817044933817,-0.32699758211244756,-1.420046631489889,1.2359905242919922,-1.3860686461078089,-1.5709779898272913,2.738008499145508,0.0,0.0,-0.0,0.0,0.0,0.0,-0.32705745374979944,-1.420105496064371,1.2360839555641192,-1.3860941841099617,-1.5708890597489336,2.738110810117392,-0.00010038238380163372,6.779161561498525e-06,3.17765662355201e-05,4.700250839718175e-05,9.461528646130622e-05,9.946732204834836e-05,-0.0008070007265552532,-8.033844844645813,-6.268522454491509,-0.9626632494281023,-4.9765488449911406e-05,9.319437103476375e-07,28.0,28.0,14.0,6.0,6.0,6.0
1.1231957368848384,1.0,2.276278983658433e-05,9.471498066868064e-05,-0.34995246045417305,0.000112340038310112,0.22384045478625345,-0.34995246045417305,0.000112340038310112,0.22384045478625345,-0.3499612815767005,0.00010109336413642455,0.22385817044933817,-0.32699758211244756,-1.420046631489889,1.2359905242919922,-1.3860686461078089,-1.5709779898272913,2.738008499145508,0.0,0.0,-0.0,0.0,0.0,0.0,-0.32705786318277874,-1.4201054399423496,1.2360840595823128,-1.3860939533525864,-1.570888690249836,2.738111235341145,-0.00010235824482660735,1.4030505374282461e-05,2.6004548377918396e-05,5.768934382825446e-05,9.237477436464381e-05,0.00010630593827982979,-0.0008070007265552532,-8.033844844645813,-6.268522454491509,-0.9626632494281023,-4.9765488449911406e-05,9.319437103476375e-07,28.0,28.0,14.0,6.0,6.0,6.0
1.1271957368848384,1.0,1.5441898574785855e-05,4.9613496199416056e-05,-0.34995246045417305,0.000112340038310112,0.22384045478625345,-0.34995246045417305,0.000112340038310112,0.22384045478625345,-0.3499653579590204,0.00010403125471279588,0.22384220713194986,-0.32700950304140264,-1.4199984709369105,1.2359905242919922,-1.3860686461078089,-1.5709660688983362,2.738020658493042,0.0,0.0,-0.0,0.0,0.0,0.0,-0.32705826887732503,-1.4201054082083884,1.2360841812611612,-1.3860937255792023,-1.5708883429089673,2.73811166970488,-0.00010142363656801085,7.933490310227135e-06,3.041971207040659e-05,5.694334605451344e-05,8.68352171889724e-05,0.00010859093373424878,-0.0002471031761273165,-8.035753288451042,-6.268916460868776,-0.9627085279200853,-4.542128301883748e-05,6.213604808366217e-07,28.0,28.0,14.0,6.0,6.0,6.0
1.1322692559009888,1.0,1.5441898574785855e-05,4.9613496199416056e-05,-0.34995246045417305,0.000112340038310112,0.22384045478625345,-0.34995246045417305,0.000112340038310112,0.22384045478625345,-0.3499653579590204,0.00010403125471279588,0.22384220713194986,-0.32700950304140264,-1.4199984709369105,1.2359905242919922,-1.3860686461078089,-1.5709660688983362,2.738020658493042,0.0,0.0,-0.0,0.0,0.0,0.0,-0.3270586710577443,-1.4201053993992039,1.236084319541025,-1.3860935006107697,-1.5708880163968335,2.7381121126601977,-0.00010054510480493014,2.202296150015128e-06,3.456996594134549e-05,5.624210814719688e-05,8.162803344384128e-05,0.00011073882946140262,-0.0002471031761273165,-8.035753288451042,-6.268916460868776,-0.9627085279200853,-4.542128301883748e-05,6.213604808366217e-07,28.0,28.0,14.0,6.0,6.0,6.0
1.1362692559009888,1.0,2.0586065570239433e-05,6.572220282360625e-05,-0.34995246045417305,0.000112340038310112,0.22384045478625345,-0.34995246045417305,0.000112340038310112,0.22384045478625345,-0.34995935487927804,9.520580878165118e-05,0.22384954715539465,-0.32699758211244756,-1.4200347105609339,1.2360029220581055,-1.3860567251788538,-1.5709541479693812,2.738020658493042,0.0,0.0,-0.0,0.0,0.0,0.0,-0.3270590725033895,-1.4201053829375696,1.2360844537133608,-1.3860932740474803,-1.5708877231883882,2.7381125748558395,-0.00010036141131012208,4.115408564963554e-06,3.354308395990028e-05,5.6640822385455944e-05,7.330211130844892e-05,0.00011554891041454967,-0.0005068998870436298,-8.034604600246734,-6.268711660379974,-0.9626910343316559,-4.7236689517900194e-05,7.751447606470809e-07,28.0,28.0,14.0,6.0,6.0,6.0
1.1413843318982986,1.0,2.0586065570239433e-05,6.572220282360625e-05,-0.34995246045417305,0.000112340038310112,0.22384045478625345,-0.34995246045417305,0.000112340038310112,0.22384045478625345,-0.34995935487927804,9.520580878165118e-05,0.22384954715539465,-0.32699758211244756,-1.4200347105609339,1.2360029220581055,-1.3860567251788538,-1.5709541479693812,2.738020658493042,0.0,0.0,-0.0,0.0,0.0,0.0,-0.3270594732583472,-1.4201053592826327,1.2360845840246204,-1.3860930459850251,-1.5708874612854102,2.7381130551373856,-0.0001001887394250025,5.913734235015075e-06,3.257781489734178e-05,5.7015613769419466e-05,6.547574450118009e-05,0.00012007038651050789,-0.0005068998870436298,-8.034604600246734,-6.268711660379974,-0.9626910343316559,-4.7236689517900194e-05,7.751447606470809e-07,28.0,28.0,14.0,6.0,6.0,6.0
1.1453843318982986,1.0,2.0586065570239433e-05,6.572220282360625e-05,-0.34995246045417305,0.000112340038310112,0.22384045478625345,-0.34995246045417305,0.000112340038310112,0.22384045478625345,-0.34995935487927804,9.520580878165118e-05,0.22384954715539465,-0.32699758211244756,-1.4200347105609339,1.2360029220581055,-1.3860567251788538,-1.5709541479693812,2.738020658493042,0.0,0.0,-0.0,0.0,0.0,0.0,-0.3270598733640586,-1.4201053288659913,1.2360847107064683,-1.3860928165133544,-1.5708872288095714,2.738113552419682,-0.0001000264278529901,7.604160364863504e-06,3.167046197853679e-05,5.736791767034518e-05,5.811895970234739e-05,0.0001243205740407086,-0.0005068998870436298,-8.034604600246734,-6.268711660379974,-0.9626910343316559,-4.7236689517900194e-05,7.751447606470809e-07,28.0,28.0,14.0,6.0,6.0,6.0
1.1500945239046128,1.0,2.3330085704019428e-05,7.677751259093412e-05,-0.34995246045417305,0.000112340038310112,0.22384045478625345,-0.34995246045417305,0.000112340038310112,0.22384045478625345,-0.34996950470026705,0.00011656654900638467,0.22385581457731252,-0.327033821736471,-1.4200227896319788,1.235978603363037,-1.386092487965719,-1.5709779898272913,2.738020658493042,0.0,0.0,-0.0,0.0,0.0,0.0,-0.32706026062060106,-1.4201052766658238,1.2360848105192994,-1.3860925222149545,-1.5708869965487198,2.7381140361741783,-9.681413561409812e-05,1.3050041898945856e-05,2.4953207774509115e-05,7.357459996633625e-05,5.8065212933719756e-05,0.0001209386240914959,-0.00035718339382970324,-8.034513306793903,-6.268623045594003,-0.9626634984878862,-4.041588829987277e-05,3.0745391916692065e-07,28.0,28.0,14.0,6.0,6.0,6.0
1.1540945239046128,1.0,2.3330085704019428e-05,7.677751259093412e-05,-0.34995246045417305,0.000112340038310112,0.22384045478625345,-0.34995246045417305,0.000112340038310112,0.22384045478625345,-0.34996950470026705,0.00011656654900638467,0.22385581457731252,-0.327033821736471,-1.4200227896319788,1.235978603363037,-1.386092487965719,-1.5709779898272913,2.738020658493042,0.0,0.0,-0.0,0.0,0.0,0.0,-0.3270606357989247,-1.4201052039891415,1.2360848850752546,-1.3860921669794293,-1.5708867644899558,2.738114507212543,-9.379458090953965e-05,1.8169170540983267e-05,1.8638988822723098e-05,8.880888132456786e-05,5.801469097120978e-05,0.00011775959113923596,-0.00035718339382970324,-8.034513306793903,-6.268623045594003,-0.9626634984878862,-4.041588829987277e-05,3.0745391916692065e-07,28.0,28.0,14.0,6.0,6.0,6.0
1.158995877902024,1.0,2.3330085704019428e-05,7.677751259093412e-05,-0.34995246045417305,0.000112340038310112,0.22384045478625345,-0.34995246045417305,0.000112340038310112,0.22384045478625345,-0.34996950470026705,0.00011656654900638467,0.22385581457731252,-0.327033821736471,-1.4200227896319788,1.235978603363037,-1.386092487965719,-1.5709779898272913,2.738020658493042,0.0,0.0,-0.0,0.0,0.0,0.0,-0.32706099962372265,-1.4201051120645356,1.2360849358897465,-1.386091754463006,-1.5708865326211545,2.7381149662977435,-9.095619948725468e-05,2.298115146449843e-05,1.2703623008044242e-05,0.00010312910580130556,5.79672003264504e-05,0.00011477130016411161,-0.00035718339382970324,-8.034513306793903,-6.268623045594003,-0.9626634984878862,-4.041588829987277e-05,3.0745391916692065e-07,28.0,28.0,14.0,6.0,6.0,6.0
1.162995877902024,1.0,2.555475079009234e-05,8.730578774251489e-05,-0.34995246045417305,0.000112340038310112,0.22384045478625345,-0.34995246045417305,0.000112340038310112,0.22384045478625345,-0.34996360773068297,0.00011612149919949444,0.22386313702749847,-0.3270457426654261,-1.420058552418844,1.2359905242919922,-1.386080567036764,-1.5709660688983362,2.738008499145508,0.0,0.0,-0.0,0.0,0.0,0.0,-0.32706134163676603,-1.420104973075072,1.2360849448895013,-1.3860912838553074,-1.5708863146644543,2.7381154255605735,-8.550326084806689e-05,3.4747365849402196e-05,2.2499386750525305e-06,0.00011765192464740894,5.448917504559418e-05,0.00011481570746679598,-0.0003571626212324542,-8.033475239840927,-6.2684247871747365,-0.9626439075223672,-3.6080895796205294e-05,3.1050955992323704e-07,28.0,28.0,14.0,6.0,6.0,6.0
1.1675552768800412,1.0,2.555475079009234e-05,8.730578774251489e-05,-0.34995246045417305,0.000112340038310112,0.22384045478625345,-0.34995246045417305,0.000112340038310112,0.22384045478625345,-0.34996360773068297,0.00011612149919949444,0.22386313702749847,-0.3270457426654261,-1.420058552418844,1.2359905242919922,-1.386080567036764,-1.5709660688983362,2.738008499145508,0.0,0.0,-0.0,0.0,0.0,0.0,-0.32706166314676016,-1.4201047898446426,1.236084914583403,-1.38609075864181,-1.5708861097851292,2.738115884990375,-8.037749852723037e-05,4.580760737121173e-05,-7.5765245979596786e-06,0.0001313033743627461,5.121983128158934e-05,0.00011485745033131929,-0.0003571626212324542,-8.033475239840927,-6.2684247871747365,-0.9626439075223672,-3.6080895796205294e-05,3.1050955992323704e-07,28.0,28.0,14.0,6.0,6.0,6.0
1.1715552768800412,1.0,2.555475079009234e-05,8.730578774251489e-05,-0.34995246045417305,0.000112340038310112,0.22384045478625345,-0.34995246045417305,0.000112340038310112,0.22384045478625345,-0.34996360773068297,0.00011612149919949444,0.22386313702749847,-0.3270457426654261,-1.420058552418844,1.2359905242919922,-1.386080567036764,-1.5709660688983362,2.738008499145508,0.0,0.0,-0.0,0.0,0.0,0.0,-0.32706196538388793,-1.420104565027705,1.2360848473298027,-1.3860901820988618,-1.5708859171985365,2.7381163445771293,-7.555928194564404e-05,5.62042344017127e-05,-1.6813400074591155e-05,0.00014413573709516305,4.8146648143424784e-05,0.00011489668862397119,-0.0003571626212324542,-8.033475239840927,-6.2684247871747365,-0.9626439075223672,-3.6080895796205294e-05,3.1050955992323704e-07,28.0,28.0,14.0,6.0,6.0,6.0
1.1768484538842463,1.0,9.202150709065757e-06,4.8183028574725284e-05,-0.34995246045417305,0.000112340038310112,0.22384045478625345,-0.34995246045417305,0.000112340038310112,0.22384045478625345,-0.3499601568855501,0.00011701229836594218,0.2238385536003863,-0.3270214239703577,-1.4199984709369105,1.2360029220581055,-1.3860686461078089,-1.5710142294513147,2.7380564212799072,0.0,0.0,-0.0,0.0,0.0,0.0,-0.32706228081132016,-1.4201043897798693,1.236084821461562,-1.3860896419591737,-1.5708856806937637,2.7381167458134525,-7.885685805623935e-05,4.381195896603316e-05,-6.467060163079787e-06,0.0001350349219979279,5.9126193220702245e-05,0.00010030908082658986,-0.00031644470556094694,-8.036019200581947,-6.269004348704557,-0.9627201324539421,-4.74487596163661e-05,6.153446241246596e-09,28.0,28.0,14.0,6.0,6.0,6.0
1.1808484538842463,1.0,9.202150709065757e-06,4.8183028574725284e-05,-0.34995246045417305,0.000112340038310112,0.22384045478625345,-0.34995246045417305,0.000112340038310112,0.22384045478625345,-0.3499601568855501,0.00011701229836594218,0.2238385536003863,-0.3270214239703577,-1.4199984709369105,1.2360029220581055,-1.3860686461078089,-1.5710142294513147,2.7380564212799072,0.0,0.0,-0.0,0.0,0.0,0.0,-0.3270626086376386,-1.4201042611269892,1.2360848344955595,-1.3860891360385506,-1.5708854029059014,2.7381170922003704,-8.195657960019894e-05,3.216322005649439e-05,3.258499353740898e-06,0.00012648015580652686,6.944696559334306e-05,8.659672949705143e-05,-0.00031644470556094694,-8.036019200581947,-6.269004348704557,-0.9627201324539421,-4.74487596163661e-05,6.153446241246596e-09,28.0,28.0,14.0,6.0,6.0,6.0
1.185893475884805,1.0,9.202150709065757e-06,4.8183028574725284e-05,-0.34995246045417305,0.000112340038310112,0.22384045478625345,-0.34995246045417305,0.000112340038310112,0.22384045478625345,-0.3499601568855501,0.00011701229836594218,0.2238385536003863,-0.3270214239703577,-1.4199984709369105,1.2360029220581055,-1.3860686461078089,-1.5710142294513147,2.7380564212799072,0.0,0.0,-0.0,0.0,0.0,0.0,-0.32706294811891,-1.4201041762733673,1.2360848840976606,-1.3860886622838482,-1.5708850863119348,2.7381173870288475,-8.487031785152096e-05,2.121340548152795e-05,1.2400525299552342e-05,0.00011843867558660988,7.914849162362543e-05,7.370711924728528e-05,-0.00031644470556094694,-8.036019200581947,-6.269004348704557,-0.9627201324539421,-4.74487596163661e-05,6.153446241246596e-09,28.0,28.0,14.0,6.0,6.0,6.0
1.189893475884805,1.0,8.366212753256472e-06,4.5131196874065395e-05,-0.34995246045417305,0.000112340038310112,0.22384045478625345,-0.34995246045417305,0.000112340038310112,0.22384045478625345,-0.3499597366658333,0.00011425270340623794,0.223844114290583,-0.3270214239703577,-1.4200227896319788,1.2360148429870605,-1.386080567036764,-1.5710023085223597,2.738044500350952,0.0,0.0,-0.0,0.0,0.0,0.0,-0.32706329427014197,-1.4201041033983146,1.2360849376939629,-1.38608818957369,-1.5708847469683056,2.7381176514115024,-8.65378079887783e-05,1.821876315815626e-05,1.3399075562681663e-05,0.00011817753955195488,8.48359072776886e-05,6.609566373402062e-05,-0.00043879204038118686,-8.035160793974473,-6.268872868709165,-0.9627051887773965,-4.618864329315273e-05,1.5990306103801959e-07,28.0,28.0,14.0,6.0,6.0,6.0
1.1950441718855878,1.0,8.366212753256472e-06,4.5131196874065395e-05,-0.34995246045417305,0.000112340038310112,0.22384045478625345,-0.34995246045417305,0.000112340038310112,0.22384045478625345,-0.3499597366658333,0.00011425270340623794,0.223844114290583,-0.3270214239703577,-1.4200227896319788,1.2360148429870605,-1.386080567036764,-1.5710023085223597,2.738044500350952,0.0,0.0,-0.0,0.0,0.0,0.0,-0.32706364669113686,-1.4201040417831172,1.236084995044814,-1.3860877178454034,-1.5708843862399937,2.7381178871750844,-8.81052487178002e-05,1.5403799374186868e-05,1.4337712810023224e-05,0.00011793207167937917,9.018207799250799e-05,5.894089555155185e-05,-0.00043879204038118686,-8.035160793974473,-6.268872868709165,-0.9627051887773965,-4.618864329315273e-05,1.5990306103801959e-07,28.0,28.0,14.0,6.0,6.0,6.0
1.1990441718855878,1.0,1.3922106216618532e-05,7.322353285956237e-05,-0.34995246045417305,0.000112340038310112,0.22384045478625345,-0.34995246045417305,0.000112340038310112,0.22384045478625345,-0.34995754870640655,9.982727296389172e-05,0.22383708352030346,-0.32699758211244756,-1.4200227896319788,1.2360386848449707,-1.386080567036764,-1.5709779898272913,2.738008499145508,0.0,0.0,-0.0,0.0,0.0,0.0,-0.32706400994597595,-1.420103999601303,1.236085058193155,-1.386087267917575,-1.5708840334102683,2.7381181600351776,-9.081370977257893e-05,1.0545453576391378e-05,1.578708522760826e-05,0.00011248195709245312,8.820743134819084e-05,6.82150232947485e-05,-0.0004844064360683012,-8.035437752516097,-6.269023183615328,-0.962731535623077,-4.976128156680157e-05,9.320799013368369e-07,28.0,28.0,14.0,6.0,6.0,6.0
1.2036451278738682,1.0,1.3922106216618532e-05,7.322353285956237e-05,-0.34995246045417305,0.000112340038310112,0.22384045478625345,-0.34995246045417305,0.000112340038310112,0.22384045478625345,-0.34995754870640655,9.982727296389172e-05,0.22383708352030346,-0.32699758211244756,-1.4200227896319788,1.2360386848449707,-1.386080567036764,-1.5709779898272913,2.738008499145508,0.0,0.0,-0.0,0.0,0.0,0.0,-0.3270643833846286,-1.4201039756868687,1.2360851267911364,-1.3860868384821776,-1.5708836880052142,2.738118467765991,-9.335966316407092e-05,5.978608526463618e-06,1.714949530013819e-05,0.00010735884938074264,8.635126350253273e-05,7.693270337335336e-05,-0.0004844064360683012,-8.035437752516097,-6.269023183615328,-0.962731535623077,-4.976128156680157e-05,9.320799013368369e-07,28.0,28.0,14.0,6.0,6.0,6.0
1.2076451278738682,1.0,1.3922106216618532e-05,7.322353285956237e-05,-0.34995246045417305,0.000112340038310112,0.22384045478625345,-0.34995246045417305,0.000112340038310112,0.22384045478625345,-0.34995754870640655,9.982727296389172e-05,0.22383708352030346,-0.32699758211244756,-1.4200227896319788,1.2360386848449707,-1.386080567036764,-1.5709779898272913,2.738008499145508,0.0,0.0,-0.0,0.0,0.0,0.0,-0.327064766396066,-1.420103968943772,1.2360852005117795,-1.386086428309665,-1.5708833495793513,2.7381188082752814,-9.57528593520734e-05,1.685774179531523e-06,1.8430160768316325e-05,0.00010254312813173479,8.46064657276141e-05,8.512732264724193e-05,-0.0004844064360683012,-8.035437752516097,-6.269023183615328,-0.962731535623077,-4.976128156680157e-05,9.320799013368369e-07,28.0,28.0,14.0,6.0,6.0,6.0
1.2127495168864266,1.0,1.3922106216618532e-05,7.322353285956237e-05,-0.34995246045417305,0.000112340038310112,0.22384045478625345,-0.34995246045417305,0.000112340038310112,0.22384045478625345,-0.34995754870640655,9.982727296389172e-05,0.22383708352030346,-0.32699758211244756,-1.4200227896319788,1.2360386848449707,-1.386080567036764,-1.5709779898272913,2.738008499145508,0.0,0.0,-0.0,0.0,0.0,0.0,-0.3270651584059211,-1.4201039783417324,1.2360852790477248,-1.3860860362442644,-1.570883017713928,2.7381191795963407,-9.800246376879573e-05,-2.3494901065846455e-06,1.963398630840377e-05,9.801635015766742e-05,8.296635581919059e-05,9.283026476469719e-05,-0.0004844064360683012,-8.035437752516097,-6.269023183615328,-0.962731535623077,-4.976128156680157e-05,9.320799013368369e-07,28.0,28.0,14.0,6.0,6.0,6.0
1.2167495168864266,1.0,1.9658772699809685e-05,7.427368066872294e-05,-0.34995246045417305,0.000112340038310112,0.22384045478625345,-0.34995246045417305,0.000112340038310112,0.22384045478625345,-0.3499589195182,9.884168928487002e-05,0.22385320399836836,-0.3269856611834925,-1.4200347105609339,1.2359905242919922,-1.3860567251788538,-1.5709903875934046,2.738032579421997,0.0,0.0,-0.0,0.0,0.0,0.0,-0.3270655702052702,-1.4201039785104916,1.236085360723395,-1.3860856424795154,-1.5708826777319949,2.7381195545424166,-0.00010294983727707026,-4.2189780123454184e-08,2.0418917572703487e-05,9.844118728174659e-05,8.49954832707503e-05,9.3736518997397e-05,-0.0008666659634544278,-8.034366446039254,-6.268629012957673,-0.9626794478952033,-5.415218993561272e-05,7.75110048471243e-07,28.0,28.0,14.0,6.0,6.0,6.0
1.2213279138845397,1.0,1.9658772699809685e-05,7.427368066872294e-05,-0.34995246045417305,0.000112340038310112,0.22384045478625345,-0.34995246045417305,0.000112340038310112,0.22384045478625345,-0.3499589195182,9.884168928487002e-05,0.22385320399836836,-0.3269856611834925,-1.4200347105609339,1.2359905242919922,-1.3860567251788538,-1.5709903875934046,2.738032579421997,0.0,0.0,-0.0,0.0,0.0,0.0,-0.32706600060674373,-1.4201039700038016,1.2360854453504069,-1.3860852471173786,-1.5708823301205426,2.7381199328960086,-0.00010760036837484833,2.1266725267500654e-06,2.1156752961145218e-05,9.884053417838101e-05,8.690286307521643e-05,9.458839797613483e-05,-0.0008666659634544278,-8.034366446039254,-6.268629012957673,-0.9626794478952033,-5.415218993561272e-05,7.75110048471243e-07,28.0,28.0,14.0,6.0,6.0,6.0
1.2253279138845397,1.0,2.311404631635082e-05,6.240034146491712e-05,-0.34995246045417305,0.000112340038310112,0.22384045478625345,-0.34995246045417305,0.000112340038310112,0.22384045478625345,-0.3499581148834754,0.00012104756013374025,0.22386110583053867,-0.32705766359438115,-1.420058552418844,1.2359905242919922,-1.3860567251788538,-1.5709779898272913,2.738032579421997,0.0,0.0,-0.0,0.0,0.0,0.0,-0.32706640264054815,-1.4201039244745397,1.2360855093680825,-1.3860848282822602,-1.5708819896394597,2.7381202773594677,-0.00010050845109987368,1.1382315453470807e-05,1.600441888986073e-05,0.00010470877959126344,8.512027070392438e-05,8.611586480063968e-05,-0.00020725599516713166,-8.03374203519658,-6.268451855134148,-0.9626502700965651,-3.426732171882148e-05,-1.5394475727783952e-07,28.0,28.0,14.0,6.0,6.0,6.0
1.230275573880645,1.0,2.311404631635082e-05,6.240034146491712e-05,-0.34995246045417305,0.000112340038310112,0.22384045478625345,-0.34995246045417305,0.000112340038310112,0.22384045478625345,-0.3499581148834754,0.00012104756013374025,0.22386110583053867,-0.32705766359438115,-1.420058552418844,1.2359905242919922,-1.3860567251788538,-1.5709779898272913,2.738032579421997,0.0,0.0,-0.0,0.0,0.0,0.0,-0.3270667780087436,-1.4201038441440605,1.236085554012982,-1.386084387382539,-1.5708816558609242,2.738120589966202,-9.38420488613975e-05,2.0082619804588304e-05,1.116122486285331e-05,0.00011022493027937292,8.344463387490985e-05,7.815168361567425e-05,-0.00020725599516713166,-8.03374203519658,-6.268451855134148,-0.9626502700965651,-3.426732171882148e-05,-1.5394475727783952e-07,28.0,28.0,14.0,6.0,6.0,6.0
1.234275573880645,1.0,2.311404631635082e-05,6.240034146491712e-05,-0.34995246045417305,0.000112340038310112,0.22384045478625345,-0.34995246045417305,0.000112340038310112,0.22384045478625345,-0.3499581148834754,0.00012104756013374025,0.22386110583053867,-0.32705766359438115,-1.420058552418844,1.2359905242919922,-1.3860567251788538,-1.5709779898272913,2.738032579421997,0.0,0.0,-0.0,0.0,0.0,0.0,-0.32706712831126666,-1.420103731100437,1.236085580447472,-1.3860839257420914,-1.5708813283827832,2.7381208726276154,-8.75756307572299e-05,2.8260905894638753e-05,6.608622477466336e-06,0.00011541011192619585,8.186953525563619e-05,7.066535330180673e-05,-0.00020725599516713166,-8.03374203519658,-6.268451855134148,-0.9626502700965651,-3.426732171882148e-05,-1.5394475727783952e-07,28.0,28.0,14.0,6.0,6.0,6.0
1.2393882748889742,1.0,1.168625158126215e-05,7.623695038358848e-05,-0.34995246045417305,0.000112340038310112,0.22384045478625345,-0.34995246045417305,0.000112340038310112,0.22384045478625345,-0.3499554932906748,0.00010185184673803995,0.22384462230545815,-0.32699758211244756,-1.4200227896319788,1.2360029220581055,-1.386045281087057,-1.5709903875934046,2.738008499145508,0.0,0.0,-0.0,0.0,0.0,0.0,-0.32706749404323443,-1.4201036424604783,1.2360856371847924,-1.386083505514112,-1.5708809925298235,2.7381211851031853,-9.143299193996332e-05,2.2159989700436753e-05,1.418433008322839e-05,0.00010505699484894885,8.396323991125091e-05,7.811889249745329e-05,-0.000560995314987176,-8.035179712510502,-6.26882214213688,-0.9627060544597448,-5.107439475895825e-05,9.320787815336967e-07,28.0,28.0,14.0,6.0,6.0,6.0
1.2433882748889742,1.0,1.168625158126215e-05,7.623695038358848e-05,-0.34995246045417305,0.000112340038310112,0.22384045478625345,-0.34995246045417305,0.000112340038310112,0.22384045478625345,-0.3499554932906748,0.00010185184673803995,0.22384462230545815,-0.32699758211244756,-1.4200227896319788,1.2360029220581055,-1.386045281087057,-1.5709903875934046,2.738008499145508,0.0,0.0,-0.0,0.0,0.0,0.0,-0.32706787427888023,-1.4201035767599643,1.2360857224067734,-1.386083124213853,-1.5708806488045344,2.7381215256040625,-9.505891145173273e-05,1.6425128477886874e-05,2.1305495232644722e-05,9.532506479633667e-05,8.593132228752874e-05,8.512521934136106e-05,-0.000560995314987176,-8.035179712510502,-6.26882214213688,-0.9627060544597448,-5.107439475895825e-05,9.320787815336967e-07,28.0,28.0,14.0,6.0,6.0,6.0
1.2479298628757247,1.0,1.168625158126215e-05,7.623695038358848e-05,-0.34995246045417305,0.000112340038310112,0.22384045478625345,-0.34995246045417305,0.000112340038310112,0.22384045478625345,-0.3499554932906748,0.00010185184673803995,0.22384462230545815,-0.32699758211244756,-1.4200227896319788,1.2360029220581055,-1.386045281087057,-1.5709903875934046,2.738008499145508,0.0,0.0,-0.0,0.0,0.0,0.0,-0.3270682681479834,-1.4201035326225286,1.2360858344043353,-1.3860827795056507,-1.5708802976792555,2.7381218924487287,-9.846727579279598e-05,1.1034358928689989e-05,2.799939047309607e-05,8.617705054688123e-05,8.77813197212299e-05,9.171116657463435e-05,-0.000560995314987176,-8.035179712510502,-6.26882214213688,-0.9627060544597448,-5.107439475895825e-05,9.320787815336967e-07,28.0,28.0,14.0,6.0,6.0,6.0
1.2519298628757247,1.0,2.105145781574209e-05,0.00011941653549926193,-0.34995246045417305,0.000112340038310112,0.22384045478625345,-0.34995246045417305,0.000112340038310112,0.22384045478625345,-0.3499553289397149,9.6068742608682e-05,0.2238535001150366,-0.3269737402545374,-1.420046631489889,1.2360029220581055,-1.3860567251788538,-1.5710023085223597,2.7379965782165527,0.0,0.0,-0.0,0.0,0.0,0.0,-0.3270686928463757,-1.420103478010117,1.2360859433429683,-1.386082431076228,-1.570879925860324,2.7381223072421816,-0.0001061745980771377,1.3653102923943703e-05,2.7234658277542292e-05,8.710735563528468e-05,9.295473287435845e-05,0.00010369836318358273,-0.00110210268153512,-8.034059543225226,-6.268611836664736,-0.9626816491142249,-5.849137060475332e-05,1.3934189185739632e-06,28.0,28.0,14.0,6.0,6.0,6.0
1.2569998188554314,1.0,2.105145781574209e-05,0.00011941653549926193,-0.34995246045417305,0.000112340038310112,0.22384045478625345,-0.34995246045417305,0.000112340038310112,0.22384045478625345,-0.3499553289397149,9.6068742608682e-05,0.2238535001150366,-0.3269737402545374,-1.420046631489889,1.2360029220581055,-1.3860567251788538,-1.5710023085223597,2.7379965782165527,0.0,0.0,-0.0,0.0,0.0,0.0,-0.3270691465242998,-1.4201034135512278,1.2360860494062083,-1.3860820791488584,-1.5708795345893591,2.7381227671074937,-0.00011341948102441891,1.6114722279482194e-05,2.651581001372174e-05,8.798184241838392e-05,9.78177412382993e-05,0.00011496632799599421,-0.00110210268153512,-8.034059543225226,-6.268611836664736,-0.9626816491142249,-5.849137060475332e-05,1.3934189185739632e-06,28.0,28.0,14.0,6.0,6.0,6.0
1.2609998188554314,1.0,2.105145781574209e-05,0.00011941653549926193,-0.34995246045417305,0.000112340038310112,0.22384045478625345,-0.34995246045417305,0.000112340038310112,0.22384045478625345,-0.3499553289397149,9.6068742608682e-05,0.2238535001150366,-0.3269737402545374,-1.420046631489889,1.2360029220581055,-1.3860567251788538,-1.5710023085223597,2.7379965782165527,0.0,0.0,-0.0,0.0,0.0,0.0,-0.3270696274429838,-1.4201033398366498,1.2360861527665787,-1.3860817239334184,-1.5708791250334828,2.7381232693403534,-0.00012022967099486325,1.8428644473688375e-05,2.584009264573042e-05,8.880385999449722e-05,0.0001023889691004037,0.000125558214919661,-0.00110210268153512,-8.034059543225226,-6.268611836664736,-0.9626816491142249,-5.849137060475332e-05,1.3934189185739632e-06,28.0,28.0,14.0,6.0,6.0,6.0
1.2660579018692957,1.0,1.700349571375508e-05,5.114552628165906e-05,-0.34995246045417305,0.000112340038310112,0.22384045478625345,-0.34995246045417305,0.000112340038310112,0.22384045478625345,-0.34996209139193857,0.0001097126320589759,0.22385421925648066,-0.3270214239703577,-1.4200347105609339,1.2359905242919922,-1.3860686461078089,-1.5709779898272913,2.738044500350952,0.0,0.0,-0.0,0.0,0.0,0.0,-0.327070097790518,-1.4201032531707818,1.2360862447550236,-1.38608134676304,-1.5708787263125863,2.738123737437823,-0.00011758688354393395,2.166646698827409e-05,2.299711121385693e-05,9.429259461305158e-05,9.968022412042387e-05,0.0001170243673917978,-0.0004568624103295569,-8.034405723616977,-6.2686252699367655,-0.9626726455735503,-4.361366580221164e-05,1.598516748310893e-07,28.0,28.0,14.0,6.0,6.0,6.0
1.2700579018692957,1.0,1.700349571375508e-05,5.114552628165906e-05,-0.34995246045417305,0.000112340038310112,0.22384045478625345,-0.34995246045417305,0.000112340038310112,0.22384045478625345,-0.34996209139193857,0.0001097126320589759,0.22385421925648066,-0.3270214239703577,-1.4200347105609339,1.2359905242919922,-1.3860686461078089,-1.5709779898272913,2.738044500350952,0.0,0.0,-0.0,0.0,0.0,0.0,-0.32707055820117137,-1.4201031543307012,1.2360863260538584,-1.3860809489550194,-1.570878337776571,2.738124173448026,-0.00011510266334006041,2.471002015198466e-05,2.032470866789585e-05,9.945200515449269e-05,9.713400383924284e-05,0.00010900255071560636,-0.0004568624103295569,-8.034405723616977,-6.2686252699367655,-0.9626726455735503,-4.361366580221164e-05,1.598516748310893e-07,28.0,28.0,14.0,6.0,6.0,6.0
1.2745709948486188,1.0,1.700349571375508e-05,5.114552628165906e-05,-0.34995246045417305,0.000112340038310112,0.22384045478625345,-0.34995246045417305,0.000112340038310112,0.22384045478625345,-0.34996209139193857,0.0001097126320589759,0.22385421925648066,-0.3270214239703577,-1.4200347105609339,1.2359905242919922,-1.3860686461078089,-1.5709779898272913,2.738044500350952,0.0,0.0,-0.0,0.0,0.0,0.0,-0.3270710092711568,-1.4201030440468607,1.2360863973044596,-1.3860805317476153,-1.5708779588143438,2.738124579296198,-0.00011276749634841929,2.7570960125872594e-05,1.7812650274692435e-05,0.00010430185106344733,9.474055677493267e-05,0.00010146204303998641,-0.0004568624103295569,-8.034405723616977,-6.2686252699367655,-0.9626726455735503,-4.361366580221164e-05,1.598516748310893e-07,28.0,28.0,14.0,6.0,6.0,6.0
1.2785709948486188,1.0,2.3857086949191877e-05,9.672686586181189e-05,-0.34995246045417305,0.000112340038310112,0.22384045478625345,-0.34995246045417305,0.000112340038310112,0.22384045478625345,-0.34996235673394893,0.00011686360851347795,0.22386168593216962,-0.327033821736471,-1.420046631489889,1.235978603363037,-1.3860686461078089,-1.5709903875934046,2.7379846572875977,0.0,0.0,-0.0,0.0,0.0,0.0,-0.32707144890606743,-1.420102905320753,1.2360864476719302,-1.3860800750949982,-1.5708775745787904,2.7381250141045697,-0.00010990872765785403,3.468152690237666e-05,1.2591867635619726e-05,0.00011416315428459321,9.60588883274745e-05,0.00010870209289202279,-0.0005226860524966089,-8.03380831618137,-6.268453251795802,-0.962647966089267,-4.1730817926368544e-05,7.719501121684199e-07,28.0,28.0,14.0,6.0,6.0,6.0
1.283523403862259,1.0,2.3857086949191877e-05,9.672686586181189e-05,-0.34995246045417305,0.000112340038310112,0.22384045478625345,-0.34995246045417305,0.000112340038310112,0.22384045478625345,-0.34996235673394893,0.00011686360851347795,0.22386168593216962,-0.327033821736471,-1.420046631489889,1.235978603363037,-1.3860686461078089,-1.5709903875934046,2.7379846572875977,0.0,0.0,-0.0,0.0,0.0,0.0,-0.3270718777920078,-1.4201027398589143,1.236086478409258,-1.3860795813638809,-1.5708771853863104,2.7381254761355285,-0.0001072214850887227,4.136545967229048e-05,7.684331954891378e-06,0.00012343277931247033,9.72981199868638e-05,0.00011550773975293698,-0.0005226860524966089,-8.03380831618137,-6.268453251795802,-0.962647966089267,-4.1730817926368544e-05,7.719501121684199e-07,28.0,28.0,14.0,6.0,6.0,6.0
1.287523403862259,1.0,6.0527399399122424e-06,3.5775177519720924e-05,-0.34995246045417305,0.000112340038310112,0.22384045478625345,-0.34995246045417305,0.000112340038310112,0.22384045478625345,-0.34995206375384597,0.0001063112550422845,0.22384009138297847,-0.3270214239703577,-1.4200227896319788,1.2360148429870605,-1.3860333601581019,-1.5709779898272913,2.738032579421997,0.0,0.0,-0.0,0.0,0.0,0.0,-0.3270722992136669,-1.4201026127709984,1.236086550611817,-1.386079159025566,-1.570876805808627,2.7381259201907304,-0.0001053554147737125,3.177197900852238e-05,1.805063977152921e-05,0.00010558457867439834,9.48944208309924e-05,0.00011101380047283746,-0.0001542531526393511,-8.035574422993264,-6.268917739353635,-0.9627198211180058,-4.3609070034712244e-05,3.138224077742392e-07,28.0,28.0,14.0,6.0,6.0,6.0
1.292414071864449,1.0,6.0527399399122424e-06,3.5775177519720924e-05,-0.34995246045417305,0.000112340038310112,0.22384045478625345,-0.34995246045417305,0.000112340038310112,0.22384045478625345,-0.34995206375384597,0.0001063112550422845,0.22384009138297847,-0.3270214239703577,-1.4200227896319788,1.2360148429870605,-1.3860333601581019,-1.5709779898272913,2.738032579421997,0.0,0.0,-0.0,0.0,0.0,0.0,-0.32707271361890156,-1.4201025217545695,1.2360866617916935,-1.3860788037964857,-1.5708764352688527,2.7381263473487207,-0.0001036013086776029,2.275410718458037e-05,2.779496911916877e-05,8.880727007461067e-05,9.263494362447327e-05,0.0001067894975495439,-0.0001542531526393511,-8.035574422993264,-6.268917739353635,-0.9627198211180058,-4.3609070034712244e-05,3.138224077742392e-07,28.0,28.0,14.0,6.0,6.0,6.0
1.296414071864449,1.0,6.0527399399122424e-06,3.5775177519720924e-05,-0.34995246045417305,0.000112340038310112,0.22384045478625345,-0.34995246045417305,0.000112340038310112,0.22384045478625345,-0.34995206375384597,0.0001063112550422845,0.22384009138297847,-0.3270214239703577,-1.4200227896319788,1.2360148429870605,-1.3860333601581019,-1.5709779898272913,2.738032579421997,0.0,0.0,-0.0,0.0,0.0,0.0,-0.3270731214286973,-1.4201024646453388,1.2360868096102482,-1.3860785116500858,-1.5708760732247125,2.738126758623332,-0.00010195244894725988,1.4277307670074882e-05,3.695463870594996e-05,7.303659999081026e-05,9.051103505034529e-05,0.00010281865280164795,-0.0001542531526393511,-8.035574422993264,-6.268917739353635,-0.9627198211180058,-4.3609070034712244e-05,3.138224077742392e-07,28.0,28.0,14.0,6.0,6.0,6.0
1.3011432608722249,1.0,6.0527399399122424e-06,3.5775177519720924e-05,-0.34995246045417305,0.000112340038310112,0.22384045478625345,-0.34995246045417305,0.000112340038310112,0.22384045478625345,-0.34995206375384597,0.0001063112550422845,0.22384009138297847,-0.3270214239703577,-1.4200227896319788,1.2360148429870605,-1.3860333601581019,-1.5709779898272913,2.738032579421997,0.0,0.0,-0.0,0.0,0.0,0.0,-0.3270735230387805,-1.4201024394088744,1.2360869918691606,-1.3860782788014052,-1.5708757191664684,2.7381271549675668,-0.00010040252080073743,6.3091161264397225e-06,4.5564728117524274e-05,5.8212170112037864e-05,8.851456099066499e-05,9.908605873862576e-05,-0.0001542531526393511,-8.035574422993264,-6.268917739353635,-0.9627198211180058,-4.3609070034712244e-05,3.138224077742392e-07,28.0,28.0,14.0,6.0,6.0,6.0
1.3051432608722249,1.0,1.802563223607832e-05,7.375241785729829e-05,-0.34995246045417305,0.000112340038310112,0.22384045478625345,-0.34995246045417305,0.000112340038310112,0.22384045478625345,-0.3499580932026851,0.00011958965957353387,0.2238559673151655,-0.3270457426654261,-1.420058552418844,1.2360148429870605,-1.386080567036764,-1.5709903875934046,2.7379965782165527,0.0,0.0,-0.0,0.0,0.0,0.0,-0.32707390932790703,-1.4201023805717239,1.2360871366412038,-1.386077999840787,-1.5708753583440784,2.7381275602297213,-9.657228163199673e-05,1.4709287606771086e-05,3.619301080861595e-05,6.974015452724169e-05,9.020559746532665e-05,0.00010131553867496172,-0.0003902030257758871,-8.033875774025395,-6.268587108951298,-0.962668683672947,-3.86563278279126e-05,4.643620624427011e-07,28.0,28.0,14.0,6.0,6.0,6.0
1.3101847208840778,1.0,1.802563223607832e-05,7.375241785729829e-05,-0.34995246045417305,0.000112340038310112,0.22384045478625345,-0.34995246045417305,0.000112340038310112,0.22384045478625345,-0.3499580932026851,0.00011958965957353387,0.2238559673151655,-0.3270457426654261,-1.420058552418844,1.2360148429870605,-1.386080567036764,-1.5709903875934046,2.7379965782165527,0.0,0.0,-0.0,0.0,0.0,0.0,-0.3270742812153343,-1.4201022901499287,1.23608724617559,-1.3860776775349475,-1.5708749911633915,2.7381279738747204,-9.297185681338047e-05,2.2605448798282566e-05,2.7383596538242125e-05,8.05764598775333e-05,9.179517175150862e-05,0.00010341124981511753,-0.0003902030257758871,-8.033875774025395,-6.268587108951298,-0.962668683672947,-3.86563278279126e-05,4.643620624427011e-07,28.0,28.0,14.0,6.0,6.0,6.0
1.3141847208840778,1.0,1.3620849281902725e-05,7.876803423105491e-05,-0.34995246045417305,0.000112340038310112,0.22384045478625345,-0.34995246045417305,0.000112340038310112,0.22384045478625345,-0.349958486539458,0.00010548411298148485,0.22385056468828993,-0.32699758211244756,-1.4200347105609339,1.2360029220581055,-1.3860686461078089,-1.5710023085223597,2.738020658493042,0.0,0.0,-0.0,0.0,0.0,0.0,-0.32707467154062597,-1.4201021987835392,1.2360873526677443,-1.3860773432763611,-1.5708746042601138,2.7381283911645173,-9.758132291808646e-05,2.284159740747941e-05,2.662303856662399e-05,8.35646465920305e-05,9.672581941338328e-05,0.00010432244921862947,-0.0007927345463705386,-8.034513954712084,-6.26870294050224,-0.9626873478964239,-5.2340207216935936e-05,7.751084580406135e-07,28.0,28.0,14.0,6.0,6.0,6.0
1.318729870888638,1.0,1.3620849281902725e-05,7.876803423105491e-05,-0.34995246045417305,0.000112340038310112,0.22384045478625345,-0.34995246045417305,0.000112340038310112,0.22384045478625345,-0.349958486539458,0.00010548411298148485,0.22385056468828993,-0.32699758211244756,-1.4200347105609339,1.2360029220581055,-1.3860686461078089,-1.5710023085223597,2.738020658493042,0.0,0.0,-0.0,0.0,0.0,0.0,-0.3270750791975102,-1.4201021065292307,1.2360874563002007,-1.3860769977821927,-1.570874198817601,2.738128811880424,-0.00010191422105651009,2.3063577100124442e-05,2.5908114073302945e-05,8.637354210365787e-05,0.00010136062821554545,0.00010517897665793069,-0.0007927345463705386,-8.034513954712084,-6.26870294050224,-0.9626873478964239,-5.2340207216935936e-05,7.751084580406135e-07,28.0,28.0,14.0,6.0,6.0,6.0
1.322729870888638,1.0,1.3620849281902725e-05,7.876803423105491e-05,-0.34995246045417305,0.000112340038310112,0.22384045478625345,-0.34995246045417305,0.000112340038310112,0.22384045478625345,-0.349958486539458,0.00010548411298148485,0.22385056468828993,-0.32699758211244756,-1.4200347105609339,1.2360029220581055,-1.3860686461078089,-1.5710023085223597,2.738020658493042,0.0,0.0,-0.0,0.0,0.0,0.0,-0.32707550314609146,-1.4201020134402786,1.236087557244541,-1.3860766417265773,-1.570873775948207,2.738129235816874,-0.0001059871453066283,2.3272238011210774e-05,2.523608504958116e-05,8.90139038845876e-05,0.00010571734848957791,0.00010598411245087384,-0.0007927345463705386,-8.034513954712084,-6.26870294050224,-0.9626873478964239,-5.2340207216935936e-05,7.751084580406135e-07,28.0,28.0,14.0,6.0,6.0,6.0
1.3277084018706815,1.0,1.3620849281902725e-05,7.876803423105491e-05,-0.34995246045417305,0.000112340038310112,0.22384045478625345,-0.34995246045417305,0.000112340038310112,0.22384045478625345,-0.349958486539458,0.00010548411298148485,0.22385056468828993,-0.32699758211244756,-1.4200347105609339,1.2360029220581055,-1.3860686461078089,-1.5710023085223597,2.738020658493042,0.0,0.0,-0.0,0.0,0.0,0.0,-0.3270759424088679,-1.4201019195667617,1.236087655662052,-1.3860762757432015,-1.5708733366975447,2.738129662780634,-0.00010981569410173943,2.3468379267631925e-05,2.4604377767282686e-05,9.149584395866155e-05,0.00010981266554716841,0.0001067409400962404,-0.0007927345463705386,-8.034513954712084,-6.26870294050224,-0.9626873478964239,-5.2340207216935936e-05,7.751084580406135e-07,28.0,28.0,14.0,6.0,6.0,6.0
1.3317084018706815,1.0,8.230137275093015e-06,5.526570499422273e-05,-0.34995246045417305,0.000112340038310112,0.22384045478625345,-0.34995246045417305,0.000112340038310112,0.22384045478625345,-0.3499543718324225,0.00010564367759393988,0.22383606838158523,-0.32700950304140264,-1.4200227896319788,1.2360386848449707,-1.3860686461078089,-1.5709903875934046,2.738020658493042,0.0,0.0,-0.0,0.0,0.0,0.0,-0.32707638490664903,-1.420101855686339,1.236087770318631,-1.3860759432277243,-1.57087289578267,2.7381300900165857,-0.00011062444528063618,1.59701057038103e-05,2.866414477323394e-05,8.312886927017098e-05,0.00011022871865040351,0.00010680898790421106,-0.0003776960568331032,-8.035598239177087,-6.26903857836974,-0.9627342005506764,-4.7999086612433946e-05,6.214145614371055e-07,28.0,28.0,14.0,6.0,6.0,6.0
1.3362511778757913,1.0,8.230137275093015e-06,5.526570499422273e-05,-0.34995246045417305,0.000112340038310112,0.22384045478625345,-0.34995246045417305,0.000112340038310112,0.22384045478625345,-0.3499543718324225,0.00010564367759393988,0.22383606838158523,-0.32700950304140264,-1.4200227896319788,1.2360386848449707,-1.3860686461078089,-1.5709903875934046,2.738020658493042,0.0,0.0,-0.0,0.0,0.0,0.0,-0.3270768304453346,-1.4201018199994246,1.236087900239934,-1.3860756421720721,-1.5708724533034357,2.738130517508397,-0.00011138467138879913,8.921728553817974e-06,3.248032575882812e-05,7.526391306298984e-05,0.0001106198085674445,0.00010687295284370348,-0.0003776960568331032,-8.035598239177087,-6.26903857836974,-0.9627342005506764,-4.7999086612433946e-05,6.214145614371055e-07,28.0,28.0,14.0,6.0,6.0,6.0
1.3402511778757913,1.0,2.2645465908059333e-05,8.156537666500443e-05,-0.34995246045417305,0.000112340038310112,0.22384045478625345,-0.34995246045417305,0.000112340038310112,0.22384045478625345,-0.34995884263688154,0.00011394944858764366,0.22386212261190871,-0.3270214239703577,-1.420058552418844,1.2359905242919922,-1.3860686461078089,-1.5710023085223597,2.738044500350952,0.0,0.0,-0.0,0.0,0.0,0.0,-0.3270772763080414,-1.4201017466795445,1.2360880014289535,-1.3860752950931676,-1.5708719956256123,2.7381309065780814,-0.00011146567669989706,1.8329970046612857e-05,2.5297254826118498e-05,8.67697261434852e-05,0.00011441945586934709,9.726742107601066e-05,-0.0007638498597643439,-8.033491740253405,-6.268432804189405,-0.9626497224737613,-4.6193037316947014e-05,1.5978633148360084e-07,28.0,28.0,14.0,6.0,6.0,6.0
1.3453341958874376,1.0,2.2645465908059333e-05,8.156537666500443e-05,-0.34995246045417305,0.000112340038310112,0.22384045478625345,-0.34995246045417305,0.000112340038310112,0.22384045478625345,-0.34995884263688154,0.00011394944858764366,0.22386212261190871,-0.3270214239703577,-1.420058552418844,1.2359905242919922,-1.3860686461078089,-1.5710023085223597,2.738044500350952,0.0,0.0,-0.0,0.0,0.0,0.0,-0.3270777224753282,-1.4201016379846763,1.236088075609626,-1.386074904752406,-1.570871523661115,2.738131259530966,-0.00011154182169232912,2.717371704984005e-05,1.854516814937145e-05,9.758519043915083e-05,0.00011799112433313552,8.823822121437942e-05,-0.0007638498597643439,-8.033491740253405,-6.268432804189405,-0.9626497224737613,-4.6193037316947014e-05,1.5978633148360084e-07,28.0,28.0,14.0,6.0,6.0,6.0
1.3493341958874376,1.0,2.2645465908059333e-05,8.156537666500443e-05,-0.34995246045417305,0.000112340038310112,0.22384045478625345,-0.34995246045417305,0.000112340038310112,0.22384045478625345,-0.34995884263688154,0.00011394944858764366,0.22386212261190871,-0.3270214239703577,-1.420058552418844,1.2359905242919922,-1.3860686461078089,-1.5710023085223597,2.738044500350952,0.0,0.0,-0.0,0.0,0.0,0.0,-0.3270781689289201,-1.4201014960373193,1.2360881244024526,-1.3860744737454984,-1.5708710382671442,2.7381315785340594,-0.00011161339798521525,3.54868392328736e-05,1.2198206673229226e-05,0.00010775172687707652,0.00012134849268909664,7.975077334444604e-05,-0.0007638498597643439,-8.033491740253405,-6.268432804189405,-0.9626497224737613,-4.6193037316947014e-05,1.5978633148360084e-07,28.0,28.0,14.0,6.0,6.0,6.0
1.3547069248943595,1.0,3.038966314127966e-06,5.4173101334985424e-05,-0.34995246045417305,0.000112340038310112,0.22384045478625345,-0.34995246045417305,0.000112340038310112,0.22384045478625345,-0.3499535584281378,0.00010953998749278726,0.22384001948767598,-0.3270214239703577,-1.4200347105609339,1.2360386848449707,-1.3860686461078089,-1.5709903875934046,2.738008499145508,0.0,0.0,-0.0,0.0,0.0,0.0,-0.3270786113370796,-1.4201013736459236,1.236088182034374,-1.3860740693247724,-1.5708705539812673,2.738131911410798,-0.00011060203987337052,3.0597848947957036e-05,1.4407980342866384e-05,0.00010110518149694409,0.00012107146926112374,8.321918470248946e-05,-0.00034038256691668994,-8.035187183849203,-6.2689445053733115,-0.9627217028026501,-4.4925275604879956e-05,6.244628010649906e-07,28.0,28.0,14.0,6.0,6.0,6.0
1.3587069248943595,1.0,3.038966314127966e-06,5.4173101334985424e-05,-0.34995246045417305,0.000112340038310112,0.22384045478625345,-0.34995246045417305,0.000112340038310112,0.22384045478625345,-0.3499535584281378,0.00010953998749278726,0.22384001948767598,-0.3270214239703577,-1.4200347105609339,1.2360386848449707,-1.3860686461078089,-1.5709903875934046,2.738008499145508,0.0,0.0,-0.0,0.0,0.0,0.0,-0.3270790499425326,-1.4201012696371313,1.2360882479750446,-1.386073689895057,-1.5708700707369982,2.7381322573287634,-0.00010965136324823647,2.600219808013546e-05,1.6485167592325314e-05,9.48574288396196e-05,0.00012081106723882922,8.647949137905027e-05,-0.00034038256691668994,-8.035187183849203,-6.2689445053733115,-0.9627217028026501,-4.4925275604879956e-05,6.244628010649906e-07,28.0,28.0,14.0,6.0,6.0,6.0
1.3630597258789936,1.0,3.038966314127966e-06,5.4173101334985424e-05,-0.34995246045417305,0.000112340038310112,0.22384045478625345,-0.34995246045417305,0.000112340038310112,0.22384045478625345,-0.3499535584281378,0.00010953998749278726,0.22384001948767598,-0.3270214239703577,-1.4200347105609339,1.2360386848449707,-1.3860686461078089,-1.5709903875934046,2.738008499145508,0.0,0.0,-0.0,0.0,0.0,0.0,-0.3270794849734415,-1.4201011829079864,1.236088321725939,-1.3860733339568916,-1.5708695884718409,2.738132615505482,-0.00010875772722061047,2.168228626438318e-05,1.8437723606816708e-05,8.898454134173457e-05,0.00012056628933787237,8.954417965501742e-05,-0.00034038256691668994,-8.035187183849203,-6.2689445053733115,-0.9627217028026501,-4.4925275604879956e-05,6.244628010649906e-07,28.0,28.0,14.0,6.0,6.0,6.0
1.3670597258789936,1.0,1.2204341483510204e-05,6.591615860278557e-05,-0.34995246045417305,0.000112340038310112,0.22384045478625345,-0.34995246045417305,0.000112340038310112,0.22384045478625345,-0.34995774711490285,0.00010261628448820503,0.22384559733241124,-0.32699758211244756,-1.4200227896319788,1.2360029220581055,-1.3860567251788538,-1.5709903875934046,2.738020658493042,0.0,0.0,-0.0,0.0,0.0,0.0,-0.3270799303517351,-1.420101112759215,1.2360884129360203,-1.3860729961480729,-1.5708691071189396,2.7381329849563874,-0.00011134457340069284,1.753719285418836e-05,2.280252031139611e-05,8.445220466697451e-05,0.00012033822533839817,9.236272632253556e-05,-0.0005998349528790369,-8.035077500862743,-6.268810897406071,-0.9627025056230459,-5.107504745293641e-05,7.751671599658245e-07,28.0,28.0,14.0,6.0,6.0,6.0
1.372148679878796,1.0,1.2204341483510204e-05,6.591615860278557e-05,-0.34995246045417305,0.000112340038310112,0.22384045478625345,-0.34995246045417305,0.000112340038310112,0.22384045478625345,-0.34995774711490285,0.00010261628448820503,0.22384559733241124,-0.32699758211244756,-1.4200227896319788,1.2360029220581055,-1.3860567251788538,-1.5709903875934046,2.738020658493042,0.0,0.0,-0.0,0.0,0.0,0.0,-0.32708038545657037,-1.4201010581959947,1.2360885205577372,-1.3860726753808401,-1.5708686266235588,2.738133365005028,-0.00011377620880997025,1.3640805048605231e-05,2.6905429213700745e-05,8.019180819270007e-05,0.00012012384517889242,9.50121601900026e-05,-0.0005998349528790369,-8.035077500862743,-6.268810897406071,-0.9627025056230459,-5.107504745293641e-05,7.751671599658245e-07,28.0,28.0,14.0,6.0,6.0,6.0
1.376148679878796,1.0,1.2204341483510204e-05,6.591615860278557e-05,-0.34995246045417305,0.000112340038310112,0.22384045478625345,-0.34995246045417305,0.000112340038310112,0.22384045478625345,-0.34995774711490285,0.00010261628448820503,0.22384559733241124,-0.32699758211244756,-1.4200227896319788,1.2360029220581055,-1.3860567251788538,-1.5709903875934046,2.738020658493042,0.0,0.0,-0.0,0.0,0.0,0.0,-0.32708084970435475,-1.4201010182831928,1.2360886436063916,-1.386072370632698,-1.5708681469342474,2.73813375501554,-0.00011606194609469102,9.978200511357089e-06,3.07621635818671e-05,7.618703550688208e-05,0.00011992232782895702,9.750262802542161e-05,-0.0005998349528790369,-8.035077500862743,-6.268810897406071,-0.9627025056230459,-5.107504745293641e-05,7.751671599658245e-07,28.0,28.0,14.0,6.0,6.0,6.0
1.38142523487052,1.0,2.805151014253246e-05,0.00011424015833851734,-0.34995246045417305,0.000112340038310112,0.22384045478625345,-0.34995246045417305,0.000112340038310112,0.22384045478625345,-0.34996480641050604,0.00011497282314608432,0.22386550539557754,-0.327033821736471,-1.4200704733477991,1.2360029220581055,-1.3861048857318323,-1.5709779898272913,2.738008499145508,0.0,0.0,-0.0,0.0,0.0,0.0,-0.3270812972700193,-1.4201009104586013,1.2360886950546857,-1.3860719661453802,-1.57086768229255,2.7381341519267957,-0.00011189141613387985,2.695614789434733e-05,1.286207349902165e-05,0.00010112182948247939,0.00011616042430863063,9.922781395041807e-05,-0.0006750056370536991,-8.03295116751704,-6.268383729988601,-0.962638564799783,-4.042136939659493e-05,4.6425761208133276e-07,28.0,28.0,14.0,6.0,6.0,6.0
1.38542523487052,1.0,2.805151014253246e-05,0.00011424015833851734,-0.34995246045417305,0.000112340038310112,0.22384045478625345,-0.34995246045417305,0.000112340038310112,0.22384045478625345,-0.34996480641050604,0.00011497282314608432,0.22386550539557754,-0.327033821736471,-1.4200704733477991,1.2360029220581055,-1.3861048857318323,-1.5709779898272913,2.738008499145508,0.0,0.0,-0.0,0.0,0.0,0.0,-0.3270817291544912,-1.4201007387969276,1.236088679198641,-1.3860714679032369,-1.57086723179561,2.7381345553247507,-0.00010797111797071736,4.291541843435816e-05,-3.964011178853068e-06,0.00012456053581954085,0.00011262423499952383,0.00010084948871991474,-0.0006750056370536991,-8.03295116751704,-6.268383729988601,-0.962638564799783,-4.042136939659493e-05,4.6425761208133276e-07,28.0,28.0,14.0,6.0,6.0,6.0
1.3899881958954508,1.0,2.805151014253246e-05,0.00011424015833851734,-0.34995246045417305,0.000112340038310112,0.22384045478625345,-0.34995246045417305,0.000112340038310112,0.22384045478625345,-0.34996480641050604,0.00011497282314608432,0.22386550539557754,-0.327033821736471,-1.4200704733477991,1.2360029220581055,-1.3861048857318323,-1.5709779898272913,2.738008499145508,0.0,0.0,-0.0,0.0,0.0,0.0,-0.32708214629864196,-1.4201005071283965,1.2360886000765179,-1.3860708815315577,-1.5708667945947419,2.738134964820203,-0.0001042860376973446,5.791713274196833e-05,-1.9780530776055307e-05,0.00014659291977637862,0.00010930021704896342,0.00010237386300324161,-0.0006750056370536991,-8.03295116751704,-6.268383729988601,-0.962638564799783,-4.042136939659493e-05,4.6425761208133276e-07,28.0,28.0,14.0,6.0,6.0,6.0
1.3939881958954508,1.0,1.168625158126215e-05,5.3970166830088034e-05,-0.34995246045417305,0.000112340038310112,0.22384045478625345,-0.34995246045417305,0.000112340038310112,0.22384045478625345,-0.3499554932906748,0.00010185184673803995,0.22384462230545815,-0.32699758211244756,-1.4200227896319788,1.2360029220581055,-1.386045281087057,-1.5709903875934046,2.738032579421997,0.0,0.0,-0.0,0.0,0.0,0.0,-0.3270825748617439,-1.4201003069813467,1.2360885575911367,-1.3860703440567512,-1.570866355602412,2.738135368779287,-0.00010714077549437922,5.0036762460595535e-05,-1.0621345286205203e-05,0.0001343687016024535,0.00010974808248137223,0.00010098977095466734,-0.0005606826348861548,-8.035179717146491,-6.2688221420746615,-0.9627060544178574,-5.107439503981138e-05,6.213854227796505e-07,28.0,28.0,14.0,6.0,6.0,6.0
1.3991139578879817,1.0,1.168625158126215e-05,5.3970166830088034e-05,-0.34995246045417305,0.000112340038310112,0.22384045478625345,-0.34995246045417305,0.000112340038310112,0.22384045478625345,-0.3499554932906748,0.00010185184673803995,0.22384462230545815,-0.32699758211244756,-1.4200227896319788,1.2360029220581055,-1.386045281087057,-1.5709903875934046,2.738032579421997,0.0,0.0,-0.0,0.0,0.0,0.0,-0.32708301415866003,-1.4201001364644892,1.236088549544293,-1.3860698525450053,-1.5708659149261082,2.7381357675341844,-0.00010982422902359177,4.2629214396105105e-05,-2.0117109257461067e-06,0.00012287793651896388,0.0001101690759878365,9.968872442900752e-05,-0.0005606826348861548,-8.035179717146491,-6.2688221420746615,-0.9627060544178574,-5.107439503981138e-05,6.213854227796505e-07,28.0,28.0,14.0,6.0,6.0,6.0
1.4031139578879817,1.0,1.604026015293435e-05,6.59197494234135e-05,-0.34995246045417305,0.000112340038310112,0.22384045478625345,-0.34995246045417305,0.000112340038310112,0.22384045478625345,-0.3499550288792574,9.752213885899892e-05,0.22384603358488905,-0.3269856611834925,-1.4200347105609339,1.2360148429870605,-1.3860567251788538,-1.5709903875934046,2.738032579421997,0.0,0.0,-0.0,0.0,0.0,0.0,-0.32708347040346153,-1.4200999807798695,1.2360885571157838,-1.3860693873271757,-1.5708654726624676,2.7381361682721144,-0.00011406120037216893,3.892115490707177e-05,1.8928727013544791e-06,0.00011630445741020433,0.00011056591013146096,0.00010018448248063273,-0.0007757462580457364,-8.03475899419933,-6.268789826230323,-0.9627042182541794,-5.415123729002431e-05,7.75167116934021e-07,28.0,28.0,14.0,6.0,6.0,6.0
1.4078870788950013,1.0,1.604026015293435e-05,6.59197494234135e-05,-0.34995246045417305,0.000112340038310112,0.22384045478625345,-0.34995246045417305,0.000112340038310112,0.22384045478625345,-0.3499550288792574,9.752213885899892e-05,0.22384603358488905,-0.3269856611834925,-1.4200347105609339,1.2360148429870605,-1.3860567251788538,-1.5709903875934046,2.738032579421997,0.0,0.0,-0.0,0.0,0.0,0.0,-0.3270839425792753,-1.4200998390375537,1.236088579368509,-1.3860689468256275,-1.5708650289067307,2.7381365708740946,-0.00011804395343983147,3.5435578987380435e-05,5.56318131082903e-06,0.00011012538704797035,0.00011093893422646794,0.00010065049504916043,-0.0007757462580457364,-8.03475899419933,-6.268789826230323,-0.9627042182541794,-5.415123729002431e-05,7.75167116934021e-07,28.0,28.0,14.0,6.0,6.0,6.0
1.4118870788950013,1.0,1.604026015293435e-05,6.59197494234135e-05,-0.34995246045417305,0.000112340038310112,0.22384045478625345,-0.34995246045417305,0.000112340038310112,0.22384045478625345,-0.3499550288792574,9.752213885899892e-05,0.22384603358488905,-0.3269856611834925,-1.4200347105609339,1.2360148429870605,-1.3860567251788538,-1.5709903875934046,2.738032579421997,0.0,0.0,-0.0,0.0,0.0,0.0,-0.3270844297302406,-1.4200997104010031,1.2360886154215946,-1.3860685295573838,-1.5708645837484232,2.738136975228282,-0.00012178774132343426,3.215913762287058e-05,9.013271403735108e-06,0.00010431706090747042,0.00011128957687577451,0.00010108854686357647,-0.0007757462580457364,-8.03475899419933,-6.268789826230323,-0.9627042182541794,-5.415123729002431e-05,7.75167116934021e-07,28.0,28.0,14.0,6.0,6.0,6.0
1.4167112559077801,1.0,1.604026015293435e-05,6.59197494234135e-05,-0.34995246045417305,0.000112340038310112,0.22384045478625345,-0.34995246045417305,0.000112340038310112,0.22384045478625345,-0.3499550288792574,9.752213885899892e-05,0.22384603358488905,-0.3269856611834925,-1.4200347105609339,1.2360148429870605,-1.3860567251788538,-1.5709903875934046,2.738032579421997,0.0,0.0,-0.0,0.0,0.0,0.0,-0.32708493095784835,-1.420099594083872,1.236088664447019,-1.3860681341284464,-1.5708641372716994,2.7381373812295444,-0.00012530690193402087,2.9079282740231317e-05,1.2256356091066821e-05,9.885723433540047e-05,0.00011161918096612268,0.00010150031556912755,-0.0007757462580457364,-8.03475899419933,-6.268789826230323,-0.9627042182541794,-5.415123729002431e-05,7.75167116934021e-07,28.0,28.0,14.0,6.0,6.0,6.0
1.4207112559077801,1.0,1.6104801300574183e-05,5.5038777786053415e-05,-0.34995246045417305,0.000112340038310112,0.22384045478625345,-0.34995246045417305,0.000112340038310112,0.22384045478625345,-0.34995707483415306,9.860468127916423e-05,0.22384748415959418,-0.32700950304140264,-1.420046631489889,1.2360267639160156,-1.3860686461078089,-1.5709541479693812,2.738020658493042,0.0,0.0,-0.0,0.0,0.0,0.0,-0.3270854186562119,-1.4200994697450158,1.2360887010615917,-1.3860677404964417,-1.5708637313004443,2.7381378018071043,-0.00012192459087831087,3.108471408270828e-05,9.153643163433527e-06,9.840800120156121e-05,0.00010149281375474006,0.00010514438992195035,-0.00042091784111291953,-8.03447192096739,-6.268763531364815,-0.9626991239063114,-4.416255772413363e-05,6.213362090405882e-07,28.0,28.0,14.0,6.0,6.0,6.0
1.4258845119173644,1.0,1.6104801300574183e-05,5.5038777786053415e-05,-0.34995246045417305,0.000112340038310112,0.22384045478625345,-0.34995246045417305,0.000112340038310112,0.22384045478625345,-0.34995707483415306,9.860468127916423e-05,0.22384748415959418,-0.32700950304140264,-1.420046631489889,1.2360267639160156,-1.3860686461078089,-1.5709541479693812,2.738020658493042,0.0,0.0,-0.0,0.0,0.0,0.0,-0.32708589363708584,-1.4200993378657376,1.2360887260099638,-1.3860673485535535,-1.57086336340433,2.7381382360863835,-0.00011874521848594346,3.2969819544636624e-05,6.2370930114582306e-06,9.798572205575231e-05,9.19740285760404e-05,0.00010856981981360379,-0.00042091784111291953,-8.03447192096739,-6.268763531364815,-0.9626991239063114,-4.416255772413363e-05,6.213362090405882e-07,28.0,28.0,14.0,6.0,6.0,6.0
1.4298845119173644,1.0,1.3105043456764866e-05,7.383331550333621e-05,-0.34995246045417305,0.000112340038310112,0.22384045478625345,-0.34995246045417305,0.000112340038310112,0.22384045478625345,-0.3499624385418104,0.000116891358891847,0.22384762872604042,-0.327033821736471,-1.4200227896319788,1.2360029220581055,-1.386080567036764,-1.5709903875934046,2.7379846572875977,0.0,0.0,-0.0,0.0,0.0,0.0,-0.3270863557364966,-1.4200992122019152,1.2360887504131473,-1.386066941580519,-1.5708629895710238,2.7381386976312263,-0.00011552485267980289,3.141595562472139e-05,6.1007958677678595e-06,0.00010174325866973225,9.345832658189853e-05,0.0001153862107296966,-0.0002892186536888438,-8.035016378504485,-6.268796328676283,-0.9626919681427542,-4.172772834813426e-05,7.720351640210924e-07,28.0,28.0,14.0,6.0,6.0,6.0
1.4348642309177673,1.0,1.3105043456764866e-05,7.383331550333621e-05,-0.34995246045417305,0.000112340038310112,0.22384045478625345,-0.34995246045417305,0.000112340038310112,0.22384045478625345,-0.3499624385418104,0.000116891358891847,0.22384762872604042,-0.327033821736471,-1.4200227896319788,1.2360029220581055,-1.386080567036764,-1.5709903875934046,2.7379846572875977,0.0,0.0,-0.0,0.0,0.0,0.0,-0.32708680572733184,-1.420099092380621,1.2360887743038536,-1.3860665204791465,-1.5708626101567569,2.738139184805699,-0.00011249770882203075,2.9955323540001062e-05,5.972676552698911e-06,0.00010527534308687338,9.485356670740516e-05,0.00012179361819082384,-0.0002892186536888438,-8.035016378504485,-6.268796328676283,-0.9626919681427542,-4.172772834813426e-05,7.720351640210924e-07,28.0,28.0,14.0,6.0,6.0,6.0
1.4388642309177673,1.0,1.3105043456764866e-05,7.383331550333621e-05,-0.34995246045417305,0.000112340038310112,0.22384045478625345,-0.34995246045417305,0.000112340038310112,0.22384045478625345,-0.3499624385418104,0.000116891358891847,0.22384762872604042,-0.327033821736471,-1.4200227896319788,1.2360029220581055,-1.386080567036764,-1.5709903875934046,2.7379846572875977,0.0,0.0,-0.0,0.0,0.0,0.0,-0.3270872443361062,-1.4200989780513034,1.2360887977128312,-1.3860660860971368,-1.570862225496387,2.738139696072024,-0.00010965219359572494,2.8582329380363955e-05,5.852244396534099e-06,0.00010859550243898605,9.61650924253814e-05,0.00012781658120428346,-0.0002892186536888438,-8.035016378504485,-6.268796328676283,-0.9626919681427542,-4.172772834813426e-05,7.720351640210924e-07,28.0,28.0,14.0,6.0,6.0,6.0
1.4435304908957338,1.0,1.3105043456764866e-05,7.383331550333621e-05,-0.34995246045417305,0.000112340038310112,0.22384045478625345,-0.34995246045417305,0.000112340038310112,0.22384045478625345,-0.3499624385418104,0.000116891358891847,0.22384762872604042,-0.327033821736471,-1.4200227896319788,1.2360029220581055,-1.386080567036764,-1.5709903875934046,2.7379846572875977,0.0,0.0,-0.0,0.0,0.0,0.0,-0.3270876722457433,-1.4200988688844438,1.236088820668984,-1.3860656392313278,-1.5708618359046806,2.7381402299846895,-0.00010697740928299748,2.7291714870305076e-05,5.739038169739176e-06,0.00011171645222997195,9.739792660027908e-05,0.0001334781664369355,-0.0002892186536888438,-8.035016378504485,-6.268796328676283,-0.9626919681427542,-4.172772834813426e-05,7.720351640210924e-07,28.0,28.0,14.0,6.0,6.0,6.0
1.4475304908957338,1.0,2.64085877688332e-05,8.106001323020983e-05,-0.34995246045417305,0.000112340038310112,0.22384045478625345,-0.34995246045417305,0.000112340038310112,0.22384045478625345,-0.3499592644261535,9.934736225314446e-05,0.22386241633998064,-0.32700950304140264,-1.4200704733477991,1.2360029220581055,-1.3860686461078089,-1.5709541479693812,2.738032579421997,0.0,0.0,-0.0,0.0,0.0,0.0,-0.3270880910391047,-1.4200987116607982,1.236088804941134,-1.3860651541032738,-1.57086148340448,2.738140757051838,-0.00010469834034848286,3.9305911418106274e-05,-3.931962495357683e-06,0.00012128201348376962,8.81250501537187e-05,0.00013176678713077355,-0.000693078367106245,-8.033165086897254,-6.268411892302778,-0.9626519099779579,-4.416676873289173e-05,4.674268589874171e-07,28.0,28.0,14.0,6.0,6.0,6.0
1.4525493918883154,1.0,2.64085877688332e-05,8.106001323020983e-05,-0.34995246045417305,0.000112340038310112,0.22384045478625345,-0.34995246045417305,0.000112340038310112,0.22384045478625345,-0.3499592644261535,9.934736225314446e-05,0.22386241633998064,-0.32700950304140264,-1.4200704733477991,1.2360029220581055,-1.3860686461078089,-1.5709541479693812,2.738032579421997,0.0,0.0,-0.0,0.0,0.0,0.0,-0.3270885012631669,-1.4200985092637735,1.2360887528503215,-1.3860646330087096,-1.5708611657702949,2.7381412776842002,-0.0001025560155500391,5.05992561730394e-05,-1.3022703120548731e-05,0.00013027364106233945,7.940854629395195e-05,0.00013015809058298134,-0.000693078367106245,-8.033165086897254,-6.268411892302778,-0.9626519099779579,-4.416676873289173e-05,4.674268589874171e-07,28.0,28.0,14.0,6.0,6.0,6.0
1.4565493918883154,1.0,1.626503480222718e-05,4.961398850064944e-05,-0.34995246045417305,0.000112340038310112,0.22384045478625345,-0.34995246045417305,0.000112340038310112,0.22384045478625345,-0.3499570921434556,9.70553836539896e-05,0.223843533445629,-0.32699758211244756,-1.4200347105609339,1.2360267639160156,-1.3860686461078089,-1.5709660688983362,2.738032579421997,0.0,0.0,-0.0,0.0,0.0,0.0,-0.327088914562726,-1.4200983193898387,1.2360887072099755,-1.3860641323928746,-1.5708608671778772,2.7381417948706295,-0.00010332488977125566,4.746848367437314e-05,-1.141008649993215e-05,0.0001251539587734368,7.46481044088896e-05,0.000129296607277196,-0.0005189276710194886,-8.034886892854928,-6.268858344341848,-0.9627116240663736,-4.8499406560229944e-05,6.213604381234513e-07,28.0,28.0,14.0,6.0,6.0,6.0
1.4611147279022267,1.0,1.626503480222718e-05,4.961398850064944e-05,-0.34995246045417305,0.000112340038310112,0.22384045478625345,-0.34995246045417305,0.000112340038310112,0.22384045478625345,-0.3499570921434556,9.70553836539896e-05,0.223843533445629,-0.32699758211244756,-1.4200347105609339,1.2360267639160156,-1.3860686461078089,-1.5709660688983362,2.738032579421997,0.0,0.0,-0.0,0.0,0.0,0.0,-0.32708933075325214,-1.4200981412876086,1.236088667633068,-1.386063651027045,-1.5708605864847212,2.7381423088178813,-0.00010404763153919922,4.452555752562686e-05,-9.894226876552564e-06,0.00012034145742186832,7.017328903693098e-05,0.00012848681296975779,-0.0005189276710194886,-8.034886892854928,-6.268858344341848,-0.9627116240663736,-4.8499406560229944e-05,6.213604381234513e-07,28.0,28.0,14.0,6.0,6.0,6.0
1.4651147279022267,1.0,1.626503480222718e-05,4.961398850064944e-05,-0.34995246045417305,0.000112340038310112,0.22384045478625345,-0.34995246045417305,0.000112340038310112,0.22384045478625345,-0.3499570921434556,9.70553836539896e-05,0.223843533445629,-0.32699758211244756,-1.4200347105609339,1.2360267639160156,-1.3860686461078089,-1.5709660688983362,2.738032579421997,0.0,0.0,-0.0,0.0,0.0,0.0,-0.32708974966128734,-1.4200979742507809,1.2360886337557926,-1.3860631877562204,-1.5708603226168707,2.7381428197203066,-0.00010472700880106616,4.175920694580536e-05,-8.469318830575754e-06,0.00011581770615139393,6.596696258728989e-05,0.00012772560632076587,-0.0005189276710194886,-8.034886892854928,-6.268858344341848,-0.9627116240663736,-4.8499406560229944e-05,6.213604381234513e-07,28.0,28.0,14.0,6.0,6.0,6.0
1.4702772968979558,1.0,1.5035423517406238e-05,8.028640559149146e-05,-0.34995246045417305,0.000112340038310112,0.22384045478625345,-0.34995246045417305,0.000112340038310112,0.22384045478625345,-0.3499616262946709,0.00011661583325608541,0.22385157993370844,-0.327033821736471,-1.4200347105609339,1.2360029220581055,-1.386080567036764,-1.5709903875934046,2.7379846572875977,0.0,0.0,-0.0,0.0,0.0,0.0,-0.3270901590567989,-1.4200978022386812,1.2360885925140543,-1.3860627029593648,-1.5708600465700562,2.738143353286503,-0.00010234887788502557,4.300302493943227e-05,-1.031043453664511e-05,0.00012119921389127052,6.901170361951575e-05,0.0001333915491719047,-0.00038080297957932333,-8.03455538617689,-6.268699342401586,-0.9626805040493975,-4.1729136840209926e-05,7.7200718649489e-07,28.0,28.0,14.0,6.0,6.0,6.0
1.4742772968979558,1.0,1.5035423517406238e-05,8.028640559149146e-05,-0.34995246045417305,0.000112340038310112,0.22384045478625345,-0.34995246045417305,0.000112340038310112,0.22384045478625345,-0.3499616262946709,0.00011661583325608541,0.22385157993370844,-0.327033821736471,-1.4200347105609339,1.2360029220581055,-1.386080567036764,-1.5709903875934046,2.7379846572875977,0.0,0.0,-0.0,0.0,0.0,0.0,-0.32709055951053817,-1.4200976255498259,1.2360885443497212,-1.38606219792804,-1.5708597590750155,2.738143908156645,-0.0001001134348239474,4.4172213853441564e-05,-1.2041083300350305e-05,0.00012625783116675452,7.187376018980807e-05,0.00013871753545197525,-0.00038080297957932333,-8.03455538617689,-6.268699342401586,-0.9626805040493975,-4.1729136840209926e-05,7.7200718649489e-07,28.0,28.0,14.0,6.0,6.0,6.0
1.4793460668965714,1.0,1.5035423517406238e-05,8.028640559149146e-05,-0.34995246045417305,0.000112340038310112,0.22384045478625345,-0.34995246045417305,0.000112340038310112,0.22384045478625345,-0.3499616262946709,0.00011661583325608541,0.22385157993370844,-0.327033821736471,-1.4200347105609339,1.2360029220581055,-1.386080567036764,-1.5709903875934046,2.7379846572875977,0.0,0.0,-0.0,0.0,0.0,0.0,-0.3270909515590116,-1.4200974444648202,1.2360884896781485,-1.3860616738763145,-1.5708594608186421,2.738144483052495,-9.801211834653393e-05,4.52712514326103e-05,-1.3667893138233188e-05,0.00013101293140570946,7.456409336588284e-05,0.00014372396255524155,-0.00038080297957932333,-8.03455538617689,-6.268699342401586,-0.9626805040493975,-4.1729136840209926e-05,7.7200718649489e-07,28.0,28.0,14.0,6.0,6.0,6.0
1.4833460668965714,1.0,8.3598819969235e-06,4.973823682755405e-05,-0.34995246045417305,0.000112340038310112,0.22384045478625345,-0.34995246045417305,0.000112340038310112,0.22384045478625345,-0.3499573728711502,0.00011083384738982963,0.22384704926692722,-0.3270214239703577,-1.4200347105609339,1.2360148429870605,-1.3860686461078089,-1.5709903875934046,2.738020658493042,0.0,0.0,-0.0,0.0,0.0,0.0,-0.32709134283080504,-1.4200972722777039,1.2360884429133665,-1.386061160399604,-1.5708591524417594,2.738145042456744,-9.781794837093884e-05,4.304677906290655e-05,-1.1691195500702955e-05,0.0001283691776278743,7.709422067936473e-05,0.00013985106228907104,-0.0004293647632584824,-8.034802340722264,-6.268786850403399,-0.9626974186280056,-4.492622494980916e-05,4.675220822659073e-07,28.0,28.0,14.0,6.0,6.0,6.0
1.4879410859071656,1.0,8.3598819969235e-06,4.973823682755405e-05,-0.34995246045417305,0.000112340038310112,0.22384045478625345,-0.34995246045417305,0.000112340038310112,0.22384045478625345,-0.3499573728711502,0.00011083384738982963,0.22384704926692722,-0.3270214239703577,-1.4200347105609339,1.2360148429870605,-1.3860686461078089,-1.5709903875934046,2.738020658493042,0.0,0.0,-0.0,0.0,0.0,0.0,-0.3270917333725194,-1.4200971084546037,1.2360884035809676,-1.3860606568634077,-1.5708588345515981,2.7381455872988885,-9.763542859387947e-05,4.0955775035385015e-05,-9.833099721424536e-06,0.00012588404907670927,7.94725403540377e-05,0.00013621053603887076,-0.0004293647632584824,-8.034802340722264,-6.268786850403399,-0.9626974186280056,-4.492622494980916e-05,4.675220822659073e-07,28.0,28.0,14.0,6.0,6.0,6.0
1.4919410859071656,1.0,8.3598819969235e-06,4.973823682755405e-05,-0.34995246045417305,0.000112340038310112,0.22384045478625345,-0.34995246045417305,0.000112340038310112,0.22384045478625345,-0.3499573728711502,0.00011083384738982963,0.22384704926692722,-0.3270214239703577,-1.4200347105609339,1.2360148429870605,-1.3860686461078089,-1.5709903875934046,2.738020658493042,0.0,0.0,-0.0,0.0,0.0,0.0,-0.3270921232279594,-1.4200969524936786,1.2360883712350088,-1.3860601626712947,-1.5708585077189547,2.738146118452654,-9.746386000344366e-05,3.8990231249514774e-05,-8.086489688902822e-06,0.00012354802823861413,8.170816084823031e-05,0.0001327884413636825,-0.0004293647632584824,-8.034802340722264,-6.268786850403399,-0.9626974186280056,-4.492622494980916e-05,4.675220822659073e-07,28.0,28.0,14.0,6.0,6.0,6.0
1.4970810959127272,1.0,1.2219065394626415e-05,2.0915264756199276e-05,-0.34995246045417305,0.000112340038310112,0.22384045478625345,-0.34995246045417305,0.000112340038310112,0.22384045478625345,-0.3499595101129667,0.00010360294895436268,0.22383563076929652,-0.3270214239703577,-1.4200108687030237,1.2360267639160156,-1.3860686461078089,-1.5709541479693812,2.738044500350952,0.0,0.0,-0.0,0.0,0.0,0.0,-0.32709249936882584,-1.42009683076908,1.236088362376307,-1.3860597085187876,-1.5708582142178311,2.7381466223427458,-9.403521661080017e-05,3.043114964865611e-05,-2.2146754210164128e-06,0.0001135381267844185,7.33752809154408e-05,0.00012597252297760485,-1.67984902037146e-05,-8.035904838451474,-6.269057399363248,-0.9627324801916901,-4.108275078925942e-05,1.5998603898352568e-07,28.0,28.0,14.0,6.0,6.0,6.0
1.5010810959127272,1.0,1.2219065394626415e-05,2.0915264756199276e-05,-0.34995246045417305,0.000112340038310112,0.22384045478625345,-0.34995246045417305,0.000112340038310112,0.22384045478625345,-0.3499595101129667,0.00010360294895436268,0.22383563076929652,-0.3270214239703577,-1.4200108687030237,1.2360267639160156,-1.3860686461078089,-1.5709541479693812,2.738044500350952,0.0,0.0,-0.0,0.0,0.0,0.0,-0.32709286261799314,-1.4200967412266283,1.236088375595627,-1.38605929200351,-1.570857952048336,2.7381471006049845,-9.08122918217153e-05,2.2385612943848973e-05,3.304829990796812e-06,0.00010412881941747462,6.554237377861867e-05,0.00011956555969469185,-1.67984902037146e-05,-8.035904838451474,-6.269057399363248,-0.9627324801916901,-4.108275078925942e-05,1.5998603898352568e-07,28.0,28.0,14.0,6.0,6.0,6.0
1.5055799399185932,1.0,1.2219065394626415e-05,2.0915264756199276e-05,-0.34995246045417305,0.000112340038310112,0.22384045478625345,-0.34995246045417305,0.000112340038310112,0.22384045478625345,-0.3499595101129667,0.00010360294895436268,0.22383563076929652,-0.3270214239703577,-1.4200108687030237,1.2360267639160156,-1.3860686461078089,-1.5709541479693812,2.738044500350952,0.0,0.0,-0.0,0.0,0.0,0.0,-0.3270932137489632,-1.4200966819353946,1.2360884095682871,-1.386058910867228,-1.5708577193305717,2.7381475547770413,-8.778274251997551e-05,1.482280844133026e-05,8.493165077901244e-06,9.528407049254736e-05,5.817944107000586e-05,0.00011354301420875363,-1.67984902037146e-05,-8.035904838451474,-6.269057399363248,-0.9627324801916901,-4.108275078925942e-05,1.5998603898352568e-07,28.0,28.0,14.0,6.0,6.0,6.0
1.5095799399185932,1.0,1.7332672131634986e-05,7.32171311382287e-05,-0.34995246045417305,0.000112340038310112,0.22384045478625345,-0.34995246045417305,0.000112340038310112,0.22384045478625345,-0.3499634119105082,9.91988820028132e-05,0.22383766245062378,-0.32699758211244756,-1.4200108687030237,1.2360267639160156,-1.386092487965719,-1.5709660688983362,2.738008499145508,0.0,0.0,-0.0,0.0,0.0,0.0,-0.3270935714949517,-1.4200966401721244,1.236088444681232,-1.386058528068193,-1.5708575005601026,2.738148037237327,-8.94364971292181e-05,1.0440817548062548e-05,8.778236181882404e-06,9.569975876114626e-05,5.4692617262280464e-05,0.00012061507136580934,-0.00041731618575756947,-8.035595939659201,-6.269028890979237,-0.9627271583707162,-4.849783004259122e-05,9.320537969129638e-07,28.0,28.0,14.0,6.0,6.0,6.0
1.514505040924531,1.0,1.7332672131634986e-05,7.32171311382287e-05,-0.34995246045417305,0.000112340038310112,0.22384045478625345,-0.34995246045417305,0.000112340038310112,0.22384045478625345,-0.3499634119105082,9.91988820028132e-05,0.22383766245062378,-0.32699758211244756,-1.4200108687030237,1.2360267639160156,-1.386092487965719,-1.5709660688983362,2.738008499145508,0.0,0.0,-0.0,0.0,0.0,0.0,-0.32709393545905757,-1.42009661488514,1.236088480866044,-1.38605814370617,-1.5708572949000912,2.738148546288547,-9.099102646190612e-05,6.3217461083909006e-06,9.046203019624694e-06,9.609050573362922e-05,5.141500288301859e-05,0.0001272628050934417,-0.00041731618575756947,-8.035595939659201,-6.269028890979237,-0.9627271583707162,-4.849783004259122e-05,9.320537969129638e-07,28.0,28.0,14.0,6.0,6.0,6.0
1.518505040924531,1.0,1.7021944230830465e-05,6.20417930416055e-05,-0.34995246045417305,0.000112340038310112,0.22384045478625345,-0.34995246045417305,0.000112340038310112,0.22384045478625345,-0.34995620454405574,0.00010771581197762096,0.2238564029807335,-0.3270214239703577,-1.4200704733477991,1.2360267639160156,-1.386080567036764,-1.5709779898272913,2.738044500350952,0.0,0.0,-0.0,0.0,0.0,0.0,-0.32709429587855254,-1.4200965471063518,1.236088479097544,-1.3860577219895203,-1.5708570878406105,2.738149020786088,-9.010487373870421e-05,1.6944697034122484e-05,-4.4212501297929806e-07,0.00010542916243936851,5.176487015688163e-05,0.00011862438518499377,-0.0006367499013442688,-8.033501246912715,-6.268562236812541,-0.96267146873305,-4.361718761369033e-05,1.5982573251294544e-07,28.0,28.0,14.0,6.0,6.0,6.0
1.5236426759120083,1.0,1.7021944230830465e-05,6.20417930416055e-05,-0.34995246045417305,0.000112340038310112,0.22384045478625345,-0.34995246045417305,0.000112340038310112,0.22384045478625345,-0.34995620454405574,0.00010771581197762096,0.2238564029807335,-0.3270214239703577,-1.4200704733477991,1.2360267639160156,-1.386080567036764,-1.5709779898272913,2.738044500350952,0.0,0.0,-0.0,0.0,0.0,0.0,-0.3270946529661133,-1.4200964393852682,1.2360884416529305,-1.3860572651595213,-1.570856879465629,2.73814946280317,-8.92718901788944e-05,2.6930270904310172e-05,-9.36115336362705e-06,0.00011420749974276345,5.2093745394312894e-05,0.00011050427047105271,-0.0006367499013442688,-8.033501246912715,-6.268562236812541,-0.96267146873305,-4.361718761369033e-05,1.5982573251294544e-07,28.0,28.0,14.0,6.0,6.0,6.0
1.5276426759120083,1.0,1.7021944230830465e-05,6.20417930416055e-05,-0.34995246045417305,0.000112340038310112,0.22384045478625345,-0.34995246045417305,0.000112340038310112,0.22384045478625345,-0.34995620454405574,0.00010771581197762096,0.2238564029807335,-0.3270214239703577,-1.4200704733477991,1.2360267639160156,-1.386080567036764,-1.5709779898272913,2.738044500350952,0.0,0.0,-0.0,0.0,0.0,0.0,-0.32709500692165583,-1.4200962941184267,1.2360883706727706,-1.386056775322974,-1.5708566698540765,2.7381498742886206,-8.848888563267319e-05,3.63167103422866e-05,-1.7745040013235937e-05,0.0001224591368079547,5.240288811749828e-05,0.00010287136263994813,-0.0006367499013442688,-8.033501246912715,-6.268562236812541,-0.96267146873305,-4.361718761369033e-05,1.5982573251294544e-07,28.0,28.0,14.0,6.0,6.0,6.0
1.5322638168910059,1.0,1.7021944230830465e-05,6.20417930416055e-05,-0.34995246045417305,0.000112340038310112,0.22384045478625345,-0.34995246045417305,0.000112340038310112,0.22384045478625345,-0.34995620454405574,0.00010771581197762096,0.2238564029807335,-0.3270214239703577,-1.4200704733477991,1.2360267639160156,-1.386080567036764,-1.5709779898272913,2.738044500350952,0.0,0.0,-0.0,0.0,0.0,0.0,-0.32709535793310124,-1.420096113558573,1.2360882681691967,-1.3860562544602715,-1.5708564590801473,2.7381502570743375,-8.775286135922525e-05,4.513996341398444e-05,-2.5625893463868292e-05,0.00013021567564923446,5.269348227729255e-05,9.569642927870981e-05,-0.0006367499013442688,-8.033501246912715,-6.268562236812541,-0.96267146873305,-4.361718761369033e-05,1.5982573251294544e-07,28.0,28.0,14.0,6.0,6.0,6.0
1.5362638168910059,1.0,1.399584880899193e-05,5.262795224775394e-05,-0.34995246045417305,0.000112340038310112,0.22384045478625345,-0.34995246045417305,0.000112340038310112,0.22384045478625345,-0.34995880648174915,0.00010025387719429301,0.22384354289690075,-0.32699758211244756,-1.420046631489889,1.2360506057739258,-1.3861048857318323,-1.5709779898272913,2.738044500350952,0.0,0.0,-0.0,0.0,0.0,0.0,-0.3270957198740945,-1.4200959262026756,1.2360881426681989,-1.3860557115930539,-1.57085624720643,2.738150626650964,-9.048524832136432e-05,4.6838974359851355e-05,-3.1375249431787206e-05,0.00013571680439029187,5.296842931254783e-05,9.239415667975928e-05,-0.0007054082895592072,-8.034490999142669,-6.268884154059532,-0.9627132087397589,-4.976510435348773e-05,4.674958023517102e-07,28.0,28.0,14.0,6.0,6.0,6.0
1.5413860168657272,1.0,1.399584880899193e-05,5.262795224775394e-05,-0.34995246045417305,0.000112340038310112,0.22384045478625345,-0.34995246045417305,0.000112340038310112,0.22384045478625345,-0.34995880648174915,0.00010025387719429301,0.22384354289690075,-0.32699758211244756,-1.420046631489889,1.2360506057739258,-1.3861048857318323,-1.5709779898272913,2.738044500350952,0.0,0.0,-0.0,0.0,0.0,0.0,-0.3270960920888628,-1.4200957324584969,1.2360879955496227,-1.3860551480415921,-1.570856034298912,2.738150983811046,-9.305369206577505e-05,4.8436044648966255e-05,-3.677964404163099e-05,0.00014088786540688582,5.3226879525687796e-05,8.929002043674577e-05,-0.0007054082895592072,-8.034490999142669,-6.268884154059532,-0.9627132087397589,-4.976510435348773e-05,4.674958023517102e-07,28.0,28.0,14.0,6.0,6.0,6.0
1.5453860168657272,1.0,8.472214001647631e-06,3.5919569737687244e-05,-0.34995246045417305,0.000112340038310112,0.22384045478625345,-0.34995246045417305,0.000112340038310112,0.22384045478625345,-0.3499570710309554,0.0001112869940279544,0.22384748415959418,-0.3270457426654261,-1.420046631489889,1.2360267639160156,-1.3860686461078089,-1.5709541479693812,2.738008499145508,0.0,0.0,-0.0,0.0,0.0,0.0,-0.32709643767981594,-1.4200955352739035,1.23608784770092,-1.3860545963504691,-1.5708558478951287,2.738151351572765,-8.63977382765074e-05,4.929614835661744e-05,-3.6962175667215294e-05,0.00013792278076719505,4.660094583108325e-05,9.194042968643796e-05,-2.8758904363622206e-05,-8.03462374027632,-6.268772383919906,-0.9626959797567101,-3.481393267650904e-05,3.1064297727089573e-07,28.0,28.0,14.0,6.0,6.0,6.0
1.550281433885452,1.0,8.472214001647631e-06,3.5919569737687244e-05,-0.34995246045417305,0.000112340038310112,0.22384045478625345,-0.34995246045417305,0.000112340038310112,0.22384045478625345,-0.3499570710309554,0.0001112869940279544,0.22384748415959418,-0.3270457426654261,-1.420046631489889,1.2360267639160156,-1.3860686461078089,-1.5709541479693812,2.738008499145508,0.0,0.0,-0.0,0.0,0.0,0.0,-0.3270967582443828,-1.4200953348553202,1.2360876991658984,-1.3860540558080643,-1.570855686404856,2.7381517293000224,-8.01411417145958e-05,5.010464584180955e-05,-3.713375539526454e-05,0.00013513560120588573,4.037256815815497e-05,9.443181438114864e-05,-2.8758904363622206e-05,-8.03462374027632,-6.268772383919906,-0.9626959797567101,-3.481393267650904e-05,3.1064297727089573e-07,28.0,28.0,14.0,6.0,6.0,6.0
1.554281433885452,1.0,8.472214001647631e-06,3.5919569737687244e-05,-0.34995246045417305,0.000112340038310112,0.22384045478625345,-0.34995246045417305,0.000112340038310112,0.22384045478625345,-0.3499570710309554,0.0001112869940279544,0.22384748415959418,-0.3270457426654261,-1.420046631489889,1.2360267639160156,-1.3860686461078089,-1.5709541479693812,2.738008499145508,0.0,0.0,-0.0,0.0,0.0,0.0,-0.32709705528414657,-1.4200951313967862,1.236087549985737,-1.3860535257454547,-1.5708555483332833,2.7381521163948865,-7.42599409463989e-05,5.086463347789014e-05,-3.7295040339630834e-05,0.00013251565241825496,3.4517893145602386e-05,9.677371599417666e-05,-2.8758904363622206e-05,-8.03462374027632,-6.268772383919906,-0.9626959797567101,-3.481393267650904e-05,3.1064297727089573e-07,28.0,28.0,14.0,6.0,6.0,6.0
1.5589524429100572,1.0,8.472214001647631e-06,3.5919569737687244e-05,-0.34995246045417305,0.000112340038310112,0.22384045478625345,-0.34995246045417305,0.000112340038310112,0.22384045478625345,-0.3499570710309554,0.0001112869940279544,0.22384748415959418,-0.3270457426654261,-1.420046631489889,1.2360267639160156,-1.3860686461078089,-1.5709541479693812,2.738008499145508,0.0,0.0,-0.0,0.0,0.0,0.0,-0.32709733021059545,-1.420094925080699,1.2360874001991444,-1.3860530055338525,-1.5708554322752888,2.7381525122953008,-6.873161222429382e-05,5.157902185580589e-05,-3.7446648187335146e-05,0.00013005290055788203,2.901449863380296e-05,9.8975103510423e-05,-2.8758904363622206e-05,-8.03462374027632,-6.268772383919906,-0.9626959797567101,-3.481393267650904e-05,3.1064297727089573e-07,28.0,28.0,14.0,6.0,6.0,6.0
1.5629524429100572,1.0,8.514000026396193e-06,3.4069549095269635e-05,-0.34995246045417305,0.000112340038310112,0.22384045478625345,-0.34995246045417305,0.000112340038310112,0.22384045478625345,-0.34995246322748025,0.00010916849519338853,0.2238325535519817,-0.3270214239703577,-1.4200227896319788,1.2360506057739258,-1.3860686461078089,-1.5709903875934046,2.7380564212799072,0.0,0.0,-0.0,0.0,0.0,0.0,-0.3270976113759682,-1.4200947619868745,1.2360872850854476,-1.386052538833265,-1.5708552951662165,2.7381528622561624,-7.029134318652946e-05,4.077345608386199e-05,-2.877842422368612e-05,0.00011667514689777222,3.4277268102236345e-05,8.749021537253615e-05,-0.00020360080154871893,-8.035840608926048,-6.269120315341704,-0.9627453077751732,-4.4923360985467894e-05,6.208207809456665e-09,28.0,28.0,14.0,6.0,6.0,6.0
1.5679428479056812,1.0,8.514000026396193e-06,3.4069549095269635e-05,-0.34995246045417305,0.000112340038310112,0.22384045478625345,-0.34995246045417305,0.000112340038310112,0.22384045478625345,-0.34995246322748025,0.00010916849519338853,0.2238325535519817,-0.3270214239703577,-1.4200227896319788,1.2360506057739258,-1.3860686461078089,-1.5709903875934046,2.7380564212799072,0.0,0.0,-0.0,0.0,0.0,0.0,-0.3270978984059294,-1.4200946395219773,1.2360872025642728,-1.386052122433031,-1.570855138269131,2.7381531690338443,-7.175749029103096e-05,3.061622425823473e-05,-2.063029369785603e-05,0.00010410005845726898,3.922427140256373e-05,7.669442052292251e-05,-0.00020360080154871893,-8.035840608926048,-6.269120315341704,-0.9627453077751732,-4.4923360985467894e-05,6.208207809456665e-09,28.0,28.0,14.0,6.0,6.0,6.0
1.5719428479056812,1.0,2.4239646757323363e-05,3.995471778487561e-05,-0.34995246045417305,0.000112340038310112,0.22384045478625345,-0.34995246045417305,0.000112340038310112,0.22384045478625345,-0.3499509148415228,8.81710656003177e-05,0.22383943875741114,-0.3269856611834925,-1.420046631489889,1.2360506057739258,-1.3860567251788538,-1.5709541479693812,2.7380564212799072,0.0,0.0,-0.0,0.0,0.0,0.0,-0.3270981984600659,-1.4200945289581994,1.236087133144872,-1.386051748344206,-1.5708550044949494,2.7381534689070106,-7.501353411865182e-05,2.7640944475006755e-05,-1.735485024001368e-05,9.352220625897518e-05,3.344354537496306e-05,7.496829158182034e-05,-0.0005487977708636418,-8.034863368830065,-6.268927080322978,-0.9627291737738652,-5.0311185538276176e-05,4.676030946621074e-07,28.0,28.0,14.0,6.0,6.0,6.0
1.5764808748932562,1.0,2.4239646757323363e-05,3.995471778487561e-05,-0.34995246045417305,0.000112340038310112,0.22384045478625345,-0.34995246045417305,0.000112340038310112,0.22384045478625345,-0.3499509148415228,8.81710656003177e-05,0.22383943875741114,-0.3269856611834925,-1.420046631489889,1.2360506057739258,-1.3860567251788538,-1.5709541479693812,2.7380564212799072,0.0,0.0,-0.0,0.0,0.0,0.0,-0.32709851075692714,-1.4200944295814735,1.2360870760411384,-1.3860514140281053,-1.5708548924562977,2.738153762289932,-7.807421531661543e-05,2.4844181478772458e-05,-1.4275933389641868e-05,8.3579025192579e-05,2.8009662909018422e-05,7.334573037718431e-05,-0.0005487977708636418,-8.034863368830065,-6.268927080322978,-0.9627291737738652,-5.0311185538276176e-05,4.676030946621074e-07,28.0,28.0,14.0,6.0,6.0,6.0
1.5804808748932562,1.0,2.4239646757323363e-05,3.995471778487561e-05,-0.34995246045417305,0.000112340038310112,0.22384045478625345,-0.34995246045417305,0.000112340038310112,0.22384045478625345,-0.3499509148415228,8.81710656003177e-05,0.22383943875741114,-0.3269856611834925,-1.420046631489889,1.2360506057739258,-1.3860567251788538,-1.5709541479693812,2.7380564212799072,0.0,0.0,-0.0,0.0,0.0,0.0,-0.3270988345619497,-1.4200943407205764,1.2360870305141323,-1.3860511170983654,-1.5708548008490442,2.7381540495720236,-8.095125564270123e-05,2.221522426231222e-05,-1.1381751550292365e-05,7.42324349901666e-05,2.2901813391030467e-05,7.182052284482643e-05,-0.0005487977708636418,-8.034863368830065,-6.268927080322978,-0.9627291737738652,-5.0311185538276176e-05,4.676030946621074e-07,28.0,28.0,14.0,6.0,6.0,6.0
1.5854974019154913,1.0,6.633534186242123e-06,2.6658106577232155e-05,-0.34995246045417305,0.000112340038310112,0.22384045478625345,-0.34995246045417305,0.000112340038310112,0.22384045478625345,-0.34995556879932477,0.00011183929572976775,0.22383461601728336,-0.327033821736471,-1.4200108687030237,1.2360267639160156,-1.3860567251788538,-1.5709779898272913,2.738044500350952,0.0,0.0,-0.0,0.0,0.0,0.0,-0.3270991500762371,-1.4200942926701208,1.2360870244908941,-1.3860508667293638,-1.5708547010060343,2.7381543084794617,-7.88785718345942e-05,1.2012613898019467e-05,-1.5058095156009368e-06,6.259225037268642e-05,2.4960752457182596e-05,6.472685950130616e-05,3.6655658722923505e-05,-8.036071091419037,-6.269073618750051,-0.9627351050442344,-4.041023844329635e-05,5.4004217658557265e-11,28.0,28.0,14.0,6.0,6.0,6.0
1.5894974019154913,1.0,6.633534186242123e-06,2.6658106577232155e-05,-0.34995246045417305,0.000112340038310112,0.22384045478625345,-0.34995246045417305,0.000112340038310112,0.22384045478625345,-0.34995556879932477,0.00011183929572976775,0.22383461601728336,-0.327033821736471,-1.4200108687030237,1.2360267639160156,-1.3860567251788538,-1.5709779898272913,2.738044500350952,0.0,0.0,-0.0,0.0,0.0,0.0,-0.3270994577972333,-1.4200942829814802,1.236087055601198,-1.3860506601274565,-1.5708545934214135,2.7381545407147256,-7.693024905497361e-05,2.42216015558428e-06,7.777575997009006e-06,5.165047683225506e-05,2.6896155179365598e-05,5.80588159583971e-05,3.6655658722923505e-05,-8.036071091419037,-6.269073618750051,-0.9627351050442344,-4.041023844329635e-05,5.4004217658557265e-11,28.0,28.0,14.0,6.0,6.0,6.0
1.5944818699334289,1.0,6.633534186242123e-06,2.6658106577232155e-05,-0.34995246045417305,0.000112340038310112,0.22384045478625345,-0.34995246045417305,0.000112340038310112,0.22384045478625345,-0.34995556879932477,0.00011183929572976775,0.22383461601728336,-0.327033821736471,-1.4200108687030237,1.2360267639160156,-1.3860567251788538,-1.5709779898272913,2.738044500350952,0.0,0.0,-0.0,0.0,0.0,0.0,-0.3270997581925359,-1.4200943093529457,1.2360871216170315,-1.3860504946666177,-1.5708544785596785,2.738154747878146,-7.509882564213024e-05,-6.592866362304795e-06,1.6503958378862352e-05,4.136520970424957e-05,2.8715433738217623e-05,5.1790855028062584e-05,3.6655658722923505e-05,-8.036071091419037,-6.269073618750051,-0.9627351050442344,-4.041023844329635e-05,5.4004217658557265e-11,28.0,28.0,14.0,6.0,6.0,6.0
1.598481869933429,1.0,9.053156072863285e-06,3.815058718306357e-05,-0.34995246045417305,0.000112340038310112,0.22384045478625345,-0.34995246045417305,0.000112340038310112,0.22384045478625345,-0.34995827355958714,0.00010580056614174354,0.22383813040588796,-0.3270214239703577,-1.4200108687030237,1.2360148429870605,-1.3860567251788538,-1.5709660688983362,2.738020658493042,0.0,0.0,-0.0,0.0,0.0,0.0,-0.3271000545366588,-1.4200943610808587,1.236087214487128,-1.3860503567308176,-1.570854370581919,2.738154970387267,-7.408603072681066e-05,-1.2931978279561234e-05,2.321752409821829e-05,3.448395003463557e-05,2.6994439893342617e-05,5.56272803382624e-05,-8.174973247019075e-05,-8.035822808026966,-6.268991025112402,-0.9627240369763075,-4.2345803157918294e-05,4.676041427973538e-07,28.0,28.0,14.0,6.0,6.0,6.0
1.6031576289359952,1.0,9.053156072863285e-06,3.815058718306357e-05,-0.34995246045417305,0.000112340038310112,0.22384045478625345,-0.34995246045417305,0.000112340038310112,0.22384045478625345,-0.34995827355958714,0.00010580056614174354,0.22383813040588796,-0.3270214239703577,-1.4200108687030237,1.2360148429870605,-1.3860567251788538,-1.5709660688983362,2.738020658493042,0.0,0.0,-0.0,0.0,0.0,0.0,-0.3271003470726728,-1.4200944366438326,1.2360873326002315,-1.3860502446685539,-1.5708542690750962,2.7381552073213475,-7.313400350641024e-05,-1.8890743481782287e-05,2.9528275874412872e-05,2.8015565945198412e-05,2.537670567916011e-05,5.923352012985022e-05,-8.174973247019075e-05,-8.035822808026966,-6.268991025112402,-0.9627240369763075,-4.2345803157918294e-05,4.676041427973538e-07,28.0,28.0,14.0,6.0,6.0,6.0
1.6071576289359952,1.0,9.053156072863285e-06,3.815058718306357e-05,-0.34995246045417305,0.000112340038310112,0.22384045478625345,-0.34995246045417305,0.000112340038310112,0.22384045478625345,-0.34995827355958714,0.00010580056614174354,0.22383813040588796,-0.3270214239703577,-1.4200108687030237,1.2360148429870605,-1.3860567251788538,-1.5709660688983362,2.738020658493042,0.0,0.0,-0.0,0.0,0.0,0.0,-0.32710063602906453,-1.4200945346117637,1.2360874744417616,-1.3860501569274142,-1.570854173650954,2.73815545781489,-7.223909791923386e-05,-2.4491982771870075e-05,3.546038254403578e-05,2.1935284901127483e-05,2.3856035517828557e-05,6.262338553394277e-05,-8.174973247019075e-05,-8.035822808026966,-6.268991025112402,-0.9627240369763075,-4.2345803157918294e-05,4.676041427973538e-07,28.0,28.0,14.0,6.0,6.0,6.0
1.612076792935143,1.0,9.454340996213523e-06,4.4990788538720907e-05,-0.34995246045417305,0.000112340038310112,0.22384045478625345,-0.34995246045417305,0.000112340038310112,0.22384045478625345,-0.3499527620066475,0.00010654810254260301,0.22384792118497324,-0.3270214239703577,-1.420058552418844,1.2360386848449707,-1.3860686461078089,-1.5709779898272913,2.738020658493042,0.0,0.0,-0.0,0.0,0.0,0.0,-0.3271009259320706,-1.4200946089997684,1.236087596330349,-1.386050053253977,-1.5708540702144955,2.7381557167430275,-7.247575151438177e-05,-1.8597001154414968e-05,3.0472146871213578e-05,2.5918359289507385e-05,2.5859114630414838e-05,6.473203443381633e-05,-0.00046027227046332054,-8.034261123986738,-6.268749762989502,-0.9626987727005131,-4.3614488183496916e-05,4.675239895637819e-07,28.0,28.0,14.0,6.0,6.0,6.0
1.616076792935143,1.0,9.454340996213523e-06,4.4990788538720907e-05,-0.34995246045417305,0.000112340038310112,0.22384045478625345,-0.34995246045417305,0.000112340038310112,0.22384045478625345,-0.3499527620066475,0.00010654810254260301,0.22384792118497324,-0.3270214239703577,-1.420058552418844,1.2360386848449707,-1.3860686461078089,-1.5709779898272913,2.738020658493042,0.0,0.0,-0.0,0.0,0.0,0.0,-0.3271012167248942,-1.4200946612226422,1.2360876994631704,-1.3860499346041801,-1.5708539592464594,2.738155983599685,-7.26982058938208e-05,-1.3055718434007167e-05,2.578320533876071e-05,2.9662449214584494e-05,2.774200899624594e-05,6.671416439969747e-05,-0.00046027227046332054,-8.034261123986738,-6.268749762989502,-0.9626987727005131,-4.3614488183496916e-05,4.675239895637819e-07,28.0,28.0,14.0,6.0,6.0,6.0
1.6210588859349961,1.0,9.454340996213523e-06,4.4990788538720907e-05,-0.34995246045417305,0.000112340038310112,0.22384045478625345,-0.34995246045417305,0.000112340038310112,0.22384045478625345,-0.3499527620066475,0.00010654810254260301,0.22384792118497324,-0.3270214239703577,-1.420058552418844,1.2360386848449707,-1.3860686461078089,-1.5709779898272913,2.738020658493042,0.0,0.0,-0.0,0.0,0.0,0.0,-0.3271015083541462,-1.4200946926102929,1.2360877849655716,-1.3860498018766052,-1.5708538411987407,2.7381562579091514,-7.29073130104935e-05,-7.846912676823832e-06,2.1375600298255014e-05,3.3181893744156976e-05,2.951192970012718e-05,6.857736656762575e-05,-0.00046027227046332054,-8.034261123986738,-6.268749762989502,-0.9626987727005131,-4.3614488183496916e-05,4.675239895637819e-07,28.0,28.0,14.0,6.0,6.0,6.0
1.6250588859349961,1.0,1.3811757534916263e-05,5.6430270519064886e-05,-0.34995246045417305,0.000112340038310112,0.22384045478625345,-0.34995246045417305,0.000112340038310112,0.22384045478625345,-0.34995340065810315,0.00010948647185972537,0.2238539358033251,-0.3270214239703577,-1.420058552418844,1.2360148429870605,-1.3860567251788538,-1.5709903875934046,2.738020658493042,0.0,0.0,-0.0,0.0,0.0,0.0,-0.3271018052395445,-1.4200947000520314,1.2360878596898461,-1.3860496523418266,-1.5708537022174964,2.7381565347546917,-7.422134958245423e-05,-1.8604346262549527e-06,1.8681068649765085e-05,3.738369461999236e-05,3.474531109058637e-05,6.921138511550622e-05,-0.0005719110650719518,-8.03398682165845,-6.268604584710419,-0.9626781876822951,-4.492836988827907e-05,4.674941055446794e-07,28.0,28.0,14.0,6.0,6.0,6.0
1.6298664399457636,1.0,1.3811757534916263e-05,5.6430270519064886e-05,-0.34995246045417305,0.000112340038310112,0.22384045478625345,-0.34995246045417305,0.000112340038310112,0.22384045478625345,-0.34995340065810315,0.00010948647185972537,0.2238539358033251,-0.3270214239703577,-1.420058552418844,1.2360148429870605,-1.3860567251788538,-1.5709903875934046,2.738020658493042,0.0,0.0,-0.0,0.0,0.0,0.0,-0.32710210706572035,-1.4200946849846126,1.2360879242826817,-1.386049487008277,-1.570853543558738,2.738156813984142,-7.545654396009732e-05,3.766854741279794e-06,1.614820890018455e-05,4.133338744327763e-05,3.966468959761801e-05,6.980736255051387e-05,-0.0005719110650719518,-8.03398682165845,-6.268604584710419,-0.9626781876822951,-4.492836988827907e-05,4.674941055446794e-07,28.0,28.0,14.0,6.0,6.0,6.0
1.6338664399457636,1.0,2.7577237318005464e-05,0.0001296484263069934,-0.34995246045417305,0.000112340038310112,0.22384045478625345,-0.34995246045417305,0.000112340038310112,0.22384045478625345,-0.34997075603688144,0.00011265168150472405,0.2238610867650721,-0.3270214239703577,-1.420058552418844,1.2360148429870605,-1.3861406485186976,-1.5709779898272913,2.738008499145508,0.0,0.0,-0.0,0.0,0.0,0.0,-0.3271024090811748,-1.4200946008261295,1.236087903463222,-1.3860491822067416,-1.570853380681756,2.738157113917404,-7.55038636138255e-05,2.1039620763885546e-05,-5.204864911749402e-06,7.62003838202196e-05,4.07192455397108e-05,7.498331551482539e-05,-0.0007949217140845457,-8.033233267212426,-6.268521408025795,-0.9626521560797365,-4.361967695851086e-05,6.241914863709897e-07,28.0,28.0,14.0,6.0,6.0,6.0
1.6388164749308496,1.0,2.7577237318005464e-05,0.0001296484263069934,-0.34995246045417305,0.000112340038310112,0.22384045478625345,-0.34995246045417305,0.000112340038310112,0.22384045478625345,-0.34997075603688144,0.00011265168150472405,0.2238610867650721,-0.3270214239703577,-1.420058552418844,1.2360148429870605,-1.3861406485186976,-1.5709779898272913,2.738008499145508,0.0,0.0,-0.0,0.0,0.0,0.0,-0.3271027112745512,-1.4200944517220462,1.2360878023562047,-1.3860487463053,-1.5708532138396434,2.7381574333122494,-7.554834408832999e-05,3.727602082513495e-05,-2.5276754294967314e-05,0.00010897536041454506,4.1710528125278026e-05,7.984871130127823e-05,-0.0007949217140845457,-8.033233267212426,-6.268521408025795,-0.9626521560797365,-4.361967695851086e-05,6.241914863709897e-07,28.0,28.0,14.0,6.0,6.0,6.0
1.6428164749308496,1.0,2.7577237318005464e-05,0.0001296484263069934,-0.34995246045417305,0.000112340038310112,0.22384045478625345,-0.34995246045417305,0.000112340038310112,0.22384045478625345,-0.34997075603688144,0.00011265168150472405,0.2238610867650721,-0.3270214239703577,-1.420058552418844,1.2360148429870605,-1.3861406485186976,-1.5709779898272913,2.738008499145508,0.0,0.0,-0.0,0.0,0.0,0.0,-0.32710301363517413,-1.4200942415690987,1.2360876257788835,-1.3860481871699464,-1.5708530432703083,2.738157771000983,-7.55901557343642e-05,5.2538236882709395e-05,-4.414433031519215e-05,0.000139783838413211,4.264233375571122e-05,8.442218334054389e-05,-0.0007949217140845457,-8.033233267212426,-6.268521408025795,-0.9626521560797365,-4.361967695851086e-05,6.241914863709897e-07,28.0,28.0,14.0,6.0,6.0,6.0
1.647865059938748,1.0,2.7577237318005464e-05,0.0001296484263069934,-0.34995246045417305,0.000112340038310112,0.22384045478625345,-0.34995246045417305,0.000112340038310112,0.22384045478625345,-0.34997075603688144,0.00011265168150472405,0.2238610867650721,-0.3270214239703577,-1.420058552418844,1.2360148429870605,-1.3861406485186976,-1.5709779898272913,2.738008499145508,0.0,0.0,-0.0,0.0,0.0,0.0,-0.32710331615300886,-1.4200939740302188,1.2360873782594763,-1.3860475121947156,-1.570852869197384,2.738158125885971,-7.562945868163636e-05,6.688471997682937e-05,-6.18798517742035e-05,0.00016874380773195698,4.351823104831842e-05,8.872124705745362e-05,-0.0007949217140845457,-8.033233267212426,-6.268521408025795,-0.9626521560797365,-4.361967695851086e-05,6.241914863709897e-07,28.0,28.0,14.0,6.0,6.0,6.0
1.651865059938748,1.0,1.3336621686704863e-05,4.5243110669398356e-05,-0.34995246045417305,0.000112340038310112,0.22384045478625345,-0.34995246045417305,0.000112340038310112,0.22384045478625345,-0.3499418796303233,0.00010991748743980428,0.22383270605139183,-0.327033821736471,-1.420058552418844,1.2360868453979492,-1.3860567251788538,-1.5709903875934046,2.7380564212799072,0.0,0.0,-0.0,0.0,0.0,0.0,-0.32710361613164896,-1.4200937397386637,1.2360871614748752,-1.3860469181512436,-1.5708526775584326,2.738158430132568,-7.499466002532179e-05,5.857288874025782e-05,-5.419615026918179e-05,0.0001485108680115542,4.790973783292851e-05,7.606164929557509e-05,-0.00016801923207729482,-8.035201011294907,-6.269083744241921,-0.9627504507598718,-4.172723567265168e-05,-1.537235863348784e-07,28.0,28.0,14.0,6.0,6.0,6.0
1.6564327699521098,1.0,1.3336621686704863e-05,4.5243110669398356e-05,-0.34995246045417305,0.000112340038310112,0.22384045478625345,-0.34995246045417305,0.000112340038310112,0.22384045478625345,-0.3499418796303233,0.00010991748743980428,0.22383270605139183,-0.327033821736471,-1.420058552418844,1.2360868453979492,-1.3860567251788538,-1.5709903875934046,2.7380564212799072,0.0,0.0,-0.0,0.0,0.0,0.0,-0.3271039137234461,-1.4200935366995942,1.2360869735809918,-1.3860464001836248,-1.5708524694074157,2.7381586867790775,-7.439794928838608e-05,5.0759767377880566e-05,-4.697347085446138e-05,0.0001294919046743756,5.203775421046199e-05,6.416162739940927e-05,-0.00016801923207729482,-8.035201011294907,-6.269083744241921,-0.9627504507598718,-4.172723567265168e-05,-1.537235863348784e-07,28.0,28.0,14.0,6.0,6.0,6.0
1.6604327699521098,1.0,1.626503480222718e-05,4.961398850064944e-05,-0.34995246045417305,0.000112340038310112,0.22384045478625345,-0.34995246045417305,0.000112340038310112,0.22384045478625345,-0.3499570921434556,9.70553836539896e-05,0.223843533445629,-0.32699758211244756,-1.4200347105609339,1.2360267639160156,-1.3860686461078089,-1.5709660688983362,2.738032579421997,0.0,0.0,-0.0,0.0,0.0,0.0,-0.32710422114867604,-1.4200933462221372,1.2360868002857592,-1.3860459025071186,-1.5708522737291764,2.738158955818805,-7.685630748530181e-05,4.761936420692384e-05,-4.332380816981004e-05,0.0001244191265687508,4.891955985040904e-05,6.725993188463825e-05,-0.0005189276710194886,-8.034886892854928,-6.268858344341848,-0.9627116240663736,-4.8499406560229944e-05,6.213604381234513e-07,28.0,28.0,14.0,6.0,6.0,6.0
1.6650313509514096,1.0,1.626503480222718e-05,4.961398850064944e-05,-0.34995246045417305,0.000112340038310112,0.22384045478625345,-0.34995246045417305,0.000112340038310112,0.22384045478625345,-0.3499570921434556,9.70553836539896e-05,0.223843533445629,-0.32699758211244756,-1.4200347105609339,1.2360267639160156,-1.3860686461078089,-1.5709660688983362,2.738032579421997,0.0,0.0,-0.0,0.0,0.0,0.0,-0.3271045378173328,-1.4200931675525963,1.2360866407132582,-1.386045423904258,-1.5708520897753477,2.738159236508157,-7.91671641904026e-05,4.466738522622452e-05,-3.989312524623778e-05,0.00011965071514946347,4.598845715195926e-05,7.01723381007535e-05,-0.0005189276710194886,-8.034886892854928,-6.268858344341848,-0.9627116240663736,-4.8499406560229944e-05,6.213604381234513e-07,28.0,28.0,14.0,6.0,6.0,6.0
1.6690313509514096,1.0,1.626503480222718e-05,4.961398850064944e-05,-0.34995246045417305,0.000112340038310112,0.22384045478625345,-0.34995246045417305,0.000112340038310112,0.22384045478625345,-0.3499570921434556,9.70553836539896e-05,0.223843533445629,-0.32699758211244756,-1.4200347105609339,1.2360267639160156,-1.3860686461078089,-1.5709660688983362,2.738032579421997,0.0,0.0,-0.0,0.0,0.0,0.0,-0.32710486317481074,-1.4200929999824963,1.236086494040125,-1.3860449632306242,-1.5708519168424653,2.7381595281481568,-8.133936949319734e-05,4.1892524984367154e-05,-3.6668283298079855e-05,0.00011516840841533338,4.323322061541647e-05,7.290999994390183e-05,-0.0005189276710194886,-8.034886892854928,-6.268858344341848,-0.9627116240663736,-4.8499406560229944e-05,6.213604381234513e-07,28.0,28.0,14.0,6.0,6.0,6.0
1.6737261069554377,1.0,1.626503480222718e-05,4.961398850064944e-05,-0.34995246045417305,0.000112340038310112,0.22384045478625345,-0.34995246045417305,0.000112340038310112,0.22384045478625345,-0.3499570921434556,9.70553836539896e-05,0.223843533445629,-0.32699758211244756,-1.4200347105609339,1.2360267639160156,-1.3860686461078089,-1.5709660688983362,2.738032579421997,0.0,0.0,-0.0,0.0,0.0,0.0,-0.32710519669978066,-1.4200928428458708,1.2360863594923976,-1.3860445194104638,-1.5708517542692721,2.738159830081765,-8.338124247782439e-05,3.9284156357021235e-05,-3.3636931866811405e-05,0.00011095504008525109,4.064329827106624e-05,7.548340207646126e-05,-0.0005189276710194886,-8.034886892854928,-6.268858344341848,-0.9627116240663736,-4.8499406560229944e-05,6.213604381234513e-07,28.0,28.0,14.0,6.0,6.0,6.0
1.6777261069554377,1.0,1.168594004622905e-05,1.685311449608519e-05,-0.34995246045417305,0.000112340038310112,0.22384045478625345,-0.34995246045417305,0.000112340038310112,0.22384045478625345,-0.3499508744016955,0.0001227635221064757,0.22384549429196823,-0.32706958452333623,-1.420046631489889,1.2360267639160156,-1.386045281087057,-1.5709779898272913,2.738020658493042,0.0,0.0,-0.0,0.0,0.0,0.0,-0.32710550080204653,-1.420092696897254,1.2360862486636393,-1.3860441155569512,-1.5708515877293256,2.738160109577661,-7.602556646434096e-05,3.648715416017869e-05,-2.7707189576872152e-05,0.00010096337817445992,4.1634986612266475e-05,6.987397395032844e-05,0.00018774147292362358,-8.034940157297436,-6.268802642977265,-0.9627011607456043,-3.1188399540276216e-05,-1.5380958772622295e-07,28.0,28.0,14.0,6.0,6.0,6.0
1.682844743951923,1.0,1.168594004622905e-05,1.685311449608519e-05,-0.34995246045417305,0.000112340038310112,0.22384045478625345,-0.34995246045417305,0.000112340038310112,0.22384045478625345,-0.3499508744016955,0.0001227635221064757,0.22384549429196823,-0.32706958452333623,-1.420046631489889,1.2360267639160156,-1.386045281087057,-1.5709779898272913,2.738020658493042,0.0,0.0,-0.0,0.0,0.0,0.0,-0.3271057772469706,-1.4200925614653657,1.236086160130712,-1.3860437492720872,-1.570851417460631,2.7381603679821067,-6.911123101166654e-05,3.3857972095146686e-05,-2.2133231824329257e-05,9.157121597831621e-05,4.2567173652994695e-05,6.46011115117636e-05,0.00018774147292362358,-8.034940157297436,-6.268802642977265,-0.9627011607456043,-3.1188399540276216e-05,-1.5380958772622295e-07,28.0,28.0,14.0,6.0,6.0,6.0
1.686844743951923,1.0,1.1810662924824492e-05,2.4327422369450717e-05,-0.34995246045417305,0.000112340038310112,0.22384045478625345,-0.34995246045417305,0.000112340038310112,0.22384045478625345,-0.3499631316610625,0.0001074484352175064,0.22383915504726795,-0.3270214239703577,-1.4200227896319788,1.2360386848449707,-1.3861048857318323,-1.5709660688983362,2.7380564212799072,0.0,0.0,-0.0,0.0,0.0,0.0,-0.3271060510856043,-1.4200924345258858,1.236086062413713,-1.3860433620862467,-1.5708512573995677,2.7381605974511936,-6.845965842552563e-05,3.1734869979518836e-05,-2.4429249744507775e-05,9.679646014252297e-05,4.0015265824660754e-05,5.73672716760471e-05,-0.00024785801474816346,-8.035316516632687,-6.269004376674159,-0.9627219236102779,-4.2349091644742065e-05,6.098998137379318e-09,28.0,28.0,14.0,6.0,6.0,6.0
1.6910431909381884,1.0,1.1810662924824492e-05,2.4327422369450717e-05,-0.34995246045417305,0.000112340038310112,0.22384045478625345,-0.34995246045417305,0.000112340038310112,0.22384045478625345,-0.3499631316610625,0.0001074484352175064,0.22383915504726795,-0.3270214239703577,-1.4200227896319788,1.2360386848449707,-1.3861048857318323,-1.5709660688983362,2.7380564212799072,0.0,0.0,-0.0,0.0,0.0,0.0,-0.3271063224743251,-1.42009231556927,1.2360859560636868,-1.386042955253488,-1.5708511069336777,2.7381607997210424,-6.784718019455317e-05,2.9739153990828655e-05,-2.658750658947558e-05,0.00010170818965687733,3.7616472466026846e-05,5.056746223047359e-05,-0.00024785801474816346,-8.035316516632687,-6.269004376674159,-0.9627219236102779,-4.2349091644742065e-05,6.098998137379318e-09,28.0,28.0,14.0,6.0,6.0,6.0
1.6950431909381884,1.0,1.1810662924824492e-05,2.4327422369450717e-05,-0.34995246045417305,0.000112340038310112,0.22384045478625345,-0.34995246045417305,0.000112340038310112,0.22384045478625345,-0.3499631316610625,0.0001074484352175064,0.22383915504726795,-0.3270214239703577,-1.4200227896319788,1.2360386848449707,-1.3861048857318323,-1.5709660688983362,2.7380564212799072,0.0,0.0,-0.0,0.0,0.0,0.0,-0.3271065915601277,-1.420092204116546,1.2360858415986147,-1.3860425299526264,-1.570850965487251,2.738160976423608,-6.727145065743906e-05,2.7863180961459885e-05,-2.861626802374532e-05,0.00010632521540037041,3.536160670891098e-05,4.417564135163449e-05,-0.00024785801474816346,-8.035316516632687,-6.269004376674159,-0.9627219236102779,-4.2349091644742065e-05,6.098998137379318e-09,28.0,28.0,14.0,6.0,6.0,6.0
1.699499290934066,1.0,1.1810662924824492e-05,2.4327422369450717e-05,-0.34995246045417305,0.000112340038310112,0.22384045478625345,-0.34995246045417305,0.000112340038310112,0.22384045478625345,-0.3499631316610625,0.0001074484352175064,0.22383915504726795,-0.3270214239703577,-1.4200227896319788,1.2360386848449707,-1.3861048857318323,-1.5709660688983362,2.7380564212799072,0.0,0.0,-0.0,0.0,0.0,0.0,-0.3271068584811873,-1.4200920997174808,1.2360857195053996,-1.386042087291748,-1.5708508325191193,2.738161129092927,-6.67302648925518e-05,2.609976631385324e-05,-3.052330377195887e-05,0.00011066521959925391,3.324203289722206e-05,3.8167329725525734e-05,-0.00024785801474816346,-8.035316516632687,-6.269004376674159,-0.9627219236102779,-4.2349091644742065e-05,6.098998137379318e-09,28.0,28.0,14.0,6.0,6.0,6.0
1.703499290934066,1.0,1.849819089768745e-05,6.529718760977297e-05,-0.34995246045417305,0.000112340038310112,0.22384045478625345,-0.34995246045417305,0.000112340038310112,0.22384045478625345,-0.34993810600970976,0.00010591567228868798,0.22383071515012778,-0.327033821736471,-1.420058552418844,1.2360868453979492,-1.3860333601581019,-1.5709779898272913,2.738020658493042,0.0,0.0,-0.0,0.0,0.0,0.0,-0.32710712052842594,-1.4200920293853534,1.2360856385314067,-1.3860417458355914,-1.570850693796272,2.7381612889260563,-6.551180965477589e-05,1.7583031841798218e-05,-2.0243498212161395e-05,8.536403919150195e-05,3.468071180467053e-05,3.995828236977767e-05,-2.5743649466973288e-05,-8.035405628646176,-6.2691059404985,-0.9627576932071268,-4.041212979127488e-05,3.077522630819807e-07,28.0,28.0,14.0,6.0,6.0,6.0
1.7084220169219195,1.0,1.849819089768745e-05,6.529718760977297e-05,-0.34995246045417305,0.000112340038310112,0.22384045478625345,-0.34995246045417305,0.000112340038310112,0.22384045478625345,-0.34993810600970976,0.00010591567228868798,0.22383071515012778,-0.327033821736471,-1.420058552418844,1.2360868453979492,-1.3860333601581019,-1.5709779898272913,2.738020658493042,0.0,0.0,-0.0,0.0,0.0,0.0,-0.32710737799427286,-1.4200919910761476,1.2360855962094828,-1.3860414995118728,-1.5708505496639922,2.7381614554931675,-6.436646173126653e-05,9.577301438066497e-06,-1.0580480985951765e-05,6.15809296082151e-05,3.603306997767209e-05,4.1641777855374496e-05,-2.5743649466973288e-05,-8.035405628646176,-6.2691059404985,-0.9627576932071268,-4.041212979127488e-05,3.077522630819807e-07,28.0,28.0,14.0,6.0,6.0,6.0
1.7124220169219195,1.0,1.8027891883092525e-05,8.747528913160036e-05,-0.34995246045417305,0.000112340038310112,0.22384045478625345,-0.34995246045417305,0.000112340038310112,0.22384045478625345,-0.3499568090952807,9.69593811788131e-05,0.22383211634560338,-0.32699758211244756,-1.4200108687030237,1.2360386848449707,-1.3860686461078089,-1.5709660688983362,2.7379965782165527,0.0,0.0,-0.0,0.0,0.0,0.0,-0.3271076476897586,-1.420091988548952,1.2360855840189604,-1.3860412895274616,-1.570850414163622,2.7381616813430028,-6.742387142804857e-05,6.317989124119467e-07,-3.0476306104317396e-06,5.249610282251928e-05,3.387509254111358e-05,5.646245883596041e-05,-0.00029166083900914234,-8.036001306217397,-6.26913114132594,-0.9627466929397793,-4.849591832699615e-05,1.0859407053213779e-06,28.0,28.0,14.0,6.0,6.0,6.0
1.7169921019242618,1.0,1.8027891883092525e-05,8.747528913160036e-05,-0.34995246045417305,0.000112340038310112,0.22384045478625345,-0.34995246045417305,0.000112340038310112,0.22384045478625345,-0.3499568090952807,9.69593811788131e-05,0.22383211634560338,-0.32699758211244756,-1.4200108687030237,1.2360386848449707,-1.3860686461078089,-1.5709660688983362,2.7379965782165527,0.0,0.0,-0.0,0.0,0.0,0.0,-0.32710792888110474,-1.4200920196568458,1.2360856001519553,-1.386041113701999,-1.570850286777247,2.7381619629185985,-7.029783654302369e-05,-7.776973461703333e-06,4.033248742557085e-06,4.39563656439652e-05,3.1846593750748586e-05,7.039389895771117e-05,-0.00029166083900914234,-8.036001306217397,-6.26913114132594,-0.9627466929397793,-4.849591832699615e-05,1.0859407053213779e-06,28.0,28.0,14.0,6.0,6.0,6.0
1.7209921019242618,1.0,1.8027891883092525e-05,8.747528913160036e-05,-0.34995246045417305,0.000112340038310112,0.22384045478625345,-0.34995246045417305,0.000112340038310112,0.22384045478625345,-0.3499568090952807,9.69593811788131e-05,0.22383211634560338,-0.32699758211244756,-1.4200108687030237,1.2360386848449707,-1.3860686461078089,-1.5709660688983362,2.7379965782165527,0.0,0.0,-0.0,0.0,0.0,0.0,-0.32710822087855973,-1.4200920823817238,1.2360856429090568,-1.3860409699859482,-1.5708501670180273,2.738162296876409,-7.29993637511003e-05,-1.5681219493371694e-05,1.0689275334366579e-05,3.592901269612437e-05,2.993980488780549e-05,8.348945267215688e-05,-0.00029166083900914234,-8.036001306217397,-6.26913114132594,-0.9627466929397793,-4.849591832699615e-05,1.0859407053213779e-06,28.0,28.0,14.0,6.0,6.0,6.0
1.726075118917274,1.0,1.3133548621767698e-05,6.430852274173683e-05,-0.34995246045417305,0.000112340038310112,0.22384045478625345,-0.34995246045417305,0.000112340038310112,0.22384045478625345,-0.34994681016345824,0.0001124850873295038,0.2238523098811506,-0.3270214239703577,-1.4200823942767542,1.2360506057739258,-1.3860686461078089,-1.5710142294513147,2.7380800247192383,0.0,0.0,-0.0,0.0,0.0,0.0,-0.32710852670652574,-1.420092109804222,1.236085661881302,-1.3860408040364012,-1.5708499989678621,2.738162552805535,-7.645699150326225e-05,-6.855624567672906e-06,4.743061357985141e-06,4.148738672113662e-05,4.201254129564347e-05,6.398228146319623e-05,-0.0007826152561946324,-8.03354350842588,-6.268636877546601,-0.9626879964717915,-4.745663478479236e-05,-2.9847819202561323e-07,28.0,28.0,14.0,6.0,6.0,6.0
1.730075118917274,1.0,1.3133548621767698e-05,6.430852274173683e-05,-0.34995246045417305,0.000112340038310112,0.22384045478625345,-0.34995246045417305,0.000112340038310112,0.22384045478625345,-0.34994681016345824,0.0001124850873295038,0.2238523098811506,-0.3270214239703577,-1.4200823942767542,1.2360506057739258,-1.3860686461078089,-1.5710142294513147,2.7380800247192383,0.0,0.0,-0.0,0.0,0.0,0.0,-0.3271088455351721,-1.4200921040424834,1.236085658495783,-1.386040617187368,-1.570849785524208,2.7381627353876974,-7.970716159029449e-05,1.4404346624839552e-06,-8.463797798134113e-07,4.671225830464813e-05,5.336091351901117e-05,4.564554052677322e-05,-0.0007826152561946324,-8.03354350842588,-6.268636877546601,-0.9626879964717915,-4.745663478479236e-05,-2.9847819202561323e-07,28.0,28.0,14.0,6.0,6.0,6.0
1.7349871589390102,1.0,1.3133548621767698e-05,6.430852274173683e-05,-0.34995246045417305,0.000112340038310112,0.22384045478625345,-0.34995246045417305,0.000112340038310112,0.22384045478625345,-0.34994681016345824,0.0001124850873295038,0.2238523098811506,-0.3270214239703577,-1.4200823942767542,1.2360506057739258,-1.3860686461078089,-1.5710142294513147,2.7380800247192383,0.0,0.0,-0.0,0.0,0.0,0.0,-0.327109176584458,-1.420092067087562,1.236085634093965,-1.3860404106928177,-1.5708495294106744,2.7381628490237135,-8.27623214721048e-05,9.238730338831404e-06,-6.100454449344051e-06,5.162363759314895e-05,6.402838340897681e-05,2.8409004046535586e-05,-0.0007826152561946324,-8.03354350842588,-6.268636877546601,-0.9626879964717915,-4.745663478479236e-05,-2.9847819202561323e-07,28.0,28.0,14.0,6.0,6.0,6.0
1.7389871589390102,1.0,1.5989082094241373e-05,2.6688574573987878e-05,-0.34995246045417305,0.000112340038310112,0.22384045478625345,-0.34995246045417305,0.000112340038310112,0.22384045478625345,-0.34995276444748963,9.820457848607471e-05,0.22384792118497324,-0.32699758211244756,-1.420058552418844,1.2360386848449707,-1.3860686461078089,-1.5709779898272913,2.7380800247192383,0.0,0.0,-0.0,0.0,0.0,0.0,-0.3271095197628899,-1.4200920146912046,1.2360855997727802,-1.3860401954077184,-1.5708492749173126,2.7381629246735955,-8.579460797088132e-05,1.3099089343198048e-05,-8.580296223338037e-06,5.3821274809771685e-05,6.36233404108619e-05,1.8912470456584515e-05,-0.0007176112846133464,-8.034161250751719,-6.268743938997282,-0.9627008410806578,-4.976497078120932e-05,9.174295982440198e-09,28.0,28.0,14.0,6.0,6.0,6.0
1.7437092239402707,1.0,1.5989082094241373e-05,2.6688574573987878e-05,-0.34995246045417305,0.000112340038310112,0.22384045478625345,-0.34995246045417305,0.000112340038310112,0.22384045478625345,-0.34995276444748963,9.820457848607471e-05,0.22384792118497324,-0.32699758211244756,-1.420058552418844,1.2360386848449707,-1.3860686461078089,-1.5709779898272913,2.7380800247192383,0.0,0.0,-0.0,0.0,0.0,0.0,-0.327109874342719,-1.4200919477798974,1.2360855561273902,-1.3860399718595031,-1.5708490219469127,2.738162964616511,-8.864495727973125e-05,1.6727826807302695e-05,-1.0911347490892382e-05,5.588705379339706e-05,6.324259999263388e-05,9.985728882030504e-06,-0.0007176112846133464,-8.034161250751719,-6.268743938997282,-0.9627008410806578,-4.976497078120932e-05,9.174295982440198e-09,28.0,28.0,14.0,6.0,6.0,6.0
1.7477092239402707,1.0,1.5989082094241373e-05,2.6688574573987878e-05,-0.34995246045417305,0.000112340038310112,0.22384045478625345,-0.34995246045417305,0.000112340038310112,0.22384045478625345,-0.34995276444748963,9.820457848607471e-05,0.22384792118497324,-0.32699758211244756,-1.420058552418844,1.2360386848449707,-1.3860686461078089,-1.5709779898272913,2.7380800247192383,0.0,0.0,-0.0,0.0,0.0,0.0,-0.3271102396398615,-1.4200918672245373,1.2360855037172476,-1.386039740543959,-1.5708487704080967,2.7381629709948783,-9.132428563005018e-05,2.0138840023561062e-05,-1.3102535682393467e-05,5.782888603800491e-05,6.288470399949954e-05,1.5945918019497342e-06,-0.0007176112846133464,-8.034161250751719,-6.268743938997282,-0.9627008410806578,-4.976497078120932e-05,9.174295982440198e-09,28.0,28.0,14.0,6.0,6.0,6.0
1.7527530589411042,1.0,1.8822455531211727e-05,7.395722372350946e-05,-0.34995246045417305,0.000112340038310112,0.22384045478625345,-0.34995246045417305,0.000112340038310112,0.22384045478625345,-0.34995248268274953,9.393686439584501e-05,0.2238365041498495,-0.3269856611834925,-1.4200347105609339,1.2360506057739258,-1.3860686461078089,-1.5709779898272913,2.738020658493042,0.0,0.0,-0.0,0.0,0.0,0.0,-0.3271106218530145,-1.4200918069682102,1.2360854673627097,-1.386039534280837,-1.5708485202124134,2.738163021103392,-9.555328824020434e-05,1.5064081758563344e-05,-9.088634483609984e-06,5.156578053897982e-05,6.254892082614407e-05,1.2527128482664499e-05,-0.000619694200418988,-8.03522571972781,-6.269013828550539,-0.9627369451064725,-5.2836789879076636e-05,9.290307070809627e-07,28.0,28.0,14.0,6.0,6.0,6.0
1.7567530589411042,1.0,1.8822455531211727e-05,7.395722372350946e-05,-0.34995246045417305,0.000112340038310112,0.22384045478625345,-0.34995246045417305,0.000112340038310112,0.22384045478625345,-0.34995248268274953,9.393686439584501e-05,0.2238365041498495,-0.3269856611834925,-1.4200347105609339,1.2360506057739258,-1.3860686461078089,-1.5709779898272913,2.738020658493042,0.0,0.0,-0.0,0.0,0.0,0.0,-0.32711101996721725,-1.4200917657929744,1.2360854461004402,-1.3860393515669915,-1.5708482712792748,2.7381631123182437,-9.952855069374925e-05,1.029380898946549e-05,-5.315567356753511e-06,4.567846136989624e-05,6.223328464318992e-05,2.280371296253638e-05,-0.000619694200418988,-8.03522571972781,-6.269013828550539,-0.9627369451064725,-5.2836789879076636e-05,9.290307070809627e-07,28.0,28.0,14.0,6.0,6.0,6.0
1.761838450952201,1.0,1.8822455531211727e-05,7.395722372350946e-05,-0.34995246045417305,0.000112340038310112,0.22384045478625345,-0.34995246045417305,0.000112340038310112,0.22384045478625345,-0.34995248268274953,9.393686439584501e-05,0.2238365041498495,-0.3269856611834925,-1.4200347105609339,1.2360506057739258,-1.3860686461078089,-1.5709779898272913,2.738020658493042,0.0,0.0,-0.0,0.0,0.0,0.0,-0.32711143302840684,-1.420091742553964,1.2360854390249032,-1.386039190989466,-1.5708480235329283,2.7381632421730533,-0.00010326529740008147,5.809752586513506e-06,-1.768884257508427e-06,4.014438135095767e-05,6.193658663121302e-05,3.2463702373615944e-05,-0.000619694200418988,-8.03522571972781,-6.269013828550539,-0.9627369451064725,-5.2836789879076636e-05,9.290307070809627e-07,28.0,28.0,14.0,6.0,6.0,6.0
1.765838450952201,1.0,1.7618402630456614e-05,3.924269956917803e-05,-0.34995246045417305,0.000112340038310112,0.22384045478625345,-0.34995246045417305,0.000112340038310112,0.22384045478625345,-0.3499494709085251,9.602552913173375e-05,0.22383451277326658,-0.32700950304140264,-1.4200347105609339,1.2360506057739258,-1.386045281087057,-1.5709541479693812,2.7380564212799072,0.0,0.0,-0.0,0.0,0.0,0.0,-0.3271118378374779,-1.4200917447641632,1.2360854608174612,-1.3860390850729685,-1.5708478043691438,2.738163361987485,-0.00010120226775935361,-5.525497931726515e-07,5.4481394976690984e-06,2.6479124394935147e-05,5.479094610497049e-05,2.9953607901260037e-05,-0.0001601053133375221,-8.035526450737981,-6.269041135020664,-0.9627421168834003,-4.415846284423005e-05,1.6003536544917214e-07,28.0,28.0,14.0,6.0,6.0,6.0
1.7703646039552994,1.0,1.7618402630456614e-05,3.924269956917803e-05,-0.34995246045417305,0.000112340038310112,0.22384045478625345,-0.34995246045417305,0.000112340038310112,0.22384045478625345,-0.3499494709085251,9.602552913173375e-05,0.22383451277326658,-0.32700950304140264,-1.4200347105609339,1.2360506057739258,-1.386045281087057,-1.5709541479693812,2.7380564212799072,0.0,0.0,-0.0,0.0,0.0,0.0,-0.3271122348895575,-1.4200917708966194,1.2360855097460286,-1.386039030537837,-1.5708476120729677,2.7381634723639614,-9.926301989706943e-05,-6.5331140300776395e-06,1.2232141827535973e-05,1.3633782856273976e-05,4.807404401030252e-05,2.7594119097245484e-05,-0.0001601053133375221,-8.035526450737981,-6.269041135020664,-0.9627421168834003,-4.415846284423005e-05,1.6003536544917214e-07,28.0,28.0,14.0,6.0,6.0,6.0
1.7743646039552994,1.0,4.171758633656779e-06,1.1920966207993489e-05,-0.34995246045417305,0.000112340038310112,0.22384045478625345,-0.34995246045417305,0.000112340038310112,0.22384045478625345,-0.34995246176850503,0.00010816827988349843,0.22384045478625345,-0.327033821736471,-1.420046631489889,1.2360506057739258,-1.3860686461078089,-1.5709660688983362,2.738032579421997,0.0,0.0,-0.0,0.0,0.0,0.0,-0.32711261497226346,-1.4200917954821304,1.236085555767632,-1.3860389792827017,-1.570847431310532,2.7381635829970064,-9.50206764989013e-05,-6.1463777162785665e-06,1.1505400832919061e-05,1.2813783833594195e-05,4.519060894828819e-05,2.7658261203661285e-05,-0.00012905309165973876,-8.034962559640821,-6.268927865639477,-0.9627213003841667,-3.9151140677867614e-05,1.538085503609063e-07,28.0,28.0,14.0,6.0,6.0,6.0
1.7795782289276838,1.0,4.171758633656779e-06,1.1920966207993489e-05,-0.34995246045417305,0.000112340038310112,0.22384045478625345,-0.34995246045417305,0.000112340038310112,0.22384045478625345,-0.34995246176850503,0.00010816827988349843,0.22384045478625345,-0.327033821736471,-1.420046631489889,1.2360506057739258,-1.3860686461078089,-1.5709660688983362,2.738032579421997,0.0,0.0,-0.0,0.0,0.0,0.0,-0.3271129791037583,-1.4200918186135127,1.2360855990566892,-1.3860389311107626,-1.5708472613898121,2.7381636938712255,-9.103287370462326e-05,-5.782845581307438e-06,1.0822264297979163e-05,1.20429847522752e-05,4.2480179989994724e-05,2.771855478369214e-05,-0.00012905309165973876,-8.034962559640821,-6.268927865639477,-0.9627213003841667,-3.9151140677867614e-05,1.538085503609063e-07,28.0,28.0,14.0,6.0,6.0,6.0
1.7835782289276838,1.0,4.171758633656779e-06,1.1920966207993489e-05,-0.34995246045417305,0.000112340038310112,0.22384045478625345,-0.34995246045417305,0.000112340038310112,0.22384045478625345,-0.34995246176850503,0.00010816827988349843,0.22384045478625345,-0.327033821736471,-1.420046631489889,1.2360506057739258,-1.3860686461078089,-1.5709660688983362,2.738032579421997,0.0,0.0,-0.0,0.0,0.0,0.0,-0.3271133282411146,-1.4200918403780143,1.2360856397771531,-1.386038885837028,-1.570847101660305,2.7381638049721486,-8.728433907800191e-05,-5.441125374434578e-06,1.018011595513566e-05,1.1318433615835345e-05,3.9932376769198864e-05,2.777523074892114e-05,-0.00012905309165973876,-8.034962559640821,-6.268927865639477,-0.9627213003841667,-3.9151140677867614e-05,1.538085503609063e-07,28.0,28.0,14.0,6.0,6.0,6.0
1.7887348609166227,1.0,4.171758633656779e-06,1.1920966207993489e-05,-0.34995246045417305,0.000112340038310112,0.22384045478625345,-0.34995246045417305,0.000112340038310112,0.22384045478625345,-0.34995246176850503,0.00010816827988349843,0.22384045478625345,-0.327033821736471,-1.420046631489889,1.2360506057739258,-1.3860686461078089,-1.5709660688983362,2.738032579421997,0.0,0.0,-0.0,0.0,0.0,0.0,-0.3271136632839807,-1.4200918608576478,1.2360856780831393,-1.3860388432876058,-1.5708469515105379,2.7381639162861733,-8.376071652897783e-05,-5.1199083799740895e-06,9.576496512862767e-06,1.0637355547581882e-05,3.7537441741650756e-05,2.7828506156236406e-05,-0.00012905309165973876,-8.034962559640821,-6.268927865639477,-0.9627213003841667,-3.9151140677867614e-05,1.538085503609063e-07,28.0,28.0,14.0,6.0,6.0,6.0
1.7927348609166227,1.0,5.354469827331257e-06,3.997573037057803e-05,-0.34995246045417305,0.000112340038310112,0.22384045478625345,-0.34995246045417305,0.000112340038310112,0.22384045478625345,-0.349950853633032,0.00011557866251814031,0.22383650512978842,-0.327033821736471,-1.4200347105609339,1.2360506057739258,-1.3860686461078089,-1.5710023085223597,2.7380564212799072,0.0,0.0,-0.0,0.0,0.0,0.0,-0.3271139981311284,-1.4200918996884093,1.2360857318151364,-1.3860388151654808,-1.570846768629721,2.7381639872813466,-8.371178692276221e-05,-9.707690377634526e-06,1.343299927265342e-05,7.030531243895244e-06,4.572020421788836e-05,1.774879329839325e-05,-0.00022166400386752698,-8.035435482059356,-6.269027102988874,-0.9627327718071679,-4.2989767850888e-05,-1.537797435340809e-07,28.0,28.0,14.0,6.0,6.0,6.0
1.7972990089121748,1.0,5.354469827331257e-06,3.997573037057803e-05,-0.34995246045417305,0.000112340038310112,0.22384045478625345,-0.34995246045417305,0.000112340038310112,0.22384045478625345,-0.349950853633032,0.00011557866251814031,0.22383650512978842,-0.327033821736471,-1.4200347105609339,1.2360506057739258,-1.3860686461078089,-1.5710023085223597,2.7380564212799072,0.0,0.0,-0.0,0.0,0.0,0.0,-0.3271143327943008,-1.420091955769231,1.2360858000475838,-1.3860388006050153,-1.5708465549817172,2.7381640203767996,-8.366579309291952e-05,-1.4020205455435337e-05,1.705811186685663e-05,3.640116398429805e-06,5.3412000945551705e-05,8.273863212020684e-06,-0.00022166400386752698,-8.035435482059356,-6.269027102988874,-0.9627327718071679,-4.2989767850888e-05,-1.537797435340809e-07,28.0,28.0,14.0,6.0,6.0,6.0
1.8012990089121748,1.0,1.3012083245739863e-05,5.057440060295984e-05,-0.34995246045417305,0.000112340038310112,0.22384045478625345,-0.34995246045417305,0.000112340038310112,0.22384045478625345,-0.34995175411133556,0.00011054530000125675,0.22382758644119308,-0.327033821736471,-1.4200108687030237,1.2360506057739258,-1.3860567251788538,-1.5709779898272913,2.7380564212799072,0.0,0.0,-0.0,0.0,0.0,0.0,-0.32711465851032034,-1.42009205697068,1.2360859080973183,-1.3860388372557988,-1.570846340421297,2.738164026620653,-8.142900487985406e-05,-2.5300362247945817e-05,2.701243360923383e-05,-9.162695870479286e-06,5.364010507815756e-05,1.5609634129903965e-06,0.00012595825801625914,-8.036455939414235,-6.269231269974019,-0.9627593878818514,-4.040918173360982e-05,-1.5370054164508646e-07,28.0,28.0,14.0,6.0,6.0,6.0
1.8063582799152944,1.0,1.3012083245739863e-05,5.057440060295984e-05,-0.34995246045417305,0.000112340038310112,0.22384045478625345,-0.34995246045417305,0.000112340038310112,0.22384045478625345,-0.34995175411133556,0.00011054530000125675,0.22382758644119308,-0.327033821736471,-1.4200108687030237,1.2360506057739258,-1.3860567251788538,-1.5709779898272913,2.7380564212799072,0.0,0.0,-0.0,0.0,0.0,0.0,-0.3271149758160162,-1.4200922005855185,1.2360860535753024,-1.3860389220451563,-1.570846125003205,2.7381640076240035,-7.932642395957253e-05,-3.590370963290567e-05,3.63694960470684e-05,-2.1197339403253834e-05,5.385452296280707e-05,-4.749162398098074e-06,0.00012595825801625914,-8.036455939414235,-6.269231269974019,-0.9627593878818514,-4.040918173360982e-05,-1.5370054164508646e-07,28.0,28.0,14.0,6.0,6.0,6.0
1.8103582799152944,1.0,1.3012083245739863e-05,5.057440060295984e-05,-0.34995246045417305,0.000112340038310112,0.22384045478625345,-0.34995246045417305,0.000112340038310112,0.22384045478625345,-0.34995175411133556,0.00011054530000125675,0.22382758644119308,-0.327033821736471,-1.4200108687030237,1.2360506057739258,-1.3860567251788538,-1.5709779898272913,2.7380564212799072,0.0,0.0,-0.0,0.0,0.0,0.0,-0.32711528521600775,-1.4200923840689432,1.2360862342358414,-1.3860390520847736,-1.570845908778902,2.738163964901281,-7.734999789450789e-05,-4.587085617476793e-05,4.5165134738632895e-05,-3.2509904324061906e-05,5.40560757743776e-05,-1.0680680660521235e-05,0.00012595825801625914,-8.036455939414235,-6.269231269974019,-0.9627593878818514,-4.040918173360982e-05,-1.5370054164508646e-07,28.0,28.0,14.0,6.0,6.0,6.0
1.8150019799135633,1.0,1.3012083245739863e-05,5.057440060295984e-05,-0.34995246045417305,0.000112340038310112,0.22384045478625345,-0.34995246045417305,0.000112340038310112,0.22384045478625345,-0.34995175411133556,0.00011054530000125675,0.22382758644119308,-0.327033821736471,-1.4200108687030237,1.2360506057739258,-1.3860567251788538,-1.5709779898272913,2.7380564212799072,0.0,0.0,-0.0,0.0,0.0,0.0,-0.3271155871846373,-1.420092605028839,1.2360864479679818,-1.386039224659635,-1.5708456917967604,2.7381638998760494,-7.549215739334714e-05,-5.5239973924118454e-05,5.343303510870352e-05,-4.3143715349621495e-05,5.424553541725391e-05,-1.6256307827199008e-05,0.00012595825801625914,-8.036455939414235,-6.269231269974019,-0.9627593878818514,-4.040918173360982e-05,-1.5370054164508646e-07,28.0,28.0,14.0,6.0,6.0,6.0
1.8190019799135633,1.0,2.1294993364364313e-05,5.124914237277576e-05,-0.34995246045417305,0.000112340038310112,0.22384045478625345,-0.34995246045417305,0.000112340038310112,0.22384045478625345,-0.3499493865823962,9.444186052237544e-05,0.2238293334874729,-0.32699758211244756,-1.4200347105609339,1.2360749244689941,-1.3860686461078089,-1.5709660688983362,2.738044500350952,0.0,0.0,-0.0,0.0,0.0,0.0,-0.3271158987151329,-1.4200928393838719,1.2360866666232966,-1.386039419711263,-1.5708454878181206,2.738163852820389,-7.78826239089288e-05,-5.858875821673408e-05,5.466382870238792e-05,-4.8762907064187126e-05,5.099465994531126e-05,-1.1763915086505408e-05,-0.00033871175714519317,-8.035664282712405,-6.269176807334737,-0.9627606777922613,-4.84972236156685e-05,4.6765730892366393e-07,28.0,28.0,14.0,6.0,6.0,6.0
1.8240541259206373,1.0,2.1294993364364313e-05,5.124914237277576e-05,-0.34995246045417305,0.000112340038310112,0.22384045478625345,-0.34995246045417305,0.000112340038310112,0.22384045478625345,-0.3499493865823962,9.444186052237544e-05,0.2238293334874729,-0.32699758211244756,-1.4200347105609339,1.2360749244689941,-1.3860686461078089,-1.5709660688983362,2.738044500350952,0.0,0.0,-0.0,0.0,0.0,0.0,-0.32711621923378265,-1.4200930863303336,1.2360868899063953,-1.3860396358910523,-1.5708452960627726,2.7381638226561256,-8.012966243357557e-05,-6.173661545179278e-05,5.5820774680451255e-05,-5.4044947275878824e-05,4.793883700168518e-05,-7.541065910253425e-06,-0.00033871175714519317,-8.035664282712405,-6.269176807334737,-0.9627606777922613,-4.84972236156685e-05,4.6765730892366393e-07,28.0,28.0,14.0,6.0,6.0,6.0
1.8280541259206373,1.0,2.921134328664867e-05,7.290620893565401e-05,-0.34995246045417305,0.000112340038310112,0.22384045478625345,-0.34995246045417305,0.000112340038310112,0.22384045478625345,-0.34994433438699285,8.438424987047664e-05,0.22384285134660353,-0.3269737402545374,-1.4200704733477991,1.2360625267028809,-1.386045281087057,-1.5709660688983362,2.738032579421997,0.0,0.0,-0.0,0.0,0.0,0.0,-0.32711656192259814,-1.4200933112410588,1.2360871032684557,-1.3860398629830766,-1.5708451157882009,2.738163835847198,-8.567220386818397e-05,-5.622768131632238e-05,5.334051513504764e-05,-5.677300604802495e-05,4.506864291357457e-05,3.297768059371316e-06,-0.0008384484913731913,-8.034190003785005,-6.268821009788582,-0.9627229749620552,-5.465139451640266e-05,9.290287029573722e-07,28.0,28.0,14.0,6.0,6.0,6.0
1.8326752669287387,1.0,2.921134328664867e-05,7.290620893565401e-05,-0.34995246045417305,0.000112340038310112,0.22384045478625345,-0.34995246045417305,0.000112340038310112,0.22384045478625345,-0.34994433438699285,8.438424987047664e-05,0.22384285134660353,-0.3269737402545374,-1.4200704733477991,1.2360625267028809,-1.386045281087057,-1.5709660688983362,2.738032579421997,0.0,0.0,-0.0,0.0,0.0,0.0,-0.3271169254513694,-1.4200935154381917,1.2360873073047405,-1.3860401003326017,-1.570844946305559,2.7381638897922858,-9.088219281671587e-05,-5.10492832289802e-05,5.100907116236825e-05,-5.933738129384231e-05,4.237066047075059e-05,1.3486271990818575e-05,-0.0008384484913731913,-8.034190003785005,-6.268821009788582,-0.9627229749620552,-5.465139451640266e-05,9.290287029573722e-07,28.0,28.0,14.0,6.0,6.0,6.0
1.8366752669287387,1.0,2.921134328664867e-05,7.290620893565401e-05,-0.34995246045417305,0.000112340038310112,0.22384045478625345,-0.34995246045417305,0.000112340038310112,0.22384045478625345,-0.34994433438699285,8.438424987047664e-05,0.22384285134660353,-0.3269737402545374,-1.4200704733477991,1.2360625267028809,-1.386045281087057,-1.5709660688983362,2.738032579421997,0.0,0.0,-0.0,0.0,0.0,0.0,-0.3271173085696991,-1.420093700164548,1.2360875025747957,-1.3860403473241778,-1.570844786967331,2.7381639820461485,-9.577958242833586e-05,-4.618158902687855e-05,4.881751382804962e-05,-6.174789402491062e-05,3.983455697449605e-05,2.3063465686378998e-05,-0.0008384484913731913,-8.034190003785005,-6.268821009788582,-0.9627229749620552,-5.465139451640266e-05,9.290287029573722e-07,28.0,28.0,14.0,6.0,6.0,6.0
1.8417594719401102,1.0,2.921134328664867e-05,7.290620893565401e-05,-0.34995246045417305,0.000112340038310112,0.22384045478625345,-0.34995246045417305,0.000112340038310112,0.22384045478625345,-0.34994433438699285,8.438424987047664e-05,0.22384285134660353,-0.3269737402545374,-1.4200704733477991,1.2360625267028809,-1.386045281087057,-1.5709660688983362,2.738032579421997,0.0,0.0,-0.0,0.0,0.0,0.0,-0.32711771010221374,-1.4200938665883738,1.2360876896045954,-1.3860406033792818,-1.5708446371648523,2.7381641103102594,-0.00010038312866325864,-4.1605956476903e-05,4.67574499337901e-05,-6.401377599211484e-05,3.7450619688016784e-05,3.20660277602058e-05,-0.0008384484913731913,-8.034190003785005,-6.268821009788582,-0.9627229749620552,-5.465139451640266e-05,9.290287029573722e-07,28.0,28.0,14.0,6.0,6.0,6.0
1.8457594719401103,1.0,1.6297612314855076e-05,8.512852766611783e-05,-0.34995246045417305,0.000112340038310112,0.22384045478625345,-0.34995246045417305,0.000112340038310112,0.22384045478625345,-0.3499538123253165,0.00012376022421486553,0.22382890645453507,-0.32706958452333623,-1.4200347105609339,1.2360868453979492,-1.3861048857318323,-1.5709779898272913,2.7380921840667725,0.0,0.0,-0.0,0.0,0.0,0.0,-0.32711807812471705,-1.4200940383409963,1.2360878572938685,-1.3860408343657353,-1.5708444826302654,2.7381641441661375,-9.200562582197516e-05,-4.293815564363179e-05,4.192231825692854e-05,-5.7746613368916346e-05,3.863364674687738e-05,8.463969533071543e-06,0.0003017821288916824,-8.035838591925263,-6.269238341078586,-0.9627553365018592,-3.1187829751296546e-05,-1.076633041955651e-06,28.0,28.0,14.0,6.0,6.0,6.0
1.8503034349158414,1.0,1.6297612314855076e-05,8.512852766611783e-05,-0.34995246045417305,0.000112340038310112,0.22384045478625345,-0.34995246045417305,0.000112340038310112,0.22384045478625345,-0.3499538123253165,0.00012376022421486553,0.22382890645453507,-0.32706958452333623,-1.4200347105609339,1.2360868453979492,-1.3861048857318323,-1.5709779898272913,2.7380921840667725,0.0,0.0,-0.0,0.0,0.0,0.0,-0.32711841464780966,-1.4200942151026879,1.2360880068030464,-1.3860410417876574,-1.5708443236474967,2.7381640892782766,-8.413077315116869e-05,-4.419042286035684e-05,3.737729448067867e-05,-5.185548050310976e-05,3.974569218220634e-05,-1.3721965200434656e-05,0.0003017821288916824,-8.035838591925263,-6.269238341078586,-0.9627553365018592,-3.1187829751296546e-05,-1.076633041955651e-06,28.0,28.0,14.0,6.0,6.0,6.0
1.8543034349158414,1.0,2.5684158026134584e-05,3.813801926959809e-05,-0.34995246045417305,0.000112340038310112,0.22384045478625345,-0.34995246045417305,0.000112340038310112,0.22384045478625345,-0.3499510633324276,9.239353472307778e-05,0.22382433458095102,-0.32699758211244756,-1.4200347105609339,1.2360987663269043,-1.386092487965719,-1.5709541479693812,2.7380800247192383,0.0,0.0,-0.0,0.0,0.0,0.0,-0.32711875436286647,-1.4200944058500842,1.2360881489688267,-1.3860412555359645,-1.5708441879180546,2.738164015124554,-8.492876420276286e-05,-4.768684907722064e-05,3.554144507379245e-05,-5.343707677772679e-05,3.39323605527825e-05,-1.8538430676055807e-05,-0.00026966048882470057,-8.035832252937935,-6.269310290289867,-0.9627775664499278,-4.7234204368152855e-05,9.304913483449853e-09,28.0,28.0,14.0,6.0,6.0,6.0
1.8584270789169248,1.0,2.5684158026134584e-05,3.813801926959809e-05,-0.34995246045417305,0.000112340038310112,0.22384045478625345,-0.34995246045417305,0.000112340038310112,0.22384045478625345,-0.3499510633324276,9.239353472307778e-05,0.22382433458095102,-0.32699758211244756,-1.4200347105609339,1.2360987663269043,-1.386092487965719,-1.5709541479693812,2.7380800247192383,0.0,0.0,-0.0,0.0,0.0,0.0,-0.3271190970783696,-1.420094609744043,1.2360882842318133,-1.3860414752310735,-1.5708440740467393,2.738163922860921,-8.567887579126139e-05,-5.097348972107261e-05,3.38157466313194e-05,-5.49237772758668e-05,2.8467828821124095e-05,-2.306590822313969e-05,-0.00026966048882470057,-8.035832252937935,-6.269310290289867,-0.9627775664499278,-4.7234204368152855e-05,9.304913483449853e-09,28.0,28.0,14.0,6.0,6.0,6.0
1.8624270789169248,1.0,2.5684158026134584e-05,3.813801926959809e-05,-0.34995246045417305,0.000112340038310112,0.22384045478625345,-0.34995246045417305,0.000112340038310112,0.22384045478625345,-0.3499510633324276,9.239353472307778e-05,0.22382433458095102,-0.32699758211244756,-1.4200347105609339,1.2360987663269043,-1.386092487965719,-1.5709541479693812,2.7380800247192383,0.0,0.0,-0.0,0.0,0.0,0.0,-0.3271194426142924,-1.4200948259957706,1.2360884130061736,-1.3860417005161765,-1.5708439807220633,2.7381638135739728,-8.638398068445e-05,-5.406293192629346e-05,3.219359009539473e-05,-5.632127574411841e-05,2.333116899336519e-05,-2.732173711739854e-05,-0.00026966048882470057,-8.035832252937935,-6.269310290289867,-0.9627775664499278,-4.7234204368152855e-05,9.304913483449853e-09,28.0,28.0,14.0,6.0,6.0,6.0
1.867317746919115,1.0,2.5684158026134584e-05,3.813801926959809e-05,-0.34995246045417305,0.000112340038310112,0.22384045478625345,-0.34995246045417305,0.000112340038310112,0.22384045478625345,-0.3499510633324276,9.239353472307778e-05,0.22382433458095102,-0.32699758211244756,-1.4200347105609339,1.2360987663269043,-1.386092487965719,-1.5709541479693812,2.7380800247192383,0.0,0.0,-0.0,0.0,0.0,0.0,-0.3271197908014095,-1.420095053863801,1.2360885356812255,-1.3860419310558736,-1.5708439067112283,2.7381636882851077,-8.70467792840473e-05,-5.696700759920106e-05,3.066876295162554e-05,-5.763492430427492e-05,1.8502708755271822e-05,-3.132221627800186e-05,-0.00026966048882470057,-8.035832252937935,-6.269310290289867,-0.9627775664499278,-4.7234204368152855e-05,9.304913483449853e-09,28.0,28.0,14.0,6.0,6.0,6.0
1.871317746919115,1.0,2.0477789918533664e-05,6.979110250700696e-05,-0.34995246045417305,0.000112340038310112,0.22384045478625345,-0.34995246045417305,0.000112340038310112,0.22384045478625345,-0.3499455681031033,0.00010582985178545295,0.22382230395023708,-0.327033821736471,-1.4200347105609339,1.2360987663269043,-1.3860686461078089,-1.5709660688983362,2.7380800247192383,0.0,0.0,-0.0,0.0,0.0,0.0,-0.3271201249360264,-1.4200953076541398,1.2360886757922929,-1.386042202161966,-1.5708438371395637,2.7381635227507766,-8.353365421519661e-05,-6.344758466123824e-05,3.502776684288881e-05,-6.777652309558864e-05,1.7392916172629233e-05,-4.138358279707441e-05,0.00014323306283319678,-8.03620093592291,-6.269343305675176,-0.9627818159122064,-3.91473442722819e-05,-4.582180723409683e-07,28.0,28.0,14.0,6.0,6.0,6.0
1.8760053789166276,1.0,2.0477789918533664e-05,6.979110250700696e-05,-0.34995246045417305,0.000112340038310112,0.22384045478625345,-0.34995246045417305,0.000112340038310112,0.22384045478625345,-0.3499455681031033,0.00010582985178545295,0.22382230395023708,-0.327033821736471,-1.4200347105609339,1.2360987663269043,-1.3860686461078089,-1.5709660688983362,2.7380800247192383,0.0,0.0,-0.0,0.0,0.0,0.0,-0.32712044586129296,-1.4200955858114481,1.2360888322932149,-1.38604251140047,-1.570843771740719,2.7381633193857073,-8.023131665047697e-05,-6.953932709955319e-05,3.912523050067629e-05,-7.730962595942352e-05,1.6349711144945197e-05,-5.0841267325002605e-05,0.00014323306283319678,-8.03620093592291,-6.269343305675176,-0.9627818159122064,-3.91473442722819e-05,-4.582180723409683e-07,28.0,28.0,14.0,6.0,6.0,6.0
1.8800053789166276,1.0,2.4286605707238602e-05,8.658415338515044e-05,-0.34995246045417305,0.000112340038310112,0.22384045478625345,-0.34995246045417305,0.000112340038310112,0.22384045478625345,-0.34994640651791886,0.00010177526303352623,0.22381944110985058,-0.3270214239703577,-1.4200108687030237,1.2360749244689941,-1.386045281087057,-1.5709660688983362,2.7380800247192383,0.0,0.0,-0.0,0.0,0.0,0.0,-0.32712076148891817,-1.4200959132391902,1.2360890382120215,-1.3860428910342348,-1.5708437102613173,2.738163087622823,-7.890690630062639e-05,-8.185693552236924e-05,5.1479701684424635e-05,-9.4908441198864e-05,1.536985044288608e-05,-5.794072110305114e-05,0.00018267679904685746,-8.03689484774097,-6.269399557850855,-0.9627887777490752,-4.234225991873642e-05,-2.982060148487234e-07,28.0,28.0,14.0,6.0,6.0,6.0
1.885023092909484,1.0,2.4286605707238602e-05,8.658415338515044e-05,-0.34995246045417305,0.000112340038310112,0.22384045478625345,-0.34995246045417305,0.000112340038310112,0.22384045478625345,-0.34994640651791886,0.00010177526303352623,0.22381944110985058,-0.3270214239703577,-1.4200108687030237,1.2360749244689941,-1.386045281087057,-1.5709660688983362,2.7380800247192383,0.0,0.0,-0.0,0.0,0.0,0.0,-0.32712107213676045,-1.42009628698114,1.23608929058364,-1.3860433368395448,-1.5708436524661917,2.7381628291659923,-7.766196057176685e-05,-9.343548743981634e-05,6.309290459714808e-05,-0.00011145132752393805,1.4448781382950512e-05,-6.461420765441676e-05,0.00018267679904685746,-8.03689484774097,-6.269399557850855,-0.9627887777490752,-4.234225991873642e-05,-2.982060148487234e-07,28.0,28.0,14.0,6.0,6.0,6.0
1.889023092909484,1.0,2.4286605707238602e-05,8.658415338515044e-05,-0.34995246045417305,0.000112340038310112,0.22384045478625345,-0.34995246045417305,0.000112340038310112,0.22384045478625345,-0.34994640651791886,0.00010177526303352623,0.22381944110985058,-0.3270214239703577,-1.4200108687030237,1.2360749244689941,-1.386045281087057,-1.5709660688983362,2.7380800247192383,0.0,0.0,-0.0,0.0,0.0,0.0,-0.3271213781036068,-1.420096704258445,1.2360895866209014,-1.3860438448461074,-1.5708435981342859,2.738162545616852,-7.649171158663888e-05,-0.00010431932624221661,7.400931533510813e-05,-0.00012700164066950767,1.3582976466611077e-05,-7.088728501270045e-05,0.00018267679904685746,-8.03689484774097,-6.269399557850855,-0.9627887777490752,-4.234225991873642e-05,-2.982060148487234e-07,28.0,28.0,14.0,6.0,6.0,6.0
1.89368697789847,1.0,2.4286605707238602e-05,8.658415338515044e-05,-0.34995246045417305,0.000112340038310112,0.22384045478625345,-0.34995246045417305,0.000112340038310112,0.22384045478625345,-0.34994640651791886,0.00010177526303352623,0.22381944110985058,-0.3270214239703577,-1.4200108687030237,1.2360749244689941,-1.386045281087057,-1.5709660688983362,2.7380800247192383,0.0,0.0,-0.0,0.0,0.0,0.0,-0.32712167967031697,-1.4200971624589838,1.2360899237038672,-1.3860444113218475,-1.5708435470578064,2.738162238480941,-7.539167754061859e-05,-0.00011455013471647286,8.427074142879056e-05,-0.0001416189350263431,1.2769119845252008e-05,-7.678397772948712e-05,0.00018267679904685746,-8.03689484774097,-6.269399557850855,-0.9627887777490752,-4.234225991873642e-05,-2.982060148487234e-07,28.0,28.0,14.0,6.0,6.0,6.0
1.89768697789847,1.0,1.4002656976541378e-05,2.0777904739681293e-05,-0.34995246045417305,0.000112340038310112,0.22384045478625345,-0.34995246045417305,0.000112340038310112,0.22384045478625345,-0.34994899662266526,0.00010003677075999331,0.22383473588065197,-0.3270214239703577,-1.420058552418844,1.2360868453979492,-1.386080567036764,-1.5709541479693812,2.7380685806274414,0.0,0.0,0.00021571606339421123,0.0,0.0,0.0,-0.3271219728266377,-1.4200975911226676,1.2360902387692814,-1.386044947989345,-1.570843512767222,2.7381619266314,-7.32890801852746e-05,-0.0001071659209939975,7.876635355142324e-05,-0.0001341668743608544,8.572646066252033e-06,-7.796238537622762e-05,-0.00018125892861758287,-8.035453846891514,-6.269475174386455,-0.9628304412152288,-4.108833999892797e-05,-1.5063310334338242e-07,28.0,28.0,14.0,6.0,6.0,6.0
1.9025693339048892,1.0,1.4002656976541378e-05,2.0777904739681293e-05,-0.34995246045417305,0.000112340038310112,0.22384045478625345,-0.34995246045417305,0.000112340038310112,0.22384045478625345,-0.34994899662266526,0.00010003677075999331,0.22383473588065197,-0.3270214239703577,-1.420058552418844,1.2360868453979492,-1.386080567036764,-1.5709541479693812,2.7380685806274414,0.0,0.0,0.00021571606339421123,0.0,0.0,0.0,-0.32712225807719236,-1.420097992021708,1.236090533138197,-1.3860454566370943,-1.570843494255379,2.7381616103510455,-7.131263867125125e-05,-0.00010022476009487068,7.359222894669797e-05,-0.00012716193733529503,4.627960713992057e-06,-7.907008856416368e-05,-0.00018125892861758287,-8.035453846891514,-6.269475174386455,-0.9628304412152288,-4.108833999892797e-05,-1.5063310334338242e-07,28.0,28.0,14.0,6.0,6.0,6.0
1.9065693339048893,1.0,4.9428355372242194e-05,0.00014632714813598874,-0.34995246045417305,0.000112340038310112,0.22384045478625345,-0.34995246045417305,0.000112340038310112,0.22384045478625345,-0.3499356553874567,9.551142088671192e-05,0.22379712408486194,-0.3270214239703577,-1.4200227896319788,1.236170768737793,-1.3860686461078089,-1.5709541479693812,2.7380800247192383,0.0,0.0,0.00021571606339421123,0.0,0.0,0.0,-0.32712253586230133,-1.420098459012351,1.2360908746368453,-1.3860460649110424,-1.5708434905807485,2.738161276757069,-6.944627724306336e-05,-0.00011674766076007055,8.537466205041957e-05,-0.00015206848703370305,9.18657649410931e-07,-8.339849411887696e-05,0.0004480690855640269,-8.038297910273927,-6.270332748818859,-0.9629539992747832,-4.107878139845803e-05,-2.9801125798023387e-07,28.0,28.0,14.0,6.0,6.0,6.0
1.9111845379062005,1.0,4.9428355372242194e-05,0.00014632714813598874,-0.34995246045417305,0.000112340038310112,0.22384045478625345,-0.34995246045417305,0.000112340038310112,0.22384045478625345,-0.3499356553874567,9.551142088671192e-05,0.22379712408486194,-0.3270214239703577,-1.4200227896319788,1.236170768737793,-1.3860686461078089,-1.5709541479693812,2.7380800247192383,0.0,0.0,0.00021571606339421123,0.0,0.0,0.0,-0.32712280662989135,-1.4200989881291006,1.2360912604374419,-1.3860467668336174,-1.5708435008530974,2.7381609268882876,-6.769189750056674e-05,-0.00013227918738535844,9.645014916791789e-05,-0.0001754806437502066,-2.5680872312953278e-06,-8.746719534030744e-05,0.0004480690855640269,-8.038297910273927,-6.270332748818859,-0.9629539992747832,-4.107878139845803e-05,-2.9801125798023387e-07,28.0,28.0,14.0,6.0,6.0,6.0
1.9151845379062005,1.0,4.9428355372242194e-05,0.00014632714813598874,-0.34995246045417305,0.000112340038310112,0.22384045478625345,-0.34995246045417305,0.000112340038310112,0.22384045478625345,-0.3499356553874567,9.551142088671192e-05,0.22379712408486194,-0.3270214239703577,-1.4200227896319788,1.236170768737793,-1.3860686461078089,-1.5709541479693812,2.7380800247192383,0.0,0.0,0.00021571606339421123,0.0,0.0,0.0,-0.3271230708010135,-1.4200995756443904,1.2360916878818702,-1.3860475567859016,-1.5708435242356071,2.7381605617211897,-6.604278054261993e-05,-0.00014687882241312905,0.0001068611070583663,-0.0001974880710637199,-5.845627419159211e-06,-9.12917744884521e-05,0.0004480690855640269,-8.038297910273927,-6.270332748818859,-0.9629539992747832,-4.107878139845803e-05,-2.9801125798023387e-07,28.0,28.0,14.0,6.0,6.0,6.0
1.9202711169170223,1.0,4.9428355372242194e-05,0.00014632714813598874,-0.34995246045417305,0.000112340038310112,0.22384045478625345,-0.34995246045417305,0.000112340038310112,0.22384045478625345,-0.3499356553874567,9.551142088671192e-05,0.22379712408486194,-0.3270214239703577,-1.4200227896319788,1.236170768737793,-1.3860686461078089,-1.5709541479693812,2.7380800247192383,0.0,0.0,0.00021571606339421123,0.0,0.0,0.0,-0.3271233287714559,-1.4201002180543076,1.2360921544715,-1.3860484294861126,-1.570843559941668,2.738160182173674,-6.449261060214993e-05,-0.00016060247933923343,0.00011664740747538782,-0.00021817505273842244,-8.926515195751262e-06,-9.488687888770807e-05,0.0004480690855640269,-8.038297910273927,-6.270332748818859,-0.9629539992747832,-4.107878139845803e-05,-2.9801125798023387e-07,28.0,28.0,14.0,6.0,6.0,6.0
1.9242711169170224,1.0,4.7280732576992986e-05,0.00013213758939289508,-0.34995246045417305,0.000112340038310112,0.22384045478625345,-0.34995246045417305,0.000112340038310112,0.22384045478625345,-0.3499286195393786,8.895301735869817e-05,0.2238069865071552,-0.32700950304140264,-1.420058552418844,1.236170768737793,-1.386045281087057,-1.5709541479693812,2.7380685806274414,0.0,0.0,0.0034274884965270758,0.0,0.0,0.0,-0.32712358774633626,-1.420100885022722,1.2360928033472347,-1.386049384074283,-1.5708436072281085,2.738159809191903,-6.474372009469856e-05,-0.00016674210354737263,0.0001622189337007475,-0.00023864704258864364,-1.1821610128887114e-05,-9.324544286226385e-05,0.0003857092707790993,-8.044960710378636,-6.276317220682533,-0.9642129277184438,-4.4182043167531146e-05,4.517343297717838e-09,28.0,28.0,14.0,6.0,6.0,6.0
1.929351758921054,1.0,4.7280732576992986e-05,0.00013213758939289508,-0.34995246045417305,0.000112340038310112,0.22384045478625345,-0.34995246045417305,0.000112340038310112,0.22384045478625345,-0.3499286195393786,8.895301735869817e-05,0.2238069865071552,-0.32700950304140264,-1.420058552418844,1.236170768737793,-1.386045281087057,-1.5709541479693812,2.7380685806274414,0.0,0.0,0.0034274884965270758,0.0,0.0,0.0,-0.3271238476653883,-1.4201015750761232,1.2360936235719082,-1.3860504156371352,-1.570843665400106,2.7381594423819307,-6.497976301769429e-05,-0.00017251335030302347,0.0002050561683525856,-0.0002578907130478516,-1.4542999366034817e-05,-9.170249299834627e-05,0.0003857092707790993,-8.044960710378636,-6.276317220682533,-0.9642129277184438,-4.4182043167531146e-05,4.517343297717838e-09,28.0,28.0,14.0,6.0,6.0,6.0
1.933351758921054,1.0,6.205341104901275e-05,0.0001806341897010005,-0.34995246045417305,0.000112340038310112,0.22384045478625345,-0.34995246045417305,0.000112340038310112,0.22384045478625345,-0.3499236195649657,9.83845994653763e-05,0.22378731276277675,-0.327033821736471,-1.420046631489889,1.2362308502197266,-1.3860686461078089,-1.5709660688983362,2.7380564212799072,0.0,0.0,0.0034274884965270758,0.0,0.0,0.0,-0.3271240987721404,-1.420102322174846,1.2360946151282013,-1.386051550490443,-1.5708437200847178,2.738159077064808,-6.277668802029438e-05,-0.00018677468070543604,0.0002478890732496796,-0.0002837133269244183,-1.36711529960603e-05,-9.132928071423832e-05,0.0008245721296551687,-8.046288239471066,-6.276795173594203,-0.9642762342621012,-3.9172268297609434e-05,-1.5216281687846187e-07,28.0,28.0,14.0,6.0,6.0,6.0
1.9378327929251835,1.0,6.205341104901275e-05,0.0001806341897010005,-0.34995246045417305,0.000112340038310112,0.22384045478625345,-0.34995246045417305,0.000112340038310112,0.22384045478625345,-0.3499236195649657,9.83845994653763e-05,0.22378731276277675,-0.327033821736471,-1.420046631489889,1.2362308502197266,-1.3860686461078089,-1.5709660688983362,2.7380564212799072,0.0,0.0,0.0034274884965270758,0.0,0.0,0.0,-0.3271243415953305,-1.4201031228961714,1.2360957677362168,-1.3860527824367788,-1.5708437714911874,2.738158713150963,-6.070579752273846e-05,-0.00020018033128370386,0.000288152003852948,-0.000307986583968391,-1.2851617408284252e-05,-9.097846116717684e-05,0.0008245721296551687,-8.046288239471066,-6.276795173594203,-0.9642762342621012,-3.9172268297609434e-05,-1.5216281687846187e-07,28.0,28.0,14.0,6.0,6.0,6.0
1.9418327929251835,1.0,6.205341104901275e-05,0.0001806341897010005,-0.34995246045417305,0.000112340038310112,0.22384045478625345,-0.34995246045417305,0.000112340038310112,0.22384045478625345,-0.3499236195649657,9.83845994653763e-05,0.22378731276277675,-0.327033821736471,-1.420046631489889,1.2362308502197266,-1.3860686461078089,-1.5709660688983362,2.7380564212799072,0.0,0.0,0.0034274884965270758,0.0,0.0,0.0,-0.3271245766319723,-1.4201039740227426,1.2360970717328512,-1.386054105650561,-1.5708438198162031,2.7381583505562,-5.875916045503589e-05,-0.00021278164282727562,0.0003259991586200202,-0.00033080344558972534,-1.2081253955774768e-05,-9.064869079293905e-05,0.0008245721296551687,-8.046288239471066,-6.276795173594203,-0.9642762342621012,-3.9172268297609434e-05,-1.5216281687846187e-07,28.0,28.0,14.0,6.0,6.0,6.0
1.946857629935025,1.0,4.5663361038739134e-05,0.00011383484991541555,-0.34995246045417305,0.000112340038310112,0.22384045478625345,-0.34995246045417305,0.000112340038310112,0.22384045478625345,-0.3499297068805065,8.776702455099374e-05,0.22380941313002267,-0.32699758211244756,-1.4200704733477991,1.236182689666748,-1.3860686461078089,-1.5709660688983362,2.7381160259246826,0.0,0.0,0.0034274884965270758,0.0,0.0,0.0,-0.32712482520330405,-1.4201048197181134,1.2360984830173778,-1.3860554495274588,-1.57084386523392,2.7381579414308144,-6.21428329338335e-05,-0.00021142384271956324,0.00035282113162622345,-0.0003359692244356692,-1.1354429237390423e-05,-0.00010228134640473199,6.996373184116087e-05,-8.04443737224509,-6.276273939200528,-0.9642074082949915,-4.8526135168139406e-05,-4.537854978817927e-07,28.0,28.0,14.0,6.0,6.0,6.0
1.950857629935025,1.0,4.5663361038739134e-05,0.00011383484991541555,-0.34995246045417305,0.000112340038310112,0.22384045478625345,-0.34995246045417305,0.000112340038310112,0.22384045478625345,-0.3499297068805065,8.776702455099374e-05,0.22380941313002267,-0.32699758211244756,-1.4200704733477991,1.236182689666748,-1.3860686461078089,-1.5709660688983362,2.7381160259246826,0.0,0.0,0.0034274884965270758,0.0,0.0,0.0,-0.3271250864972443,-1.4201056603081559,1.236099995152523,-1.3860568128276851,-1.5708439079187762,2.7381574885666438,-6.532348506390324e-05,-0.0002101475106183136,0.0003780337862520545,-0.00034082505655085645,-1.0671214002109138e-05,-0.00011321604267981736,6.996373184116087e-05,-8.04443737224509,-6.276273939200528,-0.9642074082949915,-4.8526135168139406e-05,-4.537854978817927e-07,28.0,28.0,14.0,6.0,6.0,6.0
1.9554372139328633,1.0,4.5663361038739134e-05,0.00011383484991541555,-0.34995246045417305,0.000112340038310112,0.22384045478625345,-0.34995246045417305,0.000112340038310112,0.22384045478625345,-0.3499297068805065,8.776702455099374e-05,0.22380941313002267,-0.32699758211244756,-1.4200704733477991,1.236182689666748,-1.3860686461078089,-1.5709660688983362,2.7381160259246826,0.0,0.0,0.0034274884965270758,0.0,0.0,0.0,-0.32712535975043655,-1.4201064960991896,1.2361016020872493,-1.38605819438584,-1.570843948034743,2.738156994588015,-6.83132980661688e-05,-0.00020894775844313893,0.00040173368160033567,-0.00034538953873913244,-1.002899168094473e-05,-0.0001234946571783976,6.996373184116087e-05,-8.04443737224509,-6.276273939200528,-0.9642074082949915,-4.8526135168139406e-05,-4.537854978817927e-07,28.0,28.0,14.0,6.0,6.0,6.0
1.9594372139328633,1.0,4.413545651517954e-05,0.00020721412060494855,-0.34995246045417305,0.000112340038310112,0.22384045478625345,-0.34995246045417305,0.000112340038310112,0.22384045478625345,-0.349927756598072,0.00010445232013107613,0.2238047414565645,-0.32706958452333623,-1.4200704733477991,1.2361950874328613,-1.3860567251788538,-1.570930306111471,2.738163948059082,0.0,0.0,0.0024687503464519978,0.0,0.0,0.0019654128700494766,-0.32712558996138336,-1.4201073343112511,1.2361032582366571,-1.3860596202991569,-1.570844026950538,2.73815647243522,-5.7552736696922216e-05,-0.00020955301539685563,0.0004140373519431711,-0.00035647832918395047,-1.972894873270412e-05,-0.00013053819883097702,0.0010450453402051133,-8.04267909474888,-6.274515727128773,-0.9638338949860782,-2.614550304974175e-05,-6.228040603280385e-06,28.0,28.0,14.0,6.0,6.0,6.0
1.964536853927887,1.0,4.413545651517954e-05,0.00020721412060494855,-0.34995246045417305,0.000112340038310112,0.22384045478625345,-0.34995246045417305,0.000112340038310112,0.22384045478625345,-0.349927756598072,0.00010445232013107613,0.2238047414565645,-0.32706958452333623,-1.4200704733477991,1.2361950874328613,-1.3860567251788538,-1.570930306111471,2.738163948059082,0.0,0.0,0.0024687503464519978,0.0,0.0,0.0019654128700494766,-0.3271257797126194,-1.420108174799079,1.2361049606478653,-1.3860610879063258,-1.5708441423381714,2.738155923798708,-4.743780900983043e-05,-0.00021012195693334934,0.0004256028020654364,-0.0003669017922020794,-2.884690836135795e-05,-0.00013715912798440167,0.0010450453402051133,-8.04267909474888,-6.274515727128773,-0.9638338949860782,-2.614550304974175e-05,-6.228040603280385e-06,28.0,28.0,14.0,6.0,6.0,6.0
1.968536853927887,1.0,4.413545651517954e-05,0.00020721412060494855,-0.34995246045417305,0.000112340038310112,0.22384045478625345,-0.34995246045417305,0.000112340038310112,0.22384045478625345,-0.349927756598072,0.00010445232013107613,0.2238047414565645,-0.32706958452333623,-1.4200704733477991,1.2361950874328613,-1.3860567251788538,-1.570930306111471,2.738163948059082,0.0,0.0,0.0024687503464519978,0.0,0.0,0.0019654128700494766,-0.32712593143172736,-1.4201090174261268,1.236106706545166,-1.3860625947057155,-1.570844292009333,2.7381553502675025,-3.792977698396414e-05,-0.0002106567619776534,0.00043647432518036577,-0.00037669984743912065,-3.741779041229255e-05,-0.00014338280138862083,0.0010450453402051133,-8.04267909474888,-6.274515727128773,-0.9638338949860782,-2.614550304974175e-05,-6.228040603280385e-06,28.0,28.0,14.0,6.0,6.0,6.0
1.9731722429199152,1.0,5.620821467052971e-05,0.0002479728284609096,-0.34995246045417305,0.000112340038310112,0.22384045478625345,-0.34995246045417305,0.000112340038310112,0.22384045478625345,-0.3499380657533339,9.805081466406843e-05,0.2237880336638714,-0.327033821736471,-1.4200108687030237,1.2361950874328613,-1.386092487965719,-1.570942227040426,2.7382354736328125,0.0,0.0,0.0018935076659545302,0.0,0.0,0.010785803198814392,-0.327126072242382,-1.4201099111598972,1.2361084883476998,-1.3860641393335182,-1.5708444601751184,2.738155110672961,-3.52026636561019e-05,-0.0002234334425803056,0.00044545063345683046,-0.0003861569506687212,-4.204144631316611e-05,-5.9898635406218e-05,0.0009061958540924932,-8.043106063466674,-6.273837070254094,-0.963653070558988,-3.662976589190265e-05,-2.5656892337028345e-05,28.0,28.0,14.0,6.0,6.0,6.0
1.9771722429199152,1.0,5.620821467052971e-05,0.0002479728284609096,-0.34995246045417305,0.000112340038310112,0.22384045478625345,-0.34995246045417305,0.000112340038310112,0.22384045478625345,-0.3499380657533339,9.805081466406843e-05,0.2237880336638714,-0.327033821736471,-1.4200108687030237,1.2361950874328613,-1.386092487965719,-1.570942227040426,2.7382354736328125,0.0,0.0,0.0018935076659545302,0.0,0.0,0.010785803198814392,-0.3271262027990905,-1.4201108529339865,1.2361103039011527,-1.386065719520029,-1.5708446457258498,2.738155184978883,-3.2639177127911395e-05,-0.00023544352234679863,0.00045388836323670726,-0.0003950466277045457,-4.6387682859987266e-05,1.857648061724058e-05,0.0009061958540924932,-8.043106063466674,-6.273837070254094,-0.963653070558988,-3.662976589190265e-05,-2.5656892337028345e-05,28.0,28.0,14.0,6.0,6.0,6.0
1.9822006419184626,1.0,5.620821467052971e-05,0.0002479728284609096,-0.34995246045417305,0.000112340038310112,0.22384045478625345,-0.34995246045417305,0.000112340038310112,0.22384045478625345,-0.3499380657533339,9.805081466406843e-05,0.2237880336638714,-0.327033821736471,-1.4200108687030237,1.2361950874328613,-1.386092487965719,-1.570942227040426,2.7382354736328125,0.0,0.0,0.0018935076659545302,0.0,0.0,0.010785803198814392,-0.32712632371708966,-1.4201118398659758,1.2361121511804696,-1.3860673331317255,-1.5708448476184307,2.738155554351242,-3.0229499791412315e-05,-0.0002467329973273021,0.00046181982922979147,-0.0004034029241182208,-5.047314521399915e-05,9.234308967929171e-05,0.0009061958540924932,-8.043106063466674,-6.273837070254094,-0.963653070558988,-3.662976589190265e-05,-2.5656892337028345e-05,28.0,28.0,14.0,6.0,6.0,6.0
1.9862006419184626,1.0,5.1682804125684575e-05,0.00021292480600878318,-0.34995246045417305,0.000112340038310112,0.22384045478625345,-0.34995246045417305,0.000112340038310112,0.22384045478625345,-0.34992897372339626,9.1690197728998e-05,0.22379930785679708,-0.32700950304140264,-1.420058552418844,1.2362070083618164,-1.386080567036764,-1.5709660688983362,2.7382354736328125,0.0,0.0,0.0015339808305725455,0.0,0.0,0.004625910893082619,-0.32712645816776814,-1.4201128332047053,1.2361139883062755,-1.3860689640419919,-1.5708450374032263,2.738155910831139,-3.3612669619232075e-05,-0.0002483346823892095,0.0004592814514922431,-0.0004077275665712269,-4.744619893966934e-05,8.911997423302873e-05,0.0001978354565426073,-8.04058412871174,-6.272835053018552,-0.9634813294622796,-4.543343342833303e-05,-1.2096952817860477e-05,28.0,28.0,14.0,6.0,6.0,6.0
1.9907006729240537,1.0,5.1682804125684575e-05,0.00021292480600878318,-0.34995246045417305,0.000112340038310112,0.22384045478625345,-0.34995246045417305,0.000112340038310112,0.22384045478625345,-0.34992897372339626,9.1690197728998e-05,0.22379930785679708,-0.32700950304140264,-1.420058552418844,1.2362070083618164,-1.386080567036764,-1.5709660688983362,2.7382354736328125,0.0,0.0,0.0015339808305725455,0.0,0.0,0.004625910893082619,-0.32712660533916516,-1.4201138325657707,1.2361158158877812,-1.3860706112129138,-1.570845215806704,2.7381562551921217,-3.679284925738265e-05,-0.00024984026634740245,0.0004568953764189476,-0.00041179273047705267,-4.460086944179931e-05,8.609024571354155e-05,0.0001978354565426073,-8.04058412871174,-6.272835053018552,-0.9634813294622796,-4.543343342833303e-05,-1.2096952817860477e-05,28.0,28.0,14.0,6.0,6.0,6.0
1.9947006729240537,1.0,5.1682804125684575e-05,0.00021292480600878318,-0.34995246045417305,0.000112340038310112,0.22384045478625345,-0.34995246045417305,0.000112340038310112,0.22384045478625345,-0.34992897372339626,9.1690197728998e-05,0.22379930785679708,-0.32700950304140264,-1.420058552418844,1.2362070083618164,-1.386080567036764,-1.5709660688983362,2.7382354736328125,0.0,0.0,0.0015339808305725455,0.0,0.0,0.004625910893082619,-0.3271267644680376,-1.4201148375878319,1.2361176344976446,-1.386072273668852,-1.5708453835117429,2.7381565881613255,-3.978221811724419e-05,-0.0002512555152681038,0.00045465246585004983,-0.00041561398454852887,-4.192625971380149e-05,8.324230090522364e-05,0.0001978354565426073,-8.04058412871174,-6.272835053018552,-0.9634813294622796,-4.543343342833303e-05,-1.2096952817860477e-05,28.0,28.0,14.0,6.0,6.0,6.0
1.999797938919627,1.0,4.5160594259622117e-05,0.00019492032704979232,-0.34995246045417305,0.000112340038310112,0.22384045478625345,-0.34995246045417305,0.000112340038310112,0.22384045478625345,-0.34992942782641145,0.00010190966345076575,0.22380303574547777,-0.3270457426654261,-1.420046631489889,1.236170768737793,-1.386045281087057,-1.5709541479693812,2.738163948059082,0.0,0.0,0.001294296351261437,0.0,0.0,0.0029241510201245546,-0.32712690970650093,-1.420115858585007,1.2361194608608275,-1.3860739801566146,-1.5708455548964733,2.7381568945186228,-3.630961583205485e-05,-0.00025524929382423484,0.00045659079574023807,-0.00042662194066536886,-4.284618262381124e-05,7.658932434488101e-05,0.000703075136442742,-8.040334772484,-6.272268379898243,-0.9633677679698542,-3.481558011428931e-05,-7.982322486527078e-06,28.0,28.0,14.0,6.0,6.0,6.0
