t,bf,pos_err,rot_err,pd_x,pd_y,pd_z,pd_ref_x,pd_ref_y,pd_ref_z,p_x,p_y,p_z,q0,q1,q2,q3,q4,q5,dq0,dq1,dq2,dq3,dq4,dq5,q_servo0,q_servo1,q_servo2,q_servo3,q_servo4,q_servo5,dq_des0,dq_des1,dq_des2,dq_des3,dq_des4,dq_des5,tau0,tau1,tau2,tau3,tau4,tau5,tau_lim0,tau_lim1,tau_lim2,tau_lim3,tau_lim4,tau_lim5
0.0,1.0,1.9323342468461163e-05,4.4606202296919294e-05,-0.3499511673194469,0.0001041682056873514,0.2238411090603686,-0.3499511673194469,0.0001041682056873514,0.2238411090603686,-0.34996166858436867,8.815218778604353e-05,0.22384367852914283,-0.32693750063051397,-1.4200108687030237,1.2360029220581055,-1.386080567036764,-1.5710142294513147,2.738044500350952,0.0,0.0,-0.0,0.0,0.0,0.0,-0.3269375019682952,-1.4200108678670391,1.236002920533455,-1.3860805640068623,-1.571014230272755,2.738044500626828,-3.344453018570368e-07,2.0899614121706938e-07,-3.811625769896887e-07,7.574754095781214e-07,-2.0536007877175263e-07,6.89688904663857e-08,-3.059726492030529e-05,-8.035398649964796,-6.268921982714858,-0.9627244874805579,-4.710346671312256e-05,1.8067237899998975e-08,28.0,28.0,14.0,6.0,6.0,6.0
0.004,1.0,1.9323342468461163e-05,4.4606202296919294e-05,-0.3499511673194469,0.0001041682056873514,0.2238411090603686,-0.3499511673194469,0.0001041682056873514,0.2238411090603686,-0.34996166858436867,8.815218778604353e-05,0.22384367852914283,-0.32693750063051397,-1.4200108687030237,1.2360029220581055,-1.386080567036764,-1.5710142294513147,2.738044500350952,0.0,0.0,-0.0,0.0,0.0,0.0,-0.3269375043094123,-1.420010866404066,1.2360029178653171,-1.3860805587045344,-1.5710142317102755,2.73804450110961,-5.852792782498144e-07,3.657432471298714e-07,-6.670345097319551e-07,1.3255819667617122e-06,-3.5938013785056714e-07,1.2069555831617498e-07,-3.059726492030529e-05,-8.035398649964796,-6.268921982714858,-0.9627244874805579,-4.710346671312256e-05,1.8067237899998975e-08,28.0,28.0,14.0,6.0,6.0,6.0
0.008,1.0,4.1057225705666945e-06,6.0938775587042755e-05,-0.3499511673194469,0.0001041682056873514,0.2238411090603686,-0.3499511673194469,0.0001041682056873514,0.2238411090603686,-0.34994989309396424,0.00010585979187812421,0.22384462642350098,-0.3269618193255823,-1.4200227896319788,1.2360029220581055,-1.386045281087057,-1.5710743109332483,2.738008499145508,0.0,0.0,-0.0,0.0,0.0,0.0,-0.3269375078445833,-1.4200108654088845,1.236002916218483,-1.3860805541893508,-1.5710142296247414,2.73804450208125,-8.837927515296783e-07,2.487953945525207e-07,-4.117085733631087e-07,1.1287959015786958e-06,5.213835427824158e-07,2.429098782813171e-07,-3.142838562763131e-05,-8.035250852440027,-6.268903161099021,-0.9627196417723849,-5.914258461314443e-05,2.675305554786299e-08,28.0,28.0,14.0,6.0,6.0,6.0
0.012447703977348283,1.0,4.1057225705666945e-06,6.0938775587042755e-05,-0.3499511673194469,0.0001041682056873514,0.2238411090603686,-0.3499511673194469,0.0001041682056873514,0.2238411090603686,-0.34994989309396424,0.00010585979187812421,0.22384462642350098,-0.3269618193255823,-1.4200227896319788,1.2360029220581055,-1.386045281087057,-1.5710743109332483,2.738008499145508,0.0,0.0,-0.0,0.0,0.0,0.0,-0.3269375122752947,-1.4200108647645466,1.2360029153376264,-1.3860805502645255,-1.5710142248969161,2.738044503419532,-1.107677856489576e-06,1.610845051195076e-07,-2.2021412108647394e-07,9.812063526914336e-07,1.1819563032571531e-06,3.345706182551737e-07,-3.142838562763131e-05,-8.035250852440027,-6.268903161099021,-0.9627196417723849,-5.914258461314443e-05,2.675305554786299e-08,28.0,28.0,14.0,6.0,6.0,6.0
0.016447703977348283,1.0,4.1057225705666945e-06,6.0938775587042755e-05,-0.3499511673194469,0.0001041682056873514,0.2238411090603686,-0.3499511673194469,0.0001041682056873514,0.2238411090603686,-0.34994989309396424,0.00010585979187812421,0.22384462642350098,-0.3269618193255823,-1.4200227896319788,1.2360029220581055,-1.386045281087057,-1.5710743109332483,2.738008499145508,0.0,0.0,-0.0,0.0,0.0,0.0,-0.32693751737766147,-1.4200108643833413,1.2360029150312533,-1.3860805467824686,-1.5710142181873725,2.738044505032797,-1.2755916852094995e-06,9.530133804474782e-08,-7.659328187899787e-08,8.705141910259869e-07,1.677385873613206e-06,4.0331617323556614e-07,-3.142838562763131e-05,-8.035250852440027,-6.268903161099021,-0.9627196417723849,-5.914258461314443e-05,2.675305554786299e-08,28.0,28.0,14.0,6.0,6.0,6.0
0.02150925296638161,1.0,5.6083683771950695e-06,6.1021013797368505e-05,-0.3499511673194469,0.0001041682056873514,0.2238411090603686,-0.3499511673194469,0.0001041682056873514,0.2238411090603686,-0.34995035386927864,0.00010806447744727228,0.22384506015655206,-0.32699758211244756,-1.4200347105609339,1.2360148429870605,-1.386045281087057,-1.571026627217428,2.7380685806274414,0.0,0.0,-0.0,0.0,0.0,0.0,-0.326937520809939,-1.420010863330165,1.2360029142038131,-1.386080543549883,-1.5710142131554152,2.7380445026663445,-8.580693746591382e-07,2.632940914957852e-07,-2.068600046606819e-07,8.081463869133429e-07,1.2579893021178452e-06,-5.916130803230054e-07,2.193553117068325e-06,-8.035112495507573,-6.268902446750954,-0.9627195013287283,-4.876956376724115e-05,-4.447610014724447e-08,28.0,28.0,14.0,6.0,6.0,6.0
0.02550925296638161,1.0,5.6083683771950695e-06,6.1021013797368505e-05,-0.3499511673194469,0.0001041682056873514,0.2238411090603686,-0.3499511673194469,0.0001041682056873514,0.2238411090603686,-0.34995035386927864,0.00010806447744727228,0.22384506015655206,-0.32699758211244756,-1.4200347105609339,1.2360148429870605,-1.386045281087057,-1.571026627217428,2.7380685806274414,0.0,0.0,-0.0,0.0,0.0,0.0,-0.32693752298964956,-1.4200108617730103,1.236002912985573,-1.386080540504401,-1.5710142093816477,2.7380444973151046,-5.449276417463673e-07,3.8928865658406327e-07,-3.045600467469449e-07,7.613705338288599e-07,9.434418734963246e-07,-1.337810020491934e-06,2.193553117068325e-06,-8.035112495507573,-6.268902446750954,-0.9627195013287283,-4.876956376724115e-05,-4.447610014724447e-08,28.0,28.0,14.0,6.0,6.0,6.0
0.03071921696793288,1.0,5.6083683771950695e-06,6.1021013797368505e-05,-0.3499511673194469,0.0001041682056873514,0.2238411090603686,-0.3499511673194469,0.0001041682056873514,0.2238411090603686,-0.34995035386927864,0.00010806447744727228,0.22384506015655206,-0.32699758211244756,-1.4200347105609339,1.2360148429870605,-1.386045281087057,-1.571026627217428,2.7380685806274414,0.0,0.0,-0.0,0.0,0.0,0.0,-0.32693752422993494,-1.420010859837872,1.2360029114742326,-1.3860805375992464,-1.5710142065515225,2.7380444897252736,-3.1007134206178906e-07,4.837845804002718e-07,-3.7783507831164215e-07,7.262886440154977e-07,7.075313020301841e-07,-1.8974577256186304e-06,2.193553117068325e-06,-8.035112495507573,-6.268902446750954,-0.9627195013287283,-4.876956376724115e-05,-4.447610014724447e-08,28.0,28.0,14.0,6.0,6.0,6.0
0.034719216967932884,1.0,1.173772153069514e-05,2.900742113504472e-05,-0.3499511673194469,0.0001041682056873514,0.2238411090603686,-0.3499511673194469,0.0001041682056873514,0.2238411090603686,-0.34995931858634055,9.586659731670126e-05,0.22384266284710472,-0.3269618193255823,-1.4200108687030237,1.2360029220581055,-1.3860686461078089,-1.5710142294513147,2.738032579421997,0.0,0.0,-0.0,0.0,0.0,0.0,-0.32693752569247864,-1.4200108579227388,1.2360029094130407,-1.3860805334061297,-1.5710142052508747,2.7380444842915765,-3.6563592939925696e-07,4.787832714704289e-07,-5.152979890678655e-07,1.0482791948898084e-06,3.251619789782373e-07,-1.3584242941608755e-06,-1.3101218597583896e-05,-8.035408255609275,-6.268920603947347,-0.9627221835023148,-4.674207224847949e-05,8.855478433969322e-09,28.0,28.0,14.0,6.0,6.0,6.0
0.03971308898646385,1.0,1.173772153069514e-05,2.900742113504472e-05,-0.3499511673194469,0.0001041682056873514,0.2238411090603686,-0.3499511673194469,0.0001041682056873514,0.2238411090603686,-0.34995931858634055,9.586659731670126e-05,0.22384266284710472,-0.3269618193255823,-1.4200108687030237,1.2360029220581055,-1.3860686461078089,-1.5710142294513147,2.738032579421997,0.0,0.0,-0.0,0.0,0.0,0.0,-0.3269375273217161,-1.4200108560226097,1.23600290693946,-1.3860805282470412,-1.5710142050973348,2.7380444804749797,-4.073093699023579e-07,4.750322897730468e-07,-6.183951721350331e-07,1.2897721080455415e-06,3.8384986689277175e-08,-9.541492205675594e-07,-1.3101218597583896e-05,-8.035408255609275,-6.268920603947347,-0.9627221835023148,-4.674207224847949e-05,8.855478433969322e-09,28.0,28.0,14.0,6.0,6.0,6.0
0.04371308898646385,1.0,1.914541406072314e-05,7.252630134210802e-05,-0.3499511673194469,0.0001041682056873514,0.2238411090603686,-0.3499511673194469,0.0001041682056873514,0.2238411090603686,-0.34996312220714965,9.815603776060291e-05,0.22385480144425135,-0.32694942155946904,-1.4200227896319788,1.235978603363037,-1.386080567036764,-1.571038548146383,2.7380564212799072,0.0,0.0,-0.0,0.0,0.0,0.0,-0.32693752999194015,-1.4200108524719834,1.2360029028262707,-1.3860805195001433,-1.5710142041905135,2.7380444761959044,-6.675560111859473e-07,8.876565328525084e-07,-1.0282973283000576e-06,2.186724486701393e-06,2.267053422718933e-07,-1.0697688049632285e-06,-4.079962430592162e-05,-8.035195760362058,-6.268880939246251,-0.9627296223019562,-5.19457049585577e-05,3.4180878365780164e-10,28.0,28.0,14.0,6.0,6.0,6.0
0.048327017978066586,1.0,1.914541406072314e-05,7.252630134210802e-05,-0.3499511673194469,0.0001041682056873514,0.2238411090603686,-0.3499511673194469,0.0001041682056873514,0.2238411090603686,-0.34996312220714965,9.815603776060291e-05,0.22385480144425135,-0.32694942155946904,-1.4200227896319788,1.235978603363037,-1.386080567036764,-1.571038548146383,2.7380564212799072,0.0,0.0,-0.0,0.0,0.0,0.0,-0.3269375334429041,-1.4200108476834845,1.236002897483375,-1.3860805080623881,-1.571014202718731,2.7380444715699706,-8.627409921486393e-07,1.1971247151621047e-06,-1.335723945423826e-06,2.859438770693282e-06,3.679456089588554e-07,-1.1564834932599805e-06,-4.079962430592162e-05,-8.035195760362058,-6.268880939246251,-0.9627296223019562,-5.19457049585577e-05,3.4180878365780164e-10,28.0,28.0,14.0,6.0,6.0,6.0
0.05232701797806659,1.0,1.914541406072314e-05,7.252630134210802e-05,-0.3499511673194469,0.0001041682056873514,0.2238411090603686,-0.3499511673194469,0.0001041682056873514,0.2238411090603686,-0.34996312220714965,9.815603776060291e-05,0.22385480144425135,-0.32694942155946904,-1.4200227896319788,1.235978603363037,-1.386080567036764,-1.571038548146383,2.7380564212799072,0.0,0.0,-0.0,0.0,0.0,0.0,-0.326937537479423,-1.4200108419665811,1.2360028912181993,-1.3860804946064902,-1.5710142008232277,2.7380444666838923,-1.0091297278706583e-06,1.429225851894302e-06,-1.5662939082666522e-06,3.3639744836871984e-06,4.73875808974077e-07,-1.2215195094825443e-06,-4.079962430592162e-05,-8.035195760362058,-6.268880939246251,-0.9627296223019562,-5.19457049585577e-05,3.4180878365780164e-10,28.0,28.0,14.0,6.0,6.0,6.0
0.05738144296058455,1.0,1.914541406072314e-05,7.252630134210802e-05,-0.3499511673194469,0.0001041682056873514,0.2238411090603686,-0.3499511673194469,0.0001041682056873514,0.2238411090603686,-0.34996312220714965,9.815603776060291e-05,0.22385480144425135,-0.32694942155946904,-1.4200227896319788,1.235978603363037,-1.386080567036764,-1.571038548146383,2.7380564212799072,0.0,0.0,-0.0,0.0,0.0,0.0,-0.3269375419551081,-1.4200108355533743,1.2360028842613138,-1.3860804796369852,-1.571014198609934,2.738044461602706,-1.1189212796621727e-06,1.6033017044434497e-06,-1.739221380398772e-06,3.742376268432636e-06,5.533234589854931e-07,-1.2702965216494673e-06,-4.079962430592162e-05,-8.035195760362058,-6.268880939246251,-0.9627296223019562,-5.19457049585577e-05,3.4180878365780164e-10,28.0,28.0,14.0,6.0,6.0,6.0
0.06138144296058455,1.0,1.3765378151699181e-05,5.0588237422732066e-05,-0.3499511673194469,0.0001041682056873514,0.2238411090603686,-0.3499511673194469,0.0001041682056873514,0.2238411090603686,-0.3499615855392899,0.00010197408456663173,0.223849834435058,-0.3269618193255823,-1.4200108687030237,1.235978603363037,-1.3860686461078089,-1.571038548146383,2.7380564212799072,0.0,0.0,-0.0,0.0,0.0,0.0,-0.32693754634921246,-1.4200108297574416,1.2360028779803833,-1.3860804651690533,-1.5710141961586022,2.738044455963479,-1.0985260934911326e-06,1.4489831465736678e-06,-1.5702326133025187e-06,3.6169830102110207e-06,6.128329721130829e-07,-1.409806789354616e-06,-2.545316383812064e-05,-8.035368358345856,-6.268893680807611,-0.9627256435318395,-5.1761373067772964e-05,-8.867752563621539e-09,28.0,28.0,14.0,6.0,6.0,6.0
0.06614853595313618,1.0,1.3765378151699181e-05,5.0588237422732066e-05,-0.3499511673194469,0.0001041682056873514,0.2238411090603686,-0.3499511673194469,0.0001041682056873514,0.2238411090603686,-0.3499615855392899,0.00010197408456663173,0.223849834435058,-0.3269618193255823,-1.4200108687030237,1.235978603363037,-1.3860686461078089,-1.571038548146383,2.7380564212799072,0.0,0.0,-0.0,0.0,0.0,0.0,-0.32693755068213126,-1.4200108244244647,1.2360028722064191,-1.386080451077301,-1.5710141935287418,2.738044449905721,-1.0832297038628525e-06,1.3332442281713314e-06,-1.4434910379803288e-06,3.5229380665448095e-06,6.574651069587752e-07,-1.5144394901334775e-06,-2.545316383812064e-05,-8.035368358345856,-6.268893680807611,-0.9627256435318395,-5.1761373067772964e-05,-8.867752563621539e-09,28.0,28.0,14.0,6.0,6.0,6.0
0.07014853595313618,1.0,1.1346906127114771e-05,2.9579972268017116e-05,-0.3499511673194469,0.0001041682056873514,0.2238411090603686,-0.3499511673194469,0.0001041682056873514,0.2238411090603686,-0.3499528096591497,9.365920039182223e-05,0.22383715737634066,-0.3269618193255823,-1.4200108687030237,1.2360148429870605,-1.386045281087057,-1.5710142294513147,2.7380685806274414,0.0,0.0,-0.0,0.0,0.0,0.0,-0.32693755446379186,-1.4200108210698787,1.2360028683304463,-1.3860804411084113,-1.5710141923783345,2.7380444432325843,-9.454151508193815e-07,8.3864647007626e-07,-9.689932389975748e-07,2.492222428115255e-06,2.876018173211418e-07,-1.6682842108154095e-06,-5.920621913472479e-06,-8.035435362380317,-6.268930469753563,-0.9627162090877064,-4.6741969997240237e-05,-1.7893957510363358e-08,28.0,28.0,14.0,6.0,6.0,6.0
0.07510797493881548,1.0,1.1346906127114771e-05,2.9579972268017116e-05,-0.3499511673194469,0.0001041682056873514,0.2238411090603686,-0.3499511673194469,0.0001041682056873514,0.2238411090603686,-0.3499528096591497,9.365920039182223e-05,0.22383715737634066,-0.3269618193255823,-1.4200108687030237,1.2360148429870605,-1.386045281087057,-1.5710142294513147,2.7380685806274414,0.0,0.0,-0.0,0.0,0.0,0.0,-0.3269375578320088,-1.4200108191990861,1.2360028658779667,-1.3860804342316686,-1.5710141923375172,2.7380444360979133,-8.420542360367783e-07,4.6769815150495647e-07,-6.131198897605093e-07,1.7191856992930894e-06,1.0204350092916737e-08,-1.7836677513268583e-06,-5.920621913472479e-06,-8.035435362380317,-6.268930469753563,-0.9627162090877064,-4.6741969997240237e-05,-1.7893957510363358e-08,28.0,28.0,14.0,6.0,6.0,6.0
0.07910797493881548,1.0,1.1346906127114771e-05,2.9579972268017116e-05,-0.3499511673194469,0.0001041682056873514,0.2238411090603686,-0.3499511673194469,0.0001041682056873514,0.2238411090603686,-0.3499528096591497,9.365920039182223e-05,0.22383715737634066,-0.3269618193255823,-1.4200108687030237,1.2360148429870605,-1.386045281087057,-1.5710142294513147,2.7380685806274414,0.0,0.0,-0.0,0.0,0.0,0.0,-0.326937560890143,-1.4200108184411384,1.2360028644931071,-1.3860804296740359,-1.5710141931288921,2.7380444286170915,-7.645335499498259e-07,1.8948691257647877e-07,-3.4621487783271024e-07,1.139408152676465e-06,-1.9784375032825206e-07,-1.8702054067104449e-06,-5.920621913472479e-06,-8.035435362380317,-6.268930469753563,-0.9627162090877064,-4.6741969997240237e-05,-1.7893957510363358e-08,28.0,28.0,14.0,6.0,6.0,6.0
0.08415052692638712,1.0,1.1346906127114771e-05,2.9579972268017116e-05,-0.3499511673194469,0.0001041682056873514,0.2238411090603686,-0.3499511673194469,0.0001041682056873514,0.2238411090603686,-0.3499528096591497,9.365920039182223e-05,0.22383715737634066,-0.3269618193255823,-1.4200108687030237,1.2360148429870605,-1.386045281087057,-1.5710142294513147,2.7380685806274414,0.0,0.0,-0.0,0.0,0.0,0.0,-0.32693756371571514,-1.4200108185178244,1.2360028639089626,-1.3860804268557358,-1.5710141945444114,2.738044420876657,-7.063930353846116e-07,-1.917151661987949e-08,-1.4603611888686092e-07,7.045749927139968e-07,-3.5387982564412863e-07,-1.935108648248135e-06,-5.920621913472479e-06,-8.035435362380317,-6.268930469753563,-0.9627162090877064,-4.6741969997240237e-05,-1.7893957510363358e-08,28.0,28.0,14.0,6.0,6.0,6.0
0.08815052692638713,1.0,1.9455618616910243e-05,5.4736997481498176e-05,-0.3499511673194469,0.0001041682056873514,0.2238411090603686,-0.3499511673194469,0.0001041682056873514,0.2238411090603686,-0.34996251325529143,8.843862130600237e-05,0.22383956925168927,-0.32693750063051397,-1.4199984709369105,1.2360029220581055,-1.386080567036764,-1.5710142294513147,2.738020658493042,0.0,0.0,-0.0,0.0,0.0,0.0,-0.3269375671723767,-1.4200108185360996,1.2360028625661488,-1.3860804223576166,-1.571014196427534,2.738044416929542,-8.641653853692477e-07,-4.568764843694577e-09,-3.3570344666603474e-07,1.1245297872847008e-06,-4.70780622408803e-07,-9.867787973261162e-07,-2.5128431857389395e-05,-8.035571150728803,-6.268936839221295,-0.9627226830201752,-4.710338477695444e-05,3.578805253862707e-08,28.0,28.0,14.0,6.0,6.0,6.0
0.09278226591972637,1.0,1.9455618616910243e-05,5.4736997481498176e-05,-0.3499511673194469,0.0001041682056873514,0.2238411090603686,-0.3499511673194469,0.0001041682056873514,0.2238411090603686,-0.34996251325529143,8.843862130600237e-05,0.22383956925168927,-0.32693750063051397,-1.4199984709369105,1.2360029220581055,-1.386080567036764,-1.5710142294513147,2.738020658493042,0.0,0.0,-0.0,0.0,0.0,0.0,-0.3269375711023553,-1.4200108185105664,1.236002860654333,-1.3860804165996332,-1.5710141986613588,2.7380444158274164,-9.82494647857725e-07,6.383298988444106e-09,-4.779539425004151e-07,1.4394958832127289e-06,-5.584562199823087e-07,-2.755314091346024e-07,-2.5128431857389395e-05,-8.035571150728803,-6.268936839221295,-0.9627226830201752,-4.710338477695444e-05,3.578805253862707e-08,28.0,28.0,14.0,6.0,6.0,6.0
0.09678226591972637,1.0,1.3284035639004934e-05,2.0389134222334054e-05,-0.3499511673194469,0.0001041682056873514,0.2238411090603686,-0.3499511673194469,0.0001041682056873514,0.2238411090603686,-0.34996060369140203,9.630241982456106e-05,0.2238360543694835,-0.3269618193255823,-1.4199984709369105,1.2360148429870605,-1.386080567036764,-1.5710142294513147,2.738032579421997,0.0,0.0,-0.0,0.0,0.0,0.0,-0.3269375745818641,-1.420010818824315,1.2360028585180904,-1.3860804105178193,-1.5710142011586945,2.7380444152598082,-8.69877217828465e-07,-7.843714057337442e-08,-5.340606146664581e-07,1.5204534986703075e-06,-6.243339405929333e-07,-1.4190207200316236e-07,-7.387355442720842e-06,-8.035596800401956,-6.268950419458018,-0.9627208653407101,-4.6742005868253875e-05,8.857543168912768e-09,28.0,28.0,14.0,6.0,6.0,6.0
0.10176307692495178,1.0,1.3284035639004934e-05,2.0389134222334054e-05,-0.3499511673194469,0.0001041682056873514,0.2238411090603686,-0.3499511673194469,0.0001041682056873514,0.2238411090603686,-0.34996060369140203,9.630241982456106e-05,0.2238360543694835,-0.3269618193255823,-1.4199984709369105,1.2360148429870605,-1.386080567036764,-1.5710142294513147,2.738032579421997,0.0,0.0,-0.0,0.0,0.0,0.0,-0.3269375777235207,-1.420010819392525,1.236002856213528,-1.3860804041931325,-1.5710142038536634,2.738044415093088,-7.8541414530652e-07,-1.4205247024473833e-07,-5.761406187909902e-07,1.5811717102634917e-06,-6.737422310509018e-07,-4.168006915458236e-08,-7.387355442720842e-06,-8.035596800401956,-6.268950419458018,-0.9627208653407101,-4.6742005868253875e-05,8.857543168912768e-09,28.0,28.0,14.0,6.0,6.0,6.0
0.10576307692495178,1.0,1.3284035639004934e-05,2.0389134222334054e-05,-0.3499511673194469,0.0001041682056873514,0.2238411090603686,-0.3499511673194469,0.0001041682056873514,0.2238411090603686,-0.34996060369140203,9.630241982456106e-05,0.2238360543694835,-0.3269618193255823,-1.4199984709369105,1.2360148429870605,-1.386080567036764,-1.5710142294513147,2.738032579421997,0.0,0.0,-0.0,0.0,0.0,0.0,-0.32693758061178807,-1.4200108201515809,1.2360028537827255,-1.386080397686291,-1.5710142066968573,2.7380444152270336,-7.220668409150614e-07,-1.8976396749826127e-07,-6.077006218843894e-07,1.6267103689583798e-06,-7.107984488943782e-07,3.3486432981852645e-08,-7.387355442720842e-06,-8.035596800401956,-6.268950419458018,-0.9627208653407101,-4.6742005868253875e-05,8.857543168912768e-09,28.0,28.0,14.0,6.0,6.0,6.0
0.10998162793507803,1.0,1.3284035639004934e-05,2.0389134222334054e-05,-0.3499511673194469,0.0001041682056873514,0.2238411090603686,-0.3499511673194469,0.0001041682056873514,0.2238411090603686,-0.34996060369140203,9.630241982456106e-05,0.2238360543694835,-0.3269618193255823,-1.4199984709369105,1.2360148429870605,-1.386080567036764,-1.5710142294513147,2.738032579421997,0.0,0.0,-0.0,0.0,0.0,0.0,-0.32693758331001355,-1.4200108210537712,1.236002851257243,-1.3860803910428334,-1.5710142096512199,2.738044415586479,-6.745563626214674e-07,-2.2554759043840347e-07,-6.313706242044388e-07,1.6608643629795457e-06,-7.385906122769854e-07,8.98613095841789e-08,-7.387355442720842e-06,-8.035596800401956,-6.268950419458018,-0.9627208653407101,-4.6742005868253875e-05,8.857543168912768e-09,28.0,28.0,14.0,6.0,6.0,6.0
0.11398162793507803,1.0,1.6752586747006418e-05,2.89190194893662e-05,-0.3499511673194469,0.0001041682056873514,0.2238411090603686,-0.3499511673194469,0.0001041682056873514,0.2238411090603686,-0.34994928081709437,8.92900565979627e-05,0.2238336437438138,-0.32693750063051397,-1.4200108687030237,1.2360267639160156,-1.386045281087057,-1.571038548146383,2.7380800247192383,0.0,0.0,-0.0,0.0,0.0,0.0,-0.32693758717557975,-1.420010822994532,1.2360028503106293,-1.3860803873251566,-1.5710142110753178,2.738044413270601,-9.663915459835616e-07,-4.85190244504742e-07,-2.366534020952533e-07,9.294191922210849e-07,-3.560245091296173e-07,-5.789693921106304e-07,-2.564165846951186e-05,-8.035449736381238,-6.268943452819042,-0.9627146344310161,-5.2122567794893005e-05,-8.32363744995239e-09,28.0,28.0,14.0,6.0,6.0,6.0
0.1184898859241512,1.0,1.6752586747006418e-05,2.89190194893662e-05,-0.3499511673194469,0.0001041682056873514,0.2238411090603686,-0.3499511673194469,0.0001041682056873514,0.2238411090603686,-0.34994928081709437,8.92900565979627e-05,0.2238336437438138,-0.32693750063051397,-1.4200108687030237,1.2360267639160156,-1.386045281087057,-1.571038548146383,2.7380800247192383,0.0,0.0,-0.0,0.0,0.0,0.0,-0.3269375919166515,-1.420010825714221,1.2360028505481673,-1.3860803858018154,-1.5710142113517176,2.7380444089482316,-1.1852679335051323e-06,-6.799222350544959e-07,5.938451448663579e-08,3.8083531415223936e-07,-6.909993176909122e-08,-1.0805924183817373e-06,-2.564165846951186e-05,-8.035449736381238,-6.268943452819042,-0.9627146344310161,-5.2122567794893005e-05,-8.32363744995239e-09,28.0,28.0,14.0,6.0,6.0,6.0
0.1224898859241512,1.0,9.128376658953178e-06,2.623283301135317e-05,-0.3499511673194469,0.0001041682056873514,0.2238411090603686,-0.3499511673194469,0.0001041682056873514,0.2238411090603686,-0.3499503324113368,9.554076559852629e-05,0.22384397218215943,-0.3269618193255823,-1.420046631489889,1.2360386848449707,-1.3860686461078089,-1.571026627217428,2.738032579421997,0.0,0.0,-0.0,0.0,0.0,0.0,-0.32693759626251234,-1.4200108262390236,1.2360028487722154,-1.3860803826704249,-1.5710142115585033,2.7380444057074125,-1.0864652121871298e-06,-1.312006772676743e-07,-4.4398797414918426e-07,7.82847607396363e-07,-5.169642365247852e-08,-8.102047667707677e-07,-2.4861445578502356e-05,-8.034970238147132,-6.26891751050494,-0.9627223008834895,-4.930106971686939e-05,8.855370767458377e-09,28.0,28.0,14.0,6.0,6.0,6.0
0.12756093291915027,1.0,9.128376658953178e-06,2.623283301135317e-05,-0.3499511673194469,0.0001041682056873514,0.2238411090603686,-0.3499511673194469,0.0001041682056873514,0.2238411090603686,-0.3499503324113368,9.554076559852629e-05,0.22384397218215943,-0.3269618193255823,-1.420046631489889,1.2360386848449707,-1.3860686461078089,-1.571026627217428,2.738032579421997,0.0,0.0,-0.0,0.0,0.0,0.0,-0.326937600311965,-1.4200108251176617,1.236002845486146,-1.3860803783329976,-1.5710142117130785,2.7380444032777564,-1.0123631711986281e-06,2.8034049107244187e-07,-8.215173406260494e-07,1.0843568273294557e-06,-3.8643792565019e-08,-6.074140280625405e-07,-2.4861445578502356e-05,-8.034970238147132,-6.26891751050494,-0.9627223008834895,-4.930106971686939e-05,8.855370767458377e-09,28.0,28.0,14.0,6.0,6.0,6.0
0.13156093291915028,1.0,9.128376658953178e-06,2.623283301135317e-05,-0.3499511673194469,0.0001041682056873514,0.2238411090603686,-0.3499511673194469,0.0001041682056873514,0.2238411090603686,-0.3499503324113368,9.554076559852629e-05,0.22384397218215943,-0.3269618193255823,-1.420046631489889,1.2360386848449707,-1.3860686461078089,-1.571026627217428,2.738032579421997,0.0,0.0,-0.0,0.0,0.0,0.0,-0.32693760413911155,-1.4200108227616763,1.2360028410674886,-1.3860803730910427,-1.5710142118284958,2.7380444014564724,-9.567866404572518e-07,5.889963673275291e-07,-1.1046643654836982e-06,1.3104887422792753e-06,-2.8854319249424357e-08,-4.5532097403137015e-07,-2.4861445578502356e-05,-8.034970238147132,-6.26891751050494,-0.9627223008834895,-4.930106971686939e-05,8.855370767458377e-09,28.0,28.0,14.0,6.0,6.0,6.0
0.13620454493653966,1.0,9.128376658953178e-06,2.623283301135317e-05,-0.3499511673194469,0.0001041682056873514,0.2238411090603686,-0.3499511673194469,0.0001041682056873514,0.2238411090603686,-0.3499503324113368,9.554076559852629e-05,0.22384397218215943,-0.3269618193255823,-1.420046631489889,1.2360386848449707,-1.3860686461078089,-1.571026627217428,2.738032579421997,0.0,0.0,-0.0,0.0,0.0,0.0,-0.3269376077995285,-1.4200108194797232,1.23600283579939,-1.386080367170692,-1.5710142119145447,2.738044400091468,-9.151042424012196e-07,8.204882745188444e-07,-1.3170246341269347e-06,1.48008767849164e-06,-2.1512214262728378e-08,-3.412511835079923e-07,-2.4861445578502356e-05,-8.034970238147132,-6.26891751050494,-0.9627223008834895,-4.930106971686939e-05,8.855370767458377e-09,28.0,28.0,14.0,6.0,6.0,6.0
0.14020454493653967,1.0,1.4342346964069491e-05,6.263772545012749e-05,-0.3499511673194469,0.0001041682056873514,0.2238411090603686,-0.3499511673194469,0.0001041682056873514,0.2238411090603686,-0.34995228329778527,9.030821773626216e-05,0.22384462448961434,-0.32693750063051397,-1.4200227896319788,1.2360029220581055,-1.386045281087057,-1.571038548146383,2.738008499145508,0.0,0.0,-0.0,0.0,0.0,0.0,-0.32693761238729196,-1.4200108167670675,1.2360028317884468,-1.3860803621308808,-1.571014211187322,2.738044401227807,-1.1469408556700448e-06,6.781639205236123e-07,-1.0027357610113943e-06,1.2599528199473194e-06,1.818056833225075e-07,2.840847706302901e-07,-3.610496328371749e-05,-8.035244305596876,-6.268902690108529,-0.9627197627013174,-5.2122682984353447e-05,4.48263336215938e-08,28.0,28.0,14.0,6.0,6.0,6.0
0.14529577692225581,1.0,1.4342346964069491e-05,6.263772545012749e-05,-0.3499511673194469,0.0001041682056873514,0.2238411090603686,-0.3499511673194469,0.0001041682056873514,0.2238411090603686,-0.34995228329778527,9.030821773626216e-05,0.22384462448961434,-0.32693750063051397,-1.4200227896319788,1.2360029220581055,-1.386045281087057,-1.571038548146383,2.738008499145508,0.0,0.0,-0.0,0.0,0.0,0.0,-0.32693761767056523,-1.420010814481385,1.2360028287203704,-1.3860803577514742,-1.5710142098501456,2.7380444042401537,-1.320818315621664e-06,5.714206550271882e-07,-7.670191061747389e-07,1.094851676039079e-06,3.342941065114344e-07,7.53086736234002e-07,-3.610496328371749e-05,-8.035244305596876,-6.268902690108529,-0.9627197627013174,-5.2122682984353447e-05,4.48263336215938e-08,28.0,28.0,14.0,6.0,6.0,6.0
0.14929577692225582,1.0,2.087590549450927e-05,4.816289506418211e-05,-0.3499511673194469,0.0001041682056873514,0.2238411090603686,-0.3499511673194469,0.0001041682056873514,0.2238411090603686,-0.34995467946598235,8.433165824356251e-05,0.22383563369349144,-0.3269255797015589,-1.4200108687030237,1.2360267639160156,-1.3860686461078089,-1.571026627217428,2.738032579421997,0.0,0.0,-0.0,0.0,0.0,0.0,-0.3269376236225178,-1.4200108131795284,1.2360028260527323,-1.3860803537193014,-1.5710142088460823,2.738044407705619,-1.487988149576135e-06,3.2546417287964276e-07,-6.669095442458562e-07,1.0080432152124423e-06,2.510158198909378e-07,8.663662848260881e-07,-3.4201360720769884e-05,-8.03543930905329,-6.268946615772705,-0.9627189723619622,-4.983935626926156e-05,3.5791943078218e-08,28.0,28.0,14.0,6.0,6.0,6.0
0.15430864594224847,1.0,2.087590549450927e-05,4.816289506418211e-05,-0.3499511673194469,0.0001041682056873514,0.2238411090603686,-0.3499511673194469,0.0001041682056873514,0.2238411090603686,-0.34995467946598235,8.433165824356251e-05,0.22383563369349144,-0.3269255797015589,-1.4200108687030237,1.2360267639160156,-1.3860686461078089,-1.571026627217428,2.738032579421997,0.0,0.0,-0.0,0.0,0.0,0.0,-0.3269376300759799,-1.420010812615541,1.2360028236854228,-1.3860803499475538,-1.5710142080918539,2.7380444115109226,-1.6133655250419881e-06,1.4099681126898368e-07,-5.918273727991942e-07,9.429368695924646e-07,1.8855710492556533e-07,9.513259462701527e-07,-3.4201360720769884e-05,-8.03543930905329,-6.268946615772705,-0.9627189723619622,-4.983935626926156e-05,3.5791943078218e-08,28.0,28.0,14.0,6.0,6.0,6.0
0.15830864594224847,1.0,2.087590549450927e-05,4.816289506418211e-05,-0.3499511673194469,0.0001041682056873514,0.2238411090603686,-0.3499511673194469,0.0001041682056873514,0.2238411090603686,-0.34995467946598235,8.433165824356251e-05,0.22383563369349144,-0.3269255797015589,-1.4200108687030237,1.2360267639160156,-1.3860686461078089,-1.571026627217428,2.738032579421997,0.0,0.0,-0.0,0.0,0.0,0.0,-0.32693763690557415,-1.420010812604956,1.2360028215433598,-1.3860803463711253,-1.5710142075250015,2.7380444155711054,-1.707398556641378e-06,2.6462900609893657e-09,-5.355157442141977e-07,8.941071103774814e-07,1.4171306870153598e-07,1.015045692353201e-06,-3.4201360720769884e-05,-8.03543930905329,-6.268946615772705,-0.9627189723619622,-4.983935626926156e-05,3.5791943078218e-08,28.0,28.0,14.0,6.0,6.0,6.0
0.16291663792706101,1.0,2.6821681253752168e-05,7.124370927864307e-05,-0.3499511673194469,0.0001041682056873514,0.2238411090603686,-0.3499511673194469,0.0001041682056873514,0.2238411090603686,-0.3499448632759178,7.828140336396231e-05,0.22383802116692317,-0.3269255797015589,-1.4200227896319788,1.2360148429870605,-1.3860090414630335,-1.5710142294513147,2.738020658493042,0.0,0.0,-0.0,0.0,0.0,0.0,-0.3269376437598647,-1.4200108136188032,1.236002821625121,-1.3860803467593974,-1.5710142079211105,2.7380444208708807,-1.7135726452696785e-06,-2.5346179197428533e-07,2.04403350789361e-08,-9.706801851611752e-08,-9.902723768286353e-08,1.3249438163555924e-06,-2.6717149065195448e-05,-8.035272112908968,-6.268910443198591,-0.9627114894700776,-4.7280424053343785e-05,4.4657271522961455e-08,28.0,28.0,14.0,6.0,6.0,6.0
0.16691663792706102,1.0,2.6821681253752168e-05,7.124370927864307e-05,-0.3499511673194469,0.0001041682056873514,0.2238411090603686,-0.3499511673194469,0.0001041682056873514,0.2238411090603686,-0.3499448632759178,7.828140336396231e-05,0.22383802116692317,-0.3269255797015589,-1.4200227896319788,1.2360148429870605,-1.3860090414630335,-1.5710142294513147,2.738020658493042,0.0,0.0,-0.0,0.0,0.0,0.0,-0.3269376506326776,-1.4200108154009747,1.2360028233747506,-1.386080350121195,-1.5710142090394403,2.7380444271003506,-1.718203211740904e-06,-4.4554285350074135e-07,4.374073945487865e-07,-8.404493651863166e-07,-2.7958246747116316e-07,1.5573674093573858e-06,-2.6717149065195448e-05,-8.035272112908968,-6.268910443198591,-0.9627114894700776,-4.7280424053343785e-05,4.4657271522961455e-08,28.0,28.0,14.0,6.0,6.0,6.0
0.17184045693837113,1.0,2.6821681253752168e-05,7.124370927864307e-05,-0.3499511673194469,0.0001041682056873514,0.2238411090603686,-0.3499511673194469,0.0001041682056873514,0.2238411090603686,-0.3499448632759178,7.828140336396231e-05,0.22383802116692317,-0.3269255797015589,-1.4200227896319788,1.2360148429870605,-1.3860090414630335,-1.5710142294513147,2.738020658493042,0.0,0.0,-0.0,0.0,0.0,0.0,-0.32693765751938214,-1.4200108177593893,1.2360028263752814,-1.3860803557131365,-1.5710142106994358,2.738044434027091,-1.721676136594323e-06,-5.896036496455834e-07,7.501326891511743e-07,-1.3979853751889658e-06,-4.1499888981238786e-07,1.731685104108731e-06,-2.6717149065195448e-05,-8.035272112908968,-6.268910443198591,-0.9627114894700776,-4.7280424053343785e-05,4.4657271522961455e-08,28.0,28.0,14.0,6.0,6.0,6.0
0.17584045693837114,1.0,8.459035554437207e-06,2.6658473065956045e-05,-0.3499511673194469,0.0001041682056873514,0.2238411090603686,-0.3499511673194469,0.0001041682056873514,0.2238411090603686,-0.34995812411778665,0.00010652767577818008,0.22384530323969978,-0.3269856611834925,-1.4200108687030237,1.2359905242919922,-1.3860567251788538,-1.571026627217428,2.738032579421997,0.0,0.0,-0.0,0.0,0.0,0.0,-0.326937662684532,-1.4200108191704566,1.236002828225944,-1.3860803582832104,-1.5710142119444157,2.738044438431009,-1.291287464461843e-06,-3.5276680303947073e-07,4.626657081594269e-07,-6.42518456236711e-07,-3.112449499926655e-07,1.1009795517724798e-06,-2.199565776818097e-06,-8.03539740733427,-6.268905493448628,-0.9627216458949562,-4.894662708533046e-05,-8.86345563402344e-09,28.0,28.0,14.0,6.0,6.0,6.0
0.18045082391216427,1.0,8.459035554437207e-06,2.6658473065956045e-05,-0.3499511673194469,0.0001041682056873514,0.2238411090603686,-0.3499511673194469,0.0001041682056873514,0.2238411090603686,-0.34995812411778665,0.00010652767577818008,0.22384530323969978,-0.3269856611834925,-1.4200108687030237,1.2359905242919922,-1.3860567251788538,-1.571026627217428,2.738032579421997,0.0,0.0,-0.0,0.0,0.0,0.0,-0.32693766655851586,-1.4200108198710133,1.236002829214206,-1.3860803585868835,-1.5710142128781337,2.7380444409428106,-9.684959603624834e-07,-1.7513916808488627e-07,2.4706547241561634e-07,-7.591826702251993e-08,-2.3342949512787377e-07,6.279503875202916e-07,-2.199565776818097e-06,-8.03539740733427,-6.268905493448628,-0.9627216458949562,-4.894662708533046e-05,-8.86345563402344e-09,28.0,28.0,14.0,6.0,6.0,6.0
0.18445082391216427,1.0,8.459035554437207e-06,2.6658473065956045e-05,-0.3499511673194469,0.0001041682056873514,0.2238411090603686,-0.3499511673194469,0.0001041682056873514,0.2238411090603686,-0.34995812411778665,0.00010652767577818008,0.22384530323969978,-0.3269856611834925,-1.4200108687030237,1.2359905242919922,-1.3860567251788538,-1.571026627217428,2.738032579421997,0.0,0.0,-0.0,0.0,0.0,0.0,-0.32693766946412517,-1.4200108200386872,1.236002829555667,-1.386080357190756,-1.5710142135784053,2.7380444420355246,-7.264023322879634e-07,-4.1918441868947917e-08,8.53652956077584e-08,3.4903187488812343e-07,-1.7506790397927997e-07,2.7317851433115036e-07,-2.199565776818097e-06,-8.03539740733427,-6.268905493448628,-0.9627216458949562,-4.894662708533046e-05,-8.86345563402344e-09,28.0,28.0,14.0,6.0,6.0,6.0
0.18950762292323642,1.0,2.111952818539767e-05,3.591211999649412e-05,-0.3499511673194469,0.0001041682056873514,0.2238411090603686,-0.3499511673194469,0.0001041682056873514,0.2238411090603686,-0.34995739725173,8.408676867262049e-05,0.2238430986085449,-0.32693750063051397,-1.4200227896319788,1.2360148429870605,-1.3860686461078089,-1.5710023085223597,2.7380564212799072,0.0,0.0,-0.0,0.0,0.0,0.0,-0.32693767273374597,-1.4200108191930405,1.2360028283577826,-1.3860803541108242,-1.5710142157158473,2.738044442587283,-8.174051967762155e-07,2.1141165668098e-07,-2.994710980775297e-07,7.699829841679469e-07,-5.343604953417802e-07,1.3793962465189404e-07,-2.7460563000731296e-05,-8.03525607737123,-6.268919173309488,-0.9627223439555479,-4.4643061960400135e-05,9.209951697086004e-09,28.0,28.0,14.0,6.0,6.0,6.0
0.19350762292323642,1.0,2.111952818539767e-05,3.591211999649412e-05,-0.3499511673194469,0.0001041682056873514,0.2238411090603686,-0.3499511673194469,0.0001041682056873514,0.2238411090603686,-0.34995739725173,8.408676867262049e-05,0.2238430986085449,-0.32693750063051397,-1.4200227896319788,1.2360148429870605,-1.3860686461078089,-1.5710023085223597,2.7380564212799072,0.0,0.0,-0.0,0.0,0.0,0.0,-0.3269376762763753,-1.4200108175874036,1.236002826005389,-1.386080349768039,-1.571014218931167,2.738044442733325,-8.856573451424046e-07,4.01409230593426e-07,-5.880983933414959e-07,1.0856963161278143e-06,-8.038299388636553e-07,3.6510457392451796e-08,-2.7460563000731296e-05,-8.03525607737123,-6.268919173309488,-0.9627223439555479,-4.4643061960400135e-05,9.209951697086004e-09,28.0,28.0,14.0,6.0,6.0,6.0
0.1986558469319717,1.0,2.111952818539767e-05,3.591211999649412e-05,-0.3499511673194469,0.0001041682056873514,0.2238411090603686,-0.3499511673194469,0.0001041682056873514,0.2238411090603686,-0.34995739725173,8.408676867262049e-05,0.2238430986085449,-0.32693750063051397,-1.4200227896319788,1.2360148429870605,-1.3860686461078089,-1.5710023085223597,2.7380564212799072,0.0,0.0,-0.0,0.0,0.0,0.0,-0.32693768002376117,-1.4200108154117739,1.2360028227871136,-1.3860803444781138,-1.5710142229548951,2.738044442575079,-9.368464564170463e-07,5.439074110277604e-07,-8.045688647894705e-07,1.322481315097715e-06,-1.0059320215050618e-06,-3.956141805212989e-08,-2.7460563000731296e-05,-8.03525607737123,-6.268919173309488,-0.9627223439555479,-4.4643061960400135e-05,9.209951697086004e-09,28.0,28.0,14.0,6.0,6.0,6.0
0.2026558469319717,1.0,4.4817966363597875e-06,1.6865007583000676e-05,-0.3499511673194469,0.0001041682056873514,0.2238411090603686,-0.3499511673194469,0.0001041682056873514,0.2238411090603686,-0.3499476530952353,0.00010142122519486676,0.22384154589838662,-0.3269737402545374,-1.4200347105609339,1.2360267639160156,-1.386045281087057,-1.571038548146383,2.738020658493042,0.0,0.0,-0.0,0.0,0.0,0.0,-0.32693768347663005,-1.4200108135083098,1.2360028201238091,-1.3860803405330329,-1.5710142251816495,2.738044442605081,-8.632172234551476e-07,4.7586601341463674e-07,-6.658261038516867e-07,9.86270225114995e-07,-5.566885973169664e-07,7.500437221556963e-09,-1.3638023467077755e-05,-8.035126750218968,-6.268915393821466,-0.9627179244101126,-5.158422663840371e-05,8.859372304362396e-09,28.0,28.0,14.0,6.0,6.0,6.0
0.20722228295425893,1.0,4.4817966363597875e-06,1.6865007583000676e-05,-0.3499511673194469,0.0001041682056873514,0.2238411090603686,-0.3499511673194469,0.0001041682056873514,0.2238411090603686,-0.3499476530952353,0.00010142122519486676,0.22384154589838662,-0.3269737402545374,-1.4200347105609339,1.2360267639160156,-1.386045281087057,-1.571038548146383,2.738020658493042,0.0,0.0,-0.0,0.0,0.0,0.0,-0.32693768670861123,-1.42001081180897,1.236002817876733,-1.3860803375965853,-1.5710142260606736,2.7380444427762685,-8.079952987337236e-07,4.2483496520479397e-07,-5.617690331483489e-07,7.341119076279551e-07,-2.1975602917589486e-07,4.27968286768221e-08,-1.3638023467077755e-05,-8.035126750218968,-6.268915393821466,-0.9627179244101126,-5.158422663840371e-05,8.859372304362396e-09,28.0,28.0,14.0,6.0,6.0,6.0
0.21122228295425893,1.0,4.4817966363597875e-06,1.6865007583000676e-05,-0.3499511673194469,0.0001041682056873514,0.2238411090603686,-0.3499511673194469,0.0001041682056873514,0.2238411090603686,-0.3499476530952353,0.00010142122519486676,0.22384154589838662,-0.3269737402545374,-1.4200347105609339,1.2360267639160156,-1.386045281087057,-1.571038548146383,2.738020658493042,0.0,0.0,-0.0,0.0,0.0,0.0,-0.32693768977492665,-1.4200108102627234,1.2360028159418281,-1.3860803354166127,-1.5710142259289002,2.738044443053345,-7.665788551926556e-07,3.8656167904741187e-07,-4.837262301208455e-07,5.449931695126751e-07,3.294339692990878e-08,6.926912226827095e-08,-1.3638023467077755e-05,-8.035126750218968,-6.268915393821466,-0.9627179244101126,-5.158422663840371e-05,8.859372304362396e-09,28.0,28.0,14.0,6.0,6.0,6.0
0.21623871396295735,1.0,1.3526158961587083e-05,3.438989143642789e-05,-0.3499511673194469,0.0001041682056873514,0.2238411090603686,-0.3499511673194469,0.0001041682056873514,0.2238411090603686,-0.3499523871529168,9.189857448203457e-05,0.22383554802335692,-0.32694942155946904,-1.4199984709369105,1.2360029220581055,-1.3860333601581019,-1.571026627217428,2.738032579421997,0.0,0.0,-0.0,0.0,0.0,0.0,-0.3269376932742586,-1.420010810669602,1.2360028161062142,-1.3860803354435562,-1.571014225829394,2.738044443675229,-8.748329799890202e-07,-1.0171968794534506e-07,4.1096499242406665e-08,-6.735907763593315e-09,2.4876556192997674e-08,1.554709238178716e-07,-1.2055541242909516e-05,-8.035589061176408,-6.268930235991051,-0.9627139797189255,-4.948493587175078e-05,1.807727884999352e-08,28.0,28.0,14.0,6.0,6.0,6.0
0.22023871396295736,1.0,1.3526158961587083e-05,3.438989143642789e-05,-0.3499511673194469,0.0001041682056873514,0.2238411090603686,-0.3499511673194469,0.0001041682056873514,0.2238411090603686,-0.3499523871529168,9.189857448203457e-05,0.22383554802335692,-0.32694942155946904,-1.4199984709369105,1.2360029220581055,-1.3860333601581019,-1.571026627217428,2.738032579421997,0.0,0.0,-0.0,0.0,0.0,0.0,-0.3269376970983529,-1.4200108125413249,1.2360028178450684,-1.3860803371256871,-1.5710142257540882,2.738044444555718,-9.560235735862937e-07,-4.679307131899128e-07,4.3471354626484577e-07,-4.205327157207946e-07,1.8826425640314344e-08,2.201222749800721e-07,-1.2055541242909516e-05,-8.035589061176408,-6.268930235991051,-0.9627139797189255,-4.948493587175078e-05,1.807727884999352e-08,28.0,28.0,14.0,6.0,6.0,6.0
0.22461992796952845,1.0,1.3526158961587083e-05,3.438989143642789e-05,-0.3499511673194469,0.0001041682056873514,0.2238411090603686,-0.3499511673194469,0.0001041682056873514,0.2238411090603686,-0.3499523871529168,9.189857448203457e-05,0.22383554802335692,-0.32694942155946904,-1.4199984709369105,1.2360029220581055,-1.3860333601581019,-1.571026627217428,2.738032579421997,0.0,0.0,-0.0,0.0,0.0,0.0,-0.326937701166019,-1.4200108155116808,1.2360028207647737,-1.3860803400492083,-1.5710142256969328,2.738044445630161,-1.0169165187842487e-06,-7.425889821233386e-07,7.299263315316751e-07,-7.308803216886955e-07,1.4288827725801847e-08,2.6861078835172246e-07,-1.2055541242909516e-05,-8.035589061176408,-6.268930235991051,-0.9627139797189255,-4.948493587175078e-05,1.807727884999352e-08,28.0,28.0,14.0,6.0,6.0,6.0
0.22861992796952846,1.0,1.3758245358461925e-05,5.621648656017522e-05,-0.3499511673194469,0.0001041682056873514,0.2238411090603686,-0.3499511673194469,0.0001041682056873514,0.2238411090603686,-0.3499485286023136,0.00011112433120677631,0.22382953586698942,-0.3269856611834925,-1.4199984709369105,1.2360267639160156,-1.386045281087057,-1.5710623900042933,2.738044500350952,0.0,0.0,-0.0,0.0,0.0,0.0,-0.3269377049582843,-1.4200108200326507,1.2360028247937564,-1.386080344191876,-1.5710142232817768,2.738044444112404,-9.48066315249392e-07,-1.1302424400657882e-06,1.0072456624119476e-06,-1.035666962594738e-06,6.037890252816759e-07,-3.7943929003375244e-07,2.859544456911435e-06,-8.035634310101564,-6.268959070354264,-0.962712588880003,-5.632772034045439e-05,-1.771206583537871e-08,28.0,28.0,14.0,6.0,6.0,6.0
0.23358767898008237,1.0,1.3758245358461925e-05,5.621648656017522e-05,-0.3499511673194469,0.0001041682056873514,0.2238411090603686,-0.3499511673194469,0.0001041682056873514,0.2238411090603686,-0.3499485286023136,0.00011112433120677631,0.22382953586698942,-0.3269856611834925,-1.4199984709369105,1.2360267639160156,-1.386045281087057,-1.5710623900042933,2.738044500350952,0.0,0.0,-0.0,0.0,0.0,0.0,-0.32693770854399895,-1.4200108257165809,1.236002829654697,-1.3860803492489038,-1.57101421909812,2.738044440650497,-8.964286625982494e-07,-1.4209825335226253e-06,1.215235160572152e-06,-1.2642569432742698e-06,1.0459141734485815e-06,-8.654768488228587e-07,2.859544456911435e-06,-8.035634310101564,-6.268959070354264,-0.962712588880003,-5.632772034045439e-05,-1.771206583537871e-08,28.0,28.0,14.0,6.0,6.0,6.0
0.23758767898008237,1.0,7.132096594237882e-06,1.6866956037700795e-05,-0.3499511673194469,0.0001041682056873514,0.2238411090603686,-0.3499511673194469,0.0001041682056873514,0.2238411090603686,-0.34994911981317445,0.00010191865825301516,0.22384755995613853,-0.3269737402545374,-1.4200347105609339,1.2360029220581055,-1.3860333601581019,-1.571038548146383,2.738032579421997,0.0,0.0,-0.0,0.0,0.0,0.0,-0.32693771187577325,-1.4200108293332847,1.236002833239822,-1.38608035283671,-1.571014215169318,2.7380444374115824,-8.329435703539973e-07,-9.04175959633585e-07,8.962812848892129e-07,-8.969515669458526e-07,9.822004908727912e-07,-8.09728566382767e-07,-1.6423879495570144e-05,-8.035090920805029,-6.268887192523069,-0.9627191342153244,-5.158422983104219e-05,-2.0957795245510315e-12,28.0,28.0,14.0,6.0,6.0,6.0
0.24225266298791404,1.0,7.132096594237882e-06,1.6866956037700795e-05,-0.3499511673194469,0.0001041682056873514,0.2238411090603686,-0.3499511673194469,0.0001041682056873514,0.2238411090603686,-0.34994911981317445,0.00010191865825301516,0.22384755995613853,-0.3269737402545374,-1.4200347105609339,1.2360029220581055,-1.3860333601581019,-1.571038548146383,2.738032579421997,0.0,0.0,-0.0,0.0,0.0,0.0,-0.32693771501709223,-1.4200108313995687,1.2360028358680857,-1.3860803553226002,-1.5710142114316572,2.738044434339913,-7.853297511708082e-07,-5.165710292168048e-07,6.570658781270087e-07,-6.214725346995397e-07,9.344152289409484e-07,-7.679173545526983e-07,-1.6423879495570144e-05,-8.035090920805029,-6.268887192523069,-0.9627191342153244,-5.158422983104219e-05,-2.0957795245510315e-12,28.0,28.0,14.0,6.0,6.0,6.0
0.24625266298791404,1.0,7.132096594237882e-06,1.6866956037700795e-05,-0.3499511673194469,0.0001041682056873514,0.2238411090603686,-0.3499511673194469,0.0001041682056873514,0.2238411090603686,-0.34994911981317445,0.00010191865825301516,0.22384755995613853,-0.3269737402545374,-1.4200347105609339,1.2360029220581055,-1.3860333601581019,-1.571038548146383,2.738032579421997,0.0,0.0,-0.0,0.0,0.0,0.0,-0.32693771801556976,-1.420010832303038,1.236002837778703,-1.3860803569820532,-1.5710142078373521,2.738044431393677,-7.496193867834163e-07,-2.2586733140421958e-07,4.776543230553555e-07,-4.1486326051480504e-07,8.985762824920663e-07,-7.365589456801466e-07,-1.6423879495570144e-05,-8.035090920805029,-6.268887192523069,-0.9627191342153244,-5.158422983104219e-05,-2.0957795245510315e-12,28.0,28.0,14.0,6.0,6.0,6.0
0.2512263499866241,1.0,7.132096594237882e-06,1.6866956037700795e-05,-0.3499511673194469,0.0001041682056873514,0.2238411090603686,-0.3499511673194469,0.0001041682056873514,0.2238411090603686,-0.34994911981317445,0.00010191865825301516,0.22384755995613853,-0.3269737402545374,-1.4200347105609339,1.2360029220581055,-1.3860333601581019,-1.571038548146383,2.738032579421997,0.0,0.0,-0.0,0.0,0.0,0.0,-0.3269377209069162,-1.4200108323343963,1.2360028391510856,-1.3860803580216785,-1.571014204350564,2.7380444285415164,-7.228366134928725e-07,-7.83955804478068e-09,3.430956567516156e-07,-2.5990630487625404e-07,8.716970726554048e-07,-7.130401390257329e-07,-1.6423879495570144e-05,-8.035090920805029,-6.268887192523069,-0.9627191342153244,-5.158422983104219e-05,-2.0957795245510315e-12,28.0,28.0,14.0,6.0,6.0,6.0
0.2552263499866241,1.0,9.10509160306436e-06,3.623962402542058e-05,-0.3499511673194469,0.0001041682056873514,0.2238411090603686,-0.3499511673194469,0.0001041682056873514,0.2238411090603686,-0.34995047625308123,0.0001039338233856081,0.22383203325818285,-0.3269856611834925,-1.4199984709369105,1.2360148429870605,-1.3860333601581019,-1.571026627217428,2.738020658493042,0.0,0.0,-0.0,0.0,0.0,0.0,-0.32693772307476404,-1.4200108342954463,1.2360028419966065,-1.386080361083924,-1.5710142017355153,2.738044426403058,-5.419619628763215e-07,-4.902624731849682e-07,7.113802078982974e-07,-7.655613910773571e-07,6.537621542388826e-07,-5.346145573654912e-07,1.3102403631080525e-05,-8.035617588065037,-6.2689439835962455,-0.9627121018848265,-4.89464244392529e-05,6.2025660491151026e-12,28.0,28.0,14.0,6.0,6.0,6.0
0.25976785296108584,1.0,9.10509160306436e-06,3.623962402542058e-05,-0.3499511673194469,0.0001041682056873514,0.2238411090603686,-0.3499511673194469,0.0001041682056873514,0.2238411090603686,-0.34995047625308123,0.0001039338233856081,0.22383203325818285,-0.3269856611834925,-1.4199984709369105,1.2360148429870605,-1.3860333601581019,-1.571026627217428,2.738020658493042,0.0,0.0,-0.0,0.0,0.0,0.0,-0.32693772469998794,-1.420010837703765,1.236002845946981,-1.3860803656631349,-1.5710141997742715,2.7380444247998765,-4.063059749139082e-07,-8.520796595401088e-07,9.875936212583088e-07,-1.1448027057281843e-06,4.903109654264909e-07,-4.0079537112031005e-07,1.3102403631080525e-05,-8.035617588065037,-6.2689439835962455,-0.9627121018848265,-4.89464244392529e-05,6.2025660491151026e-12,28.0,28.0,14.0,6.0,6.0,6.0
0.26376785296108585,1.0,1.9849955197125517e-05,4.962698796116604e-05,-0.3499511673194469,0.0001041682056873514,0.2238411090603686,-0.3499511673194469,0.0001041682056873514,0.2238411090603686,-0.3499480041493597,8.468507403221339e-05,0.22383900604890028,-0.3269255797015589,-1.4200347105609339,1.2360386848449707,-1.3860567251788538,-1.571038548146383,2.738032579421997,0.0,0.0,-0.0,0.0,0.0,0.0,-0.3269377281561432,-1.4200108400080431,1.2360028482961707,-1.3860803687677046,-1.5710141975113427,2.7380444245559556,-8.640388137548598e-07,-5.760695299872997e-07,5.872974247706806e-07,-7.761424500026096e-07,5.657321817546214e-07,-6.098026844925259e-08,-4.3340624717873835e-05,-8.035131322480126,-6.268929607482466,-0.9627185642500455,-5.2299868984247124e-05,3.579194512607335e-08,28.0,28.0,14.0,6.0,6.0,6.0
0.26898256595106806,1.0,1.9849955197125517e-05,4.962698796116604e-05,-0.3499511673194469,0.0001041682056873514,0.2238411090603686,-0.3499511673194469,0.0001041682056873514,0.2238411090603686,-0.3499480041493597,8.468507403221339e-05,0.22383900604890028,-0.3269255797015589,-1.4200347105609339,1.2360386848449707,-1.3860567251788538,-1.571038548146383,2.738032579421997,0.0,0.0,-0.0,0.0,0.0,0.0,-0.32693773298549694,-1.420010841484291,1.2360028494444717,-1.3860803707662936,-1.5710141950221503,2.7380444253314797,-1.2073384428855736e-06,-3.6906193282269284e-07,2.870752774049596e-07,-4.996472582084286e-07,6.222980940007194e-07,1.938810585540405e-07,-4.3340624717873835e-05,-8.035131322480126,-6.268929607482466,-0.9627185642500455,-5.2299868984247124e-05,3.579194512607335e-08,28.0,28.0,14.0,6.0,6.0,6.0
0.27298256595106807,1.0,1.9849955197125517e-05,4.962698796116604e-05,-0.3499511673194469,0.0001041682056873514,0.2238411090603686,-0.3499511673194469,0.0001041682056873514,0.2238411090603686,-0.3499480041493597,8.468507403221339e-05,0.22383900604890028,-0.3269255797015589,-1.4200347105609339,1.2360386848449707,-1.3860567251788538,-1.571038548146383,2.738032579421997,0.0,0.0,-0.0,0.0,0.0,0.0,-0.3269377388447496,-1.420010842339516,1.2360028496921063,-1.3860803719353971,-1.5710141923632601,2.7380444268715878,-1.4648131647336087e-06,-2.1380623494923772e-07,6.190866688066882e-08,-2.9227586436279284e-07,6.647225281852928e-07,3.8502705380651037e-07,-4.3340624717873835e-05,-8.035131322480126,-6.268929607482466,-0.9627185642500455,-5.2299868984247124e-05,3.579194512607335e-08,28.0,28.0,14.0,6.0,6.0,6.0
0.27798118695803,1.0,1.9849955197125517e-05,4.962698796116604e-05,-0.3499511673194469,0.0001041682056873514,0.2238411090603686,-0.3499511673194469,0.0001041682056873514,0.2238411090603686,-0.3499480041493597,8.468507403221339e-05,0.22383900604890028,-0.3269255797015589,-1.4200347105609339,1.2360386848449707,-1.3860567251788538,-1.571038548146383,2.738032579421997,0.0,0.0,-0.0,0.0,0.0,0.0,-0.3269377454764264,-1.4200108427289737,1.2360028492642412,-1.3860803724823865,-1.5710141895770966,2.738044428985134,-1.6579192061196352e-06,-9.736446154414637e-08,-1.0696629101254925e-07,-1.36747318978566e-07,6.965408538237229e-07,5.283865502458628e-07,-4.3340624717873835e-05,-8.035131322480126,-6.268929607482466,-0.9627185642500455,-5.2299868984247124e-05,3.579194512607335e-08,28.0,28.0,14.0,6.0,6.0,6.0
0.28198118695803,1.0,2.3257443946436824e-05,9.712887324915659e-05,-0.3499511673194469,0.0001041682056873514,0.2238411090603686,-0.3499511673194469,0.0001041682056873514,0.2238411090603686,-0.34994539935463603,0.0001194692124507291,0.22382457066646566,-0.32699758211244756,-1.4199865500079554,1.2360267639160156,-1.3860333601581019,-1.5710862318622034,2.7380564212799072,0.0,0.0,-0.0,0.0,0.0,0.0,-0.32693775129131036,-1.420010846691069,1.2360028522556308,-1.3860803765206717,-1.571014183533943,2.738044426564987,-1.453720985450505e-06,-9.905238339619106e-07,7.478473863248401e-07,-1.00957133914048e-06,1.5107884107520175e-06,-6.050367828297454e-07,1.092675665957117e-05,-8.035807240898654,-6.268971884954937,-0.962708610394457,-6.107133609451649e-05,-3.5425883079551754e-08,28.0,28.0,14.0,6.0,6.0,6.0
0.2865642459532247,1.0,2.3257443946436824e-05,9.712887324915659e-05,-0.3499511673194469,0.0001041682056873514,0.2238411090603686,-0.3499511673194469,0.0001041682056873514,0.2238411090603686,-0.34994539935463603,0.0001194692124507291,0.22382457066646566,-0.32699758211244756,-1.4199865500079554,1.2360267639160156,-1.3860333601581019,-1.5710862318622034,2.7380564212799072,0.0,0.0,-0.0,0.0,0.0,0.0,-0.32693775649359963,-1.4200108533326425,1.2360028578114615,-1.386080383177429,-1.5710141750480469,2.7380444207445698,-1.3005723199486574e-06,-1.6603933632752336e-06,1.388957644327882e-06,-1.6641893542619155e-06,2.121474078448239e-06,-1.4551042826364516e-06,1.092675665957117e-05,-8.035807240898654,-6.268971884954937,-0.962708610394457,-6.107133609451649e-05,-3.5425883079551754e-08,28.0,28.0,14.0,6.0,6.0,6.0
0.2905642459532247,1.0,1.3679777499883786e-05,3.94631421812921e-05,-0.3499511673194469,0.0001041682056873514,0.2238411090603686,-0.3499511673194469,0.0001041682056873514,0.2238411090603686,-0.3499442063040354,0.00011276852812589333,0.22383306449507023,-0.32700950304140264,-1.4200227896319788,1.2360386848449707,-1.3860333601581019,-1.571038548146383,2.738008499145508,0.0,0.0,-0.0,0.0,0.0,0.0,-0.326937759852784,-1.420010859553904,1.2360028631258095,-1.3860803904500325,-1.5710141678933207,2.7380444161465807,-8.397960916696011e-07,-1.5553153608387144e-06,1.3285870060784132e-06,-1.818150827390225e-06,1.7886815271692583e-06,-1.1494973229357715e-06,1.883775457479208e-05,-8.035324766263768,-6.268941698602256,-0.9627121304907544,-5.1052694359504944e-05,-8.675902505349764e-09,28.0,28.0,14.0,6.0,6.0,6.0
0.29557948993309413,1.0,1.3679777499883786e-05,3.94631421812921e-05,-0.3499511673194469,0.0001041682056873514,0.2238411090603686,-0.3499511673194469,0.0001041682056873514,0.2238411090603686,-0.3499442063040354,0.00011276852812589333,0.22383306449507023,-0.32700950304140264,-1.4200227896319788,1.2360386848449707,-1.3860333601581019,-1.571038548146383,2.738008499145508,0.0,0.0,-0.0,0.0,0.0,0.0,-0.3269377618296397,-1.4200108654599315,1.2360028682590456,-1.3860803981845202,-1.5710141617369722,2.7380444124654124,-4.94213920460309e-07,-1.4765068590113252e-06,1.2833090273913115e-06,-1.933621932236457e-06,1.539087113710023e-06,-9.202921031602615e-07,1.883775457479208e-05,-8.035324766263768,-6.268941698602256,-0.9627121304907544,-5.1052694359504944e-05,-8.675902505349764e-09,28.0,28.0,14.0,6.0,6.0,6.0
0.29957948993309413,1.0,1.3679777499883786e-05,3.94631421812921e-05,-0.3499511673194469,0.0001041682056873514,0.2238411090603686,-0.3499511673194469,0.0001041682056873514,0.2238411090603686,-0.3499442063040354,0.00011276852812589333,0.22383306449507023,-0.32700950304140264,-1.4200227896319788,1.2360386848449707,-1.3860333601581019,-1.571038548146383,2.738008499145508,0.0,0.0,-0.0,0.0,0.0,0.0,-0.32693776276974884,-1.4200108711295334,1.2360028732564479,-1.3860804062654213,-1.5710141563294069,2.7380444094718595,-2.3502729205333997e-07,-1.4174004826407832e-06,1.2493505433759853e-06,-2.020225260871131e-06,1.3518913036155965e-06,-7.48388188328629e-07,1.883775457479208e-05,-8.035324766263768,-6.268941698602256,-0.9627121304907544,-5.1052694359504944e-05,-8.675902505349764e-09,28.0,28.0,14.0,6.0,6.0,6.0
0.30479420292307635,1.0,1.2846372283246303e-05,1.7529225938361158e-05,-0.3499511673194469,0.0001041682056873514,0.2238411090603686,-0.3499511673194469,0.0001041682056873514,0.2238411090603686,-0.3499547349594429,9.269476247237672e-05,0.22383656358718185,-0.32694942155946904,-1.4199984709369105,1.2360029220581055,-1.386045281087057,-1.571026627217428,2.738044500350952,0.0,0.0,-0.0,0.0,0.0,0.0,-0.32693776467453034,-1.4200108765736217,1.2360028780197905,-1.3860804129715685,-1.5710141522730499,2.7380444068496512,-4.7619537158976906e-07,-1.3610220454998706e-06,1.1908356661866984e-06,-1.6765368123727734e-06,1.0140892578910431e-06,-6.555520385396053e-07,-1.4386637737744098e-05,-8.035585324010551,-6.268931957075552,-0.9627161627107517,-4.948497423425187e-05,9.215863655551786e-09,28.0,28.0,14.0,6.0,6.0,6.0
0.30879420292307636,1.0,1.2846372283246303e-05,1.7529225938361158e-05,-0.3499511673194469,0.0001041682056873514,0.2238411090603686,-0.3499511673194469,0.0001041682056873514,0.2238411090603686,-0.3499547349594429,9.269476247237672e-05,0.22383656358718185,-0.32694942155946904,-1.4199984709369105,1.2360029220581055,-1.386045281087057,-1.571026627217428,2.738044500350952,0.0,0.0,-0.0,0.0,0.0,0.0,-0.32693776730281604,-1.4200108818485746,1.2360028826075886,-1.3860804186466504,-1.5710141492300989,2.7380444045059513,-6.570714312420909e-07,-1.3187382176441861e-06,1.1469495082947332e-06,-1.4187704759990053e-06,7.60737723597628e-07,-5.859249261978374e-07,-1.4386637737744098e-05,-8.035585324010551,-6.268931957075552,-0.9627161627107517,-4.948497423425187e-05,9.215863655551786e-09,28.0,28.0,14.0,6.0,6.0,6.0
0.313468685926404,1.0,1.2846372283246303e-05,1.7529225938361158e-05,-0.3499511673194469,0.0001041682056873514,0.2238411090603686,-0.3499511673194469,0.0001041682056873514,0.2238411090603686,-0.3499547349594429,9.269476247237672e-05,0.22383656358718185,-0.32694942155946904,-1.4199984709369105,1.2360029220581055,-1.386045281087057,-1.571026627217428,2.738044500350952,0.0,0.0,-0.0,0.0,0.0,0.0,-0.32693777047372996,-1.4200108869966759,1.236002887063728,-1.3860804235484334,-1.5710141469472025,2.738044402371133,-7.927284759813322e-07,-1.2870253467524227e-06,1.1140348898757593e-06,-1.2254457237186792e-06,5.707240728775667e-07,-5.337045919415115e-07,-1.4386637737744098e-05,-8.035585324010551,-6.268931957075552,-0.9627161627107517,-4.948497423425187e-05,9.215863655551786e-09,28.0,28.0,14.0,6.0,6.0,6.0
0.317468685926404,1.0,8.257302991022055e-06,4.4731434392618815e-05,-0.3499511673194469,0.0001041682056873514,0.2238411090603686,-0.3499511673194469,0.0001041682056873514,0.2238411090603686,-0.3499507339533096,0.00010925527423503564,0.22383461930073764,-0.3269856611834925,-1.4200108687030237,1.2360267639160156,-1.3860567251788538,-1.5710504690753382,2.7380564212799072,0.0,0.0,-0.0,0.0,0.0,0.0,-0.3269377733464277,-1.4200108918759466,1.2360028909097047,-1.3860804275328908,-1.5710141436534775,2.73804439790245,-7.181744356307955e-07,-1.2198176953688463e-06,9.61494180365825e-07,-9.961143489565927e-07,8.234312871406415e-07,-1.1171706399869136e-06,-1.3686594975486275e-06,-8.035457997591543,-6.26894582537623,-0.9627164895591981,-5.38674054993925e-05,-2.6575893225846143e-08,28.0,28.0,14.0,6.0,6.0,6.0
0.3224661199045369,1.0,8.257302991022055e-06,4.4731434392618815e-05,-0.3499511673194469,0.0001041682056873514,0.2238411090603686,-0.3499511673194469,0.0001041682056873514,0.2238411090603686,-0.3499507339533096,0.00010925527423503564,0.22383461930073764,-0.3269856611834925,-1.4200108687030237,1.2360267639160156,-1.3860567251788538,-1.5710504690753382,2.7380564212799072,0.0,0.0,-0.0,0.0,0.0,0.0,-0.3269377759954633,-1.4200108965535945,1.2360028942980592,-1.3860804308293542,-1.5710141396016306,2.738044391683369,-6.622589053678929e-07,-1.1694119568311641e-06,8.470886482333742e-07,-8.241158178850277e-07,1.0129616978379474e-06,-1.5547701760209653e-06,-1.3686594975486275e-06,-8.035457997591543,-6.26894582537623,-0.9627164895591981,-5.38674054993925e-05,-2.6575893225846143e-08,28.0,28.0,14.0,6.0,6.0,6.0
0.3264661199045369,1.0,8.257302991022055e-06,4.4731434392618815e-05,-0.3499511673194469,0.0001041682056873514,0.2238411090603686,-0.3499511673194469,0.0001041682056873514,0.2238411090603686,-0.3499507339533096,0.00010925527423503564,0.22383461930073764,-0.3269856611834925,-1.4200108687030237,1.2360267639160156,-1.3860567251788538,-1.5710504690753382,2.7380564212799072,0.0,0.0,-0.0,0.0,0.0,0.0,-0.3269377784767523,-1.420010901080025,1.2360028973431971,-1.3860804336098218,-1.5710141349811926,2.73804438415149,-6.203222576707159e-07,-1.1316076529279025e-06,7.612844991340362e-07,-6.951169195813541e-07,1.155109505860927e-06,-1.882969828046504e-06,-1.3686594975486275e-06,-8.035457997591543,-6.26894582537623,-0.9627164895591981,-5.38674054993925e-05,-2.6575893225846143e-08,28.0,28.0,14.0,6.0,6.0,6.0
0.3311417899075897,1.0,1.1197738930687509e-05,3.8147351006482715e-05,-0.3499511673194469,0.0001041682056873514,0.2238411090603686,-0.3499511673194469,0.0001041682056873514,0.2238411090603686,-0.34994175112077475,0.0001009746045432501,0.22383595877188558,-0.3269856611834925,-1.4200347105609339,1.2360386848449707,-1.3860209623919886,-1.571026627217428,2.738032579421997,0.0,0.0,-0.0,0.0,0.0,0.0,-0.32693778033747756,-1.420010905222252,1.236002900666745,-1.3860804383918433,-1.5710141315158934,2.7380443777118066,-4.651813136579296e-07,-1.0355567251786762e-06,8.308869748976848e-07,-1.1955053430208114e-06,8.663248063890781e-07,-1.609920879942805e-06,4.641938049695283e-06,-8.035156807152351,-6.268925246650289,-0.9627117148525418,-4.8946569524346874e-05,-8.853172430727459e-09,28.0,28.0,14.0,6.0,6.0,6.0
0.3351417899075897,1.0,1.1197738930687509e-05,3.8147351006482715e-05,-0.3499511673194469,0.0001041682056873514,0.2238411090603686,-0.3499511673194469,0.0001041682056873514,0.2238411090603686,-0.34994175112077475,0.0001009746045432501,0.22383595877188558,-0.3269856611834925,-1.4200347105609339,1.2360386848449707,-1.3860209623919886,-1.571026627217428,2.738032579421997,0.0,0.0,-0.0,0.0,0.0,0.0,-0.32693778173278,-1.4200109090763262,1.2360029041991003,-1.3860804446750299,-1.5710141289169484,2.73804437209127,-3.4882560564833985e-07,-9.635185293667565e-07,8.830888317204213e-07,-1.5707966606004045e-06,6.497362817851914e-07,-1.4051341688650307e-06,4.641938049695283e-06,-8.035156807152351,-6.268925246650289,-0.9627117148525418,-4.8946569524346874e-05,-8.853172430727459e-09,28.0,28.0,14.0,6.0,6.0,6.0
0.34015821989765405,1.0,1.1197738930687509e-05,3.8147351006482715e-05,-0.3499511673194469,0.0001041682056873514,0.2238411090603686,-0.3499511673194469,0.0001041682056873514,0.2238411090603686,-0.34994175112077475,0.0001009746045432501,0.22383595877188558,-0.3269856611834925,-1.4200347105609339,1.2360386848449707,-1.3860209623919886,-1.571026627217428,2.738032579421997,0.0,0.0,-0.0,0.0,0.0,0.0,-0.3269377827790153,-1.4200109127142857,1.2360029078880612,-1.3860804520840906,-1.5710141269677689,2.738044367085094,-2.6155882464114755e-07,-9.094898825078168e-07,9.222402243374736e-07,-1.8522651487850992e-06,4.872948883322764e-07,-1.2515441355567e-06,4.641938049695283e-06,-8.035156807152351,-6.268925246650289,-0.9627117148525418,-4.8946569524346874e-05,-8.853172430727459e-09,28.0,28.0,14.0,6.0,6.0,6.0
0.34415821989765405,1.0,1.0572707091847181e-05,6.100195067025316e-05,-0.3499511673194469,0.0001041682056873514,0.2238411090603686,-0.3499511673194469,0.0001041682056873514,0.2238411090603686,-0.3499573904493858,9.727405041171703e-05,0.22383605679235816,-0.32693750063051397,-1.4199984709369105,1.2360148429870605,-1.386080567036764,-1.5710623900042933,2.738020658493042,0.0,0.0,-0.0,0.0,0.0,0.0,-0.32693778590057004,-1.4200109162571009,1.2360029105180363,-1.386080455961944,-1.5710141231325445,2.738044364189299,-7.803886806828256e-07,-8.857037777203706e-07,6.574937846911179e-07,-9.694633474554466e-07,9.588061047443852e-07,-7.239486867806574e-07,-3.66859018511749e-05,-8.03559184439938,-6.268950250258482,-0.9627209875940815,-5.704347230790826e-05,3.578984129800928e-08,28.0,28.0,14.0,6.0,6.0,6.0
0.3493883688899224,1.0,1.0572707091847181e-05,6.100195067025316e-05,-0.3499511673194469,0.0001041682056873514,0.2238411090603686,-0.3499511673194469,0.0001041682056873514,0.2238411090603686,-0.3499573904493858,9.727405041171703e-05,0.22383605679235816,-0.32693750063051397,-1.4199984709369105,1.2360148429870605,-1.386080567036764,-1.5710623900042933,2.738020658493042,0.0,0.0,-0.0,0.0,0.0,0.0,-0.32693779057861433,-1.4200109197285578,1.2360029123537721,-1.3860804571913918,-1.5710141178827866,2.7380443628762907,-1.169511072714084e-06,-8.67864199129786e-07,4.5893395495635096e-07,-3.0736199645820725e-07,1.3124395170534669e-06,-3.282521001986254e-07,-3.66859018511749e-05,-8.03559184439938,-6.268950250258482,-0.9627209875940815,-5.704347230790826e-05,3.578984129800928e-08,28.0,28.0,14.0,6.0,6.0,6.0
0.3533883688899224,1.0,9.762740233716768e-06,3.405632925958459e-05,-0.3499511673194469,0.0001041682056873514,0.2238411090603686,-0.3499511673194469,0.0001041682056873514,0.2238411090603686,-0.3499523859866851,9.623720232155494e-05,0.22383554802335692,-0.3269618193255823,-1.4199984709369105,1.2360029220581055,-1.3860333601581019,-1.571026627217428,2.738020658493042,0.0,0.0,-0.0,0.0,0.0,0.0,-0.3269377948761771,-1.4200109238974663,1.2360029153444387,-1.3860804597749652,-1.5710141139450284,2.738044362684536,-1.0743906883357488e-06,-1.042227152178595e-06,7.476666292145941e-07,-6.458933528927726e-07,9.844395083676193e-07,-4.793866428708743e-08,-4.333112170364175e-06,-8.035592053018776,-6.268930410383646,-0.962713917751512,-4.930071561381996e-05,1.7722906721650835e-08,28.0,28.0,14.0,6.0,6.0,6.0
0.35852115689637154,1.0,9.762740233716768e-06,3.405632925958459e-05,-0.3499511673194469,0.0001041682056873514,0.2238411090603686,-0.3499511673194469,0.0001041682056873514,0.2238411090603686,-0.3499523859866851,9.623720232155494e-05,0.22383554802335692,-0.3269618193255823,-1.4199984709369105,1.2360029220581055,-1.3860333601581019,-1.571026627217428,2.738020658493042,0.0,0.0,-0.0,0.0,0.0,0.0,-0.3269377988883787,-1.4200109285894638,1.2360029192013033,-1.3860804633741326,-1.5710141109912705,2.7380443633337217,-1.0030504000519975e-06,-1.1729993669652017e-06,9.642161349082765e-07,-8.997918702186967e-07,7.384395018532336e-07,1.6229641264656603e-07,-4.333112170364175e-06,-8.035592053018776,-6.268930410383646,-0.962713917751512,-4.930071561381996e-05,1.7722906721650835e-08,28.0,28.0,14.0,6.0,6.0,6.0
0.36252115689637154,1.0,9.762740233716768e-06,3.405632925958459e-05,-0.3499511673194469,0.0001041682056873514,0.2238411090603686,-0.3499511673194469,0.0001041682056873514,0.2238411090603686,-0.3499523859866851,9.623720232155494e-05,0.22383554802335692,-0.3269618193255823,-1.4199984709369105,1.2360029220581055,-1.3860333601581019,-1.571026627217428,2.738020658493042,0.0,0.0,-0.0,0.0,0.0,0.0,-0.3269378026865594,-1.4200109336737778,1.2360029237078165,-1.3860804677349956,-1.5710141087755125,2.7380443646136126,-9.49545183839184e-07,-1.2710785280551567e-06,1.1266282641785382e-06,-1.0902157582131397e-06,5.539394969674442e-07,3.1997272034680615e-07,-4.333112170364175e-06,-8.035592053018776,-6.268930410383646,-0.962713917751512,-4.930071561381996e-05,1.7722906721650835e-08,28.0,28.0,14.0,6.0,6.0,6.0
0.36713033689954333,1.0,9.762740233716768e-06,3.405632925958459e-05,-0.3499511673194469,0.0001041682056873514,0.2238411090603686,-0.3499511673194469,0.0001041682056873514,0.2238411090603686,-0.3499523859866851,9.623720232155494e-05,0.22383554802335692,-0.3269618193255823,-1.4199984709369105,1.2360029220581055,-1.3860333601581019,-1.571026627217428,2.738020658493042,0.0,0.0,-0.0,0.0,0.0,0.0,-0.32693780632422453,-1.4200109390523294,1.236002928701566,-1.3860804726671303,-1.5710141071132546,2.738044366366532,-9.094162716795739e-07,-1.3446378988726231e-06,1.2484373611312345e-06,-1.233033674208972e-06,4.155644933031022e-07,4.382299511219862e-07,-4.333112170364175e-06,-8.035592053018776,-6.268930410383646,-0.962713917751512,-4.930071561381996e-05,1.7722906721650835e-08,28.0,28.0,14.0,6.0,6.0,6.0
0.37113033689954333,1.0,1.125694439208749e-05,4.517186187177974e-05,-0.3499511673194469,0.0001041682056873514,0.2238411090603686,-0.3499511673194469,0.0001041682056873514,0.2238411090603686,-0.34995123161489106,9.467914699359754e-05,0.2238350532839321,-0.3269737402545374,-1.4200227896319788,1.2360386848449707,-1.3860567251788538,-1.5710023085223597,2.7380685806274414,0.0,0.0,-0.0,0.0,0.0,0.0,-0.3269378089423629,-1.4200109432349974,1.236002931999437,-1.3860804765923787,-1.571014107479573,2.738044365402475,-6.545345927892887e-07,-1.0456669813044954e-06,8.244677843900914e-07,-9.81312069570652e-07,-9.157957483566706e-08,-2.41014274053212e-07,2.621944220754766e-06,-8.035308122884649,-6.268944439264427,-0.962716587595588,-4.410447867607576e-05,-2.675330528479081e-08,28.0,28.0,14.0,6.0,6.0,6.0
0.37537025990011186,1.0,1.125694439208749e-05,4.517186187177974e-05,-0.3499511673194469,0.0001041682056873514,0.2238411090603686,-0.3499511673194469,0.0001041682056873514,0.2238411090603686,-0.34995123161489106,9.467914699359754e-05,0.2238350532839321,-0.3269737402545374,-1.4200227896319788,1.2360386848449707,-1.3860567251788538,-1.5710023085223597,2.7380685806274414,0.0,0.0,-0.0,0.0,0.0,0.0,-0.32693781079585627,-1.4200109465207527,1.2360029340253995,-1.3860804797624622,-1.5710141093673233,2.738044362400685,-4.633733336215747e-07,-8.214387931283997e-07,5.064906018342341e-07,-7.925208660919119e-07,-4.719376259397439e-07,-7.504474429346106e-07,2.621944220754766e-06,-8.035308122884649,-6.268944439264427,-0.962716587595588,-4.410447867607576e-05,-2.675330528479081e-08,28.0,28.0,14.0,6.0,6.0,6.0
0.37937025990011186,1.0,1.1911554574530346e-05,6.613716854954499e-05,-0.3499511673194469,0.0001041682056873514,0.2238411090603686,-0.3499511673194469,0.0001041682056873514,0.2238411090603686,-0.3499539300509983,9.765578680124323e-05,0.2238315256973363,-0.32694942155946904,-1.4199984709369105,1.2360267639160156,-1.3860686461078089,-1.5710504690753382,2.7379965782165527,0.0,0.0,-0.0,0.0,0.0,0.0,-0.3269378138804489,-1.4200109504289158,1.236002936073255,-1.3860804820783517,-1.5710141092008496,2.7380443624573987,-7.711481574947325e-07,-9.770407843618233e-07,5.119638446751602e-07,-5.789723428651651e-07,4.16184050992791e-08,1.4178459822183125e-08,-2.0866699314346902e-05,-8.03561801254832,-6.2689618912110605,-0.962717048661665,-5.440585823496762e-05,4.483074671143794e-08,28.0,28.0,14.0,6.0,6.0,6.0
0.38363274189084784,1.0,1.1911554574530346e-05,6.613716854954499e-05,-0.3499511673194469,0.0001041682056873514,0.2238411090603686,-0.3499511673194469,0.0001041682056873514,0.2238411090603686,-0.3499539300509983,9.765578680124323e-05,0.2238315256973363,-0.32694942155946904,-1.4199984709369105,1.2360267639160156,-1.3860686461078089,-1.5710504690753382,2.7379965782165527,0.0,0.0,-0.0,0.0,0.0,0.0,-0.326937817888366,-1.4200109548038848,1.2360029381375301,-1.3860804837535954,-1.5710141074937078,2.7380443648079904,-1.0019792753996007e-06,-1.093742277786891e-06,5.160687768058547e-07,-4.18810950445105e-07,4.2678542837854634e-07,5.876478868897783e-07,-2.0866699314346902e-05,-8.03561801254832,-6.2689618912110605,-0.962717048661665,-5.440585823496762e-05,4.483074671143794e-08,28.0,28.0,14.0,6.0,6.0,6.0
0.38763274189084784,1.0,1.1911554574530346e-05,6.613716854954499e-05,-0.3499511673194469,0.0001041682056873514,0.2238411090603686,-0.3499511673194469,0.0001041682056873514,0.2238411090603686,-0.3499539300509983,9.765578680124323e-05,0.2238315256973363,-0.32694942155946904,-1.4199984709369105,1.2360267639160156,-1.3860686461078089,-1.5710504690753382,2.7379965782165527,0.0,0.0,-0.0,0.0,0.0,0.0,-0.32693782258877646,-1.4200109595289585,1.2360029402141202,-1.386080484948355,-1.571014104631065,2.7380443688789904,-1.175102613828252e-06,-1.1812683978556918e-06,5.191474759038756e-07,-2.986899061300599e-07,7.156606958379968e-07,1.0177499571904747e-06,-2.0866699314346902e-05,-8.03561801254832,-6.2689618912110605,-0.962717048661665,-5.440585823496762e-05,4.483074671143794e-08,28.0,28.0,14.0,6.0,6.0,6.0
0.39254350090748646,1.0,1.1911554574530346e-05,6.613716854954499e-05,-0.3499511673194469,0.0001041682056873514,0.2238411090603686,-0.3499511673194469,0.0001041682056873514,0.2238411090603686,-0.3499539300509983,9.765578680124323e-05,0.2238315256973363,-0.32694942155946904,-1.4199984709369105,1.2360267639160156,-1.3860686461078089,-1.5710504690753382,2.7379965782165527,0.0,0.0,-0.0,0.0,0.0,0.0,-0.32693782780855696,-1.4200109645166104,1.2360029422999461,-1.3860804857827516,-1.5710141009017964,2.7380443742402965,-1.3049451176497404e-06,-1.2469129879072924e-06,5.214565002273914e-07,-2.0859912289377608e-07,9.323171464325847e-07,1.3403265099159971e-06,-2.0866699314346902e-05,-8.03561801254832,-6.2689618912110605,-0.962717048661665,-5.440585823496762e-05,4.483074671143794e-08,28.0,28.0,14.0,6.0,6.0,6.0
0.39654350090748647,1.0,1.3160212774685069e-05,5.310289665731499e-05,-0.3499511673194469,0.0001041682056873514,0.2238411090603686,-0.3499511673194469,0.0001041682056873514,0.2238411090603686,-0.3499584856939607,0.0001149948647378661,0.22384266342472578,-0.32700950304140264,-1.4200108687030237,1.2360029220581055,-1.3860686461078089,-1.571026627217428,2.738044500350952,0.0,0.0,-0.0,0.0,0.0,0.0,-0.3269378309339575,-1.420010967912172,1.2360029430749697,-1.3860804844141537,-1.571014098105294,2.7380443758866484,-7.813501414353344e-07,-8.488904179937599e-07,1.937558783516619e-07,3.4214946671585264e-07,6.99125563834887e-07,4.115880051137471e-07,1.3006974688032118e-05,-8.035419998903082,-6.2689213192386894,-0.9627219453431262,-4.8592379166121994e-05,-3.544149379589498e-08,28.0,28.0,14.0,6.0,6.0,6.0
0.40165491791302355,1.0,1.3160212774685069e-05,5.310289665731499e-05,-0.3499511673194469,0.0001041682056873514,0.2238411090603686,-0.3499511673194469,0.0001041682056873514,0.2238411090603686,-0.3499584856939607,0.0001149948647378661,0.22384266342472578,-0.32700950304140264,-1.4200108687030237,1.2360029220581055,-1.3860686461078089,-1.571026627217428,2.738044500350952,0.0,0.0,-0.0,0.0,0.0,0.0,-0.32693783248857317,-1.4200109701136658,1.2360029428668913,-1.38608048139331,-1.5710140960083665,2.738044374746785,-3.8865390927452986e-07,-5.503734905586106e-07,-5.2019588055135174e-08,7.552109089230742e-07,5.242318768866138e-07,-2.849658734879404e-07,1.3006974688032118e-05,-8.035419998903082,-6.2689213192386894,-0.9627219453431262,-4.8592379166121994e-05,-3.544149379589498e-08,28.0,28.0,14.0,6.0,6.0,6.0
0.40565491791302355,1.0,1.6561307014437046e-05,5.8487526556871535e-05,-0.3499511673194469,0.0001041682056873514,0.2238411090603686,-0.3499511673194469,0.0001041682056873514,0.2238411090603686,-0.3499549062125731,0.00011484258257204914,0.22385320679760914,-0.32699758211244756,-1.4200347105609339,1.2359905242919922,-1.3860567251788538,-1.5710504690753382,2.7379846572875977,0.0,0.0,-0.0,0.0,0.0,0.0,-0.32693783375521096,-1.4200109701108061,1.2360029413956766,-1.3860804763033672,-1.571014092854306,2.7380443753891006,-3.1665945036058446e-07,7.149283407381609e-10,-3.678036727139311e-07,1.2724857094253489e-06,7.885151324696392e-07,1.605789012305412e-07,-1.2344261321450904e-05,-8.035068999870203,-6.268877172544187,-0.9627250566688157,-5.369047352731861e-05,1.7887356311016927e-08,28.0,28.0,14.0,6.0,6.0,6.0
0.4102284779127223,1.0,1.6561307014437046e-05,5.8487526556871535e-05,-0.3499511673194469,0.0001041682056873514,0.2238411090603686,-0.3499511673194469,0.0001041682056873514,0.2238411090603686,-0.3499549062125731,0.00011484258257204914,0.22385320679760914,-0.32699758211244756,-1.4200347105609339,1.2359905242919922,-1.3860567251788538,-1.5710504690753382,2.7379846572875977,0.0,0.0,-0.0,0.0,0.0,0.0,-0.3269378348058654,-1.420010968454681,1.2360029389771097,-1.3860804696616,-1.5710140889073956,2.7380443773680505,-2.6266360617512544e-07,4.1403124251524984e-07,-6.04641736208028e-07,1.6604418098020548e-06,9.867275741569083e-07,4.947374822694023e-07,-1.2344261321450904e-05,-8.035068999870203,-6.268877172544187,-0.9627250566688157,-5.369047352731861e-05,1.7887356311016927e-08,28.0,28.0,14.0,6.0,6.0,6.0
0.4142284779127223,1.0,1.6561307014437046e-05,5.8487526556871535e-05,-0.3499511673194469,0.0001041682056873514,0.2238411090603686,-0.3499511673194469,0.0001041682056873514,0.2238411090603686,-0.3499549062125731,0.00011484258257204914,0.22385320679760914,-0.32699758211244756,-1.4200347105609339,1.2359905242919922,-1.3860567251788538,-1.5710504690753382,2.7379846572875977,0.0,0.0,-0.0,0.0,0.0,0.0,-0.32693783569453233,-1.4200109655586073,1.2360029358480285,-1.3860804618559646,-1.571014084365848,2.7380443803494763,-2.2216672303603115e-07,7.240184781461336e-07,-7.822702838286007e-07,1.9514088850845843e-06,1.13538690542236e-06,7.453564180485483e-07,-1.2344261321450904e-05,-8.035068999870203,-6.268877172544187,-0.9627250566688157,-5.369047352731861e-05,1.7887356311016927e-08,28.0,28.0,14.0,6.0,6.0,6.0
0.41926034390507283,1.0,1.6561307014437046e-05,5.8487526556871535e-05,-0.3499511673194469,0.0001041682056873514,0.2238411090603686,-0.3499511673194469,0.0001041682056873514,0.2238411090603686,-0.3499549062125731,0.00011484258257204914,0.22385320679760914,-0.32699758211244756,-1.4200347105609339,1.2359905242919922,-1.3860567251788538,-1.5710504690753382,2.7379846572875977,0.0,0.0,-0.0,0.0,0.0,0.0,-0.3269378364617086,-1.4200109617325716,1.2360029321860617,-1.3860804531774278,-1.5710140793783223,2.738044384082759,-1.9179406068171044e-07,9.565089048692963e-07,-9.154916945440302e-07,2.1696341915464815e-06,1.246881403871449e-06,9.333206198829077e-07,-1.2344261321450904e-05,-8.035068999870203,-6.268877172544187,-0.9627250566688157,-5.369047352731861e-05,1.7887356311016927e-08,28.0,28.0,14.0,6.0,6.0,6.0
0.42326034390507283,1.0,1.5548698351640592e-05,7.956270422728487e-05,-0.3499511673194469,0.0001041682056873514,0.2238411090603686,-0.3499511673194469,0.0001041682056873514,0.2238411090603686,-0.34995601510378227,0.00010097986215624181,0.22385553457502133,-0.32694942155946904,-1.420046631489889,1.2360029220581055,-1.386080567036764,-1.5710623900042933,2.7380564212799072,0.0,0.0,-0.0,0.0,0.0,0.0,-0.32693783898050705,-1.4200109562066738,1.2360029266874517,-1.3860804418598043,-1.5710140732643676,2.7380443849710288,-6.29699605431352e-07,1.3814744181739367e-06,-1.3746524771293106e-06,2.829405882489283e-06,1.5284886844771276e-06,2.2206749535270176e-07,-5.310478338151247e-05,-8.034904835675361,-6.26887946264226,-0.9627296329709166,-5.6866637213123434e-05,3.412629787939768e-10,28.0,28.0,14.0,6.0,6.0,6.0
0.4284145039019642,1.0,1.5548698351640592e-05,7.956270422728487e-05,-0.3499511673194469,0.0001041682056873514,0.2238411090603686,-0.3499511673194469,0.0001041682056873514,0.2238411090603686,-0.34995601510378227,0.00010097986215624181,0.22385553457502133,-0.32694942155946904,-1.420046631489889,1.2360029220581055,-1.386080567036764,-1.5710623900042933,2.7380564212799072,0.0,0.0,-0.0,0.0,0.0,0.0,-0.32693784281302213,-1.4200109494058797,1.2360029198113593,-1.3860804285628656,-1.571014066305591,2.7380443837255393,-9.58128763993583e-07,1.700198553152417e-06,-1.719023064068271e-06,3.324234650696384e-06,1.7396941449313864e-06,-3.1137234804495263e-07,-5.310478338151247e-05,-8.034904835675361,-6.26887946264226,-0.9627296329709166,-5.6866637213123434e-05,3.412629787939768e-10,28.0,28.0,14.0,6.0,6.0,6.0
0.43241450390196423,1.0,1.5480420734140016e-05,2.6227432182461624e-05,-0.3499511673194469,0.0001041682056873514,0.2238411090603686,-0.3499511673194469,0.0001041682056873514,0.2238411090603686,-0.34995155812880546,8.889576375902839e-05,0.22384360770233921,-0.32694942155946904,-1.4200227896319788,1.2360029220581055,-1.3860333601581019,-1.5710142294513147,2.7380800247192383,0.0,0.0,-0.0,0.0,0.0,0.0,-0.3269378466302567,-1.4200109441856639,1.2360029149090794,-1.3860804189644516,-1.5710140619082158,2.7380443803140033,-9.543086527610315e-07,1.3050539435510054e-06,-1.2255699960569928e-06,2.399603522309542e-06,1.0993437776699316e-06,-8.528840227529896e-07,-1.9146248810289282e-05,-8.035250458719222,-6.268901049786495,-0.9627175200809651,-4.692625418598847e-05,-1.7187195607440033e-08,28.0,28.0,14.0,6.0,6.0,6.0
0.4371257929189598,1.0,1.5480420734140016e-05,2.6227432182461624e-05,-0.3499511673194469,0.0001041682056873514,0.2238411090603686,-0.3499511673194469,0.0001041682056873514,0.2238411090603686,-0.34995155812880546,8.889576375902839e-05,0.22384360770233921,-0.32694942155946904,-1.4200227896319788,1.2360029220581055,-1.3860333601581019,-1.5710142294513147,2.7380800247192383,0.0,0.0,-0.0,0.0,0.0,0.0,-0.32693785043603096,-1.420010940150882,1.2360029114871587,-1.3860804121399308,-1.5710140594318918,2.738044375277932,-9.51443569336618e-07,1.008695486349947e-06,-8.55480195048534e-07,1.7061301760194104e-06,6.190810022238406e-07,-1.2590177787840173e-06,-1.9146248810289282e-05,-8.035250458719222,-6.268901049786495,-0.9627175200809651,-4.692625418598847e-05,-1.7187195607440033e-08,28.0,28.0,14.0,6.0,6.0,6.0
0.4411257929189598,1.0,1.5480420734140016e-05,2.6227432182461624e-05,-0.3499511673194469,0.0001041682056873514,0.2238411090603686,-0.3499511673194469,0.0001041682056873514,0.2238411090603686,-0.34995155812880546,8.889576375902839e-05,0.22384360770233921,-0.32694942155946904,-1.4200227896319788,1.2360029220581055,-1.3860333601581019,-1.5710142294513147,2.7380800247192383,0.0,0.0,-0.0,0.0,0.0,0.0,-0.32693785423321,-1.4200109370051754,1.2360029091755074,-1.3860804073958302,-1.571014058396356,2.7380443690234597,-9.492947567683078e-07,7.86426643449153e-07,-5.779128442921898e-07,1.186025166301812e-06,2.588839206392723e-07,-1.563618095807288e-06,-1.9146248810289282e-05,-8.035250458719222,-6.268901049786495,-0.9627175200809651,-4.692625418598847e-05,-1.7187195607440033e-08,28.0,28.0,14.0,6.0,6.0,6.0
0.4461244139259217,1.0,1.0146552266456939e-05,2.6647901174406542e-05,-0.3499511673194469,0.0001041682056873514,0.2238411090603686,-0.3499511673194469,0.0001041682056873514,0.2238411090603686,-0.3499514811882935,0.00011368090464774382,0.22384462510469882,-0.32699758211244756,-1.4200227896319788,1.2360029220581055,-1.386045281087057,-1.5710504690753382,2.738008499145508,0.0,0.0,-0.0,0.0,0.0,0.0,-0.3269378571812746,-1.4200109345072818,1.236002907512903,-1.3860804032567666,-1.5710140560383385,2.738044364248255,-7.37016162082866e-07,6.244734092885811e-07,-4.156510872334191e-07,1.034765910263978e-06,5.895044152548162e-07,-1.1938011815772134e-06,-2.1346202861120743e-06,-8.035259031827524,-6.268903578361538,-0.9627194626037838,-5.369034710260491e-05,1.7504423265496873e-10,28.0,28.0,14.0,6.0,6.0,6.0
0.45012441392592173,1.0,1.0146552266456939e-05,2.6647901174406542e-05,-0.3499511673194469,0.0001041682056873514,0.2238411090603686,-0.3499511673194469,0.0001041682056873514,0.2238411090603686,-0.3499514811882935,0.00011368090464774382,0.22384462510469882,-0.32699758211244756,-1.4200227896319788,1.2360029220581055,-1.386045281087057,-1.5710504690753382,2.738008499145508,0.0,0.0,-0.0,0.0,0.0,0.0,-0.3269378594925035,-1.420010932495248,1.236002906337084,-1.3860803995714808,-1.5710140526884595,2.738044360582501,-5.778072160687847e-07,5.030084836681521e-07,-2.9395476943934106e-07,9.213214682356026e-07,8.374697862164741e-07,-9.164384959046575e-07,-2.1346202861120743e-06,-8.035259031827524,-6.268903578361538,-0.9627194626037838,-5.369034710260491e-05,1.7504423265496873e-10,28.0,28.0,14.0,6.0,6.0,6.0
0.45472409493359756,1.0,1.0146552266456939e-05,2.6647901174406542e-05,-0.3499511673194469,0.0001041682056873514,0.2238411090603686,-0.3499511673194469,0.0001041682056873514,0.2238411090603686,-0.3499514811882935,0.00011368090464774382,0.22384462510469882,-0.32699758211244756,-1.4200227896319788,1.2360029220581055,-1.386045281087057,-1.5710504690753382,2.738008499145508,0.0,0.0,-0.0,0.0,0.0,0.0,-0.3269378613261055,-1.4200109308476088,1.236002905526354,-1.3860803962265282,-1.5710140485946842,2.7380443577488354,-4.584005065582238e-07,4.119097894528304e-07,-2.0268253109378252e-07,8.362381367143209e-07,1.0234438144377175e-06,-7.084164816502405e-07,-2.1346202861120743e-06,-8.035259031827524,-6.268903578361538,-0.9627194626037838,-5.369034710260491e-05,1.7504423265496873e-10,28.0,28.0,14.0,6.0,6.0,6.0
0.45872409493359756,1.0,1.2281316660296822e-05,1.6875971293128375e-05,-0.3499511673194469,0.0001041682056873514,0.2238411090603686,-0.3499511673194469,0.0001041682056873514,0.2238411090603686,-0.349956584683481,9.332204076269355e-05,0.22383914854710424,-0.32694942155946904,-1.4200108687030237,1.2360148429870605,-1.3860686461078089,-1.571026627217428,2.738044500350952,0.0,0.0,-0.0,0.0,0.0,0.0,-0.3269378639013781,-1.420010929647264,1.2360029043427723,-1.386080392347442,-1.5710140455236272,2.7380443552461706,-6.438181378471933e-07,3.0008620533981996e-07,-2.95895406339427e-07,9.697715659094782e-07,7.677642429330744e-07,-6.256661432837458e-07,-2.189214421922308e-05,-8.035425280861778,-6.268933712920114,-0.9627205494767854,-4.948510687567183e-05,9.21178325856059e-09,28.0,28.0,14.0,6.0,6.0,6.0
0.46354342991299946,1.0,1.2281316660296822e-05,1.6875971293128375e-05,-0.3499511673194469,0.0001041682056873514,0.2238411090603686,-0.3499511673194469,0.0001041682056873514,0.2238411090603686,-0.349956584683481,9.332204076269355e-05,0.22383914854710424,-0.32694942155946904,-1.4200108687030237,1.2360148429870605,-1.3860686461078089,-1.571026627217428,2.738044500350952,0.0,0.0,-0.0,0.0,0.0,0.0,-0.3269378670329035,-1.4200109287823899,1.236002902879552,-1.3860803880677555,-1.571014043219609,2.738044352991757,-7.828813613139204e-07,2.1621851725506211e-07,-3.6580506277366036e-07,1.0699216378058461e-06,5.76004564304592e-07,-5.636033895088746e-07,-2.189214421922308e-05,-8.035425280861778,-6.268933712920114,-0.9627205494767854,-4.948510687567183e-05,9.21178325856059e-09,28.0,28.0,14.0,6.0,6.0,6.0
0.46754342991299946,1.0,1.2281316660296822e-05,1.6875971293128375e-05,-0.3499511673194469,0.0001041682056873514,0.2238411090603686,-0.3499511673194469,0.0001041682056873514,0.2238411090603686,-0.349956584683481,9.332204076269355e-05,0.22383914854710424,-0.32694942155946904,-1.4200108687030237,1.2360148429870605,-1.3860686461078089,-1.571026627217428,2.738044500350952,0.0,0.0,-0.0,0.0,0.0,0.0,-0.3269378705816186,-1.420010928169119,1.236002901206603,-1.3860803834876188,-1.5710140414908698,2.738044350923532,-8.871787789139658e-07,1.5331775119149376e-07,-4.1823730509933535e-07,1.1450341917281221e-06,4.3218480533323024e-07,-5.170563241777213e-07,-2.189214421922308e-05,-8.035425280861778,-6.268933712920114,-0.9627205494767854,-4.948510687567183e-05,9.21178325856059e-09,28.0,28.0,14.0,6.0,6.0,6.0
0.4725812319226099,1.0,2.2706323626850825e-05,4.9714740322068066e-05,-0.3499511673194469,0.0001041682056873514,0.2238411090603686,-0.3499511673194469,0.0001041682056873514,0.2238411090603686,-0.3499538906276235,8.289764915067325e-05,0.22384857392137486,-0.32693750063051397,-1.4200347105609339,1.2360029220581055,-1.386045281087057,-1.5710023085223597,2.738032579421997,0.0,0.0,-0.0,0.0,0.0,0.0,-0.32693787433375127,-1.420010926331443,1.2360028988728016,-1.3860803787694622,-1.5710140418065603,2.738044350686434,-9.380331681319582e-07,4.594189747246303e-07,-5.834503162983068e-07,1.1795391399454979e-06,-7.892266898269132e-08,-5.927443536814558e-08,-3.07343378026444e-05,-8.035077751511167,-6.268888273787724,-0.9627214974290053,-4.464308945512417e-05,2.6928624388571228e-08,28.0,28.0,14.0,6.0,6.0,6.0
0.4765812319226099,1.0,2.2706323626850825e-05,4.9714740322068066e-05,-0.3499511673194469,0.0001041682056873514,0.2238411090603686,-0.3499511673194469,0.0001041682056873514,0.2238411090603686,-0.3499538906276235,8.289764915067325e-05,0.22384857392137486,-0.32693750063051397,-1.4200347105609339,1.2360029220581055,-1.386045281087057,-1.5710023085223597,2.738032579421997,0.0,0.0,-0.0,0.0,0.0,0.0,-0.3269378782384471,-1.4200109235754634,1.2360028960433613,-1.3860803739477907,-1.5710140436555735,2.738044351822682,-9.761739600454525e-07,6.889948923744827e-07,-7.073600746975353e-07,1.2054178511085297e-06,-4.6225327471963243e-07,2.840619812390362e-07,-3.07343378026444e-05,-8.035077751511167,-6.268888273787724,-0.9627214974290053,-4.464308945512417e-05,2.6928624388571228e-08,28.0,28.0,14.0,6.0,6.0,6.0
0.4811642899282744,1.0,2.2706323626850825e-05,4.9714740322068066e-05,-0.3499511673194469,0.0001041682056873514,0.2238411090603686,-0.3499511673194469,0.0001041682056873514,0.2238411090603686,-0.3499538906276235,8.289764915067325e-05,0.22384857392137486,-0.32693750063051397,-1.4200347105609339,1.2360029220581055,-1.386045281087057,-1.5710023085223597,2.738032579421997,0.0,0.0,-0.0,0.0,0.0,0.0,-0.3269378822575653,-1.420010920130756,1.2360028928421918,-1.386080369048483,-1.5710140466545783,2.7380443539889394,-1.0047795539805731e-06,8.61176830611872e-07,-8.002923934969568e-07,1.2248268844808037e-06,-7.497512290223383e-07,5.415642936944226e-07,-3.07343378026444e-05,-8.035077751511167,-6.268888273787724,-0.9627214974290053,-4.464308945512417e-05,2.6928624388571228e-08,28.0,28.0,14.0,6.0,6.0,6.0
0.48516428992827443,1.0,8.145393574806923e-06,6.456869338045332e-05,-0.3499511673194469,0.0001041682056873514,0.2238411090603686,-0.3499511673194469,0.0001041682056873514,0.2238411090603686,-0.34995893239026543,0.00010196917215422696,0.22384221149548789,-0.32694942155946904,-1.4199984709369105,1.2359905242919922,-1.3860686461078089,-1.5710623900042933,2.738008499145508,0.0,0.0,-0.0,0.0,0.0,0.0,-0.326937887214162,-1.4200109179708502,1.2360028904836435,-1.3860803634423713,-1.5710140465307187,2.7380443568829254,-1.239149177381704e-06,5.399764736209264e-07,-5.89637051909467e-07,1.4015279264726405e-06,3.096490234364492e-08,7.234964579432061e-07,-3.215822574368872e-05,-8.035558103338081,-6.2689216902874145,-0.9627222055535586,-5.6866333280248364e-05,3.5964744914173976e-08,28.0,28.0,14.0,6.0,6.0,6.0
0.4903493209402079,1.0,8.145393574806923e-06,6.456869338045332e-05,-0.3499511673194469,0.0001041682056873514,0.2238411090603686,-0.3499511673194469,0.0001041682056873514,0.2238411090603686,-0.34995893239026543,0.00010196917215422696,0.22384221149548789,-0.32694942155946904,-1.4199984709369105,1.2359905242919922,-1.3860686461078089,-1.5710623900042933,2.738008499145508,0.0,0.0,-0.0,0.0,0.0,0.0,-0.3269378928738676,-1.4200109167745454,1.2360028887570613,-1.3860803573061564,-1.5710140440647107,2.7380443603227076,-1.4149263949325522e-06,2.9907620587771725e-07,-4.316455457188496e-07,1.5340537079665181e-06,6.165020008681323e-07,8.599455811297938e-07,-3.215822574368872e-05,-8.035558103338081,-6.2689216902874145,-0.9627222055535586,-5.6866333280248364e-05,3.5964744914173976e-08,28.0,28.0,14.0,6.0,6.0,6.0
0.4943493209402079,1.0,8.007862884666888e-06,3.592706737756703e-05,-0.3499511673194469,0.0001041682056873514,0.2238411090603686,-0.3499511673194469,0.0001041682056873514,0.2238411090603686,-0.3499492773514603,0.00010197208690060434,0.2238336437438138,-0.3269737402545374,-1.4200108687030237,1.2360267639160156,-1.386045281087057,-1.571038548146383,2.738008499145508,0.0,0.0,-0.0,0.0,0.0,0.0,-0.3269378977604374,-1.4200109171377777,1.2360028884046306,-1.3860803539675965,-1.571014041424194,2.738044363858596,-1.2216424522612994e-06,-9.080808355055854e-08,-8.810767692624514e-08,8.346399583606923e-07,6.601291969231442e-07,8.839720816721135e-07,-3.096191696144467e-06,-8.035458481573704,-6.268943962564456,-0.9627144532982305,-5.158407921971521e-05,1.790012096891928e-08,28.0,28.0,14.0,6.0,6.0,6.0
0.4991769679444844,1.0,8.007862884666888e-06,3.592706737756703e-05,-0.3499511673194469,0.0001041682056873514,0.2238411090603686,-0.3499511673194469,0.0001041682056873514,0.2238411090603686,-0.3499492773514603,0.00010197208690060434,0.2238336437438138,-0.3269737402545374,-1.4200108687030237,1.2360267639160156,-1.386045281087057,-1.571038548146383,2.738008499145508,0.0,0.0,-0.0,0.0,0.0,0.0,-0.3269379020671554,-1.4200109186706629,1.2360028890828134,-1.386080352727278,-1.5710140386527955,2.7380443674665638,-1.0766794952578597e-06,-3.8322130062176535e-07,1.6954572466820823e-07,3.1007964615632297e-07,6.928495939644031e-07,9.019919570788533e-07,-3.096191696144467e-06,-8.035458481573704,-6.268943962564456,-0.9627144532982305,-5.158407921971521e-05,1.790012096891928e-08,28.0,28.0,14.0,6.0,6.0,6.0
0.5031769679444844,1.0,8.007862884666888e-06,3.592706737756703e-05,-0.3499511673194469,0.0001041682056873514,0.2238411090603686,-0.3499511673194469,0.0001041682056873514,0.2238411090603686,-0.3499492773514603,0.00010197208690060434,0.2238336437438138,-0.3269737402545374,-1.4200108687030237,1.2360267639160156,-1.386045281087057,-1.571038548146383,2.738008499145508,0.0,0.0,-0.0,0.0,0.0,0.0,-0.32693790593898453,-1.4200109210807876,1.2360028905339566,-1.3860803530606405,-1.571014035783236,2.7380443711285913,-9.679572775052802e-07,-6.025312134251705e-07,3.6278577586404826e-07,-8.334058799695398e-08,7.173898917453472e-07,9.155068636339081e-07,-3.096191696144467e-06,-8.035458481573704,-6.268943962564456,-0.9627144532982305,-5.158407921971521e-05,1.790012096891928e-08,28.0,28.0,14.0,6.0,6.0,6.0
0.5078846949436704,1.0,8.007862884666888e-06,3.592706737756703e-05,-0.3499511673194469,0.0001041682056873514,0.2238411090603686,-0.3499511673194469,0.0001041682056873514,0.2238411090603686,-0.3499492773514603,0.00010197208690060434,0.2238336437438138,-0.3269737402545374,-1.4200108687030237,1.2360267639160156,-1.386045281087057,-1.571038548146383,2.738008499145508,0.0,0.0,-0.0,0.0,0.0,0.0,-0.32693790948464696,-1.4200109241488423,1.2360028925648199,-1.3860803545742635,-1.5710140328400557,2.7380443748311634,-8.864156141908454e-07,-7.670136480277243e-07,5.077158142609283e-07,-3.7840576361191174e-07,7.357951150810554e-07,9.256430435501993e-07,-3.096191696144467e-06,-8.035458481573704,-6.268943962564456,-0.9627144532982305,-5.158407921971521e-05,1.790012096891928e-08,28.0,28.0,14.0,6.0,6.0,6.0
0.5118846949436704,1.0,9.666069198413936e-06,2.929713812274671e-05,-0.3499511673194469,0.0001041682056873514,0.2238411090603686,-0.3499511673194469,0.0001041682056873514,0.2238411090603686,-0.34995703014882173,0.0001113906940450323,0.22384373504349755,-0.3269856611834925,-1.4199984709369105,1.235978603363037,-1.386045281087057,-1.5710504690753382,2.738008499145508,0.0,0.0,-0.0,0.0,0.0,0.0,-0.3269379126385674,-1.4200109271111172,1.236002894957169,-1.3860803551263248,-1.5710140290510854,2.7380443779202643,-7.884801183011076e-07,-7.405687150701826e-07,5.980873092603083e-07,-1.380152937086835e-07,9.472425869763133e-07,7.722752606829765e-07,-4.0438524438574725e-06,-8.03555416554714,-6.268905544526208,-0.9627194424836807,-5.3867371309097534e-05,9.03441656463686e-09,28.0,28.0,14.0,6.0,6.0,6.0
0.5169034999518192,1.0,9.666069198413936e-06,2.929713812274671e-05,-0.3499511673194469,0.0001041682056873514,0.2238411090603686,-0.3499511673194469,0.0001041682056873514,0.2238411090603686,-0.34995703014882173,0.0001113906940450323,0.22384373504349755,-0.3269856611834925,-1.4199984709369105,1.235978603363037,-1.386045281087057,-1.5710504690753382,2.738008499145508,0.0,0.0,-0.0,0.0,0.0,0.0,-0.3269379154986814,-1.4200109299940573,1.2360028976206328,-1.3860803549572145,-1.5710140246277726,2.7380443805492622,-7.150284963838044e-07,-7.207350153520263e-07,6.658659305098433e-07,4.227755871873767e-08,1.1058281908977567e-06,6.572494235325593e-07,-4.0438524438574725e-06,-8.03555416554714,-6.268905544526208,-0.9627194424836807,-5.3867371309097534e-05,9.03441656463686e-09,28.0,28.0,14.0,6.0,6.0,6.0
0.5209034999518192,1.0,1.301329233255503e-05,6.977667263903638e-05,-0.3499511673194469,0.0001041682056873514,0.2238411090603686,-0.3499511673194469,0.0001041682056873514,0.2238411090603686,-0.34995727662011267,9.723545014625211e-05,0.2238502719814812,-0.32693750063051397,-1.4200227896319788,1.2359905242919922,-1.3860686461078089,-1.5710623900042933,2.738032579421997,0.0,0.0,-0.0,0.0,0.0,0.0,-0.32693791998138594,-1.4200109310182891,1.2360028984462137,-1.3860803516330464,-1.5710140189368564,2.738044382588135,-1.1206761419837772e-06,-2.5605796922354605e-07,2.0639521482568226e-07,8.310420355991205e-07,1.4227290326080668e-06,5.097181965620178e-07,-5.0335457032268515e-05,-8.03521685743431,-6.268892378310061,-0.9627258044958018,-5.704361060218869e-05,2.6923694676874e-08,28.0,28.0,14.0,6.0,6.0,6.0
0.5252906499465464,1.0,1.301329233255503e-05,6.977667263903638e-05,-0.3499511673194469,0.0001041682056873514,0.2238411090603686,-0.3499511673194469,0.0001041682056873514,0.2238411090603686,-0.34995727662011267,9.723545014625211e-05,0.2238502719814812,-0.32693750063051397,-1.4200227896319788,1.2359905242919922,-1.3860686461078089,-1.5710623900042933,2.738032579421997,0.0,0.0,-0.0,0.0,0.0,0.0,-0.32693792568103347,-1.4200109306484898,1.2360028978933824,-1.3860803459425848,-1.5710140122952378,2.738044384184414,-1.4249118761837568e-06,9.244981537281406e-08,-1.3820782193743858e-07,1.4226153932594076e-06,1.6604046638907992e-06,3.9906977633411164e-07,-5.0335457032268515e-05,-8.03521685743431,-6.268892378310061,-0.9627258044958018,-5.704361060218869e-05,2.6923694676874e-08,28.0,28.0,14.0,6.0,6.0,6.0
0.5292906499465464,1.0,1.301329233255503e-05,6.977667263903638e-05,-0.3499511673194469,0.0001041682056873514,0.2238411090603686,-0.3499511673194469,0.0001041682056873514,0.2238411090603686,-0.34995727662011267,9.723545014625211e-05,0.2238502719814812,-0.32693750063051397,-1.4200227896319788,1.2359905242919922,-1.3860686461078089,-1.5710623900042933,2.738032579421997,0.0,0.0,-0.0,0.0,0.0,0.0,-0.3269379322933882,-1.4200109292331673,1.236002896306742,-1.3860803384774032,-1.5710140049405923,2.738044385448748,-1.6530886768337414e-06,3.5383065382008414e-07,-3.966600995097792e-07,1.866295411504623e-06,1.8386613873528486e-06,3.16083461163182e-07,-5.0335457032268515e-05,-8.03521685743431,-6.268892378310061,-0.9627258044958018,-5.704361060218869e-05,2.6923694676874e-08,28.0,28.0,14.0,6.0,6.0,6.0
0.5339152649624741,1.0,1.301329233255503e-05,6.977667263903638e-05,-0.3499511673194469,0.0001041682056873514,0.2238411090603686,-0.3499511673194469,0.0001041682056873514,0.2238411090603686,-0.34995727662011267,9.723545014625211e-05,0.2238502719814812,-0.32693750063051397,-1.4200227896319788,1.2359905242919922,-1.3860686461078089,-1.5710623900042933,2.738032579421997,0.0,0.0,-0.0,0.0,0.0,0.0,-0.3269379395902733,-1.4200109270337022,1.2360028939447447,-1.3860803296811814,-1.5710139970511765,2.738044386464123,-1.8242212773212299e-06,5.498662826555367e-07,-5.904993076890346e-07,2.1990554251885345e-06,1.9723539299493855e-06,2.5384372478498483e-07,-5.0335457032268515e-05,-8.03521685743431,-6.268892378310061,-0.9627258044958018,-5.704361060218869e-05,2.6923694676874e-08,28.0,28.0,14.0,6.0,6.0,6.0
0.5379152649624741,1.0,1.8029742213616864e-05,8.360363386508244e-05,-0.3499511673194469,0.0001041682056873514,0.2238411090603686,-0.3499511673194469,0.0001041682056873514,0.2238411090603686,-0.3499615315303477,9.867831846134716e-05,0.2238548027039648,-0.32693750063051397,-1.4200227896319788,1.235978603363037,-1.386080567036764,-1.5710623900042933,2.738044500350952,0.0,0.0,-0.0,0.0,0.0,0.0,-0.3269379474008077,-1.4200109234969007,1.2360028901952174,-1.3860803182482022,-1.5710139887606118,2.7380443865015396,-1.952633614642082e-06,8.842003758581438e-07,-9.373818649662693e-07,2.858244804873861e-06,2.072641181172348e-06,9.354176672386687e-09,-5.5233895692637516e-05,-8.035193335563076,-6.2688808572599255,-0.9627296822545176,-5.704366512992995e-05,1.805992252170863e-08,28.0,28.0,14.0,6.0,6.0,6.0
0.5424472689705437,1.0,1.8029742213616864e-05,8.360363386508244e-05,-0.3499511673194469,0.0001041682056873514,0.2238411090603686,-0.3499511673194469,0.0001041682056873514,0.2238411090603686,-0.3499615315303477,9.867831846134716e-05,0.2238548027039648,-0.32693750063051397,-1.4200227896319788,1.235978603363037,-1.386080567036764,-1.5710623900042933,2.738044500350952,0.0,0.0,-0.0,0.0,0.0,0.0,-0.3269379555965792,-1.4200109189570969,1.2360028854050422,-1.3860803048376549,-1.5710139801691854,2.7380443858054875,-2.0489428676327206e-06,1.1349509457600992e-06,-1.1975437829241953e-06,3.352636839637856e-06,2.1478566195895697e-06,-1.7401298441206195e-07,-5.5233895692637516e-05,-8.035193335563076,-6.2688808572599255,-0.9627296822545176,-5.704366512992995e-05,1.805992252170863e-08,28.0,28.0,14.0,6.0,6.0,6.0
0.5464472689705437,1.0,1.2701322573012351e-05,1.059345757196966e-06,-0.3499511673194469,0.0001041682056873514,0.2238411090603686,-0.3499511673194469,0.0001041682056873514,0.2238411090603686,-0.3499569888429215,9.345909928517568e-05,0.22383753855625774,-0.32694942155946904,-1.4199984709369105,1.2360029220581055,-1.3860567251788538,-1.571026627217428,2.7380564212799072,0.0,0.0,-0.0,0.0,0.0,0.0,-0.32693796294321303,-1.420010916384446,1.2360028822514322,-1.38608029444941,-1.5710139737249167,2.7380443841152835,-1.8366584592462476e-06,6.431626980486838e-07,-7.884024957698422e-07,2.597061225960586e-06,1.611067159130582e-06,-4.225509566924294e-07,-1.6624204963305553e-05,-8.03558173634887,-6.268933609278997,-0.962718258259328,-4.948501147976875e-05,3.545300656620897e-10,28.0,28.0,14.0,6.0,6.0,6.0
0.5515563109579964,1.0,1.2701322573012351e-05,1.059345757196966e-06,-0.3499511673194469,0.0001041682056873514,0.2238411090603686,-0.3499511673194469,0.0001041682056873514,0.2238411090603686,-0.3499569888429215,9.345909928517568e-05,0.22383753855625774,-0.32694942155946904,-1.4199984709369105,1.2360029220581055,-1.3860567251788538,-1.571026627217428,2.7380564212799072,0.0,0.0,-0.0,0.0,0.0,0.0,-0.32693796965299365,-1.42001091528716,1.236002880325246,-1.3860802863278918,-1.5710139688910165,2.7380443816794657,-1.6774451529563926e-06,2.743215122651223e-07,-4.815465304040774e-07,2.0303795157026337e-06,1.2084750637863414e-06,-6.089544359027049e-07,-1.6624204963305553e-05,-8.03558173634887,-6.268933609278997,-0.962718258259328,-4.948501147976875e-05,3.545300656620897e-10,28.0,28.0,14.0,6.0,6.0,6.0
0.5555563109579964,1.0,1.2701322573012351e-05,1.059345757196966e-06,-0.3499511673194469,0.0001041682056873514,0.2238411090603686,-0.3499511673194469,0.0001041682056873514,0.2238411090603686,-0.3499569888429215,9.345909928517568e-05,0.22383753855625774,-0.32694942155946904,-1.4199984709369105,1.2360029220581055,-1.3860567251788538,-1.571026627217428,2.7380564212799072,0.0,0.0,-0.0,0.0,0.0,0.0,-0.32693797588513435,-1.4200109152963976,1.2360028793196278,-1.386080279906419,-1.5710139652648925,2.7380443786844375,-1.5580351732390015e-06,-2.30937707254889e-09,-2.514045563797537e-07,1.6053682330091695e-06,9.065309922781609e-07,-7.487570453104116e-07,-1.6624204963305553e-05,-8.03558173634887,-6.268933609278997,-0.962718258259328,-4.948501147976875e-05,3.545300656620897e-10,28.0,28.0,14.0,6.0,6.0,6.0
0.5607912089677995,1.0,2.686834755101405e-05,9.690487607759746e-05,-0.3499511673194469,0.0001041682056873514,0.2238411090603686,-0.3499511673194469,0.0001041682056873514,0.2238411090603686,-0.3499626781638066,0.00010117822427632115,0.2238652019757881,-0.3269737402545374,-1.420046631489889,1.235966682434082,-1.3860686461078089,-1.5710142294513147,2.738020658493042,0.0,0.0,-0.0,0.0,0.0,0.0,-0.32693798069799707,-1.4200109114013628,1.2360028752225487,-1.3860802693228813,-1.5710139633674314,2.738044377090385,-1.2032156801588702e-06,9.737587003277806e-07,-1.0242697918238796e-06,2.6458843798743e-06,4.7436526010071443e-07,-3.985131165806269e-07,-2.9307657017992114e-05,-8.034853377760923,-6.268837651281285,-0.9627324828806642,-4.6565246769299235e-05,8.84348943022541e-09,28.0,28.0,14.0,6.0,6.0,6.0
0.5647912089677996,1.0,2.686834755101405e-05,9.690487607759746e-05,-0.3499511673194469,0.0001041682056873514,0.2238411090603686,-0.3499511673194469,0.0001041682056873514,0.2238411090603686,-0.3499626781638066,0.00010117822427632115,0.2238652019757881,-0.3269737402545374,-1.420046631489889,1.235966682434082,-1.3860686461078089,-1.5710142294513147,2.738020658493042,0.0,0.0,-0.0,0.0,0.0,0.0,-0.3269379844464013,-1.4200109045781237,1.2360028688068738,-1.3860802556177954,-1.5710139627664674,2.7380443765470646,-9.371010603487719e-07,1.7058097583780277e-06,-1.603918718406974e-06,3.4262714900231476e-06,1.5024096096762962e-07,-1.3583017003328845e-07,-2.9307657017992114e-05,-8.034853377760923,-6.268837651281285,-0.9627324828806642,-4.6565246769299235e-05,8.84348943022541e-09,28.0,28.0,14.0,6.0,6.0,6.0
0.5691011839860587,1.0,2.686834755101405e-05,9.690487607759746e-05,-0.3499511673194469,0.0001041682056873514,0.2238411090603686,-0.3499511673194469,0.0001041682056873514,0.2238411090603686,-0.3499626781638066,0.00010117822427632115,0.2238652019757881,-0.3269737402545374,-1.420046631489889,1.235966682434082,-1.3860686461078089,-1.5710142294513147,2.738020658493042,0.0,0.0,-0.0,0.0,0.0,0.0,-0.3269379873964617,-1.4200108955587316,1.2360028606522522,-1.3860802395715481,-1.5710139631378766,2.738044376791793,-7.375150954911981e-07,2.254848051915713e-06,-2.0386554133442948e-06,4.011561822634783e-06,-9.285226338218396e-08,6.118203987721541e-08,-2.9307657017992114e-05,-8.034853377760923,-6.268837651281285,-0.9627324828806642,-4.6565246769299235e-05,8.84348943022541e-09,28.0,28.0,14.0,6.0,6.0,6.0
0.5731011839860587,1.0,4.2711638920167734e-05,0.00015217266316053195,-0.3499511673194469,0.0001041682056873514,0.2238411090603686,-0.3499511673194469,0.0001041682056873514,0.2238411090603686,-0.3499657809530563,0.0001294928908162638,0.22387224402680667,-0.3270214239703577,-1.420058552418844,1.235966682434082,-1.3861048857318323,-1.5710623900042933,2.738020658493042,0.0,0.0,-0.0,0.0,0.0,0.0,-0.32693798916892364,-1.4200108834616567,1.236002849328175,-1.3860802181401692,-1.5710139610445235,2.7380443750425454,-4.43115483112664e-07,3.024268732272141e-06,-2.831019302014965e-06,5.357844711917276e-06,5.233382395143764e-07,-4.3731182604506326e-07,-2.6087082519800823e-05,-8.034688566945684,-6.268829434260731,-0.9627406109398424,-5.579695981153234e-05,-2.6604590897292343e-08,28.0,28.0,14.0,6.0,6.0,6.0
0.578162732975092,1.0,4.2711638920167734e-05,0.00015217266316053195,-0.3499511673194469,0.0001041682056873514,0.2238411090603686,-0.3499511673194469,0.0001041682056873514,0.2238411090603686,-0.3499657809530563,0.0001294928908162638,0.22387224402680667,-0.3270214239703577,-1.420058552418844,1.235966682434082,-1.3861048857318323,-1.5710623900042933,2.738020658493042,0.0,0.0,-0.0,0.0,0.0,0.0,-0.32693799005818674,-1.4200108690563198,1.236002835627006,-1.3860801926699418,-1.571013957102599,2.7380443717978165,-2.223157738287635e-07,3.6013342425394626e-06,-3.425292218517968e-06,6.367556878879146e-06,9.854811166867966e-07,-8.111822254867722e-07,-2.6087082519800823e-05,-8.034688566945684,-6.268829434260731,-0.9627406109398424,-5.579695981153234e-05,-2.6604590897292343e-08,28.0,28.0,14.0,6.0,6.0,6.0
0.582162732975092,1.0,4.2711638920167734e-05,0.00015217266316053195,-0.3499511673194469,0.0001041682056873514,0.2238411090603686,-0.3499511673194469,0.0001041682056873514,0.2238411090603686,-0.3499657809530563,0.0001294928908162638,0.22387224402680667,-0.3270214239703577,-1.420058552418844,1.235966682434082,-1.3861048857318323,-1.5710623900042933,2.738020658493042,0.0,0.0,-0.0,0.0,0.0,0.0,-0.3269379902850507,-1.4200108529197863,1.2360028201430184,-1.3860801641705778,-1.5710139517742459,2.7380443674314763,-5.6715991865838095e-08,4.034133375239953e-06,-3.87099690589522e-06,7.124841004100549e-06,1.3320882745661117e-06,-1.091585025068054e-06,-2.6087082519800823e-05,-8.034688566945684,-6.268829434260731,-0.9627406109398424,-5.579695981153234e-05,-2.6604590897292343e-08,28.0,28.0,14.0,6.0,6.0,6.0
0.5868894579943738,1.0,1.487769464606457e-05,6.0790437230497825e-05,-0.3499511673194469,0.0001041682056873514,0.2238411090603686,-0.3499511673194469,0.0001041682056873514,0.2238411090603686,-0.3499620085726743,0.0001036728289904753,0.22385128587855357,-0.3269737402545374,-1.4200227896319788,1.2359905242919922,-1.386080567036764,-1.571026627217428,2.738044500350952,0.0,0.0,-0.0,0.0,0.0,0.0,-0.32693799085060465,-1.4200108389454182,1.2360028063351918,-1.3860801385188988,-1.571013947777658,2.7380443629702995,-1.4138848706791782e-07,3.4935920440577023e-06,-3.4519566915703084e-06,6.41291973624977e-06,9.9914699675572e-07,-1.1152942432828028e-06,-1.958036444491198e-05,-8.035221188030103,-6.268894480477588,-0.9627278050355011,-4.9123915434714446e-05,-8.869579065455322e-09,28.0,28.0,14.0,6.0,6.0,6.0
0.5908894579943738,1.0,1.487769464606457e-05,6.0790437230497825e-05,-0.3499511673194469,0.0001041682056873514,0.2238411090603686,-0.3499511673194469,0.0001041682056873514,0.2238411090603686,-0.3499620085726743,0.0001036728289904753,0.22385128587855357,-0.3269737402545374,-1.4200227896319788,1.2359905242919922,-1.386080567036764,-1.571026627217428,2.738044500350952,0.0,0.0,-0.0,0.0,0.0,0.0,-0.32693799167017606,-1.420010826592674,1.2360027937844857,-1.3860801150029836,-1.5710139447798936,2.7380443584379948,-2.0489285846947761e-07,3.088186045671014e-06,-3.137676530826625e-06,5.878978785361687e-06,7.494410383979262e-07,-1.1330761569438644e-06,-1.958036444491198e-05,-8.035221188030103,-6.268894480477588,-0.9627278050355011,-4.9123915434714446e-05,-8.869579065455322e-09,28.0,28.0,14.0,6.0,6.0,6.0
0.5958797670055649,1.0,1.487769464606457e-05,6.0790437230497825e-05,-0.3499511673194469,0.0001041682056873514,0.2238411090603686,-0.3499511673194469,0.0001041682056873514,0.2238411090603686,-0.3499620085726743,0.0001036728289904753,0.22385128587855357,-0.3269737402545374,-1.4200227896319788,1.2359905242919922,-1.386080567036764,-1.571026627217428,2.738044500350952,0.0,0.0,-0.0,0.0,0.0,0.0,-0.32693799268026064,-1.420010815456148,1.2360027821766202,-1.3860800930888912,-1.5710139425312473,2.7380443538523442,-2.5252113702064747e-07,2.784131546880998e-06,-2.9019664102688625e-06,5.478523072195624e-06,5.621615696295809e-07,-1.1464125921896605e-06,-1.958036444491198e-05,-8.035221188030103,-6.268894480477588,-0.9627278050355011,-4.9123915434714446e-05,-8.869579065455322e-09,28.0,28.0,14.0,6.0,6.0,6.0
0.5998797670055649,1.0,1.7890923971097875e-05,3.7245237040700125e-05,-0.3499511673194469,0.0001041682056873514,0.2238411090603686,-0.3499511673194469,0.0001041682056873514,0.2238411090603686,-0.34996594185474494,0.00011335151110062282,0.2238452881953214,-0.32699758211244756,-1.4199865500079554,1.235966682434082,-1.3860686461078089,-1.571026627217428,2.738020658493042,0.0,0.0,-0.0,0.0,0.0,0.0,-0.3269379930430158,-1.4200108071838287,1.2360027732737449,-1.3860800740348027,-1.5710139408450023,2.7380443500168994,-9.068878703762364e-08,2.0680798454093814e-06,-2.2257188537137636e-06,4.763522133144124e-06,4.2156121387377116e-07,-9.588612511389208e-07,8.512996767172203e-06,-8.035695349258532,-6.2689100457108475,-0.9627236212824485,-4.876942351776064e-05,-8.865411772721469e-09,28.0,28.0,14.0,6.0,6.0,6.0
0.60480833602394,1.0,1.7890923971097875e-05,3.7245237040700125e-05,-0.3499511673194469,0.0001041682056873514,0.2238411090603686,-0.3499511673194469,0.0001041682056873514,0.2238411090603686,-0.34996594185474494,0.00011335151110062282,0.2238452881953214,-0.32699758211244756,-1.4199865500079554,1.235966682434082,-1.3860686461078089,-1.571026627217428,2.738020658493042,0.0,0.0,-0.0,0.0,0.0,0.0,-0.32693799292027387,-1.4200108010596644,1.236002766399612,-1.386080057125717,-1.5710139395805585,2.7380443467441085,3.0685475449644226e-08,1.5310410693056688e-06,-1.7185331862974395e-06,4.2272714288555e-06,3.161109470569139e-07,-8.18197745350866e-07,8.512996767172203e-06,-8.035695349258532,-6.2689100457108475,-0.9627236212824485,-4.876942351776064e-05,-8.865411772721469e-09,28.0,28.0,14.0,6.0,6.0,6.0
0.60880833602394,1.0,1.7890923971097875e-05,3.7245237040700125e-05,-0.3499511673194469,0.0001041682056873514,0.2238411090603686,-0.3499511673194469,0.0001041682056873514,0.2238411090603686,-0.34996594185474494,0.00011335151110062282,0.2238452881953214,-0.32699758211244756,-1.4199865500079554,1.235966682434082,-1.3860686461078089,-1.571026627217428,2.738020658493042,0.0,0.0,-0.0,0.0,0.0,0.0,-0.32693799243340915,-1.4200107965466164,1.2360027610470363,-1.3860800418253834,-1.5710139386324655,2.738044343893308,1.2171617231509514e-07,1.1282619872278846e-06,-1.3381439357351966e-06,3.825083400639032e-06,2.370232469442709e-07,-7.127001160098249e-07,8.512996767172203e-06,-8.035695349258532,-6.2689100457108475,-0.9627236212824485,-4.876942351776064e-05,-8.865411772721469e-09,28.0,28.0,14.0,6.0,6.0,6.0
0.61334271403146,1.0,3.8905130523442755e-06,4.4739877274835797e-05,-0.3499511673194469,0.0001041682056873514,0.2238411090603686,-0.3499511673194469,0.0001041682056873514,0.2238411090603686,-0.3499491522131276,0.00010716367457920169,0.2238396590243517,-0.3269737402545374,-1.4200108687030237,1.2360029220581055,-1.3860333601581019,-1.5710623900042933,2.738008499145508,0.0,0.0,-0.0,0.0,0.0,0.0,-0.32693799320502226,-1.4200107942849063,1.2360027584424642,-1.3860800314277348,-1.57101393554879,2.7380443422162837,-1.9290327932927498e-07,5.654275160654826e-07,-6.511430303189162e-07,2.5994121492603906e-06,7.709189109756934e-07,-4.192560985651696e-07,-1.2883066080779371e-05,-8.035423107523322,-6.268915850513646,-0.9627156637724903,-5.650492519648731e-05,1.7898133465231343e-08,28.0,28.0,14.0,6.0,6.0,6.0
0.61734271403146,1.0,3.8905130523442755e-06,4.4739877274835797e-05,-0.3499511673194469,0.0001041682056873514,0.2238411090603686,-0.3499511673194469,0.0001041682056873514,0.2238411090603686,-0.3499491522131276,0.00010716367457920169,0.2238396590243517,-0.3269737402545374,-1.4200108687030237,1.2360029220581055,-1.3860333601581019,-1.5710623900042933,2.738008499145508,0.0,0.0,-0.0,0.0,0.0,0.0,-0.32693799492049375,-1.4200107937116997,1.2360027578988948,-1.3860800247071,-1.5710139308634274,2.738044341419591,-4.2886786806255253e-07,1.4330166269368125e-07,-1.3589235125670587e-07,1.6801587107264093e-06,1.1713406589992602e-06,-1.991730854816781e-07,-1.2883066080779371e-05,-8.035423107523322,-6.268915850513646,-0.9627156637724903,-5.650492519648731e-05,1.7898133465231343e-08,28.0,28.0,14.0,6.0,6.0,6.0
0.6225336810315496,1.0,3.8905130523442755e-06,4.4739877274835797e-05,-0.3499511673194469,0.0001041682056873514,0.2238411090603686,-0.3499511673194469,0.0001041682056873514,0.2238411090603686,-0.3499491522131276,0.00010716367457920169,0.2238396590243517,-0.3269737402545374,-1.4200108687030237,1.2360029220581055,-1.3860333601581019,-1.5710623900042933,2.738008499145508,0.0,0.0,-0.0,0.0,0.0,0.0,-0.326937997343859,-1.4200107944048705,1.2360027589010774,-1.3860800207442254,-1.5710139249767996,2.738044341283148,-6.058413096125107e-07,-1.732927273351698e-07,2.5054565803995185e-07,9.907186318259232e-07,1.4716569700169354e-06,-3.411082566905945e-08,-1.2883066080779371e-05,-8.035423107523322,-6.268915850513646,-0.9627156637724903,-5.650492519648731e-05,1.7898133465231343e-08,28.0,28.0,14.0,6.0,6.0,6.0
0.6265336810315496,1.0,1.8420419823566732e-05,3.560172759253007e-05,-0.3499511673194469,0.0001041682056873514,0.2238411090603686,-0.3499511673194469,0.0001041682056873514,0.2238411090603686,-0.3499632546800372,0.00011767416261068387,0.22383782322592022,-0.32699758211244756,-1.4199746290790003,1.235978603363037,-1.3860686461078089,-1.5710504690753382,2.738032579421997,0.0,0.0,-0.0,0.0,0.0,0.0,-0.3269379992609765,-1.420010796382698,1.2360027605359745,-1.3860800164375575,-1.5710139189804917,2.7380443394992,-4.792793821952586e-07,-4.944568596745131e-07,4.0872429254008676e-07,1.0766669690747586e-06,1.4990769977897348e-06,-4.459869730386461e-07,9.372795746370797e-06,-8.035881450200762,-6.2689376560342245,-0.9627201903811449,-5.369016962138888e-05,-1.772080742352824e-08,28.0,28.0,14.0,6.0,6.0,6.0
0.6310739960458598,1.0,1.8420419823566732e-05,3.560172759253007e-05,-0.3499511673194469,0.0001041682056873514,0.2238411090603686,-0.3499511673194469,0.0001041682056873514,0.2238411090603686,-0.3499632546800372,0.00011767416261068387,0.22383782322592022,-0.32699758211244756,-1.4199746290790003,1.235978603363037,-1.3860686461078089,-1.5710504690753382,2.738032579421997,0.0,0.0,-0.0,0.0,0.0,0.0,-0.32693800079840823,-1.4200107993240179,1.2360027626454075,-1.3860800118730445,-1.5710139129019236,2.7380443364796236,-3.843579366323196e-07,-7.353299589290205e-07,5.27358268415188e-07,1.141128222011385e-06,1.5196420186193344e-06,-7.54894083565836e-07,9.372795746370797e-06,-8.035881450200762,-6.2689376560342245,-0.9627201903811449,-5.369016962138888e-05,-1.772080742352824e-08,28.0,28.0,14.0,6.0,6.0,6.0
0.6350739960458598,1.0,1.8171648701618266e-05,5.330012676446511e-05,-0.3499511673194469,0.0001041682056873514,0.2238411090603686,-0.3499511673194469,0.0001041682056873514,0.2238411090603686,-0.3499522905505088,0.00012229988703837675,0.22384067397428342,-0.3270214239703577,-1.4200108687030237,1.2360029220581055,-1.386045281087057,-1.5710504690753382,2.738032579421997,0.0,0.0,-0.0,0.0,0.0,0.0,-0.32693800126184946,-1.4200108021551918,1.2360027648915406,-1.3860800084885199,-1.5710139067621234,2.738044331740512,-1.1586030217324727e-07,-7.077934712633887e-07,5.615332427690542e-07,8.461311609757767e-07,1.5349500405906333e-06,-1.1847779080612782e-06,1.8027031865650654e-05,-8.03543065383476,-6.268918199550658,-0.9627176080666714,-5.333601180758309e-05,-3.543749186869637e-08,28.0,28.0,14.0,6.0,6.0,6.0
0.6400749920709061,1.0,1.8171648701618266e-05,5.330012676446511e-05,-0.3499511673194469,0.0001041682056873514,0.2238411090603686,-0.3499511673194469,0.0001041682056873514,0.2238411090603686,-0.3499522905505088,0.00012229988703837675,0.22384067397428342,-0.3270214239703577,-1.4200108687030237,1.2360029220581055,-1.386045281087057,-1.5710504690753382,2.738032579421997,0.0,0.0,-0.0,0.0,0.0,0.0,-0.32693800091979774,-1.4200108049037563,1.2360027672401985,-1.3860800059889864,-1.5710139005763992,2.7380443257117486,8.551292367105703e-08,-6.871411055141648e-07,5.871644735344538e-07,6.248833651990704e-07,1.5464310570691073e-06,-1.5071907764328598e-06,1.8027031865650654e-05,-8.03543065383476,-6.268918199550658,-0.9627176080666714,-5.333601180758309e-05,-3.543749186869637e-08,28.0,28.0,14.0,6.0,6.0,6.0
0.6440749920709061,1.0,1.8171648701618266e-05,5.330012676446511e-05,-0.3499511673194469,0.0001041682056873514,0.2238411090603686,-0.3499511673194469,0.0001041682056873514,0.2238411090603686,-0.3499522905505088,0.00012229988703837675,0.22384067397428342,-0.3270214239703577,-1.4200108687030237,1.2360029220581055,-1.386045281087057,-1.5710504690753382,2.738032579421997,0.0,0.0,-0.0,0.0,0.0,0.0,-0.3269379999736264,-1.4200108075903637,1.23600276966575,-1.3860800041531964,-1.571013894356232,2.738044318715747,2.3654284305428522e-07,-6.716518312022468e-07,6.063878966085036e-07,4.5894751836654066e-07,1.5550418194279629e-06,-1.749000427711546e-06,1.8027031865650654e-05,-8.03543065383476,-6.268918199550658,-0.9627176080666714,-5.333601180758309e-05,-3.543749186869637e-08,28.0,28.0,14.0,6.0,6.0,6.0
0.6492184660725764,1.0,1.8171648701618266e-05,5.330012676446511e-05,-0.3499511673194469,0.0001041682056873514,0.2238411090603686,-0.3499511673194469,0.0001041682056873514,0.2238411090603686,-0.3499522905505088,0.00012229988703837675,0.22384067397428342,-0.3270214239703577,-1.4200108687030237,1.2360029220581055,-1.386045281087057,-1.5710504690753382,2.738032579421997,0.0,0.0,-0.0,0.0,0.0,0.0,-0.32693799857436523,-1.4200108102305031,1.236002772148972,-1.3860800028152138,-1.5710138881102325,2.7380443109943164,3.498152825917064e-07,-6.600348754683084e-07,6.20805463914041e-07,3.344956332421434e-07,1.5614998911971047e-06,-1.930357666170561e-06,1.8027031865650654e-05,-8.03543065383476,-6.268918199550658,-0.9627176080666714,-5.333601180758309e-05,-3.543749186869637e-08,28.0,28.0,14.0,6.0,6.0,6.0
0.6532184660725764,1.0,1.2241928087733127e-05,2.6244528174261846e-05,-0.3499511673194469,0.0001041682056873514,0.2238411090603686,-0.3499511673194469,0.0001041682056873514,0.2238411090603686,-0.34995977212942164,0.00011125890295343491,0.22383605494710465,-0.32699758211244756,-1.4199984709369105,1.2360148429870605,-1.386080567036764,-1.571026627217428,2.738032579421997,0.0,0.0,-0.0,0.0,0.0,0.0,-0.3269379971299424,-1.4200108126632758,1.2360027734489467,-1.3860800000686713,-1.5710138834259788,2.7380443040161895,3.6110570371191204e-07,-6.081931360624084e-07,3.24993713957898e-07,6.866356436940433e-07,1.1710634000169598e-06,-1.7445317781522902e-06,1.1278510375562777e-05,-8.035605666309667,-6.268950966901897,-0.9627206867549053,-4.876944682886169e-05,-1.7720624444982105e-08,28.0,28.0,14.0,6.0,6.0,6.0
0.6578561410540718,1.0,1.2241928087733127e-05,2.6244528174261846e-05,-0.3499511673194469,0.0001041682056873514,0.2238411090603686,-0.3499511673194469,0.0001041682056873514,0.2238411090603686,-0.34995977212942164,0.00011125890295343491,0.22383605494710465,-0.32699758211244756,-1.4199984709369105,1.2360148429870605,-1.386080567036764,-1.571026627217428,2.738032579421997,0.0,0.0,-0.0,0.0,0.0,0.0,-0.3269379956516483,-1.420010814940523,1.2360027738614863,-1.3860799962657087,-1.5710138799130346,2.73804429759554,3.6957351955206627e-07,-5.693118315079833e-07,1.0313490149079076e-07,9.507406515329682e-07,8.782360316318511e-07,-1.6051623621385872e-06,1.1278510375562777e-05,-8.035605666309667,-6.268950966901897,-0.9627206867549053,-4.876944682886169e-05,-1.7720624444982105e-08,28.0,28.0,14.0,6.0,6.0,6.0
0.6618561410540718,1.0,8.128336236912874e-06,4.893447409325827e-05,-0.3499511673194469,0.0001041682056873514,0.2238411090603686,-0.3499511673194469,0.0001041682056873514,0.2238411090603686,-0.3499589310991803,0.0001063078811392853,0.22384221149548789,-0.3269618193255823,-1.4199984709369105,1.2359905242919922,-1.3860686461078089,-1.5710623900042933,2.738020658493042,0.0,0.0,-0.0,0.0,0.0,0.0,-0.32693799607463153,-1.4200108170708676,1.2360027742115636,-1.386079991481446,-1.5710138749054499,2.7380442928304083,-1.0574580273715093e-07,-5.325861182916328e-07,8.75193128719839e-08,1.1960657017143707e-06,1.2518961701231267e-06,-1.1912829818241518e-06,-2.4417908447634873e-05,-8.03556109563455,-6.268921864722896,-0.9627221435928437,-5.6682113949298867e-05,1.7714435181334377e-08,28.0,28.0,14.0,6.0,6.0,6.0
0.6669782430652997,1.0,8.128336236912874e-06,4.893447409325827e-05,-0.3499511673194469,0.0001041682056873514,0.2238411090603686,-0.3499511673194469,0.0001041682056873514,0.2238411090603686,-0.3499589310991803,0.0001063078811392853,0.22384221149548789,-0.3269618193255823,-1.4199984709369105,1.2359905242919922,-1.3860686461078089,-1.5710623900042933,2.738020658493042,0.0,0.0,-0.0,0.0,0.0,0.0,-0.3269379979235727,-1.420010819091035,1.2360027745147941,-1.3860799859612078,-1.5710138687768849,2.7380442893069143,-4.6223529445406383e-07,-5.0504183337937e-07,7.580762140787875e-08,1.3800594893504226e-06,1.5321412739915836e-06,-8.808734465883251e-07,-2.4417908447634873e-05,-8.03556109563455,-6.268921864722896,-0.9627221435928437,-5.6682113949298867e-05,1.7714435181334377e-08,28.0,28.0,14.0,6.0,6.0,6.0
0.6709782430652997,1.0,8.128336236912874e-06,4.893447409325827e-05,-0.3499511673194469,0.0001041682056873514,0.2238411090603686,-0.3499511673194469,0.0001041682056873514,0.2238411090603686,-0.3499589310991803,0.0001063078811392853,0.22384221149548789,-0.3269618193255823,-1.4199984709369105,1.2359905242919922,-1.3860686461078089,-1.5710623900042933,2.738020658493042,0.0,0.0,-0.0,0.0,0.0,0.0,-0.3269380008419824,-1.4200108210285696,1.2360027747828894,-1.3860799798889885,-1.5710138618075844,2.7380442867146493,-7.296024132417485e-07,-4.843836196951729e-07,6.702385280979989e-08,1.5180548300774615e-06,1.7423251018929262e-06,-6.480662951614551e-07,-2.4417908447634873e-05,-8.03556109563455,-6.268921864722896,-0.9627221435928437,-5.6682113949298867e-05,1.7714435181334377e-08,28.0,28.0,14.0,6.0,6.0,6.0
0.6762060170685875,1.0,1.979343870591076e-05,5.0068992582545245e-05,-0.3499511673194469,0.0001041682056873514,0.2238411090603686,-0.3499511673194469,0.0001041682056873514,0.2238411090603686,-0.34995207752986424,9.613259420406014e-05,0.22382304305137685,-0.3269618193255823,-1.4199865500079554,1.2360386848449707,-1.3860567251788538,-1.571026627217428,2.7380564212799072,0.0,0.0,-0.0,0.0,0.0,0.0,-0.3269380038193316,-1.420010825202585,1.2360027766342545,-1.386079977490347,-1.5710138565802563,2.738044283190893,-7.443372995910815e-07,-1.0435038539520927e-06,4.628412687915238e-07,5.996603609247428e-07,1.3068320157816644e-06,-8.809391050262519e-07,4.0849611984473206e-06,-8.035809931739022,-6.268987776397488,-0.9627113707186717,-4.9300645844803065e-05,-8.851056180018968e-09,28.0,28.0,14.0,6.0,6.0,6.0
0.6802060170685875,1.0,1.979343870591076e-05,5.0068992582545245e-05,-0.3499511673194469,0.0001041682056873514,0.2238411090603686,-0.3499511673194469,0.0001041682056873514,0.2238411090603686,-0.34995207752986424,9.613259420406014e-05,0.22382304305137685,-0.3269618193255823,-1.4199865500079554,1.2360386848449707,-1.3860567251788538,-1.571026627217428,2.7380564212799072,0.0,0.0,-0.0,0.0,0.0,0.0,-0.3269380068408854,-1.420010831053961,1.236002779673072,-1.3860799778468889,-1.5710138526594075,2.738044278968518,-7.553884643530812e-07,-1.4628440296447828e-06,7.597043307778166e-07,-8.91354909397963e-08,9.80212201198218e-07,-1.0555937124248494e-06,4.0849611984473206e-06,-8.035809931739022,-6.268987776397488,-0.9627113707186717,-4.9300645844803065e-05,-8.851056180018968e-09,28.0,28.0,14.0,6.0,6.0,6.0
0.684874563065125,1.0,1.979343870591076e-05,5.0068992582545245e-05,-0.3499511673194469,0.0001041682056873514,0.2238411090603686,-0.3499511673194469,0.0001041682056873514,0.2238411090603686,-0.34995207752986424,9.613259420406014e-05,0.22382304305137685,-0.3269618193255823,-1.4199865500079554,1.2360386848449707,-1.3860567251788538,-1.571026627217428,2.7380564212799072,0.0,0.0,-0.0,0.0,0.0,0.0,-0.3269380098955928,-1.4200108381633576,1.2360027836024785,-1.3860799802698183,-1.571013849718418,2.738044274222179,-7.636768379245811e-07,-1.7773491614143002e-06,9.823516272675363e-07,-6.057323798382005e-07,7.352473402606333e-07,-1.1865846679737977e-06,4.0849611984473206e-06,-8.035809931739022,-6.268987776397488,-0.9627113707186717,-4.9300645844803065e-05,-8.851056180018968e-09,28.0,28.0,14.0,6.0,6.0,6.0
0.688874563065125,1.0,1.4920047079885888e-05,8.692974484844256e-05,-0.3499511673194469,0.0001041682056873514,0.2238411090603686,-0.3499511673194469,0.0001041682056873514,0.2238411090603686,-0.34994933785674176,0.00011518235751943944,0.22385100599577792,-0.3269737402545374,-1.420046631489889,1.2360148429870605,-1.3860686461078089,-1.5710986296283167,2.738044500350952,0.0,0.0,-0.0,0.0,0.0,0.0,-0.32693801407657586,-1.4200108419463133,1.2360027850231108,-1.386079978978715,-1.5710138427358724,2.7380442679815697,-1.0452457633723615e-06,-9.457389067875444e-07,3.5515805463452847e-07,3.227758230696174e-07,1.7456364152663731e-06,-1.560152380819526e-06,-4.3669261037950165e-05,-8.034934915362467,-6.2688914571282455,-0.9627256344182296,-6.398489275762132e-05,-8.868720286431265e-09,28.0,28.0,14.0,6.0,6.0,6.0
0.6939313630657273,1.0,1.4920047079885888e-05,8.692974484844256e-05,-0.3499511673194469,0.0001041682056873514,0.2238411090603686,-0.3499511673194469,0.0001041682056873514,0.2238411090603686,-0.34994933785674176,0.00011518235751943944,0.22385100599577792,-0.3269737402545374,-1.420046631489889,1.2360148429870605,-1.3860686461078089,-1.5710986296283167,2.738044500350952,0.0,0.0,-0.0,0.0,0.0,0.0,-0.32693801910226566,-1.4200108432344383,1.2360027845621624,-1.3860799749020871,-1.5710138327221594,2.7380442606202573,-1.2564224574581965e-06,-3.2203121581747763e-07,-1.1523712484022737e-07,1.019156975250481e-06,2.503428221520678e-06,-1.840328165453822e-06,-4.3669261037950165e-05,-8.034934915362467,-6.2688914571282455,-0.9627256344182296,-6.398489275762132e-05,-8.868720286431265e-09,28.0,28.0,14.0,6.0,6.0,6.0
0.6979313630657273,1.0,1.4920047079885888e-05,8.692974484844256e-05,-0.3499511673194469,0.0001041682056873514,0.2238411090603686,-0.3499511673194469,0.0001041682056873514,0.2238411090603686,-0.34994933785674176,0.00011518235751943944,0.22385100599577792,-0.3269737402545374,-1.420046631489889,1.2360148429870605,-1.3860686461078089,-1.5710986296283167,2.738044500350952,0.0,0.0,-0.0,0.0,0.0,0.0,-0.3269380247614856,-1.42001084265144,1.2360027826900284,-1.3860799687363157,-1.5710138204350712,2.738044252418417,-1.4148049780225728e-06,1.4574955241007243e-07,-4.6803350944629426e-07,1.5414428393861285e-06,3.0717720762114066e-06,-2.050460003929544e-06,-4.3669261037950165e-05,-8.034934915362467,-6.2688914571282455,-0.9627256344182296,-6.398489275762132e-05,-8.868720286431265e-09,28.0,28.0,14.0,6.0,6.0,6.0
0.7029157360596585,1.0,3.0146096797543917e-05,0.00013057669137088486,-0.3499511673194469,0.0001041682056873514,0.2238411090603686,-0.3499511673194469,0.0001041682056873514,0.2238411090603686,-0.34996223288920963,0.00011315525723987527,0.22386767168867128,-0.3269856611834925,-1.420058552418844,1.235978603363037,-1.386092487965719,-1.5710504690753382,2.7379729747772217,0.0,0.0,-0.0,0.0,0.0,0.0,-0.3269380295022886,-1.4200108375306457,1.2360027767734114,-1.386079956375096,-1.5710138096381843,2.7380442489348056,-1.1852007552238856e-06,1.2801985674425409e-06,-1.4791542171968505e-06,3.0903049033311043e-06,2.699221743792589e-06,-8.709029426841247e-07,-3.992389851031412e-05,-8.034703382203276,-6.268840343845145,-0.9627368260122838,-5.386787579311828e-05,3.5416040553872625e-08,28.0,28.0,14.0,6.0,6.0,6.0
0.7069157360596585,1.0,3.0146096797543917e-05,0.00013057669137088486,-0.3499511673194469,0.0001041682056873514,0.2238411090603686,-0.3499511673194469,0.0001041682056873514,0.2238411090603686,-0.34996223288920963,0.00011315525723987527,0.22386767168867128,-0.3269856611834925,-1.420058552418844,1.235978603363037,-1.386092487965719,-1.5710504690753382,2.7379729747772217,0.0,0.0,-0.0,0.0,0.0,0.0,-0.326938033554279,-1.4200108290065043,1.2360027678234324,-1.3860799393672902,-1.5710137999589482,2.738044248989865,-1.01299758812487e-06,2.131035328716892e-06,-2.2374947480097673e-06,4.251951451289836e-06,2.419808994478476e-06,1.3764853249939902e-08,-3.992389851031412e-05,-8.034703382203276,-6.268840343845145,-0.9627368260122838,-5.386787579311828e-05,3.5416040553872625e-08,28.0,28.0,14.0,6.0,6.0,6.0
0.711466737040086,1.0,3.0146096797543917e-05,0.00013057669137088486,-0.3499511673194469,0.0001041682056873514,0.2238411090603686,-0.3499511673194469,0.0001041682056873514,0.2238411090603686,-0.34996223288920963,0.00011315525723987527,0.22386767168867128,-0.3269856611834925,-1.420058552418844,1.235978603363037,-1.386092487965719,-1.5710504690753382,2.7379729747772217,0.0,0.0,-0.0,0.0,0.0,0.0,-0.32693803708965985,-1.4200108179298527,1.236002756598432,-1.3860799188745447,-1.5710137911179505,2.738044251698928,-8.838452128006085e-07,2.7691628996726554e-06,-2.8062501461194553e-06,5.123186362258885e-06,2.210249432492891e-06,6.772657002004884e-07,-3.992389851031412e-05,-8.034703382203276,-6.268840343845145,-0.9627368260122838,-5.386787579311828e-05,3.5416040553872625e-08,28.0,28.0,14.0,6.0,6.0,6.0
0.715466737040086,1.0,1.7255877267201262e-05,3.5450398017815905e-05,-0.3499511673194469,0.0001041682056873514,0.2238411090603686,-0.3499511673194469,0.0001041682056873514,0.2238411090603686,-0.34996639982525884,0.0001119514921216233,0.22383883826332077,-0.3269856611834925,-1.4199746290790003,1.235978603363037,-1.386080567036764,-1.571038548146383,2.738044500350952,0.0,0.0,-0.0,0.0,0.0,0.0,-0.3269380399882691,-1.4200108105882392,1.236002748325032,-1.3860799011337086,-1.5710137836964035,2.7380442519016297,-7.246523039407692e-07,1.8354034004209744e-06,-2.0683499808353547e-06,4.435209017495059e-06,1.8553867580653527e-06,5.067541840071231e-08,3.103519478662243e-06,-8.035874609680134,-6.268939166427786,-0.9627224324047333,-5.1406918644050114e-05,-1.7722852519461737e-08,28.0,28.0,14.0,6.0,6.0,6.0
0.720619709047722,1.0,1.7255877267201262e-05,3.5450398017815905e-05,-0.3499511673194469,0.0001041682056873514,0.2238411090603686,-0.3499511673194469,0.0001041682056873514,0.2238411090603686,-0.34996639982525884,0.0001119514921216233,0.22383883826332077,-0.3269856611834925,-1.4199746290790003,1.235978603363037,-1.386080567036764,-1.571038548146383,2.738044500350952,0.0,0.0,-0.0,0.0,0.0,0.0,-0.3269380424092996,-1.4200108060479042,1.2360027422653326,-1.3860798854568046,-1.5710137773394446,2.7380442502245605,-6.052576222958897e-07,1.1350837759822135e-06,-1.5149248568722795e-06,3.919226008922189e-06,1.5892397522446989e-06,-4.1926729294911973e-07,3.103519478662243e-06,-8.035874609680134,-6.268939166427786,-0.9627224324047333,-5.1406918644050114e-05,-1.7722852519461737e-08,28.0,28.0,14.0,6.0,6.0,6.0
0.724619709047722,1.0,1.2581223043118465e-05,4.512024858966757e-05,-0.3499511673194469,0.0001041682056873514,0.2238411090603686,-0.3499511673194469,0.0001041682056873514,0.2238411090603686,-0.34995779309312197,0.00010369369976783015,0.22385179368205588,-0.3269856611834925,-1.4200227896319788,1.235978603363037,-1.386045281087057,-1.5710142294513147,2.738044500350952,0.0,0.0,-0.0,0.0,0.0,0.0,-0.3269380439681924,-1.4200108013805788,1.2360027369505777,-1.3860798717869678,-1.5710137733941079,2.7380442476415925,-3.8972320926959954e-07,1.1668313316419487e-06,-1.3286887027254066e-06,3.4174592222478096e-06,9.863342026344056e-07,-6.457420424243296e-07,-4.151723526155323e-06,-8.035215107529806,-6.268876268878657,-0.9627229816486895,-4.638785763756753e-05,-1.772478560434922e-08,28.0,28.0,14.0,6.0,6.0,6.0
0.7297204390685077,1.0,1.2581223043118465e-05,4.512024858966757e-05,-0.3499511673194469,0.0001041682056873514,0.2238411090603686,-0.3499511673194469,0.0001041682056873514,0.2238411090603686,-0.34995779309312197,0.00010369369976783015,0.22385179368205588,-0.3269856611834925,-1.4200227896319788,1.235978603363037,-1.386045281087057,-1.5710142294513147,2.738044500350952,0.0,0.0,-0.0,0.0,0.0,0.0,-0.326938044880482,-1.4200107966180109,1.2360027321945313,-1.3860798596224313,-1.5710137712574876,2.7380442443792,-2.280723994998819e-07,1.1906419983867501e-06,-1.1890115871152521e-06,3.041134132242025e-06,5.341550404266857e-07,-8.15598104530737e-07,-4.151723526155323e-06,-8.035215107529806,-6.268876268878657,-0.9627229816486895,-4.638785763756753e-05,-1.772478560434922e-08,28.0,28.0,14.0,6.0,6.0,6.0
0.7337204390685077,1.0,1.2581223043118465e-05,4.512024858966757e-05,-0.3499511673194469,0.0001041682056873514,0.2238411090603686,-0.3499511673194469,0.0001041682056873514,0.2238411090603686,-0.34995779309312197,0.00010369369976783015,0.22385179368205588,-0.3269856611834925,-1.4200227896319788,1.235978603363037,-1.386045281087057,-1.5710142294513147,2.738044500350952,0.0,0.0,-0.0,0.0,0.0,0.0,-0.32693804530781917,-1.4200107917840108,1.2360027278575163,-1.38607984858687,-1.571013770477405,2.7380442406072394,-1.0683429217259365e-07,1.2084999984453512e-06,-1.0842537504076362e-06,2.7588903147376863e-06,1.9502066877089575e-07,-9.429901511105425e-07,-4.151723526155323e-06,-8.035215107529806,-6.268876268878657,-0.9627229816486895,-4.638785763756753e-05,-1.772478560434922e-08,28.0,28.0,14.0,6.0,6.0,6.0
0.7383984830710109,1.0,1.2581223043118465e-05,4.512024858966757e-05,-0.3499511673194469,0.0001041682056873514,0.2238411090603686,-0.3499511673194469,0.0001041682056873514,0.2238411090603686,-0.34995779309312197,0.00010369369976783015,0.22385179368205588,-0.3269856611834925,-1.4200227896319788,1.235978603363037,-1.386045281087057,-1.5710142294513147,2.738044500350952,0.0,0.0,-0.0,0.0,0.0,0.0,-0.326938045371442,-1.420010786896437,1.2360027238347748,-1.3860798383980402,-1.5710137707147254,2.738044236453103,-1.5905711677127476e-08,1.221893498489302e-06,-1.0056853728769242e-06,2.547207451609432e-06,-5.933010997094679e-08,-1.0385341860453967e-06,-4.151723526155323e-06,-8.035215107529806,-6.268876268878657,-0.9627229816486895,-4.638785763756753e-05,-1.772478560434922e-08,28.0,28.0,14.0,6.0,6.0,6.0
0.7423984830710109,1.0,8.656077361684397e-06,6.534600087843073e-05,-0.3499511673194469,0.0001041682056873514,0.2238411090603686,-0.3499511673194469,0.0001041682056873514,0.2238411090603686,-0.34995588592680743,0.0001030468645925092,0.2238482787893745,-0.3269856611834925,-1.4200227896319788,1.2359905242919922,-1.386045281087057,-1.5710142294513147,2.7380800247192383,0.0,0.0,-0.0,0.0,0.0,0.0,-0.32693804516215635,-1.4200107823432604,1.2360027202533892,-1.3860798294661705,-1.5710137717150845,2.738044229655235,5.232141041781913e-08,1.1382941276700396e-06,-8.95346416704598e-07,2.232967422797365e-06,-2.500897991401266e-07,-1.699466930631164e-06,-1.5581639589606365e-06,-8.03523489199701,-6.268889510363924,-0.9627212856482198,-4.638783393006019e-05,-4.412373767852077e-08,28.0,28.0,14.0,6.0,6.0,6.0
0.747286683097482,1.0,8.656077361684397e-06,6.534600087843073e-05,-0.3499511673194469,0.0001041682056873514,0.2238411090603686,-0.3499511673194469,0.0001041682056873514,0.2238411090603686,-0.34995588592680743,0.0001030468645925092,0.2238482787893745,-0.3269856611834925,-1.4200227896319788,1.2359905242919922,-1.386045281087057,-1.5710142294513147,2.7380800247192383,0.0,0.0,-0.0,0.0,0.0,0.0,-0.3269380447481893,-1.420010778040882,1.2360027170030203,-1.386079821477021,-1.5710137732877227,2.7380442208745692,1.0349175198902908e-07,1.075594599555593e-06,-8.125921995753533e-07,1.9972874011883143e-06,-3.9315956601701146e-07,-2.1951664890704893e-06,-1.5581639589606365e-06,-8.03523489199701,-6.268889510363924,-0.9627212856482198,-4.638783393006019e-05,-4.412373767852077e-08,28.0,28.0,14.0,6.0,6.0,6.0
0.751286683097482,1.0,9.65845654271254e-06,2.9600158096728683e-05,-0.3499511673194469,0.0001041682056873514,0.2238411090603686,-0.3499511673194469,0.0001041682056873514,0.2238411090603686,-0.3499569839603363,0.00010041353381276484,0.2238478436658259,-0.3269618193255823,-1.4200108687030237,1.235978603363037,-1.386045281087057,-1.571038548146383,2.738032579421997,0.0,0.0,-0.0,0.0,0.0,0.0,-0.32693804547481464,-1.4200107745623987,1.2360027146785815,-1.3860798142366981,-1.5710137736759069,2.7380442140429944,-1.8165633265165427e-07,8.696208389784844e-07,-5.81109710092684e-07,1.8100806879680616e-06,-9.704604957708842e-08,-1.707893755293539e-06,-2.088418627553969e-05,-8.035375683209542,-6.268890308047789,-0.9627213660639713,-5.1761296242971365e-05,8.855099797472885e-09,28.0,28.0,14.0,6.0,6.0,6.0
0.7559599780824504,1.0,9.65845654271254e-06,2.9600158096728683e-05,-0.3499511673194469,0.0001041682056873514,0.2238411090603686,-0.3499511673194469,0.0001041682056873514,0.2238411090603686,-0.3499569839603363,0.00010041353381276484,0.2238478436658259,-0.3269618193255823,-1.4200108687030237,1.235978603363037,-1.386045281087057,-1.571038548146383,2.738032579421997,0.0,0.0,-0.0,0.0,0.0,0.0,-0.32693804705688423,-1.4200107717018366,1.23600271304859,-1.3860798075579954,-1.5710137731757505,2.7380442086732377,-3.955173961321668e-07,7.151405185456531e-07,-4.0749784298068206e-07,1.6696756530528722e-06,1.2503908775285388e-07,-1.3424392049608263e-06,-2.088418627553969e-05,-8.035375683209542,-6.268890308047789,-0.9627213660639713,-5.1761296242971365e-05,8.855099797472885e-09,28.0,28.0,14.0,6.0,6.0,6.0
0.7599599780824504,1.0,9.65845654271254e-06,2.9600158096728683e-05,-0.3499511673194469,0.0001041682056873514,0.2238411090603686,-0.3499511673194469,0.0001041682056873514,0.2238411090603686,-0.3499569839603363,0.00010041353381276484,0.2238478436658259,-0.3269618193255823,-1.4200108687030237,1.235978603363037,-1.386045281087057,-1.571038548146383,2.738032579421997,0.0,0.0,-0.0,0.0,0.0,0.0,-0.326938049280537,-1.4200107693047155,1.2360027119394341,-1.386079801300508,-1.5710137720093387,2.7380442043998445,-5.559131937425512e-07,5.992802782210295e-07,-2.7728894264668063e-07,1.56437187686648e-06,2.916029407503106e-07,-1.0683482922112918e-06,-2.088418627553969e-05,-8.035375683209542,-6.268890308047789,-0.9627213660639713,-5.1761296242971365e-05,8.855099797472885e-09,28.0,28.0,14.0,6.0,6.0,6.0
0.7649455380761068,1.0,9.65845654271254e-06,2.9600158096728683e-05,-0.3499511673194469,0.0001041682056873514,0.2238411090603686,-0.3499511673194469,0.0001041682056873514,0.2238411090603686,-0.3499569839603363,0.00010041353381276484,0.2238478436658259,-0.3269618193255823,-1.4200108687030237,1.235978603363037,-1.386045281087057,-1.571038548146383,2.738032579421997,0.0,0.0,-0.0,0.0,0.0,0.0,-0.3269380519853772,-1.4200107672551752,1.236002711220905,-1.3860797953589319,-1.5710137703432354,2.7380442009487242,-6.762100419503395e-07,5.123850979775618e-07,-1.7963226739617954e-07,1.4853940447266859e-06,4.1652583049840313e-07,-8.627801076491409e-07,-2.088418627553969e-05,-8.035375683209542,-6.268890308047789,-0.9627213660639713,-5.1761296242971365e-05,8.855099797472885e-09,28.0,28.0,14.0,6.0,6.0,6.0
0.7689455380761068,1.0,1.0067471724111953e-05,3.576878408167242e-05,-0.3499511673194469,0.0001041682056873514,0.2238411090603686,-0.3499511673194469,0.0001041682056873514,0.2238411090603686,-0.3499461186369138,9.672873587225254e-05,0.22383657926120462,-0.3269618193255823,-1.4200227896319788,1.2360267639160156,-1.3860333601581019,-1.571038548146383,2.738020658493042,0.0,0.0,-0.0,0.0,0.0,0.0,-0.3269380550507398,-1.420010766588242,1.236002711630344,-1.3860797925625927,-1.5710137683024101,2.738044198905673,-7.663406643086912e-07,1.667333033313733e-07,1.0235974443583794e-07,6.990847949279529e-07,5.102063411749176e-07,-5.107627802241047e-07,-1.3456436780896429e-05,-8.035293476645073,-6.268927789861361,-0.9627140655321831,-5.1761248959543086e-05,1.7722930697371586e-08,28.0,28.0,14.0,6.0,6.0,6.0
0.773311317069922,1.0,1.0067471724111953e-05,3.576878408167242e-05,-0.3499511673194469,0.0001041682056873514,0.2238411090603686,-0.3499511673194469,0.0001041682056873514,0.2238411090603686,-0.3499461186369138,9.672873587225254e-05,0.22383657926120462,-0.3269618193255823,-1.4200227896319788,1.2360267639160156,-1.3860333601581019,-1.571038548146383,2.738020658493042,0.0,0.0,-0.0,0.0,0.0,0.0,-0.3269380583864943,-1.4200107669582642,1.2360027128857591,-1.3860797921251813,-1.5710137659805432,2.7380441979186743,-8.339386310774549e-07,-9.250554265326807e-08,3.1385375330985103e-07,1.0935285757890313e-07,5.804667241823035e-07,-2.4674978465532755e-07,-1.3456436780896429e-05,-8.035293476645073,-6.268927789861361,-0.9627140655321831,-5.1761248959543086e-05,1.7722930697371586e-08,28.0,28.0,14.0,6.0,6.0,6.0
0.777311317069922,1.0,1.0542704925997652e-05,2.625429835526098e-05,-0.3499511673194469,0.0001041682056873514,0.2238411090603686,-0.3499511673194469,0.0001041682056873514,0.2238411090603686,-0.34995453605737936,9.52443032324062e-05,0.22384559951656746,-0.32694942155946904,-1.4200227896319788,1.2360029220581055,-1.3860567251788538,-1.571038548146383,2.7380564212799072,0.0,0.0,-0.0,0.0,0.0,0.0,-0.32693806233610007,-1.4200107666237285,1.2360027131895635,-1.3860797902213622,-1.571013763447578,2.7380441957622845,-9.874014413732623e-07,8.363391314034475e-08,7.595107522261084e-08,4.7595479522491494e-07,6.332413083437449e-07,-5.390974334778919e-07,-3.08821023069203e-05,-8.035243594898484,-6.268904509871393,-0.9627217983933506,-5.1945585504270364e-05,3.502645221855305e-10,28.0,28.0,14.0,6.0,6.0,6.0
0.7825295920777138,1.0,1.0542704925997652e-05,2.625429835526098e-05,-0.3499511673194469,0.0001041682056873514,0.2238411090603686,-0.3499511673194469,0.0001041682056873514,0.2238411090603686,-0.34995453605737936,9.52443032324062e-05,0.22384559951656746,-0.32694942155946904,-1.4200227896319788,1.2360029220581055,-1.3860567251788538,-1.571038548146383,2.7380564212799072,0.0,0.0,-0.0,0.0,0.0,0.0,-0.32693806674609427,-1.4200107657607746,1.2360027127796598,-1.3860797872177373,-1.571013760756289,2.738044192728852,-1.1024985490951177e-06,2.1573850498555438e-07,-1.0247593334281932e-07,7.509062484594238e-07,6.728222464648259e-07,-7.583581700948153e-07,-3.08821023069203e-05,-8.035243594898484,-6.268904509871393,-0.9627217983933506,-5.1945585504270364e-05,3.502645221855305e-10,28.0,28.0,14.0,6.0,6.0,6.0
0.7865295920777138,1.0,1.0542704925997652e-05,2.625429835526098e-05,-0.3499511673194469,0.0001041682056873514,0.2238411090603686,-0.3499511673194469,0.0001041682056873514,0.2238411090603686,-0.34995453605737936,9.52443032324062e-05,0.22384559951656746,-0.32694942155946904,-1.4200227896319788,1.2360029220581055,-1.3860567251788538,-1.571038548146383,2.7380564212799072,0.0,0.0,-0.0,0.0,0.0,0.0,-0.32693807150137977,-1.4200107645015068,1.236002711834475,-1.386079783389258,-1.5710137579462573,2.738044189037637,-1.1888213798865092e-06,3.1481694886946164e-07,-2.3629618976689192e-07,9.571198383853054e-07,7.025079500556367e-07,-9.228037225575078e-07,-3.08821023069203e-05,-8.035243594898484,-6.268904509871393,-0.9627217983933506,-5.1945585504270364e-05,3.502645221855305e-10,28.0,28.0,14.0,6.0,6.0,6.0
0.7916659421019725,1.0,1.0542704925997652e-05,2.625429835526098e-05,-0.3499511673194469,0.0001041682056873514,0.2238411090603686,-0.3499511673194469,0.0001041682056873514,0.2238411090603686,-0.34995453605737936,9.52443032324062e-05,0.22384559951656746,-0.32694942155946904,-1.4200227896319788,1.2360029220581055,-1.3860567251788538,-1.571038548146383,2.7380564212799072,0.0,0.0,-0.0,0.0,0.0,0.0,-0.3269380765156338,-1.4200107629450036,1.2360027104878295,-1.3860797789421377,-1.5710137550471683,2.7380441848530856,-1.253563502980053e-06,3.891257817823921e-07,-3.366613820849464e-07,1.1117800308297167e-06,7.247722277487448e-07,-1.046137886904527e-06,-3.08821023069203e-05,-8.035243594898484,-6.268904509871393,-0.9627217983933506,-5.1945585504270364e-05,3.502645221855305e-10,28.0,28.0,14.0,6.0,6.0,6.0
0.7956659421019725,1.0,1.2189103253215827e-05,3.680473395595437e-05,-0.3499511673194469,0.0001041682056873514,0.2238411090603686,-0.3499511673194469,0.0001041682056873514,0.2238411090603686,-0.34996323497738024,0.0001025334647035909,0.22384058609570645,-0.3269618193255823,-1.4199984709369105,1.2360029220581055,-1.386092487965719,-1.571038548146383,2.738044500350952,0.0,0.0,-0.0,0.0,0.0,0.0,-0.3269380813133105,-1.4200107616031663,1.2360027082534755,-1.3860797722472473,-1.5710137520815435,2.7380441806776994,-1.1994191689555908e-06,3.354593431790039e-07,-5.585885015110188e-07,1.6737225912473491e-06,7.41406204033596e-07,-1.04384656514034e-06,-1.941799997423435e-05,-8.035573742899667,-6.268938989338321,-0.9627247442925285,-5.176132955213146e-05,-6.117080332972544e-12,28.0,28.0,14.0,6.0,6.0,6.0
0.7996659421019725,1.0,1.2189103253215827e-05,3.680473395595437e-05,-0.3499511673194469,0.0001041682056873514,0.2238411090603686,-0.3499511673194469,0.0001041682056873514,0.2238411090603686,-0.34996323497738024,0.0001025334647035909,0.22384058609570645,-0.3269618193255823,-1.4199984709369105,1.2360029220581055,-1.386092487965719,-1.571038548146383,2.738044500350952,0.0,0.0,-0.0,0.0,0.0,0.0,-0.32693808594855417,-1.4200107604223282,1.23600270535334,-1.3860797638665292,-1.5710137490660168,2.738044176509187,-1.1588109184372442e-06,2.9520951422646277e-07,-7.250338410805731e-07,2.0951795115605734e-06,7.538816862472345e-07,-1.0421280738171996e-06,-1.941799997423435e-05,-8.035573742899667,-6.268938989338321,-0.9627247442925285,-5.176132955213146e-05,-6.117080332972544e-12,28.0,28.0,14.0,6.0,6.0,6.0
0.8036659421019725,1.0,1.642777106827745e-05,4.9269936316696314e-05,-0.3499511673194469,0.0001041682056873514,0.2238411090603686,-0.3499511673194469,0.0001041682056873514,0.2238411090603686,-0.3499632093142768,9.718607449394273e-05,0.22384983327189667,-0.3269618193255823,-1.4200108687030237,1.235978603363037,-1.3860686461078089,-1.5710142294513147,2.738044500350952,0.0,0.0,-0.0,0.0,0.0,0.0,-0.32693808995759965,-1.4200107583087553,1.2360027018309552,-1.3860797542979624,-1.5710137476262778,2.73804417285017,-1.002261364903652e-06,5.283932047272099e-07,-8.805962023223672e-07,2.3921417204034868e-06,3.59934754725252e-07,-9.147542319370645e-07,-1.832997845172479e-05,-8.035367897235217,-6.268893593687633,-0.9627256432092034,-4.6742122943208464e-05,-7.946619089306153e-12,28.0,28.0,14.0,6.0,6.0,6.0
0.8083095540902581,1.0,1.642777106827745e-05,4.9269936316696314e-05,-0.3499511673194469,0.0001041682056873514,0.2238411090603686,-0.3499511673194469,0.0001041682056873514,0.2238411090603686,-0.3499632093142768,9.718607449394273e-05,0.22384983327189667,-0.3269618193255823,-1.4200108687030237,1.235978603363037,-1.3860686461078089,-1.5710142294513147,2.738044500350952,0.0,0.0,-0.0,0.0,0.0,0.0,-0.32693809349699643,-1.4200107554956314,1.2360026978418832,-1.3860797438385088,-1.5710137473683796,2.738044169573275,-8.848491997534579e-07,7.032809726027702e-07,-9.972679732537126e-07,2.6148633770356717e-06,6.447455608376516e-08,-8.192238505269632e-07,-1.832997845172479e-05,-8.035367897235217,-6.268893593687633,-0.9627256432092034,-4.6742122943208464e-05,-7.946619089306153e-12,28.0,28.0,14.0,6.0,6.0,6.0
0.8123095540902581,1.0,1.642777106827745e-05,4.9269936316696314e-05,-0.3499511673194469,0.0001041682056873514,0.2238411090603686,-0.3499511673194469,0.0001041682056873514,0.2238411090603686,-0.3499632093142768,9.718607449394273e-05,0.22384983327189667,-0.3269618193255823,-1.4200108687030237,1.235978603363037,-1.3860686461078089,-1.5710142294513147,2.738044500350952,0.0,0.0,-0.0,0.0,0.0,0.0,-0.32693809668415674,-1.4200107521578442,1.236002693502796,-1.3860797327108905,-1.571013747996862,2.7380441665829705,-7.967900758908123e-07,8.344467985094404e-07,-1.0847718014522219e-06,2.7819046195098104e-06,-1.5712059289734998e-07,-7.475760644693872e-07,-1.832997845172479e-05,-8.035367897235217,-6.268893593687633,-0.9627256432092034,-4.6742122943208464e-05,-7.946619089306153e-12,28.0,28.0,14.0,6.0,6.0,6.0
0.8168902380964722,1.0,1.642777106827745e-05,4.9269936316696314e-05,-0.3499511673194469,0.0001041682056873514,0.2238411090603686,-0.3499511673194469,0.0001041682056873514,0.2238411090603686,-0.3499632093142768,9.718607449394273e-05,0.22384983327189667,-0.3269618193255823,-1.4200108687030237,1.235978603363037,-1.3860686461078089,-1.5710142294513147,2.738044500350952,0.0,0.0,-0.0,0.0,0.0,0.0,-0.32693809960713965,-1.4200107484265596,1.2360026889011972,-1.3860797210821483,-1.5710137492901297,2.7380441638076096,-7.30745732993828e-07,9.328211679394431e-07,-1.1503996726011036e-06,2.9071855513654148e-06,-3.233169546331863e-07,-6.938402249262052e-07,-1.832997845172479e-05,-8.035367897235217,-6.268893593687633,-0.9627256432092034,-4.6742122943208464e-05,-7.946619089306153e-12,28.0,28.0,14.0,6.0,6.0,6.0
0.8208902380964722,1.0,1.9804028512371665e-05,9.123156570273792e-05,-0.3499511673194469,0.0001041682056873514,0.2238411090603686,-0.3499511673194469,0.0001041682056873514,0.2238411090603686,-0.349964409893355,0.00011233827178592888,0.22385335992978891,-0.3269737402545374,-1.4200227896319788,1.2359905242919922,-1.3861048857318323,-1.5710623900042933,2.738032579421997,0.0,0.0,-0.0,0.0,0.0,0.0,-0.32693810293723513,-1.4200107433475595,1.2360026824480272,-1.3860797060717143,-1.571013747887305,2.73804416058833,-8.325238750619892e-07,1.2697500082100782e-06,-1.6132925143201908e-06,3.752608477912914e-06,3.5070617636549524e-07,-8.048199193334386e-07,-3.485060674587398e-05,-8.035214242561148,-6.268898119217997,-0.9627322568408588,-5.6505237201088526e-05,-1.5481546356268646e-11,28.0,28.0,14.0,6.0,6.0,6.0
0.8252429570956159,1.0,1.9804028512371665e-05,9.123156570273792e-05,-0.3499511673194469,0.0001041682056873514,0.2238411090603686,-0.3499511673194469,0.0001041682056873514,0.2238411090603686,-0.349964409893355,0.00011233827178592888,0.22385335992978891,-0.3269737402545374,-1.4200227896319788,1.2359905242919922,-1.3861048857318323,-1.5710623900042933,2.738032579421997,0.0,0.0,-0.0,0.0,0.0,0.0,-0.32693810657266503,-1.420010737257773,1.2360026746061787,-1.3860796885250115,-1.5710137444624108,2.738044157036111,-9.088574816131101e-07,1.5224466384130546e-06,-1.960462145609506e-06,4.3866756728235385e-06,8.562235246145065e-07,-8.880546901388637e-07,-3.485060674587398e-05,-8.035214242561148,-6.268898119217997,-0.9627322568408588,-5.6505237201088526e-05,-1.5481546356268646e-11,28.0,28.0,14.0,6.0,6.0,6.0
0.8292429570956159,1.0,1.1529303793798581e-05,6.542179989861778e-05,-0.3499511673194469,0.0001041682056873514,0.2238411090603686,-0.3499511673194469,0.0001041682056873514,0.2238411090603686,-0.3499561586246281,9.479494763154253e-05,0.2238455983534062,-0.3269618193255823,-1.4200227896319788,1.2360029220581055,-1.3860567251788538,-1.5710142294513147,2.7379846572875977,0.0,0.0,-0.0,0.0,0.0,0.0,-0.3269381098317049,-1.4200107318352315,1.2360026678013496,-1.3860796737466037,-1.5710137427157134,2.7380441578103683,-8.147599639362502e-07,1.355635377340434e-06,-1.7012072778412887e-06,3.6946019645486932e-06,4.3667436631015563e-07,1.9356424387577577e-07,-1.6071864098411655e-05,-8.035246126099148,-6.268904597202419,-0.9627217361246645,-4.6742109301132856e-05,4.4470165900947994e-08,28.0,28.0,14.0,6.0,6.0,6.0
0.8339364360817711,1.0,1.1529303793798581e-05,6.542179989861778e-05,-0.3499511673194469,0.0001041682056873514,0.2238411090603686,-0.3499511673194469,0.0001041682056873514,0.2238411090603686,-0.3499561586246281,9.479494763154253e-05,0.2238455983534062,-0.3269618193255823,-1.4200227896319788,1.2360029220581055,-1.3860567251788538,-1.5710142294513147,2.7379846572875977,0.0,0.0,-0.0,0.0,0.0,0.0,-0.3269381128084522,-1.4200107269131237,1.2360026617742852,-1.386079661044417,-1.5710137422276633,2.738044161829482,-7.441868256786053e-07,1.2305269315359689e-06,-1.5067661270151256e-06,3.175546683342559e-06,1.2201249758189255e-07,1.004778444386755e-06,-1.6071864098411655e-05,-8.035246126099148,-6.268904597202419,-0.9627217361246645,-4.6742109301132856e-05,4.4470165900947994e-08,28.0,28.0,14.0,6.0,6.0,6.0
0.8379364360817712,1.0,1.1529303793798581e-05,6.542179989861778e-05,-0.3499511673194469,0.0001041682056873514,0.2238411090603686,-0.3499511673194469,0.0001041682056873514,0.2238411090603686,-0.3499561586246281,9.479494763154253e-05,0.2238455983534062,-0.3269618193255823,-1.4200227896319788,1.2360029220581055,-1.3860567251788538,-1.5710142294513147,2.7379846572875977,0.0,0.0,-0.0,0.0,0.0,0.0,-0.32693811557348007,-1.4200107223663414,1.2360026563305442,-1.3860796498993961,-1.5710137426835988,2.7380441682822387,-6.912569719853716e-07,1.13669559718262e-06,-1.3609352638955032e-06,2.7862552224379587e-06,-1.1398390396430481e-07,1.61318909476999e-06,-1.6071864098411655e-05,-8.035246126099148,-6.268904597202419,-0.9627217361246645,-4.6742109301132856e-05,4.4470165900947994e-08,28.0,28.0,14.0,6.0,6.0,6.0
0.8423900770659096,1.0,1.1529303793798581e-05,6.542179989861778e-05,-0.3499511673194469,0.0001041682056873514,0.2238411090603686,-0.3499511673194469,0.0001041682056873514,0.2238411090603686,-0.3499561586246281,9.479494763154253e-05,0.2238455983534062,-0.3269618193255823,-1.4200227896319788,1.2360029220581055,-1.3860567251788538,-1.5710142294513147,2.7379846572875977,0.0,0.0,-0.0,0.0,0.0,0.0,-0.3269381181797184,-1.420010718101053,1.2360026513242957,-1.3860796399222497,-1.5710137438475236,2.7380441765602272,-6.515595817154463e-07,1.0663220964176082e-06,-1.2515621165557866e-06,2.494286626759508e-06,-2.9098120512395285e-07,2.069497082557416e-06,-1.6071864098411655e-05,-8.035246126099148,-6.268904597202419,-0.9627217361246645,-4.6742109301132856e-05,4.4470165900947994e-08,28.0,28.0,14.0,6.0,6.0,6.0
0.8463900770659096,1.0,2.4300966085808924e-05,7.677951964920715e-05,-0.3499511673194469,0.0001041682056873514,0.2238411090603686,-0.3499511673194469,0.0001041682056873514,0.2238411090603686,-0.3499623121456991,0.00011473744465695387,0.22385994044343294,-0.32699758211244756,-1.4200227896319788,1.2359542846679688,-1.3860567251788538,-1.571038548146383,2.738032579421997,0.0,0.0,-0.0,0.0,0.0,0.0,-0.326938119987861,-1.4200107127569386,1.2360026460861149,-1.3860796283243608,-1.57101374392981,2.738044181333252,-4.5203563915324904e-07,1.3360286447923694e-06,-1.309545173231812e-06,2.8994722426829384e-06,-2.05715804690456e-08,1.1932561483374683e-06,-1.134267355569363e-05,-8.035174494915601,-6.268851160333242,-0.9627284765766561,-5.123005277751905e-05,-1.7731389987705933e-08,28.0,28.0,14.0,6.0,6.0,6.0
0.8507879140744921,1.0,2.4300966085808924e-05,7.677951964920715e-05,-0.3499511673194469,0.0001041682056873514,0.2238411090603686,-0.3499511673194469,0.0001041682056873514,0.2238411090603686,-0.3499623121456991,0.00011473744465695387,0.22385994044343294,-0.32699758211244756,-1.4200227896319788,1.2359542846679688,-1.3860567251788538,-1.571038548146383,2.738032579421997,0.0,0.0,-0.0,0.0,0.0,0.0,-0.3269381211974317,-1.4200107066037044,1.236002640673985,-1.386079615510915,-1.5710137432008675,2.7380441834775535,-3.023926822316011e-07,1.5383085560734404e-06,-1.3530324657388308e-06,3.203361454625511e-06,1.822356380221348e-07,5.360754476725075e-07,-1.134267355569363e-05,-8.035174494915601,-6.268851160333242,-0.9627284765766561,-5.123005277751905e-05,-1.7731389987705933e-08,28.0,28.0,14.0,6.0,6.0,6.0
0.8547879140744921,1.0,1.03757917171394e-05,6.0972299637201964e-05,-0.3499511673194469,0.0001041682056873514,0.2238411090603686,-0.3499511673194469,0.0001041682056873514,0.2238411090603686,-0.3499596783403607,0.00010132728903099613,0.22384631950846015,-0.3269618193255823,-1.4200108687030237,1.2359905242919922,-1.3860686461078089,-1.571038548146383,2.7379965782165527,0.0,0.0,-0.0,0.0,0.0,0.0,-0.3269381231417663,-1.420010701377294,1.2360026357572462,-1.3860796032819394,-1.5710137418628958,2.73804418722852,-4.860836520780156e-07,1.3066026198249845e-06,-1.2291847054042422e-06,3.0572439145787767e-06,3.344929154242222e-07,9.377416225834167e-07,-2.292968590192758e-05,-8.035388141901223,-6.268906921575637,-0.9627239476750656,-5.176134860452918e-05,3.560840294919368e-08,28.0,28.0,14.0,6.0,6.0,6.0
0.8595003910516392,1.0,1.03757917171394e-05,6.0972299637201964e-05,-0.3499511673194469,0.0001041682056873514,0.2238411090603686,-0.3499511673194469,0.0001041682056873514,0.2238411090603686,-0.3499596783403607,0.00010132728903099613,0.22384631950846015,-0.3269618193255823,-1.4200108687030237,1.2359905242919922,-1.3860686461078089,-1.571038548146383,2.7379965782165527,0.0,0.0,-0.0,0.0,0.0,0.0,-0.3269381256371738,-1.4200106968460013,1.2360026312120507,-1.3860795914913162,-1.5710137400681523,2.738044192184485,-6.238518794628265e-07,1.1328231676386426e-06,-1.1362988851533008e-06,2.9476557595437264e-06,4.4868587347578776e-07,1.2389912537665985e-06,-2.292968590192758e-05,-8.035388141901223,-6.268906921575637,-0.9627239476750656,-5.176134860452918e-05,3.560840294919368e-08,28.0,28.0,14.0,6.0,6.0,6.0
0.8635003910516392,1.0,1.03757917171394e-05,6.0972299637201964e-05,-0.3499511673194469,0.0001041682056873514,0.2238411090603686,-0.3499511673194469,0.0001041682056873514,0.2238411090603686,-0.3499596783403607,0.00010132728903099613,0.22384631950846015,-0.3269618193255823,-1.4200108687030237,1.2359905242919922,-1.3860686461078089,-1.571038548146383,2.7379965782165527,0.0,0.0,-0.0,0.0,0.0,0.0,-0.326938128545886,-1.420010692836047,1.2360026269455127,-1.3860795800294576,-1.57101373793083,2.738044198044199,-7.271780500014348e-07,1.002488578498886e-06,-1.0666345199650948e-06,2.8654646432674385e-06,5.34330592014462e-07,1.464928477153985e-06,-2.292968590192758e-05,-8.035388141901223,-6.268906921575637,-0.9627239476750656,-5.176134860452918e-05,3.560840294919368e-08,28.0,28.0,14.0,6.0,6.0,6.0
0.8683209140494004,1.0,1.03757917171394e-05,6.0972299637201964e-05,-0.3499511673194469,0.0001041682056873514,0.2238411090603686,-0.3499511673194469,0.0001041682056873514,0.2238411090603686,-0.3499596783403607,0.00010132728903099613,0.22384631950846015,-0.3269618193255823,-1.4200108687030237,1.2359905242919922,-1.3860686461078089,-1.571038548146383,2.7379965782165527,0.0,0.0,-0.0,0.0,0.0,0.0,-0.3269381317645767,-1.4200106892170965,1.2360026228879677,-1.3860795688141725,-1.5710137355365734,2.738044204581725,-8.046726779053909e-07,9.047376366440688e-07,-1.0143862460739403e-06,2.803821306060223e-06,5.985641309184676e-07,1.634381394694525e-06,-2.292968590192758e-05,-8.035388141901223,-6.268906921575637,-0.9627239476750656,-5.176134860452918e-05,3.560840294919368e-08,28.0,28.0,14.0,6.0,6.0,6.0
0.8723209140494004,1.0,3.870810391614346e-06,2.0655998032002095e-05,-0.3499511673194469,0.0001041682056873514,0.2238411090603686,-0.3499511673194469,0.0001041682056873514,0.2238411090603686,-0.34995227979525134,0.00010299035684702396,0.22384462448961434,-0.3269737402545374,-1.4200227896319788,1.2360029220581055,-1.386045281087057,-1.571038548146383,2.738044500350952,0.0,0.0,-0.0,0.0,0.0,0.0,-0.3269381348209239,-1.4200106862480686,1.2360026197800036,-1.3860795598019109,-1.5710137329498268,2.738044208051529,-7.640868006238709e-07,7.422569720175375e-07,-7.769910349755463e-07,2.253065412584593e-06,6.466866331345221e-07,8.674510020858411e-07,-1.3479557671647453e-05,-8.035253051526,-6.268903199994079,-0.9627195815810493,-5.158419442117637e-05,-8.861470778507585e-09,28.0,28.0,14.0,6.0,6.0,6.0
0.8767163760398984,1.0,3.870810391614346e-06,2.0655998032002095e-05,-0.3499511673194469,0.0001041682056873514,0.2238411090603686,-0.3499511673194469,0.0001041682056873514,0.2238411090603686,-0.34995227979525134,0.00010299035684702396,0.22384462448961434,-0.3269737402545374,-1.4200227896319788,1.2360029220581055,-1.386045281087057,-1.571038548146383,2.738044500350952,0.0,0.0,-0.0,0.0,0.0,0.0,-0.32693813775551345,-1.4200106837664828,1.2360026173842251,-1.386079552441917,-1.5710137302187128,2.7380442092205417,-7.336473926627309e-07,6.203964735476389e-07,-5.989446266517508e-07,1.8399984924778704e-06,6.827785097965629e-07,2.9225320762932814e-07,-1.3479557671647453e-05,-8.035253051526,-6.268903199994079,-0.9627195815810493,-5.158419442117637e-05,-8.861470778507585e-09,28.0,28.0,14.0,6.0,6.0,6.0
0.8807163760398984,1.0,1.1575376603112443e-05,4.486279611286555e-05,-0.3499511673194469,0.0001041682056873514,0.2238411090603686,-0.3499511673194469,0.0001041682056873514,0.2238411090603686,-0.34995893577280507,0.00010146422680401563,0.22384925332056366,-0.3269856611834925,-1.4200227896319788,1.2359905242919922,-1.3860567251788538,-1.5710023085223597,2.738032579421997,0.0,0.0,-0.0,0.0,0.0,0.0,-0.3269381394521286,-1.4200106805395374,1.2360026143075435,-1.3860795446351692,-1.5710137297835811,2.7380442098105835,-4.2415378088875535e-07,8.067363279066449e-07,-7.691703992480713e-07,1.951686939483237e-06,1.0878293968385159e-07,1.4751049538964339e-07,-3.434783540195467e-07,-8.035231078575768,-6.268891119783579,-0.9627233806767171,-4.392745371526727e-05,-8.865172772564925e-09,28.0,28.0,14.0,6.0,6.0,6.0
0.8860058910546362,1.0,1.1575376603112443e-05,4.486279611286555e-05,-0.3499511673194469,0.0001041682056873514,0.2238411090603686,-0.3499511673194469,0.0001041682056873514,0.2238411090603686,-0.34995893577280507,0.00010146422680401563,0.22384925332056366,-0.3269856611834925,-1.4200227896319788,1.2359905242919922,-1.3860567251788538,-1.5710023085223597,2.738032579421997,0.0,0.0,-0.0,0.0,0.0,0.0,-0.32693814022026285,-1.4200106767535725,1.2360026107201847,-1.3860795364933562,-1.571013731070436,2.7380442099663975,-1.920335720582737e-07,9.464912186758993e-07,-8.968397286953117e-07,2.035453274737262e-06,-3.21713737900682e-07,3.895346120987983e-08,-3.434783540195467e-07,-8.035231078575768,-6.268891119783579,-0.9627233806767171,-4.392745371526727e-05,-8.865172772564925e-09,28.0,28.0,14.0,6.0,6.0,6.0
0.8900058910546362,1.0,1.1575376603112443e-05,4.486279611286555e-05,-0.3499511673194469,0.0001041682056873514,0.2238411090603686,-0.3499511673194469,0.0001041682056873514,0.2238411090603686,-0.34995893577280507,0.00010146422680401563,0.22384925332056366,-0.3269856611834925,-1.4200227896319788,1.2359905242919922,-1.3860567251788538,-1.5710023085223597,2.738032579421997,0.0,0.0,-0.0,0.0,0.0,0.0,-0.3269381402920365,-1.420010672548343,1.2360026067498178,-1.386079528100244,-1.571013733648781,2.73804420979654,-1.7943415435412456e-08,1.0513073867528402e-06,-9.92591725780742e-07,2.0982780261777808e-06,-6.445862460890823e-07,-4.246431442494284e-08,-3.434783540195467e-07,-8.035231078575768,-6.268891119783579,-0.9627233806767171,-4.392745371526727e-05,-8.865172772564925e-09,28.0,28.0,14.0,6.0,6.0,6.0
0.8946601890381429,1.0,1.1575376603112443e-05,4.486279611286555e-05,-0.3499511673194469,0.0001041682056873514,0.2238411090603686,-0.3499511673194469,0.0001041682056873514,0.2238411090603686,-0.34995893577280507,0.00010146422680401563,0.22384925332056366,-0.3269856611834925,-1.4200227896319788,1.2359905242919922,-1.3860567251788538,-1.5710023085223597,2.738032579421997,0.0,0.0,-0.0,0.0,0.0,0.0,-0.3269381398415397,-1.420010668028665,1.2360026024921948,-1.3860795195186577,-1.5710137371957436,2.7380442093824295,1.1262420203173349e-07,1.1299195128105458e-06,-1.0644057235948147e-06,2.14539658975817e-06,-8.867406272303824e-07,-1.0352764615105984e-07,-3.434783540195467e-07,-8.035231078575768,-6.268891119783579,-0.9627233806767171,-4.392745371526727e-05,-8.865172772564925e-09,28.0,28.0,14.0,6.0,6.0,6.0
0.8986601890381429,1.0,2.430111983653752e-05,7.960774914704606e-05,-0.3499511673194469,0.0001041682056873514,0.2238411090603686,-0.3499511673194469,0.0001041682056873514,0.2238411090603686,-0.3499607752599902,0.00012517790233622082,0.22384864726642503,-0.3270214239703577,-1.4200227896319788,1.2360029220581055,-1.386092487965719,-1.5710504690753382,2.738032579421997,0.0,0.0,-0.0,0.0,0.0,0.0,-0.3269381388148038,-1.4200106630143536,1.2360025969897668,-1.3860795084753388,-1.5710137382749922,2.7380442065966943,2.56683965011809e-07,1.253577868391131e-06,-1.3756069963481432e-06,2.7608297413221708e-06,-2.698121995101754e-07,-6.964337913596151e-07,3.4839201918961624e-06,-8.035249987850136,-6.268910728452367,-0.962727985730304,-5.3336238740670807e-05,-3.5448136233204434e-08,28.0,28.0,14.0,6.0,6.0,6.0
0.9026601890381429,1.0,2.430111983653752e-05,7.960774914704606e-05,-0.3499511673194469,0.0001041682056873514,0.2238411090603686,-0.3499511673194469,0.0001041682056873514,0.2238411090603686,-0.3499607752599902,0.00012517790233622082,0.22384864726642503,-0.3270214239703577,-1.4200227896319788,1.2360029220581055,-1.386092487965719,-1.5710504690753382,2.738032579421997,0.0,0.0,-0.0,0.0,0.0,0.0,-0.32693813735588867,-1.4200106576290672,1.236002590553735,-1.3860794955857203,-1.5710137375034559,2.7380442020322406,3.6472878724686564e-07,1.3463216350765698e-06,-1.6090079509131396e-06,3.222404604995171e-06,1.9288412127997984e-07,-1.1411134002660315e-06,3.4839201918961624e-06,-8.035249987850136,-6.268910728452367,-0.962727985730304,-5.3336238740670807e-05,-3.5448136233204434e-08,28.0,28.0,14.0,6.0,6.0,6.0
0.9066601890381429,1.0,1.487891226339719e-05,4.459777891790546e-05,-0.3499511673194469,0.0001041682056873514,0.2238411090603686,-0.3499511673194469,0.0001041682056873514,0.2238411090603686,-0.34995623274408405,0.00011790954223111495,0.2238437356881265,-0.32699758211244756,-1.4199984709369105,1.235978603363037,-1.386045281087057,-1.5710623900042933,2.738032579421997,0.0,0.0,-0.0,0.0,0.0,0.0,-0.3269381366090211,-1.4200106543687727,1.2360025867335378,-1.3860794853556428,-1.5710137345526463,2.738044196679565,1.8671688620849451e-07,8.150736235264924e-07,-9.55049296029312e-07,2.557519372827753e-06,7.3770238602443e-07,-1.3381689442738258e-06,-8.797637249986735e-08,-8.035557269498835,-6.268905755243453,-0.962719383095164,-5.615065876617983e-05,-1.7720946054698102e-08,28.0,28.0,14.0,6.0,6.0,6.0
0.9113797890322752,1.0,1.487891226339719e-05,4.459777891790546e-05,-0.3499511673194469,0.0001041682056873514,0.2238411090603686,-0.3499511673194469,0.0001041682056873514,0.2238411090603686,-0.34995623274408405,0.00011790954223111495,0.2238437356881265,-0.32699758211244756,-1.4199984709369105,1.235978603363037,-1.386045281087057,-1.5710623900042933,2.738032579421997,0.0,0.0,-0.0,0.0,0.0,0.0,-0.32693813639618924,-1.4200106527022223,1.2360025848752165,-1.386079477120221,-1.5710137299673819,2.7380441907357227,5.3207960429716195e-08,4.166376148639343e-07,-4.645803048664413e-07,2.058855448702189e-06,1.1463160845827678e-06,-1.4859606022796715e-06,-8.797637249986735e-08,-8.035557269498835,-6.268905755243453,-0.962719383095164,-5.615065876617983e-05,-1.7720946054698102e-08,28.0,28.0,14.0,6.0,6.0,6.0
0.9153797890322752,1.0,1.487891226339719e-05,4.459777891790546e-05,-0.3499511673194469,0.0001041682056873514,0.2238411090603686,-0.3499511673194469,0.0001041682056873514,0.2238411090603686,-0.34995623274408405,0.00011790954223111495,0.2238437356881265,-0.32699758211244756,-1.4199984709369105,1.235978603363037,-1.386045281087057,-1.5710623900042933,2.738032579421997,0.0,0.0,-0.0,0.0,0.0,0.0,-0.32693813658388415,-1.4200106522309799,1.2360025844883022,-1.3860794703807908,-1.5710137241562765,2.7380441843485053,-4.692373390436755e-08,1.1781060836701573e-07,-9.672856149428831e-08,1.6848575056080162e-06,1.452776358501521e-06,-1.5968043457840557e-06,-8.797637249986735e-08,-8.035557269498835,-6.268905755243453,-0.962719383095164,-5.615065876617983e-05,-1.7720946054698102e-08,28.0,28.0,14.0,6.0,6.0,6.0
0.92012669802364,1.0,1.487891226339719e-05,4.459777891790546e-05,-0.3499511673194469,0.0001041682056873514,0.2238411090603686,-0.3499511673194469,0.0001041682056873514,0.2238411090603686,-0.34995623274408405,0.00011790954223111495,0.2238437356881265,-0.32699758211244756,-1.4199984709369105,1.235978603363037,-1.386045281087057,-1.5710623900042933,2.738032579421997,0.0,0.0,-0.0,0.0,0.0,0.0,-0.32693813707197417,-1.4200106526562184,1.2360025852049432,-1.3860794647633545,-1.5710137174257903,2.7380441776287565,-1.2202250465493038e-07,-1.0630964650567315e-07,1.791602460348264e-07,1.4043590482873866e-06,1.682621563940586e-06,-1.6799371534123439e-06,-8.797637249986735e-08,-8.035557269498835,-6.268905755243453,-0.962719383095164,-5.615065876617983e-05,-1.7720946054698102e-08,28.0,28.0,14.0,6.0,6.0,6.0
0.92412669802364,1.0,1.6983587748291446e-05,5.02403251448413e-05,-0.3499511673194469,0.0001041682056873514,0.2238411090603686,-0.3499511673194469,0.0001041682056873514,0.2238411090603686,-0.34996596005648534,0.00010229126849386473,0.22384923889988043,-0.3269737402545374,-1.4199984709369105,1.235966682434082,-1.3860686461078089,-1.5710142294513147,2.738020658493042,0.0,0.0,-0.0,0.0,0.0,0.0,-0.32693813757571866,-1.4200106521681555,1.2360025848077616,-1.3860794572903878,-1.5710137132001152,2.738044173242264,-1.259361236361588e-07,1.220157238033363e-07,-9.929538056915698e-08,1.8682416846297508e-06,1.0564187760292723e-06,-1.096623116442449e-06,-7.99439778488477e-06,-8.035523492697989,-6.268895379043282,-0.9627254752058222,-4.65649310152021e-05,8.85151030107908e-09,28.0,28.0,14.0,6.0,6.0,6.0
0.9283951170211662,1.0,1.6983587748291446e-05,5.02403251448413e-05,-0.3499511673194469,0.0001041682056873514,0.2238411090603686,-0.3499511673194469,0.0001041682056873514,0.2238411090603686,-0.34996596005648534,0.00010229126849386473,0.22384923889988043,-0.3269737402545374,-1.4199984709369105,1.235966682434082,-1.3860686461078089,-1.5710142294513147,2.738020658493042,0.0,0.0,-0.0,0.0,0.0,0.0,-0.32693813809120403,-1.4200106509951165,1.236002583575213,-1.3860794484257732,-1.5710137108530484,2.7380441706057135,-1.288713378720801e-07,2.9325975153509333e-07,-3.0813710052214453e-07,2.2161536618865237e-06,5.867666850957871e-07,-6.591375887150277e-07,-7.99439778488477e-06,-8.035523492697989,-6.268895379043282,-0.9627254752058222,-4.65649310152021e-05,8.85151030107908e-09,28.0,28.0,14.0,6.0,6.0,6.0
0.9323951170211662,1.0,1.1210176531638695e-05,5.163695499629357e-05,-0.3499511673194469,0.0001041682056873514,0.2238411090603686,-0.3499511673194469,0.0001041682056873514,0.2238411090603686,-0.34995731929206614,0.0001130440003573116,0.22384411597901394,-0.32699758211244756,-1.4200227896319788,1.2360148429870605,-1.386080567036764,-1.571038548146383,2.738044500350952,0.0,0.0,-0.0,0.0,0.0,0.0,-0.32693813833081364,-1.4200106491237572,1.2360025810115673,-1.386079438788805,-1.5710137083021305,2.7380441664022723,-5.99023969007132e-08,4.6783984585989827e-07,-6.40911417806934e-07,2.409242090928191e-06,6.377295043933918e-07,-1.0508603007301402e-06,-2.9712584688029334e-06,-8.035267526820293,-6.268921869170973,-0.9627242266221534,-5.123002325355125e-05,-2.6584318055892323e-08,28.0,28.0,14.0,6.0,6.0,6.0
0.9371740830086641,1.0,1.1210176531638695e-05,5.163695499629357e-05,-0.3499511673194469,0.0001041682056873514,0.2238411090603686,-0.3499511673194469,0.0001041682056873514,0.2238411090603686,-0.34995731929206614,0.0001130440003573116,0.22384411597901394,-0.32699758211244756,-1.4200227896319788,1.2360148429870605,-1.386080567036764,-1.571038548146383,2.738044500350952,0.0,0.0,-0.0,0.0,0.0,0.0,-0.32693813836351643,-1.4200106467286575,1.2360025774495986,-1.3860794285725713,-1.571013705598324,2.7380441610236628,-8.175691172188005e-09,5.98774916603502e-07,-8.904921557705262e-07,2.554058412709442e-06,6.759516188665952e-07,-1.3446523347414745e-06,-2.9712584688029334e-06,-8.035267526820293,-6.268921869170973,-0.9627242266221534,-5.123002325355125e-05,-2.6584318055892323e-08,28.0,28.0,14.0,6.0,6.0,6.0
0.9411740830086641,1.0,1.1210176531638695e-05,5.163695499629357e-05,-0.3499511673194469,0.0001041682056873514,0.2238411090603686,-0.3499511673194469,0.0001041682056873514,0.2238411090603686,-0.34995731929206614,0.0001130440003573116,0.22384411597901394,-0.32699758211244756,-1.4200227896319788,1.2360148429870605,-1.386080567036764,-1.571038548146383,2.738044500350952,0.0,0.0,-0.0,0.0,0.0,0.0,-0.32693813824103907,-1.4200106439407527,1.2360025731388877,-1.3860794179218887,-1.5710137027798512,2.7380441547636774,3.061933812420588e-08,6.969762196612048e-07,-1.0776777092432202e-06,2.6626706540453798e-06,7.046182047214978e-07,-1.5649963602499753e-06,-2.9712584688029334e-06,-8.035267526820293,-6.268921869170973,-0.9627242266221534,-5.123002325355125e-05,-2.6584318055892323e-08,28.0,28.0,14.0,6.0,6.0,6.0
0.9460385360266086,1.0,1.1210176531638695e-05,5.163695499629357e-05,-0.3499511673194469,0.0001041682056873514,0.2238411090603686,-0.3499511673194469,0.0001041682056873514,0.2238411090603686,-0.34995731929206614,0.0001130440003573116,0.22384411597901394,-0.32699758211244756,-1.4200227896319788,1.2360148429870605,-1.386080567036764,-1.571038548146383,2.738044500350952,0.0,0.0,-0.0,0.0,0.0,0.0,-0.32693813800217664,-1.420010640858244,1.2360025682666202,-1.3860794069453695,-1.5710136998753785,2.73804414784266,5.971561009650129e-08,7.706271969544819e-07,-1.2180668743477408e-06,2.744129835047333e-06,7.261181441126747e-07,-1.730254379381351e-06,-2.9712584688029334e-06,-8.035267526820293,-6.268921869170973,-0.9627242266221534,-5.123002325355125e-05,-2.6584318055892323e-08,28.0,28.0,14.0,6.0,6.0,6.0
0.9500385360266086,1.0,1.378951998734807e-05,4.915391454100697e-05,-0.3499511673194469,0.0001041682056873514,0.2238411090603686,-0.3499511673194469,0.0001041682056873514,0.2238411090603686,-0.3499628195690196,0.00010812018661538451,0.2238473346356932,-0.3269856611834925,-1.4200108687030237,1.2359905242919922,-1.386080567036764,-1.571026627217428,2.738032579421997,0.0,0.0,-0.0,0.0,0.0,0.0,-0.3269381378233838,-1.4200106374392945,1.2360025630120537,-1.386079395056081,-1.5710136976969833,2.738044141860527,4.469820326626211e-08,8.547374183672437e-07,-1.3136416409989433e-06,2.972322085966255e-06,5.445988338688621e-07,-1.495533221521047e-06,-6.8797224002067035e-06,-8.035389932956596,-6.268908935124267,-0.9627260106851007,-4.8946705588291904e-05,-8.867536265803488e-09,28.0,28.0,14.0,6.0,6.0,6.0
0.9543330760321118,1.0,1.378951998734807e-05,4.915391454100697e-05,-0.3499511673194469,0.0001041682056873514,0.2238411090603686,-0.3499511673194469,0.0001041682056873514,0.2238411090603686,-0.3499628195690196,0.00010812018661538451,0.2238473346356932,-0.3269856611834925,-1.4200108687030237,1.2359905242919922,-1.386080567036764,-1.571026627217428,2.738032579421997,0.0,0.0,-0.0,0.0,0.0,0.0,-0.32693813768964325,-1.420010633768014,1.236002557470763,-1.386079382482216,-1.5710136960631458,2.738044136582557,3.343514814358273e-08,9.178200844268151e-07,-1.3853227159873452e-06,3.143466274155446e-06,4.084593511860026e-07,-1.319492353125819e-06,-6.8797224002067035e-06,-8.035389932956596,-6.268908935124267,-0.9627260106851007,-4.8946705588291904e-05,-8.867536265803488e-09,28.0,28.0,14.0,6.0,6.0,6.0
0.9583330760321118,1.0,9.685376536700243e-06,3.968271273218685e-05,-0.3499511673194469,0.0001041682056873514,0.2238411090603686,-0.3499511673194469,0.0001041682056873514,0.2238411090603686,-0.3499431776296818,0.00010930949350555518,0.2238429901599633,-0.3269856611834925,-1.4200347105609339,1.2360148429870605,-1.3860209623919886,-1.5710623900042933,2.738032579421997,0.0,0.0,-0.0,0.0,0.0,0.0,-0.32693813833161367,-1.42001063136853,1.2360025543608801,-1.3860793745667892,-1.5710136924653904,2.738044131090774,-1.60492602605246e-07,5.998710164143214e-07,-7.774706828457945e-07,1.978856664538975e-06,8.994388842483613e-07,-1.372945766510588e-06,-1.0980858511792537e-05,-8.035117920917015,-6.268898896839891,-0.9627151086012822,-5.632787493192794e-05,-8.857088316811057e-09,28.0,28.0,14.0,6.0,6.0,6.0
0.9637128270366233,1.0,9.685376536700243e-06,3.968271273218685e-05,-0.3499511673194469,0.0001041682056873514,0.2238411090603686,-0.3499511673194469,0.0001041682056873514,0.2238411090603686,-0.3499431776296818,0.00010930949350555518,0.2238429901599633,-0.3269856611834925,-1.4200347105609339,1.2360148429870605,-1.3860209623919886,-1.5710623900042933,2.738032579421997,0.0,0.0,-0.0,0.0,0.0,0.0,-0.3269381395553673,-1.420010629922893,1.2360025530745535,-1.3860793701451914,-1.5710136873946963,2.738044125438631,-3.059384156668675e-07,3.614092154049511e-07,-3.2158165798963145e-07,1.105399457326621e-06,1.2676735340451304e-06,-1.413035826549165e-06,-1.0980858511792537e-05,-8.035117920917015,-6.268898896839891,-0.9627151086012822,-5.632787493192794e-05,-8.857088316811057e-09,28.0,28.0,14.0,6.0,6.0,6.0
0.9677128270366233,1.0,9.685376536700243e-06,3.968271273218685e-05,-0.3499511673194469,0.0001041682056873514,0.2238411090603686,-0.3499511673194469,0.0001041682056873514,0.2238411090603686,-0.3499431776296818,0.00010930949350555518,0.2238429901599633,-0.3269856611834925,-1.4200347105609339,1.2360148429870605,-1.3860209623919886,-1.5710623900042933,2.738032579421997,0.0,0.0,-0.0,0.0,0.0,0.0,-0.32693814121545844,-1.4200106291926415,1.236002553155894,-1.3860793683439652,-1.571013681219298,2.7380441196662173,-4.150227754630837e-07,1.8256286464792343e-07,2.0335110652490793e-08,4.5030655191735574e-07,1.5438495213927072e-06,-1.4431033715780975e-06,-1.0980858511792537e-05,-8.035117920917015,-6.268898896839891,-0.9627151086012822,-5.632787493192794e-05,-8.857088316811057e-09,28.0,28.0,14.0,6.0,6.0,6.0
0.9723896840102975,1.0,9.685376536700243e-06,3.968271273218685e-05,-0.3499511673194469,0.0001041682056873514,0.2238411090603686,-0.3499511673194469,0.0001041682056873514,0.2238411090603686,-0.3499431776296818,0.00010930949350555518,0.2238429901599633,-0.3269856611834925,-1.4200347105609339,1.2360148429870605,-1.3860209623919886,-1.5710623900042933,2.738032579421997,0.0,0.0,-0.0,0.0,0.0,0.0,-0.3269381432028026,-1.4200106289989292,1.2360025542629847,-1.3860793685080177,-1.571013674215372,2.738044113803601,-4.968360453102458e-07,4.8428101580152676e-08,2.7677268713408247e-07,-4.1013127139593235e-08,1.7509815119033899e-06,-1.465654030349797e-06,-1.0980858511792537e-05,-8.035117920917015,-6.268898896839891,-0.9627151086012822,-5.632787493192794e-05,-8.857088316811057e-09,28.0,28.0,14.0,6.0,6.0,6.0
0.9763896840102975,1.0,1.5462080528309392e-05,6.069437036688872e-05,-0.3499511673194469,0.0001041682056873514,0.2238411090603686,-0.3499511673194469,0.0001041682056873514,0.2238411090603686,-0.3499565770569208,0.00011851975830258927,0.22383914854710424,-0.3270214239703577,-1.4200108687030237,1.2360148429870605,-1.3860686461078089,-1.571026627217428,2.738044500350952,0.0,0.0,-0.0,0.0,0.0,0.0,-0.32693814350896283,-1.4200106288818926,1.2360025545080244,-1.386079367258174,-1.5710136689631315,2.7380441066359094,-7.654004566843512e-08,2.9259148336439434e-08,6.125994268226906e-08,3.1246096377365007e-07,1.3130601318516233e-06,-1.7919229761817594e-06,2.3008493617779956e-05,-8.035442658379692,-6.268934725917064,-0.9627201896040962,-4.841522452297372e-05,-4.429882574672593e-08,28.0,28.0,14.0,6.0,6.0,6.0
0.9805322460250467,1.0,1.5462080528309392e-05,6.069437036688872e-05,-0.3499511673194469,0.0001041682056873514,0.2238411090603686,-0.3499511673194469,0.0001041682056873514,0.2238411090603686,-0.3499565770569208,0.00011851975830258927,0.22383914854710424,-0.3270214239703577,-1.4200108687030237,1.2360148429870605,-1.3860686461078089,-1.571026627217428,2.738044500350952,0.0,0.0,-0.0,0.0,0.0,0.0,-0.32693814255423503,-1.4200106288223628,1.236002554106526,-1.3860793649479077,-1.5710136650246551,2.7380440984894108,2.386819540629228e-07,1.4882433403654502e-08,-1.0037461565659099e-07,5.775665319585825e-07,9.846190968127985e-07,-2.0366246855557313e-06,2.3008493617779956e-05,-8.035442658379692,-6.268934725917064,-0.9627201896040962,-4.841522452297372e-05,-4.429882574672593e-08,28.0,28.0,14.0,6.0,6.0,6.0
0.9845322460250467,1.0,1.928728943164278e-05,7.35693553468301e-05,-0.3499511673194469,0.0001041682056873514,0.2238411090603686,-0.3499511673194469,0.0001041682056873514,0.2238411090603686,-0.34996202528230186,9.678452928180652e-05,0.22385523653356798,-0.3269618193255823,-1.4200347105609339,1.2359905242919922,-1.386080567036764,-1.5710142294513147,2.7380564212799072,0.0,0.0,-0.0,0.0,0.0,0.0,-0.3269381423713456,-1.4200106260175334,1.2360025508713197,-1.3860793582962698,-1.5710136628926297,2.7380440910553347,4.572235672741703e-08,7.012073498958273e-07,-8.088015578869903e-07,1.6629094733257828e-06,5.330063709610123e-07,-1.858519016989564e-06,-2.8645099861095773e-05,-8.03505220708708,-6.268879980544429,-0.9627295990797381,-4.6742296014532745e-05,-8.87129224923451e-09,28.0,28.0,14.0,6.0,6.0,6.0
0.9893658290174794,1.0,1.928728943164278e-05,7.35693553468301e-05,-0.3499511673194469,0.0001041682056873514,0.2238411090603686,-0.3499511673194469,0.0001041682056873514,0.2238411090603686,-0.34996202528230186,9.678452928180652e-05,0.22385523653356798,-0.3269618193255823,-1.4200347105609339,1.2359905242919922,-1.386080567036764,-1.5710142294513147,2.7380564212799072,0.0,0.0,-0.0,0.0,0.0,0.0,-0.32693814276733496,-1.4200106211537291,1.2360025455108326,-1.3860793483886031,-1.5710136621154425,2.7380440841555758,-9.899734127421232e-08,1.215951037264957e-06,-1.3401217645597897e-06,2.476916679351183e-06,1.9429682657217262e-07,-1.7249397655649385e-06,-2.8645099861095773e-05,-8.03505220708708,-6.268879980544429,-0.9627295990797381,-4.6742296014532745e-05,-8.87129224923451e-09,28.0,28.0,14.0,6.0,6.0,6.0
0.9933658290174794,1.0,1.928728943164278e-05,7.35693553468301e-05,-0.3499511673194469,0.0001041682056873514,0.2238411090603686,-0.3499511673194469,0.0001041682056873514,0.2238411090603686,-0.34996202528230186,9.678452928180652e-05,0.22385523653356798,-0.3269618193255823,-1.4200347105609339,1.2359905242919922,-1.386080567036764,-1.5710142294513147,2.7380564212799072,0.0,0.0,-0.0,0.0,0.0,0.0,-0.3269381435974834,-1.420010614745694,1.2360025385563849,-1.3860793360389148,-1.5710136623543838,2.7380440776565544,-2.0753711477543434e-07,1.6020088027918043e-06,-1.7386119195643894e-06,3.087422083870233e-06,-5.973533171945717e-08,-1.6247553269964695e-06,-2.8645099861095773e-05,-8.03505220708708,-6.268879980544429,-0.9627295990797381,-4.6742296014532745e-05,-8.87129224923451e-09,28.0,28.0,14.0,6.0,6.0,6.0
0.9981982250101868,1.0,1.928728943164278e-05,7.35693553468301e-05,-0.3499511673194469,0.0001041682056873514,0.2238411090603686,-0.3499511673194469,0.0001041682056873514,0.2238411090603686,-0.34996202528230186,9.678452928180652e-05,0.22385523653356798,-0.3269618193255823,-1.4200347105609339,1.2359905242919922,-1.386080567036764,-1.5710142294513147,2.7380564212799072,0.0,0.0,-0.0,0.0,0.0,0.0,-0.32693814475325117,-1.4200106071794854,1.2360025304064668,-1.38607932185771,-1.5710136633554215,2.7380440714580865,-2.8894194490135084e-07,1.8915521269369398e-06,-2.037479535817839e-06,3.5453011372595207e-06,-2.502594504381795e-07,-1.5496169980701176e-06,-2.8645099861095773e-05,-8.03505220708708,-6.268879980544429,-0.9627295990797381,-4.6742296014532745e-05,-8.87129224923451e-09,28.0,28.0,14.0,6.0,6.0,6.0
1.0021982250101868,1.0,9.367633944185766e-06,2.0120430505160035e-05,-0.3499511673194469,0.0001041682056873514,0.2238411090603686,-0.3499511673194469,0.0001041682056873514,0.2238411090603686,-0.3499589786864976,0.00010526226604047219,0.2238360555326448,-0.3269737402545374,-1.4199984709369105,1.2360148429870605,-1.386080567036764,-1.571038548146383,2.738044500350952,0.0,0.0,-0.0,0.0,0.0,0.0,-0.32693814626204354,-1.42001060207844,1.2360025238740238,-1.3860793095002752,-1.571013663315169,2.7380440653762577,-3.771980907898741e-07,1.275261362418249e-06,-1.6331107656108747e-06,3.089358706181853e-06,1.0063093994177945e-08,-1.5204572030751364e-06,-7.07663923495017e-06,-8.03560013829996,-6.268950674252506,-0.9627208060834751,-5.158413628812707e-05,-8.861303331822126e-09,28.0,28.0,14.0,6.0,6.0,6.0
1.0064191510092937,1.0,9.367633944185766e-06,2.0120430505160035e-05,-0.3499511673194469,0.0001041682056873514,0.2238411090603686,-0.3499511673194469,0.0001041682056873514,0.2238411090603686,-0.3499589786864976,0.00010526226604047219,0.2238360555326448,-0.3269737402545374,-1.4199984709369105,1.2360148429870605,-1.386080567036764,-1.571038548146383,2.738044500350952,0.0,0.0,-0.0,0.0,0.0,0.0,-0.32693814803560434,-1.4200105988262668,1.236002518554687,-1.3860792985106678,-1.571013662493949,2.738044059381908,-4.433902002062665e-07,8.130432890292309e-07,-1.3298341879556516e-06,2.747401882873602e-06,2.05305002318446e-07,-1.4985873568289007e-06,-7.07663923495017e-06,-8.03560013829996,-6.268950674252506,-0.9627208060834751,-5.158413628812707e-05,-8.861303331822126e-09,28.0,28.0,14.0,6.0,6.0,6.0
1.0104191510092937,1.0,1.139403087103608e-05,6.097890173483527e-05,-0.3499511673194469,0.0001041682056873514,0.2238411090603686,-0.3499511673194469,0.0001041682056873514,0.2238411090603686,-0.34995967582506526,0.00010967097792669557,0.22384631950846015,-0.3269856611834925,-1.4200108687030237,1.2359905242919922,-1.3860686461078089,-1.571038548146383,2.7380685806274414,0.0,0.0,-0.0,0.0,0.0,0.0,-0.32693814961344886,-1.42001059577334,1.236002513704388,-1.3860792876487882,-1.5710136610871572,2.7380440514586035,-3.94461128801853e-07,7.632316869429422e-07,-1.2125747603060978e-06,2.7154698994324614e-06,3.5169795540049354e-07,-1.9808261679319322e-06,-8.009219188001243e-06,-8.035393896473783,-6.268907257069185,-0.9627238285159079,-5.140708652570435e-05,-3.562096684632271e-08,28.0,28.0,14.0,6.0,6.0,6.0
1.015128065997735,1.0,1.139403087103608e-05,6.097890173483527e-05,-0.3499511673194469,0.0001041682056873514,0.2238411090603686,-0.3499511673194469,0.0001041682056873514,0.2238411090603686,-0.34995967582506526,0.00010967097792669557,0.22384631950846015,-0.3269856611834925,-1.4200108687030237,1.2359905242919922,-1.3860686461078089,-1.571038548146383,2.7380685806274414,0.0,0.0,-0.0,0.0,0.0,0.0,-0.3269381510445062,-1.420010592869848,1.2360025092058673,-1.3860792768827046,-1.5710136592411865,2.7380440420885823,-3.5776432524854293e-07,7.258729853782256e-07,-1.1246301895689325e-06,2.691520911851606e-06,4.614926702120292e-07,-2.3425052762592057e-06,-8.009219188001243e-06,-8.035393896473783,-6.268907257069185,-0.9627238285159079,-5.140708652570435e-05,-3.562096684632271e-08,28.0,28.0,14.0,6.0,6.0,6.0
1.019128065997735,1.0,1.139403087103608e-05,6.097890173483527e-05,-0.3499511673194469,0.0001041682056873514,0.2238411090603686,-0.3499511673194469,0.0001041682056873514,0.2238411090603686,-0.34995967582506526,0.00010967097792669557,0.22384631950846015,-0.3269856611834925,-1.4200108687030237,1.2359905242919922,-1.3860686461078089,-1.571038548146383,2.7380685806274414,0.0,0.0,-0.0,0.0,0.0,0.0,-0.3269381523654731,-1.4200105900784323,1.2360025049711802,-1.386079266188468,-1.5710136570658317,2.7380440316335237,-3.3024172258356036e-07,6.978539592046881e-07,-1.0586717615160583e-06,2.6735591711659646e-06,5.43838706320681e-07,-2.613764607504661e-06,-8.009219188001243e-06,-8.035393896473783,-6.268907257069185,-0.9627238285159079,-5.140708652570435e-05,-3.562096684632271e-08,28.0,28.0,14.0,6.0,6.0,6.0
1.0240222030018926,1.0,1.139403087103608e-05,6.097890173483527e-05,-0.3499511673194469,0.0001041682056873514,0.2238411090603686,-0.3499511673194469,0.0001041682056873514,0.2238411090603686,-0.34995967582506526,0.00010967097792669557,0.22384631950846015,-0.3269856611834925,-1.4200108687030237,1.2359905242919922,-1.3860686461078089,-1.571038548146383,2.7380685806274414,0.0,0.0,-0.0,0.0,0.0,0.0,-0.3269381536038722,-1.4200105873710736,1.2360025009343685,-1.3860792555481165,-1.5710136546434388,2.738044020364687,-3.095997705848234e-07,6.76839689574535e-07,-1.0092029404764028e-06,2.6600878656517335e-06,6.055982334021698e-07,-2.817209105938752e-06,-8.009219188001243e-06,-8.035393896473783,-6.268907257069185,-0.9627238285159079,-5.140708652570435e-05,-3.562096684632271e-08,28.0,28.0,14.0,6.0,6.0,6.0
1.0280222030018926,1.0,1.73068051675432e-05,5.621670774926371e-05,-0.3499511673194469,0.0001041682056873514,0.2238411090603686,-0.3499511673194469,0.0001041682056873514,0.2238411090603686,-0.3499545757818906,0.00011734754434337238,0.22385179610493047,-0.32699758211244756,-1.4200227896319788,1.235978603363037,-1.386045281087057,-1.5710623900042933,2.738032579421997,0.0,0.0,-0.0,0.0,0.0,0.0,-0.32693815488055816,-1.4200105845563973,1.236002497697578,-1.3860792457388396,-1.5710136504544239,2.7380440099831853,-3.19171488756785e-07,7.036690732917219e-07,-8.091976082120021e-07,2.4523192107352655e-06,1.0472537237200327e-06,-2.5953755163505766e-06,-1.0850347331315237e-05,-8.035218898734286,-6.268876609648442,-0.9627229227758497,-5.61508024042146e-05,-1.7725431550487818e-08,28.0,28.0,14.0,6.0,6.0,6.0
1.0324212270102002,1.0,1.73068051675432e-05,5.621670774926371e-05,-0.3499511673194469,0.0001041682056873514,0.2238411090603686,-0.3499511673194469,0.0001041682056873514,0.2238411090603686,-0.3499545757818906,0.00011734754434337238,0.22385179610493047,-0.32699758211244756,-1.4200227896319788,1.235978603363037,-1.386045281087057,-1.5710623900042933,2.738032579421997,0.0,0.0,-0.0,0.0,0.0,0.0,-0.3269381561859593,-1.4200105816612327,1.2360024950608037,-1.3860792365528687,-1.5710136449404426,2.738044000267184,-3.2635027738575623e-07,7.237911110796121e-07,-6.591936090137016e-07,2.2964927195479146e-06,1.37849534145843e-06,-2.4290003241594453e-06,-1.0850347331315237e-05,-8.035218898734286,-6.268876609648442,-0.9627229227758497,-5.61508024042146e-05,-1.7725431550487818e-08,28.0,28.0,14.0,6.0,6.0,6.0
1.0364212270102002,1.0,9.614602892929809e-06,3.560853764183494e-05,-0.3499511673194469,0.0001041682056873514,0.2238411090603686,-0.3499511673194469,0.0001041682056873514,0.2238411090603686,-0.3499573767458969,0.00011150824602751488,0.223841195198374,-0.3269856611834925,-1.4199984709369105,1.2359905242919922,-1.3860567251788538,-1.5710504690753382,2.738044500350952,0.0,0.0,-0.0,0.0,0.0,0.0,-0.3269381576596654,-1.4200105801660339,1.236002493581846,-1.3860792287263761,-1.5710136392233596,2.7380439909035057,-3.684265219847099e-07,3.7379968874035704e-07,-3.6973941257617543e-07,1.9566231393146916e-06,1.4292707366538268e-06,-2.340919563654272e-06,-3.696105098287661e-06,-8.035570361182854,-6.268920436306513,-0.962719841623371,-5.386738944965301e-05,-1.7720810091165682e-08,28.0,28.0,14.0,6.0,6.0,6.0
1.0416810580096212,1.0,9.614602892929809e-06,3.560853764183494e-05,-0.3499511673194469,0.0001041682056873514,0.2238411090603686,-0.3499511673194469,0.0001041682056873514,0.2238411090603686,-0.3499573767458969,0.00011150824602751488,0.223841195198374,-0.3269856611834925,-1.4199984709369105,1.2359905242919922,-1.3860567251788538,-1.5710504690753382,2.738044500350952,0.0,0.0,-0.0,0.0,0.0,0.0,-0.3269381592596002,-1.4200105797208094,1.236002492971251,-1.3860792219194924,-1.5710136333539504,2.73804398180407,-3.9998370543392514e-07,1.1130612198591572e-07,-1.526487652480308e-07,1.7017209541397746e-06,1.4673522830503743e-06,-2.2748589932753927e-06,-3.696105098287661e-06,-8.035570361182854,-6.268920436306513,-0.962719841623371,-5.386738944965301e-05,-1.7720810091165682e-08,28.0,28.0,14.0,6.0,6.0,6.0
1.0456810580096212,1.0,9.614602892929809e-06,3.560853764183494e-05,-0.3499511673194469,0.0001041682056873514,0.2238411090603686,-0.3499511673194469,0.0001041682056873514,0.2238411090603686,-0.3499573767458969,0.00011150824602751488,0.223841195198374,-0.3269856611834925,-1.4199984709369105,1.2359905242919922,-1.3860567251788538,-1.5710504690753382,2.738044500350952,0.0,0.0,-0.0,0.0,0.0,0.0,-0.3269381609542066,-1.4200105800630656,1.2360024930119278,-1.3860792158773152,-1.5710136273702966,2.7380439729028154,-4.2365159302083655e-07,-8.55640530799153e-08,1.0169220248077627e-08,1.5105443152585868e-06,1.495913442847785e-06,-2.225313565491233e-06,-3.696105098287661e-06,-8.035570361182854,-6.268920436306513,-0.962719841623371,-5.386738944965301e-05,-1.7720810091165682e-08,28.0,28.0,14.0,6.0,6.0,6.0
1.0501026410080962,1.0,9.614602892929809e-06,3.560853764183494e-05,-0.3499511673194469,0.0001041682056873514,0.2238411090603686,-0.3499511673194469,0.0001041682056873514,0.2238411090603686,-0.3499573767458969,0.00011150824602751488,0.223841195198374,-0.3269856611834925,-1.4199984709369105,1.2359905242919922,-1.3860567251788538,-1.5710504690753382,2.738044500350952,0.0,0.0,-0.0,0.0,0.0,0.0,-0.3269381627198166,-1.4200105809959322,1.2360024935410585,-1.3860792104086679,-1.5710136213009593,2.7380439641501972,-4.414025087110201e-07,-2.3321668437928855e-07,1.3228270937015895e-07,1.3671618360976958e-06,1.5173343126958429e-06,-2.188154494653113e-06,-3.696105098287661e-06,-8.035570361182854,-6.268920436306513,-0.962719841623371,-5.386738944965301e-05,-1.7720810091165682e-08,28.0,28.0,14.0,6.0,6.0,6.0
1.0541026410080963,1.0,1.3358945448344632e-05,5.443795355110969e-05,-0.3499511673194469,0.0001041682056873514,0.2238411090603686,-0.3499511673194469,0.0001041682056873514,0.2238411090603686,-0.3499593101284816,0.00011322571556276909,0.2238356211099886,-0.3269737402545374,-1.4199865500079554,1.2360029220581055,-1.386080567036764,-1.5710743109332483,2.7380564212799072,0.0,0.0,-0.0,0.0,0.0,0.0,-0.3269381654280661,-1.4200105830164567,1.236002494325927,-1.3860792046464703,-1.5710136135855326,2.738043954619678,-6.770623662008256e-07,-5.051310837286148e-07,1.9621711736109104e-07,1.4405493999401638e-06,1.928856676208669e-06,-2.3826297756616216e-06,-1.4847916500197132e-05,-8.035746901014203,-6.268951849082964,-0.9627207676261781,-5.896535460119271e-05,-1.7720824106668226e-08,28.0,28.0,14.0,6.0,6.0,6.0
1.0583354400021494,1.0,1.3358945448344632e-05,5.443795355110969e-05,-0.3499511673194469,0.0001041682056873514,0.2238411090603686,-0.3499511673194469,0.0001041682056873514,0.2238411090603686,-0.3499593101284816,0.00011322571556276909,0.2238356211099886,-0.3269737402545374,-1.4199865500079554,1.2360029220581055,-1.386080567036764,-1.5710743109332483,2.7380564212799072,0.0,0.0,-0.0,0.0,0.0,0.0,-0.32693816884329513,-1.420010585852724,1.2360024953025985,-1.38607919866411,-1.5710136046355387,2.7380439445057334,-8.538072593181796e-07,-7.090668832406094e-07,2.441679233542901e-07,1.4955900728220147e-06,2.2374984488432883e-06,-2.5284862364180028e-06,-1.4847916500197132e-05,-8.035746901014203,-6.268951849082964,-0.9627207676261781,-5.896535460119271e-05,-1.7720824106668226e-08,28.0,28.0,14.0,6.0,6.0,6.0
1.0623354400021494,1.0,1.3358945448344632e-05,5.443795355110969e-05,-0.3499511673194469,0.0001041682056873514,0.2238411090603686,-0.3499511673194469,0.0001041682056873514,0.2238411090603686,-0.3499593101284816,0.00011322571556276909,0.2238356211099886,-0.3269737402545374,-1.4199865500079554,1.2360029220581055,-1.386080567036764,-1.5710743109332483,2.7380564212799072,0.0,0.0,-0.0,0.0,0.0,0.0,-0.32693817278875886,-1.420010589300799,1.2360024964231227,-1.3860791925166276,-1.5710135947596195,2.738043933954219,-9.863659291561952e-07,-8.620187328746054e-07,2.8013102784918936e-07,1.536870577483403e-06,2.468979778319253e-06,-2.637878581985289e-06,-1.4847916500197132e-05,-8.035746901014203,-6.268951849082964,-0.9627207676261781,-5.896535460119271e-05,-1.7720824106668226e-08,28.0,28.0,14.0,6.0,6.0,6.0
1.067159523999086,1.0,9.328167293904071e-06,1.619843268551705e-05,-0.3499511673194469,0.0001041682056873514,0.2238411090603686,-0.3499511673194469,0.0001041682056873514,0.2238411090603686,-0.3499585369573394,0.00010928471916301399,0.22383855476354758,-0.3269856611834925,-1.4199984709369105,1.2360029220581055,-1.3860686461078089,-1.571038548146383,2.738020658493042,0.0,0.0,-0.0,0.0,0.0,0.0,-0.3269381759950718,-1.4200105924593438,1.2360024972365098,-1.3860791865786135,-1.5710135865618935,2.7380439257933724,-8.015782346199759e-07,-7.896361733643773e-07,2.0334679858661125e-07,1.4845034963492797e-06,2.049431529145088e-06,-2.0402116109510214e-06,1.1228405863294012e-07,-8.035586971033887,-6.268935882865318,-0.9627202600489884,-5.140698501599181e-05,-1.925675731202372e-12,28.0,28.0,14.0,6.0,6.0,6.0
1.071159523999086,1.0,9.328167293904071e-06,1.619843268551705e-05,-0.3499511673194469,0.0001041682056873514,0.2238411090603686,-0.3499511673194469,0.0001041682056873514,0.2238411090603686,-0.3499585369573394,0.00010928471916301399,0.22383855476354758,-0.3269856611834925,-1.4199984709369105,1.2360029220581055,-1.3860686461078089,-1.571038548146383,2.738020658493042,0.0,0.0,-0.0,0.0,0.0,0.0,-0.3269381786470217,-1.420010595400741,1.2360024978195443,-1.3860791807977009,-1.5710135796228122,2.738043919425527,-6.629874637178115e-07,-7.353492537317063e-07,1.4575862663967764e-07,1.4452281854986873e-06,1.7347703422644641e-06,-1.591961382675321e-06,1.1228405863294012e-07,-8.035586971033887,-6.268935882865318,-0.9627202600489884,-5.140698501599181e-05,-1.925675731202372e-12,28.0,28.0,14.0,6.0,6.0,6.0
1.0758304449846041,1.0,9.328167293904071e-06,1.619843268551705e-05,-0.3499511673194469,0.0001041682056873514,0.2238411090603686,-0.3499511673194469,0.0001041682056873514,0.2238411090603686,-0.3499585369573394,0.00010928471916301399,0.22383855476354758,-0.3269856611834925,-1.4199984709369105,1.2360029220581055,-1.3860686461078089,-1.571038548146383,2.738020658493042,0.0,0.0,-0.0,0.0,0.0,0.0,-0.3269381808831992,-1.4200105981792772,1.2360024982298143,-1.386079175134614,-1.5710135736277144,2.738043914402432,-5.590443855411881e-07,-6.94634064007203e-07,1.0256749767947744e-07,1.415771702360743e-06,1.4987744521039962e-06,-1.2557737114685457e-06,1.1228405863294012e-07,-8.035586971033887,-6.268935882865318,-0.9627202600489884,-5.140698501599181e-05,-1.925675731202372e-12,28.0,28.0,14.0,6.0,6.0,6.0
1.0798304449846041,1.0,2.471473509270427e-05,8.717447263223451e-05,-0.3499511673194469,0.0001041682056873514,0.2238411090603686,-0.3499511673194469,0.0001041682056873514,0.2238411090603686,-0.34996442334074757,0.0001233046117898584,0.22384940930081448,-0.32699758211244756,-1.4200108687030237,1.2359905242919922,-1.3861048857318323,-1.5710743109332483,2.738020658493042,0.0,0.0,-0.0,0.0,0.0,0.0,-0.32693818315578693,-1.420010598864956,1.2360024962676086,-1.3860791652389304,-1.571013565968334,2.7380439092487547,-5.681469392088905e-07,-1.7141971610639455e-07,-4.905514271630894e-07,2.47392091779272e-06,1.914845120932776e-06,-1.2884193401183367e-06,-1.8212434684319224e-05,-8.035386091403472,-6.268912784884616,-0.9627304034284215,-5.8611319079701265e-05,-8.872971809876161e-09,28.0,28.0,14.0,6.0,6.0,6.0
1.0840691799959172,1.0,2.471473509270427e-05,8.717447263223451e-05,-0.3499511673194469,0.0001041682056873514,0.2238411090603686,-0.3499511673194469,0.0001041682056873514,0.2238411090603686,-0.34996442334074757,0.0001233046117898584,0.22384940930081448,-0.32699758211244756,-1.4200108687030237,1.2359905242919922,-1.3861048857318323,-1.5710743109332483,2.738020658493042,0.0,0.0,-0.0,0.0,0.0,0.0,-0.3269381854556824,-1.4200105979809918,1.2360024925260462,-1.386079152168799,-1.5710135570607415,2.7380439039971405,-5.749738544596673e-07,2.2099104481921167e-07,-9.353906207950146e-07,3.2675328293667026e-06,2.226898122554361e-06,-1.3129035616056799e-06,-1.8212434684319224e-05,-8.035386091403472,-6.268912784884616,-0.9627304034284215,-5.8611319079701265e-05,-8.872971809876161e-09,28.0,28.0,14.0,6.0,6.0,6.0
1.0880691799959172,1.0,2.7408923911068053e-06,2.038122630191766e-05,-0.3499511673194469,0.0001041682056873514,0.2238411090603686,-0.3499511673194469,0.0001041682056873514,0.2238411090603686,-0.34994990694867184,0.00010218561293450397,0.22384252089696868,-0.3269737402545374,-1.4200347105609339,1.2360267639160156,-1.3860567251788538,-1.571038548146383,2.738020658493042,0.0,0.0,-0.0,0.0,0.0,0.0,-0.3269381878230394,-1.4200105966865972,1.2360024888940133,-1.3860791414127591,-1.5710135495889956,2.7380439002070145,-5.918392650208924e-07,3.2359866214116273e-07,-9.080082352730001e-07,2.68900997309751e-06,1.8679364691907863e-06,-9.475315417653604e-07,-1.5884435441675568e-05,-8.035123162526238,-6.268917045945622,-0.9627200198126324,-5.1584263398650465e-05,8.85736294293784e-09,28.0,28.0,14.0,6.0,6.0,6.0
1.0928944519821093,1.0,2.7408923911068053e-06,2.038122630191766e-05,-0.3499511673194469,0.0001041682056873514,0.2238411090603686,-0.3499511673194469,0.0001041682056873514,0.2238411090603686,-0.34994990694867184,0.00010218561293450397,0.22384252089696868,-0.3269737402545374,-1.4200347105609339,1.2360267639160156,-1.3860567251788538,-1.571038548146383,2.738020658493042,0.0,0.0,-0.0,0.0,0.0,0.0,-0.3269381902409927,-1.4200105950843798,1.2360024853441276,-1.3860791323922879,-1.5710135431941348,2.7380438975130046,-6.044883229418112e-07,4.0055437513262605e-07,-8.874714461314893e-07,2.2551178308956157e-06,1.5987152291681052e-06,-6.735025268851209e-07,-1.5884435441675568e-05,-8.035123162526238,-6.268917045945622,-0.9627200198126324,-5.1584263398650465e-05,8.85736294293784e-09,28.0,28.0,14.0,6.0,6.0,6.0
1.0968944519821093,1.0,2.7408923911068053e-06,2.038122630191766e-05,-0.3499511673194469,0.0001041682056873514,0.2238411090603686,-0.3499511673194469,0.0001041682056873514,0.2238411090603686,-0.34994990694867184,0.00010218561293450397,0.22384252089696868,-0.3269737402545374,-1.4200347105609339,1.2360267639160156,-1.3860567251788538,-1.571038548146383,2.738020658493042,0.0,0.0,-0.0,0.0,0.0,0.0,-0.32693819269689317,-1.4200105932512952,1.2360024818558522,-1.386079124673493,-1.5710135376069376,2.7380438956410815,-6.139751163825003e-07,4.582711598762235e-07,-8.720688542753562e-07,1.929698724244195e-06,1.3967992991510944e-06,-4.679807657249412e-07,-1.5884435441675568e-05,-8.035123162526238,-6.268917045945622,-0.9627200198126324,-5.1584263398650465e-05,8.85736294293784e-09,28.0,28.0,14.0,6.0,6.0,6.0
1.1014846349838194,1.0,2.7408923911068053e-06,2.038122630191766e-05,-0.3499511673194469,0.0001041682056873514,0.2238411090603686,-0.3499511673194469,0.0001041682056873514,0.2238411090603686,-0.34994990694867184,0.00010218561293450397,0.22384252089696868,-0.3269737402545374,-1.4200347105609339,1.2360267639160156,-1.3860567251788538,-1.571038548146383,2.738020658493042,0.0,0.0,-0.0,0.0,0.0,0.0,-0.326938195181254,-1.4200105912450602,1.2360024784137844,-1.3860791179309553,-1.5710135326254882,2.738043894385724,-6.210902114630171e-07,5.015587484339216e-07,-8.605169103832564e-07,1.6856343942556295e-06,1.2453623516383362e-06,-3.138394448548065e-07,-1.5884435441675568e-05,-8.035123162526238,-6.268917045945622,-0.9627200198126324,-5.1584263398650465e-05,8.85736294293784e-09,28.0,28.0,14.0,6.0,6.0,6.0
1.1054846349838194,1.0,1.1535121799915738e-05,3.939507436901252e-05,-0.3499511673194469,0.0001041682056873514,0.2238411090603686,-0.3499511673194469,0.0001041682056873514,0.2238411090603686,-0.34995817144376284,0.00011333302774432463,0.2238411945832895,-0.32699758211244756,-1.4199984709369105,1.2359905242919922,-1.3860567251788538,-1.571038548146383,2.738044500350952,0.0,0.0,-0.0,0.0,0.0,0.0,-0.3269381968970055,-1.4200105902968008,1.2360024761900488,-1.3860791119159355,-1.57101352809884,2.7380438912186826,-4.2893786916928004e-07,2.3706488656094563e-07,-5.559339318541946e-07,1.5037549688613478e-06,1.131662018219485e-06,-7.917603244308255e-07,7.23390271566915e-06,-8.035573012116092,-6.268920561187781,-0.9627197818563907,-5.1229836142763724e-05,-2.6580131737239394e-08,28.0,28.0,14.0,6.0,6.0,6.0
1.109540522968397,1.0,1.1535121799915738e-05,3.939507436901252e-05,-0.3499511673194469,0.0001041682056873514,0.2238411090603686,-0.3499511673194469,0.0001041682056873514,0.2238411090603686,-0.34995817144376284,0.00011333302774432463,0.2238411945832895,-0.32699758211244756,-1.4199984709369105,1.2359905242919922,-1.3860567251788538,-1.571038548146383,2.738044500350952,0.0,0.0,-0.0,0.0,0.0,0.0,-0.3269381980362999,-1.4200105901420228,1.236002474880062,-1.3860791064465539,-1.571013523913293,2.738043886617879,-2.8482361244897723e-07,3.86944901562137e-08,-3.2749669795739835e-07,1.3673453998156367e-06,1.0463867681553466e-06,-1.1502009841128398e-06,7.23390271566915e-06,-8.035573012116092,-6.268920561187781,-0.9627197818563907,-5.1229836142763724e-05,-2.6580131737239394e-08,28.0,28.0,14.0,6.0,6.0,6.0
1.113540522968397,1.0,1.1535121799915738e-05,3.939507436901252e-05,-0.3499511673194469,0.0001041682056873514,0.2238411090603686,-0.3499511673194469,0.0001041682056873514,0.2238411090603686,-0.34995817144376284,0.00011333302774432463,0.2238411945832895,-0.32699758211244756,-1.4199984709369105,1.2359905242919922,-1.3860567251788538,-1.571038548146383,2.738044500350952,0.0,0.0,-0.0,0.0,0.0,0.0,-0.3269381987432516,-1.4200105905823561,1.2360024742553868,-1.386079101386401,-1.5710135199835717,2.738043880941753,-1.7673791990875015e-07,-1.1008330714733526e-07,-1.5616877253480114e-07,1.2650382230313534e-06,9.824303306072428e-07,-1.4190314788743505e-06,7.23390271566915e-06,-8.035573012116092,-6.268920561187781,-0.9627197818563907,-5.1229836142763724e-05,-2.6580131737239394e-08,28.0,28.0,14.0,6.0,6.0,6.0
1.1183681699435697,1.0,5.32356754783016e-06,3.955404264677455e-05,-0.3499511673194469,0.0001041682056873514,0.2238411090603686,-0.3499511673194469,0.0001041682056873514,0.2238411090603686,-0.34994796960594526,0.00010259046876594303,0.22384506200180562,-0.3269618193255823,-1.4200347105609339,1.2360148429870605,-1.386045281087057,-1.5710623900042933,2.738032579421997,0.0,0.0,-0.0,0.0,0.0,0.0,-0.3269382008055399,-1.420010590504621,1.2360024736116404,-1.386079097033518,-1.5710135146633875,2.738043875943614,-5.155720856255794e-07,1.943378224625449e-08,-1.609366082411697e-07,1.0882207561725081e-06,1.3300460920236302e-06,-1.2495348495978811e-06,-3.0622297185574515e-05,-8.035104542567943,-6.2689020720856385,-0.9627196806315955,-5.6682218906275665e-05,8.857170898827396e-09,28.0,28.0,14.0,6.0,6.0,6.0
1.1223681699435697,1.0,5.32356754783016e-06,3.955404264677455e-05,-0.3499511673194469,0.0001041682056873514,0.2238411090603686,-0.3499511673194469,0.0001041682056873514,0.2238411090603686,-0.34994796960594526,0.00010259046876594303,0.22384506200180562,-0.3269618193255823,-1.4200347105609339,1.2360148429870605,-1.386045281087057,-1.5710623900042933,2.738032579421997,0.0,0.0,-0.0,0.0,0.0,0.0,-0.32693820388433076,-1.4200105900383346,1.2360024729535906,-1.3860790932110874,-1.5710135083003558,2.7380438714539643,-7.696977099132013e-07,1.165715992914468e-07,-1.6451248502094612e-07,9.556076560283744e-07,1.5907579130859207e-06,-1.1224123776405292e-06,-3.0622297185574515e-05,-8.035104542567943,-6.2689020720856385,-0.9627196806315955,-5.6682218906275665e-05,8.857170898827396e-09,28.0,28.0,14.0,6.0,6.0,6.0
1.127154259937583,1.0,5.32356754783016e-06,3.955404264677455e-05,-0.3499511673194469,0.0001041682056873514,0.2238411090603686,-0.3499511673194469,0.0001041682056873514,0.2238411090603686,-0.34994796960594526,0.00010259046876594303,0.22384506200180562,-0.3269618193255823,-1.4200347105609339,1.2360148429870605,-1.386045281087057,-1.5710623900042933,2.738032579421997,0.0,0.0,-0.0,0.0,0.0,0.0,-0.3269382077254985,-1.4200105892806347,1.236002472284813,-1.386079089786496,-1.5710135011551887,2.738043867345682,-9.602919281289179e-07,1.8942496207534102e-07,-1.6719439260577843e-07,8.56147830920274e-07,1.7862917788826386e-06,-1.0270705236725151e-06,-3.0622297185574515e-05,-8.035104542567943,-6.2689020720856385,-0.9627196806315955,-5.6682218906275665e-05,8.857170898827396e-09,28.0,28.0,14.0,6.0,6.0,6.0
1.131154259937583,1.0,2.181404350269382e-05,8.555976604183642e-05,-0.3499511673194469,0.0001041682056873514,0.2238411090603686,-0.3499511673194469,0.0001041682056873514,0.2238411090603686,-0.3499583737723433,0.00012125275769867409,0.22385259982244787,-0.32699758211244756,-1.4200347105609339,1.2360029220581055,-1.386092487965719,-1.5710743109332483,2.738008499145508,0.0,0.0,-0.0,0.0,0.0,0.0,-0.32693821120210126,-1.4200105865611508,1.2360024691593807,-1.386079082032344,-1.5710134926332677,2.7380438636846764,-8.691507003927175e-07,6.798709675144387e-07,-7.813580994929823e-07,1.9385379721961303e-06,2.130480219673811e-06,-9.152514697563975e-07,-2.3668674000294007e-05,-8.035078817128987,-6.268896192005821,-0.9627298399518096,-5.861139912440603e-05,1.637707994128709e-10,28.0,28.0,14.0,6.0,6.0,6.0
1.135192337949528,1.0,2.181404350269382e-05,8.555976604183642e-05,-0.3499511673194469,0.0001041682056873514,0.2238411090603686,-0.3499511673194469,0.0001041682056873514,0.2238411090603686,-0.3499583737723433,0.00012125275769867409,0.22385259982244787,-0.32699758211244756,-1.4200347105609339,1.2360029220581055,-1.386092487965719,-1.5710743109332483,2.738008499145508,0.0,0.0,-0.0,0.0,0.0,0.0,-0.32693821440528037,-1.4200105823703288,1.236002464191457,-1.3860790710310218,-1.5710134830787816,2.7380438603591277,-8.007947795905672e-07,1.0477054715937618e-06,-1.2419808796583853e-06,2.7503305781530228e-06,2.3886215502671905e-06,-8.313871793193094e-07,-2.3668674000294007e-05,-8.035078817128987,-6.268896192005821,-0.9627298399518096,-5.861139912440603e-05,1.637707994128709e-10,28.0,28.0,14.0,6.0,6.0,6.0
1.139192337949528,1.0,2.181404350269382e-05,8.555976604183642e-05,-0.3499511673194469,0.0001041682056873514,0.2238411090603686,-0.3499511673194469,0.0001041682056873514,0.2238411090603686,-0.3499583737723433,0.00012125275769867409,0.22385259982244787,-0.32699758211244756,-1.4200347105609339,1.2360029220581055,-1.386092487965719,-1.5710743109332483,2.738008499145508,0.0,0.0,-0.0,0.0,0.0,0.0,-0.32693821740339174,-1.4200105770760034,1.2360024578416653,-1.3860790575943216,-1.5710134727498715,2.738043857285172,-7.495278389889545e-07,1.3235813496532544e-06,-1.5874479647824375e-06,3.359175032620692e-06,2.5822275482122254e-06,-7.684889614914933e-07,-2.3668674000294007e-05,-8.035078817128987,-6.268896192005821,-0.9627298399518096,-5.861139912440603e-05,1.637707994128709e-10,28.0,28.0,14.0,6.0,6.0,6.0
1.1439285609456715,1.0,1.0838119683067276e-05,4.892455845339696e-05,-0.3499511673194469,0.0001041682056873514,0.2238411090603686,-0.3499511673194469,0.0001041682056873514,0.2238411090603686,-0.3499561002640625,0.00011369233857868178,0.22384266526997934,-0.3269856611834925,-1.4200108687030237,1.2360029220581055,-1.3860686461078089,-1.5710623900042933,2.738044500350952,0.0,0.0,-0.0,0.0,0.0,0.0,-0.3269382203943025,-1.4200105731181867,1.2360024527107962,-1.3860790455852894,-1.5710134626307581,2.7380438526553745,-7.477276786146368e-07,9.894541753145852e-07,-1.2827172421060679e-06,3.002258031581941e-06,2.5297783289189554e-06,-1.1574493696970191e-06,-1.2348722286958431e-05,-8.035414923316678,-6.268921112328519,-0.9627220650540691,-5.6327903137952795e-05,-1.7723059517528884e-08,28.0,28.0,14.0,6.0,6.0,6.0
1.1479285609456715,1.0,1.0838119683067276e-05,4.892455845339696e-05,-0.3499511673194469,0.0001041682056873514,0.2238411090603686,-0.3499511673194469,0.0001041682056873514,0.2238411090603686,-0.3499561002640625,0.00011369233857868178,0.22384266526997934,-0.3269856611834925,-1.4200108687030237,1.2360029220581055,-1.3860686461078089,-1.5710623900042933,2.738044500350952,0.0,0.0,-0.0,0.0,0.0,0.0,-0.3269382233798127,-1.4200105701627515,1.2360024484941194,-1.3860790346470082,-1.5710134526689925,2.738043846858696,-7.463775583338986e-07,7.388587945605832e-07,-1.0541692000987908e-06,2.7345702808028773e-06,2.490441414449003e-06,-1.4491696758511635e-06,-1.2348722286958431e-05,-8.035414923316678,-6.268921112328519,-0.9627220650540691,-5.6327903137952795e-05,-1.7723059517528884e-08,28.0,28.0,14.0,6.0,6.0,6.0
1.1522242879509,1.0,1.0838119683067276e-05,4.892455845339696e-05,-0.3499511673194469,0.0001041682056873514,0.2238411090603686,-0.3499511673194469,0.0001041682056873514,0.2238411090603686,-0.3499561002640625,0.00011369233857868178,0.22384266526997934,-0.3269856611834925,-1.4200108687030237,1.2360029220581055,-1.3860686461078089,-1.5710623900042933,2.738044500350952,0.0,0.0,-0.0,0.0,0.0,0.0,-0.32693822636127257,-1.4200105679591024,1.2360024449630869,-1.3860790245117904,-1.5710134428252376,2.7380438401868563,-7.453649681233448e-07,5.509122589950817e-07,-8.827581685933329e-07,2.5338044677185795e-06,2.4609387285965385e-06,-1.6679599054667718e-06,-1.2348722286958431e-05,-8.035414923316678,-6.268921112328519,-0.9627220650540691,-5.6327903137952795e-05,-1.7723059517528884e-08,28.0,28.0,14.0,6.0,6.0,6.0
1.1562242879509,1.0,1.883318778329023e-05,7.53999875646006e-05,-0.3499511673194469,0.0001041682056873514,0.2238411090603686,-0.3499511673194469,0.0001041682056873514,0.2238411090603686,-0.34995916368091384,0.00010794202033791616,0.22385773751454674,-0.3269737402545374,-1.4200347105609339,1.235978603363037,-1.3860686461078089,-1.5710504690753382,2.738032579421997,0.0,0.0,-0.0,0.0,0.0,0.0,-0.3269382294878836,-1.420010563905549,1.2360024401969252,-1.3860790124484696,-1.5710134338604702,2.7380438342925166,-7.816527551838071e-07,1.0133883650560557e-06,-1.1915404156727548e-06,3.0158301772282056e-06,2.241191850552916e-06,-1.4735848913265482e-06,-3.208385648322331e-05,-8.035039722975863,-6.268865315104461,-0.9627290535723937,-5.404479836770153e-05,-1.2878052094569369e-11,28.0,28.0,14.0,6.0,6.0,6.0
1.1605152659385936,1.0,1.883318778329023e-05,7.53999875646006e-05,-0.3499511673194469,0.0001041682056873514,0.2238411090603686,-0.3499511673194469,0.0001041682056873514,0.2238411090603686,-0.34995916368091384,0.00010794202033791616,0.22385773751454674,-0.3269737402545374,-1.4200347105609339,1.235978603363037,-1.3860686461078089,-1.5710504690753382,2.738032579421997,0.0,0.0,-0.0,0.0,0.0,0.0,-0.326938232723358,-1.420010558464567,1.2360024345044167,-1.3860789989390718,-1.5710134255549435,2.738043828981302,-8.088685954791538e-07,1.3602454446017862e-06,-1.423127100982321e-06,3.377349459360425e-06,2.076381692020199e-06,-1.3278036307213805e-06,-3.208385648322331e-05,-8.035039722975863,-6.268865315104461,-0.9627290535723937,-5.404479836770153e-05,-1.2878052094569369e-11,28.0,28.0,14.0,6.0,6.0,6.0
1.1645152659385936,1.0,1.883318778329023e-05,7.53999875646006e-05,-0.3499511673194469,0.0001041682056873514,0.2238411090603686,-0.3499511673194469,0.0001041682056873514,0.2238411090603686,-0.34995916368091384,0.00010794202033791616,0.22385773751454674,-0.3269737402545374,-1.4200347105609339,1.235978603363037,-1.3860686461078089,-1.5710504690753382,2.738032579421997,0.0,0.0,-0.0,0.0,0.0,0.0,-0.3269382360404799,-1.420010551983014,1.2360024281171482,-1.3860789843451162,-1.5710134177438473,2.7380438241074314,-8.292804757006638e-07,1.620388254261084e-06,-1.5968171149644958e-06,3.6484889209595896e-06,1.9527740731206616e-06,-1.2184676852675047e-06,-3.208385648322331e-05,-8.035039722975863,-6.268865315104461,-0.9627290535723937,-5.404479836770153e-05,-1.2878052094569369e-11,28.0,28.0,14.0,6.0,6.0,6.0
1.1694082149534957,1.0,1.883318778329023e-05,7.53999875646006e-05,-0.3499511673194469,0.0001041682056873514,0.2238411090603686,-0.3499511673194469,0.0001041682056873514,0.2238411090603686,-0.34995916368091384,0.00010794202033791616,0.22385773751454674,-0.3269737402545374,-1.4200347105609339,1.235978603363037,-1.3860686461078089,-1.5710504690753382,2.738032579421997,0.0,0.0,-0.0,0.0,0.0,0.0,-0.32693823941883743,-1.4200105447210325,1.2360024212088097,-1.3860789689377422,-1.5710134103035738,2.7380438195615686,-8.445893858667963e-07,1.8154953615055576e-06,-1.7270846254511268e-06,3.851843517158963e-06,1.8600683589460083e-06,-1.1364657261770979e-06,-3.208385648322331e-05,-8.035039722975863,-6.268865315104461,-0.9627290535723937,-5.404479836770153e-05,-1.2878052094569369e-11,28.0,28.0,14.0,6.0,6.0,6.0
1.1734082149534957,1.0,5.308026807399891e-06,4.905675910552942e-05,-0.3499511673194469,0.0001041682056873514,0.2238411090603686,-0.3499511673194469,0.0001041682056873514,0.2238411090603686,-0.3499561028752356,0.00010534873492985441,0.22384266526997934,-0.3269618193255823,-1.4200108687030237,1.2360029220581055,-1.3860686461078089,-1.5710623900042933,2.7380685806274414,0.0,0.0,-0.0,0.0,0.0,0.0,-0.3269382434844855,-1.420010539289857,1.2360024156622922,-1.3860789554515798,-1.571013402350446,2.7380438130224674,-1.016412021202715e-06,1.3577939013773495e-06,-1.386629348279537e-06,3.371540606676137e-06,1.98828193740655e-06,-1.6347752633150073e-06,-2.7198611433364886e-05,-8.035409169341072,-6.268920776845066,-0.9627221842093502,-5.668217066226725e-05,-1.790025229848947e-08,28.0,28.0,14.0,6.0,6.0,6.0
1.1776445759653584,1.0,5.308026807399891e-06,4.905675910552942e-05,-0.3499511673194469,0.0001041682056873514,0.2238411090603686,-0.3499511673194469,0.0001041682056873514,0.2238411090603686,-0.3499561028752356,0.00010534873492985441,0.22384266526997934,-0.3269618193255823,-1.4200108687030237,1.2360029220581055,-1.3860686461078089,-1.5710623900042933,2.7380685806274414,0.0,0.0,-0.0,0.0,0.0,0.0,-0.3269382480656015,-1.4200105352317858,1.2360024111371406,-1.386078943406326,-1.5710133940126776,2.7380438049884375,-1.145278997704654e-06,1.0145178062811935e-06,-1.1312878904008443e-06,3.011313423814017e-06,2.0844421212519564e-06,-2.0085074161684394e-06,-2.7198611433364886e-05,-8.035409169341072,-6.268920776845066,-0.9627221842093502,-5.668217066226725e-05,-1.790025229848947e-08,28.0,28.0,14.0,6.0,6.0,6.0
1.1816445759653584,1.0,3.870810391614346e-06,1.6866956037700795e-05,-0.3499511673194469,0.0001041682056873514,0.2238411090603686,-0.3499511673194469,0.0001041682056873514,0.2238411090603686,-0.34995227979525134,0.00010299035684702396,0.22384462448961434,-0.3269737402545374,-1.4200227896319788,1.2360029220581055,-1.386045281087057,-1.571038548146383,2.738032579421997,0.0,0.0,-0.0,0.0,0.0,0.0,-0.3269382521437647,-1.4200105319334115,1.2360024076784628,-1.3860789337715804,-1.5710133869683018,2.7380437983205934,-1.0195408033917231e-06,8.245935696919189e-07,-8.646694723113049e-07,2.408686413719424e-06,1.7610939476011062e-06,-1.6669609624671492e-06,-1.3488401874654465e-05,-8.035253051459907,-6.268903199995751,-0.9627195815829361,-5.158419419583745e-05,-2.0957795274440133e-12,28.0,28.0,14.0,6.0,6.0,6.0
1.1861433349589356,1.0,3.870810391614346e-06,1.6866956037700795e-05,-0.3499511673194469,0.0001041682056873514,0.2238411090603686,-0.3499511673194469,0.0001041682056873514,0.2238411090603686,-0.34995227979525134,0.00010299035684702396,0.22384462448961434,-0.3269737402545374,-1.4200227896319788,1.2360029220581055,-1.386045281087057,-1.571038548146383,2.738032579421997,0.0,0.0,-0.0,0.0,0.0,0.0,-0.3269382558447133,-1.42001052920481,1.23600240501964,-1.3860789259447157,-1.5710133808939706,2.738043792677389,-9.252371576570251e-07,6.821503922499629e-07,-6.647056587441504e-07,1.9567161561484798e-06,1.5185828173629684e-06,-1.4108011221911816e-06,-1.3488401874654465e-05,-8.035253051459907,-6.268903199995751,-0.9627195815829361,-5.158419419583745e-05,-2.0957795274440133e-12,28.0,28.0,14.0,6.0,6.0,6.0
1.1901433349589357,1.0,3.870810391614346e-06,1.6866956037700795e-05,-0.3499511673194469,0.0001041682056873514,0.2238411090603686,-0.3499511673194469,0.0001041682056873514,0.2238411090603686,-0.34995227979525134,0.00010299035684702396,0.22384462448961434,-0.3269737402545374,-1.4200227896319788,1.2360029220581055,-1.386045281087057,-1.571038548146383,2.738032579421997,0.0,0.0,-0.0,0.0,0.0,0.0,-0.326938259262751,-1.420010526903538,1.2360024029607088,-1.386078919473762,-1.5710133755471727,2.7380437878026638,-8.545094233560015e-07,5.753180091684958e-07,-5.147327985687844e-07,1.6177384629702715e-06,1.336699469684365e-06,-1.218681241984206e-06,-1.3488401874654465e-05,-8.035253051459907,-6.268903199995751,-0.9627195815829361,-5.158419419583745e-05,-2.0957795274440133e-12,28.0,28.0,14.0,6.0,6.0,6.0
1.1945946009540935,1.0,3.870810391614346e-06,1.6866956037700795e-05,-0.3499511673194469,0.0001041682056873514,0.2238411090603686,-0.3499511673194469,0.0001041682056873514,0.2238411090603686,-0.34995227979525134,0.00010299035684702396,0.22384462448961434,-0.3269737402545374,-1.4200227896319788,1.2360029220581055,-1.386045281087057,-1.571038548146383,2.738032579421997,0.0,0.0,-0.0,0.0,0.0,0.0,-0.32693826246860547,-1.420010524922763,1.2360024013516961,-1.3860789140197411,-1.5710133707460248,2.7380437835042986,-8.014636226302338e-07,4.951937218573956e-07,-4.0225315343725995e-07,1.3635051930866153e-06,1.2002869589254126e-06,-1.0745913318289743e-06,-1.3488401874654465e-05,-8.035253051459907,-6.268903199995751,-0.9627195815829361,-5.158419419583745e-05,-2.0957795274440133e-12,28.0,28.0,14.0,6.0,6.0,6.0
1.1985946009540935,1.0,1.739420682371757e-05,7.052849148101955e-05,-0.3499511673194469,0.0001041682056873514,0.2238411090603686,-0.3499511673194469,0.0001041682056873514,0.2238411090603686,-0.3499580499635255,0.00011329182484813548,0.2238542219248506,-0.32699758211244756,-1.4200347105609339,1.2359905242919922,-1.3860686461078089,-1.571038548146383,2.738044500350952,0.0,0.0,-0.0,0.0,0.0,0.0,-0.32693826472643933,-1.4200105212900251,1.2360023980903556,-1.3860789060677912,-1.571013366354493,2.7380437780540583,-5.644584707858933e-07,9.081844674157827e-07,-8.153351458973272e-07,1.9879875169351145e-06,1.0978829756309786e-06,-1.3625600957993978e-06,-1.1144648176672775e-05,-8.035065036953966,-6.268878850378583,-0.9627272386598965,-5.123010275219389e-05,-2.658858809309803e-08,28.0,28.0,14.0,6.0,6.0,6.0
1.203004309968092,1.0,1.739420682371757e-05,7.052849148101955e-05,-0.3499511673194469,0.0001041682056873514,0.2238411090603686,-0.3499511673194469,0.0001041682056873514,0.2238411090603686,-0.3499580499635255,0.00011329182484813548,0.2238542219248506,-0.32699758211244756,-1.4200347105609339,1.2359905242919922,-1.3860686461078089,-1.571038548146383,2.738044500350952,0.0,0.0,-0.0,0.0,0.0,0.0,-0.3269382662732578,-1.420010516418315,1.236002393589769,-1.3860788962423942,-1.571013362270173,2.7380437717399118,-3.86704606902638e-07,1.217927526584573e-06,-1.1251466402423774e-06,2.456349259821489e-06,1.0210799881601533e-06,-1.5785366687772154e-06,-1.1144648176672775e-05,-8.035065036953966,-6.268878850378583,-0.9627272386598965,-5.123010275219389e-05,-2.658858809309803e-08,28.0,28.0,14.0,6.0,6.0,6.0
1.207004309968092,1.0,1.8331571940270454e-05,7.780837623207623e-05,-0.3499511673194469,0.0001041682056873514,0.2238411090603686,-0.3499511673194469,0.0001041682056873514,0.2238411090603686,-0.34995682213645435,0.00011810944858062869,0.22385158337757807,-0.32699758211244756,-1.4200347105609339,1.2360029220581055,-1.386080567036764,-1.5710623900042933,2.738044500350952,0.0,0.0,-0.0,0.0,0.0,0.0,-0.32693826778161544,-1.420010510869466,1.2360023880517428,-1.3860788846835905,-1.5710133568346423,2.738043764283081,-3.770894104371596e-07,1.3872122184399183e-06,-1.3845065656285027e-06,2.8897009211307894e-06,1.3588826915122616e-06,-1.8642076357862072e-06,-1.7806335873928806e-05,-8.035082328614694,-6.2688944282491965,-0.9627276576720519,-5.615095026050036e-05,-2.658902817412946e-08,28.0,28.0,14.0,6.0,6.0,6.0
1.2117393449749803,1.0,1.8331571940270454e-05,7.780837623207623e-05,-0.3499511673194469,0.0001041682056873514,0.2238411090603686,-0.3499511673194469,0.0001041682056873514,0.2238411090603686,-0.34995682213645435,0.00011810944858062869,0.22385158337757807,-0.32699758211244756,-1.4200347105609339,1.2360029220581055,-1.386080567036764,-1.5710623900042933,2.738044500350952,0.0,0.0,-0.0,0.0,0.0,0.0,-0.3269382692611275,-1.4200105048127631,1.2360023817356367,-1.3860788718247319,-1.5710133503857033,2.7380437559692377,-3.698780130880508e-07,1.5141757373314273e-06,-1.5790265096680966e-06,3.2147146671127645e-06,1.612234719026343e-06,-2.0784608610429512e-06,-1.7806335873928806e-05,-8.035082328614694,-6.2688944282491965,-0.9627276576720519,-5.615095026050036e-05,-2.658902817412946e-08,28.0,28.0,14.0,6.0,6.0,6.0
1.2157393449749803,1.0,1.8331571940270454e-05,7.780837623207623e-05,-0.3499511673194469,0.0001041682056873514,0.2238411090603686,-0.3499511673194469,0.0001041682056873514,0.2238411090603686,-0.34995682213645435,0.00011810944858062869,0.22385158337757807,-0.32699758211244756,-1.4200347105609339,1.2360029220581055,-1.386080567036764,-1.5710623900042933,2.738044500350952,0.0,0.0,-0.0,0.0,0.0,0.0,-0.3269382707190054,-1.4200104983751696,1.2360023748359708,-1.386078857990832,-1.5710133431767084,2.7380437470126346,-3.644694650762192e-07,1.609398376500059e-06,-1.724916467697792e-06,3.4584749765992456e-06,1.802248739661904e-06,-2.2391507799855092e-06,-1.7806335873928806e-05,-8.035082328614694,-6.2688944282491965,-0.9627276576720519,-5.615095026050036e-05,-2.658902817412946e-08,28.0,28.0,14.0,6.0,6.0,6.0
1.2201716139977803,1.0,1.8331571940270454e-05,7.780837623207623e-05,-0.3499511673194469,0.0001041682056873514,0.2238411090603686,-0.3499511673194469,0.0001041682056873514,0.2238411090603686,-0.34995682213645435,0.00011810944858062869,0.22385158337757807,-0.32699758211244756,-1.4200347105609339,1.2360029220581055,-1.386080567036764,-1.5710623900042933,2.738044500350952,0.0,0.0,-0.0,0.0,0.0,0.0,-0.32693827216065763,-1.420010491651908,1.236002367498635,-1.3860788434256512,-1.5710133353976714,2.7380437375739617,-3.604130540673455e-07,1.680815355876533e-06,-1.8343339362200636e-06,3.6412952087141065e-06,1.9447592551385747e-06,-2.3596682191924273e-06,-1.7806335873928806e-05,-8.035082328614694,-6.2688944282491965,-0.9627276576720519,-5.615095026050036e-05,-2.658902817412946e-08,28.0,28.0,14.0,6.0,6.0,6.0
1.2241716139977803,1.0,2.0751003518735493e-05,8.364045540602304e-05,-0.3499511673194469,0.0001041682056873514,0.2238411090603686,-0.3499511673194469,0.0001041682056873514,0.2238411090603686,-0.34994932051232913,0.00012129244944489973,0.22382953522236057,-0.3270214239703577,-1.4199984709369105,1.2360267639160156,-1.386045281087057,-1.5710504690753382,2.7380564212799072,0.0,0.0,-0.0,0.0,0.0,0.0,-0.3269382725516696,-1.4200104887805904,1.2360023636908724,-1.386078834429886,-1.571013327982616,2.7380437264390625,-9.7752985435412e-08,7.17829420649645e-07,-9.51940630395701e-07,2.248941337365849e-06,1.8537638762439025e-06,-2.7837247874617727e-06,2.8667278785935748e-05,-8.035642715854724,-6.268959530485607,-0.9627124098786316,-5.3335894712105026e-05,-5.3149717832228176e-08,28.0,28.0,14.0,6.0,6.0,6.0
1.2286395030240533,1.0,2.0751003518735493e-05,8.364045540602304e-05,-0.3499511673194469,0.0001041682056873514,0.2238411090603686,-0.3499511673194469,0.0001041682056873514,0.2238411090603686,-0.34994932051232913,0.00012129244944489973,0.22382953522236057,-0.3270214239703577,-1.4199984709369105,1.2360267639160156,-1.386045281087057,-1.5710504690753382,2.7380564212799072,0.0,0.0,-0.0,0.0,0.0,0.0,-0.3269382721547013,-1.4200104887982306,1.2360023625302898,-1.3860788296111823,-1.5710133208405466,2.7380437140319938,9.924206603853813e-08,-4.410030770520859e-09,-2.9014565102742914e-07,1.2046759338546557e-06,1.7855173420728983e-06,-3.1017672136637817e-06,2.8667278785935748e-05,-8.035642715854724,-6.268959530485607,-0.9627124098786316,-5.3335894712105026e-05,-5.3149717832228176e-08,28.0,28.0,14.0,6.0,6.0,6.0
1.2326395030240533,1.0,2.0751003518735493e-05,8.364045540602304e-05,-0.3499511673194469,0.0001041682056873514,0.2238411090603686,-0.3499511673194469,0.0001041682056873514,0.2238411090603686,-0.34994932051232913,0.00012129244944489973,0.22382953522236057,-0.3270214239703577,-1.4199984709369105,1.2360267639160156,-1.386045281087057,-1.5710504690753382,2.7380564212799072,0.0,0.0,-0.0,0.0,0.0,0.0,-0.32693827116674784,-1.420010490982589,1.236002363355092,-1.3860788279252747,-1.5710133139032167,2.7380437006707976,2.469883546440007e-07,-5.460896193356453e-07,2.0620058349877485e-07,4.214768812212609e-07,1.7343324414446452e-06,-3.3402990333152883e-06,2.8667278785935748e-05,-8.035642715854724,-6.268959530485607,-0.9627124098786316,-5.3335894712105026e-05,-5.3149717832228176e-08,28.0,28.0,14.0,6.0,6.0,6.0
1.2373579160184605,1.0,1.2022910770740675e-05,6.419310939627497e-05,-0.3499511673194469,0.0001041682056873514,0.2238411090603686,-0.3499511673194469,0.0001041682056873514,0.2238411090603686,-0.34995517668912884,0.0001138724935663457,0.22383525225792048,-0.32700950304140264,-1.4199865500079554,1.2359905242919922,-1.3860333601581019,-1.571026627217428,2.7380564212799072,0.0,0.0,-0.0,0.0,0.0,0.0,-0.3269382696355668,-1.420010494557965,1.2360023659633175,-1.3860788282945464,-1.5710133087007634,2.738043687485039,3.8279525271211637e-07,-8.938440110961019e-07,6.520563683335137e-07,-9.23179426898497e-08,1.3006133669877305e-06,-3.2964397102437263e-06,2.803565113264133e-05,-8.03574885348162,-6.268931597684565,-0.9627137081637792,-4.859212761521732e-05,-4.4292788812327476e-08,28.0,28.0,14.0,6.0,6.0,6.0
1.2413579160184605,1.0,1.2022910770740675e-05,6.419310939627497e-05,-0.3499511673194469,0.0001041682056873514,0.2238411090603686,-0.3499511673194469,0.0001041682056873514,0.2238411090603686,-0.34995517668912884,0.0001138724935663457,0.22383525225792048,-0.32700950304140264,-1.4199865500079554,1.2359905242919922,-1.3860333601581019,-1.571026627217428,2.7380564212799072,0.0,0.0,-0.0,0.0,0.0,0.0,-0.3269382676969651,-1.4200104991766043,1.2360023699091103,-1.3860788302052027,-1.5710133047994672,2.738043674430858,4.84650426263203e-07,-1.1546598049164444e-06,9.864482069595678e-07,-4.776640606231826e-07,9.753240611450444e-07,-3.2635452179400547e-06,2.803565113264133e-05,-8.03574885348162,-6.268931597684565,-0.9627137081637792,-4.859212761521732e-05,-4.4292788812327476e-08,28.0,28.0,14.0,6.0,6.0,6.0
1.2458566750411415,1.0,1.2022910770740675e-05,6.419310939627497e-05,-0.3499511673194469,0.0001041682056873514,0.2238411090603686,-0.3499511673194469,0.0001041682056873514,0.2238411090603686,-0.34995517668912884,0.0001138724935663457,0.22383525225792048,-0.32700950304140264,-1.4199865500079554,1.2359905242919922,-1.3860333601581019,-1.571026627217428,2.7380564212799072,0.0,0.0,-0.0,0.0,0.0,0.0,-0.32693826545279786,-1.420010504577691,1.2360023748580786,-1.3860788332718974,-1.5710133018740389,2.7380436614753605,5.610418064265181e-07,-1.3502716502817012e-06,1.2372420859291084e-06,-7.666736490731824e-07,7.313570817630298e-07,-3.238874348712301e-06,2.803565113264133e-05,-8.03574885348162,-6.268931597684565,-0.9627137081637792,-4.859212761521732e-05,-4.4292788812327476e-08,28.0,28.0,14.0,6.0,6.0,6.0
1.2498566750411415,1.0,1.3509553410506276e-05,5.9130560220791955e-05,-0.3499511673194469,0.0001041682056873514,0.2238411090603686,-0.3499511673194469,0.0001041682056873514,0.2238411090603686,-0.3499623728232671,0.00010379636350435272,0.22384864606580038,-0.3269737402545374,-1.4200227896319788,1.2360029220581055,-1.386092487965719,-1.571026627217428,2.738032579421997,0.0,0.0,-0.0,0.0,0.0,0.0,-0.32693826416503585,-1.420010506771443,1.236002375988558,-1.3860788309250789,-1.57101329967967,2.7380436513633737,3.2194049769378906e-07,-5.484380256465404e-07,2.826198454480283e-07,5.867046390477407e-07,5.485922256019465e-07,-2.5279966934434535e-06,-1.925892705648437e-05,-8.035238026126722,-6.268909971730856,-0.9627282236702296,-4.9123929725103556e-05,-1.0122462578494271e-11,28.0,28.0,14.0,6.0,6.0,6.0
1.2538638830275746,1.0,1.3509553410506276e-05,5.9130560220791955e-05,-0.3499511673194469,0.0001041682056873514,0.2238411090603686,-0.3499511673194469,0.0001041682056873514,0.2238411090603686,-0.3499623728232671,0.00010379636350435272,0.22384864606580038,-0.3269737402545374,-1.4200227896319788,1.2360029220581055,-1.386092487965719,-1.571026627217428,2.738032579421997,0.0,0.0,-0.0,0.0,0.0,0.0,-0.3269382635945778,-1.4200105065596942,1.2360023742551707,-1.3860788245181255,-1.5710132980335956,2.73804364338402,1.426145161442423e-07,5.2937192829830106e-08,-4.3334683491278187e-07,1.601738355138433e-06,4.1151858348113405e-07,-1.9948384519918178e-06,-1.925892705648437e-05,-8.035238026126722,-6.268909971730856,-0.9627282236702296,-4.9123929725103556e-05,-1.0122462578494271e-11,28.0,28.0,14.0,6.0,6.0,6.0
1.2578638830275746,1.0,1.3509553410506276e-05,5.9130560220791955e-05,-0.3499511673194469,0.0001041682056873514,0.2238411090603686,-0.3499511673194469,0.0001041682056873514,0.2238411090603686,-0.3499623728232671,0.00010379636350435272,0.22384864606580038,-0.3269737402545374,-1.4200227896319788,1.2360029220581055,-1.386092487965719,-1.571026627217428,2.738032579421997,0.0,0.0,-0.0,0.0,0.0,0.0,-0.32693826356209765,-1.4200105045438198,1.2360023703738834,-1.386078815066071,-1.5710132967987422,2.7380436370041408,8.120029982082235e-09,5.03968606687108e-07,-9.703218451833896e-07,2.3630136422064522e-06,3.0871335189052475e-07,-1.5949697709030909e-06,-1.925892705648437e-05,-8.035238026126722,-6.268909971730856,-0.9627282236702296,-4.9123929725103556e-05,-1.0122462578494271e-11,28.0,28.0,14.0,6.0,6.0,6.0
1.262762769020163,1.0,1.6449301076884552e-05,8.36036312091619e-05,-0.3499511673194469,0.0001041682056873514,0.2238411090603686,-0.3499511673194469,0.0001041682056873514,0.2238411090603686,-0.3499619721021266,9.882771927776389e-05,0.22385230349568586,-0.32693750063051397,-1.4200227896319788,1.2359905242919922,-1.386092487965719,-1.5710623900042933,2.738044500350952,0.0,0.0,-0.0,0.0,0.0,0.0,-0.32693826587558306,-1.4200105011446362,1.2360023650902525,-1.3860788027466548,-1.5710132934991006,2.738043631495142,-5.783713534716754e-07,8.497958875720014e-07,-1.3209077154380976e-06,3.0798540643092934e-06,8.249103956220115e-07,-1.377249664290925e-06,-5.500654047203882e-05,-8.035209383169974,-6.268895819715995,-0.9627301687138804,-5.704368545060485e-05,1.8059922521719583e-08,28.0,28.0,14.0,6.0,6.0,6.0
1.266762769020163,1.0,1.6449301076884552e-05,8.36036312091619e-05,-0.3499511673194469,0.0001041682056873514,0.2238411090603686,-0.3499511673194469,0.0001041682056873514,0.2238411090603686,-0.3499619721021266,9.882771927776389e-05,0.22385230349568586,-0.32693750063051397,-1.4200227896319788,1.2359905242919922,-1.386092487965719,-1.5710623900042933,2.738044500350952,0.0,0.0,-0.0,0.0,0.0,0.0,-0.32693826994854264,-1.4200104967079707,1.236002358754864,-1.3860787882767174,-1.5710132886508679,2.738043626639304,-1.0182398910619937e-06,1.1091663482356715e-06,-1.5838471181291285e-06,3.6174843808864244e-06,1.2120581784206267e-06,-1.2139595843318005e-06,-5.500654047203882e-05,-8.035209383169974,-6.268895819715995,-0.9627301687138804,-5.704368545060485e-05,1.8059922521719583e-08,28.0,28.0,14.0,6.0,6.0,6.0
1.2711712910344364,1.0,1.6449301076884552e-05,8.36036312091619e-05,-0.3499511673194469,0.0001041682056873514,0.2238411090603686,-0.3499511673194469,0.0001041682056873514,0.2238411090603686,-0.3499619721021266,9.882771927776389e-05,0.22385230349568586,-0.32693750063051397,-1.4200227896319788,1.2359905242919922,-1.386092487965719,-1.5710623900042933,2.738044500350952,0.0,0.0,-0.0,0.0,0.0,0.0,-0.3269382753411078,-1.420010491493194,1.2360023516306573,-1.386078772193889,-1.5710132826411918,2.7380436222733358,-1.3481412942547324e-06,1.303694193733424e-06,-1.7810516701474017e-06,4.020707118319273e-06,1.502419015519588e-06,-1.0914920243624572e-06,-5.500654047203882e-05,-8.035209383169974,-6.268895819715995,-0.9627301687138804,-5.704368545060485e-05,1.8059922521719583e-08,28.0,28.0,14.0,6.0,6.0,6.0
1.2751712910344364,1.0,1.2734423182478633e-05,5.310410506899803e-05,-0.3499511673194469,0.0001041682056873514,0.2238411090603686,-0.3499511673194469,0.0001041682056873514,0.2238411090603686,-0.34996131522958157,0.0001117822818385869,0.2238422096502344,-0.32699758211244756,-1.4199984709369105,1.2359905242919922,-1.3860686461078089,-1.571026627217428,2.7380564212799072,0.0,0.0,-0.0,0.0,0.0,0.0,-0.32693827899073363,-1.4200104876452764,1.2360023459057967,-1.3860787581364649,-1.571013278134147,2.7380436162295956,-9.124064542155619e-07,9.619793915208886e-07,-1.431215162138945e-06,3.5143560269958373e-06,1.126761201711714e-06,-1.510935094043456e-06,8.398497979708547e-06,-8.035569048718134,-6.268922239363978,-0.9627219642997259,-4.8769455460685e-05,-3.544149639998287e-08,28.0,28.0,14.0,6.0,6.0,6.0
1.279411214035005,1.0,1.2734423182478633e-05,5.310410506899803e-05,-0.3499511673194469,0.0001041682056873514,0.2238411090603686,-0.3499511673194469,0.0001041682056873514,0.2238411090603686,-0.34996131522958157,0.0001117822818385869,0.2238422096502344,-0.32699758211244756,-1.4199984709369105,1.2359905242919922,-1.3860686461078089,-1.571026627217428,2.7380564212799072,0.0,0.0,-0.0,0.0,0.0,0.0,-0.32693828133315495,-1.4200104848225032,1.2360023412304455,-1.386078745598094,-1.5710132747540757,2.738043608927526,-5.85605324186184e-07,7.056932898614869e-07,-1.1688377811326027e-06,3.1345927085032606e-06,8.450178413558087e-07,-1.8255173963042052e-06,8.398497979708547e-06,-8.035569048718134,-6.268922239363978,-0.9627219642997259,-4.8769455460685e-05,-3.544149639998287e-08,28.0,28.0,14.0,6.0,6.0,6.0
1.283411214035005,1.0,1.2734423182478633e-05,5.310410506899803e-05,-0.3499511673194469,0.0001041682056873514,0.2238411090603686,-0.3499511673194469,0.0001041682056873514,0.2238411090603686,-0.34996131522958157,0.0001117822818385869,0.2238422096502344,-0.32699758211244756,-1.4199984709369105,1.2359905242919922,-1.3860686461078089,-1.571026627217428,2.7380564212799072,0.0,0.0,-0.0,0.0,0.0,0.0,-0.32693828269517283,-1.4200104827685884,1.2360023373422264,-1.3860787341990133,-1.5710132722192345,2.7380436006817095,-3.405044766641506e-07,5.134787136169357e-07,-9.720547453778458e-07,2.849770219633828e-06,6.337103210888796e-07,-2.0614541229997673e-06,8.398497979708547e-06,-8.035569048718134,-6.268922239363978,-0.9627219642997259,-4.8769455460685e-05,-3.544149639998287e-08,28.0,28.0,14.0,6.0,6.0,6.0
1.2883706540393183,1.0,1.2734423182478633e-05,5.310410506899803e-05,-0.3499511673194469,0.0001041682056873514,0.2238411090603686,-0.3499511673194469,0.0001041682056873514,0.2238411090603686,-0.34996131522958157,0.0001117822818385869,0.2238422096502344,-0.32699758211244756,-1.4199984709369105,1.2359905242919922,-1.3860686461078089,-1.571026627217428,2.7380564212799072,0.0,0.0,-0.0,0.0,0.0,0.0,-0.3269382833218882,-1.4200104812913172,1.2360023340443564,-1.3860787236543999,-1.5710132703183157,2.7380435917280828,-1.5667884102262555e-07,3.693177814335223e-07,-8.244674685617781e-07,2.6361533529817536e-06,4.7522968088868283e-07,-2.2384066680214385e-06,8.398497979708547e-06,-8.035569048718134,-6.268922239363978,-0.9627219642997259,-4.8769455460685e-05,-3.544149639998287e-08,28.0,28.0,14.0,6.0,6.0,6.0
1.2923706540393183,1.0,1.3202141639623778e-05,4.8916769750009546e-05,-0.3499511673194469,0.0001041682056873514,0.2238411090603686,-0.3499511673194469,0.0001041682056873514,0.2238411090603686,-0.3499538199427681,0.00011709118364507475,0.22384060233155267,-0.32699758211244756,-1.4200227896319788,1.2360267639160156,-1.386080567036764,-1.5710623900042933,2.738032579421997,0.0,0.0,-0.0,0.0,0.0,0.0,-0.32693828413959247,-1.4200104798035338,1.2360023304157648,-1.3860787134207087,-1.5710132665204346,2.7380435830831917,-2.0442607968405648e-07,3.7194588879325303e-07,-9.071479267418665e-07,2.55842281797748e-06,9.49470253588836e-07,-2.1612227813825443e-06,-7.404481262320115e-06,-8.03528776156733,-6.268935194063385,-0.9627225309976929,-5.615084362155007e-05,-1.772305687695094e-08,28.0,28.0,14.0,6.0,6.0,6.0
1.296525090038544,1.0,1.3202141639623778e-05,4.8916769750009546e-05,-0.3499511673194469,0.0001041682056873514,0.2238411090603686,-0.3499511673194469,0.0001041682056873514,0.2238411090603686,-0.3499538199427681,0.00011709118364507475,0.22384060233155267,-0.32699758211244756,-1.4200227896319788,1.2360267639160156,-1.386080567036764,-1.5710623900042933,2.738032579421997,0.0,0.0,-0.0,0.0,0.0,0.0,-0.3269382851005385,-1.420010478307866,1.2360023265391318,-1.386078703420209,-1.5710132612998318,2.7380435746698524,-2.402365086801297e-07,3.7391696931305106e-07,-9.691582703769326e-07,2.5001249167242743e-06,1.3051506831139509e-06,-2.103334866403374e-06,-7.404481262320115e-06,-8.03528776156733,-6.268935194063385,-0.9627225309976929,-5.615084362155007e-05,-1.772305687695094e-08,28.0,28.0,14.0,6.0,6.0,6.0
1.300525090038544,1.0,2.8230459890985956e-05,0.0001155884812949754,-0.3499511673194469,0.0001041682056873514,0.2238411090603686,-0.3499511673194469,0.0001041682056873514,0.2238411090603686,-0.34996181001151727,0.00011145652953254047,0.2238662202591986,-0.3269737402545374,-1.420046631489889,1.235966682434082,-1.386080567036764,-1.5710623900042933,2.7380564212799072,0.0,0.0,-0.0,0.0,0.0,0.0,-0.3269382869597625,-1.420010473388629,1.2360023202508668,-1.386078689219411,-1.5710132550114555,2.738043565639429,-4.648059992617815e-07,1.2298092472333968e-06,-1.5720662468931345e-06,3.5501994636564562e-06,1.5720940574632068e-06,-2.2576058733471054e-06,-4.574552826824762e-05,-8.03485055424065,-6.26883954468495,-0.962734665218836,-5.650533891527121e-05,-1.7738540932941272e-08,28.0,28.0,14.0,6.0,6.0,6.0
1.305008413058939,1.0,2.8230459890985956e-05,0.0001155884812949754,-0.3499511673194469,0.0001041682056873514,0.2238411090603686,-0.3499511673194469,0.0001041682056873514,0.2238411090603686,-0.34996181001151727,0.00011145652953254047,0.2238662202591986,-0.3269737402545374,-1.420046631489889,1.235966682434082,-1.386080567036764,-1.5710623900042933,2.7380564212799072,0.0,0.0,-0.0,0.0,0.0,0.0,-0.326938289492695,-1.4200104659017152,1.236002312153878,-1.3860786718683895,-1.5710132479222492,2.7380435561461924,-6.332331171980204e-07,1.871728455673656e-06,-2.024247229280286e-06,4.337755373855592e-06,1.7723015882251488e-06,-2.3733091285549043e-06,-4.574552826824762e-05,-8.03485055424065,-6.26883954468495,-0.962734665218836,-5.650533891527121e-05,-1.7738540932941272e-08,28.0,28.0,14.0,6.0,6.0,6.0
1.309008413058939,1.0,2.8230459890985956e-05,0.0001155884812949754,-0.3499511673194469,0.0001041682056873514,0.2238411090603686,-0.3499511673194469,0.0001041682056873514,0.2238411090603686,-0.34996181001151727,0.00011145652953254047,0.2238662202591986,-0.3269737402545374,-1.420046631489889,1.235966682434082,-1.386080567036764,-1.5710623900042933,2.7380564212799072,0.0,0.0,-0.0,0.0,0.0,0.0,-0.32693829253090884,-1.4200104564890437,1.236002302700346,-1.3860786521547004,-1.5710132402324202,2.738043546305846,-7.595534556501996e-07,2.353167862003851e-06,-2.3633829660706493e-06,4.928422306504945e-06,1.9224572362966052e-06,-2.4600865699607533e-06,-4.574552826824762e-05,-8.03485055424065,-6.26883954468495,-0.962734665218836,-5.650533891527121e-05,-1.7738540932941272e-08,28.0,28.0,14.0,6.0,6.0,6.0
1.3135451660845434,1.0,2.8230459890985956e-05,0.0001155884812949754,-0.3499511673194469,0.0001041682056873514,0.2238411090603686,-0.3499511673194469,0.0001041682056873514,0.2238411090603686,-0.34996181001151727,0.00011145652953254047,0.2238662202591986,-0.3269737402545374,-1.420046631489889,1.235966682434082,-1.386080567036764,-1.5710623900042933,2.7380564212799072,0.0,0.0,-0.0,0.0,0.0,0.0,-0.32693829594808366,-1.420010445632054,1.236002292229407,-1.3860786306690103,-1.5710132320921242,2.7380435362051676,-8.54293709489334e-07,2.7142474167514968e-06,-2.617734768663422e-06,5.371422505991958e-06,2.0350739723501975e-06,-2.52516965101514e-06,-4.574552826824762e-05,-8.03485055424065,-6.26883954468495,-0.962734665218836,-5.650533891527121e-05,-1.7738540932941272e-08,28.0,28.0,14.0,6.0,6.0,6.0
1.3175451660845434,1.0,1.7945081943120473e-05,6.420382105642915e-05,-0.3499511673194469,0.0001041682056873514,0.2238411090603686,-0.3499511673194469,0.0001041682056873514,0.2238411090603686,-0.3499642874464404,0.0001044457023007566,0.22385334880012275,-0.3269737402545374,-1.4200108687030237,1.235966682434082,-1.3860686461078089,-1.571026627217428,2.7380564212799072,0.0,0.0,-0.0,0.0,0.0,0.0,-0.3269382989062707,-1.4200104360089265,1.2360022829664006,-1.3860786106708571,-1.5710132259865628,2.738043526652321,-7.395467504731589e-07,2.4057818550160308e-06,-2.3157516003197855e-06,4.9995382665590975e-06,1.526390357633964e-06,-2.3882115835732914e-06,-1.7090951586453482e-05,-8.035351224449391,-6.268880564201755,-0.9627272795306804,-4.912384670832995e-05,-1.7728954056010905e-08,28.0,28.0,14.0,6.0,6.0,6.0
1.3219857470740104,1.0,1.7945081943120473e-05,6.420382105642915e-05,-0.3499511673194469,0.0001041682056873514,0.2238411090603686,-0.3499511673194469,0.0001041682056873514,0.2238411090603686,-0.3499642874464404,0.0001044457023007566,0.22385334880012275,-0.3269737402545374,-1.4200108687030237,1.235966682434082,-1.3860686461078089,-1.571026627217428,2.7380564212799072,0.0,0.0,-0.0,0.0,0.0,0.0,-0.3269383015202168,-1.4200104273111958,1.2360022746093438,-1.3860785917883567,-1.5710132214070522,2.738043517510349,-6.534865312110276e-07,2.174432683714431e-06,-2.089264224062058e-06,4.720625086984452e-06,1.1448776465967886e-06,-2.285493032991905e-06,-1.7090951586453482e-05,-8.035351224449391,-6.268880564201755,-0.9627272795306804,-4.912384670832995e-05,-1.7728954056010905e-08,28.0,28.0,14.0,6.0,6.0,6.0
1.3259857470740104,1.0,1.7572841386313026e-05,7.072311509724145e-05,-0.3499511673194469,0.0001041682056873514,0.2238411090603686,-0.3499511673194469,0.0001041682056873514,0.2238411090603686,-0.349965997581614,9.813167006920454e-05,0.2238483498003981,-0.3269618193255823,-1.4200108687030237,1.2359905242919922,-1.386092487965719,-1.5710142294513147,2.738008499145508,0.0,0.0,-0.0,0.0,0.0,0.0,-0.32693830401333535,-1.4200104191852132,1.2360022659992982,-1.386078572932382,-1.5710132187943842,2.7380435125100533,-6.232796310027946e-07,2.0314956592651086e-06,-2.152511376896701e-06,4.71399370916172e-06,6.531669961382143e-07,-1.250073946304439e-06,-2.0468629648454586e-05,-8.035380206961829,-6.268910276035094,-0.9627283118642961,-4.674217402742293e-05,2.6745380528888634e-08,28.0,28.0,14.0,6.0,6.0,6.0
1.3311019130679784,1.0,1.7572841386313026e-05,7.072311509724145e-05,-0.3499511673194469,0.0001041682056873514,0.2238411090603686,-0.3499511673194469,0.0001041682056873514,0.2238411090603686,-0.349965997581614,9.813167006920454e-05,0.2238483498003981,-0.3269618193255823,-1.4200108687030237,1.2359905242919922,-1.386092487965719,-1.5710142294513147,2.738008499145508,0.0,0.0,-0.0,0.0,0.0,0.0,-0.32693830641583316,-1.4200104114880416,1.2360022571995113,-1.3860785540963012,-1.571013217656848,2.7380435106160146,-6.006244558466199e-07,1.9242928909281166e-06,-2.1999467415226836e-06,4.70902017579467e-06,2.8438400829428354e-07,-4.735096312888394e-07,-2.0468629648454586e-05,-8.035380206961829,-6.268910276035094,-0.9627283118642961,-4.674217402742293e-05,2.6745380528888634e-08,28.0,28.0,14.0,6.0,6.0,6.0
1.3351019130679784,1.0,1.7572841386313026e-05,7.072311509724145e-05,-0.3499511673194469,0.0001041682056873514,0.2238411090603686,-0.3499511673194469,0.0001041682056873514,0.2238411090603686,-0.349965997581614,9.813167006920454e-05,0.2238483498003981,-0.3269618193255823,-1.4200108687030237,1.2359905242919922,-1.386092487965719,-1.5710142294513147,2.738008499145508,0.0,0.0,-0.0,0.0,0.0,0.0,-0.32693830875036545,-1.4200104041124784,1.2360022482574182,-1.386078535275141,-1.571013217625661,2.738043511051669,-5.836330744794889e-07,1.8438908146753726e-06,-2.2355232649921705e-06,4.705290025769383e-06,7.79676741133548e-09,1.0891360497286026e-07,-2.0468629648454586e-05,-8.035380206961829,-6.268910276035094,-0.9627283118642961,-4.674217402742293e-05,2.6745380528888634e-08,28.0,28.0,14.0,6.0,6.0,6.0
1.3397134680601308,1.0,1.7572841386313026e-05,7.072311509724145e-05,-0.3499511673194469,0.0001041682056873514,0.2238411090603686,-0.3499511673194469,0.0001041682056873514,0.2238411090603686,-0.349965997581614,9.813167006920454e-05,0.2238483498003981,-0.3269618193255823,-1.4200108687030237,1.2359905242919922,-1.386092487965719,-1.5710142294513147,2.738008499145508,0.0,0.0,-0.0,0.0,0.0,0.0,-0.3269383110339236,-1.4200103969781213,1.2360022392085956,-1.3860785164651714,-1.5710132184242358,2.7380435132345933,-5.708895384541406e-07,1.7835892574858145e-06,-2.2622056575942857e-06,4.7024924132504174e-06,-1.9964366325087555e-07,5.457310321691349e-07,-2.0468629648454586e-05,-8.035380206961829,-6.268910276035094,-0.9627283118642961,-4.674217402742293e-05,2.6745380528888634e-08,28.0,28.0,14.0,6.0,6.0,6.0
1.3437134680601308,1.0,2.5999141696138633e-06,3.961366574700691e-05,-0.3499511673194469,0.0001041682056873514,0.2238411090603686,-0.3499511673194469,0.0001041682056873514,0.2238411090603686,-0.3499530668743197,0.00010325729239075252,0.22383958541935423,-0.3269737402545374,-1.4200227896319788,1.2360267639160156,-1.3860686461078089,-1.571038548146383,2.7379965782165527,0.0,0.0,-0.0,0.0,0.0,0.0,-0.3269383133888599,-1.4200103913873516,1.2360022315918782,-1.3860785010084,-1.5710132182321344,2.73804351661839,-5.887340810361827e-07,1.3976923798938203e-06,-1.9041793624231326e-06,3.8641928456512374e-06,4.802534070016397e-08,8.459492527224464e-07,-1.2966827266309447e-05,-8.035285291528306,-6.268933051844072,-0.9627204671885305,-5.1584227327348344e-05,2.6753300435845526e-08,28.0,28.0,14.0,6.0,6.0,6.0
1.3487714550604584,1.0,2.5999141696138633e-06,3.961366574700691e-05,-0.3499511673194469,0.0001041682056873514,0.2238411090603686,-0.3499511673194469,0.0001041682056873514,0.2238411090603686,-0.3499530668743197,0.00010325729239075252,0.22383958541935423,-0.3269737402545374,-1.4200227896319788,1.2360267639160156,-1.3860686461078089,-1.571038548146383,2.7379965782165527,0.0,0.0,-0.0,0.0,0.0,0.0,-0.3269383157973299,-1.4200103869542728,1.2360022250492395,-1.3860784880665273,-1.571013217297026,2.7380435209028415,-6.021174879727144e-07,1.1082697216998246e-06,-1.6356596410447677e-06,3.2354681699518527e-06,2.3377709366344362e-07,1.07111291813743e-06,-1.2966827266309447e-05,-8.035285291528306,-6.268933051844072,-0.9627204671885305,-5.1584227327348344e-05,2.6753300435845526e-08,28.0,28.0,14.0,6.0,6.0,6.0
1.3527714550604584,1.0,2.1628650864515506e-05,6.950006375177226e-05,-0.3499511673194469,0.0001041682056873514,0.2238411090603686,-0.3499511673194469,0.0001041682056873514,0.2238411090603686,-0.3499541249309361,0.00012398393386118015,0.22384925694288121,-0.32700950304140264,-1.4200227896319788,1.2359905242919922,-1.3860567251788538,-1.5710743109332483,2.738032579421997,0.0,0.0,-0.0,0.0,0.0,0.0,-0.32693831780418586,-1.4200103829776418,1.236002219700042,-1.3860784761974607,-1.571013213432908,2.7380435215426866,-5.017139866859009e-07,9.941577360400964e-07,-1.3372993791934207e-06,2.967266679199256e-06,9.660294510159278e-07,1.599613210399207e-07,-6.5914898526644545e-06,-8.035238199675236,-6.268891713958411,-0.9627232625669039,-5.8434106473656704e-05,-2.6584874378986677e-08,28.0,28.0,14.0,6.0,6.0,6.0
1.3574055690427782,1.0,2.1628650864515506e-05,6.950006375177226e-05,-0.3499511673194469,0.0001041682056873514,0.2238411090603686,-0.3499511673194469,0.0001041682056873514,0.2238411090603686,-0.3499541249309361,0.00012398393386118015,0.22384925694288121,-0.32700950304140264,-1.4200227896319788,1.2359905242919922,-1.3860567251788538,-1.5710743109332483,2.738032579421997,0.0,0.0,-0.0,0.0,0.0,0.0,-0.3269383195098313,-1.4200103793433467,1.2360022152459254,-1.3860784651329985,-1.571013207372033,2.7380435194490773,-4.264113607207909e-07,9.085737467953002e-07,-1.1135291828049104e-06,2.7661155611348084e-06,1.515218719030291e-06,-5.234023767832112e-07,-6.5914898526644545e-06,-8.035238199675236,-6.268891713958411,-0.9627232625669039,-5.8434106473656704e-05,-2.6584874378986677e-08,28.0,28.0,14.0,6.0,6.0,6.0
1.3614055690427782,1.0,2.1628650864515506e-05,6.950006375177226e-05,-0.3499511673194469,0.0001041682056873514,0.2238411090603686,-0.3499511673194469,0.0001041682056873514,0.2238411090603686,-0.3499541249309361,0.00012398393386118015,0.22384925694288121,-0.32700950304140264,-1.4200227896319788,1.2359905242919922,-1.3860567251788538,-1.5710743109332483,2.738032579421997,0.0,0.0,-0.0,0.0,0.0,0.0,-0.3269383209895689,-1.4200103759658038,1.2360022114631193,-1.3860784546719895,-1.5710131996635903,2.738043515305377,-3.6993439124695836e-07,8.443857548617031e-07,-9.457015355135278e-07,2.6152522225864728e-06,1.927110670041063e-06,-1.0359251501505602e-06,-6.5914898526644545e-06,-8.035238199675236,-6.268891713958411,-0.9627232625669039,-5.8434106473656704e-05,-2.6584874378986677e-08,28.0,28.0,14.0,6.0,6.0,6.0
1.3664766170273075,1.0,2.1628650864515506e-05,6.950006375177226e-05,-0.3499511673194469,0.0001041682056873514,0.2238411090603686,-0.3499511673194469,0.0001041682056873514,0.2238411090603686,-0.3499541249309361,0.00012398393386118015,0.22384925694288121,-0.32700950304140264,-1.4200227896319788,1.2359905242919922,-1.3860567251788538,-1.5710743109332483,2.738032579421997,0.0,0.0,-0.0,0.0,0.0,0.0,-0.3269383222998755,-1.4200103727808249,1.236002208183796,-1.3860784446635706,-1.5710131907194718,2.738043509624108,-3.27576664141584e-07,7.962447609115053e-07,-8.198308000449908e-07,2.502104718675221e-06,2.236029633299142e-06,-1.420317230176072e-06,-6.5914898526644545e-06,-8.035238199675236,-6.268891713958411,-0.9627232625669039,-5.8434106473656704e-05,-2.6584874378986677e-08,28.0,28.0,14.0,6.0,6.0,6.0
1.3704766170273075,1.0,1.2452206608564303e-05,4.449359976357765e-05,-0.3499511673194469,0.0001041682056873514,0.2238411090603686,-0.3499511673194469,0.0001041682056873514,0.2238411090603686,-0.3499601061244913,0.00011087866128399569,0.22383562043581537,-0.3269737402545374,-1.4199865500079554,1.2360029220581055,-1.386080567036764,-1.5710623900042933,2.738008499145508,0.0,0.0,-0.0,0.0,0.0,0.0,-0.32693832441923254,-1.4200103715943249,1.236002205973051,-1.38607843547577,-1.5710131816387756,2.738043505824394,-5.298392557144212e-07,2.966249750853733e-07,-5.526862214958907e-07,2.2969501094140386e-06,2.2701740327521146e-06,-9.499284925810092e-07,-1.1387623429109477e-05,-8.035746673756734,-6.268951806050374,-0.9627207674135632,-5.6504929978682434e-05,1.7893911968080873e-08,28.0,28.0,14.0,6.0,6.0,6.0
1.3755013590422465,1.0,1.2452206608564303e-05,4.449359976357765e-05,-0.3499511673194469,0.0001041682056873514,0.2238411090603686,-0.3499511673194469,0.0001041682056873514,0.2238411090603686,-0.3499601061244913,0.00011087866128399569,0.22383562043581537,-0.3269737402545374,-1.4199865500079554,1.2360029220581055,-1.386080567036764,-1.5710623900042933,2.738008499145508,0.0,0.0,-0.0,0.0,0.0,0.0,-0.32693832714537735,-1.4200103719066843,1.23600220456374,-1.3860784269034334,-1.5710131724556462,2.7380435034358466,-6.815361993940491e-07,-7.808986428422563e-08,-3.5232778758406564e-07,2.1430841524681517e-06,2.2957823323418443e-06,-5.971369393847122e-07,-1.1387623429109477e-05,-8.035746673756734,-6.268951806050374,-0.9627207674135632,-5.6504929978682434e-05,1.7893911968080873e-08,28.0,28.0,14.0,6.0,6.0,6.0
1.3795013590422465,1.0,1.1005157696421868e-05,4.893795430141983e-05,-0.3499511673194469,0.0001041682056873514,0.2238411090603686,-0.3499511673194469,0.0001041682056873514,0.2238411090603686,-0.34995659069839974,0.00011230342887794985,0.22383605746653137,-0.3269737402545374,-1.4199984709369105,1.2360148429870605,-1.386080567036764,-1.5710743109332483,2.738032579421997,0.0,0.0,-0.0,0.0,0.0,0.0,-0.32693833057416827,-1.4200103730702822,1.2360022035042804,-1.386078418814663,-1.5710131624048755,2.7380435002602708,-8.571977245739151e-07,-2.9089945138313625e-07,-2.6486488742953655e-07,2.0221925853474554e-06,2.5126926745534225e-06,-7.938938973954664e-07,-1.757380729684203e-05,-8.035600816940281,-6.268950803087998,-0.9627208066896573,-5.896540678678853e-05,-2.074119271681693e-12,28.0,28.0,14.0,6.0,6.0,6.0
1.3840108040310448,1.0,1.1005157696421868e-05,4.893795430141983e-05,-0.3499511673194469,0.0001041682056873514,0.2238411090603686,-0.3499511673194469,0.0001041682056873514,0.2238411090603686,-0.34995659069839974,0.00011230342887794985,0.22383605746653137,-0.3269737402545374,-1.4199984709369105,1.2360148429870605,-1.386080567036764,-1.5710743109332483,2.738032579421997,0.0,0.0,-0.0,0.0,0.0,0.0,-0.32693833452994375,-1.4200103748723087,1.2360022027072095,-1.3860784110885676,-1.5710131517033739,2.7380434964944245,-9.889438684588147e-07,-4.505066417073192e-07,-1.9926771231363973e-07,1.9315239100069336e-06,2.675375431212106e-06,-9.414616159035319e-07,-1.757380729684203e-05,-8.035600816940281,-6.268950803087998,-0.9627208066896573,-5.896540678678853e-05,-2.074119271681693e-12,28.0,28.0,14.0,6.0,6.0,6.0
1.3880108040310448,1.0,1.1005157696421868e-05,4.893795430141983e-05,-0.3499511673194469,0.0001041682056873514,0.2238411090603686,-0.3499511673194469,0.0001041682056873514,0.2238411090603686,-0.34995659069839974,0.00011230342887794985,0.22383605746653137,-0.3269737402545374,-1.4199984709369105,1.2360148429870605,-1.386080567036764,-1.5710743109332483,2.738032579421997,0.0,0.0,-0.0,0.0,0.0,0.0,-0.32693833888095764,-1.420010377153157,1.2360022021069301,-1.386078403634478,-1.571013140513824,2.738043492285875,-1.0877534763724893e-06,-5.702120344504565e-07,-1.5006983097671712e-07,1.863522403501542e-06,2.7973874987061187e-06,-1.0521374047845812e-06,-1.757380729684203e-05,-8.035600816940281,-6.268950803087998,-0.9627208066896573,-5.896540678678853e-05,-2.074119271681693e-12,28.0,28.0,14.0,6.0,6.0,6.0
1.3932338290167978,1.0,2.1024462064011924e-05,7.055650575644454e-05,-0.3499511673194469,0.0001041682056873514,0.2238411090603686,-0.3499511673194469,0.0001041682056873514,0.2238411090603686,-0.349962777798059,0.00012012945196147407,0.22384835222327276,-0.32699758211244756,-1.4200108687030237,1.2359905242919922,-1.386092487965719,-1.5710623900042933,2.7379965782165527,0.0,0.0,-0.0,0.0,0.0,0.0,-0.3269383424921125,-1.4200103777365916,1.2360021998719402,-1.3860783934320384,-1.571013129749483,2.738043489588475,-9.027887139473814e-07,-1.458586847850376e-07,-5.58747505179151e-07,2.550609905237978e-06,2.6910852548539892e-06,-6.743499680898791e-07,-1.2300393857118807e-05,-8.035389751206088,-6.26891095226004,-0.9627281338649426,-5.6150861114805394e-05,9.025571325840072e-09,28.0,28.0,14.0,6.0,6.0,6.0
1.3972338290167978,1.0,2.1024462064011924e-05,7.055650575644454e-05,-0.3499511673194469,0.0001041682056873514,0.2238411090603686,-0.3499511673194469,0.0001041682056873514,0.2238411090603686,-0.349962777798059,0.00012012945196147407,0.22384835222327276,-0.32699758211244756,-1.4200108687030237,1.2359905242919922,-1.386092487965719,-1.5710623900042933,2.7379965782165527,0.0,0.0,-0.0,0.0,0.0,0.0,-0.3269383455483731,-1.4200103770469663,1.2360021964109171,-1.3860783811683364,-1.5710131193040486,2.7380434880244375,-7.640651421285504e-07,1.7240632746402658e-07,-8.652557608309764e-07,3.0659255315403055e-06,2.6113585719648924e-06,-3.910093905688525e-07,-1.2300393857118807e-05,-8.035389751206088,-6.26891095226004,-0.9627281338649426,-5.6150861114805394e-05,9.025571325840072e-09,28.0,28.0,14.0,6.0,6.0,6.0
1.4018026399989618,1.0,2.1024462064011924e-05,7.055650575644454e-05,-0.3499511673194469,0.0001041682056873514,0.2238411090603686,-0.3499511673194469,0.0001041682056873514,0.2238411090603686,-0.349962777798059,0.00012012945196147407,0.22384835222327276,-0.32699758211244756,-1.4200108687030237,1.2359905242919922,-1.386092487965719,-1.5710623900042933,2.7379965782165527,0.0,0.0,-0.0,0.0,0.0,0.0,-0.32693834818846296,-1.420010375402546,1.2360021920303694,-1.3860783673586874,-1.5710131090977943,2.7380434873104216,-6.600224632644272e-07,4.1110508665082464e-07,-1.0951369525698453e-06,3.4524122512670507e-06,2.5515635597980697e-06,-1.785039574280826e-07,-1.2300393857118807e-05,-8.035389751206088,-6.26891095226004,-0.9627281338649426,-5.6150861114805394e-05,9.025571325840072e-09,28.0,28.0,14.0,6.0,6.0,6.0
1.4058026399989618,1.0,1.6598656750376432e-05,7.052948318745478e-05,-0.3499511673194469,0.0001041682056873514,0.2238411090603686,-0.3499511673194469,0.0001041682056873514,0.2238411090603686,-0.34996234002455306,0.00011163628189236148,0.22385085143709732,-0.3269737402545374,-1.4200108687030237,1.235978603363037,-1.386080567036764,-1.5710623900042933,2.738020658493042,0.0,0.0,-0.0,0.0,0.0,0.0,-0.3269383513059991,-1.4200103730444706,1.2360021873580551,-1.3860783527850122,-1.5710130990704028,2.738043486428527,-7.793840282373038e-07,5.895188057304314e-07,-1.1680785592295306e-06,3.6434187619688603e-06,2.5068478758593742e-06,-2.2047359416780806e-07,-2.7377692395335523e-05,-8.035367950196216,-6.268895655119444,-0.9627277665455349,-5.6505106897849576e-05,8.848378783499869e-09,28.0,28.0,14.0,6.0,6.0,6.0
1.4107003380022949,1.0,1.6598656750376432e-05,7.052948318745478e-05,-0.3499511673194469,0.0001041682056873514,0.2238411090603686,-0.3499511673194469,0.0001041682056873514,0.2238411090603686,-0.34996234002455306,0.00011163628189236148,0.22385085143709732,-0.3269737402545374,-1.4200108687030237,1.235978603363037,-1.386080567036764,-1.5710623900042933,2.738020658493042,0.0,0.0,-0.0,0.0,0.0,0.0,-0.32693835478161987,-1.4200103701511542,1.236002182466916,-1.3860783376383177,-1.5710130891771583,2.738043485420724,-8.689052019669612e-07,7.233290950401366e-07,-1.2227847642242945e-06,3.7866736449952178e-06,2.4733111129053526e-06,-2.5195082172260216e-07,-2.7377692395335523e-05,-8.035367950196216,-6.268895655119444,-0.9627277665455349,-5.6505106897849576e-05,8.848378783499869e-09,28.0,28.0,14.0,6.0,6.0,6.0
1.4147003380022949,1.0,1.6598656750376432e-05,7.052948318745478e-05,-0.3499511673194469,0.0001041682056873514,0.2238411090603686,-0.3499511673194469,0.0001041682056873514,0.2238411090603686,-0.34996234002455306,0.00011163628189236148,0.22385085143709732,-0.3269737402545374,-1.4200108687030237,1.235978603363037,-1.386080567036764,-1.5710623900042933,2.738020658493042,0.0,0.0,-0.0,0.0,0.0,0.0,-0.3269383585258042,-1.420010366856407,1.2360021774116583,-1.3860783220618584,-1.571013079384524,2.738043484318489,-9.360460822642044e-07,8.236868120224153e-07,-1.2638144179703675e-06,3.8941148072649855e-06,2.4481585406898364e-06,-2.755587423886977e-07,-2.7377692395335523e-05,-8.035367950196216,-6.268895655119444,-0.9627277665455349,-5.6505106897849576e-05,8.848378783499869e-09,28.0,28.0,14.0,6.0,6.0,6.0
1.4198402509756858,1.0,7.815887506172473e-06,4.4481196681683326e-05,-0.3499511673194469,0.0001041682056873514,0.2238411090603686,-0.3499511673194469,0.0001041682056873514,0.2238411090603686,-0.34995498902363203,0.0001106984253322473,0.22383914974772892,-0.3269856611834925,-1.4200108687030237,1.2360148429870605,-1.3860686461078089,-1.5710504690753382,2.7380564212799072,0.0,0.0,-0.0,0.0,0.0,0.0,-0.32693836182872166,-1.4200103646542894,1.2360021733181756,-1.3860783090492663,-1.5710130704584395,2.738043480623996,-8.257293588994016e-07,5.505294040969139e-07,-1.0233706576149734e-06,3.2531480489346353e-06,2.231521154664701e-06,-9.236232792394755e-07,-6.276366174938905e-06,-8.03543447921853,-6.2689343083473945,-0.9627203687060625,-5.386746385509508e-05,-2.6580185085500776e-08,28.0,28.0,14.0,6.0,6.0,6.0
1.4238402509756858,1.0,7.815887506172473e-06,4.4481196681683326e-05,-0.3499511673194469,0.0001041682056873514,0.2238411090603686,-0.3499511673194469,0.0001041682056873514,0.2238411090603686,-0.34995498902363203,0.0001106984253322473,0.22383914974772892,-0.3269856611834925,-1.4200108687030237,1.2360148429870605,-1.3860686461078089,-1.5710504690753382,2.7380564212799072,0.0,0.0,-0.0,0.0,0.0,0.0,-0.32693836480068894,-1.420010363271644,1.2360021699460242,-1.3860782979595745,-1.571013062182267,2.738043474985309,-7.429918163757994e-07,3.456613481527878e-07,-8.430378373484279e-07,2.7724229801868727e-06,2.0690431151458496e-06,-1.4096716818775589e-06,-6.276366174938905e-06,-8.03543447921853,-6.2689343083473945,-0.9627203687060625,-5.386746385509508e-05,-2.6580185085500776e-08,28.0,28.0,14.0,6.0,6.0,6.0
1.4283912519561133,1.0,7.815887506172473e-06,4.4481196681683326e-05,-0.3499511673194469,0.0001041682056873514,0.2238411090603686,-0.3499511673194469,0.0001041682056873514,0.2238411090603686,-0.34995498902363203,0.0001106984253322473,0.22383914974772892,-0.3269856611834925,-1.4200108687030237,1.2360148429870605,-1.3860686461078089,-1.5710504690753382,2.7380564212799072,0.0,0.0,-0.0,0.0,0.0,0.0,-0.32693836752444355,-1.420010362503603,1.2360021671148713,-1.3860782883120577,-1.5710130543935288,2.738043467888477,-6.809386594830978e-07,1.9201030619469328e-07,-7.077882221485186e-07,2.4118791786260507e-06,1.9471845855067113e-06,-1.7742079838561213e-06,-6.276366174938905e-06,-8.03543447921853,-6.2689343083473945,-0.9627203687060625,-5.386746385509508e-05,-2.6580185085500776e-08,28.0,28.0,14.0,6.0,6.0,6.0
1.4323912519561133,1.0,1.1361352832514153e-05,2.6243377506660175e-05,-0.3499511673194469,0.0001041682056873514,0.2238411090603686,-0.3499511673194469,0.0001041682056873514,0.2238411090603686,-0.3499597758845548,9.87433661428565e-05,0.22383605494710465,-0.3269618193255823,-1.4199984709369105,1.2360148429870605,-1.386080567036764,-1.571026627217428,2.738020658493042,0.0,0.0,-0.0,0.0,0.0,0.0,-0.3269383703565842,-1.4200103623837883,1.2360021644339092,-1.3860782793346125,-1.5710130485515155,2.7380434633585597,-7.080351521061344e-07,2.99536742061132e-08,-6.702405570366098e-07,2.244361316920062e-06,1.4605033461184515e-06,-1.132479377950741e-06,-1.1032133386667124e-05,-8.035597035307665,-6.26895046381545,-0.9627208654990881,-4.93008461948388e-05,1.7716867615440795e-08,28.0,28.0,14.0,6.0,6.0,6.0
1.4374575499626814,1.0,1.1361352832514153e-05,2.6243377506660175e-05,-0.3499511673194469,0.0001041682056873514,0.2238411090603686,-0.3499511673194469,0.0001041682056873514,0.2238411090603686,-0.3499597758845548,9.87433661428565e-05,0.22383605494710465,-0.3269618193255823,-1.4199984709369105,1.2360148429870605,-1.386080567036764,-1.571026627217428,2.738020658493042,0.0,0.0,-0.0,0.0,0.0,0.0,-0.3269383732700143,-1.4200103627501435,1.2360021618655899,-1.3860782708597208,-1.5710130441695458,2.738043460753828,-7.283575215734117e-07,-9.158879978532186e-08,-6.420798082026782e-07,2.1187229206405702e-06,1.0954924165772567e-06,-6.511829235217057e-07,-1.1032133386667124e-05,-8.035597035307665,-6.26895046381545,-0.9627208654990881,-4.93008461948388e-05,1.7716867615440795e-08,28.0,28.0,14.0,6.0,6.0,6.0
1.4414575499626814,1.0,1.4487749652668741e-05,6.529671833587722e-05,-0.3499511673194469,0.0001041682056873514,0.2238411090603686,-0.3499511673194469,0.0001041682056873514,0.2238411090603686,-0.3499612138155582,0.00010184802050100212,0.22385128646409377,-0.3269618193255823,-1.4200227896319788,1.2359905242919922,-1.386080567036764,-1.571038548146383,2.738020658493042,0.0,0.0,-0.0,0.0,0.0,0.0,-0.32693837649264224,-1.4200103612726893,1.2360021578853149,-1.3860782602474857,-1.5710130400917448,2.7380434593447784,-8.056569786895781e-07,3.693635590787265e-07,-9.95068761854716e-07,2.6530587587128343e-06,1.0194502666324343e-06,-3.5226241787678184e-07,-3.052729975131241e-05,-8.035218536951268,-6.268894355471536,-0.9627278647726849,-5.176146168842519e-05,1.770827936707774e-08,28.0,28.0,14.0,6.0,6.0,6.0
1.4461759639757226,1.0,1.4487749652668741e-05,6.529671833587722e-05,-0.3499511673194469,0.0001041682056873514,0.2238411090603686,-0.3499511673194469,0.0001041682056873514,0.2238411090603686,-0.3499612138155582,0.00010184802050100212,0.22385128646409377,-0.3269618193255823,-1.4200227896319788,1.2359905242919922,-1.386080567036764,-1.571038548146383,2.738020658493042,0.0,0.0,-0.0,0.0,0.0,0.0,-0.3269383799471685,-1.420010358412378,1.236002152846073,-1.386078248032243,-1.5710130362420702,2.7380434588324905,-8.636315715267028e-07,7.150778282267628e-07,-1.2598104770937445e-06,3.0538106372670325e-06,9.624186541738175e-07,-1.280720386430889e-07,-3.052729975131241e-05,-8.035218536951268,-6.268894355471536,-0.9627278647726849,-5.176146168842519e-05,1.770827936707774e-08,28.0,28.0,14.0,6.0,6.0,6.0
1.4501759639757226,1.0,1.4487749652668741e-05,6.529671833587722e-05,-0.3499511673194469,0.0001041682056873514,0.2238411090603686,-0.3499511673194469,0.0001041682056873514,0.2238411090603686,-0.3499612138155582,0.00010184802050100212,0.22385128646409377,-0.3269618193255823,-1.4200227896319788,1.2359905242919922,-1.386080567036764,-1.571038548146383,2.738020658493042,0.0,0.0,-0.0,0.0,0.0,0.0,-0.32693838357561855,-1.4200103545149239,1.236002147012606,-1.3860782346147449,-1.5710130325634903,2.7380434589927733,-9.071125161545464e-07,9.743635300877899e-07,-1.4583667635230156e-06,3.354374546182681e-06,9.196449448298549e-07,4.007074578218084e-08,-3.052729975131241e-05,-8.035218536951268,-6.268894355471536,-0.9627278647726849,-5.176146168842519e-05,1.770827936707774e-08,28.0,28.0,14.0,6.0,6.0,6.0
1.4551555879812228,1.0,1.4487749652668741e-05,6.529671833587722e-05,-0.3499511673194469,0.0001041682056873514,0.2238411090603686,-0.3499511673194469,0.0001041682056873514,0.2238411090603686,-0.3499612138155582,0.00010184802050100212,0.22385128646409377,-0.3269618193255823,-1.4200227896319788,1.2359905242919922,-1.386080567036764,-1.571038548146383,2.738020658493042,0.0,0.0,-0.0,0.0,0.0,0.0,-0.32693838733451147,-1.4200103498396126,1.23600214058347,-1.386078220295555,-1.5710130290132316,2.7380434596574847,-9.397232246254291e-07,1.1688278064835603e-06,-1.6072839783449692e-06,3.5797974778694176e-06,8.87564662821883e-07,1.6617783410113311e-07,-3.052729975131241e-05,-8.035218536951268,-6.268894355471536,-0.9627278647726849,-5.176146168842519e-05,1.770827936707774e-08,28.0,28.0,14.0,6.0,6.0,6.0
1.4591555879812228,1.0,2.3066506671531596e-05,8.068534493419722e-05,-0.3499511673194469,0.0001041682056873514,0.2238411090603686,-0.3499511673194469,0.0001041682056873514,0.2238411090603686,-0.34995926231436486,0.00011632005743891538,0.22385896591581167,-0.32699758211244756,-1.4200227896319788,1.2359542846679688,-1.386045281087057,-1.5710504690753382,2.7380564212799072,0.0,0.0,-0.0,0.0,0.0,0.0,-0.32693839025447347,-1.4200103446662773,1.2360021349937074,-1.3860782064377237,-1.5710130247690355,2.7380434568912113,-7.299904979109779e-07,1.2933338458967792e-06,-1.3974406669336182e-06,3.4644578225378538e-06,1.0610490360615324e-06,-6.91568351672207e-07,-1.2574711768971506e-05,-8.035178309359862,-6.268849551434682,-0.962726381992193,-5.36904291108238e-05,-3.5448398769365256e-08,28.0,28.0,14.0,6.0,6.0,6.0
1.4642860009986913,1.0,2.3066506671531596e-05,8.068534493419722e-05,-0.3499511673194469,0.0001041682056873514,0.2238411090603686,-0.3499511673194469,0.0001041682056873514,0.2238411090603686,-0.34995926231436486,0.00011632005743891538,0.22385896591581167,-0.32699758211244756,-1.4200227896319788,1.2359542846679688,-1.386045281087057,-1.5710504690753382,2.7380564212799072,0.0,0.0,-0.0,0.0,0.0,0.0,-0.32693839254523727,-1.4200103391194239,1.2360021300334747,-1.3860781929259114,-1.5710130200043861,2.7380434515516994,-5.726909528751397e-07,1.3867133754566934e-06,-1.240058183375105e-06,3.3779530810391813e-06,1.1911623159912694e-06,-1.334877991002212e-06,-1.2574711768971506e-05,-8.035178309359862,-6.268849551434682,-0.962726381992193,-5.36904291108238e-05,-3.5448398769365256e-08,28.0,28.0,14.0,6.0,6.0,6.0
1.4682860009986913,1.0,4.682092002915342e-06,2.6235287566032356e-05,-0.3499511673194469,0.0001041682056873514,0.2238411090603686,-0.3499511673194469,0.0001041682056873514,0.2238411090603686,-0.3499530506975171,0.0001006347920755158,0.22384353596391351,-0.3269737402545374,-1.4200347105609339,1.2360267639160156,-1.3860686461078089,-1.571026627217428,2.738044500350952,0.0,0.0,-0.0,0.0,0.0,0.0,-0.3269383946584542,-1.420010333834628,1.2360021247479633,-1.3860781808014615,-1.571013016430621,2.7380434463609054,-5.28304228908567e-07,1.3211989718489779e-06,-1.3213778545575875e-06,3.0311124631498093e-06,8.934412528427724e-07,-1.297698471340555e-06,-1.4710881682774124e-05,-8.035119199392836,-6.268918724110062,-0.9627222022241001,-4.9123882963612575e-05,-8.86337662539352e-09,28.0,28.0,14.0,6.0,6.0,6.0
1.4729438610000076,1.0,4.682092002915342e-06,2.6235287566032356e-05,-0.3499511673194469,0.0001041682056873514,0.2238411090603686,-0.3499511673194469,0.0001041682056873514,0.2238411090603686,-0.3499530506975171,0.0001006347920755158,0.22384353596391351,-0.3269737402545374,-1.4200347105609339,1.2360267639160156,-1.3860686461078089,-1.571026627217428,2.738044500350952,0.0,0.0,-0.0,0.0,0.0,0.0,-0.32693839663851093,-1.4200103287463752,1.236002119218493,-1.3860781697175335,-1.5710130137500193,2.73804344128165,-4.950141859336375e-07,1.2720631691431911e-06,-1.3823676079444494e-06,2.7709819997327807e-06,6.701504554813995e-07,-1.2698138315943122e-06,-1.4710881682774124e-05,-8.035119199392836,-6.268918724110062,-0.9627222022241001,-4.9123882963612575e-05,-8.86337662539352e-09,28.0,28.0,14.0,6.0,6.0,6.0
1.4769438610000076,1.0,4.682092002915342e-06,2.6235287566032356e-05,-0.3499511673194469,0.0001041682056873514,0.2238411090603686,-0.3499511673194469,0.0001041682056873514,0.2238411090603686,-0.3499530506975171,0.0001006347920755158,0.22384353596391351,-0.3269737402545374,-1.4200347105609339,1.2360267639160156,-1.3860686461078089,-1.571026627217428,2.738044500350952,0.0,0.0,-0.0,0.0,0.0,0.0,-0.32693839851869755,-1.42001032380553,1.2360021135060533,-1.3860781594139968,-1.57101301173929,2.738043436286049,-4.700466537024404e-07,1.235211317113851e-06,-1.4281099229845959e-06,2.575884152170009e-06,5.0268235746037e-07,-1.24890035178463e-06,-1.4710881682774124e-05,-8.035119199392836,-6.268918724110062,-0.9627222022241001,-4.9123882963612575e-05,-8.86337662539352e-09,28.0,28.0,14.0,6.0,6.0,6.0
1.482037467014278,1.0,4.682092002915342e-06,2.6235287566032356e-05,-0.3499511673194469,0.0001041682056873514,0.2238411090603686,-0.3499511673194469,0.0001041682056873514,0.2238411090603686,-0.3499530506975171,0.0001006347920755158,0.22384353596391351,-0.3269737402545374,-1.4200347105609339,1.2360267639160156,-1.3860686461078089,-1.571026627217428,2.738044500350952,0.0,0.0,-0.0,0.0,0.0,0.0,-0.3269384003239816,-1.4200103189752402,1.2360021076563867,-1.3860781496957537,-1.5710130102309647,2.738043431353188,-4.513210045290425e-07,1.2075724280918461e-06,-1.4624166592647058e-06,2.42956076649793e-06,3.7708128394459773e-07,-1.2332152419273685e-06,-1.4710881682774124e-05,-8.035119199392836,-6.268918724110062,-0.9627222022241001,-4.9123882963612575e-05,-8.86337662539352e-09,28.0,28.0,14.0,6.0,6.0,6.0
1.486037467014278,1.0,7.4644077612760215e-06,5.442385927708533e-05,-0.3499511673194469,0.0001041682056873514,0.2238411090603686,-0.3499511673194469,0.0001041682056873514,0.2238411090603686,-0.3499526926237212,0.00011147475644926348,0.22384103732431715,-0.32699758211244756,-1.4200347105609339,1.2360386848449707,-1.386080567036764,-1.571038548146383,2.7380564212799072,0.0,0.0,-0.0,0.0,0.0,0.0,-0.3269384015309347,-1.4200103143440308,1.236002101445172,-1.386078140041786,-1.571013008309106,2.738043424636499,-3.017382786529062e-07,1.1578023398884174e-06,-1.5528036701925672e-06,2.413491892509816e-06,4.804646442175506e-07,-1.6791722581912902e-06,-3.103182110370118e-06,-8.035141224934517,-6.268934062345124,-0.9627225696872577,-5.1230055482682165e-05,-3.5441599888133344e-08,28.0,28.0,14.0,6.0,6.0,6.0
1.4905837190062745,1.0,7.4644077612760215e-06,5.442385927708533e-05,-0.3499511673194469,0.0001041682056873514,0.2238411090603686,-0.3499511673194469,0.0001041682056873514,0.2238411090603686,-0.3499526926237212,0.00011147475644926348,0.22384103732431715,-0.32699758211244756,-1.4200347105609339,1.2360386848449707,-1.386080567036764,-1.571038548146383,2.7380564212799072,0.0,0.0,-0.0,0.0,0.0,0.0,-0.3269384022891396,-1.4200103098621317,1.2360020949627963,-1.3860781304360252,-1.5710130060770975,2.738043416581939,-1.8955123424580396e-07,1.1204747737358459e-06,-1.620593928388463e-06,2.40144023701873e-06,5.580021644222653e-07,-2.0136400203892315e-06,-3.103182110370118e-06,-8.035141224934517,-6.268934062345124,-0.9627225696872577,-5.1230055482682165e-05,-3.5441599888133344e-08,28.0,28.0,14.0,6.0,6.0,6.0
1.4945837190062745,1.0,1.8346214046336103e-05,7.25163474834728e-05,-0.3499511673194469,0.0001041682056873514,0.2238411090603686,-0.3499511673194469,0.0001041682056873514,0.2238411090603686,-0.34996311971663907,0.00010666668418490372,0.22385480144425135,-0.3269737402545374,-1.4200227896319788,1.235978603363037,-1.386080567036764,-1.571038548146383,2.738032579421997,0.0,0.0,-0.0,0.0,0.0,0.0,-0.32693840350073256,-1.4200103043727292,1.2360020878396705,-1.3860781183532547,-1.5710130036119638,2.7380434098981077,-3.028982357921315e-07,1.372350646876512e-06,-1.7807814583447524e-06,3.0206926401348647e-06,6.162834005559781e-07,-1.6709578282093646e-06,-2.5652393619635873e-05,-8.035201629283995,-6.268881281514955,-0.9627295007991294,-5.158435064833242e-05,-1.2561202224159644e-11,28.0,28.0,14.0,6.0,6.0,6.0
1.4995882760013926,1.0,1.8346214046336103e-05,7.25163474834728e-05,-0.3499511673194469,0.0001041682056873514,0.2238411090603686,-0.3499511673194469,0.0001041682056873514,0.2238411090603686,-0.34996311971663907,0.00010666668418490372,0.22385480144425135,-0.3269737402545374,-1.4200227896319788,1.235978603363037,-1.386080567036764,-1.571038548146383,2.738032579421997,0.0,0.0,-0.0,0.0,0.0,0.0,-0.3269384050523665,-1.420010298127699,1.2360020802359821,-1.3860781044127268,-1.5710130009719865,2.738043404242323,-3.879084869518771e-07,1.5612575517320114e-06,-1.9009221058119695e-06,3.485131942471966e-06,6.599943276562627e-07,-1.4139461840744645e-06,-2.5652393619635873e-05,-8.035201629283995,-6.268881281514955,-0.9627295007991294,-5.158435064833242e-05,-1.2561202224159644e-11,28.0,28.0,14.0,6.0,6.0,6.0
1.5035882760013926,1.0,1.8346214046336103e-05,7.25163474834728e-05,-0.3499511673194469,0.0001041682056873514,0.2238411090603686,-0.3499511673194469,0.0001041682056873514,0.2238411090603686,-0.34996311971663907,0.00010666668418490372,0.22385480144425135,-0.3269737402545374,-1.4200227896319788,1.235978603363037,-1.386080567036764,-1.571038548146383,2.738032579421997,0.0,0.0,-0.0,0.0,0.0,0.0,-0.3269384068590312,-1.420010291315948,1.2360020722718719,-1.386078089078881,-1.5710129982008765,2.738043399357573,-4.516661753216863e-07,1.702937730373636e-06,-1.9910275914123825e-06,3.833461419224791e-06,6.927775229814761e-07,-1.2211874509732894e-06,-2.5652393619635873e-05,-8.035201629283995,-6.268881281514955,-0.9627295007991294,-5.158435064833242e-05,-1.2561202224159644e-11,28.0,28.0,14.0,6.0,6.0,6.0
1.5083351850218611,1.0,1.8346214046336103e-05,7.25163474834728e-05,-0.3499511673194469,0.0001041682056873514,0.2238411090603686,-0.3499511673194469,0.0001041682056873514,0.2238411090603686,-0.34996311971663907,0.00010666668418490372,0.22385480144425135,-0.3269737402545374,-1.4200227896319788,1.235978603363037,-1.386080567036764,-1.571038548146383,2.738032579421997,0.0,0.0,-0.0,0.0,0.0,0.0,-0.32693840885696895,-1.4200102840791566,1.236002064037445,-1.386078072700047,-1.5710129953314167,2.7380433950510996,-4.994844415990432e-07,1.8091978643548546e-06,-2.058606705612692e-06,4.094708526789411e-06,7.173649194753861e-07,-1.0766184011474082e-06,-2.5652393619635873e-05,-8.035201629283995,-6.268881281514955,-0.9627295007991294,-5.158435064833242e-05,-1.2561202224159644e-11,28.0,28.0,14.0,6.0,6.0,6.0
1.5123351850218612,1.0,2.3107240085250712e-05,8.763054018869216e-05,-0.3499511673194469,0.0001041682056873514,0.2238411090603686,-0.3499511673194469,0.0001041682056873514,0.2238411090603686,-0.3499583499947494,0.00011183833343503054,0.22386168873141046,-0.3269856611834925,-1.420046631489889,1.235978603363037,-1.3860686461078089,-1.5710504690753382,2.738008499145508,0.0,0.0,-0.0,0.0,0.0,0.0,-0.3269384108514067,-1.4200102754834625,1.2360020551460094,-1.3860780553328955,-1.571012991597646,2.7380433921321616,-4.986094303735362e-07,2.148923521646922e-06,-2.2228588699420126e-06,4.341787866011258e-06,9.334426647333571e-07,-7.297344847464961e-07,-2.9943272855840604e-05,-8.034876729197073,-6.2688511934268245,-0.9627307285125748,-5.38677353594206e-05,9.02154097064907e-09,28.0,28.0,14.0,6.0,6.0,6.0
1.5172293220260187,1.0,2.3107240085250712e-05,8.763054018869216e-05,-0.3499511673194469,0.0001041682056873514,0.2238411090603686,-0.3499511673194469,0.0001041682056873514,0.2238411090603686,-0.3499583499947494,0.00011183833343503054,0.22386168873141046,-0.3269856611834925,-1.420046631489889,1.235978603363037,-1.3860686461078089,-1.5710504690753382,2.738008499145508,0.0,0.0,-0.0,0.0,0.0,0.0,-0.3269384128432194,-1.4200102658685914,1.2360020457618175,-1.386078037224506,-1.5710129872156422,2.7380433902538757,-4.97953171954406e-07,2.403717764615972e-06,-2.3460479931890027e-06,4.527097370427644e-06,1.0955009736768354e-06,-4.69571547445812e-07,-2.9943272855840604e-05,-8.034876729197073,-6.2688511934268245,-0.9627307285125748,-5.38677353594206e-05,9.02154097064907e-09,28.0,28.0,14.0,6.0,6.0,6.0
1.5212293220260187,1.0,1.6480190526664762e-05,6.420056658861525e-05,-0.3499511673194469,0.0001041682056873514,0.2238411090603686,-0.3499511673194469,0.0001041682056873514,0.2238411090603686,-0.34995999096048297,0.00011501190849880174,0.22384983569477135,-0.3269856611834925,-1.4200108687030237,1.235978603363037,-1.3860686461078089,-1.5710623900042933,2.738044500350952,0.0,0.0,-0.0,0.0,0.0,0.0,-0.32693841507969595,-1.4200102579062104,1.2360020379355656,-1.3860780204429384,-1.5710129815566536,2.738043386520569,-5.591191446827465e-07,1.990595268866128e-06,-1.9565629532611697e-06,4.1953919337369745e-06,1.4147471593646264e-06,-9.333265868446999e-07,-1.7586372793827675e-05,-8.035374565121971,-6.268894102161736,-0.9627255247763049,-5.6327938983319434e-05,-1.7727544930808822e-08,28.0,28.0,14.0,6.0,6.0,6.0
1.52578032303555,1.0,1.6480190526664762e-05,6.420056658861525e-05,-0.3499511673194469,0.0001041682056873514,0.2238411090603686,-0.3499511673194469,0.0001041682056873514,0.2238411090603686,-0.34995999096048297,0.00011501190849880174,0.22384983569477135,-0.3269856611834925,-1.4200108687030237,1.235978603363037,-1.3860686461078089,-1.5710623900042933,2.738044500350952,0.0,0.0,-0.0,0.0,0.0,0.0,-0.32693841749967045,-1.420010251183197,1.2360020312777689,-1.386078004656487,-1.5710129749399264,2.7380433813959977,-6.049936242290019e-07,1.6807533970537446e-06,-1.6644491733152947e-06,3.946612856218973e-06,1.6541817986304695e-06,-1.2811428663938658e-06,-1.7586372793827675e-05,-8.035374565121971,-6.268894102161736,-0.9627255247763049,-5.6327938983319434e-05,-1.7727544930808822e-08,28.0,28.0,14.0,6.0,6.0,6.0
1.52978032303555,1.0,1.6480190526664762e-05,6.420056658861525e-05,-0.3499511673194469,0.0001041682056873514,0.2238411090603686,-0.3499511673194469,0.0001041682056873514,0.2238411090603686,-0.34995999096048297,0.00011501190849880174,0.22384983569477135,-0.3269856611834925,-1.4200108687030237,1.235978603363037,-1.3860686461078089,-1.5710623900042933,2.738044500350952,0.0,0.0,-0.0,0.0,0.0,0.0,-0.32693842005726836,-1.420010245389709,1.2360020254963135,-1.3860779896163726,-1.5710129676048954,2.7380433752279774,-6.393994838886934e-07,1.448371993194457e-06,-1.4453638383558886e-06,3.7600285480804713e-06,1.833757778079852e-06,-1.5420050760557403e-06,-1.7586372793827675e-05,-8.035374565121971,-6.268894102161736,-0.9627255247763049,-5.6327938983319434e-05,-1.7727544930808822e-08,28.0,28.0,14.0,6.0,6.0,6.0
1.5348727430396254,1.0,9.088474256932205e-06,7.310763296329669e-05,-0.3499511673194469,0.0001041682056873514,0.2238411090603686,-0.3499511673194469,0.0001041682056873514,0.2238411090603686,-0.3499545472144115,0.00010482115782995746,0.2238495203817777,-0.3269618193255823,-1.420046631489889,1.2360267639160156,-1.386092487965719,-1.5710623900042933,2.738020658493042,0.0,0.0,-0.0,0.0,0.0,0.0,-0.326938423508111,-1.4200102387614328,1.2360020182173708,-1.3860779737544648,-1.5710129597306608,2.738043370651419,-8.627106462217542e-07,1.6570690430837758e-06,-1.8197356737987451e-06,3.965476963699974e-06,1.968558632488728e-06,-1.1441395855586467e-06,-4.26053596347278e-05,-8.034943658717337,-6.268907840607123,-0.962728361906899,-5.6682418016413724e-05,1.7707839196455436e-08,28.0,28.0,14.0,6.0,6.0,6.0
1.5388727430396254,1.0,9.088474256932205e-06,7.310763296329669e-05,-0.3499511673194469,0.0001041682056873514,0.2238411090603686,-0.3499511673194469,0.0001041682056873514,0.2238411090603686,-0.3499545472144115,0.00010482115782995746,0.2238495203817777,-0.3269618193255823,-1.420046631489889,1.2360267639160156,-1.386092487965719,-1.5710623900042933,2.738020658493042,0.0,0.0,-0.0,0.0,0.0,0.0,-0.32693842762888703,-1.4200102315070655,1.2360020098153126,-1.3860779572762116,-1.5710129514520237,2.738043367268457,-1.0301940179715497e-06,1.813591830500765e-06,-2.1005145503808875e-06,4.1195632754146e-06,2.0696592732953848e-06,-8.457404676858264e-07,-4.26053596347278e-05,-8.034943658717337,-6.268907840607123,-0.962728361906899,-5.6682418016413724e-05,1.7707839196455436e-08,28.0,28.0,14.0,6.0,6.0,6.0
1.543848805027316,1.0,9.088474256932205e-06,7.310763296329669e-05,-0.3499511673194469,0.0001041682056873514,0.2238411090603686,-0.3499511673194469,0.0001041682056873514,0.2238411090603686,-0.3499545472144115,0.00010482115782995746,0.2238495203817777,-0.3269618193255823,-1.420046631489889,1.2360267639160156,-1.386092487965719,-1.5710623900042933,2.738020658493042,0.0,0.0,-0.0,0.0,0.0,0.0,-0.3269384322521132,-1.4200102237831298,1.2360020005709178,-1.3860779403356995,-1.5710129428700847,2.7380433647806925,-1.1558065467838962e-06,1.930983921063507e-06,-2.3110987078174946e-06,4.2351280092005695e-06,2.145484753900377e-06,-6.219411292812113e-07,-4.26053596347278e-05,-8.034943658717337,-6.268907840607123,-0.962728361906899,-5.6682418016413724e-05,1.7707839196455436e-08,28.0,28.0,14.0,6.0,6.0,6.0
1.547848805027316,1.0,1.1145500655875841e-05,1.1959015087184123e-05,-0.3499511673194469,0.0001041682056873514,0.2238411090603686,-0.3499511673194469,0.0001041682056873514,0.2238411090603686,-0.3499601463479668,0.00010304126098167422,0.22383460296881225,-0.3269737402545374,-1.4199865500079554,1.2360029220581055,-1.3860686461078089,-1.571026627217428,2.738020658493042,0.0,0.0,-0.0,0.0,0.0,0.0,-0.3269384361138402,-1.4200102192113813,1.2360019940691274,-1.3860779269033126,-1.5710129364334235,2.7380433633115775,-9.654317433801507e-07,1.1429371269774198e-06,-1.6254476090158674e-06,3.3580967283725887e-06,1.6091653279919521e-06,-3.6727877025082295e-07,1.4499606870830898e-06,-8.035749732803502,-6.2689499564483535,-0.9627185841070514,-4.912361993555192e-05,8.8595355409899e-09,28.0,28.0,14.0,6.0,6.0,6.0
1.5524045550252783,1.0,1.1145500655875841e-05,1.1959015087184123e-05,-0.3499511673194469,0.0001041682056873514,0.2238411090603686,-0.3499511673194469,0.0001041682056873514,0.2238411090603686,-0.3499601463479668,0.00010304126098167422,0.22383460296881225,-0.3269737402545374,-1.4199865500079554,1.2360029220581055,-1.3860686461078089,-1.571026627217428,2.738020658493042,0.0,0.0,-0.0,0.0,0.0,0.0,-0.3269384394044428,-1.4200102170037732,1.2360019896242902,-1.3860779161020196,-1.5710129316057204,2.7380433626064495,-8.226506408273416e-07,5.519020314128544e-07,-1.1112092849146468e-06,2.700323267751603e-06,1.2069257585606336e-06,-1.7628200097803166e-07,1.4499606870830898e-06,-8.035749732803502,-6.2689499564483535,-0.9627185841070514,-4.912361993555192e-05,8.8595355409899e-09,28.0,28.0,14.0,6.0,6.0,6.0
1.5564045550252783,1.0,1.1145500655875841e-05,1.1959015087184123e-05,-0.3499511673194469,0.0001041682056873514,0.2238411090603686,-0.3499511673194469,0.0001041682056873514,0.2238411090603686,-0.3499601463479668,0.00010304126098167422,0.22383460296881225,-0.3269737402545374,-1.4199865500079554,1.2360029220581055,-1.3860686461078089,-1.571026627217428,2.738020658493042,0.0,0.0,-0.0,0.0,0.0,0.0,-0.32693844226670205,-1.4200102165692703,1.236001986722168,-1.3860779072740468,-1.571012927984736,2.7380433624743117,-7.155648139127349e-07,1.0862570973943031e-07,-7.255305418387314e-07,2.206993172285864e-06,9.052460814871447e-07,-3.303442402343823e-08,1.4499606870830898e-06,-8.035749732803502,-6.2689499564483535,-0.9627185841070514,-4.912361993555192e-05,8.8595355409899e-09,28.0,28.0,14.0,6.0,6.0,6.0
1.5617308760245803,1.0,6.741163791008675e-06,2.8820363563473728e-05,-0.3499511673194469,0.0001041682056873514,0.2238411090603686,-0.3499511673194469,0.0001041682056873514,0.2238411090603686,-0.3499576935866179,0.00010482642820834422,0.22384266401026598,-0.3269737402545374,-1.4200108687030237,1.2360029220581055,-1.3860686461078089,-1.571038548146383,2.738044500350952,0.0,0.0,-0.0,0.0,0.0,0.0,-0.3269384450556752,-1.4200102160203298,1.2360019839002667,-1.3860778986806086,-1.5710129244779347,2.7380433609419232,-6.972432931941223e-07,1.3723513185821523e-07,-7.054753404084651e-07,2.148359522692311e-06,8.767003121415626e-07,-3.8309711962528683e-07,-1.2790570226504966e-05,-8.035411593556313,-6.268920858783168,-0.9627221242484547,-5.1584195974180426e-05,-8.863480138816177e-09,28.0,28.0,14.0,6.0,6.0,6.0
1.5657308760245803,1.0,6.741163791008675e-06,2.8820363563473728e-05,-0.3499511673194469,0.0001041682056873514,0.2238411090603686,-0.3499511673194469,0.0001041682056873514,0.2238411090603686,-0.3499576935866179,0.00010482642820834422,0.22384266401026598,-0.3269737402545374,-1.4200108687030237,1.2360029220581055,-1.3860686461078089,-1.571038548146383,2.738044500350952,0.0,0.0,-0.0,0.0,0.0,0.0,-0.32693844778968384,-1.420010215385561,1.236001981138531,-1.3860778902630715,-1.5710129210567707,2.738043358359347,-6.835021526551628e-07,1.5869219844730392e-07,-6.904339393357654e-07,2.1043842854971463e-06,8.55290985132376e-07,-6.456441413266732e-07,-1.2790570226504966e-05,-8.035411593556313,-6.268920858783168,-0.9627221242484547,-5.1584195974180426e-05,-8.863480138816177e-09,28.0,28.0,14.0,6.0,6.0,6.0
1.5706558830251458,1.0,6.741163791008675e-06,2.8820363563473728e-05,-0.3499511673194469,0.0001041682056873514,0.2238411090603686,-0.3499511673194469,0.0001041682056873514,0.2238411090603686,-0.3499576935866179,0.00010482642820834422,0.22384266401026598,-0.3269737402545374,-1.4200108687030237,1.2360029220581055,-1.3860686461078089,-1.571038548146383,2.738044500350952,0.0,0.0,-0.0,0.0,0.0,0.0,-0.326938450482469,-1.4200102146864209,1.2360019784219194,-1.38607788197746,-1.5710129176998346,2.7380433549891294,-6.731962972509432e-07,1.7478499838912043e-07,-6.791528885312406e-07,2.071402857600773e-06,8.39233989875486e-07,-8.42554407602713e-07,-1.2790570226504966e-05,-8.035411593556313,-6.268920858783168,-0.9627221242484547,-5.1584195974180426e-05,-8.863480138816177e-09,28.0,28.0,14.0,6.0,6.0,6.0
1.5746558830251458,1.0,1.848618499759277e-05,7.540239350064901e-05,-0.3499511673194469,0.0001041682056873514,0.2238411090603686,-0.3499511673194469,0.0001041682056873514,0.2238411090603686,-0.3499580362231362,0.00010232561836920875,0.22385817253216797,-0.3269737402545374,-1.420046631489889,1.2359905242919922,-1.3860686461078089,-1.571026627217428,2.7380564212799072,0.0,0.0,-0.0,0.0,0.0,0.0,-0.326938452897917,-1.420010211132608,1.2360019735978263,-1.3860778712612996,-1.5710129151817445,2.7380433504835753,-6.038620036848884e-07,8.88453185592015e-07,-1.2060232982662368e-06,2.679040074686368e-06,6.295225486155064e-07,-1.126388503976225e-06,-2.778290925381293e-05,-8.034893186478728,-6.268864183425551,-0.9627290922704758,-4.9124030422797276e-05,-1.773099432766564e-08,28.0,28.0,14.0,6.0,6.0,6.0
1.5793814200260683,1.0,1.848618499759277e-05,7.540239350064901e-05,-0.3499511673194469,0.0001041682056873514,0.2238411090603686,-0.3499511673194469,0.0001041682056873514,0.2238411090603686,-0.3499580362231362,0.00010232561836920875,0.22385817253216797,-0.3269737402545374,-1.420046631489889,1.2359905242919922,-1.3860686461078089,-1.571026627217428,2.7380564212799072,0.0,0.0,-0.0,0.0,0.0,0.0,-0.3269384551053621,-1.4200102054377908,1.236001967193122,-1.3860778587222276,-1.5710129132927886,2.738043345126519,-5.518612835103471e-07,1.4237043259941858e-06,-1.6011761055674838e-06,3.1347679875005648e-06,4.7223896767052167e-07,-1.339264076256359e-06,-2.778290925381293e-05,-8.034893186478728,-6.268864183425551,-0.9627290922704758,-4.9124030422797276e-05,-1.773099432766564e-08,28.0,28.0,14.0,6.0,6.0,6.0
1.5833814200260683,1.0,1.2376973601955417e-05,3.960719675724713e-05,-0.3499511673194469,0.0001041682056873514,0.2238411090603686,-0.3499511673194469,0.0001041682056873514,0.2238411090603686,-0.3499592352886965,0.00010952156546144965,0.2238488187222847,-0.3269856611834925,-1.4200108687030237,1.235978603363037,-1.3860567251788538,-1.571038548146383,2.738008499145508,0.0,0.0,-0.0,0.0,0.0,0.0,-0.32693845700859747,-1.4200102005529134,1.2360019619233735,-1.3860778470927715,-1.5710129110852646,2.7380433416679253,-4.75808834895644e-07,1.2212193516865698e-06,-1.3174370813469553e-06,2.9073639966350373e-06,5.518809686666947e-07,-8.646484129610854e-07,-8.280720143339111e-06,-8.035377849466869,-6.268892295559393,-0.9627233420711767,-5.14070654486581e-05,9.030283123256833e-09,28.0,28.0,14.0,6.0,6.0,6.0
1.588311177004595,1.0,1.2376973601955417e-05,3.960719675724713e-05,-0.3499511673194469,0.0001041682056873514,0.2238411090603686,-0.3499511673194469,0.0001041682056873514,0.2238411090603686,-0.3499592352886965,0.00010952156546144965,0.2238488187222847,-0.3269856611834925,-1.4200108687030237,1.235978603363037,-1.3860567251788538,-1.571038548146383,2.738008499145508,0.0,0.0,-0.0,0.0,0.0,0.0,-0.3269384586836755,-1.420010196275491,1.2360019575048422,-1.3860778361455275,-1.5710129086388147,2.7380433396331787,-4.1876949843461664e-07,1.0693556209558579e-06,-1.1046328131815589e-06,2.736811003485892e-06,6.116124694138244e-07,-5.086866654896303e-07,-8.280720143339111e-06,-8.035377849466869,-6.268892295559393,-0.9627233420711767,-5.14070654486581e-05,9.030283123256833e-09,28.0,28.0,14.0,6.0,6.0,6.0
1.592311177004595,1.0,1.2376973601955417e-05,3.960719675724713e-05,-0.3499511673194469,0.0001041682056873514,0.2238411090603686,-0.3499511673194469,0.0001041682056873514,0.2238411090603686,-0.3499592352886965,0.00010952156546144965,0.2238488187222847,-0.3269856611834925,-1.4200108687030237,1.235978603363037,-1.3860567251788538,-1.571038548146383,2.738008499145508,0.0,0.0,-0.0,0.0,0.0,0.0,-0.3269384601876355,-1.4200101924536597,1.2360019537247238,-1.3860778257099424,-1.5710129060131703,2.7380433386663174,-3.7598999608884614e-07,9.55457822907824e-07,-9.450296120575116e-07,2.6088962586240328e-06,6.564110949741717e-07,-2.4171535488603887e-07,-8.280720143339111e-06,-8.035377849466869,-6.268892295559393,-0.9627233420711767,-5.14070654486581e-05,9.030283123256833e-09,28.0,28.0,14.0,6.0,6.0,6.0
1.597375100982609,1.0,1.2376973601955417e-05,3.960719675724713e-05,-0.3499511673194469,0.0001041682056873514,0.2238411090603686,-0.3499511673194469,0.0001041682056873514,0.2238411090603686,-0.3499592352886965,0.00010952156546144965,0.2238488187222847,-0.3269856611834925,-1.4200108687030237,1.235978603363037,-1.3860567251788538,-1.571038548146383,2.738008499145508,0.0,0.0,-0.0,0.0,0.0,0.0,-0.32693846156325695,-1.4200101889735217,1.236001950423415,-1.3860778156581017,-1.5710129032531301,2.7380433385003697,-3.4390536932951826e-07,8.700344743717985e-07,-8.253272112144762e-07,2.5129601999776383e-06,6.900100641444322e-07,-4.1486871933345355e-08,-8.280720143339111e-06,-8.035377849466869,-6.268892295559393,-0.9627233420711767,-5.14070654486581e-05,9.030283123256833e-09,28.0,28.0,14.0,6.0,6.0,6.0
1.601375100982609,1.0,1.9536437912959906e-05,6.807091171583697e-05,-0.3499511673194469,0.0001041682056873514,0.2238411090603686,-0.3499511673194469,0.0001041682056873514,0.2238411090603686,-0.3499663271431167,0.00011454386579227157,0.22384775720522376,-0.3269856611834925,-1.4199984709369105,1.235978603363037,-1.386092487965719,-1.5710504690753382,2.738044500350952,0.0,0.0,-0.0,0.0,0.0,0.0,-0.32693846309012775,-1.4200101855410205,1.2360019464394139,-1.3860778035107177,-1.5710128996014112,2.73804333629877,-3.817177023905184e-07,8.581252707096172e-07,-9.960002789491866e-07,3.036846023434698e-06,9.129297556823684e-07,-5.503999510045522e-07,-1.328394134163182e-05,-8.035539366697336,-6.268912359067736,-0.9627280848030559,-5.3867524170169554e-05,-1.7729393795273416e-08,28.0,28.0,14.0,6.0,6.0,6.0
1.6061730649902026,1.0,1.9536437912959906e-05,6.807091171583697e-05,-0.3499511673194469,0.0001041682056873514,0.2238411090603686,-0.3499511673194469,0.0001041682056873514,0.2238411090603686,-0.3499663271431167,0.00011454386579227157,0.22384775720522376,-0.3269856611834925,-1.4199984709369105,1.235978603363037,-1.386092487965719,-1.5710504690753382,2.738044500350952,0.0,0.0,-0.0,0.0,0.0,0.0,-0.3269384647304356,-1.420010182144247,1.2360019419433936,-1.3860777897916763,-1.571012895280933,2.738043332570431,-4.100769521862685e-07,8.491933679629812e-07,-1.1240050797502195e-06,3.4297603910274923e-06,1.0801195243358205e-06,-9.320847603079572e-07,-1.328394134163182e-05,-8.035539366697336,-6.268912359067736,-0.9627280848030559,-5.3867524170169554e-05,-1.7729393795273416e-08,28.0,28.0,14.0,6.0,6.0,6.0
1.6101730649902026,1.0,1.3378164072314296e-05,5.20152688980511e-05,-0.3499511673194469,0.0001041682056873514,0.2238411090603686,-0.3499511673194469,0.0001041682056873514,0.2238411090603686,-0.3499580837769894,0.00011436506749700925,0.2238463207681735,-0.3269856611834925,-1.4200108687030237,1.2359905242919922,-1.3860686461078089,-1.5710623900042933,2.738008499145508,0.0,0.0,-0.0,0.0,0.0,0.0,-0.3269384667031147,-1.4200101792199706,1.2360019379888745,-1.3860777769240027,-1.5710128896681583,2.738043329838607,-4.931697805943321e-07,7.310691032707618e-07,-9.886297713582666e-07,3.2169183928157197e-06,1.4031936531110745e-06,-6.829560218301853e-07,-1.5045513402222315e-05,-8.035394348380338,-6.26890734288909,-0.9627238289083886,-5.6327919374862385e-05,9.02996628114843e-09,28.0,28.0,14.0,6.0,6.0,6.0
1.6150731379825163,1.0,1.3378164072314296e-05,5.20152688980511e-05,-0.3499511673194469,0.0001041682056873514,0.2238411090603686,-0.3499511673194469,0.0001041682056873514,0.2238411090603686,-0.3499580837769894,0.00011436506749700925,0.2238463207681735,-0.3269856611834925,-1.4200108687030237,1.2359905242919922,-1.3860686461078089,-1.5710623900042933,2.738008499145508,0.0,0.0,-0.0,0.0,0.0,0.0,-0.32693846892507233,-1.420010176650067,1.2360019344404813,-1.3860777646948552,-1.5710128830861614,2.738043327854169,-5.554894019003797e-07,6.424759047515974e-07,-8.87098290064302e-07,3.0572868941568904e-06,1.645499249692515e-06,-4.961094679718565e-07,-1.5045513402222315e-05,-8.035394348380338,-6.26890734288909,-0.9627238289083886,-5.6327919374862385e-05,9.02996628114843e-09,28.0,28.0,14.0,6.0,6.0,6.0
1.6190731379825163,1.0,1.3378164072314296e-05,5.20152688980511e-05,-0.3499511673194469,0.0001041682056873514,0.2238411090603686,-0.3499511673194469,0.0001041682056873514,0.2238411090603686,-0.3499580837769894,0.00011436506749700925,0.2238463207681735,-0.3269856611834925,-1.4200108687030237,1.2359905242919922,-1.3860686461078089,-1.5710623900042933,2.738008499145508,0.0,0.0,-0.0,0.0,0.0,0.0,-0.3269384713339888,-1.420010174345943,1.2360019311966826,-1.3860777529446022,-1.5710128757772477,2.7380433264302706,-6.022291178799155e-07,5.76031005862224e-07,-8.109496790938284e-07,2.9375632701627684e-06,1.8272284471285953e-06,-3.5597455257810986e-07,-1.5045513402222315e-05,-8.035394348380338,-6.26890734288909,-0.9627238289083886,-5.6327919374862385e-05,9.02996628114843e-09,28.0,28.0,14.0,6.0,6.0,6.0
1.6237108129640117,1.0,1.3378164072314296e-05,5.20152688980511e-05,-0.3499511673194469,0.0001041682056873514,0.2238411090603686,-0.3499511673194469,0.0001041682056873514,0.2238411090603686,-0.3499580837769894,0.00011436506749700925,0.2238463207681735,-0.3269856611834925,-1.4200108687030237,1.2359905242919922,-1.3860686461078089,-1.5710623900042933,2.738008499145508,0.0,0.0,-0.0,0.0,0.0,0.0,-0.3269384738831244,-1.4200101722411538,1.2360019281813297,-1.38607774155352,-1.5710128679231463,2.7380433254267773,-6.372839048645673e-07,5.261973316951939e-07,-7.538382208659734e-07,2.847770552167177e-06,1.9635253452056556e-06,-2.5087336603279987e-07,-1.5045513402222315e-05,-8.035394348380338,-6.26890734288909,-0.9627238289083886,-5.6327919374862385e-05,9.02996628114843e-09,28.0,28.0,14.0,6.0,6.0,6.0
1.6277108129640117,1.0,1.027227058321556e-05,5.008038421789066e-05,-0.3499511673194469,0.0001041682056873514,0.2238411090603686,-0.3499511673194469,0.0001041682056873514,0.2238411090603686,-0.34995223965154104,9.618757513195675e-05,0.22384748708378915,-0.3269618193255823,-1.420046631489889,1.2360267639160156,-1.3860686461078089,-1.571026627217428,2.7380800247192383,0.0,0.0,-0.0,0.0,0.0,0.0,-0.32693847658520125,-1.4200101687730273,1.2360019237600726,-1.3860777303994039,-1.5710128620319872,2.738043321526705,-6.755192057875781e-07,8.670316274148771e-07,-1.1053143068563457e-06,2.7885290335221956e-06,1.4727897681204693e-06,-9.750180483739737e-07,-2.7394044369850495e-05,-8.034950455125147,-6.268904270503162,-0.9627239968592846,-4.930109485336486e-05,-2.6406981956205925e-08,28.0,28.0,14.0,6.0,6.0,6.0
1.6327248689546257,1.0,1.027227058321556e-05,5.008038421789066e-05,-0.3499511673194469,0.0001041682056873514,0.2238411090603686,-0.3499511673194469,0.0001041682056873514,0.2238411090603686,-0.34995223965154104,9.618757513195675e-05,0.22384748708378915,-0.3269618193255823,-1.420046631489889,1.2360267639160156,-1.3860686461078089,-1.571026627217428,2.7380800247192383,0.0,0.0,-0.0,0.0,0.0,0.0,-0.326938479401984,-1.420010164282398,1.236001918284387,-1.3860777194230123,-1.5710128576130349,2.738043315454199,-7.041956814798362e-07,1.1226573492046394e-06,-1.368921371349125e-06,2.7440978945384596e-06,1.1047380853065795e-06,-1.518126560129854e-06,-2.7394044369850495e-05,-8.034950455125147,-6.268904270503162,-0.9627239968592846,-4.930109485336486e-05,-2.6406981956205925e-08,28.0,28.0,14.0,6.0,6.0,6.0
1.6367248689546257,1.0,2.0738639409620842e-05,8.724932608045949e-05,-0.3499511673194469,0.0001041682056873514,0.2238411090603686,-0.3499511673194469,0.0001041682056873514,0.2238411090603686,-0.34996836586771246,0.00011106291482815342,0.2238504237846256,-0.3269737402545374,-1.4200108687030237,1.2359905242919922,-1.3861168066607874,-1.5710504690753382,2.738032579421997,0.0,0.0,-0.0,0.0,0.0,0.0,-0.32693848240485285,-1.4200101589067413,1.236001911032225,-1.3860777044853092,-1.5710128527168723,2.7380433100096035,-7.507172058278935e-07,1.3439141431881598e-06,-1.8130405298803393e-06,3.7344257615545837e-06,1.2240406623935713e-06,-1.3611488342983147e-06,-2.8419130610728494e-05,-8.035376147119345,-6.268914084008261,-0.9627327040723979,-5.4044788702663054e-05,-1.5109778203229424e-11,28.0,28.0,14.0,6.0,6.0,6.0
1.6418161009694456,1.0,2.0738639409620842e-05,8.724932608045949e-05,-0.3499511673194469,0.0001041682056873514,0.2238411090603686,-0.3499511673194469,0.0001041682056873514,0.2238411090603686,-0.34996836586771246,0.00011106291482815342,0.2238504237846256,-0.3269737402545374,-1.4200108687030237,1.2359905242919922,-1.3861168066607874,-1.5710504690753382,2.738032579421997,0.0,0.0,-0.0,0.0,0.0,0.0,-0.3269384855472862,-1.4200101528673144,1.2360019024477054,-1.3860776865766224,-1.571012847462802,2.738043305035941,-7.856083490889365e-07,1.5098567386758e-06,-2.14612989877875e-06,4.477171661816677e-06,1.3135175952088152e-06,-1.2434155399246603e-06,-2.8419130610728494e-05,-8.035376147119345,-6.268914084008261,-0.9627327040723979,-5.4044788702663054e-05,-1.5109778203229424e-11,28.0,28.0,14.0,6.0,6.0,6.0
1.6458161009694456,1.0,2.0738639409620842e-05,8.724932608045949e-05,-0.3499511673194469,0.0001041682056873514,0.2238411090603686,-0.3499511673194469,0.0001041682056873514,0.2238411090603686,-0.34996836586771246,0.00011106291482815342,0.2238504237846256,-0.3269737402545374,-1.4200108687030237,1.2359905242919922,-1.3861168066607874,-1.5710504690753382,2.738032579421997,0.0,0.0,-0.0,0.0,0.0,0.0,-0.326938488794393,-1.4200101463300596,1.2360018928639176,-1.386077666439698,-1.5710128419403009,2.738043300415479,-8.117767065347188e-07,1.6343136852915303e-06,-2.3959469254525583e-06,5.0342310870132466e-06,1.380625294820248e-06,-1.1551155691444195e-06,-2.8419130610728494e-05,-8.035376147119345,-6.268914084008261,-0.9627327040723979,-5.4044788702663054e-05,-1.5109778203229424e-11,28.0,28.0,14.0,6.0,6.0,6.0
1.6505606359904639,1.0,1.8378242733638933e-05,2.6025789868734484e-05,-0.3499511673194469,0.0001041682056873514,0.2238411090603686,-0.3499511673194469,0.0001041682056873514,0.2238411090603686,-0.3499597693773381,0.00011960259408238532,0.22383605494710465,-0.3270214239703577,-1.4199984709369105,1.2360148429870605,-1.386080567036764,-1.571026627217428,2.738008499145508,0.0,0.0,-0.0,0.0,0.0,0.0,-0.32693849004521247,-1.4200101418774542,1.236001885110445,-1.386077649593123,-1.5710128377991532,2.7380432965684323,-3.1270485543606444e-07,1.1131513222680228e-06,-1.938368113128864e-06,4.211643776557052e-06,1.0352869233006547e-06,-9.617616364528433e-07,2.612868023847633e-05,-8.0356114208862,-6.268951302339745,-0.9627205675871314,-4.841518359835124e-05,-1.7543431655225687e-08,28.0,28.0,14.0,6.0,6.0,6.0
1.6545606359904639,1.0,1.8378242733638933e-05,2.6025789868734484e-05,-0.3499511673194469,0.0001041682056873514,0.2238411090603686,-0.3499511673194469,0.0001041682056873514,0.2238411090603686,-0.3499597693773381,0.00011960259408238532,0.22383605494710465,-0.3270214239703577,-1.4199984709369105,1.2360148429870605,-1.386080567036764,-1.571026627217428,2.738008499145508,0.0,0.0,-0.0,0.0,0.0,0.0,-0.32693848979881635,-1.420010138988336,1.2360018787297091,-1.3860776352143098,-1.5710128346940206,2.7380432933014474,6.159903288792633e-08,7.222795500003922e-07,-1.5951840038860931e-06,3.5947032937149065e-06,7.762831446609599e-07,-8.167461869341612e-07,2.612868023847633e-05,-8.0356114208862,-6.268951302339745,-0.9627205675871314,-4.841518359835124e-05,-1.7543431655225687e-08,28.0,28.0,14.0,6.0,6.0,6.0
1.659647118987749,1.0,1.8378242733638933e-05,2.6025789868734484e-05,-0.3499511673194469,0.0001041682056873514,0.2238411090603686,-0.3499511673194469,0.0001041682056873514,0.2238411090603686,-0.3499597693773381,0.00011960259408238532,0.22383605494710465,-0.3270214239703577,-1.4199984709369105,1.2360148429870605,-1.386080567036764,-1.571026627217428,2.738008499145508,0.0,0.0,-0.0,0.0,0.0,0.0,-0.32693848842950857,-1.420010137271833,1.2360018733785254,-1.386077622686318,-1.5710128323658994,2.738043290469509,3.4232694913091934e-07,4.2912572079966916e-07,-1.337795921954015e-06,3.131997931583297e-06,5.820303106811887e-07,-7.079845997951496e-07,2.612868023847633e-05,-8.0356114208862,-6.268951302339745,-0.9627205675871314,-4.841518359835124e-05,-1.7543431655225687e-08,28.0,28.0,14.0,6.0,6.0,6.0
1.663647118987749,1.0,1.771142612935052e-05,6.486788854611352e-05,-0.3499511673194469,0.0001041682056873514,0.2238411090603686,-0.3499511673194469,0.0001041682056873514,0.2238411090603686,-0.349967124479803,0.00010802488779175735,0.22384775659013925,-0.3269737402545374,-1.4199984709369105,1.235978603363037,-1.386092487965719,-1.571038548146383,2.7380564212799072,0.0,0.0,-0.0,0.0,0.0,0.0,-0.3269384880450477,-1.4200101350446577,1.2360018677195317,-1.3860776086615556,-1.5710128298286705,2.738043286121027,9.611521344723508e-08,5.567938189938163e-07,-1.414748421153403e-06,3.5061905933905284e-06,6.34307193297339e-07,-1.0871204563214247e-06,-1.7213024952443357e-05,-8.035536263351458,-6.268912148447412,-0.9627281441864884,-5.158424017459489e-05,-1.7729134376233565e-08,28.0,28.0,14.0,6.0,6.0,6.0
1.6687051059880766,1.0,1.771142612935052e-05,6.486788854611352e-05,-0.3499511673194469,0.0001041682056873514,0.2238411090603686,-0.3499511673194469,0.0001041682056873514,0.2238411090603686,-0.349967124479803,0.00010802488779175735,0.22384775659013925,-0.3269737402545374,-1.4199984709369105,1.235978603363037,-1.386092487965719,-1.571038548146383,2.7380564212799072,0.0,0.0,-0.0,0.0,0.0,0.0,-0.32693848839922207,-1.420010132434478,1.2360018618296804,-1.3860775935142153,-1.571012827134611,2.7380432806351376,-8.854358831552813e-08,6.525448926394267e-07,-1.472462795552944e-06,3.786835089745952e-06,6.735148552594517e-07,-1.3714723487161312e-06,-1.7213024952443357e-05,-8.035536263351458,-6.268912148447412,-0.9627281441864884,-5.158424017459489e-05,-1.7729134376233565e-08,28.0,28.0,14.0,6.0,6.0,6.0
1.6727051059880766,1.0,6.92520793081381e-06,3.771776199447026e-05,-0.3499511673194469,0.0001041682056873514,0.2238411090603686,-0.3499511673194469,0.0001041682056873514,0.2238411090603686,-0.3499545984784902,0.00010901075940045417,0.22383754040151121,-0.3269737402545374,-1.4199984709369105,1.2360029220581055,-1.3860567251788538,-1.5710623900042933,2.738020658493042,0.0,0.0,-0.0,0.0,0.0,0.0,-0.3269384898015393,-1.4200101316623224,1.2360018582655465,-1.3860775818845397,-1.571012822741461,2.738043276175049,-3.505793042710427e-07,1.930389324694808e-07,-8.910334759279674e-07,2.9074188963759118e-06,1.0982875242272905e-06,-1.1150222081842826e-06,-1.1973921151456275e-05,-8.035588283325447,-6.26893407993369,-0.9627181372728627,-5.650492543970494e-05,8.859548169641904e-09,28.0,28.0,14.0,6.0,6.0,6.0
1.677405709009851,1.0,6.92520793081381e-06,3.771776199447026e-05,-0.3499511673194469,0.0001041682056873514,0.2238411090603686,-0.3499511673194469,0.0001041682056873514,0.2238411090603686,-0.3499545984784902,0.00010901075940045417,0.22383754040151121,-0.3269737402545374,-1.4199984709369105,1.2360029220581055,-1.3860567251788538,-1.5710623900042933,2.738020658493042,0.0,0.0,-0.0,0.0,0.0,0.0,-0.32693849198996366,-1.4200101322686844,1.2360018564457005,-1.3860775728931127,-1.571012817073993,2.7380432724843105,-5.471060912376787e-07,-1.5159053765797857e-07,-4.5496148620923496e-07,2.2478567513483817e-06,1.4168670259531696e-06,-9.226846027853963e-07,-1.1973921151456275e-05,-8.035588283325447,-6.26893407993369,-0.9627181372728627,-5.650492543970494e-05,8.859548169641904e-09,28.0,28.0,14.0,6.0,6.0,6.0
1.681405709009851,1.0,6.92520793081381e-06,3.771776199447026e-05,-0.3499511673194469,0.0001041682056873514,0.2238411090603686,-0.3499511673194469,0.0001041682056873514,0.2238411090603686,-0.3499545984784902,0.00010901075940045417,0.22383754040151121,-0.3269737402545374,-1.4199984709369105,1.2360029220581055,-1.3860567251788538,-1.5710623900042933,2.738020658493042,0.0,0.0,-0.0,0.0,0.0,0.0,-0.3269384947679684,-1.420010133908935,1.2360018559340704,-1.3860775658803721,-1.5710128104507863,2.7380432693705847,-6.945011814626557e-07,-4.1006264025357313e-07,-1.2790749392018557e-07,1.7531851425777342e-06,1.655801652247579e-06,-7.784313987362315e-07,-1.1973921151456275e-05,-8.035588283325447,-6.26893407993369,-0.9627181372728627,-5.650492543970494e-05,8.859548169641904e-09,28.0,28.0,14.0,6.0,6.0,6.0
1.6865147510264076,1.0,6.92520793081381e-06,3.771776199447026e-05,-0.3499511673194469,0.0001041682056873514,0.2238411090603686,-0.3499511673194469,0.0001041682056873514,0.2238411090603686,-0.3499545984784902,0.00010901075940045417,0.22383754040151121,-0.3269737402545374,-1.4199984709369105,1.2360029220581055,-1.3860567251788538,-1.5710623900042933,2.738020658493042,0.0,0.0,-0.0,0.0,0.0,0.0,-0.3269384979881584,-1.4200101363246018,1.2360018564036024,-1.3860775603516464,-1.571012803110776,2.7380432666896186,-8.050474991313884e-07,-6.03916717200269e-07,1.1738300029660144e-07,1.3821814359997485e-06,1.835002621968386e-06,-6.70241495699358e-07,-1.1973921151456275e-05,-8.035588283325447,-6.26893407993369,-0.9627181372728627,-5.650492543970494e-05,8.859548169641904e-09,28.0,28.0,14.0,6.0,6.0,6.0
1.6905147510264076,1.0,1.2019465091636478e-05,3.769448937595205e-05,-0.3499511673194469,0.0001041682056873514,0.2238411090603686,-0.3499511673194469,0.0001041682056873514,0.2238411090603686,-0.34995863701664326,0.00011349093778965753,0.22383978322816478,-0.32699758211244756,-1.4199865500079554,1.235978603363037,-1.386045281087057,-1.571038548146383,2.738044500350952,0.0,0.0,-0.0,0.0,0.0,0.0,-0.3269385002555319,-1.4200101394439615,1.236001858080287,-1.3860775562215517,-1.5710127968152345,2.7380432624536164,-5.668433768911076e-07,-7.798399260563364e-07,4.191711591751994e-07,1.0325236774942713e-06,1.573885344851566e-06,-1.0590005152242545e-06,1.218873776602076e-05,-8.0357226833258,-6.26891995511285,-0.9627176473597038,-5.1229745205728926e-05,-2.6578122301606887e-08,28.0,28.0,14.0,6.0,6.0,6.0
1.695545430019033,1.0,1.2019465091636478e-05,3.769448937595205e-05,-0.3499511673194469,0.0001041682056873514,0.2238411090603686,-0.3499511673194469,0.0001041682056873514,0.2238411090603686,-0.34995863701664326,0.00011349093778965753,0.22383978322816478,-0.32699758211244756,-1.4199865500079554,1.235978603363037,-1.386045281087057,-1.571038548146383,2.738044500350952,0.0,0.0,-0.0,0.0,0.0,0.0,-0.32693850180829304,-1.4200101430910907,1.236001860662336,-1.3860775531404304,-1.571012791303045,2.7380432570513373,-3.88190285210897e-07,-9.11782332698387e-07,6.455122783341478e-07,7.702803586151636e-07,1.3780473870139509e-06,-1.350569779867927e-06,1.218873776602076e-05,-8.0357226833258,-6.26891995511285,-0.9627176473597038,-5.1229745205728926e-05,-2.6578122301606887e-08,28.0,28.0,14.0,6.0,6.0,6.0
1.699545430019033,1.0,1.2189103253215827e-05,4.3847805594696375e-05,-0.3499511673194469,0.0001041682056873514,0.2238411090603686,-0.3499511673194469,0.0001041682056873514,0.2238411090603686,-0.34996323497738024,0.0001025334647035909,0.22384058609570645,-0.3269618193255823,-1.4199984709369105,1.2360029220581055,-1.386092487965719,-1.571038548146383,2.738020658493042,0.0,0.0,-0.0,0.0,0.0,0.0,-0.3269385040098328,-1.4200101456519605,1.236001861374479,-1.3860775474700227,-1.5710127863776222,2.7380432535447037,-5.503849500807877e-07,-6.402174431869445e-07,1.7803573978132672e-07,1.4176019023868578e-06,1.2313556924774174e-06,-8.766583664222834e-07,-1.9435520250279935e-05,-8.035573742757046,-6.268938989339712,-0.9627247442962937,-5.176132823395765e-05,1.771263291169479e-08,28.0,28.0,14.0,6.0,6.0,6.0
1.704130863013678,1.0,1.2189103253215827e-05,4.3847805594696375e-05,-0.3499511673194469,0.0001041682056873514,0.2238411090603686,-0.3499511673194469,0.0001041682056873514,0.2238411090603686,-0.34996323497738024,0.0001025334647035909,0.22384058609570645,-0.3269618193255823,-1.4199984709369105,1.2360029220581055,-1.386092487965719,-1.571038548146383,2.738020658493042,0.0,0.0,-0.0,0.0,0.0,0.0,-0.3269385066979566,-1.4200101473981357,1.2360018606841923,-1.3860775398576504,-1.5710127818922746,2.7380432514598043,-6.720309487332056e-07,-4.365437760533626e-07,-1.7257166413328907e-07,1.9030930602156286e-06,1.1213369215750174e-06,-5.212248063380508e-07,-1.9435520250279935e-05,-8.035573742757046,-6.268938989339712,-0.9627247442962937,-5.176132823395765e-05,1.771263291169479e-08,28.0,28.0,14.0,6.0,6.0,6.0
1.708130863013678,1.0,1.2189103253215827e-05,4.3847805594696375e-05,-0.3499511673194469,0.0001041682056873514,0.2238411090603686,-0.3499511673194469,0.0001041682056873514,0.2238411090603686,-0.34996323497738024,0.0001025334647035909,0.22384058609570645,-0.3269618193255823,-1.4199984709369105,1.2360029220581055,-1.386092487965719,-1.571038548146383,2.738020658493042,0.0,0.0,-0.0,0.0,0.0,0.0,-0.3269385097510184,-1.4200101485332899,1.2360018589420834,-1.3860775307888047,-1.5710127777369831,2.738043250441206,-7.632654477225191e-07,-2.837885257031763e-07,-4.355272170692509e-07,2.267211428587207e-06,1.0388228433982174e-06,-2.546496362748763e-07,-1.9435520250279935e-05,-8.035573742757046,-6.268938989339712,-0.9627247442962937,-5.176132823395765e-05,1.771263291169479e-08,28.0,28.0,14.0,6.0,6.0,6.0
1.7132185330106884,1.0,1.2189103253215827e-05,4.3847805594696375e-05,-0.3499511673194469,0.0001041682056873514,0.2238411090603686,-0.3499511673194469,0.0001041682056873514,0.2238411090603686,-0.34996323497738024,0.0001025334647035909,0.22384058609570645,-0.3269618193255823,-1.4199984709369105,1.2360029220581055,-1.386092487965719,-1.571038548146383,2.738020658493042,0.0,0.0,-0.0,0.0,0.0,0.0,-0.3269385130777837,-1.4200101492101782,1.236001856411108,-1.386077520627604,-1.5710127738292339,2.738043250222333,-8.316913219645042e-07,-1.692220879405365e-07,-6.327438817712224e-07,2.5403002048658904e-06,9.769372847656173e-07,-5.471825872749543e-08,-1.9435520250279935e-05,-8.035573742757046,-6.268938989339712,-0.9627247442962937,-5.176132823395765e-05,1.771263291169479e-08,28.0,28.0,14.0,6.0,6.0,6.0
1.7172185330106884,1.0,8.749306727804762e-06,3.7245231079008366e-05,-0.3499511673194469,0.0001041682056873514,0.2238411090603686,-0.3499511673194469,0.0001041682056873514,0.2238411090603686,-0.3499576773750664,0.00010220391610810046,0.22384661461306543,-0.3269737402545374,-1.4200227896319788,1.2360029220581055,-1.3860686461078089,-1.571026627217428,2.738020658493042,0.0,0.0,-0.0,0.0,0.0,0.0,-0.32693851596798573,-1.420010148610096,1.236001853132265,-1.386077510392895,-1.5710127708981623,2.7380432504540653,-7.225504998060183e-07,1.5002056719818467e-07,-8.197107586472641e-07,2.558677192499271e-06,7.327678832190273e-07,5.793314737640999e-08,-1.4587617291347935e-05,-8.035245500482084,-6.2689065301482865,-0.9627238591546918,-4.9123851021658184e-05,8.853333091388756e-09,28.0,28.0,14.0,6.0,6.0,6.0
1.7218312740130357,1.0,8.749306727804762e-06,3.7245231079008366e-05,-0.3499511673194469,0.0001041682056873514,0.2238411090603686,-0.3499511673194469,0.0001041682056873514,0.2238411090603686,-0.3499576773750664,0.00010220391610810046,0.22384661461306543,-0.3269737402545374,-1.4200227896319788,1.2360029220581055,-1.3860686461078089,-1.571026627217428,2.738020658493042,0.0,0.0,-0.0,0.0,0.0,0.0,-0.3269385185307653,-1.4200101470522857,1.2360018492925213,-1.3860775001030554,-1.571012768699599,2.7380432510237522,-6.406948831871539e-07,3.8945255855222556e-07,-9.599359163042955e-07,2.572459933224306e-06,5.496408320590849e-07,1.4242170195433906e-07,-1.4587617291347935e-05,-8.035245500482084,-6.2689065301482865,-0.9627238591546918,-4.9123851021658184e-05,8.853333091388756e-09,28.0,28.0,14.0,6.0,6.0,6.0
1.7258312740130357,1.0,2.573532260213088e-05,7.347726776322872e-05,-0.3499511673194469,0.0001041682056873514,0.2238411090603686,-0.3499511673194469,0.0001041682056873514,0.2238411090603686,-0.3499568104675216,0.00012383304386767404,0.2238567217426681,-0.3270214239703577,-1.4200347105609339,1.235978603363037,-1.3860567251788538,-1.5710504690753382,2.738020658493042,0.0,0.0,-0.0,0.0,0.0,0.0,-0.3269385197641681,-1.4200101438530974,1.23600184488877,-1.386077488938635,-1.5710127654697132,2.7380432497666995,-3.083507055235147e-07,7.99797045203466e-07,-1.100937851928504e-06,2.791105111551014e-06,8.074714107905385e-07,-3.1426314848058627e-07,-1.800660413505477e-08,-8.035054969862758,-6.268864265765699,-0.9627266332420246,-5.333623445617194e-05,-2.6588847091649314e-08,28.0,28.0,14.0,6.0,6.0,6.0
1.730176869005664,1.0,2.573532260213088e-05,7.347726776322872e-05,-0.3499511673194469,0.0001041682056873514,0.2238411090603686,-0.3499511673194469,0.0001041682056873514,0.2238411090603686,-0.3499568104675216,0.00012383304386767404,0.2238567217426681,-0.3270214239703577,-1.4200347105609339,1.235978603363037,-1.3860567251788538,-1.5710504690753382,2.738020658493042,0.0,0.0,-0.0,0.0,0.0,0.0,-0.3269385200005384,-1.4200101394228757,1.2360018400620127,-1.3860774771182789,-1.5710127614663358,2.7380432471395926,-5.909257227578529e-08,1.1075554101918964e-06,-1.2066893036466606e-06,2.9550889952960447e-06,1.0008443448391288e-06,-6.567767863067802e-07,-1.800660413505477e-08,-8.035054969862758,-6.268864265765699,-0.9627266332420246,-5.333623445617194e-05,-2.6588847091649314e-08,28.0,28.0,14.0,6.0,6.0,6.0
1.734176869005664,1.0,2.573532260213088e-05,7.347726776322872e-05,-0.3499511673194469,0.0001041682056873514,0.2238411090603686,-0.3499511673194469,0.0001041682056873514,0.2238411090603686,-0.3499568104675216,0.00012383304386767404,0.2238567217426681,-0.3270214239703577,-1.4200347105609339,1.235978603363037,-1.3860567251788538,-1.5710504690753382,2.738020658493042,0.0,0.0,-0.0,0.0,0.0,0.0,-0.3269385194891343,-1.420010134069379,1.236001834918001,-1.3860774648059713,-1.5710127568828396,2.7380432434849444,1.2785102766001177e-07,1.3383741839332192e-06,-1.286002892435278e-06,3.078076908104818e-06,1.1458740453755715e-06,-9.136620146764256e-07,-1.800660413505477e-08,-8.035054969862758,-6.268864265765699,-0.9627266332420246,-5.333623445617194e-05,-2.6588847091649314e-08,28.0,28.0,14.0,6.0,6.0,6.0
1.7392348560059916,1.0,2.573532260213088e-05,7.347726776322872e-05,-0.3499511673194469,0.0001041682056873514,0.2238411090603686,-0.3499511673194469,0.0001041682056873514,0.2238411090603686,-0.3499568104675216,0.00012383304386767404,0.2238567217426681,-0.3270214239703577,-1.4200347105609339,1.235978603363037,-1.3860567251788538,-1.5710504690753382,2.738020658493042,0.0,0.0,-0.0,0.0,0.0,0.0,-0.3269385184168994,-1.4200101280234259,1.2360018295360486,-1.3860774521247,-1.5710127518642543,2.7380432390596408,2.6805872761185956e-07,1.5114882642392113e-06,-1.3454880840267409e-06,3.170317842711398e-06,1.2546463207779033e-06,-1.1063259359536596e-06,-1.800660413505477e-08,-8.035054969862758,-6.268864265765699,-0.9627266332420246,-5.333623445617194e-05,-2.6588847091649314e-08,28.0,28.0,14.0,6.0,6.0,6.0
1.7432348560059916,1.0,1.1222641089791674e-05,3.953985989300526e-05,-0.3499511673194469,0.0001041682056873514,0.2238411090603686,-0.3499511673194469,0.0001041682056873514,0.2238411090603686,-0.3499592365694292,0.00010534972627268706,0.2238488187222847,-0.3269737402545374,-1.4200108687030237,1.235978603363037,-1.3860567251788538,-1.571038548146383,2.738020658493042,0.0,0.0,-0.0,0.0,0.0,0.0,-0.3269385182551515,-1.4200101228763844,1.236001825034987,-1.386077440389018,-1.5710127473092572,2.7380432358892643,4.0436966760545684e-08,1.2867603566805176e-06,-1.1252654276939998e-06,2.933920476241709e-06,1.1387492540466774e-06,-7.92594121771495e-07,-1.5705579971178572e-05,-8.035374972397523,-6.2688921277912195,-0.9627234016441788,-5.158419886914847e-05,8.853093047952476e-09,28.0,28.0,14.0,6.0,6.0,6.0
1.7482049810159959,1.0,1.1222641089791674e-05,3.953985989300526e-05,-0.3499511673194469,0.0001041682056873514,0.2238411090603686,-0.3499511673194469,0.0001041682056873514,0.2238411090603686,-0.3499592365694292,0.00010534972627268706,0.2238488187222847,-0.3269737402545374,-1.4200108687030237,1.235978603363037,-1.3860567251788538,-1.571038548146383,2.738020658493042,0.0,0.0,-0.0,0.0,0.0,0.0,-0.32693851877626895,-1.4200101184035268,1.2360018211945931,-1.3860774293625282,-1.5710127431019514,2.7380432336600835,-1.302793538779397e-07,1.1182144260114974e-06,-9.60098435444444e-07,2.7566224513894427e-06,1.051826453998258e-06,-5.572952611348715e-07,-1.5705579971178572e-05,-8.035374972397523,-6.2688921277912195,-0.9627234016441788,-5.158419886914847e-05,8.853093047952476e-09,28.0,28.0,14.0,6.0,6.0,6.0
1.7522049810159959,1.0,1.986501980347897e-05,6.848146350451558e-05,-0.3499511673194469,0.0001041682056873514,0.2238411090603686,-0.3499511673194469,0.0001041682056873514,0.2238411090603686,-0.3499615802789263,0.00011866155323727752,0.223849834435058,-0.32700950304140264,-1.4200108687030237,1.235978603363037,-1.3860686461078089,-1.571038548146383,2.738044500350952,0.0,0.0,-0.0,0.0,0.0,0.0,-0.32693851862537954,-1.4200101140581507,1.2360018172446008,-1.3860774178501913,-1.571012739156076,2.7380432293658816,3.7722359855954855e-08,1.0863440414662697e-06,-9.874980571263126e-07,2.8780842168757083e-06,9.864688461995869e-07,-1.0735504372039552e-06,4.2731633247486665e-06,-8.035379867094198,-6.268894351909763,-0.9627254052427447,-5.105284357805604e-05,-3.544586738911279e-08,28.0,28.0,14.0,6.0,6.0,6.0
1.756836720009335,1.0,1.986501980347897e-05,6.848146350451558e-05,-0.3499511673194469,0.0001041682056873514,0.2238411090603686,-0.3499511673194469,0.0001041682056873514,0.2238411090603686,-0.3499615802789263,0.00011866155323727752,0.223849834435058,-0.32700950304140264,-1.4200108687030237,1.235978603363037,-1.3860686461078089,-1.571038548146383,2.738044500350952,0.0,0.0,-0.0,0.0,0.0,0.0,-0.32693851797048495,-1.4200101098083857,1.2360018132124098,-1.386077405973469,-1.5710127354062735,2.738043223522914,1.6372364515637578e-07,1.0624412530573488e-06,-1.0080477733877142e-06,2.9691805409904077e-06,9.374506403505836e-07,-1.460741819255768e-06,4.2731633247486665e-06,-8.035379867094198,-6.268894351909763,-0.9627254052427447,-5.105284357805604e-05,-3.544586738911279e-08,28.0,28.0,14.0,6.0,6.0,6.0
1.760836720009335,1.0,1.986501980347897e-05,6.848146350451558e-05,-0.3499511673194469,0.0001041682056873514,0.2238411090603686,-0.3499511673194469,0.0001041682056873514,0.2238411090603686,-0.3499615802789263,0.00011866155323727752,0.223849834435058,-0.32700950304140264,-1.4200108687030237,1.235978603363037,-1.3860686461078089,-1.571038548146383,2.738044500350952,0.0,0.0,-0.0,0.0,0.0,0.0,-0.3269385169375865,-1.4200101056303291,1.2360018091185696,-1.3860773938234578,-1.5710127318035256,2.738043216518373,2.582246091316915e-07,1.044514161750658e-06,-1.0234600605837654e-06,3.037502784076432e-06,9.006869859638311e-07,-1.7511353557946275e-06,4.2731633247486665e-06,-8.035379867094198,-6.268894351909763,-0.9627254052427447,-5.105284357805604e-05,-3.544586738911279e-08,28.0,28.0,14.0,6.0,6.0,6.0
1.7660027530011728,1.0,1.4430863179827002e-05,4.9153919058339864e-05,-0.3499511673194469,0.0001041682056873514,0.2238411090603686,-0.3499511673194469,0.0001041682056873514,0.2238411090603686,-0.3499592190389321,0.00010689902960476007,0.2238527693445066,-0.3269856611834925,-1.4200227896319788,1.235978603363037,-1.3860567251788538,-1.571026627217428,2.738032579421997,0.0,0.0,-0.0,0.0,0.0,0.0,-0.3269385161634441,-1.4200101009983663,1.236001804846699,-1.386077381844464,-1.5710127291014124,2.7380432104734194,1.935355973683518e-07,1.1579906970217452e-06,-1.067967653520245e-06,2.9947484384318475e-06,6.755283234044869e-07,-1.511238319684755e-06,-1.0042701653675402e-05,-8.035211754864449,-6.268877965171143,-0.9627250768272316,-4.894672646034792e-05,-8.867536265766324e-09,28.0,28.0,14.0,6.0,6.0,6.0
1.7700027530011728,1.0,1.4430863179827002e-05,4.9153919058339864e-05,-0.3499511673194469,0.0001041682056873514,0.2238411090603686,-0.3499511673194469,0.0001041682056873514,0.2238411090603686,-0.3499592190389321,0.00010689902960476007,0.2238527693445066,-0.3269856611834925,-1.4200227896319788,1.235978603363037,-1.3860567251788538,-1.571026627217428,2.738032579421997,0.0,0.0,-0.0,0.0,0.0,0.0,-0.3269385155833687,-1.4200100960259738,1.2360018004413056,-1.3860773699937334,-1.5710127270747751,2.7380432051481574,1.4501883854584704e-07,1.2430980984750606e-06,-1.1013483482226045e-06,2.962682679198409e-06,5.066593264849789e-07,-1.3313155426023507e-06,-1.0042701653675402e-05,-8.035211754864449,-6.268877965171143,-0.9627250768272316,-4.894672646034792e-05,-8.867536265766324e-09,28.0,28.0,14.0,6.0,6.0,6.0
1.7750559910130694,1.0,1.4430863179827002e-05,4.9153919058339864e-05,-0.3499511673194469,0.0001041682056873514,0.2238411090603686,-0.3499511673194469,0.0001041682056873514,0.2238411090603686,-0.3499592190389321,0.00010689902960476007,0.2238527693445066,-0.3269856611834925,-1.4200227896319788,1.235978603363037,-1.3860567251788538,-1.571026627217428,2.738032579421997,0.0,0.0,-0.0,0.0,0.0,0.0,-0.32693851514884364,-1.4200100907982591,1.23600179593577,-1.3860773582392,-1.5710127255547448,2.7380432003626636,1.0863126942896848e-07,1.3069286495650472e-06,-1.1263838692493743e-06,2.93863335977333e-06,3.8000757879534777e-07,-1.1963734597905474e-06,-1.0042701653675402e-05,-8.035211754864449,-6.268877965171143,-0.9627250768272316,-4.894672646034792e-05,-8.867536265766324e-09,28.0,28.0,14.0,6.0,6.0,6.0
1.7790559910130694,1.0,1.5393580843304623e-05,6.495363007933979e-05,-0.3499511673194469,0.0001041682056873514,0.2238411090603686,-0.3499511673194469,0.0001041682056873514,0.2238411090603686,-0.3499568806619459,9.921201863630373e-05,0.22385451638145015,-0.3269737402545374,-1.420046631489889,1.2360029220581055,-1.3860686461078089,-1.5710142294513147,2.7380564212799072,0.0,0.0,-0.0,0.0,0.0,0.0,-0.32693851496134846,-1.4200100841142382,1.2360017898390951,-1.3860773455466613,-1.5710127252368011,2.7380431950530886,4.68737980240284e-08,1.6710052257284318e-06,-1.5241687135587293e-06,3.1731347235026366e-06,7.948593504850201e-08,-1.3273937467335436e-06,-2.1477028291050656e-05,-8.034913528357581,-6.268877911332861,-0.9627273287085554,-4.656517601524834e-05,-1.7728600035472606e-08,28.0,28.0,14.0,6.0,6.0,6.0
1.7835903700101197,1.0,1.5393580843304623e-05,6.495363007933979e-05,-0.3499511673194469,0.0001041682056873514,0.2238411090603686,-0.3499511673194469,0.0001041682056873514,0.2238411090603686,-0.3499568806619459,9.921201863630373e-05,0.22385451638145015,-0.3269737402545374,-1.420046631489889,1.2360029220581055,-1.3860686461078089,-1.5710142294513147,2.7380564212799072,0.0,0.0,-0.0,0.0,0.0,0.0,-0.3269385149591257,-1.4200100763379877,1.2360017825490657,-1.3860773321506183,-1.5710127258204223,2.738043189350453,5.556944703233325e-10,1.9440626578509705e-06,-1.8225073467907454e-06,3.3490107462996166e-06,-1.4590529776163228e-07,-1.4256589619407909e-06,-2.1477028291050656e-05,-8.034913528357581,-6.268877911332861,-0.9627273287085554,-4.656517601524834e-05,-1.7728600035472606e-08,28.0,28.0,14.0,6.0,6.0,6.0
1.7875903700101197,1.0,1.5393580843304623e-05,6.495363007933979e-05,-0.3499511673194469,0.0001041682056873514,0.2238411090603686,-0.3499511673194469,0.0001041682056873514,0.2238411090603686,-0.3499568806619459,9.921201863630373e-05,0.22385451638145015,-0.3269737402545374,-1.420046631489889,1.2360029220581055,-1.3860686461078089,-1.5710142294513147,2.7380564212799072,0.0,0.0,-0.0,0.0,0.0,0.0,-0.3269385150958572,-1.4200100677425649,1.2360017743640204,-1.3860773182269472,-1.5710127270802172,2.7380431833530214,-3.418288319495547e-08,2.148855731942874e-06,-2.0462613217147577e-06,3.4809177633973514e-06,-3.14948722369233e-07,-1.4993578733462264e-06,-2.1477028291050656e-05,-8.034913528357581,-6.268877911332861,-0.9627273287085554,-4.656517601524834e-05,-1.7728600035472606e-08,28.0,28.0,14.0,6.0,6.0,6.0
1.792617486024509,1.0,8.637623326179501e-06,4.298410354847085e-05,-0.3499511673194469,0.0001041682056873514,0.2238411090603686,-0.3499511673194469,0.0001041682056873514,0.2238411090603686,-0.3499518452449005,0.00011224920483302485,0.22383813476942588,-0.3269856611834925,-1.4200108687030237,1.2360148429870605,-1.3860567251788538,-1.5710623900042933,2.738044500350952,0.0,0.0,-0.0,0.0,0.0,0.0,-0.32693851594047174,-1.420010062058177,1.2360017686626512,-1.3860773074910835,-1.5710127256526853,2.73804317653085,-2.1115362989815275e-07,1.4210969890337333e-06,-1.4253422942478232e-06,2.6839659630962326e-06,3.568829891569426e-07,-1.7055427693160744e-06,-7.441113823767065e-06,-8.035438442575089,-6.26893263028979,-0.9627181861748184,-5.632784763031702e-05,-1.7718662048422683e-08,28.0,28.0,14.0,6.0,6.0,6.0
1.796617486024509,1.0,8.637623326179501e-06,4.298410354847085e-05,-0.3499511673194469,0.0001041682056873514,0.2238411090603686,-0.3499511673194469,0.0001041682056873514,0.2238411090603686,-0.3499518452449005,0.00011224920483302485,0.22383813476942588,-0.3269856611834925,-1.4200108687030237,1.2360148429870605,-1.3860567251788538,-1.5710623900042933,2.738044500350952,0.0,0.0,-0.0,0.0,0.0,0.0,-0.3269385173159985,-1.4200100585570654,1.2360017648240391,-1.386077299146075,-1.5710127222096582,2.7380431690901244,-3.438816899255507e-07,8.752779318518777e-07,-9.596530236476224e-07,2.0862521128703934e-06,8.607567728015741e-07,-1.8601814412934604e-06,-7.441113823767065e-06,-8.035438442575089,-6.26893263028979,-0.9627181861748184,-5.632784763031702e-05,-1.7718662048422683e-08,28.0,28.0,14.0,6.0,6.0,6.0
1.8011791720106274,1.0,8.637623326179501e-06,4.298410354847085e-05,-0.3499511673194469,0.0001041682056873514,0.2238411090603686,-0.3499511673194469,0.0001041682056873514,0.2238411090603686,-0.3499518452449005,0.00011224920483302485,0.22383813476942588,-0.3269856611834925,-1.4200108687030237,1.2360148429870605,-1.3860567251788538,-1.5710623900042933,2.738044500350952,0.0,0.0,-0.0,0.0,0.0,0.0,-0.32693851908970945,-1.4200100566934108,1.2360017623824948,-1.3860772925942082,-1.5710127172550097,2.7380431611854825,-4.4342773494609915e-07,4.6591363896548604e-07,-6.103860706974717e-07,1.6379667252010142e-06,1.238662110535048e-06,-1.9761604452764997e-06,-7.441113823767065e-06,-8.035438442575089,-6.26893263028979,-0.9627181861748184,-5.632784763031702e-05,-1.7718662048422683e-08,28.0,28.0,14.0,6.0,6.0,6.0
1.8051791720106274,1.0,1.6850724418340496e-05,4.902909120894922e-05,-0.3499511673194469,0.0001041682056873514,0.2238411090603686,-0.3499511673194469,0.0001041682056873514,0.2238411090603686,-0.3499557832877903,0.00012037413364543194,0.22384119651717607,-0.32699758211244756,-1.4199984709369105,1.2359905242919922,-1.3860567251788538,-1.5710743109332483,2.738008499145508,0.0,0.0,-0.0,0.0,0.0,0.0,-0.32693852101468557,-1.4200100562077924,1.2360017613266512,-1.3860772867841498,-1.5710127103760783,2.738043154678147,-4.812440303384327e-07,1.214046230422984e-07,-2.6396090680081856e-07,1.4525146234380506e-06,1.7197328395496118e-06,-1.626833854812741e-06,-3.2811146198010374e-06,-8.03557369067071,-6.268920690072041,-0.9627197824595541,-5.861109797101443e-05,1.7502870455522422e-10,28.0,28.0,14.0,6.0,6.0,6.0
1.810272779014428,1.0,1.6850724418340496e-05,4.902909120894922e-05,-0.3499511673194469,0.0001041682056873514,0.2238411090603686,-0.3499511673194469,0.0001041682056873514,0.2238411090603686,-0.3499557832877903,0.00012037413364543194,0.22384119651717607,-0.32699758211244756,-1.4199984709369105,1.2359905242919922,-1.3860567251788538,-1.5710743109332483,2.738008499145508,0.0,0.0,-0.0,0.0,0.0,0.0,-0.32693852305311055,-1.420010056755701,1.236001761310083,-1.3860772815304476,-1.5710127020539346,2.7380431492187913,-5.09606251882683e-07,-1.369771389000923e-07,-4.142033878328749e-09,1.3134255471158278e-06,2.0805358863105347e-06,-1.3648389119649222e-06,-3.2811146198010374e-06,-8.03557369067071,-6.268920690072041,-0.9627197824595541,-5.861109797101443e-05,1.7502870455522422e-10,28.0,28.0,14.0,6.0,6.0,6.0
1.814272779014428,1.0,1.7789314603578762e-05,8.956936157677466e-05,-0.3499511673194469,0.0001041682056873514,0.2238411090603686,-0.3499511673194469,0.0001041682056873514,0.2238411090603686,-0.34995915623609,0.00010793949544815438,0.22385654973064148,-0.3269737402545374,-1.420046631489889,1.2360029220581055,-1.386092487965719,-1.5710504690753382,2.7380564212799072,0.0,0.0,-0.0,0.0,0.0,0.0,-0.3269385254727128,-1.4200100540146097,1.2360017578026998,-1.3860772717433782,-1.5710126942302858,2.738043142651525,-6.049005546672817e-07,6.852728124063989e-07,-8.768458338022801e-07,2.4467673569978355e-06,1.9559122082333555e-06,-1.6418165547740712e-06,-3.678463448199582e-05,-8.034906741429566,-6.268881482590841,-0.9627316931696762,-5.4044910749779656e-05,-1.773368807195932e-08,28.0,28.0,14.0,6.0,6.0,6.0
1.818904518036871,1.0,1.7789314603578762e-05,8.956936157677466e-05,-0.3499511673194469,0.0001041682056873514,0.2238411090603686,-0.3499511673194469,0.0001041682056873514,0.2238411090603686,-0.34995915623609,0.00010793949544815438,0.22385654973064148,-0.3269737402545374,-1.420046631489889,1.2360029220581055,-1.386092487965719,-1.5710504690753382,2.7380564212799072,0.0,0.0,-0.0,0.0,0.0,0.0,-0.3269385281781979,-1.4200100488067686,1.236001751677205,-1.3860772585562835,-1.5710126867805079,2.738043135253326,-6.763712817557307e-07,1.301960275886267e-06,-1.5313736837452437e-06,3.296773714409341e-06,1.8624444496754708e-06,-1.849549786880933e-06,-3.678463448199582e-05,-8.034906741429566,-6.268881482590841,-0.9627316931696762,-5.4044910749779656e-05,-1.773368807195932e-08,28.0,28.0,14.0,6.0,6.0,6.0
1.822904518036871,1.0,1.7789314603578762e-05,8.956936157677466e-05,-0.3499511673194469,0.0001041682056873514,0.2238411090603686,-0.3499511673194469,0.0001041682056873514,0.2238411090603686,-0.34995915623609,0.00010793949544815438,0.22385654973064148,-0.3269737402545374,-1.420046631489889,1.2360029220581055,-1.386092487965719,-1.5710504690753382,2.7380564212799072,0.0,0.0,-0.0,0.0,0.0,0.0,-0.32693853109809523,-1.420010041748865,1.2360017435881268,-1.3860772428191697,-1.5710126796111334,2.7380431272319274,-7.299743270720675e-07,1.7644758734961684e-06,-2.0222695712024662e-06,3.934278482467971e-06,1.7923436307570574e-06,-2.0053497109610794e-06,-3.678463448199582e-05,-8.034906741429566,-6.268881482590841,-0.9627316931696762,-5.4044910749779656e-05,-1.773368807195932e-08,28.0,28.0,14.0,6.0,6.0,6.0
1.8279245110342752,1.0,1.7789314603578762e-05,8.956936157677466e-05,-0.3499511673194469,0.0001041682056873514,0.2238411090603686,-0.3499511673194469,0.0001041682056873514,0.2238411090603686,-0.34995915623609,0.00010793949544815438,0.22385654973064148,-0.3269737402545374,-1.420046631489889,1.2360029220581055,-1.386092487965719,-1.5710504690753382,2.7380564212799072,0.0,0.0,-0.0,0.0,0.0,0.0,-0.3269385341788017,-1.4200100333034147,1.2360017340263607,-1.3860772251695415,-1.5710126726520615,2.738043118743129,-7.701766110593201e-07,2.1113625717035944e-06,-2.3904414867953834e-06,4.412407058511943e-06,1.7397680165682474e-06,-2.122199654021189e-06,-3.678463448199582e-05,-8.034906741429566,-6.268881482590841,-0.9627316931696762,-5.4044910749779656e-05,-1.773368807195932e-08,28.0,28.0,14.0,6.0,6.0,6.0
1.8319245110342752,1.0,1.2379866194863916e-05,3.725066774553454e-05,-0.3499511673194469,0.0001041682056873514,0.2238411090603686,-0.3499511673194469,0.0001041682056873514,0.2238411090603686,-0.34996242903161556,0.00010643244039998887,0.2238457251374043,-0.3269737402545374,-1.4199984709369105,1.235978603363037,-1.3860686461078089,-1.571038548146383,2.738032579421997,0.0,0.0,-0.0,0.0,0.0,0.0,-0.3269385371315956,-1.4200100267788307,1.2360017264100684,-1.3860772093365885,-1.5710126666416961,2.73804311173428,-7.381984763121381e-07,1.631145988303214e-06,-1.9040730901098974e-06,3.95823821775193e-06,1.5025913054085472e-06,-1.7522122910108578e-06,-1.2550317647118632e-05,-8.03554373755602,-6.268908706845092,-0.9627237796435584,-5.1584160945429496e-05,-6.198225193961098e-12,28.0,28.0,14.0,6.0,6.0,6.0
1.836452953053639,1.0,1.2379866194863916e-05,3.725066774553454e-05,-0.3499511673194469,0.0001041682056873514,0.2238411090603686,-0.3499511673194469,0.0001041682056873514,0.2238411090603686,-0.34996242903161556,0.00010643244039998887,0.2238457251374043,-0.3269737402545374,-1.4199984709369105,1.235978603363037,-1.3860686461078089,-1.571038548146383,2.738032579421997,0.0,0.0,-0.0,0.0,0.0,0.0,-0.3269385399884551,-1.4200100216948965,1.2360017202528812,-1.3860771948661421,-1.571012661342861,2.7380431058353927,-7.142148752517516e-07,1.2709835507529287e-06,-1.5392967925957827e-06,3.617611587181921e-06,1.3247087720387721e-06,-1.4747217687531095e-06,-1.2550317647118632e-05,-8.03554373755602,-6.268908706845092,-0.9627237796435584,-5.1584160945429496e-05,-6.198225193961098e-12,28.0,28.0,14.0,6.0,6.0,6.0
1.840452953053639,1.0,1.2379866194863916e-05,3.725066774553454e-05,-0.3499511673194469,0.0001041682056873514,0.2238411090603686,-0.3499511673194469,0.0001041682056873514,0.2238411090603686,-0.34996242903161556,0.00010643244039998887,0.2238457251374043,-0.3269737402545374,-1.4199984709369105,1.235978603363037,-1.3860686461078089,-1.571038548146383,2.738032579421997,0.0,0.0,-0.0,0.0,0.0,0.0,-0.3269385427733638,-1.4200100176914496,1.2360017151900229,-1.3860771814175756,-1.5710126565776734,2.7380431007689774,-6.962271744564617e-07,1.0008617225902145e-06,-1.2657145694601968e-06,3.3621416142544143e-06,1.1912968720114409e-06,-1.2666038770597983e-06,-1.2550317647118632e-05,-8.03554373755602,-6.268908706845092,-0.9627237796435584,-5.1584160945429496e-05,-6.198225193961098e-12,28.0,28.0,14.0,6.0,6.0,6.0
1.8456474820424345,1.0,1.4532427087771752e-05,7.097341579593585e-05,-0.3499511673194469,0.0001041682056873514,0.2238411090603686,-0.3499511673194469,0.0001041682056873514,0.2238411090603686,-0.3499561678859248,0.00011265347375227716,0.22385179484521708,-0.32699758211244756,-1.4200227896319788,1.235978603363037,-1.386045281087057,-1.571038548146383,2.7380685806274414,0.0,0.0,-0.0,0.0,0.0,0.0,-0.32693854471513445,-1.4200100136675602,1.2360017109053418,-1.3860771694608107,-1.57101265221313,2.7380430931451927,-4.854426581901757e-07,1.0059723436674073e-06,-1.0711702405032062e-06,2.989191208452509e-06,1.0911358405524927e-06,-1.9059461982404685e-06,-3.832005371413686e-06,-8.035218446270502,-6.268876523812369,-0.9627229223885304,-5.122997406462532e-05,-4.448042298077309e-08,28.0,28.0,14.0,6.0,6.0,6.0
1.8496474820424345,1.0,1.4532427087771752e-05,7.097341579593585e-05,-0.3499511673194469,0.0001041682056873514,0.2238411090603686,-0.3499511673194469,0.0001041682056873514,0.2238411090603686,-0.3499561678859248,0.00011265347375227716,0.22385179484521708,-0.32699758211244756,-1.4200227896319788,1.235978603363037,-1.386045281087057,-1.571038548146383,2.7380685806274414,0.0,0.0,-0.0,0.0,0.0,0.0,-0.3269385460245515,-1.420010009628339,1.236001707204294,-1.386077158622897,-1.5710126481490698,2.738043083603381,-3.273542709904613e-07,1.0098053094753019e-06,-9.252619937854633e-07,2.7094784041010803e-06,1.0160150669582815e-06,-2.3854529391259715e-06,-3.832005371413686e-06,-8.035218446270502,-6.268876523812369,-0.9627229223885304,-5.122997406462532e-05,-4.448042298077309e-08,28.0,28.0,14.0,6.0,6.0,6.0
1.8549215610548861,1.0,1.4532427087771752e-05,7.097341579593585e-05,-0.3499511673194469,0.0001041682056873514,0.2238411090603686,-0.3499511673194469,0.0001041682056873514,0.2238411090603686,-0.3499561678859248,0.00011265347375227716,0.22385179484521708,-0.32699758211244756,-1.4200227896319788,1.235978603363037,-1.386045281087057,-1.571038548146383,2.7380685806274414,0.0,0.0,-0.0,0.0,0.0,0.0,-0.32693854685970347,-1.4200100055776188,1.2360017039409708,-1.386077148624122,-1.5710126443103718,2.7380430726230487,-2.0878798059067547e-07,1.0126800338312228e-06,-8.158308087471562e-07,2.499693800837509e-06,9.59674486762623e-07,-2.7450829947900985e-06,-3.832005371413686e-06,-8.035218446270502,-6.268876523812369,-0.9627229223885304,-5.122997406462532e-05,-4.448042298077309e-08,28.0,28.0,14.0,6.0,6.0,6.0
1.8589215610548862,1.0,8.4341203913112e-06,6.101889960518425e-05,-0.3499511673194469,0.0001041682056873514,0.2238411090603686,-0.3499511673194469,0.0001041682056873514,0.2238411090603686,-0.3499534359859105,0.00011172688530388223,0.22383813350971254,-0.32699758211244756,-1.4200108687030237,1.2360148429870605,-1.3860567251788538,-1.571038548146383,2.7380685806274414,0.0,0.0,-0.0,0.0,0.0,0.0,-0.32693854733854205,-1.420010003063422,1.236001701650907,-1.3860771407901633,-1.5710126406407998,2.7380430605644266,-1.197096483823078e-07,6.285491955227458e-07,-5.725159462882146e-07,1.9584896228318167e-06,9.173929935348793e-07,-3.01465550980106e-06,7.0028191426509265e-06,-8.035440867253945,-6.268932712198996,-0.9627181262001661,-5.1229870029919894e-05,-4.44739760533586e-08,28.0,28.0,14.0,6.0,6.0,6.0
1.8635497380595196,1.0,8.4341203913112e-06,6.101889960518425e-05,-0.3499511673194469,0.0001041682056873514,0.2238411090603686,-0.3499511673194469,0.0001041682056873514,0.2238411090603686,-0.3499534359859105,0.00011172688530388223,0.22383813350971254,-0.32699758211244756,-1.4200108687030237,1.2360148429870605,-1.3860567251788538,-1.571038548146383,2.7380685806274414,0.0,0.0,-0.0,0.0,0.0,0.0,-0.3269385475501457,-1.4200100017016177,1.236001700090788,-1.3860771345798173,-1.5710126370980724,2.738043047697087,-5.290089922603202e-08,3.404510667913881e-07,-3.900297994440084e-07,1.5525864893275476e-06,8.856818736140715e-07,-3.2168348960592807e-06,7.0028191426509265e-06,-8.035440867253945,-6.268932712198996,-0.9627181262001661,-5.1229870029919894e-05,-4.44739760533586e-08,28.0,28.0,14.0,6.0,6.0,6.0
1.8675497380595196,1.0,1.65531318164261e-05,3.724783028612902e-05,-0.3499511673194469,0.0001041682056873514,0.2238411090603686,-0.3499511673194469,0.0001041682056873514,0.2238411090603686,-0.3499668241669708,0.00010947838742046039,0.22384028975059328,-0.3269856611834925,-1.4199865500079554,1.2359905242919922,-1.386092487965719,-1.571026627217428,2.738032579421997,0.0,0.0,-0.0,0.0,0.0,0.0,-0.326938547708764,-1.4200100007613774,1.2360016979360735,-1.3860771265148328,-1.571012634441019,2.7380430372556512,-3.965458441989561e-08,2.3506008546717666e-07,-5.386785946950963e-07,2.016246108592177e-06,6.642633936316194e-07,-2.610358983575512e-06,1.5425547278723104e-06,-8.035724563056059,-6.2689397985169535,-0.9627246537722932,-4.894658887546742e-05,-8.8654143375771e-09,28.0,28.0,14.0,6.0,6.0,6.0
1.8726101000488278,1.0,1.65531318164261e-05,3.724783028612902e-05,-0.3499511673194469,0.0001041682056873514,0.2238411090603686,-0.3499511673194469,0.0001041682056873514,0.2238411090603686,-0.3499668241669708,0.00010947838742046039,0.22384028975059328,-0.3269856611834925,-1.4199865500079554,1.2359905242919922,-1.386092487965719,-1.571026627217428,2.738032579421997,0.0,0.0,-0.0,0.0,0.0,0.0,-0.3269385478276434,-1.42001000013731,1.2360016953354127,-1.3860771170588695,-1.5710126324482208,2.7380430286336432,-2.9719848315293306e-08,1.5601684947401808e-07,-6.501651911334122e-07,2.363990823040649e-06,4.981995336447803e-07,-2.155502049212685e-06,1.5425547278723104e-06,-8.035724563056059,-6.2689397985169535,-0.9627246537722932,-4.894658887546742e-05,-8.8654143375771e-09,28.0,28.0,14.0,6.0,6.0,6.0
1.8766101000488278,1.0,1.65531318164261e-05,3.724783028612902e-05,-0.3499511673194469,0.0001041682056873514,0.2238411090603686,-0.3499511673194469,0.0001041682056873514,0.2238411090603686,-0.3499668241669708,0.00010947838742046039,0.22384028975059328,-0.3269856611834925,-1.4199865500079554,1.2359905242919922,-1.386092487965719,-1.571026627217428,2.738032579421997,0.0,0.0,-0.0,0.0,0.0,0.0,-0.3269385479167186,-1.4200099997503723,1.2360016924002921,-1.386077106559672,-1.571012630953614,2.738043021376206,-2.2268796236841576e-08,9.673442247914915e-08,-7.337801384621491e-07,2.624799358877003e-06,3.7365163865465104e-07,-1.814359348440565e-06,1.5425547278723104e-06,-8.035724563056059,-6.2689397985169535,-0.9627246537722932,-4.894658887546742e-05,-8.8654143375771e-09,28.0,28.0,14.0,6.0,6.0,6.0
1.8813926280541353,1.0,1.65531318164261e-05,3.724783028612902e-05,-0.3499511673194469,0.0001041682056873514,0.2238411090603686,-0.3499511673194469,0.0001041682056873514,0.2238411090603686,-0.3499668241669708,0.00010947838742046039,0.22384028975059328,-0.3269856611834925,-1.4199865500079554,1.2359905242919922,-1.386092487965719,-1.571026627217428,2.738032579421997,0.0,0.0,-0.0,0.0,0.0,0.0,-0.32693854798344063,-1.420009999541282,1.2360016892143266,-1.386077095278049,-1.5710126298326512,2.7380430151421966,-1.668050717800278e-08,5.227260223299746e-08,-7.964913489587018e-07,2.8204057607542683e-06,2.802407174120541e-07,-1.558502322861475e-06,1.5425547278723104e-06,-8.035724563056059,-6.2689397985169535,-0.9627246537722932,-4.894658887546742e-05,-8.8654143375771e-09,28.0,28.0,14.0,6.0,6.0,6.0
1.8853926280541353,1.0,1.2410249184980355e-05,5.962990435071402e-05,-0.3499511673194469,0.0001041682056873514,0.2238411090603686,-0.3499511673194469,0.0001041682056873514,0.2238411090603686,-0.34995660813603213,0.00011075409270624504,0.22383210695550954,-0.3269618193255823,-1.4199865500079554,1.2360148429870605,-1.386080567036764,-1.5710862318622034,2.738044500350952,0.0,0.0,-0.0,0.0,0.0,0.0,-0.3269385500595537,-1.42001000119966,1.2360016875592665,-1.386077085799096,-1.5710126250375067,2.7380430084406164,-5.190282628294557e-07,-4.14594448703113e-07,-4.1376502436794834e-07,2.3697382198850217e-06,1.1987861280737248e-06,-1.6753950400761236e-06,-2.3219734437044495e-05,-8.03576403050038,-6.268964961748965,-0.9627191311542416,-6.160289866031092e-05,1.788488913163789e-13,28.0,28.0,14.0,6.0,6.0,6.0
1.8902499570655644,1.0,1.2410249184980355e-05,5.962990435071402e-05,-0.3499511673194469,0.0001041682056873514,0.2238411090603686,-0.3499511673194469,0.0001041682056873514,0.2238411090603686,-0.34995660813603213,0.00011075409270624504,0.22383210695550954,-0.3269618193255823,-1.4199865500079554,1.2360148429870605,-1.386080567036764,-1.5710862318622034,2.738044500350952,0.0,0.0,-0.0,0.0,0.0,0.0,-0.32693855364271,-1.4200100042586388,1.2360016870523853,-1.3860770776721458,-1.571012617486726,2.738043001388358,-8.957890795680453e-07,-7.647447369051959e-07,-1.2672028092488324e-07,2.0317375642330864e-06,1.887695186069978e-06,-1.76306457798711e-06,-2.3219734437044495e-05,-8.03576403050038,-6.268964961748965,-0.9627191311542416,-6.160289866031092e-05,1.788488913163789e-13,28.0,28.0,14.0,6.0,6.0,6.0
1.8942499570655644,1.0,4.749372737699739e-06,2.9202497187797286e-05,-0.3499511673194469,0.0001041682056873514,0.2238411090603686,-0.3499511673194469,0.0001041682056873514,0.2238411090603686,-0.34995227854264505,0.00010716211310472566,0.22384462448961434,-0.3269856611834925,-1.4200227896319788,1.2360029220581055,-1.386045281087057,-1.571038548146383,2.738044500350952,0.0,0.0,-0.0,0.0,0.0,0.0,-0.3269385565776299,-1.4200100062968748,1.2360016866058041,-1.3860770709757193,-1.571012611032823,2.7380429942695854,-7.337299678058407e-07,-5.09559031539559e-07,-1.1164532907488332e-07,1.6741066205295375e-06,1.6134757558815495e-06,-1.7796932205619683e-06,-6.0457351708397034e-06,-8.035255928643336,-6.268903367738488,-0.9627195219996606,-5.14070612441506e-05,-1.7720843122360298e-08,28.0,28.0,14.0,6.0,6.0,6.0
1.8993257540676285,1.0,4.749372737699739e-06,2.9202497187797286e-05,-0.3499511673194469,0.0001041682056873514,0.2238411090603686,-0.3499511673194469,0.0001041682056873514,0.2238411090603686,-0.34995227854264505,0.00010716211310472566,0.22384462448961434,-0.3269856611834925,-1.4200227896319788,1.2360029220581055,-1.386045281087057,-1.571038548146383,2.738044500350952,0.0,0.0,-0.0,0.0,0.0,0.0,-0.3269385590263724,-1.4200100075695539,1.2360016862044476,-1.3860770653521857,-1.5710126054015783,2.7380429871009264,-6.121856339841872e-07,-3.181697525153313e-07,-1.0033911518738338e-07,1.405883412751876e-06,1.4078111832402282e-06,-1.7921647024931121e-06,-6.0457351708397034e-06,-8.035255928643336,-6.268903367738488,-0.9627195219996606,-5.14070612441506e-05,-1.7720843122360298e-08,28.0,28.0,14.0,6.0,6.0,6.0
1.9033257540676285,1.0,4.749372737699739e-06,2.9202497187797286e-05,-0.3499511673194469,0.0001041682056873514,0.2238411090603686,-0.3499511673194469,0.0001041682056873514,0.2238411090603686,-0.34995227854264505,0.00010716211310472566,0.22384462448961434,-0.3269856611834925,-1.4200227896319788,1.2360029220581055,-1.386045281087057,-1.571038548146383,2.738044500350952,0.0,0.0,-0.0,0.0,0.0,0.0,-0.326938561110482,-1.4200100082680651,1.2360016858370098,-1.3860770605333217,-1.5710126003873273,2.7380429798948533,-5.21027383617947e-07,-1.7462779324716052e-07,-9.185945477175843e-08,1.2047160069186298e-06,1.2535627537592372e-06,-1.80151831394147e-06,-6.0457351708397034e-06,-8.035255928643336,-6.268903367738488,-0.9627195219996606,-5.14070612441506e-05,-1.7720843122360298e-08,28.0,28.0,14.0,6.0,6.0,6.0
1.907882691065316,1.0,1.4419990682162485e-05,6.158891299886915e-05,-0.3499511673194469,0.0001041682056873514,0.2238411090603686,-0.3499511673194469,0.0001041682056873514,0.2238411090603686,-0.3499615793049479,9.76328088714937e-05,0.22384864665134052,-0.32694942155946904,-1.4200227896319788,1.2360029220581055,-1.386092487965719,-1.571038548146383,2.738044500350952,0.0,0.0,-0.0,0.0,0.0,0.0,-0.326938564121679,-1.4200100070559025,1.2360016831227143,-1.3860770522938766,-1.5710125958350243,2.7380429738648626,-7.527992591248073e-07,3.0304062542490845e-07,-6.785738656493115e-07,2.0598612914600226e-06,1.1380757671112925e-06,-1.5074976715699775e-06,-3.7910857209220505e-05,-8.035232383239592,-6.268909672287391,-0.9627283453487386,-5.1945699844886387e-05,9.20336050004442e-09,28.0,28.0,14.0,6.0,6.0,6.0
1.911882691065316,1.0,1.4419990682162485e-05,6.158891299886915e-05,-0.3499511673194469,0.0001041682056873514,0.2238411090603686,-0.3499511673194469,0.0001041682056873514,0.2238411090603686,-0.3499615793049479,9.76328088714937e-05,0.22384864665134052,-0.32694942155946904,-1.4200227896319788,1.2360029220581055,-1.386092487965719,-1.571038548146383,2.738044500350952,0.0,0.0,-0.0,0.0,0.0,0.0,-0.32693856782819164,-1.4200100044107347,1.2360016786482757,-1.3860770414889956,-1.5710125916291822,2.738042968716934,-9.266281657549525e-07,6.612919394289601e-07,-1.1186096738074765e-06,2.701220254866067e-06,1.051460527125334e-06,-1.2869821897913581e-06,-3.7910857209220505e-05,-8.035232383239592,-6.268909672287391,-0.9627283453487386,-5.1945699844886387e-05,9.20336050004442e-09,28.0,28.0,14.0,6.0,6.0,6.0
1.9169228690534372,1.0,1.4419990682162485e-05,6.158891299886915e-05,-0.3499511673194469,0.0001041682056873514,0.2238411090603686,-0.3499511673194469,0.0001041682056873514,0.2238411090603686,-0.3499615793049479,9.76328088714937e-05,0.22384864665134052,-0.32694942155946904,-1.4200227896319788,1.2360029220581055,-1.386092487965719,-1.571038548146383,2.738044500350952,0.0,0.0,-0.0,0.0,0.0,0.0,-0.32693857205619103,-1.420010000690813,1.2360016728537295,-1.3860770287600377,-1.5710125876831857,2.7380429642305515,-1.0569998457275612e-06,9.29980424931999e-07,-1.4486365299261001e-06,3.1822394774206003e-06,9.864990971358651e-07,-1.1215955784573934e-06,-3.7910857209220505e-05,-8.035232383239592,-6.268909672287391,-0.9627283453487386,-5.1945699844886387e-05,9.20336050004442e-09,28.0,28.0,14.0,6.0,6.0,6.0
1.9209228690534372,1.0,7.69771170962931e-06,6.101712377270018e-05,-0.3499511673194469,0.0001041682056873514,0.2238411090603686,-0.3499511673194469,0.0001041682056873514,0.2238411090603686,-0.34995308941891,0.00011160933891484391,0.22384067335919894,-0.32699758211244756,-1.4200108687030237,1.2360029220581055,-1.386045281087057,-1.571038548146383,2.7380685806274414,0.0,0.0,-0.0,0.0,0.0,0.0,-0.32693857507969193,-1.4200099984098034,1.236001669035873,-1.386077019232346,-1.5710125839331375,2.738042957042365,-7.558752268782249e-07,5.702524172513571e-07,-9.54464116686902e-07,2.3819229637816212e-06,9.375120945234063e-07,-1.7970465805554775e-06,6.6818589427021326e-06,-8.035424672836426,-6.268917821174348,-0.962717727060447,-5.1229853947427636e-05,-4.447405977982352e-08,28.0,28.0,14.0,6.0,6.0,6.0
1.9257030230592944,1.0,7.69771170962931e-06,6.101712377270018e-05,-0.3499511673194469,0.0001041682056873514,0.2238411090603686,-0.3499511673194469,0.0001041682056873514,0.2238411090603686,-0.34995308941891,0.00011160933891484391,0.22384067335919894,-0.32699758211244756,-1.4200108687030237,1.2360029220581055,-1.386045281087057,-1.571038548146383,2.7380685806274414,0.0,0.0,-0.0,0.0,0.0,0.0,-0.326938577199819,-1.4200099972079776,1.2360016667005338,-1.3860770121056036,-1.57101258033005,2.7380429478278256,-5.300317627412227e-07,3.004564114908757e-07,-5.838348067575033e-07,1.781685578552387e-06,9.007718425640622e-07,-2.303634832129041e-06,6.6818589427021326e-06,-8.035424672836426,-6.268917821174348,-0.962717727060447,-5.1229853947427636e-05,-4.447405977982352e-08,28.0,28.0,14.0,6.0,6.0,6.0
1.9297030230592944,1.0,7.69771170962931e-06,6.101712377270018e-05,-0.3499511673194469,0.0001041682056873514,0.2238411090603686,-0.3499511673194469,0.0001041682056873514,0.2238411090603686,-0.34995308941891,0.00011160933891484391,0.22384067335919894,-0.32699758211244756,-1.4200108687030237,1.2360029220581055,-1.386045281087057,-1.571038548146383,2.7380685806274414,0.0,0.0,-0.0,0.0,0.0,0.0,-0.32693857864241566,-1.42000999681554,1.2360016654770825,-1.3860770067795736,-1.5710125768371834,2.7380429370935215,-3.60649164638471e-07,9.810940717051468e-08,-3.0586282431045434e-07,1.3315075396304615e-06,8.73216653594554e-07,-2.683576020809213e-06,6.6818589427021326e-06,-8.035424672836426,-6.268917821174348,-0.962717727060447,-5.1229853947427636e-05,-4.447405977982352e-08,28.0,28.0,14.0,6.0,6.0,6.0
1.9340129980484497,1.0,1.4379507840376777e-05,6.529672173642484e-05,-0.3499511673194469,0.0001041682056873514,0.2238411090603686,-0.3499511673194469,0.0001041682056873514,0.2238411090603686,-0.34996041658048505,0.00010836693753041764,0.22385128707917828,-0.3269737402545374,-1.4200227896319788,1.2359905242919922,-1.386080567036764,-1.5710504690753382,2.738020658493042,0.0,0.0,-0.0,0.0,0.0,0.0,-0.32693858061456355,-1.4200099948863805,1.2360016626430268,-1.386076998549238,-1.5710125726356352,2.7380429289436554,-4.930369741205831e-07,4.822898559253168e-07,-7.085139384896624e-07,2.0575838956350504e-06,1.0503870663803966e-06,-2.0374664772562883e-06,-2.658970382912016e-05,-8.035221640073864,-6.268894566094075,-0.9627278053902992,-5.404474421495193e-05,8.848642828944898e-09,28.0,28.0,14.0,6.0,6.0,6.0
1.9380129980484497,1.0,1.4379507840376777e-05,6.529672173642484e-05,-0.3499511673194469,0.0001041682056873514,0.2238411090603686,-0.3499511673194469,0.0001041682056873514,0.2238411090603686,-0.34996041658048505,0.00010836693753041764,0.22385128707917828,-0.3269737402545374,-1.4200227896319788,1.2359905242919922,-1.386080567036764,-1.5710504690753382,2.738020658493042,0.0,0.0,-0.0,0.0,0.0,0.0,-0.32693858298387485,-1.4200099918046798,1.2360016586010176,-1.3860769881406734,-1.5710125679025757,2.7380429227321184,-5.923278312321673e-07,7.704251924914184e-07,-1.0105022741240682e-06,2.6021411626384922e-06,1.1832648759697785e-06,-1.5528843195915945e-06,-2.658970382912016e-05,-8.035221640073864,-6.268894566094075,-0.9627278053902992,-5.404474421495193e-05,8.848642828944898e-09,28.0,28.0,14.0,6.0,6.0,6.0
1.9428786390556496,1.0,1.4379507840376777e-05,6.529672173642484e-05,-0.3499511673194469,0.0001041682056873514,0.2238411090603686,-0.3499511673194469,0.0001041682056873514,0.2238411090603686,-0.34996041658048505,0.00010836693753041764,0.22385128707917828,-0.3269737402545374,-1.4200227896319788,1.2359905242919922,-1.386080567036764,-1.5710504690753382,2.738020658493042,0.0,0.0,-0.0,0.0,0.0,0.0,-0.32693858565105877,-1.420009987858573,1.2360016536530436,-1.3860769760984368,-1.5710125627708829,2.7380429179743278,-6.667959740658554e-07,9.865266949159946e-07,-1.2369935258498727e-06,3.0105591128910735e-06,1.282923233161815e-06,-1.189447701343074e-06,-2.658970382912016e-05,-8.035221640073864,-6.268894566094075,-0.9627278053902992,-5.404474421495193e-05,8.848642828944898e-09,28.0,28.0,14.0,6.0,6.0,6.0
1.9468786390556496,1.0,2.409227057196088e-05,7.152043266033579e-05,-0.3499511673194469,0.0001041682056873514,0.2238411090603686,-0.3499511673194469,0.0001041682056873514,0.2238411090603686,-0.34996031113943926,0.00011561403197233389,0.22386023551110873,-0.32700950304140264,-1.4200347105609339,1.235966682434082,-1.3860567251788538,-1.571026627217428,2.7379965782165527,0.0,0.0,-0.0,0.0,0.0,0.0,-0.3269385868628045,-1.4200099822575432,1.2360016479355727,-1.3860769629568108,-1.571012558922584,2.738042915210447,-3.0293644321934575e-07,1.4002574518251302e-06,-1.4293677455004226e-06,3.285406489058563e-06,9.620747138802804e-07,-6.909701693429982e-07,-3.044740038537475e-06,-8.035031853386997,-6.268850768992064,-0.962728388074174,-4.859255974522522e-05,1.649504841792374e-10,28.0,28.0,14.0,6.0,6.0,6.0
1.9515412480453969,1.0,2.409227057196088e-05,7.152043266033579e-05,-0.3499511673194469,0.0001041682056873514,0.2238411090603686,-0.3499511673194469,0.0001041682056873514,0.2238411090603686,-0.34996031113943926,0.00011561403197233389,0.22386023551110873,-0.32700950304140264,-1.4200347105609339,1.235966682434082,-1.3860567251788538,-1.571026627217428,2.7379965782165527,0.0,0.0,-0.0,0.0,0.0,0.0,-0.3269385869829717,-1.420009975415321,1.236001641640979,-1.3860769489906428,-1.5710125560368309,2.738042913941999,-3.00417950844635e-08,1.710555519506982e-06,-1.573648410238335e-06,3.4915420211841803e-06,7.214383244191294e-07,-3.1711202034294123e-07,-3.044740038537475e-06,-8.035031853386997,-6.268850768992064,-0.962728388074174,-4.859255974522522e-05,1.649504841792374e-10,28.0,28.0,14.0,6.0,6.0,6.0
1.9555412480453969,1.0,2.409227057196088e-05,7.152043266033579e-05,-0.3499511673194469,0.0001041682056873514,0.2238411090603686,-0.3499511673194469,0.0001041682056873514,0.2238411090603686,-0.34996031113943926,0.00011561403197233389,0.22386023551110873,-0.32700950304140264,-1.4200347105609339,1.235966682434082,-1.3860567251788538,-1.571026627217428,2.7379965782165527,0.0,0.0,-0.0,0.0,0.0,0.0,-0.32693858628445494,-1.4200099676422047,1.2360016349135432,-1.3860769344060682,-1.5710125538729867,2.7380429137951254,1.7462919101669814e-07,1.9432790702683707e-06,-1.6818589087917693e-06,3.6461436702783934e-06,5.409610323232661e-07,-3.671840859289852e-08,-3.044740038537475e-06,-8.035031853386997,-6.268850768992064,-0.962728388074174,-4.859255974522522e-05,1.649504841792374e-10,28.0,28.0,14.0,6.0,6.0,6.0
1.9602169170298156,1.0,2.218728985156665e-05,6.529625585975281e-05,-0.3499511673194469,0.0001041682056873514,0.2238411090603686,-0.3499511673194469,0.0001041682056873514,0.2238411090603686,-0.3499700214561569,0.00011579683026102008,0.2238423630342133,-0.3269856611834925,-1.4199865500079554,1.2359905242919922,-1.3861168066607874,-1.5710504690753382,2.738032579421997,0.0,0.0,-0.0,0.0,0.0,0.0,-0.326938586255529,-1.4200099613663415,1.2360016279370742,-1.3860769180280599,-1.571012550668449,2.73804291239904,7.231484640973259e-09,1.5689657878465351e-06,-1.744117229574438e-06,4.094502070728048e-06,8.011344595673716e-07,-3.4902132447980856e-07,-1.0223343454805136e-05,-8.03571739176547,-6.268943394720172,-0.9627291059850003,-5.386750951293253e-05,-8.87010464305226e-09,28.0,28.0,14.0,6.0,6.0,6.0
1.9642169170298156,1.0,2.218728985156665e-05,6.529625585975281e-05,-0.3499511673194469,0.0001041682056873514,0.2238411090603686,-0.3499511673194469,0.0001041682056873514,0.2238411090603686,-0.3499700214561569,0.00011579683026102008,0.2238423630342133,-0.3269856611834925,-1.4199865500079554,1.2359905242919922,-1.3861168066607874,-1.5710504690753382,2.738032579421997,0.0,0.0,-0.0,0.0,0.0,0.0,-0.3269385867287962,-1.4200099562134183,1.2360016207738305,-1.3860769003049764,-1.5710125466833909,2.7380429100660457,-1.183167951408204e-07,1.2882308260301584e-06,-1.7908109701614392e-06,4.430770871065289e-06,9.962645300004508e-07,-5.83248511394991e-07,-1.0223343454805136e-05,-8.03571739176547,-6.268943394720172,-0.9627291059850003,-5.386750951293253e-05,-8.87010464305226e-09,28.0,28.0,14.0,6.0,6.0,6.0
1.9689899470582612,1.0,2.218728985156665e-05,6.529625585975281e-05,-0.3499511673194469,0.0001041682056873514,0.2238411090603686,-0.3499511673194469,0.0001041682056873514,0.2238411090603686,-0.3499700214561569,0.00011579683026102008,0.2238423630342133,-0.3269856611834925,-1.4199865500079554,1.2359905242919922,-1.3861168066607874,-1.5710504690753382,2.738032579421997,0.0,0.0,-0.0,0.0,0.0,0.0,-0.32693858757870825,-1.4200099519026999,1.2360016134705054,-1.3860768815730866,-1.5710125421129426,2.73804290703037,-2.1247800497716566e-07,1.0776796046678757e-06,-1.8258312756016903e-06,4.68297247131822e-06,1.1426120828252603e-06,-7.589189015813779e-07,-1.0223343454805136e-05,-8.03571739176547,-6.268943394720172,-0.9627291059850003,-5.386750951293253e-05,-8.87010464305226e-09,28.0,28.0,14.0,6.0,6.0,6.0
1.9729899470582613,1.0,7.724995594469812e-06,5.352536926250567e-05,-0.3499511673194469,0.0001041682056873514,0.2238411090603686,-0.3499511673194469,0.0001041682056873514,0.2238411090603686,-0.34995512290157926,0.00011074383142216265,0.22384022019979205,-0.3269856611834925,-1.4199984709369105,1.2359905242919922,-1.386045281087057,-1.5710504690753382,2.7380685806274414,0.0,0.0,-0.0,0.0,0.0,0.0,-0.32693858871068304,-1.4200099497055338,1.2360016090679424,-1.3860768675630042,-1.571012537103531,2.73804290107919,-2.8299369900918845e-07,5.492915117094091e-07,-1.1006407428384458e-06,3.5025206003591353e-06,1.252352863941522e-06,-1.4877950218572096e-06,-1.4315501877650474e-06,-8.03557394912248,-6.2689187841598475,-0.9627177461934106,-5.386735253572324e-05,-3.561468748442592e-08,28.0,28.0,14.0,6.0,6.0,6.0
1.9770553330488045,1.0,7.724995594469812e-06,5.352536926250567e-05,-0.3499511673194469,0.0001041682056873514,0.2238411090603686,-0.3499511673194469,0.0001041682056873514,0.2238411090603686,-0.34995512290157926,0.00011074383142216265,0.22384022019979205,-0.3269856611834925,-1.4199984709369105,1.2359905242919922,-1.386045281087057,-1.5710504690753382,2.7380685806274414,0.0,0.0,-0.0,0.0,0.0,0.0,-0.32693859005420495,-1.420009949093532,1.236001606840951,-1.3860768570942774,-1.5710125317648973,2.7380428929413814,-3.3588046953320557e-07,1.5300044199055926e-07,-5.567478432660125e-07,2.6171816971398215e-06,1.3346584497787185e-06,-2.0344521120640836e-06,-1.4315501877650474e-06,-8.03557394912248,-6.2689187841598475,-0.9627177461934106,-5.386735253572324e-05,-3.561468748442592e-08,28.0,28.0,14.0,6.0,6.0,6.0
1.9810553330488045,1.0,7.724995594469812e-06,5.352536926250567e-05,-0.3499511673194469,0.0001041682056873514,0.2238411090603686,-0.3499511673194469,0.0001041682056873514,0.2238411090603686,-0.34995512290157926,0.00011074383142216265,0.22384022019979205,-0.3269856611834925,-1.4199984709369105,1.2359905242919922,-1.386045281087057,-1.5710504690753382,2.7380685806274414,0.0,0.0,-0.0,0.0,0.0,0.0,-0.32693859155638716,-1.4200099496704035,1.2360016062456383,-1.3860768492815674,-1.5710125261793468,2.7380428831636014,-3.755455474262184e-07,-1.4421786029857818e-07,-1.4882816858668754e-07,1.9531775197253364e-06,1.3963876391566158e-06,-2.444444929719239e-06,-1.4315501877650474e-06,-8.03557394912248,-6.2689187841598475,-0.9627177461934106,-5.386735253572324e-05,-3.561468748442592e-08,28.0,28.0,14.0,6.0,6.0,6.0
1.9853878670281273,1.0,7.724995594469812e-06,5.352536926250567e-05,-0.3499511673194469,0.0001041682056873514,0.2238411090603686,-0.3499511673194469,0.0001041682056873514,0.2238411090603686,-0.34995512290157926,0.00011074383142216265,0.22384022019979205,-0.3269856611834925,-1.4199984709369105,1.2359905242919922,-1.386045281087057,-1.5710504690753382,2.7380685806274414,0.0,0.0,-0.0,0.0,0.0,0.0,-0.3269385931775646,-1.42000995113893,1.2360016068740847,-1.38607684346087,-1.5710125204086087,2.738042872155843,-4.05294355845978e-07,-3.6713158701543126e-07,1.5711158742280618e-07,1.4551743866644725e-06,1.4426845311900387e-06,-2.7519395429606056e-06,-1.4315501877650474e-06,-8.03557394912248,-6.2689187841598475,-0.9627177461934106,-5.386735253572324e-05,-3.561468748442592e-08,28.0,28.0,14.0,6.0,6.0,6.0
1.9893878670281273,1.0,1.767741414618787e-05,5.551099162252675e-05,-0.3499511673194469,0.0001041682056873514,0.2238411090603686,-0.3499511673194469,0.0001041682056873514,0.2238411090603686,-0.34995973170760125,0.00011909629839856227,0.2238370724436611,-0.32699758211244756,-1.4199984709369105,1.2360148429870605,-1.386092487965719,-1.5710623900042933,2.738044500350952,0.0,0.0,-0.0,0.0,0.0,0.0,-0.32693859474081405,-1.4200099526741032,1.2360016066003168,-1.386076836397868,-1.571012513708374,2.738042861179639,-3.908123686527804e-07,-3.837933484635941e-07,-6.844197487332827e-08,1.76575050517508e-06,1.6750586849527057e-06,-2.7440511135604903e-06,-1.5408841316788396e-06,-8.035602608295346,-6.268952816492286,-0.9627228699207612,-5.615075590733767e-05,-2.6582343917876496e-08,28.0,28.0,14.0,6.0,6.0,6.0
1.9938795020151892,1.0,1.767741414618787e-05,5.551099162252675e-05,-0.3499511673194469,0.0001041682056873514,0.2238411090603686,-0.3499511673194469,0.0001041682056873514,0.2238411090603686,-0.34995973170760125,0.00011909629839856227,0.2238370724436611,-0.32699758211244756,-1.4199984709369105,1.2360148429870605,-1.386092487965719,-1.5710623900042933,2.738044500350952,0.0,0.0,-0.0,0.0,0.0,0.0,-0.32693859626061755,-1.420009954259262,1.2360016056498881,-1.3860768284031375,-1.5710125063110167,2.7380428502270995,-3.799508782578822e-07,-3.9628966954971626e-07,-2.3760714659542913e-07,1.9986825940580355e-06,1.849339300274706e-06,-2.7381347915104036e-06,-1.5408841316788396e-06,-8.035602608295346,-6.268952816492286,-0.9627228699207612,-5.615075590733767e-05,-2.6582343917876496e-08,28.0,28.0,14.0,6.0,6.0,6.0
1.9978795020151892,1.0,2.7069924940210146e-06,3.545636039625939e-05,-0.3499511673194469,0.0001041682056873514,0.2238411090603686,-0.3499511673194469,0.0001041682056873514,0.2238411090603686,-0.34995145870536903,0.00010532890062943268,0.22384353716453823,-0.3269737402545374,-1.4200347105609339,1.2360267639160156,-1.3860686461078089,-1.5710504690753382,2.738044500350952,0.0,0.0,-0.0,0.0,0.0,0.0,-0.32693859829044103,-1.4200099545606435,1.2360016036501398,-1.3860768204578706,-1.5710124991811165,2.738042840331727,-5.074558649417883e-07,-7.534538722922172e-08,-4.999371007818668e-07,1.9863167180230925e-06,1.782475073932431e-06,-2.4738431182238385e-06,-2.170278420547584e-05,-8.035119651698064,-6.26891880971731,-0.9627222025754999,-5.404472216418025e-05,-8.863583651553726e-09,28.0,28.0,14.0,6.0,6.0,6.0
