t,bf,pos_err,rot_err,pd_x,pd_y,pd_z,pd_ref_x,pd_ref_y,pd_ref_z,p_x,p_y,p_z,q0,q1,q2,q3,q4,q5,dq0,dq1,dq2,dq3,dq4,dq5,q_servo0,q_servo1,q_servo2,q_servo3,q_servo4,q_servo5,dq_des0,dq_des1,dq_des2,dq_des3,dq_des4,dq_des5,tau0,tau1,tau2,tau3,tau4,tau5,tau_lim0,tau_lim1,tau_lim2,tau_lim3,tau_lim4,tau_lim5
0.0,1.0,1.260856357959114e-05,5.462475467619012e-05,0.3500434529559932,-0.00014770837097220023,0.3498429502841447,0.3500434529559932,-0.00014770837097220023,0.3498429502841447,0.35004159187708644,-0.0001376991669550925,0.34985038856995443,-0.32706958452333623,-1.420058552418844,1.2360267639160156,-1.3860567251788538,-1.5710743109332483,2.737913131713867,0.0,0.0,-0.0,0.0,0.0,0.0,-0.32706960589060796,-1.4200585066434168,1.2360267067835269,-1.386056616167339,-1.5710743353275491,2.737913159174129,-5.341817927722732e-06,1.144385680106562e-05,-1.4283122179689885e-05,2.7252878666482743e-05,-6.09857520233597e-06,6.865065458330883e-06,-0.000708615936425779,-8.033742298150964,-6.2686580751131045,-0.9626638438357769,-7.435116185967801e-05,5.46564267003697e-07,28.0,28.0,14.0,6.0,6.0,6.0
0.004,1.0,1.260856357959114e-05,5.462475467619012e-05,0.3500434529559932,-0.00014770837097220023,0.3498429502841447,0.3500434529559932,-0.00014770837097220023,0.3498429502841447,0.35004159187708644,-0.0001376991669550925,0.34985038856995443,-0.32706958452333623,-1.420058552418844,1.2360267639160156,-1.3860567251788538,-1.5710743109332483,2.737913131713867,0.0,0.0,-0.0,0.0,0.0,0.0,-0.32706964734311506,-1.420058417839088,1.2360265959464987,-1.3860564046850006,-1.5710743826524927,2.7379132124470367,-1.0363126779782101e-05,2.22010821940673e-05,-2.770925702859838e-05,5.287058461297652e-05,-1.1831235892531781e-05,1.3318226989161913e-05,-0.000708615936425779,-8.033742298150964,-6.2686580751131045,-0.9626638438357769,-7.435116185967801e-05,5.46564267003697e-07,28.0,28.0,14.0,6.0,6.0,6.0
0.008,1.0,1.2490097719981765e-05,4.973930823930166e-05,0.3500434529559932,-0.00014770837097220023,0.3498429502841447,0.3500434529559932,-0.00014770837097220023,0.3498429502841447,0.3500393095471901,-0.0001400590519556066,0.34985191257308934,-0.32706958452333623,-1.420058552418844,1.2360148429870605,-1.3860333601581019,-1.5711105505572718,2.737913131713867,0.0,0.0,-0.0,0.0,0.0,0.0,-0.3270697168234383,-1.4200582978319072,1.2360264624181978,-1.38605613886598,-1.571074377320473,2.7379132808376236,-1.7370080809537496e-05,3.0001795229429923e-05,-3.3382075188916176e-05,6.645475514197572e-05,1.3330049027322091e-06,1.7097646790563405e-05,-0.0007979317944389309,-8.033683085782075,-6.268563549053722,-0.9626590174072092,-6.886964479954666e-05,5.466237350310025e-07,28.0,28.0,14.0,6.0,6.0,6.0
0.012801119008334354,1.0,1.2490097719981765e-05,4.973930823930166e-05,0.3500434529559932,-0.00014770837097220023,0.3498429502841447,0.3500434529559932,-0.00014770837097220023,0.3498429502841447,0.3500393095471901,-0.0001400590519556066,0.34985191257308934,-0.32706958452333623,-1.420058552418844,1.2360148429870605,-1.3860333601581019,-1.5711105505572718,2.737913131713867,0.0,0.0,-0.0,0.0,0.0,0.0,-0.32706981264990864,-1.4200581484940453,1.2360263075601008,-1.3860558219704782,-1.5710743224909078,2.737913363438829,-2.3956617597507565e-05,3.733446548267079e-05,-3.871452425961491e-05,7.922387543923496e-05,1.370739125028036e-05,2.0650301403880807e-05,-0.0007979317944389309,-8.033683085782075,-6.268563549053722,-0.9626590174072092,-6.886964479954666e-05,5.466237350310025e-07,28.0,28.0,14.0,6.0,6.0,6.0
0.016801119008334354,1.0,1.2490097719981765e-05,4.973930823930166e-05,0.3500434529559932,-0.00014770837097220023,0.3498429502841447,0.3500434529559932,-0.00014770837097220023,0.3498429502841447,0.3500393095471901,-0.0001400590519556066,0.34985191257308934,-0.32706958452333623,-1.420058552418844,1.2360148429870605,-1.3860333601581019,-1.5711105505572718,2.737913131713867,0.0,0.0,-0.0,0.0,0.0,0.0,-0.32706993324175737,-1.4200579715853432,1.2360261326519952,-1.386055457063084,-1.5710742211336501,2.737913459398016,-3.014796217819943e-05,4.4227175520717205e-05,-4.3727026386071716e-05,9.122684851865865e-05,2.5339314416975626e-05,2.3989796740399164e-05,-0.0007979317944389309,-8.033683085782075,-6.268563549053722,-0.9626590174072092,-6.886964479954666e-05,5.466237350310025e-07,28.0,28.0,14.0,6.0,6.0,6.0
0.021795755002414808,1.0,1.2490097719981765e-05,4.973930823930166e-05,0.3500434529559932,-0.00014770837097220023,0.3498429502841447,0.3500434529559932,-0.00014770837097220023,0.3498429502841447,0.3500393095471901,-0.0001400590519556066,0.34985191257308934,-0.32706958452333623,-1.420058552418844,1.2360148429870605,-1.3860333601581019,-1.5711105505572718,2.737913131713867,0.0,0.0,-0.0,0.0,0.0,0.0,-0.3270700771130617,-1.4200577687600513,1.2360259388968817,-1.3860550470245112,-1.5710740760403614,2.737913567913705,-3.596782608404979e-05,5.070632295648083e-05,-4.843877838494112e-05,0.00010250964321331692,3.6273322193669175e-05,2.712892235672642e-05,-0.0007979317944389309,-8.033683085782075,-6.268563549053722,-0.9626590174072092,-6.886964479954666e-05,5.466237350310025e-07,28.0,28.0,14.0,6.0,6.0,6.0
0.025795755002414808,1.0,1.838034301499298e-05,6.950582708259518e-05,0.3500434529559932,-0.00014770837097220023,0.3498429502841447,0.3500434529559932,-0.00014770837097220023,0.3498429502841447,0.3500454248688782,-0.00013276415561131897,0.34985346784071314,-0.32705766359438115,-1.420046631489889,1.2360029220581055,-1.3860567251788538,-1.5710504690753382,2.7379491329193115,0.0,0.0,-0.0,0.0,0.0,0.0,-0.32707023988012746,-1.4200575365064672,1.2360257096217075,-1.3860545339652253,-1.5710740128599565,2.7379136418999366,-4.069176644820982e-05,5.8063396021600736e-05,-5.731879355028624e-05,0.0001282648214661351,1.5795101231277454e-05,1.849655780538472e-05,-0.000816730404380631,-8.033794824649123,-6.268559371959754,-0.9626388580411196,-8.341978417754052e-05,-5.840903043213455e-09,28.0,28.0,14.0,6.0,6.0,6.0
0.030424727007281036,1.0,1.838034301499298e-05,6.950582708259518e-05,0.3500434529559932,-0.00014770837097220023,0.3498429502841447,0.3500434529559932,-0.00014770837097220023,0.3498429502841447,0.3500454248688782,-0.00013276415561131897,0.34985346784071314,-0.32705766359438115,-1.420046631489889,1.2360029220581055,-1.3860567251788538,-1.5710504690753382,2.7379491329193115,0.0,0.0,-0.0,0.0,0.0,0.0,-0.32707042040920903,-1.4200572765902884,1.2360254469576764,-1.386053924066469,-1.5710740266776624,2.737913683428477,-4.5132270390520244e-05,6.497904470281345e-05,-6.566600780571066e-05,0.0001524746890237842,-3.4544264733707625e-06,1.0382135127123522e-05,-0.000816730404380631,-8.033794824649123,-6.268559371959754,-0.9626388580411196,-8.341978417754052e-05,-5.840903043213455e-09,28.0,28.0,14.0,6.0,6.0,6.0
0.03442472700728104,1.0,4.8263745343258665e-06,4.310843866556983e-05,0.3500434529559932,-0.00014770837097220023,0.3498429502841447,0.3500434529559932,-0.00014770837097220023,0.3498429502841447,0.35004079008186295,-0.0001468049096889881,0.3498468728789774,-0.3270934263812464,-1.420058552418844,1.2360386848449707,-1.3860567251788538,-1.5710862318622034,2.737889051437378,0.0,0.0,-0.0,0.0,0.0,0.0,-0.3270705901186126,-1.420056992921061,1.2360251432415739,-1.3860532600626436,-1.5710740396668776,2.7379137717696427,-4.2427350896147126e-05,7.091730688418814e-05,-7.592902563723434e-05,0.00016600095639147803,-3.247303820500134e-06,2.2085291334932872e-05,-0.0002514041874062654,-8.03414545904088,-6.268793716371642,-0.9626857853327125,-6.161857891536579e-05,5.521059370146137e-07,28.0,28.0,14.0,6.0,6.0,6.0
0.039478723028441895,1.0,4.8263745343258665e-06,4.310843866556983e-05,0.3500434529559932,-0.00014770837097220023,0.3498429502841447,0.3500434529559932,-0.00014770837097220023,0.3498429502841447,0.35004079008186295,-0.0001468049096889881,0.3498468728789774,-0.3270934263812464,-1.420058552418844,1.2360386848449707,-1.3860567251788538,-1.5710862318622034,2.737889051437378,0.0,0.0,-0.0,0.0,0.0,0.0,-0.3270707496575189,-1.4200566869239675,1.2360248009365242,-1.3860525452000527,-1.5710740518773116,2.7379139041146754,-3.98847265714364e-05,7.649927333468036e-05,-8.557626239886661e-05,0.00017871564771711022,-3.0526085268017434e-06,3.308625817027367e-05,-0.0002514041874062654,-8.03414545904088,-6.268793716371642,-0.9626857853327125,-6.161857891536579e-05,5.521059370146137e-07,28.0,28.0,14.0,6.0,6.0,6.0
0.0434787230284419,1.0,4.8263745343258665e-06,4.310843866556983e-05,0.3500434529559932,-0.00014770837097220023,0.3498429502841447,0.3500434529559932,-0.00014770837097220023,0.3498429502841447,0.35004079008186295,-0.0001468049096889881,0.3498468728789774,-0.3270934263812464,-1.420058552418844,1.2360386848449707,-1.3860567251788538,-1.5710862318622034,2.737889051437378,0.0,0.0,-0.0,0.0,0.0,0.0,-0.32707089963615776,-1.4200563599386802,1.2360244223578645,-1.3860517825302225,-1.5710740633556914,2.7379140778233433,-3.749465970620831e-05,8.174632179814304e-05,-9.464466495480095e-05,0.0001906674575632045,-2.869594950725256e-06,4.3427166995494015e-05,-0.0002514041874062654,-8.03414545904088,-6.268793716371642,-0.9626857853327125,-6.161857891536579e-05,5.521059370146137e-07,28.0,28.0,14.0,6.0,6.0,6.0
0.04855408903188073,1.0,4.8263745343258665e-06,4.310843866556983e-05,0.3500434529559932,-0.00014770837097220023,0.3498429502841447,0.3500434529559932,-0.00014770837097220023,0.3498429502841447,0.35004079008186295,-0.0001468049096889881,0.3498468728789774,-0.3270934263812464,-1.420058552418844,1.2360386848449707,-1.3860567251788538,-1.5710862318622034,2.737889051437378,0.0,0.0,-0.0,0.0,0.0,0.0,-0.3270710406281452,-1.4200560132244908,1.236024009682011,-1.3860509749215872,-1.5710740741459401,2.7379142904138285,-3.524799685289391e-05,8.667854735379796e-05,-0.00010316896335737922,0.00020190215881853312,-2.697562189213358e-06,5.314762129120114e-05,-0.0002514041874062654,-8.03414545904088,-6.268793716371642,-0.9626857853327125,-6.161857891536579e-05,5.521059370146137e-07,28.0,28.0,14.0,6.0,6.0,6.0
0.05255408903188073,1.0,1.4398810803706713e-05,5.888198324676756e-05,0.3500434529559932,-0.00014770837097220023,0.3498429502841447,0.3500434529559932,-0.00014770837097220023,0.3498429502841447,0.3500383387167526,-0.00014391123578360722,0.3498558635360167,-0.3270934263812464,-1.4200704733477991,1.2360148429870605,-1.3860333601581019,-1.5710623900042933,2.737889051437378,0.0,0.0,-0.0,0.0,0.0,0.0,-0.3270711671615773,-1.4200556277414014,1.2360235747120434,-1.3860501296625505,-1.5710741331130502,2.737914545563147,-3.163335802733064e-05,9.637077237820446e-05,-0.0001087424918928951,0.0002113147591827285,-1.4741777530279746e-05,6.378732961760793e-05,-0.00031329221724896443,-8.033257022204792,-6.268414750991162,-0.9626309269726733,-6.522417884192251e-05,5.520366640529678e-07,28.0,28.0,14.0,6.0,6.0,6.0
0.05724717002315448,1.0,1.4398810803706713e-05,5.888198324676756e-05,0.3500434529559932,-0.00014770837097220023,0.3498429502841447,0.3500434529559932,-0.00014770837097220023,0.3498429502841447,0.3500383387167526,-0.00014391123578360722,0.3498558635360167,-0.3270934263812464,-1.4200704733477991,1.2360148429870605,-1.3860333601581019,-1.5710623900042933,2.737889051437378,0.0,0.0,-0.0,0.0,0.0,0.0,-0.3270712801039674,-1.4200552058155458,1.2360231187856086,-1.3860492490121363,-1.57107423736641,2.7379148407177687,-2.823559753130117e-05,0.00010548146390114657,-0.00011398160871628004,0.00022016260352507216,-2.606333995088215e-05,7.378865544443029e-05,-0.00031329221724896443,-8.033257022204792,-6.268414750991162,-0.9626309269726733,-6.522417884192251e-05,5.520366640529678e-07,28.0,28.0,14.0,6.0,6.0,6.0
0.06124717002315448,1.0,1.07552562385108e-05,3.7688751457474224e-05,0.3500434529559932,-0.00014770837097220023,0.3498429502841447,0.3500434529559932,-0.00014770837097220023,0.3498429502841447,0.3500385164864049,-0.00013876720883962648,0.3498463211037006,-0.3270815054522913,-1.420058552418844,1.2360267639160156,-1.3860090414630335,-1.5710504690753382,2.7379369735717773,0.0,0.0,-0.0,0.0,0.0,0.0,-0.3270713894322067,-1.4200547807490755,1.2360226732582607,-1.3860484326992708,-1.5710744085907258,2.7379150905866516,-2.7332059820536337e-05,0.00010626661756182136,-0.00011138183695157931,0.00020407821636658823,-4.28060789430294e-05,6.24672207109027e-05,-0.00029537518494775233,-8.034142509484877,-6.268720721189743,-0.9627044154529792,-7.249058298057444e-05,-2.734375878431157e-07,28.0,28.0,14.0,6.0,6.0,6.0
0.06633084703283386,1.0,1.07552562385108e-05,3.7688751457474224e-05,0.3500434529559932,-0.00014770837097220023,0.3498429502841447,0.3500434529559932,-0.00014770837097220023,0.3498429502841447,0.3500385164864049,-0.00013876720883962648,0.3498463211037006,-0.3270815054522913,-1.420058552418844,1.2360267639160156,-1.3860090414630335,-1.5710504690753382,2.7379369735717773,0.0,0.0,-0.0,0.0,0.0,0.0,-0.32707149536314417,-1.4200543527304275,1.2360222375060548,-1.3860476768637011,-1.5710746427677402,2.7379152978869397,-2.6482734372417398e-05,0.00010700466200285566,-0.00010893805149276064,0.00018895889243761334,-5.854425359564781e-05,5.182507206138677e-05,-0.00029537518494775233,-8.034142509484877,-6.268720721189743,-0.9627044154529792,-7.249058298057444e-05,-2.734375878431157e-07,28.0,28.0,14.0,6.0,6.0,6.0
0.07033084703283386,1.0,1.07552562385108e-05,3.7688751457474224e-05,0.3500434529559932,-0.00014770837097220023,0.3498429502841447,0.3500434529559932,-0.00014770837097220023,0.3498429502841447,0.3500385164864049,-0.00013876720883962648,0.3498463211037006,-0.3270815054522913,-1.420058552418844,1.2360267639160156,-1.3860090414630335,-1.5710504690753382,2.7379369735717773,0.0,0.0,-0.0,0.0,0.0,0.0,-0.327071598100618,-1.4200539219367323,1.236021810942482,-1.3860469778767894,-1.5710749361202914,2.737915465172749,-2.5684368451185594e-05,0.0001076984237774279,-0.00010664089316147107,0.00017474672794437693,-7.333813776910912e-05,4.1821452330841794e-05,-0.00029537518494775233,-8.034142509484877,-6.268720721189743,-0.9627044154529792,-7.249058298057444e-05,-2.734375878431157e-07,28.0,28.0,14.0,6.0,6.0,6.0
0.07535516203637237,1.0,1.978858020973579e-05,6.417578087649934e-05,0.3500434529559932,-0.00014770837097220023,0.3498429502841447,0.3500434529559932,-0.00014770837097220023,0.3498429502841447,0.35004570977296423,-0.0001286874077697823,0.3498379806118488,-0.3270457426654261,-1.4200227896319788,1.2360148429870605,-1.3860090414630335,-1.5710504690753382,2.737913131713867,0.0,0.0,-0.0,0.0,0.0,0.0,-0.32707173436293174,-1.4200535350125285,1.236021426770388,-1.3860463684167823,-1.5710752850723417,2.7379156803894293,-3.406557844826196e-05,9.673105093917815e-05,-9.604302351940986e-05,0.00015236500179308736,-8.723801261571341e-05,5.380417012279102e-05,-0.0006634545789727766,-8.035430907351477,-6.269051571753068,-0.9627575375642199,-8.888155928137779e-05,1.093898399892175e-06,28.0,28.0,14.0,6.0,6.0,6.0
0.07935516203637237,1.0,1.978858020973579e-05,6.417578087649934e-05,0.3500434529559932,-0.00014770837097220023,0.3498429502841447,0.3500434529559932,-0.00014770837097220023,0.3498429502841447,0.35004570977296423,-0.0001286874077697823,0.3498379806118488,-0.3270457426654261,-1.4200227896319788,1.2360148429870605,-1.3860090414630335,-1.5710504690753382,2.737913131713867,0.0,0.0,-0.0,0.0,0.0,0.0,-0.3270719021385951,-1.4200531893256467,1.2360210824462838,-1.3860458431120655,-1.5710756862879216,2.7379159406611286,-4.194391584551374e-05,8.642172047122339e-05,-8.608102605587234e-05,0.00013132617921087517,-0.00010030389497152146,6.506792484722329e-05,-0.0006634545789727766,-8.035430907351477,-6.269051571753068,-0.9627575375642199,-8.888155928137779e-05,1.093898399892175e-06,28.0,28.0,14.0,6.0,6.0,6.0
0.08404468202847058,1.0,1.978858020973579e-05,6.417578087649934e-05,0.3500434529559932,-0.00014770837097220023,0.3498429502841447,0.3500434529559932,-0.00014770837097220023,0.3498429502841447,0.35004570977296423,-0.0001286874077697823,0.3498379806118488,-0.3270457426654261,-1.4200227896319788,1.2360148429870605,-1.3860090414630335,-1.5710504690753382,2.737913131713867,0.0,0.0,-0.0,0.0,0.0,0.0,-0.3270720995368071,-1.4200528824018475,1.23602077557929,-1.3860453969133215,-1.5710761366312191,2.7379162432845456,-4.934955299893042e-05,7.67309498313459e-05,-7.671674844014706e-05,0.0001115496859835957,-0.00011258582438598101,7.565585428818962e-05,-0.0006634545789727766,-8.035430907351477,-6.269051571753068,-0.9627575375642199,-8.888155928137779e-05,1.093898399892175e-06,28.0,28.0,14.0,6.0,6.0,6.0
0.08804468202847059,1.0,1.1617402890987183e-05,7.06073908846268e-05,0.3500434529559932,-0.00014770837097220023,0.3498429502841447,0.3500434529559932,-0.00014770837097220023,0.3498429502841447,0.3500418772480146,-0.00013989917611985652,0.34985140591363373,-0.32706958452333623,-1.420058552418844,1.2360267639160156,-1.3860686461078089,-1.5710986296283167,2.737901210784912,0.0,0.0,-0.0,0.0,0.0,0.0,-0.32707231259839226,-1.4200525460001994,1.2360204225419238,-1.386044838731242,-1.5710765345488176,2.7379165734862276,-5.326539629275071e-05,8.410041204580165e-05,-8.825934154063923e-05,0.0001395455198725201,-9.947939962450803e-05,8.255042050644617e-05,-0.0008099732184128205,-8.033668676919357,-6.268644511319873,-0.962653244172014,-7.067370828821129e-05,8.199075016580075e-07,28.0,28.0,14.0,6.0,6.0,6.0
0.0930321940451395,1.0,1.1617402890987183e-05,7.06073908846268e-05,0.3500434529559932,-0.00014770837097220023,0.3498429502841447,0.3500434529559932,-0.00014770837097220023,0.3498429502841447,0.3500418772480146,-0.00013989917611985652,0.34985140591363373,-0.32706958452333623,-1.420058552418844,1.2360267639160156,-1.3860686461078089,-1.5710986296283167,2.737901210784912,0.0,0.0,-0.0,0.0,0.0,0.0,-0.3270725403835482,-1.4200521818893732,1.2360200261044076,-1.3860441752848272,-1.571076883186259,2.7379169296114787,-5.694628898894178e-05,9.102770652739005e-05,-9.910937905510188e-05,0.000165861603728109,-8.715936034872343e-05,8.903131275160731e-05,-0.0008099732184128205,-8.033668676919357,-6.268644511319873,-0.962653244172014,-7.067370828821129e-05,8.199075016580075e-07,28.0,28.0,14.0,6.0,6.0,6.0
0.0970321940451395,1.0,1.1617402890987183e-05,7.06073908846268e-05,0.3500434529559932,-0.00014770837097220023,0.3498429502841447,0.3500434529559932,-0.00014770837097220023,0.3498429502841447,0.3500418772480146,-0.00013989917611985652,0.34985140591363373,-0.32706958452333623,-1.420058552418844,1.2360267639160156,-1.3860686461078089,-1.5710986296283167,2.737901210784912,0.0,0.0,-0.0,0.0,0.0,0.0,-0.3270727820088607,-1.4200517917319198,1.2360195888707504,-1.386043412889937,-1.5710771855003527,2.7379173101048844,-6.0406328123361385e-05,9.753936334008315e-05,-0.00010930841431869677,0.0001905987225523626,-7.55785234294859e-05,9.512335146205879e-05,-0.0008099732184128205,-8.033668676919357,-6.268644511319873,-0.962653244172014,-7.067370828821129e-05,8.199075016580075e-07,28.0,28.0,14.0,6.0,6.0,6.0
0.10215623603039424,1.0,1.53873666023055e-05,3.8156529159449255e-05,0.3500434529559932,-0.00014770837097220023,0.3498429502841447,0.3500434529559932,-0.00014770837097220023,0.3498429502841447,0.3500426704190367,-0.0001349226570616511,0.3498514757874532,-0.32705766359438115,-1.420046631489889,1.2360029220581055,-1.3860333601581019,-1.5710862318622034,2.7379369735717773,0.0,0.0,-0.0,0.0,0.0,0.0,-0.32707304568970913,-1.4200513976308713,1.2360191571767198,-1.3860426286754002,-1.5710774696487761,2.7379176556296825,-6.592021211369651e-05,9.852526209406581e-05,-0.00010792350764505188,0.00019605363422875536,-7.103710584924597e-05,8.638119955754085e-05,-0.0008699760164677535,-8.033958358871326,-6.268589589491044,-0.9626596452275221,-7.801088476365808e-05,2.731962589676015e-07,28.0,28.0,14.0,6.0,6.0,6.0
0.10615623603039424,1.0,1.53873666023055e-05,3.8156529159449255e-05,0.3500434529559932,-0.00014770837097220023,0.3498429502841447,0.3500434529559932,-0.00014770837097220023,0.3498429502841447,0.3500426704190367,-0.0001349226570616511,0.3498514757874532,-0.32705766359438115,-1.420046631489889,1.2360029220581055,-1.3860333601581019,-1.5710862318622034,2.7379369735717773,0.0,0.0,-0.0,0.0,0.0,0.0,-0.3270733301027614,-1.4200509998228437,1.2360187306899384,-1.3860418239503953,-1.5710777367214694,2.7379179682839894,-7.110326306461153e-05,9.945200692280952e-05,-0.00010662169537182568,0.00020118125120456454,-6.676817332382043e-05,7.816357676729398e-05,-0.0008699760164677535,-8.033958358871326,-6.268589589491044,-0.9626596452275221,-7.801088476365808e-05,2.731962589676015e-07,28.0,28.0,14.0,6.0,6.0,6.0
0.11081132700596939,1.0,1.53873666023055e-05,3.8156529159449255e-05,0.3500434529559932,-0.00014770837097220023,0.3498429502841447,0.3500434529559932,-0.00014770837097220023,0.3498429502841447,0.3500426704190367,-0.0001349226570616511,0.3498514757874532,-0.32705766359438115,-1.420046631489889,1.2360029220581055,-1.3860333601581019,-1.5710862318622034,2.7379369735717773,0.0,0.0,-0.0,0.0,0.0,0.0,-0.32707363400408523,-1.4200505985302554,1.236018309097971,-1.3860409999455507,-1.5710779877429764,2.7379182500400345,-7.597533095847165e-05,0.0001003231470618286,-0.00010539799183499306,0.00020600121116182515,-6.275537674992044e-05,7.043901134446192e-05,-0.0008699760164677535,-8.033958358871326,-6.268589589491044,-0.9626596452275221,-7.801088476365808e-05,2.731962589676015e-07,28.0,28.0,14.0,6.0,6.0,6.0
0.1148113270059694,1.0,1.3809005586040112e-05,3.770057391430064e-05,0.3500434529559932,-0.00014770837097220023,0.3498429502841447,0.3500434529559932,-0.00014770837097220023,0.3498429502841447,0.3500367490903913,-0.00014543388005598193,0.34985480665426116,-0.3270934263812464,-1.4200704733477991,1.2360148429870605,-1.3860209623919886,-1.5710862318622034,2.7379250526428223,0.0,0.0,-0.0,0.0,0.0,0.0,-0.32707391968991395,-1.4200501698906771,1.2360178804722852,-1.386040171243027,-1.5710782237022907,2.737918490458068,-7.142145717563918e-05,0.00010715989459285247,-0.00010715642146315576,0.0002071756309333867,-5.898982859319471e-05,6.010450832204218e-05,-0.0003552221444558911,-8.033344918608037,-6.26843099936772,-0.9626419573046009,-6.161797974973112e-05,-2.736753126483339e-07,28.0,28.0,14.0,6.0,6.0,6.0
0.1198083369995002,1.0,1.3809005586040112e-05,3.770057391430064e-05,0.3500434529559932,-0.00014770837097220023,0.3498429502841447,0.3500434529559932,-0.00014770837097220023,0.3498429502841447,0.3500367490903913,-0.00014543388005598193,0.34985480665426116,-0.3270934263812464,-1.4200704733477991,1.2360148429870605,-1.3860209623919886,-1.5710862318622034,2.7379250526428223,0.0,0.0,-0.0,0.0,0.0,0.0,-0.32707418825317724,-1.420049715544928,1.236017445234904,-1.386039338124685,-1.571078445503144,2.73791869201837,-6.714081581977664e-05,0.00011358643727201491,-0.00010880934531362869,0.00020827958551865457,-5.545021332587252e-05,5.039007548096763e-05,-0.0003552221444558911,-8.033344918608037,-6.26843099936772,-0.9626419573046009,-6.161797974973112e-05,-2.736753126483339e-07,28.0,28.0,14.0,6.0,6.0,6.0
0.12380833699950021,1.0,8.802968865995983e-06,4.4993907562209136e-05,0.3500434529559932,-0.00014770837097220023,0.3498429502841447,0.3500434529559932,-0.00014770837097220023,0.3498429502841447,0.3500410103902764,-0.00015316451581068308,0.3498494122201608,-0.32711726823915654,-1.420058552418844,1.2360267639160156,-1.386045281087057,-1.5710623900042933,2.737901210784912,0.0,0.0,-0.0,0.0,0.0,0.0,-0.32707441033490775,-1.4200492459552077,1.23601698755817,-1.3860384747366523,-1.5710787028367106,2.737918887437847,-5.552043262853514e-05,0.00011739743013762147,-0.0001144191835130418,0.00021584700816750923,-6.433339167853576e-05,4.8854869217170554e-05,0.00027123255564491224,-8.03417073037984,-6.268692300718062,-0.9626666718429799,-5.429316200753482e-05,-2.736684043852112e-07,28.0,28.0,14.0,6.0,6.0,6.0
0.12842662399867555,1.0,8.802968865995983e-06,4.4993907562209136e-05,0.3500434529559932,-0.00014770837097220023,0.3498429502841447,0.3500434529559932,-0.00014770837097220023,0.3498429502841447,0.3500410103902764,-0.00015316451581068308,0.3498494122201608,-0.32711726823915654,-1.420058552418844,1.2360267639160156,-1.386045281087057,-1.5710623900042933,2.737901210784912,0.0,0.0,-0.0,0.0,0.0,0.0,-0.3270745887239975,-1.420048762036154,1.2360165087884443,-1.3860375828951106,-1.5710789935710279,2.737919077084948,-4.459727242876813e-05,0.00012097976343129164,-0.00011969243142049012,0.00022296038545743262,-7.268357933003922e-05,4.7411775329201304e-05,0.00027123255564491224,-8.03417073037984,-6.268692300718062,-0.9626666718429799,-5.429316200753482e-05,-2.736684043852112e-07,28.0,28.0,14.0,6.0,6.0,6.0
0.13242662399867555,1.0,8.802968865995983e-06,4.4993907562209136e-05,0.3500434529559932,-0.00014770837097220023,0.3498429502841447,0.3500434529559932,-0.00014770837097220023,0.3498429502841447,0.3500410103902764,-0.00015316451581068308,0.3498494122201608,-0.32711726823915654,-1.420058552418844,1.2360267639160156,-1.386045281087057,-1.5710623900042933,2.737901210784912,0.0,0.0,-0.0,0.0,0.0,0.0,-0.3270747260420048,-1.420048264647527,1.2360160101913065,-1.3860366643072701,-1.5710793157020508,2.737919261306016,-3.4329501840987145e-05,0.0001243471567273416,-0.00012464928445349153,0.0002296469601099606,-8.053275572245247e-05,4.605526707451021e-05,0.00027123255564491224,-8.03417073037984,-6.268692300718062,-0.9626666718429799,-5.429316200753482e-05,-2.736684043852112e-07,28.0,28.0,14.0,6.0,6.0,6.0
0.13755897699017083,1.0,8.802968865995983e-06,4.4993907562209136e-05,0.3500434529559932,-0.00014770837097220023,0.3498429502841447,0.3500434529559932,-0.00014770837097220023,0.3498429502841447,0.3500410103902764,-0.00015316451581068308,0.3498494122201608,-0.32711726823915654,-1.420058552418844,1.2360267639160156,-1.386045281087057,-1.5710623900042933,2.737901210784912,0.0,0.0,-0.0,0.0,0.0,0.0,-0.32707482475319477,-1.4200477545975012,1.2360154929564013,-1.386035720577909,-1.571079667345977,2.7379194404266136,-2.4677797488473016e-05,0.00012751250642562857,-0.00012930872630451286,0.0002359323402833369,-8.791098153132092e-05,4.478014931510058e-05,0.00027123255564491224,-8.03417073037984,-6.268692300718062,-0.9626666718429799,-5.429316200753482e-05,-2.736684043852112e-07,28.0,28.0,14.0,6.0,6.0,6.0
0.14155897699017084,1.0,1.2788887892989014e-05,7.152903197327613e-05,0.3500434529559932,-0.00014770837097220023,0.3498429502841447,0.3500434529559932,-0.00014770837097220023,0.3498429502841447,0.3500426864548619,-0.00014327489017229532,0.3498549215989243,-0.3270815054522913,-1.420058552418844,1.2360148429870605,-1.3860686461078089,-1.5710862318622034,2.7379250526428223,0.0,0.0,-0.0,0.0,0.0,0.0,-0.327074929740626,-1.4200472206635255,1.2360149416382988,-1.3860346763642117,-1.5710799978813832,2.7379195966010563,-2.6246857819022225e-05,0.0001334834939041036,-0.00013782952561161962,0.00026105342433340557,-8.263385155882726e-05,3.9043610704837095e-05,-0.000577660213778587,-8.03353173794467,-6.268524375450975,-0.9626257903333967,-6.708273436177809e-05,-4.757076317700238e-10,28.0,28.0,14.0,6.0,6.0,6.0
0.14670201501646085,1.0,1.2788887892989014e-05,7.152903197327613e-05,0.3500434529559932,-0.00014770837097220023,0.3498429502841447,0.3500434529559932,-0.00014770837097220023,0.3498429502841447,0.3500426864548619,-0.00014327489017229532,0.3498549215989243,-0.3270815054522913,-1.420058552418844,1.2360148429870605,-1.3860686461078089,-1.5710862318622034,2.7379250526428223,0.0,0.0,-0.0,0.0,0.0,0.0,-0.32707504062772413,-1.420046664278637,1.236014358281991,-1.3860335376952384,-1.5710803085747806,2.737919731206114,-2.7721774529738483e-05,0.00013909622213387012,-0.00014583907696029996,0.00028466724334047007,-7.767334938468321e-05,3.3651264411189416e-05,-0.000577660213778587,-8.03353173794467,-6.268524375450975,-0.9626257903333967,-6.708273436177809e-05,-4.757076317700238e-10,28.0,28.0,14.0,6.0,6.0,6.0
0.15070201501646086,1.0,2.0514702230135342e-05,5.471902797179542e-05,0.3500434529559932,-0.00014770837097220023,0.3498429502841447,0.3500434529559932,-0.00014770837097220023,0.3498429502841447,0.3500396104188147,-0.0001276493102007764,0.34984487953181964,-0.3270457426654261,-1.420058552418844,1.2360386848449707,-1.3860333601581019,-1.5710623900042933,2.737913131713867,0.0,0.0,-0.0,0.0,0.0,0.0,-0.32707518757776116,-1.4200461091086105,1.2360137712962538,-1.3860324354869078,-1.5710806494154386,2.7379199126746343,-3.67375092635289e-05,0.00013879250662006791,-0.00014674643427754286,0.0002755520826483696,-8.521016450347733e-05,4.5367130107422294e-05,-0.0010418887526501511,-8.03394017138863,-6.268800646208568,-0.962713913573205,-8.708422347358872e-05,1.0936705985452055e-06,28.0,28.0,14.0,6.0,6.0,6.0
0.15530605601076974,1.0,2.0514702230135342e-05,5.471902797179542e-05,0.3500434529559932,-0.00014770837097220023,0.3498429502841447,0.3500434529559932,-0.00014770837097220023,0.3498429502841447,0.3500396104188147,-0.0001276493102007764,0.34984487953181964,-0.3270457426654261,-1.420058552418844,1.2360386848449707,-1.3860333601581019,-1.5710623900042933,2.737913131713867,0.0,0.0,-0.0,0.0,0.0,0.0,-0.32707536842696083,-1.4200455550805544,1.2360131808988533,-1.3860313675515814,-1.5710810185945214,2.7379201381948097,-4.5212299913291894e-05,0.00013850701403709384,-0.0001475993501557512,0.0002669838315977951,-9.229477071514381e-05,5.63800438618812e-05,-0.0010418887526501511,-8.03394017138863,-6.268800646208568,-0.962713913573205,-8.708422347358872e-05,1.0936705985452055e-06,28.0,28.0,14.0,6.0,6.0,6.0
0.15930605601076975,1.0,2.0514702230135342e-05,5.471902797179542e-05,0.3500434529559932,-0.00014770837097220023,0.3498429502841447,0.3500434529559932,-0.00014770837097220023,0.3498429502841447,0.3500396104188147,-0.0001276493102007764,0.34984487953181964,-0.3270457426654261,-1.420058552418844,1.2360386848449707,-1.3860333601581019,-1.5710623900042933,2.737913131713867,0.0,0.0,-0.0,0.0,0.0,0.0,-0.3270755811413733,-1.4200450021259503,1.236012587294489,-1.386030331832879,-1.5710814144117236,2.737920405123541,-5.317860312406911e-05,0.0001382386510090982,-0.00014840109108126703,0.0002589296756102551,-9.89543005541103e-05,6.673218279107257e-05,-0.0010418887526501511,-8.03394017138863,-6.268800646208568,-0.962713913573205,-8.708422347358872e-05,1.0936705985452055e-06,28.0,28.0,14.0,6.0,6.0,6.0
0.16438498400291435,1.0,2.661478724956499e-05,8.863267299220861e-05,0.3500434529559932,-0.00014770837097220023,0.3498429502841447,0.3500434529559932,-0.00014770837097220023,0.3498429502841447,0.3500333107828481,-0.00014533955554899662,0.3498674425673728,-0.3270934263812464,-1.4200947920428675,1.2360029220581055,-1.3860333601581019,-1.5710986296283167,2.737889051437378,0.0,0.0,-0.0,0.0,0.0,0.0,-0.3270757842566017,-1.420044387136663,1.236011966690847,-1.3860292180192133,-1.5710817610927243,2.737920702190341,-5.077880709731679e-05,0.0001537473218453237,-0.0001551509105215875,0.0002784534164364434,-8.667025018021938e-05,7.4266699998406e-05,-0.0006990054944530177,-8.031833789473163,-6.26797116331088,-0.9625555212017647,-5.974506956420509e-05,5.517705101425657e-07,28.0,28.0,14.0,6.0,6.0,6.0
0.16838498400291435,1.0,2.661478724956499e-05,8.863267299220861e-05,0.3500434529559932,-0.00014770837097220023,0.3498429502841447,0.3500434529559932,-0.00014770837097220023,0.3498429502841447,0.3500333107828481,-0.00014533955554899662,0.3498674425673728,-0.3270934263812464,-1.4200947920428675,1.2360029220581055,-1.3860333601581019,-1.5710986296283167,2.737889051437378,0.0,0.0,-0.0,0.0,0.0,0.0,-0.32707597834859703,-1.4200437138347732,1.2360113207078838,-1.386028030796282,-1.5710820615856957,2.7379210275869257,-4.852299883216961e-05,0.0001683254724313757,-0.00016149574079548872,0.00029680573281306037,-7.512324282876192e-05,8.134914617329941e-05,-0.0006990054944530177,-8.031833789473163,-6.26797116331088,-0.9625555212017647,-5.974506956420509e-05,5.517705101425657e-07,28.0,28.0,14.0,6.0,6.0,6.0
0.17295578201999895,1.0,2.661478724956499e-05,8.863267299220861e-05,0.3500434529559932,-0.00014770837097220023,0.3498429502841447,0.3500434529559932,-0.00014770837097220023,0.3498429502841447,0.3500333107828481,-0.00014533955554899662,0.3498674425673728,-0.3270934263812464,-1.4200947920428675,1.2360029220581055,-1.3860333601581019,-1.5710986296283167,2.737889051437378,0.0,0.0,-0.0,0.0,0.0,0.0,-0.3270761639587533,-1.4200429857190373,1.2360106508683588,-1.3860267745686412,-1.5710823186619194,2.737921379613508,-4.640253906293126e-05,0.00018202893398226456,-0.0001674598812529559,0.00031405691020708034,-6.42690559183919e-05,8.800664557769922e-05,-0.0006990054944530177,-8.031833789473163,-6.26797116331088,-0.9625555212017647,-5.974506956420509e-05,5.517705101425657e-07,28.0,28.0,14.0,6.0,6.0,6.0
0.17695578201999895,1.0,5.028300758509842e-06,1.720333735694578e-05,0.3500434529559932,-0.00014770837097220023,0.3498429502841447,0.3500434529559932,-0.00014770837097220023,0.3498429502841447,0.3500453630128694,-0.0001452551804333698,0.34983899840517035,-0.3270815054522913,-1.4200227896319788,1.2360148429870605,-1.3860209623919886,-1.5710986296283167,2.7379250526428223,0.0,0.0,-0.0,0.0,0.0,0.0,-0.3270763537365792,-1.4200423199683072,1.2360100338058726,-1.3860256120328536,-1.5710825349172235,2.7379216952140633,-4.744445647908939e-05,0.00016643768253105654,-0.00015426562153074674,0.0002906339468887717,-5.406382604742368e-05,7.890013885086526e-05,-0.0001479176254212307,-8.035629073784625,-6.269054559988692,-0.9627414287096359,-6.520384687075014e-05,8.087461520193146e-11,28.0,28.0,14.0,6.0,6.0,6.0
0.1819219250148163,1.0,5.028300758509842e-06,1.720333735694578e-05,0.3500434529559932,-0.00014770837097220023,0.3498429502841447,0.3500434529559932,-0.00014770837097220023,0.3498429502841447,0.3500453630128694,-0.0001452551804333698,0.34983899840517035,-0.3270815054522913,-1.4200227896319788,1.2360148429870605,-1.3860209623919886,-1.5710986296283167,2.7379250526428223,0.0,0.0,-0.0,0.0,0.0,0.0,-0.3270765474320146,-1.4200417128406826,1.236009466353803,-1.386024537567408,-1.5710827128008633,2.737921976574153,-4.842385885027803e-05,0.00015178190616692102,-0.0001418630173918701,0.0002686163613695616,-4.447090996871355e-05,7.034002252764133e-05,-0.0001479176254212307,-8.035629073784625,-6.269054559988692,-0.9627414287096359,-6.520384687075014e-05,8.087461520193146e-11,28.0,28.0,14.0,6.0,6.0,6.0
0.1859219250148163,1.0,5.028300758509842e-06,1.720333735694578e-05,0.3500434529559932,-0.00014770837097220023,0.3498429502841447,0.3500434529559932,-0.00014770837097220023,0.3498429502841447,0.3500453630128694,-0.0001452551804333698,0.34983899840517035,-0.3270815054522913,-1.4200227896319788,1.2360148429870605,-1.3860209623919886,-1.5710986296283167,2.7379250526428223,0.0,0.0,-0.0,0.0,0.0,0.0,-0.32707674481000293,-1.420041160818777,1.236008945535525,-1.386023545888084,-1.5710828546151387,2.737922225748206,-4.934449707919535e-05,0.0001380054763846336,-0.0001302045695013261,0.00024791983098150413,-3.5453568854726034e-05,6.229351318381083e-05,-0.0001479176254212307,-8.035629073784625,-6.269054559988692,-0.9627414287096359,-6.520384687075014e-05,8.087461520193146e-11,28.0,28.0,14.0,6.0,6.0,6.0
0.19112669901759372,1.0,1.4864762300208177e-05,5.0569105437622266e-05,0.3500434529559932,-0.00014770837097220023,0.3498429502841447,0.3500434529559932,-0.00014770837097220023,0.3498429502841447,0.3500415370620109,-0.000133507202070883,0.3498469021584249,-0.32705766359438115,-1.420046631489889,1.2360148429870605,-1.3860209623919886,-1.5710743109332483,2.737901210784912,0.0,0.0,-0.0,0.0,0.0,0.0,-0.32707696388562907,-1.420040623443458,1.23600844364386,-1.386022595442319,-1.5710830123065338,2.7379225240875917,-5.476890653618619e-05,0.00013434382976866574,-0.00012547291621774437,0.0002376114412399918,-3.9422848739334506e-05,7.458484635506396e-05,-0.0007709952180593789,-8.034260879998529,-6.268729054560114,-0.9626962850390699,-7.981398595098226e-05,1.093672094979935e-06,28.0,28.0,14.0,6.0,6.0,6.0
0.19512669901759372,1.0,1.4864762300208177e-05,5.0569105437622266e-05,0.3500434529559932,-0.00014770837097220023,0.3498429502841447,0.3500434529559932,-0.00014770837097220023,0.3498429502841447,0.3500415370620109,-0.000133507202070883,0.3498469021584249,-0.32705766359438115,-1.420046631489889,1.2360148429870605,-1.3860209623919886,-1.5710743109332483,2.737901210784912,0.0,0.0,-0.0,0.0,0.0,0.0,-0.3270772033570348,-1.4200400998359302,1.2360079595432116,-1.3860216837560995,-1.5710831849224212,2.7379228686423898,-5.986785142575757e-05,0.00013090188194965594,-0.00012102516213117756,0.0002279215548829702,-4.315397183086647e-05,8.61386995360419e-05,-0.0007709952180593789,-8.034260879998529,-6.268729054560114,-0.9626962850390699,-7.981398595098226e-05,1.093672094979935e-06,28.0,28.0,14.0,6.0,6.0,6.0
0.19986726902006202,1.0,1.4864762300208177e-05,5.0569105437622266e-05,0.3500434529559932,-0.00014770837097220023,0.3498429502841447,0.3500434529559932,-0.00014770837097220023,0.3498429502841447,0.3500415370620109,-0.000133507202070883,0.3498469021584249,-0.32705766359438115,-1.420046631489889,1.2360148429870605,-1.3860209623919886,-1.5710743109332483,2.737901210784912,0.0,0.0,-0.0,0.0,0.0,0.0,-0.3270774620004733,-1.420039589170126,1.2360074921661184,-1.3860208085038526,-1.5710833715673314,2.737923256639676,-6.466085962195467e-05,0.00012766645099978672,-0.00011684427328980475,0.00021881306170736992,-4.666122753690652e-05,9.699932152616115e-05,-0.0007709952180593789,-8.034260879998529,-6.268729054560114,-0.9626962850390699,-7.981398595098226e-05,1.093672094979935e-06,28.0,28.0,14.0,6.0,6.0,6.0
0.20386726902006203,1.0,5.7140802265182776e-06,6.463914873803681e-05,0.3500434529559932,-0.00014770837097220023,0.3498429502841447,0.3500434529559932,-0.00014770837097220023,0.3498429502841447,0.35003915264502106,-0.00015144553246475816,0.3498433880767399,-0.3270934263812464,-1.420046631489889,1.2360267639160156,-1.3860209623919886,-1.571146313344137,2.7379369735717773,0.0,0.0,-0.0,0.0,0.0,0.0,-0.3270777202960108,-1.4200391043302247,1.236007049312194,-1.386019987070259,-1.5710834239787261,2.7379235573582967,-6.457388437484081e-05,0.00012120997533722006,-0.00011071348108577176,0.0002053583984001891,-1.3102848684634834e-05,7.517965520009435e-05,-0.00026387238418478165,-8.034766695619345,-6.268872501677217,-0.9627163985786349,-5.2530659806443646e-05,-5.468749997294006e-07,28.0,28.0,14.0,6.0,6.0,6.0
0.20870637801499115,1.0,5.7140802265182776e-06,6.463914873803681e-05,0.3500434529559932,-0.00014770837097220023,0.3498429502841447,0.3500434529559932,-0.00014770837097220023,0.3498429502841447,0.35003915264502106,-0.00015144553246475816,0.3498433880767399,-0.3270934263812464,-1.420046631489889,1.2360267639160156,-1.3860209623919886,-1.571146313344137,2.7379369735717773,0.0,0.0,-0.0,0.0,0.0,0.0,-0.32707797826452134,-1.4200386437666719,1.2360066295100482,-1.3860192162261995,-1.5710833502106163,2.737923776034972,-6.449212764255377e-05,0.0001151408882144074,-0.00010495053641398076,0.00019271101489143913,1.844202743650055e-05,5.4669168853591565e-05,-0.00026387238418478165,-8.034766695619345,-6.268872501677217,-0.9627163985786349,-5.2530659806443646e-05,-5.468749997294006e-07,28.0,28.0,14.0,6.0,6.0,6.0
0.21270637801499115,1.0,5.7140802265182776e-06,6.463914873803681e-05,0.3500434529559932,-0.00014770837097220023,0.3498429502841447,0.3500434529559932,-0.00014770837097220023,0.3498429502841447,0.35003915264502106,-0.00015144553246475816,0.3498433880767399,-0.3270934263812464,-1.420046631489889,1.2360267639160156,-1.3860209623919886,-1.571146313344137,2.7379369735717773,0.0,0.0,-0.0,0.0,0.0,0.0,-0.32707823592562657,-1.4200382060228867,1.2360062313765745,-1.386018492936302,-1.5710831578337723,2.737923917592219,-6.441527631420397e-05,0.00010943594631896351,-9.95333684224972e-05,0.00018082247439321416,4.8094210990367814e-05,3.538931168787894e-05,-0.00026387238418478165,-8.034766695619345,-6.268872501677217,-0.9627163985786349,-5.2530659806443646e-05,-5.468749997294006e-07,28.0,28.0,14.0,6.0,6.0,6.0
0.2178197350236588,1.0,1.0631030475009022e-05,6.886731208424375e-05,0.3500434529559932,-0.00014770837097220023,0.3498429502841447,0.3500434529559932,-0.00014770837097220023,0.3498429502841447,0.35004368691289073,-0.00013737068052235068,0.3498404812298128,-0.32705766359438115,-1.4200227896319788,1.2360029220581055,-1.3859971205340784,-1.5711105505572718,2.737889051437378,0.0,0.0,-0.0,0.0,0.0,0.0,-0.3270785208022196,-1.4200378197994372,1.2360058945889612,-1.3860178740636788,-1.5710829271737994,2.73792413053887,-7.121914826516017e-05,9.655586235369099e-05,-8.419690331709082e-05,0.00015471815577868716,5.766499320993007e-05,5.323666279532606e-05,-0.0006224979311883068,-8.03538989051444,-6.268949220976626,-0.9627406974835989,-7.433040426993171e-05,1.3728211612657433e-06,28.0,28.0,14.0,6.0,6.0,6.0
0.22181973502365882,1.0,1.0631030475009022e-05,6.886731208424375e-05,0.3500434529559932,-0.00014770837097220023,0.3498429502841447,0.3500434529559932,-0.00014770837097220023,0.3498429502841447,0.35004368691289073,-0.00013737068052235068,0.3498404812298128,-0.32705766359438115,-1.4200227896319788,1.2360029220581055,-1.3859971205340784,-1.5711105505572718,2.737889051437378,0.0,0.0,-0.0,0.0,0.0,0.0,-0.3270788312613712,-1.4200374820051036,1.2360056154664567,-1.3860173533432938,-1.5710826605276853,2.737924410591561,-7.7614787899059e-05,8.444858342633482e-05,-6.978062611800883e-05,0.0001301800962810318,6.666152849631858e-05,7.001317283632636e-05,-0.0006224979311883068,-8.03538989051444,-6.268949220976626,-0.9627406974835989,-7.433040426993171e-05,1.3728211612657433e-06,28.0,28.0,14.0,6.0,6.0,6.0
0.22649975703889513,1.0,1.0631030475009022e-05,6.886731208424375e-05,0.3500434529559932,-0.00014770837097220023,0.3498429502841447,0.3500434529559932,-0.00014770837097220023,0.3498429502841447,0.35004368691289073,-0.00013737068052235068,0.3498404812298128,-0.32705766359438115,-1.4200227896319788,1.2360029220581055,-1.3859971205340784,-1.5711105505572718,2.737889051437378,0.0,0.0,-0.0,0.0,0.0,0.0,-0.32707916576812784,-1.4200371897341386,1.2360053905491546,-1.3860169248860124,-1.5710823600545987,2.7379247537239304,-8.362668915492391e-05,7.306774123462003e-05,-5.622932555087174e-05,0.00010711432035323574,7.511827166552378e-05,8.578309227486664e-05,-0.0006224979311883068,-8.03538989051444,-6.268949220976626,-0.9627406974835989,-7.433040426993171e-05,1.3728211612657433e-06,28.0,28.0,14.0,6.0,6.0,6.0
0.23049975703889514,1.0,1.3991364833291485e-05,6.218281169977462e-05,0.3500434529559932,-0.00014770837097220023,0.3498429502841447,0.3500434529559932,-0.00014770837097220023,0.3498429502841447,0.350040405116761,-0.0001352263877100039,0.34983741231883647,-0.32705766359438115,-1.420046631489889,1.2360506057739258,-1.3860333601581019,-1.5710986296283167,2.737889051437378,0.0,0.0,-0.0,0.0,0.0,0.0,-0.32707951987913175,-1.4200369093782808,1.2360051550944915,-1.386016527157212,-1.571082052195795,2.7379251591521436,-8.852775098205828e-05,7.008896444365274e-05,-5.886366579502205e-05,9.943220008220293e-05,7.696470087149173e-05,0.00010135705331366755,-0.0007687551789174124,-8.034852667871723,-6.26908921630551,-0.962762103106596,-7.613810440513266e-05,1.372733702691065e-06,28.0,28.0,14.0,6.0,6.0,6.0
0.23558343401947068,1.0,1.3991364833291485e-05,6.218281169977462e-05,0.3500434529559932,-0.00014770837097220023,0.3498429502841447,0.3500434529559932,-0.00014770837097220023,0.3498429502841447,0.350040405116761,-0.0001352263877100039,0.34983741231883647,-0.32705766359438115,-1.420046631489889,1.2360506057739258,-1.3860333601581019,-1.5710986296283167,2.737889051437378,0.0,0.0,-0.0,0.0,0.0,0.0,-0.3270798924181281,-1.4200366402226237,1.236004909734709,-1.3860161583131838,-1.5710817373944177,2.7379256231384503,-9.313474909956458e-05,6.72889142601435e-05,-6.133994562452334e-05,9.221100702743209e-05,7.870034432510161e-05,0.0001159965766901404,-0.0007687551789174124,-8.034852667871723,-6.26908921630551,-0.962762103106596,-7.613810440513266e-05,1.372733702691065e-06,28.0,28.0,14.0,6.0,6.0,6.0
0.2395834340194707,1.0,2.574068625234301e-06,5.068741634065984e-05,0.3500434529559932,-0.00014770837097220023,0.3498429502841447,0.3500434529559932,-0.00014770837097220023,0.3498429502841447,0.35004200959372966,-0.0001461876795402634,0.3498444436133892,-0.3270934263812464,-1.420046631489889,1.2360267639160156,-1.3860333601581019,-1.5710743109332483,2.737865447998047,0.0,0.0,-0.0,0.0,0.0,0.0,-0.3270802396009242,-1.420036368427671,1.2360046540131302,-1.3860157799173742,-1.5710814658932764,2.7379261599455362,-8.679569901120914e-05,6.79487381752115e-05,-6.393039467504259e-05,9.459895237241069e-05,6.78752853334092e-05,0.00013420177144337942,-7.780752131517287e-05,-8.034667662717041,-6.26885413932106,-0.9627053596849733,-6.341924636276047e-05,1.0936692528006025e-06,28.0,28.0,14.0,6.0,6.0,6.0
0.24425989500642764,1.0,2.574068625234301e-06,5.068741634065984e-05,0.3500434529559932,-0.00014770837097220023,0.3498429502841447,0.3500434529559932,-0.00014770837097220023,0.3498429502841447,0.35004200959372966,-0.0001461876795402634,0.3498444436133892,-0.3270934263812464,-1.420046631489889,1.2360267639160156,-1.3860333601581019,-1.5710743109332483,2.737865447998047,0.0,0.0,-0.0,0.0,0.0,0.0,-0.32708056294889193,-1.4200360941517802,1.236004388551463,-1.3860153925428902,-1.5710812350943568,2.737926765204154,-8.083699192815503e-05,6.856897265537543e-05,-6.636541678253068e-05,9.684362099669056e-05,5.7699729881218335e-05,0.00015131465451142408,-7.780752131517287e-05,-8.034667662717041,-6.26885413932106,-0.9627053596849733,-6.341924636276047e-05,1.0936692528006025e-06,28.0,28.0,14.0,6.0,6.0,6.0
0.24825989500642764,1.0,2.574068625234301e-06,5.068741634065984e-05,0.3500434529559932,-0.00014770837097220023,0.3498429502841447,0.3500434529559932,-0.00014770837097220023,0.3498429502841447,0.35004200959372966,-0.0001461876795402634,0.3498444436133892,-0.3270934263812464,-1.420046631489889,1.2360267639160156,-1.3860333601581019,-1.5710743109332483,2.737865447998047,0.0,0.0,-0.0,0.0,0.0,0.0,-0.327080863892121,-1.420035817543808,1.236004113934113,-1.386014996728452,-1.5710810425555257,2.7379274348072125,-7.523580727008417e-05,6.915199306672952e-05,-6.865433756356949e-05,9.895360950351365e-05,4.813470775615892e-05,0.00016740076459538606,-7.780752131517287e-05,-8.034667662717041,-6.26885413932106,-0.9627053596849733,-6.341924636276047e-05,1.0936692528006025e-06,28.0,28.0,14.0,6.0,6.0,6.0
0.25309544300218123,1.0,2.574068625234301e-06,5.068741634065984e-05,0.3500434529559932,-0.00014770837097220023,0.3498429502841447,0.3500434529559932,-0.00014770837097220023,0.3498429502841447,0.35004200959372966,-0.0001461876795402634,0.3498444436133892,-0.3270934263812464,-1.420046631489889,1.2360267639160156,-1.3860333601581019,-1.5710743109332483,2.737865447998047,0.0,0.0,-0.0,0.0,0.0,0.0,-0.3270811437748958,-1.420035538743679,1.2360038307104204,-1.3860145929804573,-1.5710808859811778,2.737928164894045,-6.997069369149756e-05,6.970003225340237e-05,-7.080592309774597e-05,0.00010093699869992735,3.9143586958603074e-05,0.00018252170807431034,-7.780752131517287e-05,-8.034667662717041,-6.26885413932106,-0.9627053596849733,-6.341924636276047e-05,1.0936692528006025e-06,28.0,28.0,14.0,6.0,6.0,6.0
0.25709544300218123,1.0,6.735068136921161e-06,2.9778813985748147e-05,0.3500434529559932,-0.00014770837097220023,0.3498429502841447,0.3500434529559932,-0.00014770837097220023,0.3498429502841447,0.3500442140085139,-0.000154243261842088,0.34984150905439604,-0.32710534731020147,-1.4200347105609339,1.2360267639160156,-1.386045281087057,-1.5711105505572718,2.737913131713867,0.0,0.0,-0.0,0.0,0.0,0.0,-0.3270814008232884,-1.4200352743131728,1.236003544368408,-1.386014170318797,-1.5710806890099975,2.737928832803333,-6.426209815983169e-05,6.610762652594577e-05,-7.158550307417952e-05,0.0001056654150820329,4.924279507410525e-05,0.00016697732213244464,0.00013418357701330214,-8.035278086227205,-6.269003315269559,-0.9627173326770438,-5.2472941573116643e-05,-2.7352331040837006e-07,28.0,28.0,14.0,6.0,6.0,6.0
0.26233583299210306,1.0,6.735068136921161e-06,2.9778813985748147e-05,0.3500434529559932,-0.00014770837097220023,0.3498429502841447,0.3500434529559932,-0.00014770837097220023,0.3498429502841447,0.3500442140085139,-0.000154243261842088,0.34984150905439604,-0.32710534731020147,-1.4200347105609339,1.2360267639160156,-1.386045281087057,-1.5711105505572718,2.737913131713867,0.0,0.0,-0.0,0.0,0.0,0.0,-0.3270816364073618,-1.4200350233901122,1.2360032550951752,-1.386013729878291,-1.5710804540657948,2.7379294422657305,-5.889601836006577e-05,6.273076514213657e-05,-7.231830825202706e-05,0.00011011012648121212,5.873605070267729e-05,0.0001523655993470909,0.00013418357701330214,-8.035278086227205,-6.269003315269559,-0.9627173326770438,-5.2472941573116643e-05,-2.7352331040837006e-07,28.0,28.0,14.0,6.0,6.0,6.0
0.26633583299210306,1.0,6.751748817232923e-06,3.8149958594707e-05,0.3500434529559932,-0.00014770837097220023,0.3498429502841447,0.3500434529559932,-0.00014770837097220023,0.3498429502841447,0.3500420266841709,-0.00015035866445298874,0.3498369064604175,-0.3270934263812464,-1.420046631489889,1.2360625267028809,-1.3860686461078089,-1.5711224714862269,2.737913131713867,0.0,0.0,-0.0,0.0,0.0,0.0,-0.3270818670078623,-1.4200347747568725,1.2360029288376062,-1.3860132498815079,-1.5710801590066321,2.737930006009356,-5.7650125117940116e-05,6.21583099172988e-05,-8.156439224893881e-05,0.0001199991958288522,7.376479067067637e-05,0.0001409359063437309,-0.00019950616317432305,-8.035112817786153,-6.2691872546463925,-0.96275082470443,-5.613866247186664e-05,-8.422572192901762e-11,28.0,28.0,14.0,6.0,6.0,6.0
0.27095886900881316,1.0,6.751748817232923e-06,3.8149958594707e-05,0.3500434529559932,-0.00014770837097220023,0.3498429502841447,0.3500434529559932,-0.00014770837097220023,0.3498429502841447,0.3500420266841709,-0.00015035866445298874,0.3498369064604175,-0.3270934263812464,-1.420046631489889,1.2360625267028809,-1.3860686461078089,-1.5711224714862269,2.737913131713867,0.0,0.0,-0.0,0.0,0.0,0.0,-0.3270820929238042,-1.4200345282760645,1.2360025678147615,-1.386012732701824,-1.5710798074394072,2.737930526777336,-5.6478985470342e-05,6.16202020059513e-05,-9.025571120603585e-05,0.0001292949210156339,8.789180624059551e-05,0.0001301919949205725,-0.00019950616317432305,-8.035112817786153,-6.2691872546463925,-0.96275082470443,-5.613866247186664e-05,-8.422572192901762e-11,28.0,28.0,14.0,6.0,6.0,6.0
0.27495886900881317,1.0,6.751748817232923e-06,3.8149958594707e-05,0.3500434529559932,-0.00014770837097220023,0.3498429502841447,0.3500434529559932,-0.00014770837097220023,0.3498429502841447,0.3500420266841709,-0.00015035866445298874,0.3498369064604175,-0.3270934263812464,-1.420046631489889,1.2360625267028809,-1.3860686461078089,-1.5711224714862269,2.737913131713867,0.0,0.0,-0.0,0.0,0.0,0.0,-0.327082314436261,-1.4200342838185422,1.2360021741125573,-1.3860121805702132,-1.5710794027546038,2.737931007148209,-5.537811420159977e-05,6.111438056928465e-05,-9.842555102570706e-05,0.00013803290269120868,0.00010117120087631951,0.00012009271818280362,-0.00019950616317432305,-8.035112817786153,-6.2691872546463925,-0.96275082470443,-5.613866247186664e-05,-8.422572192901762e-11,28.0,28.0,14.0,6.0,6.0,6.0
0.2800544180239086,1.0,3.8417870387199856e-05,0.0001206520383510398,0.3500434529559932,-0.00014770837097220023,0.3498429502841447,0.3500434529559932,-0.00014770837097220023,0.3498429502841447,0.3500329610969642,-0.00012539367846906835,0.34987241056516327,-0.3270457426654261,-1.4201067129718226,1.2360029220581055,-1.386045281087057,-1.5710623900042933,2.737913131713867,0.0,0.0,-0.0,0.0,0.0,0.0,-0.32708256540717434,-1.4200339323790752,1.2360017147904274,-1.3860114723025907,-1.571079071139523,2.737931513601213,-6.274272833180625e-05,8.785986675686188e-05,-0.00011483053246040981,0.00017706690562718208,8.290377015691341e-05,0.00012661325101278212,-0.0016531937118701475,-8.03079859600822,-6.267777188607395,-0.9625278476584744,-8.708895093171258e-05,1.0930595042379015e-06,28.0,28.0,14.0,6.0,6.0,6.0
0.28405441802390863,1.0,3.8417870387199856e-05,0.0001206520383510398,0.3500434529559932,-0.00014770837097220023,0.3498429502841447,0.3500434529559932,-0.00014770837097220023,0.3498429502841447,0.3500329610969642,-0.00012539367846906835,0.34987241056516327,-0.3270457426654261,-1.4201067129718226,1.2360029220581055,-1.386045281087057,-1.5710623900042933,2.737913131713867,0.0,0.0,-0.0,0.0,0.0,0.0,-0.3270828440690368,-1.4200334803765802,1.2360011937855673,-1.3860106172671172,-1.571078808209982,2.73793204457142,-6.966546561420033e-05,0.00011300062377318448,-0.0001302512150090304,0.00021375886838699709,6.573238528067168e-05,0.00013274255187296192,-0.0016531937118701475,-8.03079859600822,-6.267777188607395,-0.9625278476584744,-8.708895093171258e-05,1.0930595042379015e-06,28.0,28.0,14.0,6.0,6.0,6.0
0.28919983002054517,1.0,3.8417870387199856e-05,0.0001206520383510398,0.3500434529559932,-0.00014770837097220023,0.3498429502841447,0.3500434529559932,-0.00014770837097220023,0.3498429502841447,0.3500329610969642,-0.00012539367846906835,0.34987241056516327,-0.3270457426654261,-1.4201067129718226,1.2360029220581055,-1.386045281087057,-1.5710623900042933,2.737913131713867,0.0,0.0,-0.0,0.0,0.0,0.0,-0.32708314876039146,-1.4200329338448388,1.2360006147989409,-1.3860096242698636,-1.571078609844848,2.7379325985877987,-7.617283865965077e-05,0.00013663293536852772,-0.00014474665660473376,0.0002482493133812232,4.959128349700445e-05,0.00013850409468153094,-0.0016531937118701475,-8.03079859600822,-6.267777188607395,-0.9625278476584744,-8.708895093171258e-05,1.0930595042379015e-06,28.0,28.0,14.0,6.0,6.0,6.0
0.29319983002054517,1.0,1.82491944376805e-05,6.125269806026369e-05,0.3500434529559932,-0.00014770837097220023,0.3498429502841447,0.3500434529559932,-0.00014770837097220023,0.3498429502841447,0.35003819769305916,-0.00014175200046511992,0.34985938004249656,-0.3270815054522913,-1.4200704733477991,1.2360029220581055,-1.3860333601581019,-1.5710862318622034,2.737913131713867,0.0,0.0,-0.0,0.0,0.0,0.0,-0.32708344737336353,-1.420032358396625,1.2360000282064487,-1.3860085871767132,-1.5710784233725044,2.7379331315741524,-7.465324301611497e-05,0.0001438620534508878,-0.00014664812305514483,0.00025927328763375733,4.66180859140863e-05,0.00013324658838247277,-0.0006487757043226882,-8.032950875480177,-6.268285837062125,-0.9626071524423384,-6.708290999639614e-05,2.730378910074252e-07,28.0,28.0,14.0,6.0,6.0,6.0
0.2977635040311144,1.0,1.82491944376805e-05,6.125269806026369e-05,0.3500434529559932,-0.00014770837097220023,0.3498429502841447,0.3500434529559932,-0.00014770837097220023,0.3498429502841447,0.35003819769305916,-0.00014175200046511992,0.34985938004249656,-0.3270815054522913,-1.4200704733477991,1.2360029220581055,-1.3860333601581019,-1.5710862318622034,2.737913131713867,0.0,0.0,-0.0,0.0,0.0,0.0,-0.32708374027265597,-1.4200317557669273,1.2359994344644427,-1.3860075086334194,-1.5710782480793837,2.737933644792282,-7.322482311119131e-05,0.0001506574244483063,-0.00014843550151853125,0.0002696358234311394,4.382328018614323e-05,0.00012830453246135808,-0.0006487757043226882,-8.032950875480177,-6.268285837062125,-0.9626071524423384,-6.708290999639614e-05,2.730378910074252e-07,28.0,28.0,14.0,6.0,6.0,6.0
0.3017635040311144,1.0,1.82491944376805e-05,6.125269806026369e-05,0.3500434529559932,-0.00014770837097220023,0.3498429502841447,0.3500434529559932,-0.00014770837097220023,0.3498429502841447,0.35003819769305916,-0.00014175200046511992,0.34985938004249656,-0.3270815054522913,-1.4200704733477991,1.2360029220581055,-1.3860333601581019,-1.5710862318622034,2.737913131713867,0.0,0.0,-0.0,0.0,0.0,0.0,-0.3270840278010896,-1.4200311275866346,1.2359988340018937,-1.386006391126991,-1.5710780832947324,2.737934139428282,-7.188210840056308e-05,0.0001570450731858797,-0.00015011563727411448,0.00027937660708067855,4.119616280187675e-05,0.0001236589998955103,-0.0006487757043226882,-8.032950875480177,-6.268285837062125,-0.9626071524423384,-6.708290999639614e-05,2.730378910074252e-07,28.0,28.0,14.0,6.0,6.0,6.0
0.30696352904546087,1.0,1.59335160940381e-05,2.6654149844036755e-05,0.3500434529559932,-0.00014770837097220023,0.3498429502841447,0.3500434529559932,-0.00014770837097220023,0.3498429502841447,0.35003658143424976,-0.00013599935458213761,0.349851290431579,-0.32706958452333623,-1.4200704733477991,1.2360267639160156,-1.3860209623919886,-1.5710743109332483,2.7379369735717773,0.0,0.0,-0.0,0.0,0.0,0.0,-0.32708431944774496,-1.420030489360714,1.2359982343678766,-1.3860053043820915,-1.5710779527907526,2.7379345830158934,-7.291166383921589e-05,0.00015955648014161187,-0.00014990850429500344,0.0002716862249165307,3.2625994973401074e-05,0.00011089690282822177,-0.0007428885451847756,-8.033387477275967,-6.268544902345944,-0.9626712447522539,-7.435162924258513e-05,-1.5545532828129558e-10,28.0,28.0,14.0,6.0,6.0,6.0
0.3109635290454609,1.0,1.59335160940381e-05,2.6654149844036755e-05,0.3500434529559932,-0.00014770837097220023,0.3498429502841447,0.3500434529559932,-0.00014770837097220023,0.3498429502841447,0.35003658143424976,-0.00013599935458213761,0.349851290431579,-0.32706958452333623,-1.4200704733477991,1.2360267639160156,-1.3860209623919886,-1.5710743109332483,2.7379369735717773,0.0,0.0,-0.0,0.0,0.0,0.0,-0.32708461496552876,-1.4200298416919033,1.2359976355126794,-1.3860042465530287,-1.5710778545106037,2.7379349786180196,-7.387944595154955e-05,0.00016191720268000012,-0.00014971379929463907,0.0002644572656822317,2.4570037214633932e-05,9.890053158497057e-05,-0.0007428885451847756,-8.033387477275967,-6.268544902345944,-0.9626712447522539,-7.435162924258513e-05,-1.5545532828129558e-10,28.0,28.0,14.0,6.0,6.0,6.0
0.3161231880364941,1.0,1.59335160940381e-05,2.6654149844036755e-05,0.3500434529559932,-0.00014770837097220023,0.3498429502841447,0.3500434529559932,-0.00014770837097220023,0.3498429502841447,0.35003658143424976,-0.00013599935458213761,0.349851290431579,-0.32706958452333623,-1.4200704733477991,1.2360267639160156,-1.3860209623919886,-1.5710743109332483,2.7379369735717773,0.0,0.0,-0.0,0.0,0.0,0.0,-0.32708491412217333,-1.420029185146776,1.235997037389573,-1.3860032159048528,-1.571077786520856,2.7379353291137902,-7.478916113714318e-05,0.00016413628186608505,-0.00014953077659429656,0.00025766204400199066,1.699743692139282e-05,8.762394261631444e-05,-0.0007428885451847756,-8.033387477275967,-6.268544902345944,-0.9626712447522539,-7.435162924258513e-05,-1.5545532828129558e-10,28.0,28.0,14.0,6.0,6.0,6.0
0.3201231880364941,1.0,1.5080043828068822e-05,6.558877074842328e-05,0.3500434529559932,-0.00014770837097220023,0.3498429502841447,0.3500434529559932,-0.00014770837097220023,0.3498429502841447,0.35004232824973774,-0.0001327446308448351,0.3498444433478058,-0.32705766359438115,-1.420046631489889,1.2360267639160156,-1.3860333601581019,-1.5710623900042933,2.737889051437378,0.0,0.0,-0.0,0.0,0.0,0.0,-0.32708522585977445,-1.4200285478728525,1.2359964485247412,-1.3860022151918647,-1.5710777714083342,2.737935750607738,-7.793440028370419e-05,0.00015931848085041725,-0.00014721620795854173,0.0002501782470016857,3.7781304667380787e-06,0.00010537348688312217,-0.0007294912524011312,-8.03439859455516,-6.2688380962160615,-0.96271087063742,-8.161738993871851e-05,1.3725769353860578e-06,28.0,28.0,14.0,6.0,6.0,6.0
0.3246892370360439,1.0,1.5080043828068822e-05,6.558877074842328e-05,0.3500434529559932,-0.00014770837097220023,0.3498429502841447,0.3500434529559932,-0.00014770837097220023,0.3498429502841447,0.35004232824973774,-0.0001327446308448351,0.3498444433478058,-0.32705766359438115,-1.420046631489889,1.2360267639160156,-1.3860333601581019,-1.5710623900042933,2.737889051437378,0.0,0.0,-0.0,0.0,0.0,0.0,-0.3270855494234748,-1.4200279287138609,1.2359958683626875,-1.3860012426179535,-1.5710778060004045,2.737936238839972,-8.089092508147153e-05,0.0001547897478956895,-0.00014504051344093217,0.00024314347782139904,-8.648017600637379e-06,0.00012205805849392142,-0.0007294912524011312,-8.03439859455516,-6.2688380962160615,-0.96271087063742,-8.161738993871851e-05,1.3725769353860578e-06,28.0,28.0,14.0,6.0,6.0,6.0
0.3286892370360439,1.0,1.6095066164937205e-05,6.08875231533818e-05,0.3500434529559932,-0.00014770837097220023,0.3498429502841447,0.3500434529559932,-0.00014770837097220023,0.3498429502841447,0.3500431898862339,-0.0001319977124170184,0.34984643699562085,-0.3270457426654261,-1.420046631489889,1.2360267639160156,-1.3860567251788538,-1.5710986296283167,2.737913131713867,0.0,0.0,-0.0,0.0,0.0,0.0,-0.3270859054354326,-1.4200273210857806,1.2359952802065506,-1.3860002379665188,-1.5710778130942522,2.7379367435728827,-8.900298944828241e-05,0.0001519070200766722,-0.00014703903422238668,0.0002511628586785975,-1.77346191344016e-06,0.00012618322768942413,-0.0011220535141363295,-8.0341628775007,-6.268805832725503,-0.9626919309972181,-8.160275386428913e-05,1.0935067560575798e-06,28.0,28.0,14.0,6.0,6.0,6.0
0.33366131502948715,1.0,1.6095066164937205e-05,6.08875231533818e-05,0.3500434529559932,-0.00014770837097220023,0.3498429502841447,0.3500434529559932,-0.00014770837097220023,0.3498429502841447,0.3500431898862339,-0.0001319977124170184,0.34984643699562085,-0.3270457426654261,-1.420046631489889,1.2360267639160156,-1.3860567251788538,-1.5710986296283167,2.737913131713867,0.0,0.0,-0.0,0.0,0.0,0.0,-0.3270862919487524,-1.4200267242967568,1.2359946845359755,-1.3859992031622121,-1.5710777943397705,2.7379372638164297,-9.662832995308464e-05,0.00014919725592679595,-0.00014891764375695392,0.00025870107668436406,4.6886204325252255e-06,0.00013006088673319667,-0.0011220535141363295,-8.0341628775007,-6.268805832725503,-0.9626919309972181,-8.160275386428913e-05,1.0935067560575798e-06,28.0,28.0,14.0,6.0,6.0,6.0
0.33766131502948715,1.0,1.6095066164937205e-05,6.08875231533818e-05,0.3500434529559932,-0.00014770837097220023,0.3498429502841447,0.3500434529559932,-0.00014770837097220023,0.3498429502841447,0.3500431898862339,-0.0001319977124170184,0.34984643699562085,-0.3270457426654261,-1.420046631489889,1.2360267639160156,-1.3860567251788538,-1.5710986296283167,2.737913131713867,0.0,0.0,-0.0,0.0,0.0,0.0,-0.3270867071333525,-1.4200261376964463,1.2359940818018287,-1.3859981400142056,-1.571077751287859,2.7379377986399747,-0.00010379615002759874,0.00014665007762591225,-0.00015068353671944713,0.0002657870016097846,1.0762977837732689e-05,0.00013370588623434285,-0.0011220535141363295,-8.0341628775007,-6.268805832725503,-0.9626919309972181,-8.160275386428913e-05,1.0935067560575798e-06,28.0,28.0,14.0,6.0,6.0,6.0
0.34300855501811034,1.0,1.6095066164937205e-05,6.08875231533818e-05,0.3500434529559932,-0.00014770837097220023,0.3498429502841447,0.3500434529559932,-0.00014770837097220023,0.3498429502841447,0.3500431898862339,-0.0001319977124170184,0.34984643699562085,-0.3270457426654261,-1.420046631489889,1.2360267639160156,-1.3860567251788538,-1.5710986296283167,2.737913131713867,0.0,0.0,-0.0,0.0,0.0,0.0,-0.32708714926895605,-1.4200255606735261,1.2359934724279242,-1.3859970502231214,-1.571077685396364,2.7379383471687175,-0.00011053390089764199,0.00014425573002308157,-0.00015234347610419076,0.0002724477710396799,1.6472873798627703e-05,0.00013713218576542026,-0.0011220535141363295,-8.0341628775007,-6.268805832725503,-0.9626919309972181,-8.160275386428913e-05,1.0935067560575798e-06,28.0,28.0,14.0,6.0,6.0,6.0
0.34700855501811034,1.0,4.792185607908184e-06,3.953990481870392e-05,0.3500434529559932,-0.00014770837097220023,0.3498429502841447,0.3500434529559932,-0.00014770837097220023,0.3498429502841447,0.3500438213363015,-0.00015097581820121107,0.3498464364177415,-0.32710534731020147,-1.420046631489889,1.2360267639160156,-1.3860567251788538,-1.5710743109332483,2.737913131713867,0.0,0.0,-0.0,0.0,0.0,0.0,-0.32708754969437004,-1.420024989529382,1.2359928531140052,-1.3859959348239874,-1.571077647878477,2.737938853553292,-0.00010010635349508488,0.0001427860360778954,-0.00015482847973862546,0.0002788497834598422,9.379471736889853e-06,0.00012659614352865864,9.798071528083632e-05,-8.034601145284778,-6.268830649127797,-0.9626827406607872,-5.7954417567263794e-05,-2.736703377779429e-07,28.0,28.0,14.0,6.0,6.0,6.0
0.3515425490296913,1.0,4.792185607908184e-06,3.953990481870392e-05,0.3500434529559932,-0.00014770837097220023,0.3498429502841447,0.3500434529559932,-0.00014770837097220023,0.3498429502841447,0.3500438213363015,-0.00015097581820121107,0.3498464364177415,-0.32710534731020147,-1.420046631489889,1.2360267639160156,-1.3860567251788538,-1.5710743109332483,2.737913131713867,0.0,0.0,-0.0,0.0,0.0,0.0,-0.3270879109122058,-1.420024423911287,1.2359922244564725,-1.385994795353287,-1.5710776370317818,2.737939320322347,-9.03044589366812e-05,0.00014140452376942036,-0.0001571643831549941,0.00028486767513479476,2.7116737988562714e-06,0.00011669226382610272,9.798071528083632e-05,-8.034601145284778,-6.268830649127797,-0.9626827406607872,-5.7954417567263794e-05,-2.736703377779429e-07,28.0,28.0,14.0,6.0,6.0,6.0
0.3555425490296913,1.0,6.202312838593071e-06,2.7315775387294294e-05,0.3500434529559932,-0.00014770837097220023,0.3498429502841447,0.3500434529559932,-0.00014770837097220023,0.3498429502841447,0.35004421930083357,-0.0001417247051271672,0.34984150905439604,-0.32706958452333623,-1.4200347105609339,1.2360267639160156,-1.386045281087057,-1.5711105505572718,2.7379369735717773,0.0,0.0,-0.0,0.0,0.0,0.0,-0.3270882809584971,-1.4200238899801678,1.2359916135530016,-1.3859936811432558,-1.5710775770185914,2.7379397285840366,-9.251157282613133e-05,0.00013348277975199467,-0.00015272586772701715,0.00027855250780876845,1.5003297606527467e-05,0.0001020654223844016,-0.0005533846547077126,-8.035011750213997,-6.268987789607853,-0.9627228455044642,-6.886830138461802e-05,-8.60781019192009e-11,28.0,28.0,14.0,6.0,6.0,6.0
0.3605894220047632,1.0,6.202312838593071e-06,2.7315775387294294e-05,0.3500434529559932,-0.00014770837097220023,0.3498429502841447,0.3500434529559932,-0.00014770837097220023,0.3498429502841447,0.35004421930083357,-0.0001417247051271672,0.34984150905439604,-0.32706958452333623,-1.4200347105609339,1.2360267639160156,-1.386045281087057,-1.5711105505572718,2.7379369735717773,0.0,0.0,-0.0,0.0,0.0,0.0,-0.32708865930353664,-1.4200233858348064,1.2359910193383488,-1.3859925906782538,-1.5710774707888955,2.7379400818488024,-9.458625988221445e-05,0.00012603634037561452,-0.00014855366322471882,0.00027261625052230374,2.6557423985738388e-05,8.831619142920255e-05,-0.0005533846547077126,-8.035011750213997,-6.268987789607853,-0.9627228455044642,-6.886830138461802e-05,-8.60781019192009e-11,28.0,28.0,14.0,6.0,6.0,6.0
0.3645894220047632,1.0,6.202312838593071e-06,2.7315775387294294e-05,0.3500434529559932,-0.00014770837097220023,0.3498429502841447,0.3500434529559932,-0.00014770837097220023,0.3498429502841447,0.35004421930083357,-0.0001417247051271672,0.34984150905439604,-0.32706958452333623,-1.4200347105609339,1.2360267639160156,-1.386045281087057,-1.5711105505572718,2.7379369735717773,0.0,0.0,-0.0,0.0,0.0,0.0,-0.3270890454493995,-1.420022909688057,1.2359904408111848,-1.385991522533579,-1.5710773211156843,2.73794038341646,-9.65364657149326e-05,0.00011903668736181718,-0.0001446317909925584,0.0002670361686730269,3.7418302782196654e-05,7.539191433131545e-05,-0.0005533846547077126,-8.035011750213997,-6.268987789607853,-0.9627228455044642,-6.886830138461802e-05,-8.60781019192009e-11,28.0,28.0,14.0,6.0,6.0,6.0
0.3699271650060547,1.0,1.1137097341584734e-05,1.1437221230545499e-05,0.3500434529559932,-0.00014770837097220023,0.3498429502841447,0.3500434529559932,-0.00014770837097220023,0.3498429502841447,0.35004072968914945,-0.00013843764473370885,0.3498374120181792,-0.32706958452333623,-1.420046631489889,1.2360506057739258,-1.3860333601581019,-1.5710862318622034,2.7379369735717773,0.0,0.0,-0.0,0.0,0.0,0.0,-0.32708943279021113,-1.4200224549525415,1.235989871153648,-1.385990523227408,-1.5710771804059724,2.7379406425263504,-9.683520291435004e-05,0.00011368387886263725,-0.00014241438423287717,0.00024982654275939914,3.5177427950651606e-05,6.477747256212307e-05,-0.0005009678881557246,-8.034938581013034,-6.269093848687543,-0.9627602632440739,-7.254773741743532e-05,7.591866243055107e-11,28.0,28.0,14.0,6.0,6.0,6.0
0.3739271650060547,1.0,1.1137097341584734e-05,1.1437221230545499e-05,0.3500434529559932,-0.00014770837097220023,0.3498429502841447,0.3500434529559932,-0.00014770837097220023,0.3498429502841447,0.35004072968914945,-0.00013843764473370885,0.3498374120181792,-0.32706958452333623,-1.420046631489889,1.2360506057739258,-1.3860333601581019,-1.5710862318622034,2.7379369735717773,0.0,0.0,-0.0,0.0,0.0,0.0,-0.32708982125427466,-1.420022020343586,1.2359893098335604,-1.3859895886294302,-1.57107704812195,2.7379408617259395,-9.711601588180243e-05,0.00010865223887340812,-0.00014033002187877682,0.00023364949440058904,3.307100560899926e-05,5.4799897299082226e-05,-0.0005009678881557246,-8.034938581013034,-6.269093848687543,-0.9627602632440739,-7.254773741743532e-05,7.591866243055107e-11,28.0,28.0,14.0,6.0,6.0,6.0
0.3784564100001009,1.0,1.1137097341584734e-05,1.1437221230545499e-05,0.3500434529559932,-0.00014770837097220023,0.3498429502841447,0.3500434529559932,-0.00014770837097220023,0.3498429502841447,0.35004072968914945,-0.00013843764473370885,0.3498374120181792,-0.32706958452333623,-1.420046631489889,1.2360506057739258,-1.3860333601581019,-1.5710862318622034,2.7379369735717773,0.0,0.0,-0.0,0.0,0.0,0.0,-0.3270902107741949,-1.420021604653597,1.2359887563506753,-1.3859887148571544,-1.5710769237580755,2.7379410434098457,-9.737998007120768e-05,0.00010392249728353272,-0.0001383707212659225,0.00021844306894330755,3.109096860784606e-05,4.542097655182384e-05,-0.0005009678881557246,-8.034938581013034,-6.269093848687543,-0.9627602632440739,-7.254773741743532e-05,7.591866243055107e-11,28.0,28.0,14.0,6.0,6.0,6.0
0.3824564100001009,1.0,6.885253890573056e-06,1.685387864535429e-05,0.3500434529559932,-0.00014770837097220023,0.3498429502841447,0.3500434529559932,-0.00014770837097220023,0.3498429502841447,0.3500402505373939,-0.00014244846324530246,0.34983987057523686,-0.3270815054522913,-1.420046631489889,1.2360386848449707,-1.3860209623919886,-1.5710862318622034,2.7379369735717773,0.0,0.0,-0.0,0.0,0.0,0.0,-0.32709058910610267,-1.4200212069156037,1.2359882227993666,-1.3859879116364038,-1.5710768068477035,2.7379411775954687,-9.458297694156682e-05,9.943449829357819e-05,-0.00013338782717273187,0.00020080518767134567,2.9227592988106626e-05,3.354640572239266e-05,-0.00027749851173622446,-8.034886900729694,-6.268989465917782,-0.9627438385423508,-6.708191353157374e-05,-2.7335831982160623e-07,28.0,28.0,14.0,6.0,6.0,6.0
0.38755314700445176,1.0,6.885253890573056e-06,1.685387864535429e-05,0.3500434529559932,-0.00014770837097220023,0.3498429502841447,0.3500434529559932,-0.00014770837097220023,0.3498429502841447,0.3500402505373939,-0.00014244846324530246,0.34983987057523686,-0.3270815054522913,-1.420046631489889,1.2360386848449707,-1.3860209623919886,-1.5710862318622034,2.7379369735717773,0.0,0.0,-0.0,0.0,0.0,0.0,-0.32709095692127865,-1.4200208260524867,1.2359877079837398,-1.3859871747340866,-1.5710766969436238,2.7379412671327055,-9.195379399970442e-05,9.521577924302093e-05,-0.0001287039067251327,0.0001842255792757015,2.7476019905551558e-05,2.2384309142727355e-05,-0.00027749851173622446,-8.034886900729694,-6.268989465917782,-0.9627438385423508,-6.708191353157374e-05,-2.7335831982160623e-07,28.0,28.0,14.0,6.0,6.0,6.0
0.39155314700445176,1.0,6.885253890573056e-06,1.685387864535429e-05,0.3500434529559932,-0.00014770837097220023,0.3498429502841447,0.3500434529559932,-0.00014770837097220023,0.3498429502841447,0.3500402505373939,-0.00014244846324530246,0.34983987057523686,-0.3270815054522913,-1.420046631489889,1.2360386848449707,-1.3860209623919886,-1.5710862318622034,2.7379369735717773,0.0,0.0,-0.0,0.0,0.0,0.0,-0.3270913148507268,-1.4200204610517533,1.2359872107796537,-1.3859865001710971,-1.571076593625459,2.7379413147004588,-8.948236203435376e-05,9.12501833354971e-05,-0.00012430102150438947,0.00016864074738379598,2.5829541207949793e-05,1.1891938357841968e-05,-0.00027749851173622446,-8.034886900729694,-6.268989465917782,-0.9627438385423508,-6.708191353157374e-05,-2.7335831982160623e-07,28.0,28.0,14.0,6.0,6.0,6.0
0.39687070699408666,1.0,9.984063102359765e-06,9.101309421352276e-05,0.3500434529559932,-0.00014770837097220023,0.3498429502841447,0.3500434529559932,-0.00014770837097220023,0.3498429502841447,0.3500466656097123,-0.00015714536206506226,0.3498435012571261,-0.32711726823915654,-1.4200347105609339,1.2360267639160156,-1.3860686461078089,-1.5710862318622034,2.7379729747772217,0.0,0.0,-0.0,0.0,0.0,0.0,-0.3270916269466459,-1.4200201026972032,1.235986698424603,-1.3859857631180807,-1.5710764965212423,2.7379412123851963,-7.802397977648082e-05,8.958863748748741e-05,-0.0001280887626601216,0.0001842632541102155,2.4276054183945195e-05,-2.55788155925457e-05,0.00038344466895909524,-8.035205963927968,-6.268978763581755,-0.9626947104950044,-5.068531704895715e-05,-1.9197688881995e-06,28.0,28.0,14.0,6.0,6.0,6.0
0.40087070699408667,1.0,9.984063102359765e-06,9.101309421352276e-05,0.3500434529559932,-0.00014770837097220023,0.3498429502841447,0.3500434529559932,-0.00014770837097220023,0.3498429502841447,0.3500466656097123,-0.00015714536206506226,0.3498435012571261,-0.32711726823915654,-1.4200347105609339,1.2360267639160156,-1.3860686461078089,-1.5710862318622034,2.7379729747772217,0.0,0.0,-0.0,0.0,0.0,0.0,-0.3270918959590477,-1.4200197505900656,1.2359861718276457,-1.385984967324439,-1.5710764052581367,2.737940969179899,-6.725310045408026e-05,8.80267843903583e-05,-0.0001316492393465098,0.00019894841043304986,2.2815776381380874e-05,-6.080132430591011e-05,0.00038344466895909524,-8.035205963927968,-6.268978763581755,-0.9626947104950044,-5.068531704895715e-05,-1.9197688881995e-06,28.0,28.0,14.0,6.0,6.0,6.0
0.40608735300228016,1.0,9.984063102359765e-06,9.101309421352276e-05,0.3500434529559932,-0.00014770837097220023,0.3498429502841447,0.3500434529559932,-0.00014770837097220023,0.3498429502841447,0.3500466656097123,-0.00015714536206506226,0.3498435012571261,-0.32711726823915654,-1.4200347105609339,1.2360267639160156,-1.3860686461078089,-1.5710862318622034,2.7379729747772217,0.0,0.0,-0.0,0.0,0.0,0.0,-0.3270921244729433,-1.4200194043554957,1.235985631843296,-1.3859841163146096,-1.5710763194856758,2.737940593537969,-5.712847389102373e-05,8.655864247905694e-05,-0.00013499608743171472,0.00021275245737651416,2.1443115246970412e-05,-9.391048249647265e-05,0.00038344466895909524,-8.035205963927968,-6.268978763581755,-0.9626947104950044,-5.068531704895715e-05,-1.9197688881995e-06,28.0,28.0,14.0,6.0,6.0,6.0
0.41008735300228016,1.0,2.3502614428469783e-05,6.184422452420978e-05,0.3500434529559932,-0.00014770837097220023,0.3498429502841447,0.3500434529559932,-0.00014770837097220023,0.3498429502841447,0.3500410480459364,-0.00012499463433660317,0.3498374117409571,-0.327033821736471,-1.420046631489889,1.2360506057739258,-1.3860333601581019,-1.5710743109332483,2.737913131713867,0.0,0.0,-0.0,0.0,0.0,0.0,-0.3270923971743313,-1.4200190704059572,1.2359850968720514,-1.3859833208942145,-1.5710762632283037,2.737940304606663,-6.817534700942836e-05,8.348738462903942e-05,-0.00013374281117157862,0.0001988550987524191,1.4064343021277355e-05,-7.223282650823113e-05,-0.0011537399657616412,-8.034669536138919,-6.269077809761814,-0.962765774560536,-9.074579246569505e-05,1.3672615834124302e-06,28.0,28.0,14.0,6.0,6.0,6.0
0.4146878320078833,1.0,2.3502614428469783e-05,6.184422452420978e-05,0.3500434529559932,-0.00014770837097220023,0.3498429502841447,0.3500434529559932,-0.00014770837097220023,0.3498429502841447,0.3500410480459364,-0.00012499463433660317,0.3498374117409571,-0.327033821736471,-1.420046631489889,1.2360506057739258,-1.3860333601581019,-1.5710743109332483,2.737913131713867,0.0,0.0,-0.0,0.0,0.0,0.0,-0.3270927114119623,-1.4200187480043482,1.2359845666131255,-1.385982577727888,-1.5710762347151153,2.7379400971833436,-7.85594077407287e-05,8.060040225002294e-05,-0.00013256473148705067,0.00018579158164576973,7.128297129125882e-06,-5.185582987928409e-05,-0.0011537399657616412,-8.034669536138919,-6.269077809761814,-0.962765774560536,-9.074579246569505e-05,1.3672615834124302e-06,28.0,28.0,14.0,6.0,6.0,6.0
0.4186878320078833,1.0,8.856993083469836e-06,1.241580631796155e-05,0.3500434529559932,-0.00014770837097220023,0.3498429502841447,0.3500434529559932,-0.00014770837097220023,0.3498429502841447,0.35004041080728776,-0.00013940168035669068,0.34984338680304783,-0.32706958452333623,-1.420046631489889,1.2360267639160156,-1.3860209623919886,-1.5710986296283167,2.7379369735717773,0.0,0.0,-0.0,0.0,0.0,0.0,-0.327093034291364,-1.4200184344357303,1.2359840579769203,-1.3859818794682413,-1.5710761825073634,2.7379398747093884,-8.0719850429066e-05,7.839215450991492e-05,-0.00012715905131049078,0.00017456491166492602,1.305193799993988e-05,-5.561848886188032e-05,-0.0005790939834358701,-8.034578122672919,-6.268860061020443,-0.9627200646863763,-7.067170777773745e-05,-1.8009271301052904e-13,28.0,28.0,14.0,6.0,6.0,6.0
0.4236527869843414,1.0,8.856993083469836e-06,1.241580631796155e-05,0.3500434529559932,-0.00014770837097220023,0.3498429502841447,0.3500434529559932,-0.00014770837097220023,0.3498429502841447,0.35004041080728776,-0.00013940168035669068,0.34984338680304783,-0.32706958452333623,-1.420046631489889,1.2360267639160156,-1.3860209623919886,-1.5710986296283167,2.7379369735717773,0.0,0.0,-0.0,0.0,0.0,0.0,-0.3270933652940302,-1.4200181291701237,1.2359835696660726,-1.3859812234208737,-1.5710761080267217,2.7379396380878354,-8.275066655610307e-05,7.631640163421336e-05,-0.00012207771194452447,0.00016401184188293295,1.8620160418505036e-05,-5.915538830552077e-05,-0.0005790939834358701,-8.034578122672919,-6.268860061020443,-0.9627200646863763,-7.067170777773745e-05,-1.8009271301052904e-13,28.0,28.0,14.0,6.0,6.0,6.0
0.4276527869843414,1.0,8.856993083469836e-06,1.241580631796155e-05,0.3500434529559932,-0.00014770837097220023,0.3498429502841447,0.3500434529559932,-0.00014770837097220023,0.3498429502841447,0.35004041080728776,-0.00013940168035669068,0.34984338680304783,-0.32706958452333623,-1.420046631489889,1.2360267639160156,-1.3860209623919886,-1.5710986296283167,2.7379369735717773,0.0,0.0,-0.0,0.0,0.0,0.0,-0.3270937039325651,-1.420017831709348,1.2359831004610609,-1.3859806070530485,-1.5710760126095638,2.7379393881675402,-8.46596337155179e-05,7.43651939310539e-05,-0.00011730125294051614,0.00015409195628785947,2.3854289491956285e-05,-6.24800737825428e-05,-0.0005790939834358701,-8.034578122672919,-6.268860061020443,-0.9627200646863763,-7.067170777773745e-05,-1.8009271301052904e-13,28.0,28.0,14.0,6.0,6.0,6.0
0.43290742297912965,1.0,8.856993083469836e-06,1.241580631796155e-05,0.3500434529559932,-0.00014770837097220023,0.3498429502841447,0.3500434529559932,-0.00014770837097220023,0.3498429502841447,0.35004041080728776,-0.00013940168035669068,0.34984338680304783,-0.32706958452333623,-1.420046631489889,1.2360267639160156,-1.3860209623919886,-1.5710986296283167,2.7379369735717773,0.0,0.0,-0.0,0.0,0.0,0.0,-0.32709404974881645,-1.420017541585113,1.235982649215535,-1.3859800279839931,-1.5710758975120804,2.737939125746428,-8.645406284536785e-05,7.2531058690084e-05,-0.0001128113814767483,0.0001447672638284904,2.877437082100046e-05,-6.560527813094351e-05,-0.0005790939834358701,-8.034578122672919,-6.268860061020443,-0.9627200646863763,-7.067170777773745e-05,-1.8009271301052904e-13,28.0,28.0,14.0,6.0,6.0,6.0
0.43690742297912966,1.0,8.918105031081319e-06,1.1927874598141152e-05,0.3500434529559932,-0.00014770837097220023,0.3498429502841447,0.3500434529559932,-0.00014770837097220023,0.3498429502841447,0.35004394114439114,-0.00013952714351107539,0.349846466217401,-0.32706958452333623,-1.4200347105609339,1.2360029220581055,-1.3860209623919886,-1.5710862318622034,2.7379369735717773,0.0,0.0,-0.0,0.0,0.0,0.0,-0.32709439918021593,-1.4200172638827755,1.235982226417088,-1.3859794655984357,-1.5710757893029703,2.737938854706452,-8.735784987154725e-05,6.94255844038533e-05,-0.00010569961172302845,0.00014059638937926957,2.705227751707013e-05,-6.77599939166253e-05,-0.0004931061403370134,-8.03472205382285,-6.2687670271845795,-0.9626932433710269,-7.254434095467083e-05,-7.944750442302742e-11,28.0,28.0,14.0,6.0,6.0,6.0
0.4415233349893244,1.0,8.918105031081319e-06,1.1927874598141152e-05,0.3500434529559932,-0.00014770837097220023,0.3498429502841447,0.3500434529559932,-0.00014770837097220023,0.3498429502841447,0.35004394114439114,-0.00013952714351107539,0.349846466217401,-0.32706958452333623,-1.4200347105609339,1.2360029220581055,-1.3860209623919886,-1.5710862318622034,2.7379369735717773,0.0,0.0,-0.0,0.0,0.0,0.0,-0.32709475200985466,-1.4200169978570212,1.2359818303588954,-1.3859789188953662,-1.5710756875689311,2.737938575564745,-8.820740967615589e-05,6.650643857479645e-05,-9.901454815453179e-05,0.00013667576739700198,2.5433509811375622e-05,-6.978542675516618e-05,-0.0004931061403370134,-8.03472205382285,-6.2687670271845795,-0.9626932433710269,-7.254434095467083e-05,-7.944750442302742e-11,28.0,28.0,14.0,6.0,6.0,6.0
0.4455233349893244,1.0,1.4055502737276173e-05,7.325071044103302e-05,0.3500434529559932,-0.00014770837097220023,0.3498429502841447,0.3500434529559932,-0.00014770837097220023,0.3498429502841447,0.35004328685847286,-0.0001341008041214109,0.34983943407976886,-0.32705766359438115,-1.4200347105609339,1.2360267639160156,-1.3860209623919886,-1.5710743109332483,2.737877607345581,0.0,0.0,-0.0,0.0,0.0,0.0,-0.3270951172018269,-1.4200167515181388,1.2359814552441883,-1.3859784228545033,-1.5710756163244637,2.737938425635657,-9.129799305539897e-05,6.158472058278295e-05,-9.377867677263284e-05,0.00012401021570910748,1.7811116874939925e-05,-3.7482271974769737e-05,-0.0006181372946529797,-8.035076267060282,-6.269010874360392,-0.962746306740069,-7.981305917788411e-05,1.635233618777232e-06,28.0,28.0,14.0,6.0,6.0,6.0
0.45037075499049406,1.0,1.4055502737276173e-05,7.325071044103302e-05,0.3500434529559932,-0.00014770837097220023,0.3498429502841447,0.3500434529559932,-0.00014770837097220023,0.3498429502841447,0.35004328685847286,-0.0001341008041214109,0.34983943407976886,-0.32705766359438115,-1.4200347105609339,1.2360267639160156,-1.3860209623919886,-1.5710743109332483,2.737877607345581,0.0,0.0,-0.0,0.0,0.0,0.0,-0.3270954940143926,-1.420016523684916,1.2359810998163576,-1.385977974436115,-1.5710755737401936,2.737938397166431,-9.420314143188747e-05,5.695830567029026e-05,-8.885695767364784e-05,0.00011210459712248664,1.0646067514690368e-05,-7.117306481197076e-06,-0.0006181372946529797,-8.035076267060282,-6.269010874360392,-0.962746306740069,-7.981305917788411e-05,1.635233618777232e-06,28.0,28.0,14.0,6.0,6.0,6.0
0.45437075499049406,1.0,1.4055502737276173e-05,7.325071044103302e-05,0.3500434529559932,-0.00014770837097220023,0.3498429502841447,0.3500434529559932,-0.00014770837097220023,0.3498429502841447,0.35004328685847286,-0.0001341008041214109,0.34983943407976886,-0.32705766359438115,-1.4200347105609339,1.2360267639160156,-1.3860209623919886,-1.5710743109332483,2.737877607345581,0.0,0.0,-0.0,0.0,0.0,0.0,-0.32709588175031623,-1.4200163132470134,1.2359807628941908,-1.3859775707828523,-1.571075558096509,2.7379384828694753,-9.693398090578667e-05,5.260947565254713e-05,-8.423054172060194e-05,0.00010091331565106305,3.910921116055783e-06,2.1425761082761222e-05,-0.0006181372946529797,-8.035076267060282,-6.269010874360392,-0.962746306740069,-7.981305917788411e-05,1.635233618777232e-06,28.0,28.0,14.0,6.0,6.0,6.0
0.45959571098629404,1.0,1.5167491890404878e-05,2.6655091183282108e-05,0.3500434529559932,-0.00014770837097220023,0.3498429502841447,0.3500434529559932,-0.00014770837097220023,0.3498429502841447,0.3500361392107949,-0.00014002264234303744,0.34985378963453384,-0.3270815054522913,-1.4200704733477991,1.2360148429870605,-1.3860090414630335,-1.5710743109332483,2.7379250526428223,0.0,0.0,-0.0,0.0,0.0,0.0,-0.3270962554112999,-1.4200160676649214,1.2359804231170244,-1.38597716722538,-1.5710755677938781,2.737938554240824,-9.341524591560442e-05,6.139552300097482e-05,-8.494429157748203e-05,0.00010088936807783655,-2.424342300094663e-06,1.7842837246211562e-05,-0.0005208138881544377,-8.033332623345856,-6.268439930237363,-0.9626543964405198,-6.888583593575917e-05,-1.553687375240343e-10,28.0,28.0,14.0,6.0,6.0,6.0
0.46359571098629404,1.0,1.5167491890404878e-05,2.6655091183282108e-05,0.3500434529559932,-0.00014770837097220023,0.3498429502841447,0.3500434529559932,-0.00014770837097220023,0.3498429502841447,0.3500361392107949,-0.00014002264234303744,0.34985378963453384,-0.3270815054522913,-1.4200704733477991,1.2360148429870605,-1.3860090414630335,-1.5710743109332483,2.7379250526428223,0.0,0.0,-0.0,0.0,0.0,0.0,-0.32709661584183997,-1.4200157890472913,1.2359800806561587,-1.3859767637579505,-1.5710756013118379,2.7379386121403795,-9.01076350248331e-05,6.965440750849686e-05,-8.561521644294931e-05,0.00010086685735900364,-8.379489911276083e-06,1.4474888839854882e-05,-0.0005208138881544377,-8.033332623345856,-6.268439930237363,-0.9626543964405198,-6.888583593575917e-05,-1.553687375240343e-10,28.0,28.0,14.0,6.0,6.0,6.0
0.46839089400647227,1.0,1.5167491890404878e-05,2.6655091183282108e-05,0.3500434529559932,-0.00014770837097220023,0.3498429502841447,0.3500434529559932,-0.00014770837097220023,0.3498429502841447,0.3500361392107949,-0.00014002264234303744,0.34985378963453384,-0.3270815054522913,-1.4200704733477991,1.2360148429870605,-1.3860090414630335,-1.5710743109332483,2.7379250526428223,0.0,0.0,-0.0,0.0,0.0,0.0,-0.32709696383576314,-1.4200154793762556,1.2359797356726154,-1.3859763603751614,-1.5710756572211526,2.737938657376449,-8.699848078750807e-05,7.741775894556757e-05,-8.624588581648855e-05,0.00010084569728330071,-1.3977328665786618e-05,1.1309017337879602e-05,-0.0005208138881544377,-8.033332623345856,-6.268439930237363,-0.9626543964405198,-6.888583593575917e-05,-1.553687375240343e-10,28.0,28.0,14.0,6.0,6.0,6.0
0.4723908940064723,1.0,3.2746049891629363e-06,1.7541913789162404e-05,0.3500434529559932,-0.00014770837097220023,0.3498429502841447,0.3500434529559932,-0.00014770837097220023,0.3498429502841447,0.35004453126026347,-0.00014497299404437434,0.349841508753431,-0.3270815054522913,-1.4200347105609339,1.2360267639160156,-1.386045281087057,-1.5710986296283167,2.7379250526428223,0.0,0.0,-0.0,0.0,0.0,0.0,-0.32709730626132555,-1.4200151845567084,1.235979389680701,-1.3859759378256122,-1.5710756843790172,2.737938684587234,-8.560639059454295e-05,7.370488681536535e-05,-8.649797859059444e-05,0.00010563738726155317,-6.789466156125189e-06,6.802696279920824e-06,-0.00028840673011494984,-8.035097773351605,-6.268992443592982,-0.962721005926338,-6.520583420797872e-05,-8.429335498006266e-11,28.0,28.0,14.0,6.0,6.0,6.0
0.4773095470005648,1.0,3.2746049891629363e-06,1.7541913789162404e-05,0.3500434529559932,-0.00014770837097220023,0.3498429502841447,0.3500434529559932,-0.00014770837097220023,0.3498429502841447,0.35004453126026347,-0.00014497299404437434,0.349841508753431,-0.3270815054522913,-1.4200347105609339,1.2360267639160156,-1.386045281087057,-1.5710986296283167,2.7379250526428223,0.0,0.0,-0.0,0.0,0.0,0.0,-0.3270976434526288,-1.4200149036975602,1.2359790427409179,-1.3859754972593088,-1.571075684510519,2.737938694854252,-8.429782581315573e-05,7.021478701297526e-05,-8.673494579825399e-05,0.00011014157584111049,-3.287539704344574e-08,2.5667544854395717e-06,-0.00028840673011494984,-8.035097773351605,-6.268992443592982,-0.962721005926338,-6.520583420797872e-05,-8.429335498006266e-11,28.0,28.0,14.0,6.0,6.0,6.0
0.48130954700056483,1.0,7.737797187955387e-06,5.196435947024427e-05,0.3500434529559932,-0.00014770837097220023,0.3498429502841447,0.3500434529559932,-0.00014770837097220023,0.3498429502841447,0.35003901178698343,-0.0001431086086347926,0.349847308232009,-0.3270934263812464,-1.4200704733477991,1.2360506057739258,-1.3860567251788538,-1.5710504690753382,2.7379250526428223,0.0,0.0,-0.0,0.0,0.0,0.0,-0.32709795140111053,-1.4200145839312037,1.2359786426748534,-1.3859749917076702,-1.5710757578685526,2.737938689101216,-7.698712043055694e-05,7.994158913295204e-05,-0.00010001651612845128,0.00012638790962911728,-1.833950843944851e-05,-1.4382590761934857e-06,-0.00022653459774487852,-8.033767558773036,-6.268759887267149,-0.9626869861291859,-6.70283689777475e-05,-2.73660644064522e-07,28.0,28.0,14.0,6.0,6.0,6.0
0.4864086579752622,1.0,7.737797187955387e-06,5.196435947024427e-05,0.3500434529559932,-0.00014770837097220023,0.3498429502841447,0.3500434529559932,-0.00014770837097220023,0.3498429502841447,0.35003901178698343,-0.0001431086086347926,0.349847308232009,-0.3270934263812464,-1.4200704733477991,1.2360506057739258,-1.3860567251788538,-1.5710504690753382,2.7379250526428223,0.0,0.0,-0.0,0.0,0.0,0.0,-0.32709823186134,-1.4200142275920713,1.2359781926700844,-1.3859744250698167,-1.5710759000595267,2.7379386682893285,-7.011505737091408e-05,8.908478312573021e-05,-0.00011250119223883673,0.00014165946338984365,-3.554774349930927e-05,-5.2029718241285595e-06,-0.00022653459774487852,-8.033767558773036,-6.268759887267149,-0.9626869861291859,-6.70283689777475e-05,-2.73660644064522e-07,28.0,28.0,14.0,6.0,6.0,6.0
0.49040865797526223,1.0,7.737797187955387e-06,5.196435947024427e-05,0.3500434529559932,-0.00014770837097220023,0.3498429502841447,0.3500434529559932,-0.00014770837097220023,0.3498429502841447,0.35003901178698343,-0.0001431086086347926,0.349847308232009,-0.3270934263812464,-1.4200704733477991,1.2360506057739258,-1.3860567251788538,-1.5710504690753382,2.7379250526428223,0.0,0.0,-0.0,0.0,0.0,0.0,-0.3270984864826124,-1.4200138368745294,1.2359776957229331,-1.385973801010921,-1.5710761069534644,2.737938633322121,-6.365531809484979e-05,9.767938547894169e-05,-0.00012423678778259906,0.00015601472392492643,-5.172348445557838e-05,-8.741801807187529e-06,-0.00022653459774487852,-8.033767558773036,-6.268759887267149,-0.9626869861291859,-6.70283689777475e-05,-2.73660644064522e-07,28.0,28.0,14.0,6.0,6.0,6.0
0.4950305059736131,1.0,7.737797187955387e-06,5.196435947024427e-05,0.3500434529559932,-0.00014770837097220023,0.3498429502841447,0.3500434529559932,-0.00014770837097220023,0.3498429502841447,0.35003901178698343,-0.0001431086086347926,0.349847308232009,-0.3270934263812464,-1.4200704733477991,1.2360506057739258,-1.3860567251788538,-1.5710504690753382,2.7379250526428223,0.0,0.0,-0.0,0.0,0.0,0.0,-0.32709871681526514,-1.4200134138412828,1.2359771546499427,-1.3859731229762458,-1.5710763746681882,2.737938585048913,-5.758316317534935e-05,0.00010575831169096049,-0.00013526824759373565,0.00016950866882790426,-6.692868095447135e-05,-1.206830199126296e-05,-0.00022653459774487852,-8.033767558773036,-6.268759887267149,-0.9626869861291859,-6.70283689777475e-05,-2.73660644064522e-07,28.0,28.0,14.0,6.0,6.0,6.0
0.4990305059736131,1.0,8.785185318673037e-06,4.9504137965335925e-05,0.3500434529559932,-0.00014770837097220023,0.3498429502841447,0.3500434529559932,-0.00014770837097220023,0.3498429502841447,0.35004329273966533,-0.0001455920391851898,0.34985147524464777,-0.3270934263812464,-1.420046631489889,1.2360029220581055,-1.3860333601581019,-1.5710623900042933,2.7379369735717773,0.0,0.0,-0.0,0.0,0.0,0.0,-0.32709892731924767,-1.420012985842902,1.2359766218129038,-1.3859724175259427,-1.5710766751424212,2.7379384968517964,-5.2625995630947944e-05,0.0001069995952037614,-0.00013320925970999265,0.0001763625757764722,-7.511855824485935e-05,-2.2049279147384527e-05,-0.0001101164871852938,-8.034219185692546,-6.268604081016812,-0.9626541299225093,-6.522098047349282e-05,-5.471060738839786e-07,28.0,28.0,14.0,6.0,6.0,6.0
0.5040156439617278,1.0,8.785185318673037e-06,4.9504137965335925e-05,0.3500434529559932,-0.00014770837097220023,0.3498429502841447,0.3500434529559932,-0.00014770837097220023,0.3498429502841447,0.35004329273966533,-0.0001455920391851898,0.34985147524464777,-0.3270934263812464,-1.420046631489889,1.2360029220581055,-1.3860333601581019,-1.5710623900042933,2.7379369735717773,0.0,0.0,-0.0,0.0,0.0,0.0,-0.32709911918428025,-1.4200125531772951,1.2359760967176594,-1.3859716863049494,-1.5710770064105928,2.7379383711262055,-4.7966258139210624e-05,0.00010816640170579425,-0.00013127381109927423,0.0001828052483081261,-8.281704289782406e-05,-3.14313976741388e-05,-0.0001101164871852938,-8.034219185692546,-6.268604081016812,-0.9626541299225093,-6.522098047349282e-05,-5.471060738839786e-07,28.0,28.0,14.0,6.0,6.0,6.0
0.5080156439617278,1.0,2.962456744480129e-05,0.00011107577840954688,0.3500434529559932,-0.00014770837097220023,0.3498429502841447,0.3500434529559932,-0.00014770837097220023,0.3498429502841447,0.3500433976973926,-0.00013206820763769065,0.34986810972041915,-0.3270457426654261,-1.420058552418844,1.235966682434082,-1.3860567251788538,-1.5710986296283167,2.7379369735717773,0.0,0.0,-0.0,0.0,0.0,0.0,-0.32709935141649993,-1.4200120782226835,1.2359755559714545,-1.385970799348276,-1.5710772923767136,2.7379382498945386,-5.80580549163366e-05,0.00011873865292874745,-0.00013518655120898858,0.00022173916835565644,-7.149153016930719e-05,-3.0307916713214873e-05,-0.001415931302443324,-8.032447149275411,-6.268019923374018,-0.9625384215316065,-8.160103071287795e-05,5.461427507879326e-07,28.0,28.0,14.0,6.0,6.0,6.0
0.5125983139842285,1.0,2.962456744480129e-05,0.00011107577840954688,0.3500434529559932,-0.00014770837097220023,0.3498429502841447,0.3500434529559932,-0.00014770837097220023,0.3498429502841447,0.3500433976973926,-0.00013206820763769065,0.34986810972041915,-0.3270457426654261,-1.420058552418844,1.235966682434082,-1.3860567251788538,-1.5710986296283167,2.7379369735717773,0.0,0.0,-0.0,0.0,0.0,0.0,-0.32709962159387546,-1.4200115635164072,1.2359750005133467,-1.3859697660000632,-1.5710775357589064,2.73793813288716,-6.754434388683503e-05,0.00012867656907832346,-0.00013886452691212007,0.00025833705320033496,-6.084554820450132e-05,-2.925184460994638e-05,-0.001415931302443324,-8.032447149275411,-6.268019923374018,-0.9625384215316065,-8.160103071287795e-05,5.461427507879326e-07,28.0,28.0,14.0,6.0,6.0,6.0
0.5165983139842285,1.0,2.962456744480129e-05,0.00011107577840954688,0.3500434529559932,-0.00014770837097220023,0.3498429502841447,0.3500434529559932,-0.00014770837097220023,0.3498429502841447,0.3500433976973926,-0.00013206820763769065,0.34986810972041915,-0.3270457426654261,-1.420058552418844,1.235966682434082,-1.3860567251788538,-1.5710986296283167,2.7379369735717773,0.0,0.0,-0.0,0.0,0.0,0.0,-0.3270999274396975,-1.4200110114435662,1.2359744312260506,-1.3859685950438034,-1.571077739112207,2.737938019850613,-7.646145551910354e-05,0.00013801821025892491,-0.0001423218240730637,0.0002927390649543328,-5.083832515758381e-05,-2.8259136832873996e-05,-0.001415931302443324,-8.032447149275411,-6.268019923374018,-0.9625384215316065,-8.160103071287795e-05,5.461427507879326e-07,28.0,28.0,14.0,6.0,6.0,6.0
0.5218090229856318,1.0,2.962456744480129e-05,0.00011107577840954688,0.3500434529559932,-0.00014770837097220023,0.3498429502841447,0.3500434529559932,-0.00014770837097220023,0.3498429502841447,0.3500433976973926,-0.00013206820763769065,0.34986810972041915,-0.3270457426654261,-1.420058552418844,1.235966682434082,-1.3860567251788538,-1.5710986296283167,2.7379369735717773,0.0,0.0,-0.0,0.0,0.0,0.0,-0.32710026681385934,-1.4200104242461544,1.2359738489393168,-1.3859672947359793,-1.571077904838349,2.737937910546647,-8.484354045343594e-05,0.00014679935296869027,-0.00014557168340435068,0.00032507695600309075,-4.143153549348135e-05,-2.7325991522425955e-05,-0.001415931302443324,-8.032447149275411,-6.268019923374018,-0.9625384215316065,-8.160103071287795e-05,5.461427507879326e-07,28.0,28.0,14.0,6.0,6.0,6.0
0.5258090229856318,1.0,1.5815303390050157e-05,3.5762799284772375e-05,0.3500434529559932,-0.00014770837097220023,0.3498429502841447,0.3500434529559932,-0.00014770837097220023,0.3498429502841447,0.35003402973604447,-0.00014451125613709274,0.34985524276981067,-0.3270934263812464,-1.4200823942767542,1.2360267639160156,-1.3860209623919886,-1.5710862318622034,2.737913131713867,0.0,0.0,-0.0,0.0,0.0,0.0,-0.32710058584818774,-1.4200098087724786,1.2359732572099456,-1.3859660183439402,-1.5710780606203523,2.7379378077782994,-7.975858209940934e-05,0.00015386841897662985,-0.00014793234281502429,0.0003190980097824105,-3.894550083285181e-05,-2.5692086916875306e-05,-0.00043908137865299976,-8.032975267275484,-6.26839872259191,-0.9626431632016864,-6.16196913712515e-05,-2.37812746496998e-10,28.0,28.0,14.0,6.0,6.0,6.0
0.5308155309851283,1.0,1.5815303390050157e-05,3.5762799284772375e-05,0.3500434529559932,-0.00014770837097220023,0.3498429502841447,0.3500434529559932,-0.00014770837097220023,0.3498429502841447,0.35003402973604447,-0.00014451125613709274,0.34985524276981067,-0.3270934263812464,-1.4200823942767542,1.2360267639160156,-1.3860209623919886,-1.5710862318622034,2.737913131713867,0.0,0.0,-0.0,0.0,0.0,0.0,-0.3271008857630727,-1.4200091667191146,1.2359726566044948,-1.3859647644327389,-1.5710782070548652,2.737937711153433,-7.497872124662434e-05,0.00016051334102409307,-0.00015015136266105747,0.00031347780033497103,-3.660862825186004e-05,-2.4156216587657694e-05,-0.00043908137865299976,-8.032975267275484,-6.26839872259191,-0.9626431632016864,-6.16196913712515e-05,-2.37812746496998e-10,28.0,28.0,14.0,6.0,6.0,6.0
0.5348155309851284,1.0,1.2369756704515347e-05,1.1437221230545499e-05,0.3500434529559932,-0.00014770837097220023,0.3498429502841447,0.3500434529559932,-0.00014770837097220023,0.3498429502841447,0.3500411701272079,-0.0001385870650720513,0.34983491278749823,-0.32706958452333623,-1.420046631489889,1.2360625267028809,-1.386045281087057,-1.5710862318622034,2.7379369735717773,0.0,0.0,-0.0,0.0,0.0,0.0,-0.3271011920460465,-1.4200085560293514,1.2359720540159838,-1.3859635783308462,-1.5710783446864311,2.7379375959630696,-7.657074343974728e-05,0.00015267244078275092,-0.00015064712777663195,0.0002965254731742851,-3.440789149178407e-05,-2.8797590839598098e-05,-0.0004939518372646435,-8.035082204113515,-6.2692039903372665,-0.9627752743727795,-7.254843602470032e-05,7.59186610903245e-11,28.0,28.0,14.0,6.0,6.0,6.0
0.5394076989844909,1.0,1.2369756704515347e-05,1.1437221230545499e-05,0.3500434529559932,-0.00014770837097220023,0.3498429502841447,0.3500434529559932,-0.00014770837097220023,0.3498429502841447,0.3500411701272079,-0.0001385870650720513,0.34983491278749823,-0.32706958452333623,-1.420046631489889,1.2360625267028809,-1.386045281087057,-1.5710862318622034,2.7379369735717773,0.0,0.0,-0.0,0.0,0.0,0.0,-0.3271015043150237,-1.4200079748213732,1.2359714495633958,-1.3859624559697037,-1.5710784740432269,2.7379374633211393,-7.806724430128285e-05,0.0001453019945558893,-0.00015111314698527196,0.0002805902856432403,-3.233919893731266e-05,-3.316048263642208e-05,-0.0004939518372646435,-8.035082204113515,-6.2692039903372665,-0.9627752743727795,-7.254843602470032e-05,7.59186610903245e-11,28.0,28.0,14.0,6.0,6.0,6.0
0.5434076989844909,1.0,1.2369756704515347e-05,1.1437221230545499e-05,0.3500434529559932,-0.00014770837097220023,0.3498429502841447,0.3500434529559932,-0.00014770837097220023,0.3498429502841447,0.3500411701272079,-0.0001385870650720513,0.34983491278749823,-0.32706958452333623,-1.420046631489889,1.2360625267028809,-1.386045281087057,-1.5710862318622034,2.7379369735717773,0.0,0.0,-0.0,0.0,0.0,0.0,-0.32710182221084416,-1.4200074213262728,1.2359708433585757,-1.3859613935248662,-1.5710785956217386,2.7379373142747356,-7.947395511112629e-05,0.00013837377510263936,-0.00015155120504139357,0.00026561120936405817,-3.039462793610953e-05,-3.726160092543662e-05,-0.0004939518372646435,-8.035082204113515,-6.2692039903372665,-0.9627752743727795,-7.254843602470032e-05,7.59186610903245e-11,28.0,28.0,14.0,6.0,6.0,6.0
0.5483394109837247,1.0,3.077806113301624e-05,0.00010345725448896634,0.3500434529559932,-0.00014770837097220023,0.3498429502841447,0.3500434529559932,-0.00014770837097220023,0.3498429502841447,0.35003364195460257,-0.0001318598351226621,0.34986744226671546,-0.32705766359438115,-1.4200947920428675,1.2360029220581055,-1.3860333601581019,-1.5710862318622034,2.737889051437378,0.0,0.0,-0.0,0.0,0.0,0.0,-0.327102157611172,-1.4200068044385845,1.2359702092978138,-1.3859602543579754,-1.5710787098810564,2.7379372601514387,-8.38500819611321e-05,0.0001542219220501838,-0.00015851519048059928,0.00028479172269117313,-2.8564829453534773e-05,-1.3530824264768454e-05,-0.0013497637066709266,-8.031564594693677,-6.267955086932629,-0.9625610301792058,-7.801607609266864e-05,1.3720947662075483e-06,28.0,28.0,14.0,6.0,6.0,6.0
0.5523394109837247,1.0,3.077806113301624e-05,0.00010345725448896634,0.3500434529559932,-0.00014770837097220023,0.3498429502841447,0.3500434529559932,-0.00014770837097220023,0.3498429502841447,0.35003364195460257,-0.0001318598351226621,0.34986744226671546,-0.32705766359438115,-1.4200947920428675,1.2360029220581055,-1.3860333601581019,-1.5710862318622034,2.737889051437378,0.0,0.0,-0.0,0.0,0.0,0.0,-0.3271025094657368,-1.4200061279618639,1.2359695490524665,-1.3859590430723545,-1.5710788172603318,2.737937295255862,-8.796364120013757e-05,0.00016911918018087556,-0.00016506133679345265,0.0003028214052186612,-2.6844818879914502e-05,8.776105796259623e-06,-0.0013497637066709266,-8.031564594693677,-6.267955086932629,-0.9625610301792058,-7.801607609266864e-05,1.3720947662075483e-06,28.0,28.0,14.0,6.0,6.0,6.0
0.5565457329717467,1.0,3.077806113301624e-05,0.00010345725448896634,0.3500434529559932,-0.00014770837097220023,0.3498429502841447,0.3500434529559932,-0.00014770837097220023,0.3498429502841447,0.35003364195460257,-0.0001318598351226621,0.34986744226671546,-0.32705766359438115,-1.4200947920428675,1.2360029220581055,-1.3860333601581019,-1.5710862318622034,2.737889051437378,0.0,0.0,-0.0,0.0,0.0,0.0,-0.32710287678728434,-1.4200053954714527,1.235968864193609,-1.3859577639951273,-1.5710789181723677,2.7379374142343424,-9.183038688480271e-05,0.0001831226028237258,-0.0001712147143275348,0.0003197693067945,-2.5228008940711445e-05,2.9744620053626016e-05,-0.0013497637066709266,-8.031564594693677,-6.267955086932629,-0.9625610301792058,-7.801607609266864e-05,1.3720947662075483e-06,28.0,28.0,14.0,6.0,6.0,6.0
0.5605457329717467,1.0,2.249409507831769e-05,8.476919220201315e-05,0.3500434529559932,-0.00014770837097220023,0.3498429502841447,0.3500434529559932,-0.00014770837097220023,0.3498429502841447,0.35003688642777847,-0.00014548047595213293,0.3498643489173809,-0.3270934263812464,-1.4200823942767542,1.2360029220581055,-1.386045281087057,-1.5710862318622034,2.7379250526428223,0.0,0.0,-0.0,0.0,0.0,0.0,-0.32710322209916964,-1.4200046229853545,1.2359681563535976,-1.3859564096741344,-1.571079013027915,2.737937501630417,-8.63279713303647e-05,0.00019312152455725,-0.00017696000288547735,0.0003385802482015493,-2.3713886836536696e-05,2.184901855239684e-05,-0.0005655313926590218,-8.032367917666491,-6.268119336462946,-0.9625703015157078,-6.161890498592949e-05,-2.739955667542516e-07,28.0,28.0,14.0,6.0,6.0,6.0
0.5652530619760512,1.0,2.249409507831769e-05,8.476919220201315e-05,0.3500434529559932,-0.00014770837097220023,0.3498429502841447,0.3500434529559932,-0.00014770837097220023,0.3498429502841447,0.35003688642777847,-0.00014548047595213293,0.3498643489173809,-0.3270934263812464,-1.4200823942767542,1.2360029220581055,-1.386045281087057,-1.5710862318622034,2.7379250526428223,0.0,0.0,-0.0,0.0,0.0,0.0,-0.3271035467219725,-1.4200038129033106,1.235967426911301,-1.3859549846240018,-1.5710791021903634,2.7379375593390294,-8.115570070919296e-05,0.00020252051098676276,-0.00018236057412994336,0.0003562625331241757,-2.2290612058612433e-05,1.4427153141241414e-05,-0.0005655313926590218,-8.032367917666491,-6.268119336462946,-0.9625703015157078,-6.161890498592949e-05,-2.739955667542516e-07,28.0,28.0,14.0,6.0,6.0,6.0
0.5692530619760512,1.0,2.249409507831769e-05,8.476919220201315e-05,0.3500434529559932,-0.00014770837097220023,0.3498429502841447,0.3500434529559932,-0.00014770837097220023,0.3498429502841447,0.35003688642777847,-0.00014548047595213293,0.3498643489173809,-0.3270934263812464,-1.4200823942767542,1.2360029220581055,-1.386045281087057,-1.5710862318622034,2.7379250526428223,0.0,0.0,-0.0,0.0,0.0,0.0,-0.3271038518970378,-1.4200029674810777,1.2359666771628566,-1.385953493088478,-1.5710791860012985,2.737937589141428,-7.629376632529152e-05,0.00021135555823050475,-0.0001874371110997414,0.0003728838809514445,-2.0952733767363624e-05,7.450599654755313e-06,-0.0005655313926590218,-8.032367917666491,-6.268119336462946,-0.9625703015157078,-6.161890498592949e-05,-2.739955667542516e-07,28.0,28.0,14.0,6.0,6.0,6.0
0.5742358259647156,1.0,2.249409507831769e-05,8.476919220201315e-05,0.3500434529559932,-0.00014770837097220023,0.3498429502841447,0.3500434529559932,-0.00014770837097220023,0.3498429502841447,0.35003688642777847,-0.00014548047595213293,0.3498643489173809,-0.3270934263812464,-1.4200823942767542,1.2360029220581055,-1.386045281087057,-1.5710862318622034,2.7379250526428223,0.0,0.0,-0.0,0.0,0.0,0.0,-0.3271041387912298,-1.4200020888390672,1.2359659083266332,-1.3859519390566863,-1.5710792647818113,2.737937592711986,-7.172354800442418e-05,0.00021966050263962222,-0.00019220905585135155,0.00038850794790907714,-1.9695128173589743e-05,8.926393774583784e-07,-0.0005655313926590218,-8.032367917666491,-6.268119336462946,-0.9625703015157078,-6.161890498592949e-05,-2.739955667542516e-07,28.0,28.0,14.0,6.0,6.0,6.0
0.5782358259647156,1.0,1.09253677006081e-05,5.091775404179328e-05,0.3500434529559932,-0.00014770837097220023,0.3498429502841447,0.3500434529559932,-0.00014770837097220023,0.3498429502841447,0.3500404550226156,-0.0001394166805786971,0.34984940194480496,-0.32706958452333623,-1.420046631489889,1.2360029220581055,-1.3860090414630335,-1.5710986296283167,2.737889051437378,0.0,0.0,-0.0,0.0,0.0,0.0,-0.3271044359704361,-1.420001247348581,1.2359651888797896,-1.3859504726772172,-1.571079313430328,2.7379376667143203,-7.429480156887584e-05,0.0002103726215271085,-0.000179861710889254,0.00036659486731200247,-1.2162129174495087e-05,1.8500583587357864e-05,-0.0006221197148583376,-8.03421162746796,-6.268625145037197,-0.9626794401669594,-7.067046146005962e-05,1.0991376059277915e-06,28.0,28.0,14.0,6.0,6.0,6.0
0.5833551199801734,1.0,1.09253677006081e-05,5.091775404179328e-05,0.3500434529559932,-0.00014770837097220023,0.3498429502841447,0.3500434529559932,-0.00014770837097220023,0.3498429502841447,0.3500404550226156,-0.0001394166805786971,0.34984940194480496,-0.32706958452333623,-1.420046631489889,1.2360029220581055,-1.3860090414630335,-1.5710986296283167,2.737889051437378,0.0,0.0,-0.0,0.0,0.0,0.0,-0.32710474281755575,-1.4200004407805278,1.2359645158589632,-1.385949088690931,-1.5710793337547684,2.737937806922525,-7.67117799194604e-05,0.0002016420132813456,-0.0001682552066248823,0.00034599657155075225,-5.081110115346109e-06,3.505205114466338e-05,-0.0006221197148583376,-8.03421162746796,-6.268625145037197,-0.9626794401669594,-7.067046146005962e-05,1.0991376059277915e-06,28.0,28.0,14.0,6.0,6.0,6.0
0.5873551199801734,1.0,6.917606751793978e-06,4.0122980746558645e-05,0.3500434529559932,-0.00014770837097220023,0.3498429502841447,0.3500434529559932,-0.00014770837097220023,0.3498429502841447,0.35004278143111245,-0.00014437933438360661,0.3498489768796097,-0.3270815054522913,-1.420046631489889,1.2360148429870605,-1.386045281087057,-1.5710986296283167,2.7379369735717773,0.0,0.0,-0.0,0.0,0.0,0.0,-0.32710504657358563,-1.4199996566783437,1.2359638520097802,-1.3859477082469516,-1.571079327461838,2.7379378989848933,-7.59390074658044e-05,0.00019602554602639305,-0.00016596229575445637,0.00034511099485897497,1.573232620800435e-06,2.3015592122934644e-05,-0.0004415394607383846,-8.034282398176467,-6.268710627833667,-0.9626709837058418,-6.520627759396638e-05,-2.7368372262719486e-07,28.0,28.0,14.0,6.0,6.0,6.0
0.5920066479775126,1.0,6.917606751793978e-06,4.0122980746558645e-05,0.3500434529559932,-0.00014770837097220023,0.3498429502841447,0.3500434529559932,-0.00014770837097220023,0.3498429502841447,0.35004278143111245,-0.00014437933438360661,0.3498489768796097,-0.3270815054522913,-1.420046631489889,1.2360148429870605,-1.386045281087057,-1.5710986296283167,2.7379369735717773,0.0,0.0,-0.0,0.0,0.0,0.0,-0.32710534742399106,-1.4199988936940764,1.235963196781942,-1.3859463311327405,-1.5710792961485789,2.737937945790176,-7.521260135936778e-05,0.00019074606680673765,-0.00016380695953625602,0.0003442785527687043,7.828314792778186e-06,1.1701320642509635e-05,-0.0004415394607383846,-8.034282398176467,-6.268710627833667,-0.9626709837058418,-6.520627759396638e-05,-2.7368372262719486e-07,28.0,28.0,14.0,6.0,6.0,6.0
0.5960066479775126,1.0,6.917606751793978e-06,4.0122980746558645e-05,0.3500434529559932,-0.00014770837097220023,0.3498429502841447,0.3500434529559932,-0.00014770837097220023,0.3498429502841447,0.35004278143111245,-0.00014437933438360661,0.3498489768796097,-0.3270815054522913,-1.420046631489889,1.2360148429870605,-1.386045281087057,-1.5710986296283167,2.7379369735717773,0.0,0.0,-0.0,0.0,0.0,0.0,-0.32710564554310956,-1.419998150560651,1.235962549658168,-1.3859449571485116,-1.5710792413162107,2.737937950053798,-7.452977961931734e-05,0.0001857833563402616,-0.0001617809434911477,0.0003434960572038499,1.3708092034437273e-05,1.0659054509101254e-06,-0.0004415394607383846,-8.034282398176467,-6.268710627833667,-0.9626709837058418,-6.520627759396638e-05,-2.7368372262719486e-07,28.0,28.0,14.0,6.0,6.0,6.0
0.6010926999761725,1.0,1.9663750491595577e-05,9.376009559257666e-05,0.3500434529559932,-0.00014770837097220023,0.3498429502841447,0.3500434529559932,-0.00014770837097220023,0.3498429502841447,0.35004584758987256,-0.00012873415903013585,0.34984752282098514,-0.3270457426654261,-1.4200347105609339,1.2360029220581055,-1.3860333601581019,-1.5710504690753382,2.737877607345581,0.0,0.0,-0.0,0.0,0.0,0.0,-0.3271059654747286,-1.4199974375141888,1.2359619264152824,-1.3859436153434894,-1.5710792629754873,2.737938084771204,-7.998290475451086e-05,0.00017826161551497068,-0.00015581072145181722,0.0003354512555510223,-5.414819139813416e-06,3.367935150496874e-05,-0.0008745632566471856,-8.034453879690721,-6.268739910869344,-0.9626858874446249,-8.888342576281787e-05,1.9084416664546407e-06,28.0,28.0,14.0,6.0,6.0,6.0
0.6050926999761725,1.0,1.9663750491595577e-05,9.376009559257666e-05,0.3500434529559932,-0.00014770837097220023,0.3498429502841447,0.3500434529559932,-0.00014770837097220023,0.3498429502841447,0.35004584758987256,-0.00012873415903013585,0.34984752282098514,-0.3270457426654261,-1.4200347105609339,1.2360029220581055,-1.3860333601581019,-1.5710504690753382,2.737877607345581,0.0,0.0,-0.0,0.0,0.0,0.0,-0.3271063059100981,-1.4199967527494723,1.2359613256204314,-1.3859423037869214,-1.5710793565369099,2.737938342115167,-8.510884238159277e-05,0.0001711911791391972,-0.00015019871273484658,0.0003278891419973644,-2.3390355643609063e-05,6.433599079578385e-05,-0.0008745632566471856,-8.034453879690721,-6.268739910869344,-0.9626858874446249,-8.888342576281787e-05,1.9084416664546407e-06,28.0,28.0,14.0,6.0,6.0,6.0
0.6096243189696691,1.0,1.9663750491595577e-05,9.376009559257666e-05,0.3500434529559932,-0.00014770837097220023,0.3498429502841447,0.3500434529559932,-0.00014770837097220023,0.3498429502841447,0.35004584758987256,-0.00012873415903013585,0.34984752282098514,-0.3270457426654261,-1.4200347105609339,1.2360029220581055,-1.3860333601581019,-1.5710504690753382,2.737877607345581,0.0,0.0,-0.0,0.0,0.0,0.0,-0.3271066656189931,-1.4199960945695966,1.2359607459267332,-1.3859410206639005,-1.5710795176863497,2.737938714728094,-8.992722375104976e-05,0.00016454496894597012,-0.00014492342454089417,0.00032078075525692596,-4.0287359957176976e-05,9.315323172915005e-05,-0.0008745632566471856,-8.034453879690721,-6.268739910869344,-0.9626858874446249,-8.888342576281787e-05,1.9084416664546407e-06,28.0,28.0,14.0,6.0,6.0,6.0
0.6136243189696691,1.0,1.0313498566647017e-05,1.6852864163790355e-05,0.3500434529559932,-0.00014770837097220023,0.3498429502841447,0.3500434529559932,-0.00014770837097220023,0.3498429502841447,0.35004468801346944,-0.00013874954336229932,0.3498379922307393,-0.32706958452333623,-1.4200347105609339,1.2360386848449707,-1.386045281087057,-1.5710743109332483,2.7379250526428223,0.0,0.0,-0.0,0.0,0.0,0.0,-0.32710702509683337,-1.4199954743039556,1.235960174628018,-1.3859397887359084,-1.5710796935613673,2.7379390680468156,-8.986946006268615e-05,0.00015506641026392094,-0.00014282467882124,0.00030798199801914436,-4.3968754389829925e-05,8.832968040905446e-05,-0.0004096714849359869,-8.035226250531391,-6.269110977418302,-0.9627484533517443,-7.43488729410786e-05,2.734342163828049e-07,28.0,28.0,14.0,6.0,6.0,6.0
0.6187222419842149,1.0,1.0313498566647017e-05,1.6852864163790355e-05,0.3500434529559932,-0.00014770837097220023,0.3498429502841447,0.3500434529559932,-0.00014770837097220023,0.3498429502841447,0.35004468801346944,-0.00013874954336229932,0.3498379922307393,-0.32706958452333623,-1.4200347105609339,1.2360386848449707,-1.386045281087057,-1.5710743109332483,2.7379250526428223,0.0,0.0,-0.0,0.0,0.0,0.0,-0.32710738435748216,-1.419994889677695,1.2359596112205866,-1.3859386049312434,-1.571079883278428,2.7379394032289843,-8.981516219562436e-05,0.0001461565651027947,-0.00014085185784476506,0.00029595116621562967,-4.7429265156523694e-05,8.37955421681646e-05,-0.0004096714849359869,-8.035226250531391,-6.269110977418302,-0.9627484533517443,-7.43488729410786e-05,2.734342163828049e-07,28.0,28.0,14.0,6.0,6.0,6.0
0.6227222419842149,1.0,1.0313498566647017e-05,1.6852864163790355e-05,0.3500434529559932,-0.00014770837097220023,0.3498429502841447,0.3500434529559932,-0.00014770837097220023,0.3498429502841447,0.35004468801346944,-0.00013874954336229932,0.3498379922307393,-0.32706958452333623,-1.4200347105609339,1.2360386848449707,-1.386045281087057,-1.5710743109332483,2.7379250526428223,0.0,0.0,-0.0,0.0,0.0,0.0,-0.327107743413971,-1.4199943385524525,1.235959055230962,-1.3859374663625061,-1.571080086007009,2.7379397213627934,-8.976412220058627e-05,0.00013778131065133605,-0.00013899740612687863,0.0002846421843203258,-5.0682145277215835e-05,7.953345222172814e-05,-0.0004096714849359869,-8.035226250531391,-6.269110977418302,-0.9627484533517443,-7.43488729410786e-05,2.734342163828049e-07,28.0,28.0,14.0,6.0,6.0,6.0
0.6279115819928704,1.0,6.87753946893956e-06,4.491808166167279e-05,0.3500434529559932,-0.00014770837097220023,0.3498429502841447,0.3500434529559932,-0.00014770837097220023,0.3498429502841447,0.3500423249853711,-0.00014109029025900595,0.3498444433478058,-0.3270815054522913,-1.420046631489889,1.2360267639160156,-1.3860333601581019,-1.5710623900042933,2.737889051437378,0.0,0.0,-0.0,0.0,0.0,0.0,-0.32710808709512235,-1.4199938003000172,1.2359585058729974,-1.3859363641839184,-1.5710803253868497,2.7379400879706823,-8.592028784042573e-05,0.00013456310884697481,-0.00013733949114730378,0.0002755446469536354,-5.984496015950744e-05,9.165197218073981e-05,-0.0002707559717163063,-8.034576137360709,-6.268848445832154,-0.9627071956351286,-7.068705907503337e-05,8.257021107330966e-07,28.0,28.0,14.0,6.0,6.0,6.0
0.6319115819928705,1.0,6.87753946893956e-06,4.491808166167279e-05,0.3500434529559932,-0.00014770837097220023,0.3498429502841447,0.3500434529559932,-0.00014770837097220023,0.3498429502841447,0.3500423249853711,-0.00014109029025900595,0.3498444433478058,-0.3270815054522913,-1.420046631489889,1.2360267639160156,-1.3860333601581019,-1.5710623900042933,2.737889051437378,0.0,0.0,-0.0,0.0,0.0,0.0,-0.3271084163234565,-1.4199932741480206,1.235957962748793,-1.385935296212071,-1.5710805992188743,2.737940500144206,-8.230708354187483e-05,0.00013153799915087525,-0.00013578105106650342,0.00026699296182894637,-6.845800614886156e-05,0.00010304338094221078,-0.0002707559717163063,-8.034576137360709,-6.268848445832154,-0.9627071956351286,-7.068705907503337e-05,8.257021107330966e-07,28.0,28.0,14.0,6.0,6.0,6.0
0.6365880419902972,1.0,6.87753946893956e-06,4.491808166167279e-05,0.3500434529559932,-0.00014770837097220023,0.3498429502841447,0.3500434529559932,-0.00014770837097220023,0.3498429502841447,0.3500423249853711,-0.00014109029025900595,0.3498444433478058,-0.3270815054522913,-1.420046631489889,1.2360267639160156,-1.3860333601581019,-1.5710623900042933,2.737889051437378,0.0,0.0,-0.0,0.0,0.0,0.0,-0.3271087319661425,-1.4199927593704365,1.2359574254843235,-1.3859342603945597,-1.5710809054359518,2.7379409551494267,-7.891067150123698e-05,0.00012869439603654167,-0.00013431611739055108,0.0002589543778117387,-7.655426937885443e-05,0.0001137513051779935,-0.0002707559717163063,-8.034576137360709,-6.268848445832154,-0.9627071956351286,-7.068705907503337e-05,8.257021107330966e-07,28.0,28.0,14.0,6.0,6.0,6.0
0.6405880419902972,1.0,1.602007435376843e-05,9.210539486507168e-05,0.3500434529559932,-0.00014770837097220023,0.3498429502841447,0.3500434529559932,-0.00014770837097220023,0.3498429502841447,0.3500462235079122,-0.000143443913719146,0.3498581417695461,-0.3270815054522913,-1.420046631489889,1.2359905242919922,-1.3860686461078089,-1.5710743109332483,2.7379610538482666,0.0,0.0,-0.0,0.0,0.0,0.0,-0.32710903785856327,-1.4199922263740747,1.235956867021113,-1.3859331105254948,-1.5710812176788298,2.7379412999345396,-7.647310519315188e-05,0.00013324909041802354,-0.00013961580262871734,0.00028746726621455427,-7.806071951131188e-05,8.619627818570812e-05,-0.000493686876079688,-8.033666870844486,-6.268426375054351,-0.9625979444323639,-6.888310393324408e-05,-8.263279220069359e-07,28.0,28.0,14.0,6.0,6.0,6.0
0.6456123579833659,1.0,1.602007435376843e-05,9.210539486507168e-05,0.3500434529559932,-0.00014770837097220023,0.3498429502841447,0.3500434529559932,-0.00014770837097220023,0.3498429502841447,0.3500462235079122,-0.000143443913719146,0.3498581417695461,-0.3270815054522913,-1.420046631489889,1.2359905242919922,-1.3860686461078089,-1.5710743109332483,2.7379610538482666,0.0,0.0,-0.0,0.0,0.0,0.0,-0.3271093345857347,-1.4199916762520621,1.235956288631086,-1.3859318534479697,-1.5710815355859604,2.737941541112751,-7.418179286355189e-05,0.00013753050313661648,-0.00014459750675259363,0.0003142693813132009,-7.947678263582188e-05,6.0294552812959874e-05,-0.000493686876079688,-8.033666870844486,-6.268426375054351,-0.9625979444323639,-6.888310393324408e-05,-8.263279220069359e-07,28.0,28.0,14.0,6.0,6.0,6.0
0.6496123579833659,1.0,1.109954072949143e-05,8.447469728997707e-05,0.3500434529559932,-0.00014770837097220023,0.3498429502841447,0.3500434529559932,-0.00014770837097220023,0.3498429502841447,0.3500417594979507,-0.00014713381366824425,0.34985390482147716,-0.3270934263812464,-1.420058552418844,1.2360148429870605,-1.3860567251788538,-1.5710862318622034,2.7379729747772217,0.0,0.0,-0.0,0.0,0.0,0.0,-0.3271096135264987,-1.4199911096743871,1.2359556906820455,-1.3859305449337234,-1.5710818344145994,2.7379416452444505,-6.973519100336651e-05,0.0001416444187350257,-0.00014948726010553996,0.0003271285615510152,-7.47071597096893e-05,2.6032924935506553e-05,-0.00031931407372670596,-8.033699743502858,-6.268544175107761,-0.9626345561601913,-6.161699150615718e-05,-1.3730526025181356e-06,28.0,28.0,14.0,6.0,6.0,6.0
0.654820692956215,1.0,1.109954072949143e-05,8.447469728997707e-05,0.3500434529559932,-0.00014770837097220023,0.3498429502841447,0.3500434529559932,-0.00014770837097220023,0.3498429502841447,0.3500417594979507,-0.00014713381366824425,0.34985390482147716,-0.3270934263812464,-1.420058552418844,1.2360148429870605,-1.3860567251788538,-1.5710862318622034,2.7379729747772217,0.0,0.0,-0.0,0.0,0.0,0.0,-0.32710987574803974,-1.4199905276283895,1.2359550743475325,-1.3859291880689595,-1.571082115309456,2.7379416205524296,-6.555538525479225e-05,0.00014551149939753038,-0.0001540836282573095,0.0003392161909745607,-7.022371415912467e-05,-6.173005269299567e-06,-0.00031931407372670596,-8.033699743502858,-6.268544175107761,-0.9626345561601913,-6.161699150615718e-05,-1.3730526025181356e-06,28.0,28.0,14.0,6.0,6.0,6.0
0.658820692956215,1.0,1.109954072949143e-05,8.447469728997707e-05,0.3500434529559932,-0.00014770837097220023,0.3498429502841447,0.3500434529559932,-0.00014770837097220023,0.3498429502841447,0.3500417594979507,-0.00014713381366824425,0.34985390482147716,-0.3270934263812464,-1.420058552418844,1.2360148429870605,-1.3860567251788538,-1.5710862318622034,2.7379729747772217,0.0,0.0,-0.0,0.0,0.0,0.0,-0.32711012225351116,-1.4199899310421686,1.2359544407306753,-1.385927785754709,-1.5710823793465574,2.737941474766111,-6.162636785113244e-05,0.00014914655522028477,-0.00015840421431997286,0.00035057856263269346,-6.600927534159391e-05,-3.644657966181732e-05,-0.00031931407372670596,-8.033699743502858,-6.268544175107761,-0.9626345561601913,-6.161699150615718e-05,-1.3730526025181356e-06,28.0,28.0,14.0,6.0,6.0,6.0
0.6634924039652108,1.0,1.109954072949143e-05,8.447469728997707e-05,0.3500434529559932,-0.00014770837097220023,0.3498429502841447,0.3500434529559932,-0.00014770837097220023,0.3498429502841447,0.3500417594979507,-0.00014713381366824425,0.34985390482147716,-0.3270934263812464,-1.420058552418844,1.2360148429870605,-1.3860567251788538,-1.5710862318622034,2.7379729747772217,0.0,0.0,-0.0,0.0,0.0,0.0,-0.3271103539858771,-1.4199893207881378,1.2359537908684144,-1.385926340717941,-1.5710826275373688,2.7379412151511526,-5.793309149169223e-05,0.0001525635076936739,-0.00016246556521887643,0.00036125919199133825,-6.2047702853115e-05,-6.490373959078401e-05,-0.00031931407372670596,-8.033699743502858,-6.268544175107761,-0.9626345561601913,-6.161699150615718e-05,-1.3730526025181356e-06,28.0,28.0,14.0,6.0,6.0,6.0
0.6674924039652108,1.0,1.4488868764236117e-05,7.306197523229532e-05,0.3500434529559932,-0.00014770837097220023,0.3498429502841447,0.3500434529559932,-0.00014770837097220023,0.3498429502841447,0.35004737598341357,-0.00015011160391629097,0.3498566893396196,-0.3270934263812464,-1.4200347105609339,1.235978603363037,-1.3860567251788538,-1.5710986296283167,2.737913131713867,0.0,0.0,-0.0,0.0,0.0,0.0,-0.3271105749540398,-1.4199887180932584,1.2359531529226904,-1.3859248369086294,-1.571082835448134,2.7379409679742666,-5.524204066825107e-05,0.00015067371984295338,-0.00015948643102282978,0.0003759523278882176,-5.197769129596477e-05,-6.179422153915173e-05,-0.00022712133389751407,-8.034210142952393,-6.268479516550092,-0.9626055101470038,-5.9738548808550115e-05,-4.890342301639464e-10,28.0,28.0,14.0,6.0,6.0,6.0
0.6724775419824294,1.0,1.4488868764236117e-05,7.306197523229532e-05,0.3500434529559932,-0.00014770837097220023,0.3498429502841447,0.3500434529559932,-0.00014770837097220023,0.3498429502841447,0.35004737598341357,-0.00015011160391629097,0.3498566893396196,-0.3270934263812464,-1.4200347105609339,1.235978603363037,-1.3860567251788538,-1.5710986296283167,2.737913131713867,0.0,0.0,-0.0,0.0,0.0,0.0,-0.32711078580385133,-1.4199881225039814,1.235952526178511,-1.385923277853127,-1.5710830054956557,2.7379407324891685,-5.2712452894216385e-05,0.0001488973192632761,-0.00015668604487854593,0.0003897638756312841,-4.251188043224355e-05,-5.887127457061738e-05,-0.00022712133389751407,-8.034210142952393,-6.268479516550092,-0.9626055101470038,-5.9738548808550115e-05,-4.890342301639464e-10,28.0,28.0,14.0,6.0,6.0,6.0
0.6764775419824294,1.0,3.004684976166879e-05,7.662997158338521e-05,0.3500434529559932,-0.00014770837097220023,0.3498429502841447,0.3500434529559932,-0.00014770837097220023,0.3498429502841447,0.3500368205334546,-0.00012459156864223067,0.34986096243565157,-0.327033821736471,-1.4200704733477991,1.2359905242919922,-1.3860090414630335,-1.5710862318622034,2.737913131713867,0.0,0.0,-0.0,0.0,0.0,0.0,-0.3271110449307675,-1.4199875061517395,1.2359519184608578,-1.3859217516249223,-1.5710831652969615,2.737940572275376,-6.478172903727486e-05,0.0001540880605021003,-0.0001519294132515078,0.00038155705117757144,-3.995032643979854e-05,-4.005344806257268e-05,-0.0015456280341708294,-8.03252563795121,-6.268165197222941,-0.9626094932678037,-8.894294779969346e-05,1.3668668211228715e-06,28.0,28.0,14.0,6.0,6.0,6.0
0.6818081609772055,1.0,3.004684976166879e-05,7.662997158338521e-05,0.3500434529559932,-0.00014770837097220023,0.3498429502841447,0.3500434529559932,-0.00014770837097220023,0.3498429502841447,0.3500368205334546,-0.00012459156864223067,0.34986096243565157,-0.327033821736471,-1.4200704733477991,1.2359905242919922,-1.3860090414630335,-1.5710862318622034,2.737913131713867,0.0,0.0,-0.0,0.0,0.0,0.0,-0.32711134943816195,-1.4199868702823104,1.2359513286281398,-1.3859202562543775,-1.5710833154668242,2.7379404828166116,-7.612684861174982e-05,0.00015896735726659506,-0.00014745817952209196,0.0003738426361910815,-3.7542465686900236e-05,-2.236469114501066e-05,-0.0015456280341708294,-8.03252563795121,-6.268165197222941,-0.9626094932678037,-8.894294779969346e-05,1.3668668211228715e-06,28.0,28.0,14.0,6.0,6.0,6.0
0.6858081609772055,1.0,3.004684976166879e-05,7.662997158338521e-05,0.3500434529559932,-0.00014770837097220023,0.3498429502841447,0.3500434529559932,-0.00014770837097220023,0.3498429502841447,0.3500368205334546,-0.00012459156864223067,0.34986096243565157,-0.327033821736471,-1.4200704733477991,1.2359905242919922,-1.3860090414630335,-1.5710862318622034,2.737913131713867,0.0,0.0,-0.0,0.0,0.0,0.0,-0.327111696603206,-1.4199862160667256,1.2359507556072606,-1.3859187898900331,-1.5710834565831306,2.737940459867573,-8.679126101175629e-05,0.00016355389622522013,-0.00014325521981644107,0.000366591086103781,-3.527907657917583e-05,-5.737259642502359e-06,-0.0015456280341708294,-8.03252563795121,-6.268165197222941,-0.9626094932678037,-8.894294779969346e-05,1.3668668211228715e-06,28.0,28.0,14.0,6.0,6.0,6.0
0.6903480909769426,1.0,3.004684976166879e-05,7.662997158338521e-05,0.3500434529559932,-0.00014770837097220023,0.3498429502841447,0.3500434529559932,-0.00014770837097220023,0.3498429502841447,0.3500368205334546,-0.00012459156864223067,0.34986096243565157,-0.327033821736471,-1.4200704733477991,1.2359905242919922,-1.3860090414630335,-1.5710862318622034,2.737913131713867,0.0,0.0,-0.0,0.0,0.0,0.0,-0.32711208386644064,-1.419985544605754,1.2359501983895098,-1.385917350791517,-1.571083589189094,2.737940499437677,-9.681580866776238e-05,0.0001678652428463277,-0.00013930443769312922,0.0003597746290217185,-3.3151490817914884e-05,9.89252596985544e-06,-0.0015456280341708294,-8.03252563795121,-6.268165197222941,-0.9626094932678037,-8.894294779969346e-05,1.3668668211228715e-06,28.0,28.0,14.0,6.0,6.0,6.0
0.6943480909769426,1.0,1.1320253429174429e-05,2.67474556704647e-05,0.3500434529559932,-0.00014770837097220023,0.3498429502841447,0.3500434529559932,-0.00014770837097220023,0.3498429502841447,0.35004136434215744,-0.00013659099642348592,0.3498433859595851,-0.32706958452333623,-1.420046631489889,1.2360267639160156,-1.3860209623919886,-1.5710623900042933,2.7379491329193115,0.0,0.0,-0.0,0.0,0.0,0.0,-0.3271124662418221,-1.4199848985364196,1.235949659264258,-1.385915997589154,-1.571083762644761,2.7379404933832814,-9.559384536919708e-05,0.00016151733363800778,-0.00013478131293962107,0.0003383005907537415,-4.33639167423441e-05,-1.5135988825298125e-06,-0.0004697413980785753,-8.0345697632629,-6.268858483842337,-0.9627200592738308,-7.615191447745787e-05,-2.789064269996076e-07,28.0,28.0,14.0,6.0,6.0,6.0
0.6993700329996648,1.0,1.1320253429174429e-05,2.67474556704647e-05,0.3500434529559932,-0.00014770837097220023,0.3498429502841447,0.3500434529559932,-0.00014770837097220023,0.3498429502841447,0.35004136434215744,-0.00013659099642348592,0.3498433859595851,-0.32706958452333623,-1.420046631489889,1.2360267639160156,-1.3860209623919886,-1.5710623900042933,2.7379491329193115,0.0,0.0,-0.0,0.0,0.0,0.0,-0.3271128440226216,-1.4199842763352237,1.2359491371459554,-1.3859147251291748,-1.5710839744991494,2.7379404444418562,-9.44451998685457e-05,0.00015555029898218706,-0.0001305295756713234,0.0003181149947818431,-5.296359711130756e-05,-1.2235356243771951e-05,-0.0004697413980785753,-8.0345697632629,-6.268858483842337,-0.9627200592738308,-7.615191447745787e-05,-2.789064269996076e-07,28.0,28.0,14.0,6.0,6.0,6.0
0.7033700329996648,1.0,2.249409507831769e-05,8.392334251418118e-05,0.3500434529559932,-0.00014770837097220023,0.3498429502841447,0.3500434529559932,-0.00014770837097220023,0.3498429502841447,0.35003688642777847,-0.00014548047595213293,0.3498643489173809,-0.3270934263812464,-1.4200823942767542,1.2360029220581055,-1.386045281087057,-1.5710862318622034,2.737913131713867,0.0,0.0,-0.0,0.0,0.0,0.0,-0.3271131991659512,-1.419983607520867,1.2359485822819232,-1.385913377028374,-1.5710841736415326,2.7379403984075346,-8.878583241427667e-05,0.0001672035891991428,-0.00013871600805949845,0.0003370252001867018,-4.978559578487438e-05,-1.150858043235282e-05,-0.0005658013603294055,-8.032367917514971,-6.268119336498505,-0.9625703015947954,-6.161903027810968e-05,-5.580672466314095e-10,28.0,28.0,14.0,6.0,6.0,6.0
0.7085035740095194,1.0,2.249409507831769e-05,8.392334251418118e-05,0.3500434529559932,-0.00014770837097220023,0.3498429502841447,0.3500434529559932,-0.00014770837097220023,0.3498429502841447,0.35003688642777847,-0.00014548047595213293,0.3498643489173809,-0.3270934263812464,-1.4200823942767542,1.2360029220581055,-1.386045281087057,-1.5710862318622034,2.737913131713867,0.0,0.0,-0.0,0.0,0.0,0.0,-0.32711353303005924,-1.419982894890139,1.2359479966369051,-1.385911957825201,-1.5710843608346308,2.73794035510589,-8.346602700726378e-05,0.0001781576820030812,-0.000146411254504383,0.000354800793267269,-4.6798274538027194e-05,-1.0825411169618837e-05,-0.0005658013603294055,-8.032367917514971,-6.268119336498505,-0.9625703015947954,-6.161903027810968e-05,-5.580672466314095e-10,28.0,28.0,14.0,6.0,6.0,6.0
0.7125035740095194,1.0,2.249409507831769e-05,8.392334251418118e-05,0.3500434529559932,-0.00014770837097220023,0.3498429502841447,0.3500434529559932,-0.00014770837097220023,0.3498429502841447,0.35003688642777847,-0.00014548047595213293,0.3498643489173809,-0.3270934263812464,-1.4200823942767542,1.2360029220581055,-1.386045281087057,-1.5710862318622034,2.737913131713867,0.0,0.0,-0.0,0.0,0.0,0.0,-0.3271138468916989,-1.419982141072022,1.2359473820577604,-1.385910471785798,-1.571084536795401,2.737940314372962,-7.846540992467166e-05,0.00018845452923878329,-0.00015364478616257447,0.00037150985076300216,-4.399019256599084e-05,-1.0183232062648893e-05,-0.0005658013603294055,-8.032367917514971,-6.268119336498505,-0.9625703015947954,-6.161903027810968e-05,-5.580672466314095e-10,28.0,28.0,14.0,6.0,6.0,6.0
0.7171527290260422,1.0,2.8107897043203672e-05,9.705830825833543e-05,0.3500434529559932,-0.00014770837097220023,0.3498429502841447,0.3500434529559932,-0.00014770837097220023,0.3498429502841447,0.3500348775891031,-0.00013959461546473115,0.349868458791166,-0.3270815054522913,-1.4200947920428675,1.2360029220581055,-1.386045281087057,-1.5710743109332483,2.7379250526428223,0.0,0.0,-0.0,0.0,0.0,0.0,-0.32711415112969855,-1.419981329305643,1.235946727430306,-1.3859089039111752,-1.5710847265998205,2.7379402668747668,-7.605949990717982e-05,0.0002029415947515879,-0.00016365686360083915,0.0003919686557209505,-4.745110489147785e-05,-1.1874548797777959e-05,-0.000882248205132256,-8.031660175169,-6.267950300685585,-0.9625467499243177,-6.888844489333937e-05,-6.274191457858178e-10,28.0,28.0,14.0,6.0,6.0,6.0
0.7211527290260422,1.0,2.8107897043203672e-05,9.705830825833543e-05,0.3500434529559932,-0.00014770837097220023,0.3498429502841447,0.3500434529559932,-0.00014770837097220023,0.3498429502841447,0.3500348775891031,-0.00013959461546473115,0.349868458791166,-0.3270815054522913,-1.4200947920428675,1.2360029220581055,-1.386045281087057,-1.5710743109332483,2.7379250526428223,0.0,0.0,-0.0,0.0,0.0,0.0,-0.3271144463214765,-1.4199804630678976,1.2359460351574405,-1.3859072591114456,-1.5710849294172704,2.737940213017221,-7.379794449073749e-05,0.00021655943633362422,-0.00017306821639280796,0.0004111999323814219,-5.070436247743564e-05,-1.346438652879928e-05,-0.000882248205132256,-8.031660175169,-6.267950300685585,-0.9625467499243177,-6.888844489333937e-05,-6.274191457858178e-10,28.0,28.0,14.0,6.0,6.0,6.0
0.7262827080180871,1.0,2.8107897043203672e-05,9.705830825833543e-05,0.3500434529559932,-0.00014770837097220023,0.3498429502841447,0.3500434529559932,-0.00014770837097220023,0.3498429502841447,0.3500348775891031,-0.00013959461546473115,0.349868458791166,-0.3270815054522913,-1.4200947920428675,1.2360029220581055,-1.386045281087057,-1.5710743109332483,2.7379250526428223,0.0,0.0,-0.0,0.0,0.0,0.0,-0.3271147330098061,-1.4199795456270679,1.2359453074978883,-1.3859055420021158,-1.571085144466969,2.737940153181885,-7.167208239928171e-05,0.00022936020742073837,-0.00018191488801725864,0.00042927733244226506,-5.376242460823596e-05,-1.4958833995959324e-05,-0.000882248205132256,-8.031660175169,-6.267950300685585,-0.9625467499243177,-6.888844489333937e-05,-6.274191457858178e-10,28.0,28.0,14.0,6.0,6.0,6.0
0.7302827080180871,1.0,1.2800927937836077e-05,5.228509791561212e-05,0.3500434529559932,-0.00014770837097220023,0.3498429502841447,0.3500434529559932,-0.00014770837097220023,0.3498429502841447,0.350042982448557,-0.00013817092377718063,0.3498514755102311,-0.32706958452333623,-1.420046631489889,1.2360029220581055,-1.3860333601581019,-1.5710743109332483,2.737901210784912,0.0,0.0,-0.0,0.0,0.0,0.0,-0.32711502385917646,-1.419978654400696,1.2359446010611557,-1.3859038600945026,-1.5710853710085133,2.7379401488160653,-7.271234258550401e-05,0.00022280659294391368,-0.00017660918317912404,0.0004204769033222082,-5.663538610196371e-05,-1.0914549449748507e-06,-0.00060554462783506,-8.034044383860289,-6.268594246395871,-0.9626578065410297,-7.434866797745883e-05,8.200763000015271e-07,28.0,28.0,14.0,6.0,6.0,6.0
0.7354661120094828,1.0,1.2800927937836077e-05,5.228509791561212e-05,0.3500434529559932,-0.00014770837097220023,0.3498429502841447,0.3500434529559932,-0.00014770837097220023,0.3498429502841447,0.350042982448557,-0.00013817092377718063,0.3498514755102311,-0.32706958452333623,-1.420046631489889,1.2360029220581055,-1.3860333601581019,-1.5710743109332483,2.737901210784912,0.0,0.0,-0.0,0.0,0.0,0.0,-0.3271153186199251,-1.4199777878159148,1.235943914573873,-1.385902211276503,-1.571085608352393,2.7379401965915906,-7.369018716055297e-05,0.00021664619533569846,-0.00017162182063127753,0.0004122044999493547,-5.9335969906067794e-05,1.1943881362950556e-05,-0.00060554462783506,-8.034044383860289,-6.268594246395871,-0.9626578065410297,-7.434866797745883e-05,8.200763000015271e-07,28.0,28.0,14.0,6.0,6.0,6.0
0.7394661120094828,1.0,1.6780799854742896e-05,8.81828838578904e-05,0.3500434529559932,-0.00014770837097220023,0.3498429502841447,0.3500434529559932,-0.00014770837097220023,0.3498429502841447,0.35004526635302546,-0.00015460031580594313,0.3498581426483905,-0.32710534731020147,-1.420046631489889,1.2359905242919922,-1.3860686461078089,-1.5711105505572718,2.737913131713867,0.0,0.0,-0.0,0.0,0.0,0.0,-0.3271155896686551,-1.419976928433367,1.2359432208907146,-1.385900485932272,-1.571085781663529,2.7379402231149874,-6.776218249748234e-05,0.0002148456369504645,-0.00017342078960558483,0.0004313360577266782,-4.332778401830655e-05,6.630849247079754e-06,-0.00014511141292491717,-8.03385280075091,-6.268438311440702,-0.9625942763459522,-5.2472204013903666e-05,-2.7401889174955556e-07,28.0,28.0,14.0,6.0,6.0,6.0
0.7440226630030669,1.0,1.6780799854742896e-05,8.81828838578904e-05,0.3500434529559932,-0.00014770837097220023,0.3498429502841447,0.3500434529559932,-0.00014770837097220023,0.3498429502841447,0.35004526635302546,-0.00015460031580594313,0.3498581426483905,-0.32710534731020147,-1.420046631489889,1.2359905242919922,-1.3860686461078089,-1.5711105505572718,2.737913131713867,0.0,0.0,-0.0,0.0,0.0,0.0,-0.32711583842808756,-1.4199760758209188,1.235942520443433,-1.385898688653384,-1.5710858947838862,2.7379402296613837,-6.218985811419595e-05,0.0002131531120683446,-0.0001751118204414337,0.0004493197220373623,-2.828008928381098e-05,1.6365990581612e-06,-0.00014511141292491717,-8.03385280075091,-6.268438311440702,-0.9625942763459522,-5.2472204013903666e-05,-2.7401889174955556e-07,28.0,28.0,14.0,6.0,6.0,6.0
0.7480226630030669,1.0,1.6780799854742896e-05,8.81828838578904e-05,0.3500434529559932,-0.00014770837097220023,0.3498429502841447,0.3500434529559932,-0.00014770837097220023,0.3498429502841447,0.35004526635302546,-0.00015460031580594313,0.3498581426483905,-0.32710534731020147,-1.420046631489889,1.2359905242919922,-1.3860686461078089,-1.5711105505572718,2.737913131713867,0.0,0.0,-0.0,0.0,0.0,0.0,-0.3271160662355803,-1.419975229572364,1.2359418136378753,-1.385896823755918,-1.5710859513249111,2.7379402174293994,-5.6951873193906745e-05,0.00021156213867915187,-0.0001767013894271316,0.00046622436648940534,-1.4135256233385146e-05,-3.057996119422241e-06,-0.00014511141292491717,-8.03385280075091,-6.268438311440702,-0.9625942763459522,-5.2472204013903666e-05,-2.7401889174955556e-07,28.0,28.0,14.0,6.0,6.0,6.0
0.7528095350170045,1.0,1.6780799854742896e-05,8.81828838578904e-05,0.3500434529559932,-0.00014770837097220023,0.3498429502841447,0.3500434529559932,-0.00014770837097220023,0.3498429502841447,0.35004526635302546,-0.00015460031580594313,0.3498581426483905,-0.32710534731020147,-1.420046631489889,1.2359905242919922,-1.3860686461078089,-1.5711105505572718,2.737913131713867,0.0,0.0,-0.0,0.0,0.0,0.0,-0.3271162743482498,-1.4199743893058692,1.235941100855538,-1.385894895296989,-1.5710859546813638,2.737940187545737,-5.2028167368834894e-05,0.00021006662369331072,-0.00017819558427368764,0.00048211473227432577,-8.391131659848617e-07,-7.470915586350676e-06,-0.00014511141292491717,-8.03385280075091,-6.268438311440702,-0.9625942763459522,-5.2472204013903666e-05,-2.7401889174955556e-07,28.0,28.0,14.0,6.0,6.0,6.0
0.7568095350170045,1.0,1.782029191724205e-05,2.0496134199962962e-05,0.3500434529559932,-0.00014770837097220023,0.3498429502841447,0.3500434529559932,-0.00014770837097220023,0.3498429502841447,0.3500442580122348,-0.00013025687100480185,0.349846465940179,-0.3270457426654261,-1.4200347105609339,1.2360029220581055,-1.3860209623919886,-1.5710743109332483,2.7379491329193115,0.0,0.0,-0.0,0.0,0.0,0.0,-0.3271165156913299,-1.419973593100874,1.2359404306180297,-1.385893064253054,-1.5710859822133572,2.7379401376635455,-6.033577002312323e-05,0.00019905124880281624,-0.00016755937710428846,0.00045776098372584496,-6.8829983330793236e-06,-1.2470547900993219e-05,-0.000915685979979465,-8.034541765605022,-6.2687561582121045,-0.9626969164216682,-8.52774469621477e-05,2.678907576357797e-07,28.0,28.0,14.0,6.0,6.0,6.0
0.7612556740231815,1.0,1.782029191724205e-05,2.0496134199962962e-05,0.3500434529559932,-0.00014770837097220023,0.3498429502841447,0.3500434529559932,-0.00014770837097220023,0.3498429502841447,0.3500442580122348,-0.00013025687100480185,0.349846465940179,-0.3270457426654261,-1.4200347105609339,1.2360029220581055,-1.3860209623919886,-1.5710743109332483,2.7379491329193115,0.0,0.0,-0.0,0.0,0.0,0.0,-0.32711678827099594,-1.4199728383136883,1.2359398003726603,-1.3858913247792137,-1.5710860324703588,2.7379400689827365,-6.814491651815427e-05,0.00018869679640575143,-0.0001575613423650532,0.000434868460090273,-1.2564250390148118e-05,-1.717020227675721e-05,-0.000915685979979465,-8.034541765605022,-6.2687561582121045,-0.9626969164216682,-8.52774469621477e-05,2.678907576357797e-07,28.0,28.0,14.0,6.0,6.0,6.0
0.7652556740231815,1.0,2.7196178276797955e-05,0.00011538904853761969,0.3500434529559932,-0.00014770837097220023,0.3498429502841447,0.3500434529559932,-0.00014770837097220023,0.3498429502841447,0.35003775290279143,-0.00012598821990789867,0.34985829227046017,-0.3270457426654261,-1.4200823942767542,1.2360267639160156,-1.3860567251788538,-1.5710504690753382,2.737877607345581,0.0,0.0,-0.0,0.0,0.0,0.0,-0.32711708421923646,-1.4199720459458158,1.2359391259716432,-1.3858895440894954,-1.5710861529152051,2.737940135106939,-7.398706013156712e-05,0.00019809196812291597,-0.00016860025427993492,0.00044517242958036816,-3.011121157629151e-05,1.653105064020681e-05,-0.0013333627813235435,-8.03237424924352,-6.268332586302094,-0.9626186961285816,-8.889040790182394e-05,1.908147133170043e-06,28.0,28.0,14.0,6.0,6.0,6.0
0.7704830050079621,1.0,2.7196178276797955e-05,0.00011538904853761969,0.3500434529559932,-0.00014770837097220023,0.3498429502841447,0.3500434529559932,-0.00014770837097220023,0.3498429502841447,0.35003775290279143,-0.00012598821990789867,0.34985829227046017,-0.3270457426654261,-1.4200823942767542,1.2360267639160156,-1.3860567251788538,-1.5710504690753382,2.737877607345581,0.0,0.0,-0.0,0.0,0.0,0.0,-0.327117402133937,-1.4199712182520976,1.2359384100643174,-1.3858877246568517,-1.5710863393366254,2.7379403279478525,-7.94786751281752e-05,0.00020692342953705062,-0.00017897683147992375,0.00045485816090105766,-4.6605355091266305e-05,4.821022838215299e-05,-0.0013333627813235435,-8.03237424924352,-6.268332586302094,-0.9626186961285816,-8.889040790182394e-05,1.908147133170043e-06,28.0,28.0,14.0,6.0,6.0,6.0
0.7744830050079621,1.0,2.7196178276797955e-05,0.00011538904853761969,0.3500434529559932,-0.00014770837097220023,0.3498429502841447,0.3500434529559932,-0.00014770837097220023,0.3498429502841447,0.35003775290279143,-0.00012598821990789867,0.34985829227046017,-0.3270457426654261,-1.4200823942767542,1.2360267639160156,-1.3860567251788538,-1.5710504690753382,2.737877607345581,0.0,0.0,-0.0,0.0,0.0,0.0,-0.32711774069710986,-1.4199703573520845,1.2359376551410612,-1.3858858688058584,-1.5710865877760254,2.737940639902474,-8.464079322498678e-05,0.0002152250032663372,-0.00018873081404791324,0.00046396274834250575,-6.210984999534261e-05,7.79886554595824e-05,-0.0013333627813235435,-8.03237424924352,-6.268332586302094,-0.9626186961285816,-8.889040790182394e-05,1.908147133170043e-06,28.0,28.0,14.0,6.0,6.0,6.0
0.7797732580085288,1.0,2.9881190659285866e-05,7.995770930886927e-05,0.3500434529559932,-0.00014770837097220023,0.3498429502841447,0.3500434529559932,-0.00014770837097220023,0.3498429502841447,0.3500356327729492,-0.0001262999839935797,0.3498622741362283,-0.3270457426654261,-1.4200823942767542,1.2360029220581055,-1.3860209623919886,-1.5710623900042933,2.737913131713867,0.0,0.0,-0.0,0.0,0.0,0.0,-0.3271181016801179,-1.4199694717450677,1.235936900494602,-1.3858840335787475,-1.571086870097786,2.73794098806097,-9.024575200736805e-05,0.00022140175420119404,-0.00018866161485024587,0.0004588067777099896,-7.058044017780658e-05,8.703962398060177e-05,-0.0013545832630191116,-8.032168944705786,-6.268127422762198,-0.9625992789619432,-8.708562525130327e-05,1.093369612423049e-06,28.0,28.0,14.0,6.0,6.0,6.0
0.7837732580085288,1.0,2.9881190659285866e-05,7.995770930886927e-05,0.3500434529559932,-0.00014770837097220023,0.3498429502841447,0.3500434529559932,-0.00014770837097220023,0.3498429502841447,0.3500356327729492,-0.0001262999839935797,0.3498622741362283,-0.3270457426654261,-1.4200823942767542,1.2360029220581055,-1.3860209623919886,-1.5710623900042933,2.737913131713867,0.0,0.0,-0.0,0.0,0.0,0.0,-0.32711848373777097,-1.4199685629134673,1.2359361461083316,-1.3858822177380863,-1.5710871842689658,2.7379413702511077,-9.551441326280644e-05,0.00022720790007995948,-0.00018859656760443857,0.0004539601653154244,-7.854279494932271e-05,9.554753439035998e-05,-0.0013545832630191116,-8.032168944705786,-6.268127422762198,-0.9625992789619432,-8.708562525130327e-05,1.093369612423049e-06,28.0,28.0,14.0,6.0,6.0,6.0
0.7888735560120552,1.0,2.9881190659285866e-05,7.995770930886927e-05,0.3500434529559932,-0.00014770837097220023,0.3498429502841447,0.3500434529559932,-0.00014770837097220023,0.3498429502841447,0.3500356327729492,-0.0001262999839935797,0.3498622741362283,-0.3270457426654261,-1.4200823942767542,1.2360029220581055,-1.3860209623919886,-1.5710623900042933,2.737913131713867,0.0,0.0,-0.0,0.0,0.0,0.0,-0.3271188856055903,-1.4199676322507584,1.2359353919666387,-1.3858804201206876,-1.5710875283785994,2.7379417844309883,-0.00010046695484291853,0.000232665677205999,-0.00018853542319337968,0.0004494043496645331,-8.602740843454788e-05,0.0001035449701755327,-0.0013545832630191116,-8.032168944705786,-6.268127422762198,-0.9625992789619432,-8.708562525130327e-05,1.093369612423049e-06,28.0,28.0,14.0,6.0,6.0,6.0
0.7928735560120552,1.0,5.105759677938898e-06,1.719674058159399e-05,0.3500434529559932,-0.00014770837097220023,0.3498429502841447,0.3500434529559932,-0.00014770837097220023,0.3498429502841447,0.35003897656439736,-0.00014618961856603308,0.3498448800746251,-0.3270934263812464,-1.420058552418844,1.2360386848449707,-1.3860333601581019,-1.5710862318622034,2.737901210784912,0.0,0.0,-0.0,0.0,0.0,0.0,-0.3271192633709709,-1.4199667279976838,1.2359346476315451,-1.3858786989634313,-1.5710878518415627,2.737942198164507,-9.444134514212118e-05,0.00022606326866674337,-0.0001860837733632763,0.00043028931407486945,-8.086574084764764e-05,0.00010343337960209726,-0.0001964572063785096,-8.034300755310362,-6.2688223827316785,-0.9627065668008854,-6.161813217537765e-05,2.733550582267212e-07,28.0,28.0,14.0,6.0,6.0,6.0
0.79754051803262,1.0,5.105759677938898e-06,1.719674058159399e-05,0.3500434529559932,-0.00014770837097220023,0.3498429502841447,0.3500434529559932,-0.00014770837097220023,0.3498429502841447,0.35003897656439736,-0.00014618961856603308,0.3498448800746251,-0.3270934263812464,-1.420058552418844,1.2360386848449707,-1.3860333601581019,-1.5710862318622034,2.737901210784912,0.0,0.0,-0.0,0.0,0.0,0.0,-0.327119618480059,-1.4199658485696651,1.2359339125146551,-1.3858770496787087,-1.571088155896656,2.7379426114784446,-8.877727202337168e-05,0.00021985700463984307,-0.00018377922252297912,0.00041232118062058565,-7.60137733159614e-05,0.00010332848446306794,-0.0001964572063785096,-8.034300755310362,-6.2688223827316785,-0.9627065668008854,-6.161813217537765e-05,2.733550582267212e-07,28.0,28.0,14.0,6.0,6.0,6.0
0.80154051803262,1.0,5.105759677938898e-06,1.719674058159399e-05,0.3500434529559932,-0.00014770837097220023,0.3498429502841447,0.3500434529559932,-0.00014770837097220023,0.3498429502841447,0.35003897656439736,-0.00014618961856603308,0.3498448800746251,-0.3270934263812464,-1.420058552418844,1.2360386848449707,-1.3860333601581019,-1.5710862318622034,2.737901210784912,0.0,0.0,-0.0,0.0,0.0,0.0,-0.3271199522922322,-1.4199649924771993,1.2359331860628762,-1.385875467954168,-1.5710884417083515,2.737943024397977,-8.345304329174714e-05,0.00021402311645455678,-0.00018161294473309977,0.0003954311351735589,-7.145292383617635e-05,0.00010322988303238038,-0.0001964572063785096,-8.034300755310362,-6.2688223827316785,-0.9627065668008854,-6.161813217537765e-05,2.733550582267212e-07,28.0,28.0,14.0,6.0,6.0,6.0
0.8064627330154184,1.0,2.7677332876996542e-05,7.784338085151155e-05,0.3500434529559932,-0.00014770837097220023,0.3498429502841447,0.3500434529559932,-0.00014770837097220023,0.3498429502841447,0.35002914796778795,-0.00013558071790286977,0.3498633051876979,-0.32706958452333623,-1.4201067129718226,1.2360267639160156,-1.3860209623919886,-1.5710986296283167,2.737889051437378,0.0,0.0,-0.0,0.0,0.0,0.0,-0.32712029360341216,-1.4199640908474285,1.2359324386955577,-1.385873890499199,-1.5710886849665042,2.737943483159883,-8.5327794989793e-05,0.00022540744272263644,-0.00018684182960255338,0.0003943637422497779,-6.0814538196542614e-05,0.00011469047649483299,-0.0011773913970863404,-8.031591839283353,-6.268068518795422,-0.9625970451052214,-7.067748146382073e-05,1.0988105125954235e-06,28.0,28.0,14.0,6.0,6.0,6.0
0.8104627330154184,1.0,2.7677332876996542e-05,7.784338085151155e-05,0.3500434529559932,-0.00014770837097220023,0.3498429502841447,0.3500434529559932,-0.00014770837097220023,0.3498429502841447,0.35002914796778795,-0.00013558071790286977,0.3498633051876979,-0.32706958452333623,-1.4201067129718226,1.2360267639160156,-1.3860209623919886,-1.5710986296283167,2.737889051437378,0.0,0.0,-0.0,0.0,0.0,0.0,-0.3271206419636585,-1.4199631464125908,1.235931671667632,-1.3858723170576273,-1.571088888224327,2.73794398501362,-8.70900615859561e-05,0.00023610870941463132,-0.00019175698137983976,0.0003933603929014238,-5.08144556952869e-05,0.00012546343434953843,-0.0011773913970863404,-8.031591839283353,-6.268068518795422,-0.9625970451052214,-7.067748146382073e-05,1.0988105125954235e-06,28.0,28.0,14.0,6.0,6.0,6.0
0.8156473230170089,1.0,2.7677332876996542e-05,7.784338085151155e-05,0.3500434529559932,-0.00014770837097220023,0.3498429502841447,0.3500434529559932,-0.00014770837097220023,0.3498429502841447,0.35002914796778795,-0.00013558071790286977,0.3498633051876979,-0.32706958452333623,-1.4201067129718226,1.2360267639160156,-1.3860209623919886,-1.5710986296283167,2.737889051437378,0.0,0.0,-0.0,0.0,0.0,0.0,-0.3271209969500272,-1.4199621617409903,1.235930886158736,-1.3858707473886491,-1.5710890538818396,2.737944527373679,-8.87465921863494e-05,0.00024616790010510654,-0.00019637722405048898,0.0003924172445139709,-4.1414378144106536e-05,0.00013559001473296154,-0.0011773913970863404,-8.031591839283353,-6.268068518795422,-0.9625970451052214,-7.067748146382073e-05,1.0988105125954235e-06,28.0,28.0,14.0,6.0,6.0,6.0
0.8196473230170089,1.0,4.979967478282066e-06,3.6410004779630466e-05,0.3500434529559932,-0.00014770837097220023,0.3498429502841447,0.3500434529559932,-0.00014770837097220023,0.3498429502841447,0.3500442618461069,-0.00014591257322835082,0.3498475242193576,-0.3270815054522913,-1.4200347105609339,1.2360029220581055,-1.3860333601581019,-1.5711105505572718,2.7379369735717773,0.0,0.0,-0.0,0.0,0.0,0.0,-0.3271213489605258,-1.419961228807569,1.2359301412182027,-1.3858692228764413,-1.5710891597907397,2.737944994455363,-8.800262464938087e-05,0.0002332333553422624,-0.00018623513333661156,0.000381128051958685,-2.6477225010425647e-05,0.00011677042100891319,-0.0003659408044205655,-8.034734038558726,-6.268758053095892,-0.9626803832365342,-6.340171190971877e-05,-2.736060833057476e-07,28.0,28.0,14.0,6.0,6.0,6.0
0.8236473230170089,1.0,4.979967478282066e-06,3.6410004779630466e-05,0.3500434529559932,-0.00014770837097220023,0.3498429502841447,0.3500434529559932,-0.00014770837097220023,0.3498429502841447,0.3500442618461069,-0.00014591257322835082,0.3498475242193576,-0.3270815054522913,-1.4200347105609339,1.2360029220581055,-1.3860333601581019,-1.5711105505572718,2.7379369735717773,0.0,0.0,-0.0,0.0,0.0,0.0,-0.32712169817370645,-1.4199603445080358,1.2359294344119305,-1.3858677408115976,-1.5710892095359439,2.7379453907753746,-8.730329516463046e-05,0.0002210748832651889,-0.00017670156806556678,0.0003705162109567163,-1.2436301064765614e-05,9.908000290830774e-05,-0.0003659408044205655,-8.034734038558726,-6.268758053095892,-0.9626803832365342,-6.340171190971877e-05,-2.736060833057476e-07,28.0,28.0,14.0,6.0,6.0,6.0
0.8276473230170089,1.0,4.979967478282066e-06,3.6410004779630466e-05,0.3500434529559932,-0.00014770837097220023,0.3498429502841447,0.3500434529559932,-0.00014770837097220023,0.3498429502841447,0.3500442618461069,-0.00014591257322835082,0.3498475242193576,-0.3270815054522913,-1.4200347105609339,1.2360029220581055,-1.3860333601581019,-1.5711105505572718,2.7379369735717773,0.0,0.0,-0.0,0.0,0.0,0.0,-0.32712204475740825,-1.4199595059243577,1.2359287634518636,-1.3858662986472758,-1.5710892064872741,2.737945720579414,-8.664592544896507e-05,0.00020964591951273982,-0.00016774001671078468,0.00036054108041486566,7.621674441548183e-07,8.245100989373862e-05,-0.0003659408044205655,-8.034734038558726,-6.268758053095892,-0.9626803832365342,-6.340171190971877e-05,-2.736060833057476e-07,28.0,28.0,14.0,6.0,6.0,6.0
0.8321005860297013,1.0,2.5121667698628716e-05,8.430055089934856e-05,0.3500434529559932,-0.00014770837097220023,0.3498429502841447,0.3500434529559932,-0.00014770837097220023,0.3498429502841447,0.3500376086871289,-0.0001321745377095628,0.34986180877649087,-0.32705766359438115,-1.4200823942767542,1.2360148429870605,-1.3860567251788538,-1.5710743109332483,2.7379491329193115,0.0,0.0,-0.0,0.0,0.0,0.0,-0.32712240411004717,-1.419958632577776,1.2359280553893046,-1.3858647798375794,-1.5710892280039315,2.737945996541938,-8.98381597250152e-05,0.00021833664545209706,-0.0001770156397311175,0.0003797024240885621,-5.3791643409001715e-06,6.899063098569614e-05,-0.001209053049181329,-8.032245640464987,-6.2682140223742735,-0.962591245810873,-7.981813061158519e-05,-6.0124789450723684e-09,28.0,28.0,14.0,6.0,6.0,6.0
0.8361005860297013,1.0,2.5121667698628716e-05,8.430055089934856e-05,0.3500434529559932,-0.00014770837097220023,0.3498429502841447,0.3500434529559932,-0.00014770837097220023,0.3498429502841447,0.3500376086871289,-0.0001321745377095628,0.34986180877649087,-0.32705766359438115,-1.4200823942767542,1.2360148429870605,-1.3860567251788538,-1.5710743109332483,2.7379491329193115,0.0,0.0,-0.0,0.0,0.0,0.0,-0.32712277546548696,-1.4199577265540646,1.235927312450403,-1.3858631889812307,-1.5710892726119963,2.7379462218934374,-9.283885994450232e-05,0.00022650592783509286,-0.00018573472537023036,0.00039771408714183674,-1.1152016218851861e-05,5.6337874812136196e-05,-0.001209053049181329,-8.032245640464987,-6.2682140223742735,-0.962591245810873,-7.981813061158519e-05,-6.0124789450723684e-09,28.0,28.0,14.0,6.0,6.0,6.0
0.8411213410526983,1.0,2.5121667698628716e-05,8.430055089934856e-05,0.3500434529559932,-0.00014770837097220023,0.3498429502841447,0.3500434529559932,-0.00014770837097220023,0.3498429502841447,0.3500376086871289,-0.0001321745377095628,0.34986180877649087,-0.32705766359438115,-1.4200823942767542,1.2360148429870605,-1.3860567251788538,-1.5710743109332483,2.7379491329193115,0.0,0.0,-0.0,0.0,0.0,0.0,-0.3271231581035596,-1.4199567898138514,1.2359265367277397,-1.385861530401029,-1.5710893389259841,2.7379463996705735,-9.565951815082021e-05,0.00023418505327510892,-0.00019393066587099645,0.00041464505041191493,-1.657849698412645e-05,4.444428400898986e-05,-0.001209053049181329,-8.032245640464987,-6.2682140223742735,-0.962591245810873,-7.981813061158519e-05,-6.0124789450723684e-09,28.0,28.0,14.0,6.0,6.0,6.0
0.8451213410526983,1.0,2.4638258823221373e-06,2.665292522021755e-05,0.3500434529559932,-0.00014770837097220023,0.3498429502841447,0.3500434529559932,-0.00014770837097220023,0.3498429502841447,0.3500411618395062,-0.00014693103981102627,0.3498434160947147,-0.3270934263812464,-1.4200347105609339,1.2360029220581055,-1.3859851996051233,-1.5710862318622034,2.7379250526428223,0.0,0.0,-0.0,0.0,0.0,0.0,-0.32712351778129,-1.4199559194015747,1.2359258415327012,-1.3858600440227162,-1.571089401261474,2.737946542369077,-8.991943260432181e-05,0.0002176030691932207,-0.0001737987596072671,0.0003715945782193625,-1.5583872455405484e-05,3.5674625931568876e-05,4.904810371941368e-05,-8.0351373275867,-6.268821263299347,-0.9627213750903909,-6.161357920968513e-05,-2.732789581187114e-07,28.0,28.0,14.0,6.0,6.0,6.0
0.8497111350526105,1.0,2.4638258823221373e-06,2.665292522021755e-05,0.3500434529559932,-0.00014770837097220023,0.3498429502841447,0.3500434529559932,-0.00014770837097220023,0.3498429502841447,0.3500411618395062,-0.00014693103981102627,0.3498434160947147,-0.3270934263812464,-1.4200347105609339,1.2360029220581055,-1.3859851996051233,-1.5710862318622034,2.7379250526428223,0.0,0.0,-0.0,0.0,0.0,0.0,-0.3271238558762988,-1.4199551113375581,1.2359252220336303,-1.3858587195141787,-1.5710894598571756,2.7379466520936666,-8.452375219061331e-05,0.00020201600415624578,-0.00015487476771936152,0.00033112713435836326,-1.4648925398407776e-05,2.7431147338793156e-05,4.904810371941368e-05,-8.0351373275867,-6.268821263299347,-0.9627213750903909,-6.161357920968513e-05,-2.732789581187114e-07,28.0,28.0,14.0,6.0,6.0,6.0
0.8537111350526105,1.0,2.4638258823221373e-06,2.665292522021755e-05,0.3500434529559932,-0.00014770837097220023,0.3498429502841447,0.3500434529559932,-0.00014770837097220023,0.3498429502841447,0.3500411618395062,-0.00014693103981102627,0.3498434160947147,-0.3270934263812464,-1.4200347105609339,1.2360029220581055,-1.3859851996051233,-1.5710862318622034,2.7379250526428223,0.0,0.0,-0.0,0.0,0.0,0.0,-0.3271241736835492,-1.419954361880906,1.235924673688769,-1.3858575471632302,-1.5710895149374764,2.7379467308227765,-7.945181260172732e-05,0.00018736416302148935,-0.00013708621534473027,0.0002930877371290239,-1.377007516482993e-05,1.968227746158398e-05,4.904810371941368e-05,-8.0351373275867,-6.268821263299347,-0.9627213750903909,-6.161357920968513e-05,-2.732789581187114e-07,28.0,28.0,14.0,6.0,6.0,6.0
0.8586713410697415,1.0,1.0451956397436067e-05,5.87915943856038e-05,0.3500434529559932,-0.00014770837097220023,0.3498429502841447,0.3500434529559932,-0.00014770837097220023,0.3498429502841447,0.35003834204973605,-0.00015225094263741147,0.34985085516064157,-0.32710534731020147,-1.420058552418844,1.2360148429870605,-1.3860209623919886,-1.5711105505572718,2.7379491329193115,0.0,0.0,-0.0,0.0,0.0,0.0,-0.3271244663926829,-1.4199536260153052,1.23592414009723,-1.3858564095654529,-1.571089516920424,2.7379467127138866,-7.317728343224262e-05,0.0001839664002445602,-0.0001333978847349045,0.00028439944432497743,-4.957369044427477e-07,-4.527222536372504e-06,-7.999743184785878e-05,-8.034031836029708,-6.268594288869674,-0.9626645321244003,-5.247389784620113e-05,-1.0993838528038593e-06,28.0,28.0,14.0,6.0,6.0,6.0
0.8626713410697415,1.0,1.0451956397436067e-05,5.87915943856038e-05,0.3500434529559932,-0.00014770837097220023,0.3498429502841447,0.3500434529559932,-0.00014770837097220023,0.3498429502841447,0.35003834204973605,-0.00015225094263741147,0.34985085516064157,-0.32710534731020147,-1.420058552418844,1.2360148429870605,-1.3860209623919886,-1.5711105505572718,2.7379491329193115,0.0,0.0,-0.0,0.0,0.0,0.0,-0.32712473550958693,-1.4199529029252922,1.2359236203738142,-1.3858553046356565,-1.5710894689918597,2.7379466035772766,-6.727922601292702e-05,0.00018077250323424683,-0.00012993085396166828,0.00027623244908917373,1.1982141060321203e-05,-2.7284152534451597e-05,-7.999743184785878e-05,-8.034031836029708,-6.268594288869674,-0.9626645321244003,-5.247389784620113e-05,-1.0993838528038593e-06,28.0,28.0,14.0,6.0,6.0,6.0
0.8676434200818188,1.0,1.0451956397436067e-05,5.87915943856038e-05,0.3500434529559932,-0.00014770837097220023,0.3498429502841447,0.3500434529559932,-0.00014770837097220023,0.3498429502841447,0.35003834204973605,-0.00015225094263741147,0.34985085516064157,-0.32710534731020147,-1.420058552418844,1.2360148429870605,-1.3860209623919886,-1.5711105505572718,2.7379491329193115,0.0,0.0,-0.0,0.0,0.0,0.0,-0.3271249824497951,-1.419952191844332,1.2359231136864341,-1.3858542304137622,-1.5710893741464744,2.7379464088746097,-6.173505203877035e-05,0.00017777024004455224,-0.00012667184503482623,0.00026855547356751823,2.3711346347199317e-05,-4.8675666732645944e-05,-7.999743184785878e-05,-8.034031836029708,-6.268594288869674,-0.9626645321244003,-5.247389784620113e-05,-1.0993838528038593e-06,28.0,28.0,14.0,6.0,6.0,6.0
0.8716434200818188,1.0,4.124864419364513e-06,5.960465223479402e-05,0.3500434529559932,-0.00014770837097220023,0.3498429502841447,0.3500434529559932,-0.00014770837097220023,0.3498429502841447,0.35004167467093483,-0.00014401207325010135,0.3498433857056404,-0.3270934263812464,-1.420046631489889,1.2360267639160156,-1.3860209623919886,-1.5710504690753382,2.737865447998047,0.0,0.0,-0.0,0.0,0.0,0.0,-0.327125205550012,-1.4199515070181166,1.2359226202705065,-1.3858532199273854,-1.5710893582266583,2.737946332533928,-5.577505423028831e-05,0.00017120655386818412,-0.00012335398193236464,0.00025262159417845006,3.979954046663929e-06,-1.90851703961268e-05,2.2962573415229685e-05,-8.034744578248299,-6.268868315373672,-0.96271638369428,-6.702436414148312e-05,1.0937499993885884e-06,28.0,28.0,14.0,6.0,6.0,6.0
0.8762130310991783,1.0,4.124864419364513e-06,5.960465223479402e-05,0.3500434529559932,-0.00014770837097220023,0.3498429502841447,0.3500434529559932,-0.00014770837097220023,0.3498429502841447,0.35004167467093483,-0.00014401207325010135,0.3498433857056404,-0.3270934263812464,-1.420046631489889,1.2360267639160156,-1.3860209623919886,-1.5710504690753382,2.737865447998047,0.0,0.0,-0.0,0.0,0.0,0.0,-0.3271254062406372,-1.419950846871361,1.235922139329744,-1.3858522693523951,-1.5710894164968772,2.7379463674535125,-5.017265629031519e-05,0.00016503668886239808,-0.00012023519061605074,0.000237643747552726,-1.4567554715839335e-05,8.7298961602012e-06,2.2962573415229685e-05,-8.034744578248299,-6.268868315373672,-0.96271638369428,-6.702436414148312e-05,1.0937499993885884e-06,28.0,28.0,14.0,6.0,6.0,6.0
0.8802130310991783,1.0,4.713914733734934e-06,2.0924583870370954e-05,0.3500434529559932,-0.00014770837097220023,0.3498429502841447,0.3500434529559932,-0.00014770837097220023,0.3498429502841447,0.35004089214652484,-0.00014791176445791074,0.34984690273630425,-0.3270934263812464,-1.420046631489889,1.2360148429870605,-1.3860209623919886,-1.5710986296283167,2.737901210784912,0.0,0.0,-0.0,0.0,0.0,0.0,-0.3271255980255612,-1.4199502106915929,1.2359216782291036,-1.385851358027065,-1.5710894458827198,2.7379464215563996,-4.794623099908227e-05,0.0001590449420275545,-0.00011527516006798076,0.00022783133250831977,-7.3464606704031925e-06,1.352572173445026e-05,-0.00015608653615955298,-8.034532812239839,-6.268745641340365,-0.9626907759185624,-5.9740899257381755e-05,2.733565339892315e-07,28.0,28.0,14.0,6.0,6.0,6.0
0.8855092210774314,1.0,4.713914733734934e-06,2.0924583870370954e-05,0.3500434529559932,-0.00014770837097220023,0.3498429502841447,0.3500434529559932,-0.00014770837097220023,0.3498429502841447,0.35004089214652484,-0.00014791176445791074,0.34984690273630425,-0.3270934263812464,-1.420046631489889,1.2360148429870605,-1.3860209623919886,-1.5710986296283167,2.737901210784912,0.0,0.0,-0.0,0.0,0.0,0.0,-0.3271257814391261,-1.419949597040793,1.2359212357781781,-1.3858504835964156,-1.5710894481172488,2.7379464936915907,-4.585339122532331e-05,0.0001534127000028015,-0.00011061273135279498,0.0002186076623665779,-5.586322676932188e-07,1.803379777424438e-05,-0.00015608653615955298,-8.034532812239839,-6.268745641340365,-0.9626907759185624,-5.9740899257381755e-05,2.733565339892315e-07,28.0,28.0,14.0,6.0,6.0,6.0
0.8895092210774314,1.0,4.713914733734934e-06,2.0924583870370954e-05,0.3500434529559932,-0.00014770837097220023,0.3498429502841447,0.3500434529559932,-0.00014770837097220023,0.3498429502841447,0.35004089214652484,-0.00014791176445791074,0.34984690273630425,-0.3270934263812464,-1.420046631489889,1.2360148429870605,-1.3860209623919886,-1.5710986296283167,2.737901210784912,0.0,0.0,-0.0,0.0,0.0,0.0,-0.3271259569836134,-1.419949004567223,1.2359208108579847,-1.3858496438467658,-1.571089424829543,2.737946582777148,-4.38861218379899e-05,0.0001481183924995337,-0.00010623004836052035,0.00020993741243334056,5.821926430854156e-06,2.2271389251650847e-05,-0.00015608653615955298,-8.034532812239839,-6.268745641340365,-0.9626907759185624,-5.9740899257381755e-05,2.733565339892315e-07,28.0,28.0,14.0,6.0,6.0,6.0
0.8945097930596679,1.0,4.713914733734934e-06,2.0924583870370954e-05,0.3500434529559932,-0.00014770837097220023,0.3498429502841447,0.3500434529559932,-0.00014770837097220023,0.3498429502841447,0.35004089214652484,-0.00014791176445791074,0.34984690273630425,-0.3270934263812464,-1.420046631489889,1.2360148429870605,-1.3860209623919886,-1.5710986296283167,2.737901210784912,0.0,0.0,-0.0,0.0,0.0,0.0,-0.32712612513116784,-1.4199484320002491,1.2359204024166792,-1.385848836697256,-1.5710893775509367,2.737946687796049,-4.203688861389649e-05,0.00014314174344646195,-0.0001021103263477822,0.00020178737749609746,1.181965160748869e-05,2.6254725240412927e-05,-0.00015608653615955298,-8.034532812239839,-6.268745641340365,-0.9626907759185624,-5.9740899257381755e-05,2.733565339892315e-07,28.0,28.0,14.0,6.0,6.0,6.0
0.8985097930596679,1.0,2.3074560865950064e-05,7.733625140653899e-05,0.3500434529559932,-0.00014770837097220023,0.3498429502841447,0.3500434529559932,-0.00014770837097220023,0.3498429502841447,0.3500389487902328,-0.00012638570776881,0.34983536794388104,-0.327033821736471,-1.4200347105609339,1.2360267639160156,-1.3859732786761683,-1.5710986296283167,2.7379250526428223,0.0,0.0,-0.0,0.0,0.0,0.0,-0.3271263472182599,-1.4199479207714356,1.2359200628266174,-1.3858482173920006,-1.5710893076791865,2.737946820140904,-5.552177301095927e-05,0.00012780720336060875,-8.489751545244982e-05,0.00015482631382771525,1.7467937521148097e-05,3.308621380306541e-05,-0.0010374090737104646,-8.035221320243751,-6.269060107883258,-0.9627923948115448,-8.706515757196089e-05,1.0941543472414338e-06,28.0,28.0,14.0,6.0,6.0,6.0
0.9030960250708744,1.0,2.3074560865950064e-05,7.733625140653899e-05,0.3500434529559932,-0.00014770837097220023,0.3498429502841447,0.3500434529559932,-0.00014770837097220023,0.3498429502841447,0.3500389487902328,-0.00012638570776881,0.34983536794388104,-0.327033821736471,-1.4200347105609339,1.2360267639160156,-1.3859732786761683,-1.5710986296283167,2.7379250526428223,0.0,0.0,-0.0,0.0,0.0,0.0,-0.3271266200085173,-1.4199474672004928,1.2359197879567245,-1.3858477746603446,-1.5710892165698813,2.737946978172156,-6.819756434419828e-05,0.00011339273567990674,-6.871747321083739e-05,0.00011068291397943597,2.277732627998794e-05,3.9507813051958746e-05,-0.0010374090737104646,-8.035221320243751,-6.269060107883258,-0.9627923948115448,-8.706515757196089e-05,1.0941543472414338e-06,28.0,28.0,14.0,6.0,6.0,6.0
0.9070960250708744,1.0,1.7009731377967066e-05,4.768371582483001e-05,0.3500434529559932,-0.00014770837097220023,0.3498429502841447,0.3500434529559932,-0.00014770837097220023,0.3498429502841447,0.35003713818736976,-0.0001330458993227773,0.34984882110895155,-0.32705766359438115,-1.420058552418844,1.2360148429870605,-1.3859971205340784,-1.5710862318622034,2.737901210784912,0.0,0.0,-0.0,0.0,0.0,0.0,-0.3271269129849202,-1.4199470167906627,1.2359195299795562,-1.3858473829428846,-1.571089130901191,2.737947187824211,-7.32441007313141e-05,0.0001126024574973161,-6.44942920577003e-05,9.792936497888314e-05,2.1417172601572986e-05,5.2413013753250743e-05,-0.0008695815543306964,-8.033829582289973,-6.268601778312719,-0.9626930846909224,-7.801193446171307e-05,1.0937497309908128e-06,28.0,28.0,14.0,6.0,6.0,6.0
0.9119968700713947,1.0,1.7009731377967066e-05,4.768371582483001e-05,0.3500434529559932,-0.00014770837097220023,0.3498429502841447,0.3500434529559932,-0.00014770837097220023,0.3498429502841447,0.35003713818736976,-0.0001330458993227773,0.34984882110895155,-0.32705766359438115,-1.420058552418844,1.2360148429870605,-1.3859971205340784,-1.5710862318622034,2.737901210784912,0.0,0.0,-0.0,0.0,0.0,0.0,-0.3271272249362999,-1.4199465693522786,1.235919287881549,-1.385847039178769,-1.5710890503466783,2.7379474459998208,-7.798784493520295e-05,0.00011185959600568091,-6.0524501773751433e-05,8.594102891836348e-05,2.013862814386293e-05,6.454390241246522e-05,-0.0008695815543306964,-8.033829582289973,-6.268601778312719,-0.9626930846909224,-7.801193446171307e-05,1.0937497309908128e-06,28.0,28.0,14.0,6.0,6.0,6.0
0.9159968700713947,1.0,1.7009731377967066e-05,4.768371582483001e-05,0.3500434529559932,-0.00014770837097220023,0.3498429502841447,0.3500434529559932,-0.00014770837097220023,0.3498429502841447,0.35003713818736976,-0.0001330458993227773,0.34984882110895155,-0.32705766359438115,-1.420058552418844,1.2360148429870605,-1.3859971205340784,-1.5710862318622034,2.737901210784912,0.0,0.0,-0.0,0.0,0.0,0.0,-0.3271275547241579,-1.4199461247070537,1.2359190607099535,-1.3858467404907968,-1.571088974599493,2.7379477497875717,-8.244696448685848e-05,0.00011116130620354383,-5.67928989068395e-05,7.4671993021475e-05,1.8936796353615476e-05,7.594693775212684e-05,-0.0008695815543306964,-8.033829582289973,-6.268601778312719,-0.9626930846909224,-7.801193446171307e-05,1.0937497309908128e-06,28.0,28.0,14.0,6.0,6.0,6.0
0.9212455710675571,1.0,2.3039845893799505e-05,3.786263373607513e-05,0.3500434529559932,-0.00014770837097220023,0.3498429502841447,0.3500434529559932,-0.00014770837097220023,0.3498429502841447,0.3500350688813498,-0.00013341611985856315,0.3498589588240309,-0.32705766359438115,-1.420058552418844,1.235966682434082,-1.385949436818258,-1.5710986296283167,2.737913131713867,0.0,0.0,-0.0,0.0,0.0,0.0,-0.3271279044109911,-1.419945683996369,1.2359188980947389,-1.385846532414684,-1.571088877983007,2.7379480689039943,-8.742170829862772e-05,0.00011017767121556544,-4.0653803636098794e-05,5.201902816992617e-05,2.415412148909565e-05,7.977910568158957e-05,-0.0009360841418991562,-8.03324900479431,-6.268156736360914,-0.9626320191347697,-7.613404754601801e-05,8.20308991181284e-07,28.0,28.0,14.0,6.0,6.0,6.0
0.9252455710675571,1.0,2.3039845893799505e-05,3.786263373607513e-05,0.3500434529559932,-0.00014770837097220023,0.3498429502841447,0.3500434529559932,-0.00014770837097220023,0.3498429502841447,0.3500350688813498,-0.00013341611985856315,0.3498589588240309,-0.32705766359438115,-1.420058552418844,1.235966682434082,-1.385949436818258,-1.5710986296283167,2.737913131713867,0.0,0.0,-0.0,0.0,0.0,0.0,-0.32712827280286105,-1.4199452469841516,1.2359187961625226,-1.3858464095137193,-1.5710887617493785,2.7379484024293683,-9.20979674816908e-05,0.00010925305432686575,-2.5483054081602528e-05,3.072524120947026e-05,2.9058407116447012e-05,8.338134353528454e-05,-0.0009360841418991562,-8.03324900479431,-6.268156736360914,-0.9626320191347697,-7.613404754601801e-05,8.20308991181284e-07,28.0,28.0,14.0,6.0,6.0,6.0
0.930055000063498,1.0,2.3039845893799505e-05,3.786263373607513e-05,0.3500434529559932,-0.00014770837097220023,0.3498429502841447,0.3500434529559932,-0.00014770837097220023,0.3498429502841447,0.3500350688813498,-0.00013341611985856315,0.3498589588240309,-0.32705766359438115,-1.420058552418844,1.235966682434082,-1.385949436818258,-1.5710986296283167,2.737913131713867,0.0,0.0,-0.0,0.0,0.0,0.0,-0.3271286587774655,-1.4199448134484938,1.2359187512723246,-1.3858463666773935,-1.5710886270756361,2.737948749499157,-9.649365111377009e-05,0.00010838391445148804,-1.1222549500376039e-05,1.070908146664171e-05,3.3668435606157296e-05,8.676744711775781e-05,-0.0009360841418991562,-8.03324900479431,-6.268156736360914,-0.9626320191347697,-7.613404754601801e-05,8.20308991181284e-07,28.0,28.0,14.0,6.0,6.0,6.0
0.934055000063498,1.0,9.98203126017437e-06,6.041068952469301e-05,0.3500434529559932,-0.00014770837097220023,0.3498429502841447,0.3500434529559932,-0.00014770837097220023,0.3498429502841447,0.3500423669964382,-0.00013796212923560103,0.34984108684325865,-0.32706958452333623,-1.4200227896319788,1.2359905242919922,-1.3859613577472132,-1.5710743109332483,2.737901210784912,0.0,0.0,-0.0,0.0,0.0,0.0,-0.32712904293800765,-1.4199444366822074,1.2359187753743475,-1.3858464586210115,-1.5710885248763329,2.737949127643102,-9.604013553701535e-05,9.419157157108437e-05,6.0255057327509915e-06,-2.2985904505530612e-05,2.5549825806962216e-05,9.453598625576354e-05,-0.0002363854069253908,-8.035476262678667,-6.268866943612309,-0.9627440229209888,-7.43441997836758e-05,8.206197702845227e-07,28.0,28.0,14.0,6.0,6.0,6.0
0.9389036070643928,1.0,9.98203126017437e-06,6.041068952469301e-05,0.3500434529559932,-0.00014770837097220023,0.3498429502841447,0.3500434529559932,-0.00014770837097220023,0.3498429502841447,0.3500423669964382,-0.00013796212923560103,0.34984108684325865,-0.32706958452333623,-1.4200227896319788,1.2359905242919922,-1.3859613577472132,-1.5710743109332483,2.737901210784912,0.0,0.0,-0.0,0.0,0.0,0.0,-0.32712942539333123,-1.4199441132791304,1.2359188643290582,-1.3858466772577769,-1.5710884532030025,2.737949534996754,-9.561383089486589e-05,8.085076926350493e-05,2.2238677651890398e-05,-5.4659191319372596e-05,1.7918332595718843e-05,0.00010183841304548893,-0.0002363854069253908,-8.035476262678667,-6.268866943612309,-0.9627440229209888,-7.43441997836758e-05,8.206197702845227e-07,28.0,28.0,14.0,6.0,6.0,6.0
0.9429036070643928,1.0,1.1211806506447953e-05,6.24001493116876e-05,0.3500434529559932,-0.00014770837097220023,0.3498429502841447,0.3500434529559932,-0.00014770837097220023,0.3498429502841447,0.3500355043330007,-0.00013980724912549222,0.34984326056018983,-0.3270815054522913,-1.420046631489889,1.2360029220581055,-1.3859370390521448,-1.5710743109332483,2.737913131713867,0.0,0.0,-0.0,0.0,0.0,0.0,-0.3271297940721973,-1.4199438213019768,1.2359190135588431,-1.3858470594083656,-1.5710884102330038,2.7379499331531174,-9.216971651147102e-05,7.299428837016444e-05,3.7307446260550906e-05,-9.553764717746576e-05,1.0742499654639644e-05,9.953909087010636e-05,-0.00015051465190947533,-8.034773436983187,-6.268717628459595,-0.9627416382962485,-6.888167014134528e-05,2.738287156796604e-07,28.0,28.0,14.0,6.0,6.0,6.0
0.9482354130588941,1.0,1.1211806506447953e-05,6.24001493116876e-05,0.3500434529559932,-0.00014770837097220023,0.3498429502841447,0.3500434529559932,-0.00014770837097220023,0.3498429502841447,0.3500355043330007,-0.00013980724912549222,0.34984326056018983,-0.3270815054522913,-1.420046631489889,1.2360029220581055,-1.3859370390521448,-1.5710743109332483,2.737913131713867,0.0,0.0,-0.0,0.0,0.0,0.0,-0.32713014980119326,-1.4199435588651914,1.2359192194471982,-1.3858475952619485,-1.5710883942441372,2.7379503226640294,-8.893224899107986e-05,6.560919633042439e-05,5.1472088752691785e-05,-0.0001339633956840733,3.997216690025197e-06,9.737772802524674e-05,-0.00015051465190947533,-8.034773436983187,-6.268717628459595,-0.9627416382962485,-6.888167014134528e-05,2.738287156796604e-07,28.0,28.0,14.0,6.0,6.0,6.0
0.9522354130588941,1.0,1.1211806506447953e-05,6.24001493116876e-05,0.3500434529559932,-0.00014770837097220023,0.3498429502841447,0.3500434529559932,-0.00014770837097220023,0.3498429502841447,0.3500355043330007,-0.00013980724912549222,0.34984326056018983,-0.3270815054522913,-1.420046631489889,1.2360029220581055,-1.3859370390521448,-1.5710743109332483,2.737913131713867,0.0,0.0,-0.0,0.0,0.0,0.0,-0.32713049335731137,-1.4199433241963522,1.235919478594609,-1.3858482755963455,-1.5710884036175343,2.737950704048217,-8.588902952191217e-05,5.866720981306874e-05,6.478685269530422e-05,-0.00017008359928028443,-2.343349296712383e-06,9.534604695107869e-05,-0.00015051465190947533,-8.034773436983187,-6.268717628459595,-0.9627416382962485,-6.888167014134528e-05,2.738287156796604e-07,28.0,28.0,14.0,6.0,6.0,6.0
0.9568952520624738,1.0,1.1211806506447953e-05,6.24001493116876e-05,0.3500434529559932,-0.00014770837097220023,0.3498429502841447,0.3500434529559932,-0.00014770837097220023,0.3498429502841447,0.3500355043330007,-0.00013980724912549222,0.34984326056018983,-0.3270815054522913,-1.420046631489889,1.2360029220581055,-1.3859370390521448,-1.5710743109332483,2.737913131713867,0.0,0.0,-0.0,0.0,0.0,0.0,-0.32713082547092426,-1.4199431156293822,1.2359197878055324,-1.3858490917427082,-1.5710884368314597,2.737951077793284,-8.302840322089453e-05,5.2141742486754426e-05,7.73027308013599e-05,-0.00020403659066072286,-8.303481324245707e-06,9.343626674136073e-05,-0.00015051465190947533,-8.034773436983187,-6.268717628459595,-0.9627416382962485,-6.888167014134528e-05,2.738287156796604e-07,28.0,28.0,14.0,6.0,6.0,6.0
0.9608952520624738,1.0,1.3861275984714437e-05,6.203988900987507e-05,0.3500434529559932,-0.00014770837097220023,0.3498429502841447,0.3500434529559932,-0.00014770837097220023,0.3498429502841447,0.35003128158970387,-0.00014465108987619867,0.34984883635642383,-0.3270934263812464,-1.420058552418844,1.2359905242919922,-1.3859131971942347,-1.5710986296283167,2.737901210784912,0.0,0.0,-0.0,0.0,0.0,0.0,-0.3271311407919206,-1.4199429222241768,1.235920159837695,-1.3858500597174295,-1.5710884426637834,2.7379514503927536,-7.883024908919654e-05,4.8351301341885715e-05,9.300804065146322e-05,-0.00024199368029548322,-1.4580809439942596e-06,9.314986736429043e-05,-9.362980353421288e-05,-8.034202008900316,-6.2684663086286525,-0.9627099655391376,-5.973919906518102e-05,2.7384232929138643e-07,28.0,28.0,14.0,6.0,6.0,6.0
0.9659468740550805,1.0,1.3861275984714437e-05,6.203988900987507e-05,0.3500434529559932,-0.00014770837097220023,0.3498429502841447,0.3500434529559932,-0.00014770837097220023,0.3498429502841447,0.35003128158970387,-0.00014465108987619867,0.34984883635642383,-0.3270934263812464,-1.420058552418844,1.2359905242919922,-1.3859131971942347,-1.5710986296283167,2.737901210784912,0.0,0.0,-0.0,0.0,0.0,0.0,-0.32713144032785746,-1.41994274307103,1.2359205909218227,-1.3858511704108076,-1.5710884227574018,2.7379518219153614,-7.488398420540043e-05,4.478828666570913e-05,0.00010777103191056036,-0.00027767334455215795,4.9765954134421005e-06,9.288065194984435e-05,-9.362980353421288e-05,-8.034202008900316,-6.2684663086286525,-0.9627099655391376,-5.973919906518102e-05,2.7384232929138643e-07,28.0,28.0,14.0,6.0,6.0,6.0
0.9699468740550805,1.0,2.0220253946093998e-05,9.690266717493154e-05,0.3500434529559932,-0.00014770837097220023,0.3498429502841447,0.3500434529559932,-0.00014770837097220023,0.3498429502841447,0.3500366100264592,-0.00013393893889809008,0.34982981880572855,-0.32705766359438115,-1.4200347105609339,1.2360386848449707,-1.385949436818258,-1.5710986296283167,2.7379369735717773,0.0,0.0,-0.0,0.0,0.0,0.0,-0.3271317615525227,-1.4199426167582783,1.2359210609170237,-1.385852432447364,-1.5710883786345071,2.737952155898573,-8.030616631182465e-05,3.1578187963595556e-05,0.00011749880024031403,-0.0003155091390874729,1.1030723671873488e-05,8.349580291436546e-05,-0.00048768181551928774,-8.035780233209737,-6.269224494017447,-0.9628355351038473,-7.613523525586366e-05,2.740849270751071e-07,28.0,28.0,14.0,6.0,6.0,6.0
0.9751777660681404,1.0,2.0220253946093998e-05,9.690266717493154e-05,0.3500434529559932,-0.00014770837097220023,0.3498429502841447,0.3500434529559932,-0.00014770837097220023,0.3498429502841447,0.3500366100264592,-0.00013393893889809008,0.34982981880572855,-0.32705766359438115,-1.4200347105609339,1.2360386848449707,-1.385949436818258,-1.5710986296283167,2.7379369735717773,0.0,0.0,-0.0,0.0,0.0,0.0,-0.3271321031645927,-1.4199425401154975,1.2359215674886335,-1.3858538367465079,-1.5710883117480903,2.7379524545947524,-8.540301749186342e-05,1.91606951836088e-05,0.00012664290247028248,-0.0003510747859506689,1.6721604234798994e-05,7.46740448210153e-05,-0.00048768181551928774,-8.035780233209737,-6.269224494017447,-0.9628355351038473,-7.613523525586366e-05,2.740849270751071e-07,28.0,28.0,14.0,6.0,6.0,6.0
0.9791777660681404,1.0,2.0220253946093998e-05,9.690266717493154e-05,0.3500434529559932,-0.00014770837097220023,0.3498429502841447,0.3500434529559932,-0.00014770837097220023,0.3498429502841447,0.3500366100264592,-0.00013393893889809008,0.34982981880572855,-0.32705766359438115,-1.4200347105609339,1.2360386848449707,-1.385949436818258,-1.5710986296283167,2.7379369735717773,0.0,0.0,-0.0,0.0,0.0,0.0,-0.32713246394082307,-1.4199425101624896,1.2359221084420677,-1.3858553747724838,-1.5710882234639625,2.7379527201211213,-9.019405760109986e-05,7.488251970421245e-06,0.00013523835856645282,-0.0003845064940020732,2.2071031963948967e-05,6.638159221326615e-05,-0.00048768181551928774,-8.035780233209737,-6.269224494017447,-0.9628355351038473,-7.613523525586366e-05,2.740849270751071e-07,28.0,28.0,14.0,6.0,6.0,6.0
0.9838660990605135,1.0,2.0220253946093998e-05,9.690266717493154e-05,0.3500434529559932,-0.00014770837097220023,0.3498429502841447,0.3500434529559932,-0.00014770837097220023,0.3498429502841447,0.3500366100264592,-0.00013393893889809008,0.34982981880572855,-0.32705766359438115,-1.4200347105609339,1.2360386848449707,-1.385949436818258,-1.5710986296283167,2.7379369735717773,0.0,0.0,-0.0,0.0,0.0,0.0,-0.3271328427313643,-1.4199425240978683,1.2359226817144169,-1.385857038501682,-1.5710881150659863,2.7379529544678682,-9.469763530378211e-05,-3.4838446499750544e-06,0.00014331808729685293,-0.0004159322995703932,2.7099494029349943e-05,5.858668676198196e-05,-0.00048768181551928774,-8.035780233209737,-6.269224494017447,-0.9628355351038473,-7.613523525586366e-05,2.740849270751071e-07,28.0,28.0,14.0,6.0,6.0,6.0
0.9878660990605135,1.0,1.9565350089238086e-05,0.00011612677703582629,0.3500434529559932,-0.00014770837097220023,0.3498429502841447,0.3500434529559932,-0.00014770837097220023,0.3498429502841447,0.3500285721224876,-0.00013641633853882218,0.3498371318890209,-0.32706958452333623,-1.420058552418844,1.2360267639160156,-1.3859012762652796,-1.5711105505572718,2.737901210784912,0.0,0.0,-0.0,0.0,0.0,0.0,-0.3271332292937736,-1.4199425617988497,1.2359233107799463,-1.385858888691635,-1.5710879633544086,2.7379532174940104,-9.664060232546247e-05,-9.42524534790673e-06,0.00015726638234048366,-0.0004625474882744631,3.7927894433851716e-05,6.575653551448104e-05,-0.0004542180085226606,-8.03478401974768,-6.268850442396074,-0.9628021092824586,-6.886804673100206e-05,8.210589594141475e-07,28.0,28.0,14.0,6.0,6.0,6.0
0.992916534053395,1.0,1.9565350089238086e-05,0.00011612677703582629,0.3500434529559932,-0.00014770837097220023,0.3498429502841447,0.3500434529559932,-0.00014770837097220023,0.3498429502841447,0.3500285721224876,-0.00013641633853882218,0.3498371318890209,-0.32706958452333623,-1.420058552418844,1.2360267639160156,-1.3859012762652796,-1.5711105505572718,2.737901210784912,0.0,0.0,-0.0,0.0,0.0,0.0,-0.3271336231617389,-1.4199426218394977,1.235923992291065,-1.3858609141546976,-1.5710877709280453,2.737953507478784,-9.8466991325842e-05,-1.5010162003962505e-05,0.00017037777968149657,-0.0005063657656562889,4.810659081408338e-05,7.249619334183017e-05,-0.0004542180085226606,-8.03478401974768,-6.268850442396074,-0.9628021092824586,-6.886804673100206e-05,8.210589594141475e-07,28.0,28.0,14.0,6.0,6.0,6.0
0.996916534053395,1.0,1.1627445227910857e-05,0.00011111286834912911,0.3500434529559932,-0.00014770837097220023,0.3498429502841447,0.3500434529559932,-0.00014770837097220023,0.3498429502841447,0.3500340074546593,-0.00014660690946540533,0.3498362594867611,-0.3270934263812464,-1.4200347105609339,1.2360029220581055,-1.3859012762652796,-1.5711105505572718,2.7379250526428223,0.0,0.0,-0.0,0.0012463594321161509,0.0,0.0,-0.32713399952559397,-1.4199427270860323,1.2359247474122805,-1.385863124425117,-1.5710875402497384,2.7379537495197606,-9.409096376765362e-05,-2.6311633662598622e-05,0.00018878030390554436,-0.0005525676048187059,5.766957672370054e-05,6.051024412957263e-05,0.00012419597966644027,-8.036334199606864,-6.269590187838095,-0.9630685093780375,-5.794711259510604e-05,-2.715679358026214e-07,28.0,28.0,14.0,6.0,6.0,6.0
1.0019028590412349,1.0,1.1627445227910857e-05,0.00011111286834912911,0.3500434529559932,-0.00014770837097220023,0.3498429502841447,0.3500434529559932,-0.00014770837097220023,0.3498429502841447,0.3500340074546593,-0.00014660690946540533,0.3498362594867611,-0.3270934263812464,-1.4200347105609339,1.2360029220581055,-1.3859012762652796,-1.5711105505572718,2.7379250526428223,0.0,0.0,-0.0,0.0012463594321161509,0.0,0.0,-0.32713435943558544,-1.4199428748261005,1.2359255717269872,-1.3858655084144516,-1.5710872736146044,2.737953946493568,-8.997749786295653e-05,-3.6935017021716574e-05,0.00020607867667614928,-0.0005959973336313779,6.665878347874066e-05,4.924345187005055e-05,0.00012419597966644027,-8.036334199606864,-6.269590187838095,-0.9630685093780375,-5.794711259510604e-05,-2.715679358026214e-07,28.0,28.0,14.0,6.0,6.0,6.0
1.0059028590412349,1.0,1.1627445227910857e-05,0.00011111286834912911,0.3500434529559932,-0.00014770837097220023,0.3498429502841447,0.3500434529559932,-0.00014770837097220023,0.3498429502841447,0.3500340074546593,-0.00014660690946540533,0.3498362594867611,-0.3270934263812464,-1.4200347105609339,1.2360029220581055,-1.3859012762652796,-1.5711105505572718,2.7379250526428223,0.0,0.0,-0.0,0.0012463594321161509,0.0,0.0,-0.3271347038789451,-1.41994306251009,1.2359264610835756,-1.3858680556995664,-1.5710869731800532,2.7379541011042368,-8.611083991254128e-05,-4.692099737928745e-05,0.0002223391470805179,-0.0006368212787152895,7.510863782847837e-05,3.865266714609979e-05,0.00012419597966644027,-8.036334199606864,-6.269590187838095,-0.9630685093780375,-5.794711259510604e-05,-2.715679358026214e-07,28.0,28.0,14.0,6.0,6.0,6.0
1.0105852550559216,1.0,2.724876704681678e-05,9.610270760903324e-05,0.3500434529559932,-0.00014770837097220023,0.3498429502841447,0.3500434529559932,-0.00014770837097220023,0.3498429502841447,0.3500308755515318,-0.00012468620445646211,0.34985031805528033,-0.3270457426654261,-1.420058552418844,1.235978603363037,-1.3858893553363245,-1.5710623900042933,2.737901210784912,0.0,0.0,-0.0,0.0012463594321161509,0.0,0.0,-0.3271350703683247,-1.4199432425197678,1.2359273968912343,-1.3858707127900476,-1.5710867395591828,2.7379543257976864,-9.162234488895519e-05,-4.500241945932662e-05,0.00023395191469476764,-0.0006642726203206463,5.840521760514481e-05,5.617336245236485e-05,-0.0009291973944932944,-8.034407512599005,-6.269013357657881,-0.9629853988558692,-8.708917639438184e-05,1.3685939744841734e-06,28.0,28.0,14.0,6.0,6.0,6.0
1.0145852550559216,1.0,2.724876704681678e-05,9.610270760903324e-05,0.3500434529559932,-0.00014770837097220023,0.3498429502841447,0.3500434529559932,-0.00014770837097220023,0.3498429502841447,0.3500308755515318,-0.00012468620445646211,0.34985031805528033,-0.3270457426654261,-1.420058552418844,1.235978603363037,-1.3858893553363245,-1.5710623900042933,2.737901210784912,0.0,0.0,-0.0,0.0012463594321161509,0.0,0.0,-0.32713545758096296,-1.4199434153155925,1.2359283763628994,-1.3858734730975732,-1.5710865687431723,2.7379546163689508,-9.680315956678427e-05,-4.319895621456344e-05,0.00024486791625216237,-0.0006900768814296817,4.270400259521125e-05,7.2642816040254e-05,-0.0009291973944932944,-8.034407512599005,-6.269013357657881,-0.9629853988558692,-8.708917639438184e-05,1.3685939744841734e-06,28.0,28.0,14.0,6.0,6.0,6.0
1.0197935900578745,1.0,2.724876704681678e-05,9.610270760903324e-05,0.3500434529559932,-0.00014770837097220023,0.3498429502841447,0.3500434529559932,-0.00014770837097220023,0.3498429502841447,0.3500308755515318,-0.00012468620445646211,0.34985031805528033,-0.3270457426654261,-1.420058552418844,1.235978603363037,-1.3858893553363245,-1.5710623900042933,2.737901210784912,0.0,0.0,-0.0,0.0012463594321161509,0.0,0.0,-0.3271358642734644,-1.4199435813303956,1.2359293968787304,-1.3858763304291208,-1.5710864569637304,2.7379549688653606,-0.0001016731253639436,-4.150370076448605e-05,0.0002551289577161134,-0.0007143328868721749,2.7944860485873712e-05,8.812410241286981e-05,-0.0009291973944932944,-8.034407512599005,-6.269013357657881,-0.9629853988558692,-8.708917639438184e-05,1.3685939744841734e-06,28.0,28.0,14.0,6.0,6.0,6.0
1.0237935900578745,1.0,1.4683033477498348e-05,9.659706452329743e-05,0.3500434529559932,-0.00014770837097220023,0.3498429502841447,0.3500434529559932,-0.00014770837097220023,0.3498429502841447,0.3500304654773439,-0.0001412319176504383,0.349845180177148,-0.3270815054522913,-1.420058552418844,1.2360029220581055,-1.3859131971942347,-1.5711105505572718,2.737865447998047,0.0,0.0,-0.0,0.0012463594321161509,0.0,0.0,-0.32713626488884107,-1.4199437468827656,1.2359304382566092,-1.385879256318534,-1.571086302079569,2.737955403956078,-0.00010015384416153426,-4.138809249009444e-05,0.0002603444697109402,-0.0007314723532855682,3.872104035962719e-05,0.00010877267932120135,-0.00037145438837578066,-8.034981094352993,-6.269256271475874,-0.9630109363943878,-6.341369521941121e-05,1.3688091754094433e-06,28.0,28.0,14.0,6.0,6.0,6.0
1.0288463990502064,1.0,1.4683033477498348e-05,9.659706452329743e-05,0.3500434529559932,-0.00014770837097220023,0.3498429502841447,0.3500434529559932,-0.00014770837097220023,0.3498429502841447,0.3500304654773439,-0.0001412319176504383,0.349845180177148,-0.3270815054522913,-1.420058552418844,1.2360029220581055,-1.3859131971942347,-1.5711105505572718,2.737865447998047,0.0,0.0,-0.0,0.0012463594321161509,0.0,0.0,-0.3271366597917204,-1.4199439120004484,1.2359314992448132,-1.3858822466523408,-1.5710861066769712,2.7379559166854444,-9.872571983126946e-05,-4.127942071216632e-05,0.00026524705098607737,-0.0007475834517141577,4.885064944095546e-05,0.000128182341615033,-0.00037145438837578066,-8.034981094352993,-6.269256271475874,-0.9630109363943878,-6.341369521941121e-05,1.3688091754094433e-06,28.0,28.0,14.0,6.0,6.0,6.0
1.0328463990502064,1.0,1.5417027687453907e-05,4.285211259600268e-05,0.3500434529559932,-0.00014770837097220023,0.3498429502841447,0.3500434529559932,-0.00014770837097220023,0.3498429502841447,0.3500324131847285,-0.0001502393155033775,0.34985340984976276,-0.32710534731020147,-1.420058552418844,1.235978603363037,-1.385925594960348,-1.5711105505572718,2.737901210784912,0.0,0.0,-0.0,0.0012463594321161509,0.0,0.0,-0.3271370249667633,-1.4199440610551286,1.2359325698325294,-1.3858852291969455,-1.5710858732069,2.737956404683837,-9.12937607161451e-05,-3.726367005587048e-05,0.00026764692906655537,-0.0007456361511501457,5.836751780894247e-05,0.0001219995982390884,-1.2110697844707766e-05,-8.034621588039965,-6.2689968589114455,-0.9629439827172975,-5.2482885967551185e-05,1.3674754084316845e-09,28.0,28.0,14.0,6.0,6.0,6.0
1.0375252340366137,1.0,1.5417027687453907e-05,4.285211259600268e-05,0.3500434529559932,-0.00014770837097220023,0.3498429502841447,0.3500434529559932,-0.00014770837097220023,0.3498429502841447,0.3500324131847285,-0.0001502393155033775,0.34985340984976276,-0.32710534731020147,-1.420058552418844,1.235978603363037,-1.385925594960348,-1.5711105505572718,2.737901210784912,0.0,0.0,-0.0,0.0012463594321161509,0.0,0.0,-0.3271373621976399,-1.4199441950105864,1.2359336494437874,-1.3858882044196998,-1.5710856039534036,2.737956869435115,-8.430771914792821e-05,-3.3488864438952394e-05,0.0002699028144622047,-0.0007438056886199745,6.731337407485026e-05,0.00011618781946570049,-1.2110697844707766e-05,-8.034621588039965,-6.2689968589114455,-0.9629439827172975,-5.2482885967551185e-05,1.3674754084316845e-09,28.0,28.0,14.0,6.0,6.0,6.0
1.0415252340366137,1.0,1.5417027687453907e-05,4.285211259600268e-05,0.3500434529559932,-0.00014770837097220023,0.3498429502841447,0.3500434529559932,-0.00014770837097220023,0.3498429502841447,0.3500324131847285,-0.0001502393155033775,0.34985340984976276,-0.32710534731020147,-1.420058552418844,1.235978603363037,-1.385925594960348,-1.5711105505572718,2.737901210784912,0.0,0.0,-0.0,0.0012463594321161509,0.0,0.0,-0.3271376731610002,-1.419944314772775,1.2359347375371743,-1.3858911727599152,-1.5710853010634878,2.7379573123341046,-7.774084007380433e-05,-2.994054715904939e-05,0.00027202334673411503,-0.0007420850538416134,7.572247896480359e-05,0.00011072474741871585,-1.2110697844707766e-05,-8.034621588039965,-6.2689968589114455,-0.9629439827172975,-5.2482885967551185e-05,1.3674754084316845e-09,28.0,28.0,14.0,6.0,6.0,6.0
1.0464498230479662,1.0,1.5417027687453907e-05,4.285211259600268e-05,0.3500434529559932,-0.00014770837097220023,0.3498429502841447,0.3500434529559932,-0.00014770837097220023,0.3498429502841447,0.3500324131847285,-0.0001502393155033775,0.34985340984976276,-0.32710534731020147,-1.420058552418844,1.235978603363037,-1.385925594960348,-1.5711105505572718,2.737901210784912,0.0,0.0,-0.0,0.0012463594321161509,0.0,0.0,-0.32713795943289514,-1.4199444211932908,1.2359358336037627,-1.3858941346305438,-1.5710849665553375,2.7379577346919435,-7.156797374412788e-05,-2.660512891594057e-05,0.0002740166470697108,-0.0007404676571499541,8.362703756135971e-05,0.00010558945969455028,-1.2110697844707766e-05,-8.034621588039965,-6.2689968589114455,-0.9629439827172975,-5.2482885967551185e-05,1.3674754084316845e-09,28.0,28.0,14.0,6.0,6.0,6.0
1.0504498230479662,1.0,1.2015510040510245e-05,9.731234553289012e-05,0.3500434529559932,-0.00014770837097220023,0.3498429502841447,0.3500434529559932,-0.00014770837097220023,0.3498429502841447,0.3500327265547123,-0.0001430381253660462,0.34984021064857174,-0.3270934263812464,-1.420046631489889,1.2360029220581055,-1.3859012762652796,-1.5710743109332483,2.7379250526428223,0.0,0.0,-0.0,0.0012463594321161509,0.0,0.0,-0.32713822551458854,-1.4199445485095972,1.2359369624835221,-1.3858972063135844,-1.5710846765303172,2.737958110309307,-6.652042334566785e-05,-3.1829076583687054e-05,0.00028221993983777656,-0.0007679207601649096,7.250625507215497e-05,9.390434082786944e-05,0.0001147706543303526,-8.035733300165568,-6.269431553144532,-0.9630440993917262,-6.342681600358706e-05,-2.718198713678975e-07,28.0,28.0,14.0,6.0,6.0,6.0
1.0558314920531124,1.0,1.2015510040510245e-05,9.731234553289012e-05,0.3500434529559932,-0.00014770837097220023,0.3498429502841447,0.3500434529559932,-0.00014770837097220023,0.3498429502841447,0.3500327265547123,-0.0001430381253660462,0.34984021064857174,-0.3270934263812464,-1.420046631489889,1.2360029220581055,-1.3859012762652796,-1.5710743109332483,2.7379250526428223,0.0,0.0,-0.0,0.0012463594321161509,0.0,0.0,-0.3271384726174924,-1.4199446954679467,1.2359381222076622,-1.3859003812202924,-1.5710844283194392,2.737958441990623,-6.177572597111543e-05,-3.6739587391368755e-05,0.00028993103503975837,-0.0007937266769989679,6.205271953230251e-05,8.292032909318945e-05,0.0001147706543303526,-8.035733300165568,-6.269431553144532,-0.9630440993917262,-6.342681600358706e-05,-2.718198713678975e-07,28.0,28.0,14.0,6.0,6.0,6.0
1.0598314920531124,1.0,1.0866549500233412e-05,8.483414420818182e-05,0.3500434529559932,-0.00014770837097220023,0.3498429502841447,0.3500434529559932,-0.00014770837097220023,0.3498429502841447,0.35003301201145404,-0.00014523818824490117,0.3498412278520082,-0.3270934263812464,-1.420046631489889,1.2360029220581055,-1.3859131971942347,-1.5710986296283167,2.737913131713867,0.0,0.0,-0.0,0.0012463594321161509,0.0,0.0,-0.3271387080208228,-1.4199448587708994,1.2359393034764958,-1.385903623415748,-1.5710841696134363,2.7379587506433953,-5.8850832602237854e-05,-4.08257382047015e-05,0.0002953172084057677,-0.0008105488639227208,6.467650069093244e-05,7.716319308370748e-05,1.3402287215933076e-05,-8.035659659846402,-6.269417979666352,-0.9630335010633622,-5.975033398821183e-05,1.6502978666052857e-09,28.0,28.0,14.0,6.0,6.0,6.0
1.064423660052475,1.0,1.0866549500233412e-05,8.483414420818182e-05,0.3500434529559932,-0.00014770837097220023,0.3498429502841447,0.3500434529559932,-0.00014770837097220023,0.3498429502841447,0.35003301201145404,-0.00014523818824490117,0.3498412278520082,-0.3270934263812464,-1.420046631489889,1.2360029220581055,-1.3859131971942347,-1.5710986296283167,2.737913131713867,0.0,0.0,-0.0,0.0012463594321161509,0.0,0.0,-0.3271389324265541,-1.4199450374377793,1.2359405049973413,-1.3859069288626265,-1.5710839010420163,2.737959037649336,-5.6101432835492935e-05,-4.466671996923428e-05,0.0003003802113698165,-0.0008263617196310486,6.714285498004458e-05,7.175148523479441e-05,1.3402287215933076e-05,-8.035659659846402,-6.269417979666352,-0.9630335010633622,-5.975033398821183e-05,1.6502978666052857e-09,28.0,28.0,14.0,6.0,6.0,6.0
1.068423660052475,1.0,1.0866549500233412e-05,8.483414420818182e-05,0.3500434529559932,-0.00014770837097220023,0.3498429502841447,0.3500434529559932,-0.00014770837097220023,0.3498429502841447,0.35003301201145404,-0.00014523818824490117,0.3498412278520082,-0.3270934263812464,-1.420046631489889,1.2360029220581055,-1.3859131971942347,-1.5710986296283167,2.737913131713867,0.0,0.0,-0.0,0.0012463594321161509,0.0,0.0,-0.32713914649454234,-1.4199452305467506,1.235941725555078,-1.3859102937658425,-1.5710836231971044,2.7379593043072554,-5.351699705475271e-05,-4.827724282789509e-05,0.0003051394341560224,-0.0008412258039968767,6.946122801181e-05,6.666447985681613e-05,1.3402287215933076e-05,-8.035659659846402,-6.269417979666352,-0.9630335010633622,-5.975033398821183e-05,1.6502978666052857e-09,28.0,28.0,14.0,6.0,6.0,6.0
1.0734966520564635,1.0,1.0866549500233412e-05,8.483414420818182e-05,0.3500434529559932,-0.00014770837097220023,0.3498429502841447,0.3500434529559932,-0.00014770837097220023,0.3498429502841447,0.35003301201145404,-0.00014523818824490117,0.3498412278520082,-0.3270934263812464,-1.420046631489889,1.2360029220581055,-1.3859131971942347,-1.5710986296283167,2.737913131713867,0.0,0.0,-0.0,0.0012463594321161509,0.0,0.0,-0.327139350845052,-1.4199454372312879,1.2359429640074924,-1.3859137145580158,-1.5710833366351098,2.7379595518380344,-5.10876274208569e-05,-5.167113431503626e-05,0.0003096131035750559,-0.0008551980433007551,7.164049866166949e-05,6.188269480151655e-05,1.3402287215933076e-05,-8.035659659846402,-6.269417979666352,-0.9630335010633622,-5.975033398821183e-05,1.6502978666052857e-09,28.0,28.0,14.0,6.0,6.0,6.0
1.0774966520564635,1.0,1.960469760565863e-05,4.257986930165405e-05,0.3500434529559932,-0.00014770837097220023,0.3498429502841447,0.3500434529559932,-0.00014770837097220023,0.3498429502841447,0.35003215588880976,-0.00014387549629839047,0.3498585075818855,-0.3270934263812464,-1.420058552418844,1.2359542846679688,-1.3859012762652796,-1.5710862318622034,2.7379369735717773,0.0,0.0,-0.0,0.0012223910307511687,0.0,0.0,-0.3271395429443488,-1.4199456224569569,1.2359442228463218,-1.3859171256820673,-1.5710830672674447,2.737959735679023,-4.802482419605207e-05,-4.63064172740701e-05,0.0003147097073555706,-0.0008527810128580295,6.734191627262227e-05,4.596024714664331e-05,-0.00018085030183771441,-8.034222004813719,-6.268753129352702,-0.9629099554019492,-6.16233937302017e-05,-5.456242871252964e-07,28.0,28.0,14.0,6.0,6.0,6.0
1.0826337540654936,1.0,1.960469760565863e-05,4.257986930165405e-05,0.3500434529559932,-0.00014770837097220023,0.3498429502841447,0.3500434529559932,-0.00014770837097220023,0.3498429502841447,0.35003215588880976,-0.00014387549629839047,0.3498585075818855,-0.3270934263812464,-1.420058552418844,1.2359542846679688,-1.3859012762652796,-1.5710862318622034,2.7379369735717773,0.0,0.0,-0.0,0.0012223910307511687,0.0,0.0,-0.3271397235275055,-1.41994578751129,1.2359455008483815,-1.3859205277180842,-1.5710828140624493,2.7379598596516086,-4.514578916473553e-05,-4.126358325556191e-05,0.0003195005149092544,-0.0008505090042418674,6.330124882691789e-05,3.099314635106246e-05,-0.00018085030183771441,-8.034222004813719,-6.268753129352702,-0.9629099554019492,-6.16233937302017e-05,-5.456242871252964e-07,28.0,28.0,14.0,6.0,6.0,6.0
1.0866337540654936,1.0,1.3699955923350802e-05,0.00010865710339686502,0.3500434529559932,-0.00014770837097220023,0.3498429502841447,0.3500434529559932,-0.00014770837097220023,0.3498429502841447,0.35003795672352517,-0.00015108921293271235,0.349830865164013,-0.32710534731020147,-1.4200227896319788,1.2360148429870605,-1.385925594960348,-1.5710986296283167,2.737913131713867,0.0,0.0,-0.0,0.0010785802733153105,0.0,0.0,-0.32713988420797785,-1.4199460018531884,1.2359468021480366,-1.3859240033994416,-1.5710825506709467,2.7379599608381153,-4.01701180907507e-05,-5.3585474593077914e-05,0.0003253249137955349,-0.0008689203393203582,6.584787564582253e-05,2.5296626726484992e-05,0.0004921443834412003,-8.036988696741993,-6.26975731087599,-0.9630583759413631,-5.428245045526713e-05,-2.7177383172855514e-07,28.0,28.0,14.0,6.0,6.0,6.0
1.091275785075501,1.0,1.3699955923350802e-05,0.00010865710339686502,0.3500434529559932,-0.00014770837097220023,0.3498429502841447,0.3500434529559932,-0.00014770837097220023,0.3498429502841447,0.35003795672352517,-0.00015108921293271235,0.349830865164013,-0.32710534731020147,-1.4200227896319788,1.2360148429870605,-1.385925594960348,-1.5710986296283167,2.737913131713867,0.0,0.0,-0.0,0.0010785802733153105,0.0,0.0,-0.327140026179927,-1.4199462625253982,1.2359481253474316,-1.3859275483074187,-1.5710822777041273,2.7379600406057083,-3.549298728120496e-05,-6.516805245034296e-05,0.00033079984874863854,-0.0008862269942941395,6.824170485559289e-05,1.9941898279382173e-05,0.0004921443834412003,-8.036988696741993,-6.26975731087599,-0.9630583759413631,-5.428245045526713e-05,-2.7177383172855514e-07,28.0,28.0,14.0,6.0,6.0,6.0
1.095275785075501,1.0,1.3699955923350802e-05,0.00010865710339686502,0.3500434529559932,-0.00014770837097220023,0.3498429502841447,0.3500434529559932,-0.00014770837097220023,0.3498429502841447,0.35003795672352517,-0.00015108921293271235,0.349830865164013,-0.32710534731020147,-1.4200227896319788,1.2360148429870605,-1.385925594960348,-1.5710986296283167,2.737913131713867,0.0,0.0,-0.0,0.0010785802733153105,0.0,0.0,-0.32714015056586426,-1.4199465667481008,1.235949469132582,-1.3859311582884186,-1.57108199573651,2.7379601002395226,-3.1096484320231965e-05,-7.605567563617211e-05,0.00033594628760455595,-0.0009024952499694939,7.049190431277703e-05,1.4908453539105523e-05,0.0004921443834412003,-8.036988696741993,-6.26975731087599,-0.9630583759413631,-5.428245045526713e-05,-2.7177383172855514e-07,28.0,28.0,14.0,6.0,6.0,6.0
1.1003582750563514,1.0,1.0149527765991678e-05,8.428685844316494e-05,0.3500434529559932,-0.00014770837097220023,0.3498429502841447,0.3500434529559932,-0.00014770837097220023,0.3498429502841447,0.35003607868156505,-0.00014103308934542008,0.3498409319665943,-0.3270815054522913,-1.4200347105609339,1.2359905242919922,-1.3859131971942347,-1.5710862318622034,2.7379369735717773,0.0,0.0,-0.0,0.0009347695740871131,0.0,0.0,-0.3271402796621455,-1.4199468882691495,1.2359508337337244,-1.3859348034104937,-1.5710817306806009,2.737960119707743,-3.227407030445671e-05,-8.038026219477698e-05,0.0003411502855523081,-0.0009112805187453311,6.626397727906461e-05,4.867055127226329e-06,-8.390121068981002e-05,-8.035770423690144,-6.269273335989602,-0.9629649822667684,-6.708544100605597e-05,-2.721057060135494e-07,28.0,28.0,14.0,6.0,6.0,6.0
1.1043582750563514,1.0,1.0149527765991678e-05,8.428685844316494e-05,0.3500434529559932,-0.00014770837097220023,0.3498429502841447,0.3500434529559932,-0.00014770837097220023,0.3498429502841447,0.35003607868156505,-0.00014103308934542008,0.3498409319665943,-0.3270815054522913,-1.4200347105609339,1.2359905242919922,-1.3859131971942347,-1.5710862318622034,2.7379369735717773,0.0,0.0,-0.0,0.0009347695740871131,0.0,0.0,-0.32714041318615,-1.4199472260506438,1.235952217901899,-1.3859384815651792,-1.5710814815216974,2.7379601014203057,-3.338100112962797e-05,-8.444537355986557e-05,0.0003460420436231952,-0.0009195386713946181,6.228972586737494e-05,-4.571859379940114e-06,-8.390121068981002e-05,-8.035770423690144,-6.269273335989602,-0.9629649822667684,-6.708544100605597e-05,-2.721057060135494e-07,28.0,28.0,14.0,6.0,6.0,6.0
1.1096948300683875,1.0,1.0149527765991678e-05,8.428685844316494e-05,0.3500434529559932,-0.00014770837097220023,0.3498429502841447,0.3500434529559932,-0.00014770837097220023,0.3498429502841447,0.35003607868156505,-0.00014103308934542008,0.3498409319665943,-0.3270815054522913,-1.4200347105609339,1.2359905242919922,-1.3859131971942347,-1.5710862318622034,2.7379369735717773,0.0,0.0,-0.0,0.0009347695740871131,0.0,0.0,-0.32714055087221444,-1.419947579116957,1.2359536204630837,-1.3859421907705187,-1.5710812473059792,2.7379600476425496,-3.442151610528896e-05,-8.826657824304883e-05,0.000350640296209829,-0.0009273013348849478,5.8553929540386645e-05,-1.344443901667657e-05,-8.390121068981002e-05,-8.035770423690144,-6.269273335989602,-0.9629649822667684,-6.708544100605597e-05,-2.721057060135494e-07,28.0,28.0,14.0,6.0,6.0,6.0
1.1136948300683875,1.0,2.7219245734162553e-05,0.00018138016130569065,0.3500434529559932,-0.00014770837097220023,0.3498429502841447,0.3500434529559932,-0.00014770837097220023,0.3498429502841447,0.3500422638119057,-0.00014730491757032667,0.3498157600193422,-0.3270934263812464,-1.4199865500079554,1.2360148429870605,-1.3858893553363245,-1.5710862318622034,2.737889051437378,0.0,0.0,-0.0,0.0008388957940042019,0.0,0.0,-0.3271406802591719,-1.4199480362086982,1.2359551029881342,-1.385946097899241,-1.5710810271397486,2.737960046445813,-3.234673936590082e-05,-0.00011427293532064428,0.0003706312626004267,-0.0009767821805764664,5.504155764722717e-05,-2.9918408166607176e-07,0.0007538115987905889,-8.038817529202564,-6.270145654220993,-0.963114221078255,-6.161488060337452e-05,5.542364543146696e-07,28.0,28.0,14.0,6.0,6.0,6.0
1.1181136630750266,1.0,2.7219245734162553e-05,0.00018138016130569065,0.3500434529559932,-0.00014770837097220023,0.3498429502841447,0.3500434529559932,-0.00014770837097220023,0.3498429502841447,0.3500422638119057,-0.00014730491757032667,0.3498157600193422,-0.3270934263812464,-1.4199865500079554,1.2360148429870605,-1.3858893553363245,-1.5710862318622034,2.737889051437378,0.0,0.0,-0.0,0.0008388957940042019,0.0,0.0,-0.32714080184496885,-1.4199485910843421,1.2359566606792183,-1.385950191075943,-1.5710808201800364,2.7379600946752354,-3.0396449230875963e-05,-0.000138718910973584,0.00038942277100758856,-0.0010232941755264938,5.173992806765727e-05,1.2057355557243795e-05,0.0007538115987905889,-8.038817529202564,-6.270145654220993,-0.963114221078255,-6.161488060337452e-05,5.542364543146696e-07,28.0,28.0,14.0,6.0,6.0,6.0
1.1221136630750266,1.0,2.7219245734162553e-05,0.00018138016130569065,0.3500434529559932,-0.00014770837097220023,0.3498429502841447,0.3500434529559932,-0.00014770837097220023,0.3498429502841447,0.3500422638119057,-0.00014730491757032667,0.3498157600193422,-0.3270934263812464,-1.4199865500079554,1.2360148429870605,-1.3858893553363245,-1.5710862318622034,2.737889051437378,0.0,0.0,-0.0,0.0008388957940042019,0.0,0.0,-0.32714091609767487,-1.4199492378768546,1.2359582890263738,-1.3859544591377462,-1.5710806256344514,2.7379601893652468,-2.85631765039526e-05,-0.00016169812808734734,0.0004070867889103207,-0.0010670154507795198,4.863639626286156e-05,2.3672502817819072e-05,0.0007538115987905889,-8.038817529202564,-6.270145654220993,-0.963114221078255,-6.161488060337452e-05,5.542364543146696e-07,28.0,28.0,14.0,6.0,6.0,6.0
1.1272103990898472,1.0,1.9264227424181576e-05,0.00013431106414352035,0.3500434529559932,-0.00014770837097220023,0.3498429502841447,0.3500434529559932,-0.00014770837097220023,0.3498429502841447,0.3500371527571537,-0.00014036650539727392,0.3498262915037958,-0.3270815054522913,-1.4200227896319788,1.2360267639160156,-1.3859131971942347,-1.5710743109332483,2.7379491329193115,0.0,0.0,-0.0,0.0007669904152862728,0.0,0.0,-0.3271410326464003,-1.4199499124768846,1.235959926280527,-1.3859587928988948,-1.5710804671696295,2.7379602199078743,-2.9137181362436156e-05,-0.00016865000750940364,0.0004093135382950059,-0.0010834402871770744,3.9616205480693816e-05,7.635656912512983e-06,0.00018336649852837946,-8.036952492424913,-6.269719681827612,-0.9630305628420799,-6.888679742998209e-05,-5.508753733045834e-07,28.0,28.0,14.0,6.0,6.0,6.0
1.1312103990898472,1.0,1.9264227424181576e-05,0.00013431106414352035,0.3500434529559932,-0.00014770837097220023,0.3498429502841447,0.3500434529559932,-0.00014770837097220023,0.3498429502841447,0.3500371527571537,-0.00014036650539727392,0.3498262915037958,-0.3270815054522913,-1.4200227896319788,1.2360267639160156,-1.3859131971942347,-1.5710743109332483,2.7379491329193115,0.0,0.0,-0.0,0.0007669904152862728,0.0,0.0,-0.32714115135338406,-1.4199506132159814,1.2359615719072579,-1.3859631884174284,-1.571080342620725,2.7379601901519615,-2.9676745929410696e-05,-0.00017518477416613657,0.00041140668271661,-0.0010988796333907757,3.113722614545614e-05,-7.438978238474739e-06,0.00018336649852837946,-8.036952492424913,-6.269719681827612,-0.9630305628420799,-6.888679742998209e-05,-5.508753733045834e-07,28.0,28.0,14.0,6.0,6.0,6.0
1.13627389308787,1.0,1.9264227424181576e-05,0.00013431106414352035,0.3500434529559932,-0.00014770837097220023,0.3498429502841447,0.3500434529559932,-0.00014770837097220023,0.3498429502841447,0.3500371527571537,-0.00014036650539727392,0.3498262915037958,-0.3270815054522913,-1.4200227896319788,1.2360267639160156,-1.3859131971942347,-1.5710743109332483,2.7379491329193115,0.0,0.0,-0.0,0.0007669904152862728,0.0,0.0,-0.3271412720891306,-1.4199513385258007,1.2359632254042117,-1.3859676419879037,-1.5710802499527827,2.7379601037154204,-3.0183936622366764e-05,-0.00018132745482346552,0.00041337423847291783,-0.001113392618831655,2.3166985570332724e-05,-2.1609135280403198e-05,0.00018336649852837946,-8.036952492424913,-6.269719681827612,-0.9630305628420799,-6.888679742998209e-05,-5.508753733045834e-07,28.0,28.0,14.0,6.0,6.0,6.0
1.14027389308787,1.0,3.2251358402049975e-05,0.00018179275608511418,0.3500434529559932,-0.00014770837097220023,0.3498429502841447,0.3500434529559932,-0.00014770837097220023,0.3498429502841447,0.35004250462065156,-0.0001494898322484432,0.3498107621314394,-0.3270934263812464,-1.4199865500079554,1.2360386848449707,-1.3859131971942347,-1.5711105505572718,2.7379250526428223,0.0,0.0,-0.0,0.0006950850947760046,0.0,0.0,-0.327141391678215,-1.419952148449908,1.2359649228702776,-1.3859722226589315,-1.571080113049461,2.7379599919490585,-2.989727110938036e-05,-0.00020248102681973335,0.0004243665164568138,-0.0011451677569351,3.422583042870305e-05,-2.794159052782983e-05,0.0007010334294052902,-8.039037284132206,-6.2702902595912535,-0.963112803760607,-5.793990316710968e-05,-2.7156572254123567e-07,28.0,28.0,14.0,6.0,6.0,6.0
1.1448316310811792,1.0,3.2251358402049975e-05,0.00018179275608511418,0.3500434529559932,-0.00014770837097220023,0.3498429502841447,0.3500434529559932,-0.00014770837097220023,0.3498429502841447,0.35004250462065156,-0.0001494898322484432,0.3498107621314394,-0.3270934263812464,-1.4199865500079554,1.2360386848449707,-1.3859131971942347,-1.5711105505572718,2.7379250526428223,0.0,0.0,-0.0,0.0006950850947760046,0.0,0.0,-0.3271415101894371,-1.419953037911446,1.2359666616673086,-1.3859769228044785,-1.5710799345648825,2.737959856372665,-2.962780552717314e-05,-0.00022236538449622512,0.000434699257761676,-0.0011750363867523385,4.462114459557115e-05,-3.389409846041086e-05,0.0007010334294052902,-8.039037284132206,-6.2702902595912535,-0.963112803760607,-5.793990316710968e-05,-2.7156572254123567e-07,28.0,28.0,14.0,6.0,6.0,6.0
1.1488316310811792,1.0,1.602109541032986e-05,0.0001343555694914655,0.3500434529559932,-0.00014770837097220023,0.3498429502841447,0.3500434529559932,-0.00014770837097220023,0.3498429502841447,0.35003879173890057,-0.0001430257626310258,0.3498283550201017,-0.3270815054522913,-1.4200108687030237,1.2360029220581055,-1.3859012762652796,-1.5710986296283167,2.7379491329193115,0.0,0.0,-0.0,0.0006471481756307185,0.0,0.0,-0.32714163687624115,-1.4199539556390117,1.2359684304009149,-1.3859816734445978,-1.5710797413985373,2.737959664326524,-3.167170101367156e-05,-0.00022943189144475468,0.00044218340154336504,-0.0011876600298279523,4.8291586281384615e-05,-4.801153522893683e-05,0.0001913634885368326,-8.037123253327449,-6.26957895396524,-0.9629881472560993,-6.520691689429168e-05,-5.508890635309895e-07,28.0,28.0,14.0,6.0,6.0,6.0
1.1540435270823077,1.0,1.602109541032986e-05,0.0001343555694914655,0.3500434529559932,-0.00014770837097220023,0.3498429502841447,0.3500434529559932,-0.00014770837097220023,0.3498429502841447,0.35003879173890057,-0.0001430257626310258,0.3498283550201017,-0.3270815054522913,-1.4200108687030237,1.2360029220581055,-1.3859012762652796,-1.5710986296283167,2.7379491329193115,0.0,0.0,-0.0,0.0006471481756307185,0.0,0.0,-0.32714177124809224,-1.4199548999366436,1.2359702272749016,-1.385986471549615,-1.5710795344313315,2.737959419198821,-3.359296277098008e-05,-0.00023607440797637246,0.0004492184966981527,-0.0011995262543190294,5.174180146604927e-05,-6.128192579135124e-05,0.0001913634885368326,-8.037123253327449,-6.26957895396524,-0.9629881472560993,-6.520691689429168e-05,-5.508890635309895e-07,28.0,28.0,14.0,6.0,6.0,6.0
1.1580435270823077,1.0,1.602109541032986e-05,0.0001343555694914655,0.3500434529559932,-0.00014770837097220023,0.3498429502841447,0.3500434529559932,-0.00014770837097220023,0.3498429502841447,0.35003879173890057,-0.0001430257626310258,0.3498283550201017,-0.3270815054522913,-1.4200108687030237,1.2360029220581055,-1.3859012762652796,-1.5710986296283167,2.7379491329193115,0.0,0.0,-0.0,0.0006471481756307185,0.0,0.0,-0.32714191284388755,-1.4199558692101377,1.2359720506008463,-1.3859913142716365,-1.5710793144913167,2.7379591241744494,-3.5398948822850084e-05,-0.00024231837351609316,0.0004558314861436531,-0.001210680505340642,5.498500373963404e-05,-7.375609292002079e-05,0.0001913634885368326,-8.037123253327449,-6.26957895396524,-0.9629881472560993,-6.520691689429168e-05,-5.508890635309895e-07,28.0,28.0,14.0,6.0,6.0,6.0
1.1631960630854596,1.0,1.602109541032986e-05,0.0001343555694914655,0.3500434529559932,-0.00014770837097220023,0.3498429502841447,0.3500434529559932,-0.00014770837097220023,0.3498429502841447,0.35003879173890057,-0.0001430257626310258,0.3498283550201017,-0.3270815054522913,-1.4200108687030237,1.2360029220581055,-1.3859012762652796,-1.5710986296283167,2.7379491329193115,0.0,0.0,-0.0,0.0006471481756307185,0.0,0.0,-0.3271420612301904,-1.4199568619609422,1.235973898791631,-1.3859961989336416,-1.5710790823568612,2.737958782247209,-3.709657571160789e-05,-0.0002481877011234306,0.00046204769622242345,-0.0012211655013009577,5.8033613876803724e-05,-8.548181002097016e-05,0.0001913634885368326,-8.037123253327449,-6.26957895396524,-0.9629881472560993,-6.520691689429168e-05,-5.508890635309895e-07,28.0,28.0,14.0,6.0,6.0,6.0
1.1671960630854596,1.0,1.0186950047584108e-05,9.861773112453291e-05,0.3500434529559932,-0.00014770837097220023,0.3498429502841447,0.3500434529559932,-0.00014770837097220023,0.3498429502841447,0.3500411803289664,-0.00015218296226936212,0.34983408534475446,-0.32710534731020147,-1.4200108687030237,1.2359905242919922,-1.385925594960348,-1.5710986296283167,2.7379250526428223,0.0,0.0,-0.0,0.0005992112564854324,0.0,0.0,-0.3271421916430606,-1.4199578611174521,1.2359757493306014,-1.386001041702157,-1.5710788387728452,2.7379584210765353,-3.2603217540577206e-05,-0.00024978912749676487,0.00046263474256703696,-0.001210692128863888,6.089600403350583e-05,-9.029266842303053e-05,0.0005581835984081044,-8.036882974951041,-6.269404114282214,-0.9629257276438713,-5.427589160639805e-05,-5.457110362316562e-07,28.0,28.0,14.0,6.0,6.0,6.0
1.1716849430748266,1.0,1.0186950047584108e-05,9.861773112453291e-05,0.3500434529559932,-0.00014770837097220023,0.3498429502841447,0.3500434529559932,-0.00014770837097220023,0.3498429502841447,0.3500411803289664,-0.00015218296226936212,0.34983408534475446,-0.32710534731020147,-1.4200108687030237,1.2359905242919922,-1.385925594960348,-1.5710986296283167,2.7379250526428223,0.0,0.0,-0.0,0.0005992112564854324,0.0,0.0,-0.32714230516090403,-1.4199588662953253,1.235977602076866,-1.3860058450907922,-1.571078584426242,2.737958041817034,-2.8379460859808365e-05,-0.0002512944682876991,0.0004631865661309736,-0.0012008471587730426,6.358665078080581e-05,-9.481487532096728e-05,0.0005581835984081044,-8.036882974951041,-6.269404114282214,-0.9629257276438713,-5.427589160639805e-05,-5.457110362316562e-07,28.0,28.0,14.0,6.0,6.0,6.0
1.1756849430748266,1.0,1.5089080520388484e-05,0.00011377482237562686,0.3500434529559932,-0.00014770837097220023,0.3498429502841447,0.3500434529559932,-0.00014770837097220023,0.3498429502841447,0.3500462287170122,-0.00014137542903935825,0.349829538746269,-0.32706958452333623,-1.4199865500079554,1.235978603363037,-1.385925594960348,-1.5710986296283167,2.737901210784912,0.0,0.0,-0.0,0.0005512743955478072,0.0,0.0,-0.3271424393302588,-1.4199599071499203,1.2359794802944615,-1.3860106294522714,-1.5710783199349336,2.7379577310913454,-3.354233869893127e-05,-0.00026021364876334857,0.0004695543988477392,-0.001196090369792093,6.612282709782995e-05,-7.76814221601237e-05,7.815754530563347e-05,-8.037578183346987,-6.269558632865812,-0.9629449366007845,-7.066725834867013e-05,8.21518812534473e-07,28.0,28.0,14.0,6.0,6.0,6.0
1.180210627098801,1.0,1.5089080520388484e-05,0.00011377482237562686,0.3500434529559932,-0.00014770837097220023,0.3498429502841447,0.3500434529559932,-0.00014770837097220023,0.3498429502841447,0.3500462287170122,-0.00014137542903935825,0.349829538746269,-0.32706958452333623,-1.4199865500079554,1.235978603363037,-1.385925594960348,-1.5710986296283167,2.737901210784912,0.0,0.0,-0.0,0.0005512743955478072,0.0,0.0,-0.3271425929120343,-1.419960981540634,1.2359813824551078,-1.386015395928224,-1.5710780459076024,2.7379574847874406,-3.8395443867706805e-05,-0.0002685976784104591,0.00047554016160149883,-0.0011916189881500002,6.850683283583264e-05,-6.157597618893074e-05,7.815754530563347e-05,-8.037578183346987,-6.269558632865812,-0.9629449366007845,-7.066725834867013e-05,8.21518812534473e-07,28.0,28.0,14.0,6.0,6.0,6.0
1.184210627098801,1.0,1.5089080520388484e-05,0.00011377482237562686,0.3500434529559932,-0.00014770837097220023,0.3498429502841447,0.3500434529559932,-0.00014770837097220023,0.3498429502841447,0.3500462287170122,-0.00014137542903935825,0.349829538746269,-0.32706958452333623,-1.4199865500079554,1.235978603363037,-1.385925594960348,-1.5710986296283167,2.737901210784912,0.0,0.0,-0.0,0.0005512743955478072,0.0,0.0,-0.3271427647414852,-1.4199620874552992,1.2359833071222222,-1.3860201455917815,-1.5710777629164094,2.7379572990400125,-4.29573627263558e-05,-0.00027647866627874293,0.0004811667785900329,-0.001187415889406433,7.074779822955517e-05,-4.643685697600935e-05,7.815754530563347e-05,-8.037578183346987,-6.269558632865812,-0.9629449366007845,-7.066725834867013e-05,8.21518812534473e-07,28.0,28.0,14.0,6.0,6.0,6.0
1.1889796901005325,1.0,1.5089080520388484e-05,0.00011377482237562686,0.3500434529559932,-0.00014770837097220023,0.3498429502841447,0.3500434529559932,-0.00014770837097220023,0.3498429502841447,0.3500462287170122,-0.00014137542903935825,0.349829538746269,-0.32706958452333623,-1.4199865500079554,1.235978603363037,-1.385925594960348,-1.5710986296283167,2.737901210784912,0.0,0.0,-0.0,0.0005512743955478072,0.0,0.0,-0.327142953723751,-1.4199632230024786,1.2359852529454163,-1.3860248794516878,-1.5710774714991866,2.737957170215673,-4.724556645348587e-05,-0.0002838867948749298,0.0004864557985592549,-0.0011834649765874801,7.285430569965436e-05,-3.220608491586324e-05,7.815754530563347e-05,-8.037578183346987,-6.269558632865812,-0.9629449366007845,-7.066725834867013e-05,8.21518812534473e-07,28.0,28.0,14.0,6.0,6.0,6.0
1.1929796901005325,1.0,2.7219245734162553e-05,0.00018016588122539862,0.3500434529559932,-0.00014770837097220023,0.3498429502841447,0.3500434529559932,-0.00014770837097220023,0.3498429502841447,0.3500422638119057,-0.00014730491757032667,0.3498157600193422,-0.3270934263812464,-1.4199865500079554,1.2360148429870605,-1.3858893553363245,-1.5710862318622034,2.737901210784912,0.0,0.0,-0.0,0.0005033374764025211,0.0,0.0,-0.3271431313283503,-1.4199644155958913,1.235987246054411,-1.3860297443339151,-1.5710771975657853,2.7379570735735923,-4.440114982645641e-05,-0.0002981483531477234,0.0004982772486888063,-0.001216220556827719,6.84833503068696e-05,-2.416052018446523e-05,0.0007670414772509926,-8.038647023064739,-6.269966657628305,-0.9630408574541032,-6.16121754326673e-05,2.7505128524401507e-07,28.0,28.0,14.0,6.0,6.0,6.0
1.1980004440757916,1.0,2.7219245734162553e-05,0.00018016588122539862,0.3500434529559932,-0.00014770837097220023,0.3498429502841447,0.3500434529559932,-0.00014770837097220023,0.3498429502841447,0.3500422638119057,-0.00014730491757032667,0.3498157600193422,-0.3270934263812464,-1.4199865500079554,1.2360148429870605,-1.3858893553363245,-1.5710862318622034,2.737901210784912,0.0,0.0,-0.0,0.0005033374764025211,0.0,0.0,-0.32714329823794314,-1.419965661812763,1.2359892836120583,-1.386034732377124,-1.5710769400671765,2.737957007182835,-4.1727398197048714e-05,-0.0003115542179241494,0.0005093894118105845,-0.0012470108022535435,6.437465223765194e-05,-1.6597689336951108e-05,0.0007670414772509926,-8.038647023064739,-6.269966657628305,-0.9630408574541032,-6.16121754326673e-05,2.7505128524401507e-07,28.0,28.0,14.0,6.0,6.0,6.0
1.2020004440757917,1.0,1.6663132102187963e-05,0.00012032652886486645,0.3500434529559932,-0.00014770837097220023,0.3498429502841447,0.3500434529559932,-0.00014770837097220023,0.3498429502841447,0.35004300159551033,-0.00014862745938159843,0.34982631864196284,-0.3270934263812464,-1.4199984709369105,1.2360029220581055,-1.385925594960348,-1.5710986296283167,2.737913131713867,0.0,0.0,-0.0,0.0004793690168298781,0.0,0.0,-0.32714345823540103,-1.419966922342376,1.2359913220578063,-1.3860397079678932,-1.5710766726314207,2.7379569416715683,-3.999936447280903e-05,-0.0003151324032649133,0.0005096114369925808,-0.0012438976923191793,6.685893896208123e-05,-1.6377816711820517e-05,0.0004926974128734358,-8.037581322812654,-6.269628102937274,-0.9629533810509462,-5.9739074429984527e-05,1.228396975122393e-09,28.0,28.0,14.0,6.0,6.0,6.0
1.2071529800789436,1.0,1.6663132102187963e-05,0.00012032652886486645,0.3500434529559932,-0.00014770837097220023,0.3498429502841447,0.3500434529559932,-0.00014770837097220023,0.3498429502841447,0.35004300159551033,-0.00014862745938159843,0.34982631864196284,-0.3270934263812464,-1.4199984709369105,1.2360029220581055,-1.385925594960348,-1.5710986296283167,2.737913131713867,0.0,0.0,-0.0,0.0004793690168298781,0.0,0.0,-0.32714361173545214,-1.419968196325966,1.235993361338369,-1.3860446718533692,-1.5710763958547467,2.7379568769870226,-3.837501277202373e-05,-0.0003184958974852314,0.0005098201406636573,-0.0012409713689808769,6.919416848304475e-05,-1.6171136444197762e-05,0.0004926974128734358,-8.037581322812654,-6.269628102937274,-0.9629533810509462,-5.9739074429984527e-05,1.228396975122393e-09,28.0,28.0,14.0,6.0,6.0,6.0
1.2111529800789436,1.0,1.6663132102187963e-05,0.00012032652886486645,0.3500434529559932,-0.00014770837097220023,0.3498429502841447,0.3500434529559932,-0.00014770837097220023,0.3498429502841447,0.35004300159551033,-0.00014862745938159843,0.34982631864196284,-0.3270934263812464,-1.4199984709369105,1.2360029220581055,-1.385925594960348,-1.5710986296283167,2.737913131713867,0.0,0.0,-0.0,0.0004793690168298781,0.0,0.0,-0.32714375912794086,-1.4199694829562943,1.2359954014036574,-1.3860496247358693,-1.5710761102976099,2.737956813079595,-3.684812217328555e-05,-0.0003216575820523304,0.0005100163221144692,-0.0012382206250428727,7.138928423275047e-05,-1.5976856992632374e-05,0.0004926974128734358,-8.037581322812654,-6.269628102937274,-0.9629533810509462,-5.9739074429984527e-05,1.228396975122393e-09,28.0,28.0,14.0,6.0,6.0,6.0
1.2157546460842719,1.0,1.192431397527899e-05,0.00010860377243447867,0.3500434529559932,-0.00014770837097220023,0.3498429502841447,0.3500434529559932,-0.00014770837097220023,0.3498429502841447,0.35004086134851004,-0.0001416247088490381,0.34983302748768375,-0.3270815054522913,-1.4200108687030237,1.2359905242919922,-1.3859131971942347,-1.5710743109332483,2.737913131713867,0.0,0.0004026699753012508,-0.0,0.00045540055725723505,0.0,0.0,-0.32714390678844024,-1.4199707661589924,1.2359974392856394,-1.3860545603201546,-1.5710758662781723,2.7379567683104282,-3.691512484975968e-05,-0.0003208006745161606,0.0005094704955172229,-0.0012338960713412922,6.100485936015749e-05,-1.1192291673639658e-05,0.0009565008904501464,-8.039978422477288,-6.270649239816853,-0.9631135773759237,-6.887590254988259e-05,2.7482008222452816e-07,28.0,28.0,14.0,6.0,6.0,6.0
1.2197546460842719,1.0,1.192431397527899e-05,0.00010860377243447867,0.3500434529559932,-0.00014770837097220023,0.3498429502841447,0.3500434529559932,-0.00014770837097220023,0.3498429502841447,0.35004086134851004,-0.0001416247088490381,0.34983302748768375,-0.3270815054522913,-1.4200108687030237,1.2359905242919922,-1.3859131971942347,-1.5710743109332483,2.737913131713867,0.0,0.0004026699753012508,-0.0,0.00045540055725723505,0.0,0.0,-0.3271440547008697,-1.419972046139718,1.2359994751153136,-1.3860594796441181,-1.5710756613041723,2.737956741531227,-3.697810736564536e-05,-0.0003199951814321609,0.0005089574185158114,-0.0012298309908618066,5.124349997992009e-05,-6.694800273786505e-06,0.0009565008904501464,-8.039978422477288,-6.270649239816853,-0.9631135773759237,-6.887590254988259e-05,2.7482008222452816e-07,28.0,28.0,14.0,6.0,6.0,6.0
1.2247338480842305,1.0,1.192431397527899e-05,0.00010860377243447867,0.3500434529559932,-0.00014770837097220023,0.3498429502841447,0.3500434529559932,-0.00014770837097220023,0.3498429502841447,0.35004086134851004,-0.0001416247088490381,0.34983302748768375,-0.3270815054522913,-1.4200108687030237,1.2359905242919922,-1.3859131971942347,-1.5710743109332483,2.737913131713867,0.0,0.0004026699753012508,-0.0,0.00045540055725723505,0.0,0.0,-0.3271442028501134,-1.4199733230917897,1.236001509015818,-1.386064383683379,-1.5710754930328836,2.7379567316625937,-3.703731093057791e-05,-0.0003192380179332012,0.0005084751261344846,-0.0012260098152110902,4.206782216249694e-05,-2.467158357924541e-06,0.0009565008904501464,-8.039978422477288,-6.270649239816853,-0.9631135773759237,-6.887590254988259e-05,2.7482008222452816e-07,28.0,28.0,14.0,6.0,6.0,6.0
1.2287338480842305,1.0,3.720960622017971e-05,0.00021048547817642118,0.3500434529559932,-0.00014770837097220023,0.3498429502841447,0.3500434529559932,-0.00014770837097220023,0.3498429502841447,0.35004381507492743,-0.0001457609984245137,0.3498057934354476,-0.3270815054522913,-1.4199746290790003,1.2360386848449707,-1.3859012762652796,-1.5711105505572718,2.737877607345581,0.0,0.0004026699753012508,-0.0,0.00043143212678842247,0.0,0.0,-0.32714436034303196,-1.4199746791972667,1.2360035847606536,-1.3860694318838322,-1.571075285045592,2.7379568013163587,-3.9373229636394024e-05,-0.00033902636927364945,0.000518936208891198,-0.001262050113276754,5.199682290635757e-05,1.741344125592475e-05,0.0013766493091450353,-8.042755516671384,-6.271634105825905,-0.9632965837683116,-6.339644333493768e-05,1.0904433395925575e-06,28.0,28.0,14.0,6.0,6.0,6.0
1.2330066530872141,1.0,3.720960622017971e-05,0.00021048547817642118,0.3500434529559932,-0.00014770837097220023,0.3498429502841447,0.3500434529559932,-0.00014770837097220023,0.3498429502841447,0.35004381507492743,-0.0001457609984245137,0.3498057934354476,-0.3270815054522913,-1.4199746290790003,1.2360386848449707,-1.3859012762652796,-1.5711105505572718,2.737877607345581,0.0,0.0004026699753012508,-0.0,0.00043143212678842247,0.0,0.0,-0.32714452661900484,-1.4199761097069448,1.2360056998391604,-1.3860746155958061,-1.5710750397252575,2.7379569457211783,-4.156899321986117e-05,-0.0003576274195336708,0.0005287696266825085,-0.0012959279934584781,6.133008360558656e-05,3.610120489294308e-05,0.0013766493091450353,-8.042755516671384,-6.271634105825905,-0.9632965837683116,-6.339644333493768e-05,1.0904433395925575e-06,28.0,28.0,14.0,6.0,6.0,6.0
1.2370066530872141,1.0,3.720960622017971e-05,0.00021048547817642118,0.3500434529559932,-0.00014770837097220023,0.3498429502841447,0.3500434529559932,-0.00014770837097220023,0.3498429502841447,0.35004381507492743,-0.0001457609984245137,0.3498057934354476,-0.3270815054522913,-1.4199746290790003,1.2360386848449707,-1.3859012762652796,-1.5711105505572718,2.737877607345581,0.0,0.0004026699753012508,-0.0,0.00043143212678842247,0.0,0.0,-0.32714470115104877,-1.419977610156572,1.236007851891318,-1.3860799266886095,-1.5710747593118628,2.737957160391989,-4.3633010988320294e-05,-0.00037511240677809085,0.0005380130394063404,-0.0013277732008292987,7.010334866286182e-05,5.366770271174031e-05,0.0013766493091450353,-8.042755516671384,-6.271634105825905,-0.9632965837683116,-6.339644333493768e-05,1.0904433395925575e-06,28.0,28.0,14.0,6.0,6.0,6.0
1.241296080102679,1.0,6.688592375896586e-06,7.634137856081325e-05,0.3500434529559932,-0.00014770837097220023,0.3498429502841447,0.3500434529559932,-0.00014770837097220023,0.3498429502841447,0.35003983420433793,-0.0001517262305288745,0.34983901344416685,-0.32710534731020147,-1.4200227896319788,1.2359905242919922,-1.3859370390521448,-1.5710986296283167,2.737877607345581,0.0,0.0004026699753012508,-0.0,0.0004074636672157794,0.0,0.0,-0.32714485610867566,-1.4199790699499406,1.2360099658018655,-1.3860851201526438,-1.5710744703426425,2.7379574196239926,-3.8739406727304915e-05,-0.0003649483421571204,0.0005284776368966491,-0.0012983660085696075,7.224230510960753e-05,6.48080009036152e-05,0.001168792466995264,-8.039386195338965,-6.2704487662962665,-0.963053821201324,-5.427089989860224e-05,5.425943357135403e-07,28.0,28.0,14.0,6.0,6.0,6.0
1.245296080102679,1.0,6.688592375896586e-06,7.634137856081325e-05,0.3500434529559932,-0.00014770837097220023,0.3498429502841447,0.3500434529559932,-0.00014770837097220023,0.3498429502841447,0.35003983420433793,-0.0001517262305288745,0.34983901344416685,-0.32710534731020147,-1.4200227896319788,1.2359905242919922,-1.3859370390521448,-1.5710986296283167,2.737877607345581,0.0,0.0004026699753012508,-0.0,0.0004074636672157794,0.0,0.0,-0.32714499266635055,-1.4199804915264262,1.2360120438592996,-1.3860902030456352,-1.571074173330946,2.7379577207435175,-3.4139418721950457e-05,-0.00035539412141340817,0.0005195143585375392,-0.0012707232478454977,7.42529241695485e-05,7.52798812039776e-05,0.001168792466995264,-8.039386195338965,-6.2704487662962665,-0.963053821201324,-5.427089989860224e-05,5.425943357135403e-07,28.0,28.0,14.0,6.0,6.0,6.0
1.2504011270946362,1.0,6.688592375896586e-06,7.634137856081325e-05,0.3500434529559932,-0.00014770837097220023,0.3498429502841447,0.3500434529559932,-0.00014770837097220023,0.3498429502841447,0.35003983420433793,-0.0001517262305288745,0.34983901344416685,-0.32710534731020147,-1.4200227896319788,1.2359905242919922,-1.3859370390521448,-1.5710986296283167,2.737877607345581,0.0,0.0004026699753012508,-0.0,0.0004074636672157794,0.0,0.0,-0.32714511192807055,-1.419981877179042,1.2360140882148072,-1.3860951820018463,-1.5710738687593215,2.7379580612373124,-2.9815429996917266e-05,-0.0003464131539143187,0.0005110888768799759,-0.0012447390527648345,7.6142906085893e-05,8.512344868631825e-05,0.001168792466995264,-8.039386195338965,-6.2704487662962665,-0.963053821201324,-5.427089989860224e-05,5.425943357135403e-07,28.0,28.0,14.0,6.0,6.0,6.0
1.2544011270946362,1.0,8.504727767771604e-06,8.691788442668974e-05,0.3500434529559932,-0.00014770837097220023,0.3498429502841447,0.3500434529559932,-0.00014770837097220023,0.3498429502841447,0.3500349964817812,-0.00014694246708623436,0.34984343177094956,-0.3270934263812464,-1.4200347105609339,1.235978603363037,-1.3859012762652796,-1.5711105505572718,2.737913131713867,0.0,0.0004026699753012508,-0.0,0.0003834952076431364,0.0,0.0,-0.32714523012545765,-1.4199832235226229,1.236016125834292,-1.3861001177723882,-1.5710735326639313,2.73795837520804,-2.9549346777591825e-05,-0.0003365858952139668,0.0005094048712550023,-0.0012339426354583706,8.402384754532314e-05,7.849268190771812e-05,0.0008355721680939488,-8.038710346521377,-6.270193401519425,-0.9630322036226048,-5.793396986604092e-05,1.286459558434938e-09,28.0,28.0,14.0,6.0,6.0,6.0
1.2585231560950638,1.0,8.504727767771604e-06,8.691788442668974e-05,0.3500434529559932,-0.00014770837097220023,0.3498429502841447,0.3500434529559932,-0.00014770837097220023,0.3498429502841447,0.3500349964817812,-0.00014694246708623436,0.34984343177094956,-0.3270934263812464,-1.4200347105609339,1.235978603363037,-1.3859012762652796,-1.5711105505572718,2.737913131713867,0.0,0.0004026699753012508,-0.0,0.0003834952076431364,0.0,0.0,-0.3271453473223719,-1.419984532915711,1.236018157121916,-1.386105012948401,-1.5710731669362012,2.737958664247085,-2.929922855142591e-05,-0.000327348272035636,0.000507821905967527,-0.0012237940031902947,9.143193251718746e-05,7.225976113583401e-05,0.0008355721680939488,-8.038710346521377,-6.270193401519425,-0.9630322036226048,-5.793396986604092e-05,1.286459558434938e-09,28.0,28.0,14.0,6.0,6.0,6.0
1.2625231560950638,1.0,8.504727767771604e-06,8.691788442668974e-05,0.3500434529559932,-0.00014770837097220023,0.3498429502841447,0.3500434529559932,-0.00014770837097220023,0.3498429502841447,0.3500349964817812,-0.00014694246708623436,0.34984343177094956,-0.3270934263812464,-1.4200347105609339,1.235978603363037,-1.3859012762652796,-1.5711105505572718,2.737913131713867,0.0,0.0004026699753012508,-0.0,0.0003834952076431364,0.0,0.0,-0.32714546357884156,-1.419985807575336,1.2360201824575903,-1.3861098699655563,-1.5710727733540717,2.7379589298503473,-2.906411741882995e-05,-0.0003186649062480051,0.0005063339185973003,-0.0012142542888583033,9.839553239073993e-05,6.640081561026294e-05,0.0008355721680939488,-8.038710346521377,-6.270193401519425,-0.9630322036226048,-5.793396986604092e-05,1.286459558434938e-09,28.0,28.0,14.0,6.0,6.0,6.0
1.2671663741047965,1.0,2.47753760310425e-05,0.00014796896296795904,0.3500434529559932,-0.00014770837097220023,0.3498429502841447,0.3500434529559932,-0.00014770837097220023,0.3498429502841447,0.35003921929740955,-0.00015569101038500274,0.3498198814120335,-0.32711726823915654,-1.4200108687030237,1.2360386848449707,-1.385925594960348,-1.5710986296283167,2.7379250526428223,0.0,0.0004026699753012508,-0.0,0.00035952674807049334,0.0,0.0,-0.3271455515595908,-1.419987097525464,1.236022193287111,-1.3861147559456692,-1.5710723780197717,2.7379591275737596,-2.199518730847714e-05,-0.00032248753199425604,0.000502707380146678,-0.0012214950282604146,9.883357497221304e-05,4.943085302785399e-05,0.0016874401017466139,-8.041019552207077,-6.271103483555354,-0.9631795425349093,-4.880733540167336e-05,-8.186800513182543e-07,28.0,28.0,14.0,6.0,6.0,6.0
1.2711663741047965,1.0,2.47753760310425e-05,0.00014796896296795904,0.3500434529559932,-0.00014770837097220023,0.3498429502841447,0.3500434529559932,-0.00014770837097220023,0.3498429502841447,0.35003921929740955,-0.00015569101038500274,0.3498198814120335,-0.32711726823915654,-1.4200108687030237,1.2360386848449707,-1.385925594960348,-1.5710986296283167,2.7379250526428223,0.0,0.0004026699753012508,-0.0,0.00035952674807049334,0.0,0.0,-0.3271456129611628,-1.4199884018486648,1.2360241904808469,-1.3861196691509625,-1.5710719810384317,2.7379592614901123,-1.5350393004745504e-05,-0.0003260808001957319,0.0004992984340030931,-0.0012283013232983993,9.924533499879776e-05,3.3479088200389574e-05,0.0016874401017466139,-8.041019552207077,-6.271103483555354,-0.9631795425349093,-4.880733540167336e-05,-8.186800513182543e-07,28.0,28.0,14.0,6.0,6.0,6.0
1.275537719118875,1.0,2.47753760310425e-05,0.00014796896296795904,0.3500434529559932,-0.00014770837097220023,0.3498429502841447,0.3500434529559932,-0.00014770837097220023,0.3498429502841447,0.35003921929740955,-0.00015569101038500274,0.3498198814120335,-0.32711726823915654,-1.4200108687030237,1.2360386848449707,-1.385925594960348,-1.5710986296283167,2.7379250526428223,0.0,0.0004026699753012508,-0.0,0.00035952674807049334,0.0,0.0,-0.3271456493783082,-1.419989719682554,1.2360261748569454,-1.386124607947925,-1.571071582508874,2.737959335427829,-9.104286359237764e-06,-0.00032945847230511925,0.0004960940246281233,-0.001234699240634105,9.96323894237874e-05,1.8484429262573025e-05,0.0016874401017466139,-8.041019552207077,-6.271103483555354,-0.9631795425349093,-4.880733540167336e-05,-8.186800513182543e-07,28.0,28.0,14.0,6.0,6.0,6.0
1.279537719118875,1.0,1.73984048778847e-05,0.00012548386849493468,0.3500434529559932,-0.00014770837097220023,0.3498429502841447,0.3500434529559932,-0.00014770837097220023,0.3498429502841447,0.35004035870668354,-0.00013728080906655443,0.3498293710328322,-0.32706958452333623,-1.4200108687030237,1.2360029220581055,-1.3859131971942347,-1.5710743109332483,2.737901210784912,0.0,0.0004026699753012508,-0.0,0.00035952674807049334,0.0,0.0,-0.32714570490139333,-1.4199910375058964,1.2360281590907998,-1.3861295475555306,-1.5710712322853462,2.7379594568819634,-1.3880771277996008e-05,-0.00032945583563274316,0.0004960584635998115,-0.0012349019013982883,8.755588195948881e-05,3.036353359288647e-05,0.0007668456894234912,-8.040072701565808,-6.270722674675626,-0.9631210890348358,-7.434032187990665e-05,8.216993090365017e-07,28.0,28.0,14.0,6.0,6.0,6.0
1.2846522641167981,1.0,1.73984048778847e-05,0.00012548386849493468,0.3500434529559932,-0.00014770837097220023,0.3498429502841447,0.3500434529559932,-0.00014770837097220023,0.3498429502841447,0.35004035870668354,-0.00013728080906655443,0.3498293710328322,-0.32706958452333623,-1.4200108687030237,1.2360029220581055,-1.3859131971942347,-1.5710743109332483,2.737901210784912,0.0,0.0004026699753012508,-0.0,0.00035952674807049334,0.0,0.0,-0.3271457783840617,-1.419992355319325,1.2360301431909446,-1.3861344879251407,-1.5710709274694865,2.73795962300153,-1.8370667101628758e-05,-0.00032945335716070965,0.0004960250362331984,-0.0012350924025166206,7.620396494304813e-05,4.1529891663381106e-05,0.0007668456894234912,-8.040072701565808,-6.270722674675626,-0.9631210890348358,-7.434032187990665e-05,8.216993090365017e-07,28.0,28.0,14.0,6.0,6.0,6.0
1.2886522641167981,1.0,1.73984048778847e-05,0.00012548386849493468,0.3500434529559932,-0.00014770837097220023,0.3498429502841447,0.3500434529559932,-0.00014770837097220023,0.3498429502841447,0.35004035870668354,-0.00013728080906655443,0.3498293710328322,-0.32706958452333623,-1.4200108687030237,1.2360029220581055,-1.3859131971942347,-1.5710743109332483,2.737901210784912,0.0,0.0004026699753012508,-0.0,0.00035952674807049334,0.0,0.0,-0.3271458687487384,-1.4199936731234346,1.2360321271654027,-1.386139429011035,-1.5710706653368347,2.737959831106603,-2.2591169175843542e-05,-0.00032945102739699816,0.0004959936145085821,-0.001235271473567853,6.553316294759389e-05,5.202626824964607e-05,0.0007668456894234912,-8.040072701565808,-6.270722674675626,-0.9631210890348358,-7.434032187990665e-05,8.216993090365017e-07,28.0,28.0,14.0,6.0,6.0,6.0
1.2936290910986723,1.0,1.5877143125263144e-05,0.00013428613635937183,0.3500434529559932,-0.00014770837097220023,0.3498429502841447,0.3500434529559932,-0.00014770837097220023,0.3498429502841447,0.3500397400688423,-0.00015273348674284,0.34982835417663904,-0.32711726823915654,-1.4200108687030237,1.2360029220581055,-1.3859012762652796,-1.5710623900042933,2.737901210784912,0.0,0.0004026699753012508,-0.0,0.00033555831760168076,0.0,0.0,-0.32714592324748554,-1.4199949943914798,1.2360341200306257,-1.3861444003458212,-1.5710704677717855,2.7379600327585836,-1.3624686782915174e-05,-0.000330317011323949,0.0004982163057810868,-0.0012428336965427094,4.93912622823722e-05,5.0412995085660245e-05,0.0017490693256147006,-8.040492138686833,-6.270744699148204,-0.9631190905533181,-5.428202058527246e-05,-2.720349675055301e-07,28.0,28.0,14.0,6.0,6.0,6.0
1.2976290910986723,1.0,1.5877143125263144e-05,0.00013428613635937183,0.3500434529559932,-0.00014770837097220023,0.3498429502841447,0.3500434529559932,-0.00014770837097220023,0.3498429502841447,0.3500397400688423,-0.00015273348674284,0.34982835417663904,-0.32711726823915654,-1.4200108687030237,1.2360029220581055,-1.3859012762652796,-1.5710623900042933,2.737901210784912,0.0,0.0004026699753012508,-0.0,0.00033555831760168076,0.0,0.0,-0.3271459440322589,-1.4199963189156246,1.236036121253168,-1.3861494001145658,-1.571070330900283,2.7379602283446567,-5.196193333562507e-06,-0.00033113103621528275,0.0005003056355772412,-0.0012499421861390744,3.421787565706381e-05,4.889651831151357e-05,0.0017490693256147006,-8.040492138686833,-6.270744699148204,-0.9631190905533181,-5.428202058527246e-05,-2.720349675055301e-07,28.0,28.0,14.0,6.0,6.0,6.0
1.301973130113213,1.0,1.5877143125263144e-05,0.00013428613635937183,0.3500434529559932,-0.00014770837097220023,0.3498429502841447,0.3500434529559932,-0.00014770837097220023,0.3498429502841447,0.3500397400688423,-0.00015273348674284,0.34982835417663904,-0.32711726823915654,-1.4200108687030237,1.2360029220581055,-1.3859012762652796,-1.5710623900042933,2.737901210784912,0.0,0.0004026699753012508,-0.0,0.00033555831760168076,0.0,0.0,-0.32714593312589685,-1.419997646500503,1.2360381303315904,-1.3861544266112311,-1.571070251080714,2.737960418228777,2.7265905088289998e-06,-0.0003318962196131365,0.0005022696055856263,-0.0012566241663596576,1.995489222927392e-05,4.747103014381569e-05,0.0017490693256147006,-8.040492138686833,-6.270744699148204,-0.9631190905533181,-5.428202058527246e-05,-2.720349675055301e-07,28.0,28.0,14.0,6.0,6.0,6.0
1.305973130113213,1.0,2.2773124965278245e-05,0.00013474354235539724,0.3500434529559932,-0.00014770837097220023,0.3498429502841447,0.3500434529559932,-0.00014770837097220023,0.3498429502841447,0.35004387361108147,-0.00014578911753991672,0.3498202620771586,-0.3270934263812464,-1.4199984709369105,1.2360267639160156,-1.3859370390521448,-1.5710623900042933,2.7379250526428223,0.0,0.0004026699753012508,-0.0,0.0003115898580290377,0.0,0.0,-0.3271459167849103,-1.4199989897935303,1.236040122834457,-1.386159442026354,-1.5710702248761983,2.737960578398025,4.08524664491628e-06,-0.0003358232568082796,0.0004981257166688716,-0.001253853780767498,6.551128912617855e-06,4.004231206335546e-05,0.0014011478272593918,-8.041126568402253,-6.27109050978624,-0.9631623311830568,-6.52121131614391e-05,-2.7205041588647046e-07,28.0,28.0,14.0,6.0,6.0,6.0
1.3109796381127095,1.0,2.2773124965278245e-05,0.00013474354235539724,0.3500434529559932,-0.00014770837097220023,0.3498429502841447,0.3500434529559932,-0.00014770837097220023,0.3498429502841447,0.35004387361108147,-0.00014578911753991672,0.3498202620771586,-0.3270934263812464,-1.4199984709369105,1.2360267639160156,-1.3859370390521448,-1.5710623900042933,2.7379250526428223,0.0,0.0004026699753012508,-0.0,0.0003115898580290377,0.0,0.0,-0.32714589533537664,-1.4200003478522174,1.2360420997563015,-1.3861644470248273,-1.5710702490698327,2.7379607106352934,5.362383412838324e-06,-0.00033951467177171417,0.0004942304610871221,-0.001251249618310868,-6.048408605038844e-06,3.305931706772285e-05,0.0014011478272593918,-8.041126568402253,-6.27109050978624,-0.9631623311830568,-6.52121131614391e-05,-2.7205041588647046e-07,28.0,28.0,14.0,6.0,6.0,6.0
1.3149796381127095,1.0,2.2773124965278245e-05,0.00013474354235539724,0.3500434529559932,-0.00014770837097220023,0.3498429502841447,0.3500434529559932,-0.00014770837097220023,0.3498429502841447,0.35004387361108147,-0.00014578911753991672,0.3498202620771586,-0.3270934263812464,-1.4199984709369105,1.2360267639160156,-1.3859370390521448,-1.5710623900042933,2.7379250526428223,0.0,0.0004026699753012508,-0.0,0.0003115898580290377,0.0,0.0,-0.3271458690838087,-1.4200017197906247,1.2360440620319848,-1.3861694422316497,-1.5710703206377281,2.7379608166165004,6.562891974685045e-06,-0.0003429846018373426,0.0004905689208402775,-0.0012488017056016358,-1.789197387163614e-05,2.649530177182819e-05,0.0014011478272593918,-8.041126568402253,-6.27109050978624,-0.9631623311830568,-6.52121131614391e-05,-2.7205041588647046e-07,28.0,28.0,14.0,6.0,6.0,6.0
1.3200478821177972,1.0,2.917576463726866e-05,0.000175456890174709,0.3500434529559932,-0.00014770837097220023,0.3498429502841447,0.3500434529559932,-0.00014770837097220023,0.3498429502841447,0.3500453971376127,-0.00014732872299206087,0.3498138418443478,-0.3270815054522913,-1.4199746290790003,1.2360148429870605,-1.3859131971942347,-1.5711224714862269,2.737889051437378,0.0,0.0004026699753012508,-0.0,0.0003115898580290377,0.0,0.0,-0.3271458656534531,-1.420003151432786,1.2360460637597774,-1.386174508033512,-1.5710703136910438,2.7379609687169695,8.575888966092585e-07,-0.0003579105403374605,0.0005004319481422575,-0.0012664504655643318,1.7366710977105534e-06,3.80251173155984e-05,0.0012479423874256212,-8.042172395780959,-6.271306557200329,-0.9632085717463587,-6.159307501828297e-05,8.276349511286344e-07,28.0,28.0,14.0,6.0,6.0,6.0
1.3240478821177972,1.0,2.917576463726866e-05,0.000175456890174709,0.3500434529559932,-0.00014770837097220023,0.3498429502841447,0.3500434529559932,-0.00014770837097220023,0.3498429502841447,0.3500453971376127,-0.00014732872299206087,0.3498138418443478,-0.3270815054522913,-1.4199746290790003,1.2360148429870605,-1.3859131971942347,-1.5711224714862269,2.737889051437378,0.0,0.0004026699753012508,-0.0,0.0003115898580290377,0.0,0.0,-0.3271458836750371,-1.420004639196476,1.2360481025725527,-1.3861796401947117,-1.5710702329406543,2.7379611641695454,-4.50539599678198e-06,-0.00037194092252757134,0.0005097031938061186,-0.0012830402999292662,2.0187597368896447e-05,4.88631439267424e-05,0.0012479423874256212,-8.042172395780959,-6.271306557200329,-0.9632085717463587,-6.159307501828297e-05,8.276349511286344e-07,28.0,28.0,14.0,6.0,6.0,6.0
1.328127171124565,1.0,2.917576463726866e-05,0.000175456890174709,0.3500434529559932,-0.00014770837097220023,0.3498429502841447,0.3500434529559932,-0.00014770837097220023,0.3498429502841447,0.3500453971376127,-0.00014732872299206087,0.3498138418443478,-0.3270815054522913,-1.4199746290790003,1.2360148429870605,-1.3859131971942347,-1.5711224714862269,2.737889051437378,0.0,0.0004026699753012508,-0.0,0.0003115898580290377,0.0,0.0,-0.3271459218614443,-1.4200061797144032,1.2360501762452116,-1.3861848347336887,-1.571070082814782,2.737961400373101,-9.546601796569745e-06,-0.0003851294817862755,0.0005184181647301481,-0.0012986347442323044,3.7531468063811184e-05,5.905088894121776e-05,0.0012479423874256212,-8.042172395780959,-6.271306557200329,-0.9632085717463587,-6.159307501828297e-05,8.276349511286344e-07,28.0,28.0,14.0,6.0,6.0,6.0
1.332127171124565,1.0,1.3408763747297377e-05,0.00011262154301872872,0.3500434529559932,-0.00014770837097220023,0.3498429502841447,0.3500434529559932,-0.00014770837097220023,0.3498429502841447,0.35003764481499744,-0.00014784099492266736,0.349830865464978,-0.3270934263812464,-1.4200227896319788,1.2360148429870605,-1.385925594960348,-1.5711105505572718,2.737889051437378,0.0,0.0004026699753012508,-0.0,0.00028762139845639467,0.0,0.0,-0.3271459638389618,-1.4200076938179191,1.2360522260563405,-1.3861899828890407,-1.5710698918961405,2.737961665635894,-1.0494379360289965e-05,-0.0003785258789583337,0.0005124527821884004,-0.0012870388380142124,4.7729660386814504e-05,6.631569810352883e-05,0.0010064112632728103,-8.039769962566247,-6.270648740700916,-0.9630918795225125,-5.7933948870473746e-05,5.537090225199689e-07,28.0,28.0,14.0,6.0,6.0,6.0
1.3368475591340108,1.0,1.3408763747297377e-05,0.00011262154301872872,0.3500434529559932,-0.00014770837097220023,0.3498429502841447,0.3500434529559932,-0.00014770837097220023,0.3498429502841447,0.35003764481499744,-0.00014784099492266736,0.349830865464978,-0.3270934263812464,-1.4200227896319788,1.2360148429870605,-1.385925594960348,-1.5711105505572718,2.737889051437378,0.0,0.0004026699753012508,-0.0,0.00028762139845639467,0.0,0.0,-0.32714600938012284,-1.4200091830918884,1.2360542534376309,-1.3861950874437854,-1.571069662632296,2.7379619582143686,-1.1385290270186971e-05,-0.0003723184923000684,0.0005068453225991575,-0.0012761386861692059,5.731596117043762e-05,7.314461871610124e-05,0.0010064112632728103,-8.039769962566247,-6.270648740700916,-0.9630918795225125,-5.7933948870473746e-05,5.537090225199689e-07,28.0,28.0,14.0,6.0,6.0,6.0
1.3408475591340108,1.0,1.3408763747297377e-05,0.00011262154301872872,0.3500434529559932,-0.00014770837097220023,0.3498429502841447,0.3500434529559932,-0.00014770837097220023,0.3498429502841447,0.35003764481499744,-0.00014784099492266736,0.349830865464978,-0.3270934263812464,-1.4200227896319788,1.2360148429870605,-1.385925594960348,-1.5711105505572718,2.737889051437378,0.0,0.0004026699753012508,-0.0,0.00028762139845639467,0.0,0.0,-0.32714605827110893,-1.4200106490260838,1.2360562597348732,-1.3862001510139592,-1.5710693973239604,2.737962276469585,-1.2222746525490157e-05,-0.00036648354884129904,0.0005015743105852692,-0.0012658925434348997,6.632708390704336e-05,7.95638040919193e-05,0.0010064112632728103,-8.039769962566247,-6.270648740700916,-0.9630918795225125,-5.7933948870473746e-05,5.537090225199689e-07,28.0,28.0,14.0,6.0,6.0,6.0
1.3457863961292902,1.0,2.0671241822538816e-05,9.342153686972713e-05,0.3500434529559932,-0.00014770837097220023,0.3498429502841447,0.3500434529559932,-0.00014770837097220023,0.3498429502841447,0.3500429407469048,-0.00012774807844128083,0.34983760008766085,-0.3270457426654261,-1.4200108687030237,1.235978603363037,-1.385925594960348,-1.5710504690753382,2.7379369735717773,0.0,0.0004026699753012508,-0.0,-7.190534961409867e-05,0.0,0.0,-0.32714614386783886,-1.4200120876295368,1.2360582524425416,-1.3862051321057987,-1.5710692211375132,2.7379625848214397,-2.13991824767775e-05,-0.0003596508632379599,0.0004981769171198525,-0.0012452729598549461,4.404661177702248e-05,7.708796372532639e-05,0.0002970996142609844,-8.039133392283063,-6.270211423176739,-0.9629671708952144,-8.887070106530696e-05,5.476333278116057e-07,28.0,28.0,14.0,6.0,6.0,6.0
1.3497863961292902,1.0,2.0671241822538816e-05,9.342153686972713e-05,0.3500434529559932,-0.00014770837097220023,0.3498429502841447,0.3500434529559932,-0.00014770837097220023,0.3498429502841447,0.3500429407469048,-0.00012774807844128083,0.34983760008766085,-0.3270457426654261,-1.4200108687030237,1.235978603363037,-1.385925594960348,-1.5710504690753382,2.7379369735717773,0.0,0.0004026699753012508,-0.0,-7.190534961409867e-05,0.0,0.0,-0.3271462639679679,-1.420013500542092,1.2360602323760106,-1.3862100356680038,-1.5710691287256413,2.7379628838641348,-3.0025032270987604e-05,-0.0003532281387708211,0.0004949833672623609,-0.0012258905512897897,2.3102967974802855e-05,7.476067378072907e-05,0.0002970996142609844,-8.039133392283063,-6.270211423176739,-0.9629671708952144,-8.887070106530696e-05,5.476333278116057e-07,28.0,28.0,14.0,6.0,6.0,6.0
1.3543868751348933,1.0,2.0671241822538816e-05,9.342153686972713e-05,0.3500434529559932,-0.00014770837097220023,0.3498429502841447,0.3500434529559932,-0.00014770837097220023,0.3498429502841447,0.3500429407469048,-0.00012774807844128083,0.34983760008766085,-0.3270457426654261,-1.4200108687030237,1.235978603363037,-1.385925594960348,-1.5710504690753382,2.7379369735717773,0.0,0.0004026699753012508,-0.0,-7.190534961409867e-05,0.0,0.0,-0.3271464165012922,-1.4200148893052031,1.236062200301732,-1.3862148663523528,-1.57106911506187,2.73796317415622,-3.81333310775451e-05,-0.0003471907777717106,0.0004919814303963187,-0.0012076710872385428,3.415942800716407e-06,7.257302123280758e-05,0.0002970996142609844,-8.039133392283063,-6.270211423176739,-0.9629671708952144,-8.887070106530696e-05,5.476333278116057e-07,28.0,28.0,14.0,6.0,6.0,6.0
1.3583868751348933,1.0,2.3346488276458965e-05,0.0001409040014971594,0.3500434529559932,-0.00014770837097220023,0.3498429502841447,0.3500434529559932,-0.00014770837097220023,0.3498429502841447,0.35004564108655656,-0.00014534952172230253,0.34981982656407856,-0.3270815054522913,-1.4199865500079554,1.2360148429870605,-1.3859370390521448,-1.5710986296283167,2.737877607345581,0.0,0.00036432043998502195,-0.0,-7.190534961409867e-05,0.0,0.0,-0.3271465751232371,-1.4200163060608186,1.2360641713693243,-1.3862196922456504,-1.5710690768186242,2.7379635289564592,-3.96554862128451e-05,-0.00035418890384763646,0.000492766898084049,-0.001206473324401214,9.56081147362397e-06,8.870005986753595e-05,0.001088557498583125,-8.040909614239663,-6.270789112925788,-0.9630596411575925,-6.519438752103878e-05,1.089431697975228e-06,28.0,28.0,14.0,6.0,6.0,6.0
1.363278223148082,1.0,2.3346488276458965e-05,0.0001409040014971594,0.3500434529559932,-0.00014770837097220023,0.3498429502841447,0.3500434529559932,-0.00014770837097220023,0.3498429502841447,0.35004564108655656,-0.00014534952172230253,0.34981982656407856,-0.3270815054522913,-1.4199865500079554,1.2360148429870605,-1.3859370390521448,-1.5710986296283167,2.737877607345581,0.0,0.00036432043998502195,-0.0,-7.190534961409867e-05,0.0,0.0,-0.3271467394684852,-1.4200177491293882,1.2360661453902753,-1.3862245136353597,-1.5710690154706721,2.7379639443943637,-4.10863120400271e-05,-0.00036076714235900675,0.0004935052377105155,-0.001205347427334125,1.5336988026157078e-05,0.00010385947618418061,0.001088557498583125,-8.040909614239663,-6.270789112925788,-0.9630596411575925,-6.519438752103878e-05,1.089431697975228e-06,28.0,28.0,14.0,6.0,6.0,6.0
1.367278223148082,1.0,9.826302324760233e-06,5.331201500331386e-05,0.3500434529559932,-0.00014770837097220023,0.3498429502841447,0.3500434529559932,-0.00014770837097220023,0.3498429502841447,0.350042474464244,-0.0001390295665236773,0.34983844727130675,-0.32706958452333623,-1.4200227896319788,1.2360029220581055,-1.3859732786761683,-1.5710862318622034,2.737913131713867,0.0,0.00032597093377262354,-0.0,-7.190534961409867e-05,0.0,0.0,-0.3271469182728865,-1.420019142392804,1.2360680559322492,-1.3862291656214918,-1.5710689577875223,2.73796435941425,-4.470110031441325e-05,-0.00034831585396479685,0.00047763549351531636,-0.0011629965330231312,1.4420787442829433e-05,0.00010375497165650632,0.0003460068546933534,-8.038241548496863,-6.270011216070271,-0.962909970790426,-7.253802113434228e-05,5.4740307771773e-07,28.0,28.0,14.0,6.0,6.0,6.0
1.3717967841550713,1.0,9.826302324760233e-06,5.331201500331386e-05,0.3500434529559932,-0.00014770837097220023,0.3498429502841447,0.3500434529559932,-0.00014770837097220023,0.3498429502841447,0.350042474464244,-0.0001390295665236773,0.34983844727130675,-0.32706958452333623,-1.4200227896319788,1.2360029220581055,-1.3859732786761683,-1.5710862318622034,2.737913131713867,0.0,0.00032597093377262354,-0.0,-7.190534961409867e-05,0.0,0.0,-0.3271471106688917,-1.4200204888393755,1.236069906803985,-1.3862336583682613,-1.5710689035492866,2.7379647740412,-4.809900129233623e-05,-0.0003366116428742396,0.00046271793397182915,-0.0011231866923707972,1.3559558894501448e-05,0.00010365673740049249,0.0003460068546933534,-8.038241548496863,-6.270011216070271,-0.962909970790426,-7.253802113434228e-05,5.4740307771773e-07,28.0,28.0,14.0,6.0,6.0,6.0
1.3757967841550713,1.0,9.826302324760233e-06,5.331201500331386e-05,0.3500434529559932,-0.00014770837097220023,0.3498429502841447,0.3500434529559932,-0.00014770837097220023,0.3498429502841447,0.350042474464244,-0.0001390295665236773,0.34983844727130675,-0.32706958452333623,-1.4200227896319788,1.2360029220581055,-1.3859732786761683,-1.5710862318622034,2.737913131713867,0.0,0.00032597093377262354,-0.0,-7.190534961409867e-05,0.0,0.0,-0.32714731584100454,-1.4200217912781132,1.236071701585697,-1.38623800143003,-1.5710688525492704,2.7379651882987885,-5.129302821158383e-05,-0.00032560968444911574,0.0004486954280009512,-0.001085765442157603,1.275000405907314e-05,0.00010356439719983948,0.0003460068546933534,-8.038241548496863,-6.270011216070271,-0.962909970790426,-7.253802113434228e-05,5.4740307771773e-07,28.0,28.0,14.0,6.0,6.0,6.0
1.380698817144847,1.0,9.826302324760233e-06,5.331201500331386e-05,0.3500434529559932,-0.00014770837097220023,0.3498429502841447,0.3500434529559932,-0.00014770837097220023,0.3498429502841447,0.350042474464244,-0.0001390295665236773,0.34983844727130675,-0.32706958452333623,-1.4200227896319788,1.2360029220581055,-1.3859732786761683,-1.5710862318622034,2.737913131713867,0.0,0.00032597093377262354,-0.0,-7.190534961409867e-05,0.0,0.0,-0.3271475330226586,-1.4200230523494874,1.2360734436427865,-1.3862422037878979,-1.5710688045931804,2.737965602209178,-5.4295413515676576e-05,-0.00031526784352949933,0.0004355142723883259,-0.0010505894669572008,1.1989022513770531e-05,0.00010347759741122566,0.0003460068546933534,-8.038241548496863,-6.270011216070271,-0.962909970790426,-7.253802113434228e-05,5.4740307771773e-07,28.0,28.0,14.0,6.0,6.0,6.0
1.384698817144847,1.0,2.2615227717631626e-05,0.00010171050180759309,0.3500434529559932,-0.00014770837097220023,0.3498429502841447,0.3500434529559932,-0.00014770837097220023,0.3498429502841447,0.35004541584395793,-0.00015882453766262694,0.3498233536917453,-0.32711726823915654,-1.4199984709369105,1.2360267639160156,-1.3859732786761683,-1.5711105505572718,2.737913131713867,0.0,0.0003067961661145091,-0.0,-7.190534961409867e-05,0.0,0.0,-0.3271477188933886,-1.420024322164415,1.2360751588811958,-1.3862463473292996,-1.5710687097338456,2.7379659607344737,-4.6467682501462525e-05,-0.00031745373191839686,0.0004288096023147858,-0.0010358853504583154,2.3714833724505863e-05,8.963132397395949e-05,0.0014661772195285086,-8.040101061378959,-6.2705401005527195,-0.9629938860322551,-4.70009276388102e-05,-5.459991051260977e-07,28.0,28.0,14.0,6.0,6.0,6.0
1.3897160101500345,1.0,2.2615227717631626e-05,0.00010171050180759309,0.3500434529559932,-0.00014770837097220023,0.3498429502841447,0.3500434529559932,-0.00014770837097220023,0.3498429502841447,0.35004541584395793,-0.00015882453766262694,0.3498233536917453,-0.32711726823915654,-1.4199984709369105,1.2360267639160156,-1.3859732786761683,-1.5711105505572718,2.737913131713867,0.0,0.0003067961661145091,-0.0,-7.190534961409867e-05,0.0,0.0,-0.32714787533185,-1.4200256001982832,1.2360768489100455,-1.3862504355832235,-1.5710685707854606,2.7379662671977814,-3.910961534810132e-05,-0.0003195084670039605,0.00042250721244565815,-0.0010220634809493634,3.473709626259707e-05,7.661582694292929e-05,0.0014661772195285086,-8.040101061378959,-6.2705401005527195,-0.9629938860322551,-4.70009276388102e-05,-5.459991051260977e-07,28.0,28.0,14.0,6.0,6.0,6.0
1.3937160101500345,1.0,8.389956976232108e-06,5.008778805649449e-05,0.3500434529559932,-0.00014770837097220023,0.3498429502841447,0.3500434529559932,-0.00014770837097220023,0.3498429502841447,0.3500479275717044,-0.00014298275055466916,0.34984824534825854,-0.32706958452333623,-1.4200227896319788,1.2359905242919922,-1.386045281087057,-1.5711105505572718,2.737913131713867,0.0,0.00028762139845639467,-0.0,-7.190534961409867e-05,0.0,0.0,-0.3271480528561673,-1.4200268049288804,1.2360784315141233,-1.3862541973805027,-1.5710683903575662,2.7379665736301653,-4.4381079324862685e-05,-0.00030118264931447387,0.00039565101944395216,-0.0009404493198215669,4.510697360602217e-05,7.660809596382964e-05,-3.3620124874303192e-06,-8.037225448745732,-6.269668660656698,-0.9627998261254332,-6.886235044623648e-05,5.468147790199778e-07,28.0,28.0,14.0,6.0,6.0,6.0
1.3983473561543511,1.0,8.389956976232108e-06,5.008778805649449e-05,0.3500434529559932,-0.00014770837097220023,0.3498429502841447,0.3500434529559932,-0.00014770837097220023,0.3498429502841447,0.3500479275717044,-0.00014298275055466916,0.34984824534825854,-0.32706958452333623,-1.4200227896319788,1.2359905242919922,-1.386045281087057,-1.5711105505572718,2.737913131713867,0.0,0.00028762139845639467,-0.0,-7.190534961409867e-05,0.0,0.0,-0.3271482502011892,-1.4200279407544032,1.2360799131389155,-1.3862576523085361,-1.571068170938933,2.7379668800334804,-4.933625546301837e-05,-0.00028395638068635644,0.0003704061980223485,-0.0008637320083614381,5.485465830884176e-05,7.660082884347597e-05,-3.3620124874303192e-06,-8.037225448745732,-6.269668660656698,-0.9627998261254332,-6.886235044623648e-05,5.468147790199778e-07,28.0,28.0,14.0,6.0,6.0,6.0
1.4023473561543511,1.0,8.389956976232108e-06,5.008778805649449e-05,0.3500434529559932,-0.00014770837097220023,0.3498429502841447,0.3500434529559932,-0.00014770837097220023,0.3498429502841447,0.3500479275717044,-0.00014298275055466916,0.34984824534825854,-0.32706958452333623,-1.4200227896319788,1.2359905242919922,-1.386045281087057,-1.5711105505572718,2.737913131713867,0.0,0.00028762139845639467,-0.0,-7.190534961409867e-05,0.0,0.0,-0.32714846617767335,-1.4200290118091559,1.2360812998431792,-1.3862608187794785,-1.5710679148690052,2.7379671864094712,-5.3994121032884715e-05,-0.00026776368817592604,0.00034667606588604106,-0.0007916177355889171,6.401748192949217e-05,7.659399775034352e-05,-3.3620124874303192e-06,-8.037225448745732,-6.269668660656698,-0.9627998261254332,-6.886235044623648e-05,5.468147790199778e-07,28.0,28.0,14.0,6.0,6.0,6.0
1.4074619011522742,1.0,8.389956976232108e-06,5.008778805649449e-05,0.3500434529559932,-0.00014770837097220023,0.3498429502841447,0.3500434529559932,-0.00014770837097220023,0.3498429502841447,0.3500479275717044,-0.00014298275055466916,0.34984824534825854,-0.32706958452333623,-1.4200227896319788,1.2359905242919922,-1.386045281087057,-1.5711105505572718,2.737913131713867,0.0,0.00028762139845639467,-0.0,-7.190534961409867e-05,0.0,0.0,-0.327148699667732,-1.4200300219793847,1.2360825973221459,-1.3862637141007552,-1.5710676243468606,2.7379674927597772,-5.8372514668559076e-05,-0.00025254255721612147,0.0003243697416779121,-0.0007238303191827475,7.263053613290356e-05,7.658757652279901e-05,-3.3620124874303192e-06,-8.037225448745732,-6.269668660656698,-0.9627998261254332,-6.886235044623648e-05,5.468147790199778e-07,28.0,28.0,14.0,6.0,6.0,6.0
1.4114619011522742,1.0,9.516925185169365e-06,4.129148603087912e-05,0.3500434529559932,-0.00014770837097220023,0.3498429502841447,0.3500434529559932,-0.00014770837097220023,0.3498429502841447,0.35005093698128753,-0.0001481855813539433,0.34983709080459224,-0.3270934263812464,-1.4199984709369105,1.2359905242919922,-1.3860090414630335,-1.5710623900042933,2.7379369735717773,0.0,0.00026844663079828024,-0.0,-0.0016058861510828137,0.0,0.0,-0.32714891308594923,-1.420031018976505,1.2360838587952416,-1.3862664575114139,-1.571067400080891,2.737967737963965,-5.335455430416031e-05,-0.00024924928010218515,0.00031536827393965775,-0.0006858526646445216,5.606649238018191e-05,6.130104691819002e-05,0.0009508902039171448,-8.037906384480701,-6.2691607213335345,-0.9625330403646422,-6.519828473529717e-05,-5.477432514305768e-07,28.0,28.0,14.0,6.0,6.0,6.0
1.415960279147607,1.0,9.516925185169365e-06,4.129148603087912e-05,0.3500434529559932,-0.00014770837097220023,0.3498429502841447,0.3500434529559932,-0.00014770837097220023,0.3498429502841447,0.35005093698128753,-0.0001481855813539433,0.34983709080459224,-0.3270934263812464,-1.4199984709369105,1.2359905242919922,-1.3860090414630335,-1.5710623900042933,2.7379369735717773,0.0,0.00026844663079828024,-0.0,-0.0016058861510828137,0.0,0.0,-0.32714910763663546,-1.4200320035909035,1.2360850864228188,-1.3862690581260915,-1.571067238095726,2.737967925690801,-4.863767156162547e-05,-0.000246153599615085,0.0003069068942656987,-0.0006501536693785893,4.0496291252623554e-05,4.6931709089857566e-05,0.0009508902039171448,-8.037906384480701,-6.2691607213335345,-0.9625330403646422,-6.519828473529717e-05,-5.477432514305768e-07,28.0,28.0,14.0,6.0,6.0,6.0
1.419960279147607,1.0,9.763084008920569e-06,5.0917588329285335e-05,0.3500434529559932,-0.00014770837097220023,0.3498429502841447,0.3500434529559932,-0.00014770837097220023,0.3498429502841447,0.35004761700640097,-0.00015328633854534476,0.3498361044992138,-0.3270934263812464,-1.4200108687030237,1.2360148429870605,-1.3860333601581019,-1.571134392415182,2.737901210784912,0.0,0.00024927189224399626,-0.0,-0.0016058861510828137,0.0,0.0,-0.32714930263419456,-1.4200329671865726,1.2360862564554393,-1.386271482423675,-1.571066987207537,2.737968114447621,-4.874938977124516e-05,-0.00024089891725251355,0.00029250815511852536,-0.0006060743959195776,6.272204730326778e-05,4.7189205021237426e-05,0.0005887159527495499,-8.03744406221384,-6.269162440953465,-0.9625285488103992,-5.4312109295127064e-05,2.722049522008451e-07,28.0,28.0,14.0,6.0,6.0,6.0
1.4248848691484897,1.0,9.763084008920569e-06,5.0917588329285335e-05,0.3500434529559932,-0.00014770837097220023,0.3498429502841447,0.3500434529559932,-0.00014770837097220023,0.3498429502841447,0.35004761700640097,-0.00015328633854534476,0.3498361044992138,-0.3270934263812464,-1.4200108687030237,1.2360148429870605,-1.3860333601581019,-1.571134392415182,2.737901210784912,0.0,0.00024927189224399626,-0.0,-0.0016058861510828137,0.0,0.0,-0.3271494980518141,-1.4200339110246358,1.2360873723488006,-1.3862737409831905,-1.5710666527505048,2.7379683041726257,-4.8854404888287675e-05,-0.0002359595158316964,0.0002789733403201824,-0.0005646398788681066,8.361425799087335e-05,4.7431251196734495e-05,0.0005887159527495499,-8.03744406221384,-6.269162440953465,-0.9625285488103992,-5.4312109295127064e-05,2.722049522008451e-07,28.0,28.0,14.0,6.0,6.0,6.0
1.4288848691484897,1.0,9.763084008920569e-06,5.0917588329285335e-05,0.3500434529559932,-0.00014770837097220023,0.3498429502841447,0.3500434529559932,-0.00014770837097220023,0.3498429502841447,0.35004761700640097,-0.00015328633854534476,0.3498361044992138,-0.3270934263812464,-1.4200108687030237,1.2360148429870605,-1.3860333601581019,-1.571134392415182,2.737901210784912,0.0,0.00024927189224399626,-0.0,-0.0016058861510828137,0.0,0.0,-0.3271496938642905,-1.4200348362905497,1.2360884373512582,-1.3862758437489218,-1.5710662397387607,2.737968494807724,-4.8953119098307636e-05,-0.00023131647849612826,0.0002662506144097401,-0.0005256914328397238,0.00010325293603722259,4.765877460170174e-05,0.0005887159527495499,-8.03744406221384,-6.269162440953465,-0.9625285488103992,-5.4312109295127064e-05,2.722049522008451e-07,28.0,28.0,14.0,6.0,6.0,6.0
1.434410192157841,1.0,8.998618801368644e-06,4.338485301222233e-05,0.3500434529559932,-0.00014770837097220023,0.3498429502841447,0.3500434529559932,-0.00014770837097220023,0.3498429502841447,0.3500516868201916,-0.00015050196058337978,0.34984526857614073,-0.3270934263812464,-1.4200108687030237,1.2359905242919922,-1.3860567251788538,-1.5710862318622034,2.7379369735717773,0.0,0.00023009712458588183,-0.0,-0.0016058861510828137,0.0,0.0,-0.32714987789980016,-1.4200357177774834,1.2360894289532367,-1.386277702863918,-1.5710658515075533,2.7379686252048145,-4.600887741828803e-05,-0.0002203717334422365,0.00024790049463707,-0.0004647787490699413,9.705780185559191e-05,3.259927258056299e-05,0.0005729080516540363,-8.036667335785078,-6.268814395858758,-0.9624457718079972,-6.159486685956866e-05,-5.482595609175244e-07,28.0,28.0,14.0,6.0,6.0,6.0
1.438410192157841,1.0,8.998618801368644e-06,4.338485301222233e-05,0.3500434529559932,-0.00014770837097220023,0.3498429502841447,0.3500434529559932,-0.00014770837097220023,0.3498429502841447,0.3500516868201916,-0.00015050196058337978,0.34984526857614073,-0.3270934263812464,-1.4200108687030237,1.2359905242919922,-1.3860567251788538,-1.5710862318622034,2.7379369735717773,0.0,0.00023009712458588183,-0.0,-0.0016058861510828137,0.0,0.0,-0.32715005086496113,-1.4200365581121757,1.236090351558765,-1.3862793329472232,-1.5710654865700504,2.737968698978177,-4.324129023906959e-05,-0.0002100836730915782,0.00023065138205076018,-0.0004075208263263457,9.123437572485908e-05,1.844334068069257e-05,0.0005729080516540363,-8.036667335785078,-6.268814395858758,-0.9624457718079972,-6.159486685956866e-05,-5.482595609175244e-07,28.0,28.0,14.0,6.0,6.0,6.0
1.4434273851630284,1.0,8.998618801368644e-06,4.338485301222233e-05,0.3500434529559932,-0.00014770837097220023,0.3498429502841447,0.3500434529559932,-0.00014770837097220023,0.3498429502841447,0.3500516868201916,-0.00015050196058337978,0.34984526857614073,-0.3270934263812464,-1.4200108687030237,1.2359905242919922,-1.3860567251788538,-1.5710862318622034,2.7379369735717773,0.0,0.00023009712458588183,-0.0,-0.0016058861510828137,0.0,0.0,-0.3271502134239943,-1.4200373597637612,1.2360912093076297,-1.386280747740739,-1.5710651435286298,2.737968719525236,-4.063975829060426e-05,-0.00020041289636195942,0.00021443721621962892,-0.0003536983789473659,8.57603551619702e-05,5.136764694814374e-06,0.0005729080516540363,-8.036667335785078,-6.268814395858758,-0.9624457718079972,-6.159486685956866e-05,-5.482595609175244e-07,28.0,28.0,14.0,6.0,6.0,6.0
1.4474273851630284,1.0,6.361317107884169e-06,2.1054027779033463e-05,0.3500434529559932,-0.00014770837097220023,0.3498429502841447,0.3500434529559932,-0.00014770837097220023,0.3498429502841447,0.35004360968698395,-0.0001530072283781423,0.3498464665180583,-0.32710534731020147,-1.4200347105609339,1.2360029220581055,-1.3860209623919886,-1.5710986296283167,2.737889051437378,0.0,0.00023009712458588183,-0.0,-0.0016058861510828137,0.0,0.0,-0.3271503571558332,-1.4200381126745576,1.2360920176331485,-1.386282033893134,-1.5710647956909614,2.7379687728156266,-3.593295971404737e-05,-0.00018822769910457445,0.00020208137970403805,-0.000321538098760622,8.695941711671356e-05,1.332259767863264e-05,0.0006468690402683335,-8.03604342979179,-6.2686796479945635,-0.9624535588001091,-5.425705356390598e-05,2.7763289020377864e-07,28.0,28.0,14.0,6.0,6.0,6.0
1.4521252161613671,1.0,6.361317107884169e-06,2.1054027779033463e-05,0.3500434529559932,-0.00014770837097220023,0.3498429502841447,0.3500434529559932,-0.00014770837097220023,0.3498429502841447,0.35004360968698395,-0.0001530072283781423,0.3498464665180583,-0.32710534731020147,-1.4200347105609339,1.2360029220581055,-1.3860209623919886,-1.5710986296283167,2.737889051437378,0.0,0.00023009712458588183,-0.0,-0.0016058861510828137,0.0,0.0,-0.32715048319010936,-1.4200388197690124,1.236092779500722,-1.3862831991228757,-1.57106444334482,2.7379688568847493,-3.1508569052083894e-05,-0.0001767736136826326,0.00019046689337938263,-0.0002913074353850827,8.808653535417231e-05,2.101728068342181e-05,0.0006468690402683335,-8.03604342979179,-6.2686796479945635,-0.9624535588001091,-5.425705356390598e-05,2.7763289020377864e-07,28.0,28.0,14.0,6.0,6.0,6.0
1.4561252161613671,1.0,6.361317107884169e-06,2.1054027779033463e-05,0.3500434529559932,-0.00014770837097220023,0.3498429502841447,0.3500434529559932,-0.00014770837097220023,0.3498429502841447,0.35004360968698395,-0.0001530072283781423,0.3498464665180583,-0.32710534731020147,-1.4200347105609339,1.2360029220581055,-1.3860209623919886,-1.5710986296283167,2.737889051437378,0.0,0.00023009712458588183,-0.0,-0.0016058861510828137,0.0,0.0,-0.3271505925886767,-1.420039483796106,1.2360934976978268,-1.386284250685323,-1.571064086760714,2.73796896988588,-2.7349641829838225e-05,-0.00016600677338600724,0.00017954927623420653,-0.0002628906118120757,8.914602649738354e-05,2.825028270792363e-05,0.0006468690402683335,-8.03604342979179,-6.2686796479945635,-0.9624535588001091,-5.425705356390598e-05,2.7763289020377864e-07,28.0,28.0,14.0,6.0,6.0,6.0
1.4611756511542486,1.0,7.548164376499974e-06,2.9407553932471176e-05,0.3500434529559932,-0.00014770837097220023,0.3498429502841447,0.3500434529559932,-0.00014770837097220023,0.3498429502841447,0.3500508582091875,-0.00014711952037197001,0.3498416122760904,-0.3270815054522913,-1.4200108687030237,1.2360029220581055,-1.3860567251788538,-1.5710986296283167,2.7379369735717773,0.0,0.0002109223569277674,-0.0,-0.0016058861510828137,0.0,0.0,-0.3271507107050977,-1.4200401262568942,1.2360941638332188,-1.3862851407439583,-1.5710637261750353,2.7379690364114175,-2.952910525466815e-05,-0.00016061519706211467,0.00016653384797341527,-0.00022251465881154296,9.014641967000663e-05,1.6631384408315953e-05,0.00030683089137664455,-8.03665750634537,-6.268876745913896,-0.9624645040858653,-6.518574074842056e-05,-2.748086219426358e-07,28.0,28.0,14.0,6.0,6.0,6.0
1.4651756511542486,1.0,7.548164376499974e-06,2.9407553932471176e-05,0.3500434529559932,-0.00014770837097220023,0.3498429502841447,0.3500434529559932,-0.00014770837097220023,0.3498429502841447,0.3500508582091875,-0.00014711952037197001,0.3498416122760904,-0.3270815054522913,-1.4200108687030237,1.2360029220581055,-1.3860567251788538,-1.5710986296283167,2.7379369735717773,0.0,0.0002109223569277674,-0.0,-0.0016058861510828137,0.0,0.0,-0.3271508370163012,-1.4200407484453554,1.2360947810306004,-1.3862858789890102,-1.5710633618278782,2.7379690592498975,-3.157780087400828e-05,-0.00015554711531765565,0.00015429934540827148,-0.0001845612629910422,9.108678925227233e-05,5.709620006684742e-06,0.00030683089137664455,-8.03665750634537,-6.268876745913896,-0.9624645040858653,-6.518574074842056e-05,-2.748086219426358e-07,28.0,28.0,14.0,6.0,6.0,6.0
1.470324626158225,1.0,7.548164376499974e-06,2.9407553932471176e-05,0.3500434529559932,-0.00014770837097220023,0.3498429502841447,0.3500434529559932,-0.00014770837097220023,0.3498429502841447,0.3500508582091875,-0.00014711952037197001,0.3498416122760904,-0.3270815054522913,-1.4200108687030237,1.2360029220581055,-1.3860567251788538,-1.5710986296283167,2.7379369735717773,0.0,0.0002109223569277674,-0.0,-0.0016058861510828137,0.0,0.0,-0.32715097103060026,-1.4200413515778294,1.2360953522262523,-1.386286474529294,-1.5710629939449317,2.7379690410225432,-3.3503574756188e-05,-0.00015078311847786417,0.00014279891299703631,-0.00014888507091977146,9.19707366596021e-05,-4.556838530848598e-06,0.00030683089137664455,-8.03665750634537,-6.268876745913896,-0.9624645040858653,-6.518574074842056e-05,-2.748086219426358e-07,28.0,28.0,14.0,6.0,6.0,6.0
1.474324626158225,1.0,3.032329154673966e-05,6.890508979206241e-05,0.3500434529559932,-0.00014770837097220023,0.3498429502841447,0.3500434529559932,-0.00014770837097220023,0.3498429502841447,0.35005663987179036,-0.00014073387619002362,0.3498165502143622,-0.32705766359438115,-1.4199746290790003,1.2360506057739258,-1.3860686461078089,-1.5710986296283167,2.737901210784912,0.0,0.0002109223569277674,-0.0,-0.0014860439114272594,0.0,0.0,-0.32715113662121204,-1.4200420041676522,1.2360958970747997,-1.3862870348139835,-1.571062622722058,2.7379690819272975,-4.139765294225023e-05,-0.00016314745569430194,0.00013621213686150054,-0.00014007117237745917,9.280571838667025e-05,1.0226188544325613e-05,0.00031458833077130204,-8.03915427637553,-6.269892117983098,-0.9626604254425162,-7.611609483994548e-05,1.0929715884220859e-06,28.0,28.0,14.0,6.0,6.0,6.0
1.4789310411519843,1.0,3.032329154673966e-05,6.890508979206241e-05,0.3500434529559932,-0.00014770837097220023,0.3498429502841447,0.3500434529559932,-0.00014770837097220023,0.3498429502841447,0.35005663987179036,-0.00014073387619002362,0.3498165502143622,-0.32705766359438115,-1.4199746290790003,1.2360506057739258,-1.3860686461078089,-1.5710986296283167,2.737901210784912,0.0,0.0002109223569277674,-0.0,-0.0014860439114272594,0.0,0.0,-0.3271513318935578,-1.420042703247383,1.236096417157069,-1.3862875619584145,-1.5710622483596532,2.7379691784162334,-4.881808643714873e-05,-0.00017476993267775346,0.00013002056729409693,-0.0001317861077476856,9.359060121011432e-05,2.412223399498937e-05,0.00031458833077130204,-8.03915427637553,-6.269892117983098,-0.9626604254425162,-7.611609483994548e-05,1.0929715884220859e-06,28.0,28.0,14.0,6.0,6.0,6.0
1.4829310411519843,1.0,1.7804136148746053e-05,6.419616708826082e-05,0.3500434529559932,-0.00014770837097220023,0.3498429502841447,0.3500434529559932,-0.00014770837097220023,0.3498429502841447,0.3500585693419905,-0.00014448981689043863,0.34983411155980193,-0.32706958452333623,-1.4199984709369105,1.2360386848449707,-1.3861406485186976,-1.5710862318622034,2.737913131713867,0.0,0.0001917476038215682,-0.0,-0.001342233270406723,0.0,0.0,-0.3271515397808972,-1.4200433743401013,1.2360968260923288,-1.3862878230773439,-1.5710618964426057,2.7379692936126214,-5.197183487030587e-05,-0.000167773179588934,0.00010223381497229478,-6.527973233626574e-05,8.797926189205838e-05,2.8799096950734316e-05,9.994980505430901e-05,-8.037271115572151,-6.269383547802364,-0.9625418325341528,-7.253035707795504e-05,5.455221762764419e-07,28.0,28.0,14.0,6.0,6.0,6.0
1.4880218421390752,1.0,1.7804136148746053e-05,6.419616708826082e-05,0.3500434529559932,-0.00014770837097220023,0.3498429502841447,0.3500434529559932,-0.00014770837097220023,0.3498429502841447,0.3500585693419905,-0.00014448981689043863,0.34983411155980193,-0.32706958452333623,-1.4199984709369105,1.2360386848449707,-1.3861406485186976,-1.5710862318622034,2.737913131713867,0.0,0.0001917476038215682,-0.0,-0.001342233270406723,0.0,0.0,-0.3271517595263308,-1.420044019125028,1.2360971305494,-1.3862878341323017,-1.571061565624194,2.737969426394014,-5.493635839747358e-05,-0.0001611962316854437,7.611426778980076e-05,-2.763739449531053e-06,8.27046029330858e-05,3.3195348129134566e-05,9.994980505430901e-05,-8.037271115572151,-6.269383547802364,-0.9625418325341528,-7.253035707795504e-05,5.455221762764419e-07,28.0,28.0,14.0,6.0,6.0,6.0
1.4920218421390752,1.0,1.7804136148746053e-05,6.419616708826082e-05,0.3500434529559932,-0.00014770837097220023,0.3498429502841447,0.3500434529559932,-0.00014770837097220023,0.3498429502841447,0.3500585693419905,-0.00014448981689043863,0.34983411155980193,-0.32706958452333623,-1.4199984709369105,1.2360386848449707,-1.3861406485186976,-1.5710862318622034,2.737913131713867,0.0,0.0001917476038215682,-0.0,-0.001342233270406723,0.0,0.0,-0.32715199041837284,-1.4200446391806307,1.2360973367969736,-1.3862876101271262,-1.5710612546384999,2.737969575705311,-5.7723010513011234e-05,-0.00015501390065616284,5.156189343825639e-05,5.600129386399955e-05,7.774642351165157e-05,3.7327824236830796e-05,9.994980505430901e-05,-8.037271115572151,-6.269383547802364,-0.9625418325341528,-7.253035707795504e-05,5.455221762764419e-07,28.0,28.0,14.0,6.0,6.0,6.0
1.4967291711433797,1.0,1.7804136148746053e-05,6.419616708826082e-05,0.3500434529559932,-0.00014770837097220023,0.3498429502841447,0.3500434529559932,-0.00014770837097220023,0.3498429502841447,0.3500585693419905,-0.00014448981689043863,0.34983411155980193,-0.32706958452333623,-1.4199984709369105,1.2360386848449707,-1.3861406485186976,-1.5710862318622034,2.737913131713867,0.0,0.0001917476038215682,-0.0,-0.001342233270406723,0.0,0.0,-0.32715223178822683,-1.4200452359906688,1.23609745072762,-1.3862871651654254,-1.5710609622955605,2.737969740554718,-6.0342463501616624e-05,-0.0001492025094886388,2.848266154780468e-05,0.00011124042517871831,7.308573485550339e-05,4.121235177806525e-05,9.994980505430901e-05,-8.037271115572151,-6.269383547802364,-0.9625418325341528,-7.253035707795504e-05,5.455221762764419e-07,28.0,28.0,14.0,6.0,6.0,6.0
1.5007291711433797,1.0,1.877792585490078e-05,0.00011260768379136803,0.3500434529559932,-0.00014770837097220023,0.3498429502841447,0.3500434529559932,-0.00014770837097220023,0.3498429502841447,0.35006030549245376,-0.0001555293210333989,0.3498456770504343,-0.3270934263812464,-1.4199984709369105,1.2360029220581055,-1.3861525694476526,-1.5711105505572718,2.737889051437378,0.0,0.0001917476038215682,-0.0,-0.001342233270406723,0.0,0.0,-0.32715246479168414,-1.4200457935863824,1.2360974741521846,-1.386286428492793,-1.5710606376959773,2.7379699387164487,-5.825086432891554e-05,-0.00013939892841524545,5.85614121058911e-06,0.00018416815812264244,8.114989578026574e-05,4.9540432655732384e-05,0.00035233999259503895,-8.036706534998284,-6.269006083329388,-0.9624507231571586,-5.792087247146865e-05,5.505638652535841e-07,28.0,28.0,14.0,6.0,6.0,6.0
1.5057712951591244,1.0,1.877792585490078e-05,0.00011260768379136803,0.3500434529559932,-0.00014770837097220023,0.3498429502841447,0.3500434529559932,-0.00014770837097220023,0.3498429502841447,0.35006030549245376,-0.0001555293210333989,0.3498456770504343,-0.3270934263812464,-1.4199984709369105,1.2360029220581055,-1.3861525694476526,-1.5711105505572718,2.737889051437378,0.0,0.0001917476038215682,-0.0,-0.001342233270406723,0.0,0.0,-0.32715268993072855,-1.4200463143206312,1.236097412501033,-1.3862854176118846,-1.571060282775149,2.7379701681917634,-5.6284761106576525e-05,-0.0001301835622062557,-1.5412787906393525e-05,0.0002527202270899311,8.873020704954235e-05,5.736882868073949e-05,0.00035233999259503895,-8.036706534998284,-6.269006083329388,-0.9624507231571586,-5.792087247146865e-05,5.505638652535841e-07,28.0,28.0,14.0,6.0,6.0,6.0
1.5097712951591244,1.0,1.882743903985822e-05,0.0001338350329963257,0.3500434529559932,-0.00014770837097220023,0.3498429502841447,0.3500434529559932,-0.00014770837097220023,0.3498429502841447,0.3500589066653792,-0.000155054726274592,0.3498508043525671,-0.3270934263812464,-1.4200108687030237,1.2360029220581055,-1.3861644903766077,-1.5711105505572718,2.737913131713867,0.0,0.00017257283616345376,-0.0,-0.0049375006929039955,0.0,0.0,-0.32715290768508526,-1.420046776939609,1.2360972479342582,-1.3862840418566569,-1.5710598993493763,2.7379703777781876,-5.443858917337536e-05,-0.00011565474444394613,-4.114169371430417e-05,0.0003439388069467637,9.585644318302055e-05,5.239660599980229e-05,0.00030483661482823835,-8.034028918785637,-6.2668476472462995,-0.9616189512475629,-5.788742086006468e-05,-5.204782382624525e-09,28.0,28.0,14.0,6.0,6.0,6.0
1.5143658381765714,1.0,1.882743903985822e-05,0.0001338350329963257,0.3500434529559932,-0.00014770837097220023,0.3498429502841447,0.3500434529559932,-0.00014770837097220023,0.3498429502841447,0.3500589066653792,-0.000155054726274592,0.3498508043525671,-0.3270934263812464,-1.4200108687030237,1.2360029220581055,-1.3861644903766077,-1.5711105505572718,2.737913131713867,0.0,0.00017257283616345376,-0.0,-0.0049375006929039955,0.0,0.0,-0.32715311849783546,-1.420047184930232,1.2360969866267975,-1.386282323119569,-1.5710594891289558,2.7379705686690543,-5.270318755616626e-05,-0.00010199765574737515,-6.532686517374018e-05,0.00042968427201218627,0.00010255510514849006,4.772271667972133e-05,0.00030483661482823835,-8.034028918785637,-6.2668476472462995,-0.9616189512475629,-5.788742086006468e-05,-5.204782382624525e-09,28.0,28.0,14.0,6.0,6.0,6.0
1.5183658381765714,1.0,1.882743903985822e-05,0.0001338350329963257,0.3500434529559932,-0.00014770837097220023,0.3498429502841447,0.3500434529559932,-0.00014770837097220023,0.3498429502841447,0.3500589066653792,-0.000155054726274592,0.3498508043525671,-0.3270934263812464,-1.4200108687030237,1.2360029220581055,-1.3861644903766077,-1.5711105505572718,2.737913131713867,0.0,0.00017257283616345376,-0.0,-0.0049375006929039955,0.0,0.0,-0.3271533227854756,-1.4200475415702016,1.2360966343830921,-1.3862802819795321,-1.5710590537215663,2.7379707419860972,-5.1071910035989714e-05,-8.915999237259841e-05,-8.806092634561002e-05,0.0005102850091736835,0.0001088518473960314,4.332926071884522e-05,0.00030483661482823835,-8.034028918785637,-6.2668476472462995,-0.9616189512475629,-5.788742086006468e-05,-5.204782382624525e-09,28.0,28.0,14.0,6.0,6.0,6.0
1.523411524181022,1.0,1.882743903985822e-05,0.0001338350329963257,0.3500434529559932,-0.00014770837097220023,0.3498429502841447,0.3500434529559932,-0.00014770837097220023,0.3498429502841447,0.3500589066653792,-0.000155054726274592,0.3498508043525671,-0.3270934263812464,-1.4200108687030237,1.2360029220581055,-1.3861644903766077,-1.5711105505572718,2.737913131713867,0.0,0.00017257283616345376,-0.0,-0.0049375006929039955,0.0,0.0,-0.3271535209395123,-1.4200478499405569,1.2360961966593167,-1.3862779377807237,-1.571058594638426,2.737970898783746,-4.9538509167023755e-05,-7.709258880030829e-05,-0.00010943094384716769,0.0005860497021054909,0.00011477078510872026,3.919941211562168e-05,0.00030483661482823835,-8.034028918785637,-6.2668476472462995,-0.9616189512475629,-5.788742086006468e-05,-5.204782382624525e-09,28.0,28.0,14.0,6.0,6.0,6.0
1.527411524181022,1.0,1.9128916218079467e-05,8.671434209903638e-05,0.3500434529559932,-0.00014770837097220023,0.3498429502841447,0.3500434529559932,-0.00014770837097220023,0.3498429502841447,0.3500614455536597,-0.0001507114592240364,0.34983719152335424,-0.3270815054522913,-1.4199865500079554,1.2360148429870605,-1.3861406485186976,-1.5710986296283167,2.737877607345581,0.0,0.00017257283616345376,-0.0,-0.004625910893082619,0.0,0.0,-0.3271537224813601,-1.4200481617032208,1.23609571953658,-1.3862754289140444,-1.5710581377067787,2.737971128065363,-5.0385461954838646e-05,-7.7940665969503e-05,-0.0001192806841882787,0.0006272166698299016,0.00011423291181952048,5.732040432702786e-05,0.00043094952929934505,-8.035685695322528,-6.26748250460349,-0.9617855227629363,-6.515821887071078e-05,1.0839353827318495e-06,28.0,28.0,14.0,6.0,6.0,6.0
1.5324940141909762,1.0,1.9128916218079467e-05,8.671434209903638e-05,0.3500434529559932,-0.00014770837097220023,0.3498429502841447,0.3500434529559932,-0.00014770837097220023,0.3498429502841447,0.3500614455536597,-0.0001507114592240364,0.34983719152335424,-0.3270815054522913,-1.4199865500079554,1.2360148429870605,-1.3861406485186976,-1.5710986296283167,2.737877607345581,0.0,0.00017257283616345376,-0.0,-0.004625910893082619,0.0,0.0,-0.3271539272077504,-1.4200484766546548,1.2360952053788197,-1.3862727652595666,-1.571057682797535,2.737971425481911,-5.1181597575384646e-05,-7.873785850854603e-05,-0.00012853944010892304,0.0006659136194908477,0.00011372731092767268,7.435413700574967e-05,0.00043094952929934505,-8.035685695322528,-6.26748250460349,-0.9617855227629363,-6.515821887071078e-05,1.0839353827318495e-06,28.0,28.0,14.0,6.0,6.0,6.0
1.5364940141909762,1.0,1.1379177839133863e-05,8.72442614959037e-05,0.3500434529559932,-0.00014770837097220023,0.3498429502841447,0.3500434529559932,-0.00014770837097220023,0.3498429502841447,0.35005357048568325,-0.00014279393529091663,0.3498446735378115,-0.32706958452333623,-1.4200227896319788,1.2360267639160156,-1.3861287275897425,-1.5710862318622034,2.737913131713867,0.0,0.00015339808305725455,-0.0,-0.0029241510201245546,0.0,0.0,-0.32715414399826986,-1.4200487510414777,1.2360946320233341,-1.386269976822243,-1.5710572551660578,2.737971729533875,-5.419762987336552e-05,-6.859670569452057e-05,-0.00014333887137451054,0.0006971093308704063,0.00010690786932222069,7.601299099503799e-05,-0.00015913639342664897,-8.034803700397816,-6.267983707535862,-0.9621116785442482,-7.251845240948334e-05,5.44013676403292e-07,28.0,28.0,14.0,6.0,6.0,6.0
1.5412417081999599,1.0,1.1379177839133863e-05,8.72442614959037e-05,0.3500434529559932,-0.00014770837097220023,0.3498429502841447,0.3500434529559932,-0.00014770837097220023,0.3498429502841447,0.35005357048568325,-0.00014279393529091663,0.3498446735378115,-0.32706958452333623,-1.4200227896319788,1.2360267639160156,-1.3861287275897425,-1.5710862318622034,2.737913131713867,0.0,0.00015339808305725455,-0.0,-0.0029241510201245546,0.0,0.0,-0.3271543721290708,-1.420048987297566,1.2360940030219871,-1.3862670710890448,-1.571056853175681,2.73797203982313,-5.7032700233467536e-05,-5.9064022049336616e-05,-0.00015725033676416278,0.0007264332995671913,0.00010049759421309583,7.7572313744969e-05,-0.00015913639342664897,-8.034803700397816,-6.267983707535862,-0.9621116785442482,-7.251845240948334e-05,5.44013676403292e-07,28.0,28.0,14.0,6.0,6.0,6.0
1.5452417081999599,1.0,1.1379177839133863e-05,8.72442614959037e-05,0.3500434529559932,-0.00014770837097220023,0.3498429502841447,0.3500434529559932,-0.00014770837097220023,0.3498429502841447,0.35005357048568325,-0.00014279393529091663,0.3498446735378115,-0.32706958452333623,-1.4200227896319788,1.2360267639160156,-1.3861287275897425,-1.5710862318622034,2.737913131713867,0.0,0.00015339808305725455,-0.0,-0.0029241510201245546,0.0,0.0,-0.32715461091973624,-1.4200491877107635,1.2360933217135301,-1.3862640550977243,-1.5710564752879386,2.7379723559754385,-5.9697666371963436e-05,-5.0103299422863705e-05,-0.00017032711423043589,0.0007539978301421693,9.447193561051845e-05,7.903807712990416e-05,-0.00015913639342664897,-8.034803700397816,-6.267983707535862,-0.9621116785442482,-7.251845240948334e-05,5.44013676403292e-07,28.0,28.0,14.0,6.0,6.0,6.0
1.5500950652079197,1.0,2.1015287038714874e-05,6.538879465683356e-05,0.3500434529559932,-0.00014770837097220023,0.3498429502841447,0.3500434529559932,-0.00014770837097220023,0.3498429502841447,0.3500609588850399,-0.00015472001765815308,0.3498336755039164,-0.3270934263812464,-1.4199865500079554,1.2360267639160156,-1.3861406485186976,-1.5710986296283167,2.7379369735717773,0.0,0.00015339808305725455,-0.0,-0.002157160546630621,0.0,0.0,-0.32715483848235055,-1.4200494029800532,1.2360926149503935,-1.3862609727059754,-1.57105609468447,2.7379726012318573,-5.6890653570963746e-05,-5.381732240927921e-05,-0.00017669078419720133,0.00077059793723086,9.515086714379677e-05,6.131410463952562e-05,0.0005655652924198072,-8.037095771524003,-6.268866489051132,-0.9623392993546938,-5.9716078970663425e-05,-5.490166156095694e-07,28.0,28.0,14.0,6.0,6.0,6.0
1.5540950652079197,1.0,2.1015287038714874e-05,6.538879465683356e-05,0.3500434529559932,-0.00014770837097220023,0.3498429502841447,0.3500434529559932,-0.00014770837097220023,0.3498429502841447,0.3500609588850399,-0.00015472001765815308,0.3498336755039164,-0.3270934263812464,-1.4199865500079554,1.2360267639160156,-1.3861406485186976,-1.5710986296283167,2.7379369735717773,0.0,0.00015339808305725455,-0.0,-0.002157160546630621,0.0,0.0,-0.3271550554905967,-1.4200496322140692,1.2360918842598576,-1.3862578278978237,-1.5710557115282189,2.7379727798461393,-5.4252061538024034e-05,-5.730850401650978e-05,-0.00018267263396596085,0.0007862020378942294,9.57890627850784e-05,4.4653570498569786e-05,0.0005655652924198072,-8.037095771524003,-6.268866489051132,-0.9623392993546938,-5.9716078970663425e-05,-5.490166156095694e-07,28.0,28.0,14.0,6.0,6.0,6.0
1.559194176211721,1.0,2.1015287038714874e-05,6.538879465683356e-05,0.3500434529559932,-0.00014770837097220023,0.3498429502841447,0.3500434529559932,-0.00014770837097220023,0.3498429502841447,0.3500609588850399,-0.00015472001765815308,0.3498336755039164,-0.3270934263812464,-1.4199865500079554,1.2360267639160156,-1.3861406485186976,-1.5710986296283167,2.7379369735717773,0.0,0.00015339808305725455,-0.0,-0.002157160546630621,0.0,0.0,-0.3271552625777368,-1.4200498745749282,1.2360911310775666,-1.3862546244182536,-1.571055325972352,2.737972895816813,-5.177178502706071e-05,-6.059021472730653e-05,-0.0001882955727485948,0.0008008698925177966,9.638896668788313e-05,2.8992668406071305e-05,0.0005655652924198072,-8.037095771524003,-6.268866489051132,-0.9623392993546938,-5.9716078970663425e-05,-5.490166156095694e-07,28.0,28.0,14.0,6.0,6.0,6.0
1.563194176211721,1.0,1.3867694787975813e-05,6.962735593941725e-05,0.3500434529559932,-0.00014770837097220023,0.3498429502841447,0.3500434529559932,-0.00014770837097220023,0.3498429502841447,0.3500572463738596,-0.00014821459331360997,0.3498416092691423,-0.3270815054522913,-1.4199984709369105,1.2360029220581055,-1.3861048857318323,-1.5710862318622034,2.737889051437378,0.0,0.00015339808305725455,-0.0,-0.001701759989373386,0.0,0.0,-0.32715546939585205,-1.4200501157718957,1.2360903796293794,-1.3862514094526377,-1.5710549635433437,2.737973066403512,-5.170452880875072e-05,-6.029924190101808e-05,-0.00018786204678773188,0.000803741403970799,9.060725207569922e-05,4.2646674756471385e-05,0.00025021106219526795,-8.036435002288657,-6.268741015351234,-0.9623968671557095,-6.706045615975485e-05,8.24097788252144e-07,28.0,28.0,14.0,6.0,6.0,6.0
1.5677459792064043,1.0,1.3867694787975813e-05,6.962735593941725e-05,0.3500434529559932,-0.00014770837097220023,0.3498429502841447,0.3500434529559932,-0.00014770837097220023,0.3498429502841447,0.3500572463738596,-0.00014821459331360997,0.3498416092691423,-0.3270815054522913,-1.4199984709369105,1.2360029220581055,-1.3861048857318323,-1.5710862318622034,2.737889051437378,0.0,0.00015339808305725455,-0.0,-0.001701759989373386,0.0,0.0,-0.3271556759610839,-1.4200503558748054,1.2360896298112498,-1.3862481836901388,-1.5710546228535824,2.737973288329275,-5.164130796353933e-05,-6.002572744430695e-05,-0.00018745453238452073,0.0008064406247366213,8.517244034024634e-05,5.5481440725847466e-05,0.00025021106219526795,-8.036435002288657,-6.268741015351234,-0.9623968671557095,-6.706045615975485e-05,8.24097788252144e-07,28.0,28.0,14.0,6.0,6.0,6.0
1.5717459792064044,1.0,1.3867694787975813e-05,6.962735593941725e-05,0.3500434529559932,-0.00014770837097220023,0.3498429502841447,0.3500434529559932,-0.00014770837097220023,0.3498429502841447,0.3500572463738596,-0.00014821459331360997,0.3498416092691423,-0.3270815054522913,-1.4199984709369105,1.2360029220581055,-1.3861048857318323,-1.5710862318622034,2.737889051437378,0.0,0.00015339808305725455,-0.0,-0.001701759989373386,0.0,0.0,-0.32715588228860537,-1.4200505949493007,1.2360888815253743,-1.3862449477785699,-1.5710543025987131,2.7379735585137577,-5.158188036904062e-05,-5.9768623854998484e-05,-0.00018707146884550224,0.0008089778922564943,8.006371730892063e-05,6.754612073706098e-05,0.00025021106219526795,-8.036435002288657,-6.268741015351234,-0.9623968671557095,-6.706045615975485e-05,8.24097788252144e-07,28.0,28.0,14.0,6.0,6.0,6.0
1.5768510272169958,1.0,2.2099706057553166e-05,9.013519645392243e-05,0.3500434529559932,-0.00014770837097220023,0.3498429502841447,0.3500434529559932,-0.00014770837097220023,0.3498429502841447,0.3500624956368595,-0.0001562723943377534,0.34983570937142255,-0.3270934263812464,-1.4199865500079554,1.2360267639160156,-1.3861644903766077,-1.5711105505572718,2.7379369735717773,0.0,0.00015339808305725455,-0.0,-0.001390170189552009,0.0,0.0,-0.3271560823483028,-1.4200508379525774,1.2360880918776522,-1.3862416107921398,-1.571053951757507,2.7379737575493026,-5.001492436142705e-05,-6.0750819159296844e-05,-0.00019741193054985086,0.0008342466075148981,8.771030153569161e-05,4.975888620249082e-05,0.000444305214575119,-8.037329785594075,-6.269246901746232,-0.9624857885602842,-5.79205729754359e-05,-5.485674295561941e-07,28.0,28.0,14.0,6.0,6.0,6.0
1.5808510272169958,1.0,2.2099706057553166e-05,9.013519645392243e-05,0.3500434529559932,-0.00014770837097220023,0.3498429502841447,0.3500434529559932,-0.00014770837097220023,0.3498429502841447,0.3500624956368595,-0.0001562723943377534,0.34983570937142255,-0.3270934263812464,-1.4199865500079554,1.2360267639160156,-1.3861644903766077,-1.5711105505572718,2.7379369735717773,0.0,0.00015339808305725455,-0.0,-0.001390170189552009,0.0,0.0,-0.3271562765162456,-1.4200510846489083,1.2360872633497941,-1.3862381787953404,-1.5710535721651442,2.7379738897048456,-4.8541985714270287e-05,-6.167408274533731e-05,-0.00020713196455193858,0.0008579991998577977,9.489809070885633e-05,3.3038885739994876e-05,0.000444305214575119,-8.037329785594075,-6.269246901746232,-0.9624857885602842,-5.79205729754359e-05,-5.485674295561941e-07,28.0,28.0,14.0,6.0,6.0,6.0
1.5855168032273657,1.0,2.2099706057553166e-05,9.013519645392243e-05,0.3500434529559932,-0.00014770837097220023,0.3498429502841447,0.3500434529559932,-0.00014770837097220023,0.3498429502841447,0.3500624956368595,-0.0001562723943377534,0.34983570937142255,-0.3270934263812464,-1.4199865500079554,1.2360267639160156,-1.3861644903766077,-1.5711105505572718,2.7379369735717773,0.0,0.00015339808305725455,-0.0,-0.001390170189552009,0.0,0.0,-0.32715646514593916,-1.4200513348167103,1.236086398274608,-1.3862346574887938,-1.5710531655466942,2.737973958993187,-4.715742338594293e-05,-6.254195051621533e-05,-0.00021626879651390104,0.0008803266366601232,0.00010165461253163117,1.7322085305248686e-05,0.000444305214575119,-8.037329785594075,-6.269246901746232,-0.9624857885602842,-5.79205729754359e-05,-5.485674295561941e-07,28.0,28.0,14.0,6.0,6.0,6.0
1.5895168032273657,1.0,2.2516399627285378e-05,7.37664974431746e-05,0.3500434529559932,-0.00014770837097220023,0.3498429502841447,0.3500434529559932,-0.00014770837097220023,0.3498429502841447,0.3500629241380237,-0.00015641777642957347,0.3498357386560976,-0.3270934263812464,-1.4199746290790003,1.2360029220581055,-1.3861287275897425,-1.5711105505572718,2.7379491329193115,0.0,0.00013422331539914012,-0.0,-0.0011984225129708648,0.0,0.0,-0.3271566485656083,-1.4200516102109924,1.2360855449731756,-1.3862311279828137,-1.5710527335238105,2.737973944287492,-4.585491728503741e-05,-6.884857051089784e-05,-0.00021332535809741093,0.0008823764950522062,0.00010800572093062623,-3.6764237376658256e-06,0.0005338490334108101,-8.037656038130043,-6.269237814114839,-0.962522952042047,-5.7919832138992416e-05,-8.271530098876418e-07,28.0,28.0,14.0,6.0,6.0,6.0
1.594566051220522,1.0,2.2516399627285378e-05,7.37664974431746e-05,0.3500434529559932,-0.00014770837097220023,0.3498429502841447,0.3500434529559932,-0.00014770837097220023,0.3498429502841447,0.3500629241380237,-0.00015641777642957347,0.3498357386560976,-0.3270934263812464,-1.4199746290790003,1.2360029220581055,-1.3861287275897425,-1.5711105505572718,2.7379491329193115,0.0,0.00013422331539914012,-0.0,-0.0011984225129708648,0.0,0.0,-0.3271568270878545,-1.4200519093181656,1.2360847027390716,-1.386227590769366,-1.5710522776207592,2.737973850627403,-4.463056155018621e-05,-7.47767933058994e-05,-0.00021055852598591022,0.0008843033619407643,0.00011397576282568157,-2.3415022238005466e-05,0.0005338490334108101,-8.037656038130043,-6.269237814114839,-0.962522952042047,-5.7919832138992416e-05,-8.271530098876418e-07,28.0,28.0,14.0,6.0,6.0,6.0
1.598566051220522,1.0,1.8089673540018883e-05,9.687775624929043e-05,0.3500434529559932,-0.00014770837097220023,0.3498429502841447,0.3500434529559932,-0.00014770837097220023,0.3498429502841447,0.3500497172162988,-0.00016462454172598583,0.3498415943716707,-0.3271296660052698,-1.4200347105609339,1.2360506057739258,-1.3861287275897425,-1.5711105505572718,2.7379369735717773,0.0,0.00013422331539914012,-0.0,-0.0010306433541700244,0.0,0.0,-0.32715696400061983,-1.4200521644601336,1.2360838113871244,-1.3862240303592512,-1.571051799296171,2.7379736704399953,-3.422819133623529e-05,-6.378549198227008e-05,-0.00022283798677154887,0.0008901025286897501,0.00011958114702946156,-4.504685193553732e-05,0.0007668125703832895,-8.035916339933078,-6.269050597429094,-0.9625334758374271,-4.131498278599025e-05,-1.3794312458297023e-06,28.0,28.0,14.0,6.0,6.0,6.0
1.603243699207204,1.0,1.8089673540018883e-05,9.687775624929043e-05,0.3500434529559932,-0.00014770837097220023,0.3498429502841447,0.3500434529559932,-0.00014770837097220023,0.3498429502841447,0.3500497172162988,-0.00016462454172598583,0.3498415943716707,-0.3271296660052698,-1.4200347105609339,1.2360506057739258,-1.3861287275897425,-1.5711105505572718,2.7379369735717773,0.0,0.00013422331539914012,-0.0,-0.0010306433541700244,0.0,0.0,-0.32715706180047316,-1.4200523782748085,1.2360828738644047,-1.3862204481442695,-1.5710512998953383,2.737973408916908,-2.4449963335121427e-05,-5.345366873805852e-05,-0.00023438067991004918,0.0008955537454337968,0.00012485020818101474,-6.538077185121727e-05,0.0007668125703832895,-8.035916339933078,-6.269050597429094,-0.9625334758374271,-4.131498278599025e-05,-1.3794312458297023e-06,28.0,28.0,14.0,6.0,6.0,6.0
1.6072436992072041,1.0,1.8089673540018883e-05,9.687775624929043e-05,0.3500434529559932,-0.00014770837097220023,0.3498429502841447,0.3500434529559932,-0.00014770837097220023,0.3498429502841447,0.3500497172162988,-0.00016462454172598583,0.3498415943716707,-0.3271296660052698,-1.4200347105609339,1.2360506057739258,-1.3861287275897425,-1.5711105505572718,2.7379369735717773,0.0,0.00013422331539914012,-0.0,-0.0010306433541700244,0.0,0.0,-0.32715712283418924,-1.420052553241828,1.236081892941159,-1.3862168454327128,-1.5710507806828358,2.7379730709382817,-1.5258429014074391e-05,-4.374175488849965e-05,-0.0002452308114602395,0.0009006778891732007,0.00012980312566347475,-8.449465657195642e-05,0.0007668125703832895,-8.035916339933078,-6.269050597429094,-0.9625334758374271,-4.131498278599025e-05,-1.3794312458297023e-06,28.0,28.0,14.0,6.0,6.0,6.0
1.6112660022154457,1.0,1.8089673540018883e-05,9.687775624929043e-05,0.3500434529559932,-0.00014770837097220023,0.3498429502841447,0.3500434529559932,-0.00014770837097220023,0.3498429502841447,0.3500497172162988,-0.00016462454172598583,0.3498415943716707,-0.3271296660052698,-1.4200347105609339,1.2360506057739258,-1.3861287275897425,-1.5711105505572718,2.7379369735717773,0.0,0.00013422331539914012,-0.0,-0.0010306433541700244,0.0,0.0,-0.32715714930773626,-1.4200526916920515,1.2360808712214186,-1.3862132234543756,-1.5710502428473634,2.7379726610914488,-6.6183867522901785e-06,-3.4612555869914314e-05,-0.00025542993511741834,0.0009054945842882404,0.00013445886809698715,-0.00010246170820945123,0.0007668125703832895,-8.035916339933078,-6.269050597429094,-0.9625334758374271,-4.131498278599025e-05,-1.3794312458297023e-06,28.0,28.0,14.0,6.0,6.0,6.0
1.6152660022154457,1.0,1.6896839160909325e-05,0.00010268197618854351,0.3500434529559932,-0.00014770837097220023,0.3498429502841447,0.3500434529559932,-0.00014770837097220023,0.3498429502841447,0.3500601362372299,-0.00015026725108704692,0.3498421607061789,-0.3270815054522913,-1.4199984709369105,1.2360148429870605,-1.3861525694476526,-1.5710986296283167,2.737889051437378,0.0,0.00013422331539914012,-0.0,-0.0009108011145144701,0.0,0.0,-0.3271571894840201,-1.4200528213455792,1.2360798244608338,-1.3862095251925592,-1.5710497118878477,2.7379723342759554,-1.0044070961815858e-05,-3.2413381945569454e-05,-0.0002616901462231609,0.0009245654540971187,0.0001327398789448372,-8.17038733305044e-05,7.003602423603238e-05,-8.036590039051202,-6.2691669860797266,-0.9625432614421643,-6.519416985471073e-05,8.244603316460733e-07,28.0,28.0,14.0,6.0,6.0,6.0
1.6199697692310444,1.0,1.6896839160909325e-05,0.00010268197618854351,0.3500434529559932,-0.00014770837097220023,0.3498429502841447,0.3500434529559932,-0.00014770837097220023,0.3498429502841447,0.3500601362372299,-0.00015026725108704692,0.3498421607061789,-0.3270815054522913,-1.4199984709369105,1.2360148429870605,-1.3861525694476526,-1.5710986296283167,2.737889051437378,0.0,0.00013422331539914012,-0.0,-0.0009108011145144701,0.0,0.0,-0.3271572425408766,-1.420052942730213,1.2360787541618552,-1.3862057552242724,-1.5710491873917312,2.7379720855099214,-1.3264214118769998e-05,-3.0346158456685287e-05,-0.0002675747446625589,0.0009424920717174643,0.00013112402914181625,-6.219150854429439e-05,7.003602423603238e-05,-8.036590039051202,-6.2691669860797266,-0.9625432614421643,-6.519416985471073e-05,8.244603316460733e-07,28.0,28.0,14.0,6.0,6.0,6.0
1.6239697692310444,1.0,1.6896839160909325e-05,0.00010268197618854351,0.3500434529559932,-0.00014770837097220023,0.3498429502841447,0.3500434529559932,-0.00014770837097220023,0.3498429502841447,0.3500601362372299,-0.00015026725108704692,0.3498421607061789,-0.3270815054522913,-1.4199984709369105,1.2360148429870605,-1.3861525694476526,-1.5710986296283167,2.737889051437378,0.0,0.00013422331539914012,-0.0,-0.0009108011145144701,0.0,0.0,-0.3271573077054713,-1.4200530563420866,1.2360776617367863,-1.3862019178519032,-1.5710486689712098,2.737971910110379,-1.629114868630689e-05,-2.8402968377134167e-05,-0.00027310626719559303,0.0009593430922805892,0.00012960513032697656,-4.384988564525698e-05,7.003602423603238e-05,-8.036590039051202,-6.2691669860797266,-0.9625432614421643,-6.519416985471073e-05,8.244603316460733e-07,28.0,28.0,14.0,6.0,6.0,6.0
1.6282805662287871,1.0,1.7339405171193018e-05,7.152211845550144e-05,0.3500434529559932,-0.00014770837097220023,0.3498429502841447,0.3500434529559932,-0.00014770837097220023,0.3498429502841447,0.35005816796098344,-0.00015687452991889643,0.34984262604658944,-0.32710534731020147,-1.4199984709369105,1.2360029220581055,-1.3861168066607874,-1.5710862318622034,2.737901210784912,0.0,0.00013422331539914012,-0.0,-0.0008149273344315588,0.0,0.0,-0.32715735675955887,-1.4200531712053885,1.2360765806632914,-1.3861980910770588,-1.5710481816658635,2.7379717574354463,-1.2263521897629401e-05,-2.87158254836324e-05,-0.0002702683737243993,0.0009566937110992745,0.00012182633657087226,-3.8168733132109557e-05,0.0006114470244001765,-8.03682827889451,-6.269147040822468,-0.9625667366481111,-5.613825092507019e-05,-1.0413552886449466e-09,28.0,28.0,14.0,6.0,6.0,6.0
1.6322805662287871,1.0,1.7339405171193018e-05,7.152211845550144e-05,0.3500434529559932,-0.00014770837097220023,0.3498429502841447,0.3500434529559932,-0.00014770837097220023,0.3498429502841447,0.35005816796098344,-0.00015687452991889643,0.34984262604658944,-0.32710534731020147,-1.4199984709369105,1.2360029220581055,-1.3861168066607874,-1.5710862318622034,2.737901210784912,0.0,0.00013422331539914012,-0.0,-0.0008149273344315588,0.0,0.0,-0.32715739066976973,-1.420053287245033,1.236075510260276,-1.3861942742638877,-1.5710477236087816,2.7379716261216474,-8.477552716272562e-06,-2.900991116374074e-05,-0.0002676007538614772,0.0009542032927888388,0.0001145142704401342,-3.2828449769750975e-05,0.0006114470244001765,-8.03682827889451,-6.269147040822468,-0.9625667366481111,-5.613825092507019e-05,-1.0413552886449466e-09,28.0,28.0,14.0,6.0,6.0,6.0
1.636532002239023,1.0,1.7339405171193018e-05,7.152211845550144e-05,0.3500434529559932,-0.00014770837097220023,0.3498429502841447,0.3500434529559932,-0.00014770837097220023,0.3498429502841447,0.35005816796098344,-0.00015687452991889643,0.34984262604658944,-0.32710534731020147,-1.4199984709369105,1.2360029220581055,-1.3861168066607874,-1.5710862318622034,2.737901210784912,0.0,0.00013422331539914012,-0.0,-0.0008149273344315588,0.0,0.0,-0.3271574103447365,-1.4200534043904398,1.2360744498875114,-1.3861904668146894,-1.5710472930450685,2.7379715148873136,-4.918741685797134e-06,-2.928635170304258e-05,-0.00026509319119033043,0.0009518622995770291,0.00010764092827724043,-2.7808583409133912e-05,0.0006114470244001765,-8.03682827889451,-6.269147040822468,-0.9625667366481111,-5.613825092507019e-05,-1.0413552886449466e-09,28.0,28.0,14.0,6.0,6.0,6.0
1.640532002239023,1.0,1.4505128492468495e-05,0.00011104495497736233,0.3500434529559932,-0.00014770837097220023,0.3498429502841447,0.3500434529559932,-0.00014770837097220023,0.3498429502841447,0.35005604821611636,-0.00014157255822270034,0.34984670660906625,-0.32706958452333623,-1.4200227896319788,1.2360267639160156,-1.3861525694476526,-1.5710623900042933,2.7379491329193115,0.0,0.00011504856229294091,-0.0,-0.0007430219557136297,0.0,0.0,-0.3271574471774472,-1.4200534795160085,1.2360733385221292,-1.386186577428869,-1.571046937118164,2.7379713670838166,-9.208177676913225e-06,-1.878139218005994e-05,-0.00027784134556903717,0.0009723464550750246,8.898172615113848e-05,-3.695087429628815e-05,-0.0002978770101460328,-8.03543661978673,-6.268991365363787,-0.9625478451484141,-7.61439092695421e-05,-2.800725994979884e-07,28.0,28.0,14.0,6.0,6.0,6.0
1.644971019246849,1.0,1.4505128492468495e-05,0.00011104495497736233,0.3500434529559932,-0.00014770837097220023,0.3498429502841447,0.3500434529559932,-0.00014770837097220023,0.3498429502841447,0.35005604821611636,-0.00014157255822270034,0.34984670660906625,-0.32706958452333623,-1.4200227896319788,1.2360267639160156,-1.3861525694476526,-1.5710623900042933,2.7379491329193115,0.0,0.00011504856229294091,-0.0,-0.0007430219557136297,0.0,0.0,-0.32715750013843725,-1.4200535151429294,1.2360721792236864,-1.386182611022624,-1.5710466513498593,2.7379711849053057,-1.324024750856235e-05,-8.906730228456257e-06,-0.0002898246106850215,0.0009916015612431402,7.144207615260265e-05,-4.554462773021313e-05,-0.0002978770101460328,-8.03543661978673,-6.268991365363787,-0.9625478451484141,-7.61439092695421e-05,-2.800725994979884e-07,28.0,28.0,14.0,6.0,6.0,6.0
1.648971019246849,1.0,1.4505128492468495e-05,0.00011104495497736233,0.3500434529559932,-0.00014770837097220023,0.3498429502841447,0.3500434529559932,-0.00014770837097220023,0.3498429502841447,0.35005604821611636,-0.00014157255822270034,0.34984670660906625,-0.32706958452333623,-1.4200227896319788,1.2360267639160156,-1.3861525694476526,-1.5710623900042933,2.7379491329193115,0.0,0.00011504856229294091,-0.0,-0.0007430219557136297,0.0,0.0,-0.32715756826000986,-1.4200535136411214,1.2360709748681669,-1.38617857221718,-1.5710464315306387,2.7379709704142816,-1.703039315031253e-05,3.754520060512055e-07,-0.00030108887989404676,0.001009701361041169,5.495480515397898e-05,-5.362275595810261e-05,-0.0002978770101460328,-8.03543661978673,-6.268991365363787,-0.9625478451484141,-7.61439092695421e-05,-2.800725994979884e-07,28.0,28.0,14.0,6.0,6.0,6.0
1.652974326243159,1.0,1.4505128492468495e-05,0.00011104495497736233,0.3500434529559932,-0.00014770837097220023,0.3498429502841447,0.3500434529559932,-0.00014770837097220023,0.3498429502841447,0.35005604821611636,-0.00014157255822270034,0.34984670660906625,-0.32706958452333623,-1.4200227896319788,1.2360267639160156,-1.3861525694476526,-1.5710623900042933,2.7379491329193115,0.0,0.00011504856229294091,-0.0,-0.0007430219557136297,0.0,0.0,-0.32715765063253005,-1.4200534772383082,1.236069728158995,-1.3861744653564887,-1.571046273703557,2.737970725549496,-2.0593130053557697e-05,9.10070330648822e-06,-0.00031167729295053054,0.001026715172851316,3.9456770415272725e-05,-6.121619649231872e-05,-0.0002978770101460328,-8.03543661978673,-6.268991365363787,-0.9625478451484141,-7.61439092695421e-05,-2.800725994979884e-07,28.0,28.0,14.0,6.0,6.0,6.0
1.656974326243159,1.0,1.7180343793252033e-05,0.00015726870215240774,0.3500434529559932,-0.00014770837097220023,0.3498429502841447,0.3500434529559932,-0.00014770837097220023,0.3498429502841447,0.3500534275070516,-0.00014485701184309953,0.34985664489239593,-0.3270815054522913,-1.420046631489889,1.2360267639160156,-1.3861764113055628,-1.5710623900042933,2.7379250526428223,0.0,0.00011504856229294091,-0.0,-0.0006711166352033615,0.0,0.0,-0.3271577342348516,-1.420053363598965,1.2360683982453267,-1.3861701990665172,-1.571046174159633,2.737970489200644,-2.0900580396271316e-05,2.8409835833841984e-05,-0.0003324784170734919,0.0010665724928768877,2.488598097957174e-05,-5.9087213045633623e-05,-0.0003645850057432724,-8.034218514116477,-6.268691582581312,-0.9624917010412566,-7.068250092142809e-05,-1.4154596905425896e-09,28.0,28.0,14.0,6.0,6.0,6.0
1.6615641202430713,1.0,1.7180343793252033e-05,0.00015726870215240774,0.3500434529559932,-0.00014770837097220023,0.3498429502841447,0.3500434529559932,-0.00014770837097220023,0.3498429502841447,0.3500534275070516,-0.00014485701184309953,0.34985664489239593,-0.3270815054522913,-1.420046631489889,1.2360267639160156,-1.3861764113055628,-1.5710623900042933,2.7379250526428223,0.0,0.00011504856229294091,-0.0,-0.0006711166352033615,0.0,0.0,-0.32715781899318647,-1.4200531773572833,1.2360669901194317,-1.3861657829130223,-1.5710461294018774,2.7379702608567693,-2.118958371842212e-05,4.656042040955452e-05,-0.00035203147374907555,0.0011040383737009251,1.1189438910012815e-05,-5.708596860574964e-05,-0.0003645850057432724,-8.034218514116477,-6.268691582581312,-0.9624917010412566,-7.068250092142809e-05,-1.4154596905425896e-09,28.0,28.0,14.0,6.0,6.0,6.0
1.6655641202430713,1.0,2.0692809256544346e-05,7.348693736591565e-05,0.3500434529559932,-0.00014770837097220023,0.3498429502841447,0.3500434529559932,-0.00014770837097220023,0.3498429502841447,0.35006164139711815,-0.00015702205433961122,0.3498396901819218,-0.32710534731020147,-1.4199865500079554,1.2360029220581055,-1.3861287275897425,-1.5710743109332483,2.737913131713867,0.0,0.00011504856229294091,-0.0,-0.0006231797160580754,0.0,0.0,-0.3271578834538692,-1.4200530207574553,1.2360656105621337,-1.3861614027191935,-1.5710461117505932,2.7379700370107494,-1.6115170682295477e-05,3.914995702244901e-05,-0.00034488932451095497,0.0010950484572138895,4.412821067616037e-06,-5.596150497653649e-05,0.0006951169902211894,-8.037280575201237,-6.269328460956564,-0.9626127211839413,-5.794180306057072e-05,-2.743082633916399e-07,28.0,28.0,14.0,6.0,6.0,6.0
1.6699485252518214,1.0,2.0692809256544346e-05,7.348693736591565e-05,0.3500434529559932,-0.00014770837097220023,0.3498429502841447,0.3500434529559932,-0.00014770837097220023,0.3498429502841447,0.35006164139711815,-0.00015702205433961122,0.3498396901819218,-0.32710534731020147,-1.4199865500079554,1.2360029220581055,-1.3861287275897425,-1.5710743109332483,2.737913131713867,0.0,0.00011504856229294091,-0.0,-0.0006231797160580754,0.0,0.0,-0.3271579288347589,-1.4200528920209696,1.2360642578593168,-1.3861570563274506,-1.5710461195793919,2.7379698173927127,-1.1345222428336431e-05,3.218412143856983e-05,-0.0003381757042271216,0.001086597935716076,-1.957199704236935e-06,-5.490450916507613e-05,0.0006951169902211894,-8.037280575201237,-6.269328460956564,-0.9626127211839413,-5.794180306057072e-05,-2.743082633916399e-07,28.0,28.0,14.0,6.0,6.0,6.0
1.6739485252518214,1.0,2.0692809256544346e-05,7.348693736591565e-05,0.3500434529559932,-0.00014770837097220023,0.3498429502841447,0.3500434529559932,-0.00014770837097220023,0.3498429502841447,0.35006164139711815,-0.00015702205433961122,0.3498396901819218,-0.32710534731020147,-1.4199865500079554,1.2360029220581055,-1.3861287275897425,-1.5710743109332483,2.737913131713867,0.0,0.00011504856229294091,-0.0,-0.0006231797160580754,0.0,0.0,-0.3271579562806432,-1.4200527894760258,1.2360629303997122,-1.3861527417096686,-1.571046151359469,2.7379696017489805,-6.861471069614928e-06,2.56362359897234e-05,-0.00033186490116031826,0.001078654445508131,-7.945019229778729e-06,-5.3910933102303395e-05,0.0006951169902211894,-8.037280575201237,-6.269328460956564,-0.9626127211839413,-5.794180306057072e-05,-2.743082633916399e-07,28.0,28.0,14.0,6.0,6.0,6.0
1.6781489102330531,1.0,2.0692809256544346e-05,7.348693736591565e-05,0.3500434529559932,-0.00014770837097220023,0.3498429502841447,0.3500434529559932,-0.00014770837097220023,0.3498429502841447,0.35006164139711815,-0.00015702205433961122,0.3498396901819218,-0.32710534731020147,-1.4199865500079554,1.2360029220581055,-1.3861287275897425,-1.5710743109332483,2.737913131713867,0.0,0.00011504856229294091,-0.0,-0.0006231797160580754,0.0,0.0,-0.3271579668676224,-1.420052711551131,1.236061626668727,-1.3861484569594098,-1.5710462056537473,2.737969389841094,-2.646744792416716e-06,1.9481223667807754e-05,-0.00032593274627752315,0.001071187564712663,-1.3573569583788016e-05,-5.297697160329702e-05,0.0006951169902211894,-8.037280575201237,-6.269328460956564,-0.9626127211839413,-5.794180306057072e-05,-2.743082633916399e-07,28.0,28.0,14.0,6.0,6.0,6.0
1.6821489102330531,1.0,1.3557808851195131e-05,8.060805152556876e-05,0.3500434529559932,-0.00014770837097220023,0.3498429502841447,0.3500434529559932,-0.00014770837097220023,0.3498429502841447,0.35005484793192254,-0.00015470866387705197,0.3498407221450867,-0.3270934263812464,-1.4200108687030237,1.2360267639160156,-1.3861287275897425,-1.5711224714862269,2.737913131713867,0.0,0.00011504856229294091,-0.0,-0.0005752427969127893,0.0,0.0,-0.32715798595296547,-1.4200526377825633,1.2360603276071858,-1.3861442014321208,-1.5710461824786524,2.7379691815167737,-4.771335768539459e-06,1.8442141944781355e-05,-0.00032476538532928836,0.0010638818222441174,5.7937737405446375e-06,-5.208108010047767e-05,0.0001470175783867194,-8.036464238168119,-6.269280113099064,-0.9626264765849044,-5.6127877646313005e-05,-9.390602736591617e-10,28.0,28.0,14.0,6.0,6.0,6.0
1.6866009862169165,1.0,1.3557808851195131e-05,8.060805152556876e-05,0.3500434529559932,-0.00014770837097220023,0.3498429502841447,0.3500434529559932,-0.00014770837097220023,0.3498429502841447,0.35005484793192254,-0.00015470866387705197,0.3498407221450867,-0.3270934263812464,-1.4200108687030237,1.2360267639160156,-1.3861287275897425,-1.5711224714862269,2.737913131713867,0.0,0.00011504856229294091,-0.0,-0.0005752427969127893,0.0,0.0,-0.3271580130267706,-1.4200525679209428,1.2360590329349217,-1.3861399733744235,-1.5710460864823466,2.7379689765610054,-6.768451286094837e-06,1.746540512513654e-05,-0.00032366806603794767,0.0010570144243236845,2.3999076465417333e-05,-5.1238942087827474e-05,0.0001470175783867194,-8.036464238168119,-6.269280113099064,-0.9626264765849044,-5.6127877646313005e-05,-9.390602736591617e-10,28.0,28.0,14.0,6.0,6.0,6.0
1.6906009862169165,1.0,1.3557808851195131e-05,8.060805152556876e-05,0.3500434529559932,-0.00014770837097220023,0.3498429502841447,0.3500434529559932,-0.00014770837097220023,0.3498429502841447,0.35005484793192254,-0.00015470866387705197,0.3498407221450867,-0.3270934263812464,-1.4200108687030237,1.2360267639160156,-1.3861287275897425,-1.5711224714862269,2.737913131713867,0.0,0.00011504856229294091,-0.0,-0.0005752427969127893,0.0,0.0,-0.3271580476097301,-1.4200525017318528,1.2360577423885781,-1.3861357711381423,-1.5710459220341024,2.737968774771676,-8.645739872596894e-06,1.6547272514670412e-05,-0.00032263658590408746,0.0010505590702784774,4.1112061026797665e-05,-5.04473323559363e-05,0.0001470175783867194,-8.036464238168119,-6.269280113099064,-0.9626264765849044,-5.6127877646313005e-05,-9.390602736591617e-10,28.0,28.0,14.0,6.0,6.0,6.0
1.694827491216595,1.0,1.8821836545873712e-05,0.00010462447293340132,0.3500434529559932,-0.00014770837097220023,0.3498429502841447,0.3500434529559932,-0.00014770837097220023,0.3498429502841447,0.35006026114134775,-0.00015551427356899682,0.3498396617706969,-0.3270934263812464,-1.4199984709369105,1.2360267639160156,-1.3861644903766077,-1.5711105505572718,2.737877607345581,0.0,0.00011504856229294091,-0.0,-0.0005273059359751642,0.0,0.0,-0.3271580862388603,-1.420052440205582,1.2360564325381795,-1.38613152169392,-1.5710457176562882,2.7379686517248425,-9.657282548810347e-06,1.5381567699626997e-05,-0.00032746259967121133,0.0010623610555729052,5.109445353334751e-05,-3.076170843391374e-05,0.00021980713588589336,-8.036864393252081,-6.269424625950364,-0.9626305378011434,-5.79308581140434e-05,8.138115617035598e-07,28.0,28.0,14.0,6.0,6.0,6.0
1.698827491216595,1.0,1.8821836545873712e-05,0.00010462447293340132,0.3500434529559932,-0.00014770837097220023,0.3498429502841447,0.3500434529559932,-0.00014770837097220023,0.3498429502841447,0.35006026114134775,-0.00015551427356899682,0.3498396617706969,-0.3270934263812464,-1.4199984709369105,1.2360267639160156,-1.3861644903766077,-1.5711105505572718,2.737877607345581,0.0,0.00011504856229294091,-0.0,-0.0005273059359751642,0.0,0.0,-0.32715812867139094,-1.4200523830623615,1.236055104541969,-1.3861272278742331,-1.5710454757446783,2.737968602695955,-1.0608132664450993e-05,1.4285805173486186e-05,-0.00033199905261230777,0.0010734549217496674,6.047790248950436e-05,-1.2257221947212533e-05,0.00021980713588589336,-8.036864393252081,-6.269424625950364,-0.9626305378011434,-5.79308581140434e-05,8.138115617035598e-07,28.0,28.0,14.0,6.0,6.0,6.0
1.7033579232103664,1.0,1.8821836545873712e-05,0.00010462447293340132,0.3500434529559932,-0.00014770837097220023,0.3498429502841447,0.3500434529559932,-0.00014770837097220023,0.3498429502841447,0.35006026114134775,-0.00015551427356899682,0.3498396617706969,-0.3270934263812464,-1.4199984709369105,1.2360267639160156,-1.3861644903766077,-1.5711105505572718,2.737877607345581,0.0,0.00011504856229294091,-0.0,-0.0005273059359751642,0.0,0.0,-0.327158174679118,-1.4200523300392078,1.2360537594886956,-1.3861228923416093,-1.5710451985513003,2.7379686232439364,-1.15019317731532e-05,1.3255788398913826e-05,-0.0003362633183769384,0.0010838831559558239,6.929834450829181e-05,5.136995350286601e-06,0.00021980713588589336,-8.036864393252081,-6.269424625950364,-0.9626305378011434,-5.79308581140434e-05,8.138115617035598e-07,28.0,28.0,14.0,6.0,6.0,6.0
1.7073579232103664,1.0,1.7389749467523577e-05,0.00014455131472760789,0.3500434529559932,-0.00014770837097220023,0.3498429502841447,0.3500434529559932,-0.00014770837097220023,0.3498429502841447,0.3500511064909513,-0.00015137729240106043,0.34985812809046635,-0.3270934263812464,-1.420046631489889,1.2360148429870605,-1.3861525694476526,-1.5710986296283167,2.737901210784912,0.0,9.58738019107841e-05,-0.0,-0.0005033374764025211,0.0,0.0,-0.3271582210664742,-1.4200522099424013,1.2360523653966986,-1.3861184569966374,-1.5710449126024346,2.7379686638348293,-1.15968390399069e-05,3.0024201649360796e-05,-0.0003485229992501717,0.0011088362429989489,7.148721643054001e-05,1.0147723213339284e-05,-0.0002661214684197497,-8.03418081167111,-6.268629543546888,-0.9625123974839093,-5.973732133887115e-05,2.7210949450302453e-07,28.0,28.0,14.0,6.0,6.0,6.0
1.7116141082090333,1.0,1.7389749467523577e-05,0.00014455131472760789,0.3500434529559932,-0.00014770837097220023,0.3498429502841447,0.3500434529559932,-0.00014770837097220023,0.3498429502841447,0.3500511064909513,-0.00015137729240106043,0.34985812809046635,-0.3270934263812464,-1.420046631489889,1.2360148429870605,-1.3861525694476526,-1.5710986296283167,2.737901210784912,0.0,9.58738019107841e-05,-0.0,-0.0005033374764025211,0.0,0.0,-0.3271582678106817,-1.420052026796361,1.2360509252083016,-1.386113927828058,-1.5710446184234104,2.737968723266059,-1.168605187065538e-05,4.578651010478095e-05,-0.00036004709927101096,0.0011322921448194863,7.354475603745332e-05,1.4857807404608805e-05,-0.0002661214684197497,-8.03418081167111,-6.268629543546888,-0.9625123974839093,-5.973732133887115e-05,2.7210949450302453e-07,28.0,28.0,14.0,6.0,6.0,6.0
1.7156141082090333,1.0,1.7389749467523577e-05,0.00014455131472760789,0.3500434529559932,-0.00014770837097220023,0.3498429502841447,0.3500434529559932,-0.00014770837097220023,0.3498429502841447,0.3500511064909513,-0.00015137729240106043,0.34985812809046635,-0.3270934263812464,-1.420046631489889,1.2360148429870605,-1.3861525694476526,-1.5710986296283167,2.737901210784912,0.0,9.58738019107841e-05,-0.0,-0.0005033374764025211,0.0,0.0,-0.3271583148903294,-1.4200517843840408,1.2360494416892884,-1.386109310465288,-1.5710443165080372,2.7379688004072054,-1.1769911931558952e-05,6.06030800528759e-05,-0.0003708797532905999,0.0011543406925307916,7.547884326795183e-05,1.9285286544402154e-05,-0.0002661214684197497,-8.03418081167111,-6.268629543546888,-0.9625123974839093,-5.973732133887115e-05,2.7210949450302453e-07,28.0,28.0,14.0,6.0,6.0,6.0
1.720146915220889,1.0,2.781221384957716e-05,8.77281362149745e-05,0.3500434529559932,-0.00014770837097220023,0.3498429502841447,0.3500434529559932,-0.00014770837097220023,0.3498429502841447,0.3500679342614355,-0.0001581176136361254,0.3498348365556418,-0.3270934263812464,-1.4199627081500452,1.2360029220581055,-1.3861644903766077,-1.5711105505572718,2.737901210784912,0.0,9.58738019107841e-05,-0.0,-0.0004793690168298781,0.0,0.0,-0.32715836525430464,-1.4200515982641906,1.2360479853861037,-1.3861046895555953,-1.5710439829090599,2.737968891226922,-1.2590993797260906e-05,4.652996257444328e-05,-0.0003640757961694579,0.0011552274231828171,8.339974434241947e-05,2.2704929193511076e-05,0.00046846350877935444,-8.03806491903683,-6.269609033789982,-0.9626532785506823,-5.792688432824781e-05,2.7251382211529113e-07,28.0,28.0,14.0,6.0,6.0,6.0
1.724146915220889,1.0,2.781221384957716e-05,8.77281362149745e-05,0.3500434529559932,-0.00014770837097220023,0.3498429502841447,0.3500434529559932,-0.00014770837097220023,0.3498429502841447,0.3500679342614355,-0.0001581176136361254,0.3498348365556418,-0.3270934263812464,-1.4199627081500452,1.2360029220581055,-1.3861644903766077,-1.5711105505572718,2.737901210784912,0.0,9.58738019107841e-05,-0.0,-0.0004793690168298781,0.0,0.0,-0.3271584187055476,-1.420051465059262,1.2360465546657977,-1.3861000653117954,-1.5710436195274944,2.737968994904495,-1.3362810751020744e-05,3.330123214471661e-05,-0.0003576800764755844,0.001156060949995721,9.084539135241905e-05,2.5919393283673464e-05,0.00046846350877935444,-8.03806491903683,-6.269609033789982,-0.9626532785506823,-5.792688432824781e-05,2.7251382211529113e-07,28.0,28.0,14.0,6.0,6.0,6.0
1.7285099502182573,1.0,2.781221384957716e-05,8.77281362149745e-05,0.3500434529559932,-0.00014770837097220023,0.3498429502841447,0.3500434529559932,-0.00014770837097220023,0.3498429502841447,0.3500679342614355,-0.0001581176136361254,0.3498348365556418,-0.3270934263812464,-1.4199627081500452,1.2360029220581055,-1.3861644903766077,-1.5711105505572718,2.737901210784912,0.0,9.58738019107841e-05,-0.0,-0.0004793690168298781,0.0,0.0,-0.3271584750588224,-1.4200513815943598,1.2360451479933978,-1.3860954379339345,-1.5710432281502962,2.737969110668453,-1.408831868755499e-05,2.0866225540773544e-05,-0.00035166809996334334,0.0011568444651998506,9.784429954181866e-05,2.8940989528426108e-05,0.00046846350877935444,-8.03806491903683,-6.269609033789982,-0.9626532785506823,-5.792688432824781e-05,2.7251382211529113e-07,28.0,28.0,14.0,6.0,6.0,6.0
1.7325099502182573,1.0,1.730965792823506e-05,8.610706365190174e-05,0.3500434529559932,-0.00014770837097220023,0.3498429502841447,0.3500434529559932,-0.00014770837097220023,0.3498429502841447,0.3500590506447215,-0.00015300036269769176,0.3498376275792397,-0.3270934263812464,-1.4199984709369105,1.2360267639160156,-1.3861406485186976,-1.5710862318622034,2.7379610538482666,0.0,9.58738019107841e-05,-0.0,-0.00045540055725723505,0.0,0.0,-0.32715852801447637,-1.4200513107548205,1.2360437474028314,-1.38609085001918,-1.5710428602526563,2.737969121358469,-1.3238913487879135e-05,1.770988484577639e-05,-0.00035014764162265424,0.0011469786886554583,9.197440996258058e-05,2.6725039542698223e-06,0.000312212989290582,-8.036898082387253,-6.2694283921464065,-0.9626577118445586,-6.160793365632213e-05,-1.0999932179696862e-06,28.0,28.0,14.0,6.0,6.0,6.0
1.7370427572010092,1.0,1.730965792823506e-05,8.610706365190174e-05,0.3500434529559932,-0.00014770837097220023,0.3498429502841447,0.3500434529559932,-0.00014770837097220023,0.3498429502841447,0.3500590506447215,-0.00015300036269769176,0.3498376275792397,-0.3270934263812464,-1.4199984709369105,1.2360267639160156,-1.3861406485186976,-1.5710862318622034,2.7379610538482666,0.0,9.58738019107841e-05,-0.0,-0.00045540055725723505,0.0,0.0,-0.32715857777636675,-1.420051251783122,1.2360423525291884,-1.3860862991997451,-1.5710425144258013,2.7379690332789792,-1.244047260018383e-05,1.4742924592479062e-05,-0.0003487184107824065,0.0011377048587037294,8.645671375809679e-05,-2.201987248543709e-05,0.000312212989290582,-8.036898082387253,-6.2694283921464065,-0.9626577118445586,-6.160793365632213e-05,-1.0999932179696862e-06,28.0,28.0,14.0,6.0,6.0,6.0
1.7410427572010092,1.0,1.730965792823506e-05,8.610706365190174e-05,0.3500434529559932,-0.00014770837097220023,0.3498429502841447,0.3500434529559932,-0.00014770837097220023,0.3498429502841447,0.3500590506447215,-0.00015300036269769176,0.3498376275792397,-0.3270934263812464,-1.4199984709369105,1.2360267639160156,-1.3861406485186976,-1.5710862318622034,2.7379610538482666,0.0,9.58738019107841e-05,-0.0,-0.00045540055725723505,0.0,0.0,-0.32715862453611944,-1.4200512039671942,1.236040963029453,-1.3860817832499108,-1.571042189345484,2.737968852356154,-1.1689938165750245e-05,1.1953981954379575e-05,-0.0003473749337925736,0.0011289874585491044,8.127007932588202e-05,-4.523070633876158e-05,0.000312212989290582,-8.036898082387253,-6.2694283921464065,-0.9626577118445586,-6.160793365632213e-05,-1.0999932179696862e-06,28.0,28.0,14.0,6.0,6.0,6.0
1.74509948919667,1.0,1.730965792823506e-05,8.610706365190174e-05,0.3500434529559932,-0.00014770837097220023,0.3498429502841447,0.3500434529559932,-0.00014770837097220023,0.3498429502841447,0.3500590506447215,-0.00015300036269769176,0.3498376275792397,-0.3270934263812464,-1.4199984709369105,1.2360267639160156,-1.3861406485186976,-1.5710862318622034,2.7379610538482666,0.0,9.58738019107841e-05,-0.0,-0.00045540055725723505,0.0,0.0,-0.3271586684738626,-1.4200511666376907,1.2360395785811915,-1.3860773000775013,-1.5710418837669122,2.7379685841605936,-1.0984435797382675e-05,9.332375874566059e-06,-0.0003461120654221307,0.0011207931024037568,7.639464295960014e-05,-6.704889016088661e-05,0.000312212989290582,-8.036898082387253,-6.2694283921464065,-0.9626577118445586,-6.160793365632213e-05,-1.0999932179696862e-06,28.0,28.0,14.0,6.0,6.0,6.0
1.74909948919667,1.0,1.9169454692753032e-05,0.00011387273373457387,0.3500434529559932,-0.00014770837097220023,0.3498429502841447,0.3500434529559932,-0.00014770837097220023,0.3498429502841447,0.3500604322409885,-0.00015660331108216646,0.34984317813213517,-0.3270934263812464,-1.4199984709369105,1.2360148429870605,-1.3861644903766077,-1.5711224714862269,2.7379250526428223,0.0,9.58738019107841e-05,-0.0,-0.00043143212678842247,0.0,0.0,-0.32715871891080944,-1.4200511283754822,1.2360381834999852,-1.3860727702714377,-1.5710415223096648,2.73796829851122,-1.260923670717029e-05,9.56555214923051e-06,-0.0003487703015717769,0.0011324515158968435,9.036431187768795e-05,-7.141234336902549e-05,0.00011070407577929758,-8.036537358128887,-6.269288772362345,-0.9626161426386108,-5.6128003599646645e-05,-2.7450931723262346e-07,28.0,28.0,14.0,6.0,6.0,6.0
1.75309948919667,1.0,1.9169454692753032e-05,0.00011387273373457387,0.3500434529559932,-0.00014770837097220023,0.3498429502841447,0.3500434529559932,-0.00014770837097220023,0.3498429502841447,0.3500604322409885,-0.00015660331108216646,0.34984317813213517,-0.3270934263812464,-1.4199984709369105,1.2360148429870605,-1.3861644903766077,-1.5711224714862269,2.7379250526428223,0.0,9.58738019107841e-05,-0.0,-0.00043143212678842247,0.0,0.0,-0.32715877545700767,-1.4200510892365308,1.2360367784238109,-1.3860681966297395,-1.5710411083264622,2.7379679964552626,-1.4136549562370649e-05,9.784737847415094e-06,-0.00035126904355244434,0.001143410424580345,0.00010349580066069048,-7.551398938467603e-05,0.00011070407577929758,-8.036537358128887,-6.269288772362345,-0.9626161426386108,-5.6128003599646645e-05,-2.7450931723262346e-07,28.0,28.0,14.0,6.0,6.0,6.0
1.75709948919667,1.0,2.2645101933873964e-05,7.996443220519879e-05,0.3500434529559932,-0.00014770837097220023,0.3498429502841447,0.3500434529559932,-0.00014770837097220023,0.3498429502841447,0.35006336635651664,-0.00015239410723201735,0.3498332394141068,-0.3270815054522913,-1.4199746290790003,1.2360148429870605,-1.3861406485186976,-1.5711105505572718,2.737877607345581,0.0,9.58738019107841e-05,-0.0,-0.0004074636672157794,0.0,0.0,-0.3271588469010434,-1.420051092270305,1.2360354056763516,-1.3860636785369975,-1.5710406693764156,2.737967791401508,-1.7861008934276252e-05,-7.584435048969753e-07,-0.00034318686483652167,0.0011295231854592147,0.00010973751162980377,-5.126343862550708e-05,0.00020796809414254933,-8.037801447692868,-6.269639170714529,-0.9626932403062866,-6.339426496049607e-05,1.0875874608086217e-06,28.0,28.0,14.0,6.0,6.0,6.0
1.7616952192138422,1.0,2.2645101933873964e-05,7.996443220519879e-05,0.3500434529559932,-0.00014770837097220023,0.3498429502841447,0.3500434529559932,-0.00014770837097220023,0.3498429502841447,0.35006336635651664,-0.00015239410723201735,0.3498332394141068,-0.3270815054522913,-1.4199746290790003,1.2360148429870605,-1.3861406485186976,-1.5711105505572718,2.737877607345581,0.0,9.58738019107841e-05,-0.0,-0.0004074636672157794,0.0,0.0,-0.32715893234904636,-1.4200511349464409,1.2360340633178843,-1.3860592126602749,-1.5710402069575358,2.7379676775298245,-2.136200074386752e-05,-1.066903397607032e-05,-0.0003355896168435544,0.0011164691806853522,0.00011560471994077026,-2.8467920911888258e-05,0.00020796809414254933,-8.037801447692868,-6.269639170714529,-0.9626932403062866,-6.339426496049607e-05,1.0875874608086217e-06,28.0,28.0,14.0,6.0,6.0,6.0
1.7656952192138422,1.0,2.2645101933873964e-05,7.996443220519879e-05,0.3500434529559932,-0.00014770837097220023,0.3498429502841447,0.3500434529559932,-0.00014770837097220023,0.3498429502841447,0.35006336635651664,-0.00015239410723201735,0.3498332394141068,-0.3270815054522913,-1.4199746290790003,1.2360148429870605,-1.3861406485186976,-1.5711105505572718,2.737877607345581,0.0,9.58738019107841e-05,-0.0,-0.0004074636672157794,0.0,0.0,-0.32715903096077853,-1.4200512148863969,1.2360327495250694,-1.38605479586661,-1.5710397224779526,2.7379676493692875,-2.465293304488331e-05,-1.9984989018973263e-05,-0.0003284482037301651,0.0011041984161979214,0.00012111989575307876,-7.0401342610865695e-06,0.00020796809414254933,-8.037801447692868,-6.269639170714529,-0.9626932403062866,-6.339426496049607e-05,1.0875874608086217e-06,28.0,28.0,14.0,6.0,6.0,6.0
1.7702363372028347,1.0,2.2645101933873964e-05,7.996443220519879e-05,0.3500434529559932,-0.00014770837097220023,0.3498429502841447,0.3500434529559932,-0.00014770837097220023,0.3498429502841447,0.35006336635651664,-0.00015239410723201735,0.3498332394141068,-0.3270815054522913,-1.4199746290790003,1.2360148429870605,-1.3861406485186976,-1.5711105505572718,2.737877607345581,0.0,9.58738019107841e-05,-0.0,-0.0004074636672157794,0.0,0.0,-0.32715914194641615,-1.4200513298543438,1.2360314625839677,-1.3860504252110197,-1.5710392172613086,2.737967701777228,-2.7746409407838155e-05,-2.874198675930203e-05,-0.00032173527540357925,0.0010926638975797365,0.00012630416101664873,1.3101985190667018e-05,0.00020796809414254933,-8.037801447692868,-6.269639170714529,-0.9626932403062866,-6.339426496049607e-05,1.0875874608086217e-06,28.0,28.0,14.0,6.0,6.0,6.0
1.7742363372028347,1.0,1.5320596081554253e-05,9.020425039556994e-05,0.3500434529559932,-0.00014770837097220023,0.3498429502841447,0.3500434529559932,-0.00014770837097220023,0.3498429502841447,0.3500584569234176,-0.0001507284975453195,0.3498436434373058,-0.3270815054522913,-1.4199984709369105,1.2360029220581055,-1.3861287275897425,-1.5711105505572718,2.7379491329193115,0.0,9.58738019107841e-05,-0.0,-0.0003834952076431364,0.0,0.0,-0.3271592645781577,-1.4200514434699074,1.2360301915108232,-1.3860460743942453,-1.5710386925461097,2.7379676834211217,-3.0657935381936886e-05,-2.8403890906190836e-05,-0.0003177682861139944,0.0010877041936100413,0.00013117879969791666,-4.589026595495432e-06,-3.5327289646381724e-05,-8.036484995445148,-6.2692277446541995,-0.962634648784566,-6.339512397816336e-05,-5.531811313462809e-07,28.0,28.0,14.0,6.0,6.0,6.0
1.778699098192389,1.0,1.5320596081554253e-05,9.020425039556994e-05,0.3500434529559932,-0.00014770837097220023,0.3498429502841447,0.3500434529559932,-0.00014770837097220023,0.3498429502841447,0.3500584569234176,-0.0001507284975453195,0.3498436434373058,-0.3270815054522913,-1.4199984709369105,1.2360029220581055,-1.3861287275897425,-1.5711105505572718,2.7379491329193115,0.0,9.58738019107841e-05,-0.0,-0.0003834952076431364,0.0,0.0,-0.3271593981572369,-1.4200515558142306,1.2360289353535585,-1.3860417422259579,-1.5710381495022694,2.737967598546811,-3.339476979758969e-05,-2.8086080804266315e-05,-0.0003140393161817846,0.0010830420718785279,0.0001357609600583085,-2.1218577674488135e-05,-3.5327289646381724e-05,-8.036484995445148,-6.2692277446541995,-0.962634648784566,-6.339512397816336e-05,-5.531811313462809e-07,28.0,28.0,14.0,6.0,6.0,6.0
1.782699098192389,1.0,1.8271231249855814e-05,6.203310631674357e-05,0.3500434529559932,-0.00014770837097220023,0.3498429502841447,0.3500434529559932,-0.00014770837097220023,0.3498429502841447,0.3500582395653624,-0.00015379740550190279,0.3498341118604592,-0.3270934263812464,-1.4199984709369105,1.2360386848449707,-1.3861406485186976,-1.5710986296283167,2.737901210784912,0.0,9.58738019107841e-05,-0.0,-0.00035952674807049334,0.0,0.0,-0.32715952683162886,-1.420051675601494,1.236027676757347,-1.386037451700602,-1.571037613653969,2.7379675400697234,-3.2168597989568996e-05,-2.994681585375765e-05,-0.0003146490528603189,0.001072631338956092,0.00013396207509945468,-1.4619271890551059e-05,0.0003047491449568814,-8.037172504503992,-6.269604831035471,-0.9627042881100675,-5.9735175455137984e-05,2.7280414553390076e-07,28.0,28.0,14.0,6.0,6.0,6.0
1.786983776190319,1.0,1.8271231249855814e-05,6.203310631674357e-05,0.3500434529559932,-0.00014770837097220023,0.3498429502841447,0.3500434529559932,-0.00014770837097220023,0.3498429502841447,0.3500582395653624,-0.00015379740550190279,0.3498341118604592,-0.3270934263812464,-1.4199984709369105,1.2360386848449707,-1.3861406485186976,-1.5710986296283167,2.737901210784912,0.0,9.58738019107841e-05,-0.0,-0.00035952674807049334,0.0,0.0,-0.32715965089561483,-1.4200518023851212,1.2360264158685257,-1.3860332003196019,-1.571037084569476,2.737967506406026,-3.1015996490029544e-05,-3.1695906800279506e-05,-0.00031522220533814117,0.0010628452500090024,0.00013227112323813207,-8.415924453650207e-06,0.0003047491449568814,-8.037172504503992,-6.269604831035471,-0.9627042881100675,-5.9735175455137984e-05,2.7280414553390076e-07,28.0,28.0,14.0,6.0,6.0,6.0
1.790983776190319,1.0,1.8271231249855814e-05,6.203310631674357e-05,0.3500434529559932,-0.00014770837097220023,0.3498429502841447,0.3500434529559932,-0.00014770837097220023,0.3498429502841447,0.3500582395653624,-0.00015379740550190279,0.3498341118604592,-0.3270934263812464,-1.4199984709369105,1.2360386848449707,-1.3861406485186976,-1.5710986296283167,2.737901210784912,0.0,9.58738019107841e-05,-0.0,-0.00035952674807049334,0.0,0.0,-0.32715977062581914,-1.4200519357453303,1.236025152824651,-1.3860289857342962,-1.5710365618429623,2.7379674960669145,-2.993255108046246e-05,-3.3340052290010046e-05,-0.0003157609686672941,0.0010536463263987382,0.00013068162848848882,-2.5847778629634066e-06,0.0003047491449568814,-8.037172504503992,-6.269604831035471,-0.9627042881100675,-5.9735175455137984e-05,2.7280414553390076e-07,28.0,28.0,14.0,6.0,6.0,6.0
1.7954750301791362,1.0,1.8271231249855814e-05,6.203310631674357e-05,0.3500434529559932,-0.00014770837097220023,0.3498429502841447,0.3500434529559932,-0.00014770837097220023,0.3498429502841447,0.3500582395653624,-0.00015379740550190279,0.3498341118604592,-0.3270934263812464,-1.4199984709369105,1.2360386848449707,-1.3861406485186976,-1.5710986296283167,2.737901210784912,0.0,9.58738019107841e-05,-0.0,-0.00035952674807049334,0.0,0.0,-0.3271598862822687,-1.4200520752875265,1.2360238877550263,-1.3860248057369433,-1.5710360450929486,2.737967507652914,-2.89141123954694e-05,-3.4885549050356757e-05,-0.00031626740619669787,0.0010449993382050898,0.00012918750342382417,2.896499932282186e-06,0.0003047491449568814,-8.037172504503992,-6.269604831035471,-0.9627042881100675,-5.9735175455137984e-05,2.7280414553390076e-07,28.0,28.0,14.0,6.0,6.0,6.0
1.7994750301791362,1.0,1.3557808851195131e-05,8.14815196955484e-05,0.3500434529559932,-0.00014770837097220023,0.3498429502841447,0.3500434529559932,-0.00014770837097220023,0.3498429502841447,0.35005484793192254,-0.00015470866387705197,0.3498407221450867,-0.3270934263812464,-1.4200108687030237,1.2360267639160156,-1.3861287275897425,-1.5711224714862269,2.737901210784912,0.0,9.58738019107841e-05,-0.0,-0.00033555831760168076,0.0,0.0,-0.3271600041347918,-1.420052205701189,1.2360226251392614,-1.3860206525474608,-1.571035485137045,2.737967533825031,-2.946313077251311e-05,-3.260341561012603e-05,-0.00031565394121236634,0.0010382973706329014,0.00013998897589049338,6.5430292204213874e-06,0.00010181177979020465,-8.03643035927203,-6.269345207073589,-0.9626691346041135,-5.6130505193106186e-05,2.7270464277008747e-07,28.0,28.0,14.0,6.0,6.0,6.0
1.803896239164286,1.0,1.3557808851195131e-05,8.14815196955484e-05,0.3500434529559932,-0.00014770837097220023,0.3498429502841447,0.3500434529559932,-0.00014770837097220023,0.3498429502841447,0.35005484793192254,-0.00015470866387705197,0.3498407221450867,-0.3270934263812464,-1.4200108687030237,1.2360267639160156,-1.3861287275897425,-1.5711224714862269,2.737901210784912,0.0,9.58738019107841e-05,-0.0,-0.00033555831760168076,0.0,0.0,-0.327160124051624,-1.4200523275340298,1.2360213648301248,-1.3860165245573763,-1.571034884567605,2.737967573708098,-2.99792080469342e-05,-3.045821017630915e-05,-0.00031507728412709466,0.0010319975211150443,0.00015014236000916243,9.970766751272237e-06,0.00010181177979020465,-8.03643035927203,-6.269345207073589,-0.9626691346041135,-5.6130505193106186e-05,2.7270464277008747e-07,28.0,28.0,14.0,6.0,6.0,6.0
1.807896239164286,1.0,1.3557808851195131e-05,8.14815196955484e-05,0.3500434529559932,-0.00014770837097220023,0.3498429502841447,0.3500434529559932,-0.00014770837097220023,0.3498429502841447,0.35005484793192254,-0.00015470866387705197,0.3498407221450867,-0.3270934263812464,-1.4200108687030237,1.2360267639160156,-1.3861287275897425,-1.5711224714862269,2.737901210784912,0.0,9.58738019107841e-05,-0.0,-0.00033555831760168076,0.0,0.0,-0.32716024590890674,-1.4200524413008981,1.236020106689219,-1.3860124202547262,-1.5710342458214406,2.7379676264794583,-3.046432068489002e-05,-2.8441717068521278e-05,-0.0003145352264669393,0.0010260756625682587,0.00015968654108071133,1.3192840030272036e-05,0.00010181177979020465,-8.03643035927203,-6.269345207073589,-0.9626691346041135,-5.6130505193106186e-05,2.7270464277008747e-07,28.0,28.0,14.0,6.0,6.0,6.0
1.812495531170164,1.0,1.3229099237922162e-05,8.051047889997335e-05,0.3500434529559932,-0.00014770837097220023,0.3498429502841447,0.3500434529559932,-0.00014770837097220023,0.3498429502841447,0.35005580153380883,-0.00015189800270250405,0.34984072123086074,-0.3270934263812464,-1.4200108687030237,1.2360267639160156,-1.3861287275897425,-1.5710862318622034,2.7379491329193115,0.0,7.669904152862728e-05,-0.0,-0.00033555831760168076,0.0,0.0,-0.32716036044519764,-1.420052542843844,1.236018845487279,-1.386008337452589,-1.5710336453976492,2.737967602363624,-2.863407272916757e-05,-2.538573646359994e-05,-0.00031530048500390804,0.0010207005343022748,0.00015010594782936582,-6.0289585718202175e-06,0.0001762847834554441,-8.036266317611226,-6.269280857571776,-0.9626593837656167,-6.161032283757815e-05,-8.264752129895126e-07,28.0,28.0,14.0,6.0,6.0,6.0
1.816495531170164,1.0,1.3229099237922162e-05,8.051047889997335e-05,0.3500434529559932,-0.00014770837097220023,0.3498429502841447,0.3500434529559932,-0.00014770837097220023,0.3498429502841447,0.35005580153380883,-0.00015189800270250405,0.34984072123086074,-0.3270934263812464,-1.4200108687030237,1.2360267639160156,-1.3861287275897425,-1.5710862318622034,2.7379491329193115,0.0,7.669904152862728e-05,-0.0,-0.00033555831760168076,0.0,0.0,-0.32716046809975624,-1.4200526328963028,1.2360175814079668,-1.386004274860934,-1.5710330809968884,2.737967505973827,-2.6913639650788467e-05,-2.2513114694973885e-05,-0.00031601982802865867,0.0010156479137322497,0.00014110019017310102,-2.4097449257786934e-05,0.0001762847834554441,-8.036266317611226,-6.269280857571776,-0.9626593837656167,-6.161032283757815e-05,-8.264752129895126e-07,28.0,28.0,14.0,6.0,6.0,6.0
1.8207802101576243,1.0,1.3229099237922162e-05,8.051047889997335e-05,0.3500434529559932,-0.00014770837097220023,0.3498429502841447,0.3500434529559932,-0.00014770837097220023,0.3498429502841447,0.35005580153380883,-0.00015189800270250405,0.34984072123086074,-0.3270934263812464,-1.4200108687030237,1.2360267639160156,-1.3861287275897425,-1.5710862318622034,2.7379491329193115,0.0,7.669904152862728e-05,-0.0,-0.00033555831760168076,0.0,0.0,-0.3271605692854865,-1.4200527121477038,1.236016314623925,-1.3860002312671325,-1.5710325504577765,2.737967341646505,-2.529643255711211e-05,-1.981285023246539e-05,-0.00031669601047192426,0.0010108984503964264,0.00013263477797621212,-4.1081830502595645e-05,0.0001762847834554441,-8.036266317611226,-6.269280857571776,-0.9626593837656167,-6.161032283757815e-05,-8.264752129895126e-07,28.0,28.0,14.0,6.0,6.0,6.0
1.8247802101576243,1.0,1.0962799870135142e-05,0.00010966737343015804,0.3500434529559932,-0.00014770837097220023,0.3498429502841447,0.3500434529559932,-0.00014770837097220023,0.3498429502841447,0.3500542945046531,-0.00014931632533225336,0.3498431917099596,-0.3270815054522913,-1.4200227896319788,1.2360386848449707,-1.3861525694476526,-1.5711105505572718,2.737877607345581,0.0,7.669904152862728e-05,-0.0,-0.0003115898580290377,0.0,0.0,-0.3271606827151119,-1.4200527620228935,1.2360150149458486,-1.3859961459607282,-1.5710320019456623,2.7379672660341368,-2.83574063573341e-05,-1.2468797448359415e-05,-0.0003249195190481991,0.0010213266010549748,0.00013712802852458626,-1.890309212149018e-05,-0.00026819594550778566,-8.035667228152478,-6.269228013767612,-0.9626464651218761,-6.340105547286805e-05,1.0874054734001358e-06,28.0,28.0,14.0,6.0,6.0,6.0
1.829063701155829,1.0,1.0962799870135142e-05,0.00010966737343015804,0.3500434529559932,-0.00014770837097220023,0.3498429502841447,0.3500434529559932,-0.00014770837097220023,0.3498429502841447,0.3500542945046531,-0.00014931632533225336,0.3498431917099596,-0.3270815054522913,-1.4200227896319788,1.2360386848449707,-1.3861525694476526,-1.5711105505572718,2.737877607345581,0.0,7.669904152862728e-05,-0.0,-0.0003115898580290377,0.0,0.0,-0.3271608076539988,-1.4200527842844448,1.2360136843473801,-1.3859920214444774,-1.5710314365389262,2.7379672738138248,-3.123472172954277e-05,-5.565387831299798e-06,-0.00033264961710989754,0.0010311290626740103,0.00014135168404005798,1.9449219567489552e-06,-0.00026819594550778566,-8.035667228152478,-6.269228013767612,-0.9626464651218761,-6.340105547286805e-05,1.0874054734001358e-06,28.0,28.0,14.0,6.0,6.0,6.0
1.833063701155829,1.0,1.0962799870135142e-05,0.00010966737343015804,0.3500434529559932,-0.00014770837097220023,0.3498429502841447,0.3500434529559932,-0.00014770837097220023,0.3498429502841447,0.3500542945046531,-0.00014931632533225336,0.3498431917099596,-0.3270815054522913,-1.4200227896319788,1.2360386848449707,-1.3861525694476526,-1.5711105505572718,2.737877607345581,0.0,7.669904152862728e-05,-0.0,-0.0003115898580290377,0.0,0.0,-0.3271609434115915,-1.420052780589176,1.236012324683743,-1.385987860070971,-1.5710308552512453,2.7379673599820453,-3.3939398179418916e-05,9.238172087362428e-07,-0.00033991590928789404,0.0010403433765959035,0.00014532192022460137,2.1542055190293746e-05,-0.00026819594550778566,-8.035667228152478,-6.269228013767612,-0.9626464651218761,-6.340105547286805e-05,1.0874054734001358e-06,28.0,28.0,14.0,6.0,6.0,6.0
1.8372344061671764,1.0,1.0962799870135142e-05,0.00010966737343015804,0.3500434529559932,-0.00014770837097220023,0.3498429502841447,0.3500434529559932,-0.00014770837097220023,0.3498429502841447,0.3500542945046531,-0.00014931632533225336,0.3498431917099596,-0.3270815054522913,-1.4200227896319788,1.2360386848449707,-1.3861525694476526,-1.5711105505572718,2.737877607345581,0.0,7.669904152862728e-05,-0.0,-0.0003115898580290377,0.0,0.0,-0.3271610893387677,-1.4200527524944964,1.236010937698847,-1.3859836640516443,-1.5710302590354763,2.737967519835487,-3.6481794042302496e-05,7.023669946370121e-06,-0.00034674622393521075,0.0010490048316824832,0.00014905394223807216,3.996336042982585e-05,-0.00026819594550778566,-8.035667228152478,-6.269228013767612,-0.9626464651218761,-6.340105547286805e-05,1.0874054734001358e-06,28.0,28.0,14.0,6.0,6.0,6.0
1.8412344061671764,1.0,1.6282783578695925e-05,0.0001250523080171954,0.3500434529559932,-0.00014770837097220023,0.3498429502841447,0.3500434529559932,-0.00014770837097220023,0.3498429502841447,0.350054507993684,-0.00015459332945685867,0.3498527233353259,-0.3270934263812464,-1.4200227896319788,1.2360029220581055,-1.3861406485186976,-1.5711224714862269,2.737913131713867,0.0,7.669904152862728e-05,-0.0,-0.0003115898580290377,0.0,0.0,-0.3271612356595822,-1.420052692757821,1.2360095414009409,-1.3859794117182314,-1.5710296243801078,2.7379676609528953,-3.658020362558317e-05,1.4934168837043136e-05,-0.0003490744765623187,0.0010630833532550234,0.0001586638421040336,3.52793521546391e-05,-0.00015073213116366456,-8.0351694553211,-6.268874051830846,-0.9625783902314453,-5.613046111650722e-05,-1.0652762858557388e-09,28.0,28.0,14.0,6.0,6.0,6.0
1.846036712175236,1.0,1.6282783578695925e-05,0.0001250523080171954,0.3500434529559932,-0.00014770837097220023,0.3498429502841447,0.3500434529559932,-0.00014770837097220023,0.3498429502841447,0.350054507993684,-0.00015459332945685867,0.3498527233353259,-0.3270934263812464,-1.4200227896319788,1.2360029220581055,-1.3861406485186976,-1.5711224714862269,2.737913131713867,0.0,7.669904152862728e-05,-0.0,-0.0003115898580290377,0.0,0.0,-0.32716138235041675,-1.42005260327767,1.2360081363488047,-1.3859751064495773,-1.5710289535915158,2.7379677844584327,-3.6672708633867e-05,2.2370037794275773e-05,-0.00035126303403180015,0.001076317163533211,0.00016769714797803737,3.087638437596356e-05,-0.00015073213116366456,-8.0351694553211,-6.268874051830846,-0.9625783902314453,-5.613046111650722e-05,-1.0652762858557388e-09,28.0,28.0,14.0,6.0,6.0,6.0
1.850036712175236,1.0,1.410585715962514e-05,9.744611147993756e-05,0.3500434529559932,-0.00014770837097220023,0.3498429502841447,0.3500434529559932,-0.00014770837097220023,0.3498429502841447,0.3500564005137041,-0.00015317345112304728,0.349841738321078,-0.3270934263812464,-1.4200108687030237,1.2360267639160156,-1.3861406485186976,-1.5710986296283167,2.7379610538482666,0.0,7.669904152862728e-05,-0.0,-0.00028762139845639467,0.0,0.0,-0.3271615233614903,-1.4200525102137096,1.2360067279202425,-1.385970805519418,-1.5710282976579657,2.7379677992884845,-3.525276838145464e-05,2.326599005369493e-05,-0.0003521071405638455,0.0010752325398435342,0.00016398338754984842,3.7075129294225554e-06,0.00010950001716352709,-8.036214323697967,-6.269292350672024,-0.9626592646233845,-5.973597591807036e-05,-1.0999715673646055e-06,28.0,28.0,14.0,6.0,6.0,6.0
1.8542917091846474,1.0,1.410585715962514e-05,9.744611147993756e-05,0.3500434529559932,-0.00014770837097220023,0.3498429502841447,0.3500434529559932,-0.00014770837097220023,0.3498429502841447,0.3500564005137041,-0.00015317345112304728,0.349841738321078,-0.3270934263812464,-1.4200108687030237,1.2360267639160156,-1.3861406485186976,-1.5710986296283167,2.7379610538482666,0.0,7.669904152862728e-05,-0.0,-0.00028762139845639467,0.0,0.0,-0.32716165903358846,-1.420052413780969,1.2360053163178397,-1.3859665086674438,-1.5710276556881546,2.7379677119635795,-3.3918024544187025e-05,2.4108185177548934e-05,-0.0003529006007039681,0.0010742129935752379,0.0001604924527473508,-2.1831226230325988e-05,0.00010950001716352709,-8.036214323697967,-6.269292350672024,-0.9626592646233845,-5.973597591807036e-05,-1.0999715673646055e-06,28.0,28.0,14.0,6.0,6.0,6.0
1.8582917091846474,1.0,1.410585715962514e-05,9.744611147993756e-05,0.3500434529559932,-0.00014770837097220023,0.3498429502841447,0.3500434529559932,-0.00014770837097220023,0.3498429502841447,0.3500564005137041,-0.00015317345112304728,0.349841738321078,-0.3270934263812464,-1.4200108687030237,1.2360267639160156,-1.3861406485186976,-1.5710986296283167,2.7379610538482666,0.0,7.669904152862728e-05,-0.0,-0.00028762139845639467,0.0,0.0,-0.3271617896870498,-1.4200523141815746,1.2360039017320268,-1.3859622156489635,-1.5710270268442585,2.7379675286130154,-3.266336533715546e-05,2.48998485939717e-05,-0.00035364645323568335,0.0010732546200830394,0.00015721097403300304,-4.583764104048961e-05,0.00010950001716352709,-8.036214323697967,-6.269292350672024,-0.9626592646233845,-5.973597591807036e-05,-1.0999715673646055e-06,28.0,28.0,14.0,6.0,6.0,6.0
1.86274497318687,1.0,1.410585715962514e-05,9.744611147993756e-05,0.3500434529559932,-0.00014770837097220023,0.3498429502841447,0.3500434529559932,-0.00014770837097220023,0.3498429502841447,0.3500564005137041,-0.00015317345112304728,0.349841738321078,-0.3270934263812464,-1.4200108687030237,1.2360267639160156,-1.3861406485186976,-1.5710986296283167,2.7379610538482666,0.0,7.669904152862728e-05,-0.0,-0.00028762139845639467,0.0,0.0,-0.3271619156229925,-1.4200522116055259,1.2360024843418083,-1.3859579262339674,-1.5710264103387224,2.7379672549983316,-3.1483985682545794e-05,2.5644012205409098e-05,-0.0003543475546154957,0.0010723537490003729,0.00015412638404151613,-6.840367096204343e-05,0.00010950001716352709,-8.036214323697967,-6.269292350672024,-0.9626592646233845,-5.973597591807036e-05,-1.0999715673646055e-06,28.0,28.0,14.0,6.0,6.0,6.0
1.86674497318687,1.0,8.507901653247585e-06,8.724426658608602e-05,0.3500434529559932,-0.00014770837097220023,0.3498429502841447,0.3500434529559932,-0.00014770837097220023,0.3498429502841447,0.3500519154512762,-0.0001485175571455959,0.34984261001680295,-0.3270934263812464,-1.4200347105609339,1.2360506057739258,-1.3861406485186976,-1.5710623900042933,2.737913131713867,0.0,7.669904152862728e-05,-0.0,-0.00028762139845639467,0.0,0.0,-0.3271620279838153,-1.4200520776787222,1.2360010350649269,-1.3859536395100271,-1.571025879647337,2.7379670038174417,-2.8090205684747924e-05,3.348170090196625e-05,-0.00036231922035297843,0.001071680985041262,0.0001326728463449485,-6.27952225121466e-05,5.0316808632662137e-05,-8.035466637742456,-6.269226214238457,-0.9626616669215168,-6.521993857689104e-05,-6.960228214935876e-10,28.0,28.0,14.0,6.0,6.0,6.0
1.8709002442040954,1.0,8.507901653247585e-06,8.724426658608602e-05,0.3500434529559932,-0.00014770837097220023,0.3498429502841447,0.3500434529559932,-0.00014770837097220023,0.3498429502841447,0.3500519154512762,-0.0001485175571455959,0.34984261001680295,-0.3270934263812464,-1.4200347105609339,1.2360506057739258,-1.3861406485186976,-1.5710623900042933,2.737913131713867,0.0,7.669904152862728e-05,-0.0,-0.00028762139845639467,0.0,0.0,-0.32716212758402524,-1.420051914282209,1.2359995558145822,-1.3859493553156794,-1.5710254296212534,2.737966773724318,-2.4900052486817927e-05,4.0849128276729965e-05,-0.0003698125861462122,0.001071048586919698,0.00011250652091017491,-5.752328096924359e-05,5.0316808632662137e-05,-8.035466637742456,-6.269226214238457,-0.9626616669215168,-6.521993857689104e-05,-6.960228214935876e-10,28.0,28.0,14.0,6.0,6.0,6.0
1.8749002442040954,1.0,1.2920875282273437e-05,8.476576857425335e-05,0.3500434529559932,-0.00014770837097220023,0.3498429502841447,0.3500434529559932,-0.00014770837097220023,0.3498429502841447,0.3500531246941911,-0.00015516338076744288,0.349847172762948,-0.32710534731020147,-1.4200227896319788,1.2360148429870605,-1.3861168066607874,-1.5710862318622034,2.737913131713867,0.0,7.669904152862728e-05,-0.0,-0.0002636529679875821,0.0,0.0,-0.3271622090243209,-1.4200517381220294,1.235998088137712,-1.385945098694808,-1.5710250066053832,2.737966545206624,-2.036007391772479e-05,4.404004488681394e-05,-0.00036691921754064446,0.0010641552178296458,0.00010575396752408341,-5.712942347229041e-05,0.0002765553346820082,-8.035655508265911,-6.269057211655058,-0.962633845912805,-5.6146511677721956e-05,-2.741508849523538e-07,28.0,28.0,14.0,6.0,6.0,6.0
1.879073323214893,1.0,1.2920875282273437e-05,8.476576857425335e-05,0.3500434529559932,-0.00014770837097220023,0.3498429502841447,0.3500434529559932,-0.00014770837097220023,0.3498429502841447,0.3500531246941911,-0.00015516338076744288,0.349847172762948,-0.32710534731020147,-1.4200227896319788,1.2360148429870605,-1.3861168066607874,-1.5710862318622034,2.737913131713867,0.0,7.669904152862728e-05,-0.0,-0.0002636529679875821,0.0,0.0,-0.32716227339429715,-1.4200515499640034,1.2359966313399078,-1.3859408679930045,-1.5710246089791138,2.737966318169834,-1.6092494062777243e-05,4.703950650029288e-05,-0.0003641994510514108,0.0010576754508849968,9.940656734115739e-05,-5.675919742515442e-05,0.0002765553346820082,-8.035655508265911,-6.269057211655058,-0.962633845912805,-5.6146511677721956e-05,-2.741508849523538e-07,28.0,28.0,14.0,6.0,6.0,6.0
1.883073323214893,1.0,1.2920875282273437e-05,8.476576857425335e-05,0.3500434529559932,-0.00014770837097220023,0.3498429502841447,0.3500434529559932,-0.00014770837097220023,0.3498429502841447,0.3500531246941911,-0.00015516338076744288,0.349847172762948,-0.32710534731020147,-1.4200227896319788,1.2360148429870605,-1.3861168066607874,-1.5710862318622034,2.737913131713867,0.0,7.669904152862728e-05,-0.0,-0.0002636529679875821,0.0,0.0,-0.32716232171817317,-1.4200513505280017,1.2359951847684256,-1.3859366616551247,-1.571024235219069,2.7379660925250944,-1.2080968999126548e-05,4.9859000416963086e-05,-0.00036164287055153116,0.0010515844699570266,9.344001116920693e-05,-5.641118494084659e-05,0.0002765553346820082,-8.035655508265911,-6.269057211655058,-0.962633845912805,-5.6146511677721956e-05,-2.741508849523538e-07,28.0,28.0,14.0,6.0,6.0,6.0
1.8876595552260995,1.0,1.2920875282273437e-05,8.476576857425335e-05,0.3500434529559932,-0.00014770837097220023,0.3498429502841447,0.3500434529559932,-0.00014770837097220023,0.3498429502841447,0.3500531246941911,-0.00015516338076744288,0.349847172762948,-0.32710534731020147,-1.4200227896319788,1.2360148429870605,-1.3861168066607874,-1.5710862318622034,2.737913131713867,0.0,7.669904152862728e-05,-0.0,-0.0002636529679875821,0.0,0.0,-0.32716235495871493,-1.4200511404907028,1.235993747809686,-1.3859324782193332,-1.5710238838932755,2.7379658681888817,-8.310135439294896e-06,5.2509324698633074e-05,-0.0003592396848816443,0.0010458589478847347,8.78314483675735e-05,-5.6084053205597236e-05,0.0002765553346820082,-8.035655508265911,-6.269057211655058,-0.962633845912805,-5.6146511677721956e-05,-2.741508849523538e-07,28.0,28.0,14.0,6.0,6.0,6.0
1.8916595552260995,1.0,2.2234466935252525e-05,4.961398402520569e-05,0.3500434529559932,-0.00014770837097220023,0.3498429502841447,0.3500434529559932,-0.00014770837097220023,0.3498429502841447,0.35006221594563913,-0.00015824798601307913,0.34983736116487313,-0.32710534731020147,-1.4199746290790003,1.2359905242919922,-1.3861048857318323,-1.5710862318622034,2.737913131713867,0.0,7.669904152862728e-05,-0.0,-0.0002636529679875821,0.0,0.0,-0.327162373999178,-1.4200509844823914,1.2359923769326073,-1.3859283825936715,-1.5710235536562367,2.737965645104432,-4.760115767356241e-06,3.900207783351442e-05,-0.00034271926967134527,0.001023906415419514,8.255925969595176e-05,-5.5771112416986546e-05,0.0007119622780079327,-8.037673867161539,-6.269451770106646,-0.9626908111567745,-5.614071557819748e-05,-2.7391306883433196e-07,28.0,28.0,14.0,6.0,6.0,6.0
1.8959430462243043,1.0,2.2234466935252525e-05,4.961398402520569e-05,0.3500434529559932,-0.00014770837097220023,0.3498429502841447,0.3500434529559932,-0.00014770837097220023,0.3498429502841447,0.35006221594563913,-0.00015824798601307913,0.34983736116487313,-0.32710534731020147,-1.4199746290790003,1.2359905242919922,-1.3861048857318323,-1.5710862318622034,2.737913131713867,0.0,7.669904152862728e-05,-0.0,-0.0002636529679875821,0.0,0.0,-0.32716237969156714,-1.4200508792613282,1.2359910681722899,-1.3859243695095318,-1.5710232432426272,2.73796542319664,-1.4230972757339057e-06,2.6305265780302876e-05,-0.00032719007937366415,0.0010032710349022068,7.760340234462732e-05,-5.54769480756925e-05,0.0007119622780079327,-8.037673867161539,-6.269451770106646,-0.9626908111567745,-5.614071557819748e-05,-2.7391306883433196e-07,28.0,28.0,14.0,6.0,6.0,6.0
1.8999430462243043,1.0,2.2234466935252525e-05,4.961398402520569e-05,0.3500434529559932,-0.00014770837097220023,0.3498429502841447,0.3500434529559932,-0.00014770837097220023,0.3498429502841447,0.35006221594563913,-0.00015824798601307913,0.34983736116487313,-0.32710534731020147,-1.4199746290790003,1.2359905242919922,-1.3861048857318323,-1.5710862318622034,2.737913131713867,0.0,7.669904152862728e-05,-0.0,-0.0002636529679875821,0.0,0.0,-0.3271623728367667,-1.4200508217802785,1.235989817801728,-1.3859204340144229,-1.5710229514630414,2.7379652023949057,1.71370010639109e-06,1.4370262450284029e-05,-0.00031259264049384393,0.000983873777215938,7.294489643438234e-05,-5.5200433594876095e-05,0.0007119622780079327,-8.037673867161539,-6.269451770106646,-0.9626908111567745,-5.614071557819748e-05,-2.7391306883433196e-07,28.0,28.0,14.0,6.0,6.0,6.0
1.9045506482177887,1.0,1.973877722955439e-05,3.576130292905054e-05,0.3500434529559932,-0.00014770837097220023,0.3498429502841447,0.3500434529559932,-0.00014770837097220023,0.3498429502841447,0.350056859540506,-0.00014602138827384892,0.34982856150700437,-0.3270815054522913,-1.4199984709369105,1.2360506057739258,-1.3861168066607874,-1.5710623900042933,2.7379369735717773,0.0,7.669904152862728e-05,-0.0,-0.00023968450841493905,0.0,0.0,-0.32716237253377456,-1.4200507925134664,1.235988580154296,-1.3859165961356483,-1.5710227260050773,2.737964964286108,7.574802878297684e-08,7.316703026953546e-06,-0.00030941185795942534,0.0009594696936459593,5.636449104157156e-05,-5.9527199384824936e-05,0.00023564537317318206,-8.037361885243406,-6.269753242226414,-0.9627693915718,-7.068110855562164e-05,-2.7371394300172757e-07,28.0,28.0,14.0,6.0,6.0,6.0
1.9085506482177887,1.0,1.973877722955439e-05,3.576130292905054e-05,0.3500434529559932,-0.00014770837097220023,0.3498429502841447,0.3500434529559932,-0.00014770837097220023,0.3498429502841447,0.350056859540506,-0.00014602138827384892,0.34982856150700437,-0.3270815054522913,-1.4199984709369105,1.2360506057739258,-1.3861168066607874,-1.5710623900042933,2.7379369735717773,0.0,7.669904152862728e-05,-0.0,-0.00023968450841493905,0.0,0.0,-0.32716237838948226,-1.4200507897680377,1.2359873544666065,-1.3859128500162279,-1.5710225628894374,2.7379647099086712,-1.4639269241686495e-06,6.863571690228918e-07,-0.0003064219223770719,0.0009365298550901792,4.0778909972329417e-05,-6.359435922737684e-05,0.00023564537317318206,-8.037361885243406,-6.269753242226414,-0.9627693915718,-7.068110855562164e-05,-2.7371394300172757e-07,28.0,28.0,14.0,6.0,6.0,6.0
1.912819892192493,1.0,1.973877722955439e-05,3.576130292905054e-05,0.3500434529559932,-0.00014770837097220023,0.3498429502841447,0.3500434529559932,-0.00014770837097220023,0.3498429502841447,0.350056859540506,-0.00014602138827384892,0.34982856150700437,-0.3270815054522913,-1.4199984709369105,1.2360506057739258,-1.3861168066607874,-1.5710623900042933,2.7379369735717773,0.0,7.669904152862728e-05,-0.0,-0.00023968450841493905,0.0,0.0,-0.32716239003436776,-1.4200508119527093,1.2359861400210748,-1.3859091901506004,-1.5710224583755823,2.7379644402387133,-2.9112213799431783e-06,-5.546167937431923e-06,-0.0003036113829296596,0.0009149664068477459,2.61284637672418e-05,-6.741748947937563e-05,0.00023564537317318206,-8.037361885243406,-6.269753242226414,-0.9627693915718,-7.068110855562164e-05,-2.7371394300172757e-07,28.0,28.0,14.0,6.0,6.0,6.0
1.916819892192493,1.0,1.3184035849448892e-05,6.125270168532194e-05,0.3500434529559932,-0.00014770837097220023,0.3498429502841447,0.3500434529559932,-0.00014770837097220023,0.3498429502841447,0.35005531850041244,-0.00014756052906328353,0.34983720521672257,-0.3270815054522913,-1.4200108687030237,1.2360386848449707,-1.3861287275897425,-1.5710862318622034,2.737913131713867,0.0,7.669904152862728e-05,-0.0,-0.00023968450841493905,0.0,0.0,-0.327162413148949,-1.420050832510617,1.23598491869088,-1.3859055447602107,-1.5710223601242987,2.737964198994624,-5.778645305998364e-06,-5.139476908661698e-06,-0.00030533254869642804,0.0009113475974422431,2.4562820910254107e-05,-6.031102223662364e-05,-2.269361471610529e-05,-8.036449105553356,-6.269451584381616,-0.9627077955372033,-6.707721828105935e-05,2.729024149136268e-07,28.0,28.0,14.0,6.0,6.0,6.0
1.9212126081783798,1.0,1.3184035849448892e-05,6.125270168532194e-05,0.3500434529559932,-0.00014770837097220023,0.3498429502841447,0.3500434529559932,-0.00014770837097220023,0.3498429502841447,0.35005531850041244,-0.00014756052906328353,0.34983720521672257,-0.3270815054522913,-1.4200108687030237,1.2360386848449707,-1.3861287275897425,-1.5710862318622034,2.737913131713867,0.0,7.669904152862728e-05,-0.0,-0.00023968450841493905,0.0,0.0,-0.3271624470450442,-1.4200508515393664,1.235983690889102,-1.3859019129765442,-1.5710222677598322,2.737963984470852,-8.474023796490239e-06,-4.7571873416176874e-06,-0.00030695044451719037,0.0009079459166010705,2.3091116624685674e-05,-5.3630943028436766e-05,-2.269361471610529e-05,-8.036449105553356,-6.269451584381616,-0.9627077955372033,-6.707721828105935e-05,2.729024149136268e-07,28.0,28.0,14.0,6.0,6.0,6.0
1.9252126081783798,1.0,1.3184035849448892e-05,6.125270168532194e-05,0.3500434529559932,-0.00014770837097220023,0.3498429502841447,0.3500434529559932,-0.00014770837097220023,0.3498429502841447,0.35005531850041244,-0.00014756052906328353,0.34983720521672257,-0.3270815054522913,-1.4200108687030237,1.2360386848449707,-1.3861287275897425,-1.5710862318622034,2.737913131713867,0.0,7.669904152862728e-05,-0.0,-0.00023968450841493905,0.0,0.0,-0.3271624910757625,-1.420050869130707,1.2359824570040356,-1.3858982939831979,-1.571022180928974,2.7379637950641778,-1.10076795775526e-05,-4.397835148596317e-06,-0.00030847126658870694,0.0009047483366103682,2.1707714596251347e-05,-4.73516685727411e-05,-2.269361471610529e-05,-8.036449105553356,-6.269451584381616,-0.9627077955372033,-6.707721828105935e-05,2.729024149136268e-07,28.0,28.0,14.0,6.0,6.0,6.0
1.9304624961742674,1.0,3.2869442998500574e-05,4.9722243263588936e-05,0.3500434529559932,-0.00014770837097220023,0.3498429502841447,0.3500434529559932,-0.00014770837097220023,0.3498429502841447,0.35006057530698026,-0.00016082553987522495,0.34981814775887654,-0.32710534731020147,-1.4199627081500452,1.2360386848449707,-1.386092487965719,-1.5711224714862269,2.7379250526428223,0.0,7.669904152862728e-05,-0.0,-0.00023968450841493905,0.0,0.0,-0.3271625293906332,-1.4200509743216596,1.2359812991428596,-1.3858948526497092,-1.571022025106671,2.737963571266892,-9.578717679384526e-06,-2.629773816394475e-05,-0.00028946529400346793,0.0008603333721602567,3.895557571825211e-05,-5.594932137108593e-05,0.0008907731074192952,-8.03926963270212,-6.27014238131054,-0.9628349606985493,-5.0662948415105074e-05,-5.468554975516108e-07,28.0,28.0,14.0,6.0,6.0,6.0
1.9344624961742674,1.0,3.2869442998500574e-05,4.9722243263588936e-05,0.3500434529559932,-0.00014770837097220023,0.3498429502841447,0.3500434529559932,-0.00014770837097220023,0.3498429502841447,0.35006057530698026,-0.00016082553987522495,0.34981814775887654,-0.32710534731020147,-1.4199627081500452,1.2360386848449707,-1.386092487965719,-1.5711224714862269,2.7379250526428223,0.0,7.669904152862728e-05,-0.0,-0.00023968450841493905,0.0,0.0,-0.3271625623326072,-1.4200511618562477,1.2359802127441406,-1.385891578316487,-1.5710218044324105,2.7379633151424323,-8.235493495106536e-06,-4.688364699837228e-05,-0.0002715996797733433,0.000818583305577152,5.516856517293284e-05,-6.403111500153007e-05,0.0008907731074192952,-8.03926963270212,-6.27014238131054,-0.9628349606985493,-5.0662948415105074e-05,-5.468554975516108e-07,28.0,28.0,14.0,6.0,6.0,6.0
1.9387982251720977,1.0,3.2869442998500574e-05,4.9722243263588936e-05,0.3500434529559932,-0.00014770837097220023,0.3498429502841447,0.3500434529559932,-0.00014770837097220023,0.3498429502841447,0.35006057530698026,-0.00016082553987522495,0.34981814775887654,-0.32710534731020147,-1.4199627081500452,1.2360386848449707,-1.386092487965719,-1.5711224714862269,2.7379250526428223,0.0,7.669904152862728e-05,-0.0,-0.00023968450841493905,0.0,0.0,-0.32716259022405825,-1.4200514267938529,1.235979193520131,-1.385888460963515,-1.5710215227973094,2.7379630286304284,-6.972862761885225e-06,-6.623440130273416e-05,-0.00025480600239702605,0.0007793382429890336,7.040877526033272e-05,-7.162800101414755e-05,0.0008907731074192952,-8.03926963270212,-6.27014238131054,-0.9628349606985493,-5.0662948415105074e-05,-5.468554975516108e-07,28.0,28.0,14.0,6.0,6.0,6.0
1.9427982251720977,1.0,2.590275517192232e-05,4.9039393223492026e-05,0.3500434529559932,-0.00014770837097220023,0.3498429502841447,0.3500434529559932,-0.00014770837097220023,0.3498429502841447,0.35006026265278384,-0.00016175893522006474,0.3498291311501769,-0.32711726823915654,-1.4199746290790003,1.2360148429870605,-1.386092487965719,-1.5710862318622034,2.7379369735717773,0.0,7.669904152862728e-05,-0.0,-0.00023968450841493905,0.0,0.0,-0.3271625920506198,-1.4200517328100863,1.2359782240133563,-1.3858854361865058,-1.5710212580779481,2.7379626860443076,-4.5664039508845575e-07,-7.650405835682626e-05,-0.0002423766936548963,0.0007561942522750851,6.617984034474323e-05,-8.56465302000489e-05,0.0010411914511944042,-8.038311834820766,-6.2697394340192405,-0.9627574865505385,-5.067672586237281e-05,-1.093961399018594e-06,28.0,28.0,14.0,6.0,6.0,6.0
1.9477370611778468,1.0,2.590275517192232e-05,4.9039393223492026e-05,0.3500434529559932,-0.00014770837097220023,0.3498429502841447,0.3500434529559932,-0.00014770837097220023,0.3498429502841447,0.35006026265278384,-0.00016175893522006474,0.3498291311501769,-0.32711726823915654,-1.4199746290790003,1.2360148429870605,-1.386092487965719,-1.5710862318622034,2.7379369735717773,0.0,7.669904152862728e-05,-0.0,-0.00023968450841493905,0.0,0.0,-0.3271625693761853,-1.4200520774402303,1.2359773012407826,-1.3858824984309017,-1.571021009259382,2.7379622907485173,5.668608629700508e-06,-8.615753598767283e-05,-0.00023069314343729437,0.0007344389010039735,6.22046415240891e-05,-9.882394763479618e-05,0.0010411914511944042,-8.038311834820766,-6.2697394340192405,-0.9627574865505385,-5.067672586237281e-05,-1.093961399018594e-06,28.0,28.0,14.0,6.0,6.0,6.0
1.9517370611778468,1.0,2.590275517192232e-05,4.9039393223492026e-05,0.3500434529559932,-0.00014770837097220023,0.3498429502841447,0.3500434529559932,-0.00014770837097220023,0.3498429502841447,0.35006026265278384,-0.00016175893522006474,0.3498291311501769,-0.32711726823915654,-1.4199746290790003,1.2360148429870605,-1.386092487965719,-1.5710862318622034,2.7379369735717773,0.0,7.669904152862728e-05,-0.0,-0.00023968450841493905,0.0,0.0,-0.32716252367081444,-1.42005245836745,1.2359764223983578,-1.3858796424754185,-1.5710207753875634,2.737961845905637,1.1426342713002134e-05,-9.523180496066862e-05,-0.00021971060623274854,0.0007139888708091286,5.846795463267423e-05,-0.00011121072002345862,0.0010411914511944042,-8.038311834820766,-6.2697394340192405,-0.9627574865505385,-5.067672586237281e-05,-1.093961399018594e-06,28.0,28.0,14.0,6.0,6.0,6.0
1.9560098671703607,1.0,1.1430609608293958e-05,5.179136898702528e-05,0.3500434529559932,-0.00014770837097220023,0.3498429502841447,0.3500434529559932,-0.00014770837097220023,0.3498429502841447,0.350053302503281,-0.0001500191436086458,0.3498376299848988,-0.3270934263812464,-1.4200108687030237,1.2360267639160156,-1.386092487965719,-1.5710743109332483,2.737877607345581,0.0,5.752428114647046e-05,-0.0,4.793690095539205e-05,0.0,0.0,-0.32716247768622475,-1.4200528247562614,1.2359755493291016,-1.3858768310434333,-1.571020579961416,2.7379615035283407,1.1496147423921754e-05,-9.159720279720828e-05,-0.00021826731403956813,0.0007028579963311547,4.8856536788902723e-05,-8.559432405337353e-05,0.00024485202345736354,-8.03654361574338,-6.269466595508006,-0.9627657109206738,-6.341638089077749e-05,8.146948826485511e-07,28.0,28.0,14.0,6.0,6.0,6.0
1.9600098671703607,1.0,1.1430609608293958e-05,5.179136898702528e-05,0.3500434529559932,-0.00014770837097220023,0.3498429502841447,0.3500434529559932,-0.00014770837097220023,0.3498429502841447,0.350053302503281,-0.0001500191436086458,0.3498376299848988,-0.3270934263812464,-1.4200108687030237,1.2360267639160156,-1.386092487965719,-1.5710743109332483,2.737877607345581,0.0,5.752428114647046e-05,-0.0,4.793690095539205e-05,0.0,0.0,-0.32716243143916934,-1.4200531774789684,1.2359746816866242,-1.385874061463536,-1.5710204206742,2.7379612574686933,1.1561763852186196e-05,-8.818067676355556e-05,-0.00021691061937797855,0.0006923949743218592,3.9821804015757506e-05,-6.151491184149354e-05,0.00024485202345736354,-8.03654361574338,-6.269466595508006,-0.9627657109206738,-6.341638089077749e-05,8.146948826485511e-07,28.0,28.0,14.0,6.0,6.0,6.0
1.9642482441754554,1.0,1.1430609608293958e-05,5.179136898702528e-05,0.3500434529559932,-0.00014770837097220023,0.3498429502841447,0.3500434529559932,-0.00014770837097220023,0.3498429502841447,0.350053302503281,-0.0001500191436086458,0.3498376299848988,-0.3270934263812464,-1.4200108687030237,1.2360267639160156,-1.386092487965719,-1.5710743109332483,2.737877607345581,0.0,5.752428114647046e-05,-0.0,4.793690095539205e-05,0.0,0.0,-0.3271623849453962,-1.4200535173555375,1.2359738191453187,-1.3858713312246016,-1.5710202953575791,2.737961101947636,1.1623443294754773e-05,-8.496914229192198e-05,-0.00021563532639608433,0.0006825597336331215,3.1329155209001004e-05,-3.888026436232636e-05,0.00024485202345736354,-8.03654361574338,-6.269466595508006,-0.9627657109206738,-6.341638089077749e-05,8.146948826485511e-07,28.0,28.0,14.0,6.0,6.0,6.0
1.9682482441754554,1.0,1.0637208099059979e-05,3.969273860102783e-05,0.3500434529559932,-0.00014770837097220023,0.3498429502841447,0.3500434529559932,-0.00014770837097220023,0.3498429502841447,0.35005266437219795,-0.0001477322922634359,0.34983763056277817,-0.3270815054522913,-1.4200108687030237,1.2360267639160156,-1.386092487965719,-1.5710986296283167,2.7379369735717773,0.0,5.752428114647046e-05,-0.0,4.793690095539205e-05,0.0,0.0,-0.3271623565395475,-1.4200538481351306,1.2359729649015856,-1.3858686384892653,-1.5710201521625917,2.737960916045934,7.10146216581017e-06,-8.269489828059993e-05,-0.00021356093326440102,0.0006731838340863442,3.579874687181635e-05,-4.6475425502488974e-05,-5.6366291979714185e-05,-8.03646044739034,-6.2694624810339326,-0.962767551489732,-6.520416354982228e-05,-2.735890742260188e-07,28.0,28.0,14.0,6.0,6.0,6.0
1.9723690861761578,1.0,1.0637208099059979e-05,3.969273860102783e-05,0.3500434529559932,-0.00014770837097220023,0.3498429502841447,0.3500434529559932,-0.00014770837097220023,0.3498429502841447,0.35005266437219795,-0.0001477322922634359,0.34983763056277817,-0.3270815054522913,-1.4200108687030237,1.2360267639160156,-1.386092487965719,-1.5710986296283167,2.7379369735717773,0.0,5.752428114647046e-05,-0.0,4.793690095539205e-05,0.0,0.0,-0.3271623451363479,-1.4200541703635663,1.2359721184575707,-1.3858659810073113,-1.5710199921619397,2.737960701586426,2.8507999046022425e-06,-8.05571089099572e-05,-0.00021161100372061868,0.0006643704885123735,4.0000163034862774e-05,-5.361487697424183e-05,-5.6366291979714185e-05,-8.03646044739034,-6.2694624810339326,-0.962767551489732,-6.520416354982228e-05,-2.735890742260188e-07,28.0,28.0,14.0,6.0,6.0,6.0
1.9763690861761578,1.0,1.0637208099059979e-05,3.969273860102783e-05,0.3500434529559932,-0.00014770837097220023,0.3498429502841447,0.3500434529559932,-0.00014770837097220023,0.3498429502841447,0.35005266437219795,-0.0001477322922634359,0.34983763056277817,-0.3270815054522913,-1.4200108687030237,1.2360267639160156,-1.386092487965719,-1.5710986296283167,2.7379369735717773,0.0,5.752428114647046e-05,-0.0,4.793690095539205e-05,0.0,0.0,-0.3271623497156384,-1.4200544845539138,1.2359712793452908,-1.3858633566635365,-1.5710198163639628,2.7379604602825807,-1.1448226209332083e-06,-7.854758690155305e-05,-0.0002097780699494633,0.0006560859436728411,4.394949422812642e-05,-6.032596135768951e-05,-5.6366291979714185e-05,-8.03646044739034,-6.2694624810339326,-0.962767551489732,-6.520416354982228e-05,-2.735890742260188e-07,28.0,28.0,14.0,6.0,6.0,6.0
1.9803747672010221,1.0,1.0637208099059979e-05,3.969273860102783e-05,0.3500434529559932,-0.00014770837097220023,0.3498429502841447,0.3500434529559932,-0.00014770837097220023,0.3498429502841447,0.35005266437219795,-0.0001477322922634359,0.34983763056277817,-0.3270815054522913,-1.4200108687030237,1.2360267639160156,-1.386092487965719,-1.5710986296283167,2.7379369735717773,0.0,5.752428114647046e-05,-0.0,4.793690095539205e-05,0.0,0.0,-0.3271623693184696,-1.4200547911884587,1.235970447124842,-1.3858607634696505,-1.5710196257165006,2.737960193745058,-4.900707794936533e-06,-7.665863621365314e-05,-0.00020805511220457724,0.0006482984715236806,4.7661865549794235e-05,-6.663438067813033e-05,-5.6366291979714185e-05,-8.03646044739034,-6.2694624810339326,-0.962767551489732,-6.520416354982228e-05,-2.735890742260188e-07,28.0,28.0,14.0,6.0,6.0,6.0
1.9843747672010221,1.0,1.4252080654744487e-05,6.97645282371284e-05,0.3500434529559932,-0.00014770837097220023,0.3498429502841447,0.3500434529559932,-0.00014770837097220023,0.3498429502841447,0.35005673324063846,-0.00015117469106531217,0.34983911095246556,-0.3270815054522913,-1.4199984709369105,1.2360148429870605,-1.3861168066607874,-1.5711224714862269,2.7379250526428223,0.0,5.752428114647046e-05,-0.0,4.793690095539205e-05,0.0,0.0,-0.32716240905976307,-1.4200550960524694,1.2359696150084205,-1.385858139023636,-1.5710193722869767,2.7379599218873665,-9.935323364412858e-06,-7.621600265901034e-05,-0.00020802910538985175,0.0006561115036529824,6.335738096290462e-05,-6.796442288773189e-05,-9.697589690312898e-05,-8.03669770004132,-6.26947225902357,-0.9627457010845131,-6.159779246417889e-05,-3.2259365880875516e-10,28.0,28.0,14.0,6.0,6.0,6.0
1.9888790812136148,1.0,1.4252080654744487e-05,6.97645282371284e-05,0.3500434529559932,-0.00014770837097220023,0.3498429502841447,0.3500434529559932,-0.00014770837097220023,0.3498429502841447,0.35005673324063846,-0.00015117469106531217,0.34983911095246556,-0.3270815054522913,-1.4199984709369105,1.2360148429870605,-1.3861168066607874,-1.5711224714862269,2.7379250526428223,0.0,5.752428114647046e-05,-0.0,4.793690095539205e-05,0.0,0.0,-0.32716246773121105,-1.4200553992521778,1.2359687829897845,-1.3858554852006206,-1.571019059842315,2.7379596450287162,-1.4667861999720606e-05,-7.57999271176461e-05,-0.0002080046589840098,0.0006634557538545261,7.81111654512284e-05,-6.921466256475735e-05,-9.697589690312898e-05,-8.03669770004132,-6.26947225902357,-0.9627457010845131,-6.159779246417889e-05,-3.2259365880875516e-10,28.0,28.0,14.0,6.0,6.0,6.0
1.9928790812136148,1.0,1.4786399068641946e-05,0.00012733757641332616,0.3500434529559932,-0.00014770837097220023,0.3498429502841447,0.3500434529559932,-0.00014770837097220023,0.3498429502841447,0.35004894248515817,-0.00015167407416606307,0.34985609470749235,-0.3270934263812464,-1.420046631489889,1.2360148429870605,-1.3861287275897425,-1.5711105505572718,2.7379491329193115,0.0,5.752428114647046e-05,-0.0,4.793690095539205e-05,0.0,0.0,-0.32716252903479764,-1.4200556250997094,1.2359678948784338,-1.3858527003342576,-1.5710187163391043,2.7379593049016697,-1.532589664491062e-05,-5.6461882869901576e-05,-0.00022202783767956075,0.0006962165907524297,8.58758026703048e-05,-8.503176162944387e-05,-0.00033777819447662995,-8.034310786941221,-6.268827843274177,-0.9626346415780238,-5.7938895908737476e-05,-8.265154935972955e-07,28.0,28.0,14.0,6.0,6.0,6.0
1.997210060233484,1.0,1.4786399068641946e-05,0.00012733757641332616,0.3500434529559932,-0.00014770837097220023,0.3498429502841447,0.3500434529559932,-0.00014770837097220023,0.3498429502841447,0.35004894248515817,-0.00015167407416606307,0.34985609470749235,-0.3270934263812464,-1.420046631489889,1.2360148429870605,-1.3861287275897425,-1.5711105505572718,2.7379491329193115,0.0,5.752428114647046e-05,-0.0,4.793690095539205e-05,0.0,0.0,-0.32716259281259447,-1.4200557782361944,1.2359669540399312,-1.3858497922871478,-1.5710183436408576,2.7379589053023308,-1.5944449211389232e-05,-3.828412127702171e-05,-0.00023520962565337864,0.000727011777436459,9.317456165623661e-05,-9.98998347502492e-05,-0.00033777819447662995,-8.034310786941221,-6.268827843274177,-0.9626346415780238,-5.7938895908737476e-05,-8.265154935972955e-07,28.0,28.0,14.0,6.0,6.0,6.0
