t,bf,pos_err,rot_err,pd_x,pd_y,pd_z,pd_ref_x,pd_ref_y,pd_ref_z,p_x,p_y,p_z,q0,q1,q2,q3,q4,q5,dq0,dq1,dq2,dq3,dq4,dq5,q_servo0,q_servo1,q_servo2,q_servo3,q_servo4,q_servo5,dq_des0,dq_des1,dq_des2,dq_des3,dq_des4,dq_des5,tau0,tau1,tau2,tau3,tau4,tau5,tau_lim0,tau_lim1,tau_lim2,tau_lim3,tau_lim4,tau_lim5
0.0,0.0,0.029948587593946797,0.07659714268455736,-0.3499479533633362,0.00010225095925725289,0.22383407328270988,-0.32,0.0,0.224,-0.349947953384862,0.00010225094092868374,0.22383407328269492,-0.327,-1.42,1.236,-1.386,-1.571,2.738,0.0,0.0,0.0,0.0,0.0,0.0,-0.327,-1.42,1.236,-1.386,-1.571,2.738,nan,nan,nan,nan,nan,nan,-1.1102230246251565e-16,-8.035536941824033,-6.268913060153579,-0.9627064734401508,-4.3287439289567146e-05,0.0,28.0,28.0,14.0,6.0,6.0,6.0
0.004,0.008,0.02994810109647757,0.07659640735435456,-0.3497083721940274,0.0001029689489617562,0.2238354006964482,-0.3200003071997379,0.00019199967232016776,0.224,-0.3499478143067726,0.00010229744702315955,0.22383407571086741,-0.327,-1.4199999999999977,1.235999999999986,-1.385999999999929,-1.571,2.738,6.6991474189788666e-15,9.265671787551412e-13,-5.55877843417214e-12,2.8290752693065866e-11,-1.4054888426810893e-14,1.1517567012583367e-14,-0.327,-1.4199999999999977,1.235999999999986,-1.385999999999929,-1.571,2.738,nan,nan,nan,nan,nan,nan,-0.0020181487792859964,-8.05959845803041,-6.270927414702225,-0.9623240446785933,-0.00036390731711045395,2.1960666219616915e-05,28.0,28.0,14.0,6.0,6.0,6.0
0.008,0.016,0.029947730109382092,0.07659303610774507,-0.3494688057702557,0.00010675890196618274,0.2238367281101865,-0.3200012287958057,0.0003839973785653687,0.224,-0.34994717639640954,0.00010251254594467624,0.22383408648251,-0.3270004482113877,-1.4200010551084985,1.236001225044088,-1.3860001823141215,-1.5709999966427777,2.738000777269849,-0.00017929355045656343,-0.00042206820739968927,0.0004900559154923767,-7.296008686146238e-05,1.3600489389416014e-06,0.00031089893978147464,-0.3270004482113877,-1.4200010551084985,1.236001225044088,-1.3860001823141215,-1.5709999966427777,2.738000777269849,nan,nan,nan,nan,nan,nan,-0.0041296790298815875,-8.081586754860332,-6.272738636410218,-0.9619683348418253,-0.0006650307329240246,4.2120549596828026e-05,28.0,28.0,14.0,6.0,6.0,6.0
0.012,0.024,0.029947138918580574,0.0765852865540741,-0.3492292688373065,0.00011362072389941727,0.22383805552392483,-0.32000276477876644,0.0005759911526807685,0.224,-0.3499457088867105,0.00010301326150264141,0.2238341100613125,-0.327002034605116,-1.420004769959108,1.2360055412320474,-1.3860008275179037,-1.5709999846017628,2.7380035021185902,-0.0005270169306640432,-0.0012327965480997557,0.0014325910502047572,-0.0002144396771190702,4.067795588091263e-06,0.0009033645463028884,-0.327002034605116,-1.420004769959108,1.2360055412320474,-1.3860008275179037,-1.5709999846017628,2.7380035021185902,nan,nan,nan,nan,nan,nan,-0.0063239617863786275,-8.101608610388539,-6.27435996986835,-0.9616378166315412,-0.0009477033867691972,6.055703217610912e-05,28.0,28.0,14.0,6.0,6.0,6.0
0.016,0.032,0.02994601641409171,0.07657156760924441,-0.34898977613996196,0.00012355425747787832,0.22383938293766317,-0.32000491513289153,0.0007679790286517981,0.224,-0.34994310825426583,0.00010391176306858479,0.2238341495639817,-0.3270054071528345,-1.4200126204995565,1.2360146698196173,-1.3860021989383706,-1.5709999586212677,2.738009230388793,-0.0010328876444799385,-0.0024007516674209627,0.0027922071868244514,-0.00042019782531609994,8.099830660137566e-06,0.0017492106010876239,-0.3270054071528345,-1.4200126204995565,1.2360146698196173,-1.3860021989383706,-1.5709999586212677,2.738009230388793,nan,nan,nan,nan,nan,nan,-0.00859092602448421,-8.119765349707226,-6.275803789149944,-0.96133102514566,-0.0012129148273834697,7.734691360059063e-05,28.0,28.0,14.0,6.0,6.0,6.0
0.02,0.04,0.029944074715433963,0.07655043266543028,-0.34875034242224917,0.00013655928250793417,0.22384071035140146,-0.3200076798361614,0.0009599590405242849,0.224,-0.34993909657047156,0.00010531556280958753,0.2238342068561448,-0.32701117408037833,-1.4200259616240074,1.2360301956362665,-1.3860045434277992,-1.5709999135577557,2.738018908079676,-0.0016871758469250567,-0.003896368539623859,0.004535566665010223,-0.0006861836651489956,1.3422987575097891e-05,0.002821412513369807,-0.32701117408037833,-1.4200259616240074,1.2360301956362665,-1.3860045434277992,-1.5709999135577557,2.738018908079676,nan,nan,nan,nan,nan,nan,-0.010921064918470572,-8.136153149915929,-6.277081682010137,-0.9610465606701849,-0.0014616019255186726,9.256621143898255e-05,28.0,28.0,14.0,6.0,6.0,6.0
0.024,0.048,0.029941047865996055,0.07652057283643027,-0.3485109824271888,0.00015263551588928483,0.2238420377651398,-0.32001105886026554,0.001151929222424585,0.224,-0.3499334199425066,0.00010732770283484777,0.22383428264085004,-0.3270199060102662,-1.4200460343935741,1.2360535750469777,-1.3860080920999436,-1.570999844416092,2.738033376018087,-0.002480677101886678,-0.005691849572288295,0.006631280725081395,-0.0010085272976305092,1.9995568027469693e-05,0.004094117105181557,-0.3270199060102662,-1.4200460343935741,1.2360535750469777,-1.3860080920999436,-1.570999844416092,2.738033376018087,nan,nan,nan,nan,nan,nan,-0.01330543536282342,-8.150863324010691,-6.278204522852522,-0.9607830902229739,-0.0016946520623908263,0.000106289979710822,28.0,28.0,14.0,6.0,6.0,6.0
0.028,0.056,0.029936690592564864,0.07648081029478024,-0.3482717108965431,0.00017178261161931063,0.22384336517887812,-0.3200150521706028,0.001343887608579713,0.224,-0.3499258470395562,0.00011004693324883114,0.2238343765407622,-0.3270321379983684,-1.4200739728663525,1.236086143482523,-1.3860130610315866,-1.5709997463810703,2.7380533745553457,-0.0034046864041858502,-0.007761068936968427,0.009049803837640626,-0.0013835312927262336,2.7768493006800266e-05,0.005542647081295062,-0.3270321379983684,-1.4200739728663525,1.236086143482523,-1.3860130610315866,-1.5709997463810703,2.7380533745553457,nan,nan,nan,nan,nan,nan,-0.015735651984649185,-8.163982585564566,-6.279182536020837,-0.960539348072224,-0.0019129060628809416,0.00011859214475702114,28.0,28.0,14.0,6.0,6.0,6.0
0.032,0.064,0.029930777126536356,0.07643009171400586,-0.34803254257056465,0.00019400016079838692,0.2238446925926164,-0.32001965972628166,0.0015358322333374724,0.224,-0.34991616769992195,0.0001135678819611159,0.2238344871749431,-0.32704837146965204,-1.4201108105572184,1.2361291225613529,-1.3860196519315875,-1.5709996148445158,2.7380795482698295,-0.0044509734039323255,-0.01007948186292628,0.01176333370686416,-0.0018076627431168786,3.66863802688979e-05,0.007143500633269464,-0.32704837146965204,-1.4201108105572184,1.2361291225613529,-1.3860196519315875,-1.5709996148445158,2.7380795482698295,nan,nan,nan,nan,nan,nan,-0.018203876701137576,-8.175593295896565,-6.280025350772207,-0.9603141354211164,-0.0021171608997742866,0.00012954535761603429,28.0,28.0,14.0,6.0,6.0,6.0
0.036000000000000004,0.07200000000000001,0.029923100083617076,0.07636748182949434,-0.34779349218774464,0.00021928769163616466,0.22384602000635476,-0.32002488148012076,0.001727761131186583,0.224,-0.3499041916148584,0.00011798121698091546,0.22383461223096127,-0.3270690760576702,-1.4201574865466102,1.2361836268250523,-1.3860280527795406,-1.5709994454282485,2.738112450656882,-0.0056117587753142266,-0.012624038644040103,0.014745716652972021,-0.0022775458362909937,4.668854962893407e-05,0.00887434660388367,-0.3270690760576702,-1.4201574865466102,1.2361836268250523,-1.3860280527795406,-1.5709994454282485,2.738112450656882,nan,nan,nan,nan,nan,nan,-0.02070280472777991,-8.1857736952421,-6.280742049109354,-0.9601063194225592,-0.0023081721923090387,0.0001392208620806963,28.0,28.0,14.0,6.0,6.0,6.0
0.04,0.08,0.029913469399080753,0.07629215712857504,-0.34755457448456123,0.0002476446694588172,0.2238473474200931,-0.32003071737864947,0.001919672336776807,0.224,-0.34988974708518333,0.00012337380181702274,0.22383474853292665,-0.32709469135224045,-1.420214851256556,1.236250670108155,-1.3860384384360185,-1.5709992340031949,2.738152548789308,-0.006879691675724653,-0.015373103120779868,0.017972358091618415,-0.0027899549110295954,5.770995776281171e-05,0.010714015616066623,-0.32709469135224045,-1.420214851256556,1.236250670108155,-1.3860384384360185,-1.5709992340031949,2.738152548789308,nan,nan,nan,nan,nan,nan,-0.023225647811321377,-8.194598119286178,-6.281341207493542,-0.959914831663883,-0.0024866565197014367,0.00014768837762448782,28.0,28.0,14.0,6.0,6.0,6.0
0.044,0.088,0.029901711315855447,0.07620339968031374,-0.3473158041952281,0.00027907049671725345,0.22384867483383142,-0.3200371673621082,0.002111563884939077,0.224,-0.34987267984689085,0.00012982884451283005,0.22383489210593632,-0.3271256285595504,-1.4202836719112732,1.2363311715620258,-1.3860509712262479,-1.570998976704923,2.7382002279332576,-0.008247828244513292,-0.018306375410559236,0.02142013784027976,-0.003341807964721288,6.968206444644608e-05,0.01264248754894497,-0.3271256285595504,-1.4202836719112732,1.2363311715620258,-1.3860509712262479,-1.570998976704923,2.7382002279332576,nan,nan,nan,nan,nan,nan,-0.025766115348465308,-8.202137202276116,-6.281830933322812,-0.9597386662405276,-0.0026532935679511134,0.00015501599640320657,28.0,28.0,14.0,6.0,6.0,6.0
0.048,0.096,0.029887667422906442,0.07610059111338817,-0.34707719605144305,0.0003135645129962958,0.22385000224756973,-0.3200442313644492,0.0023034338107056165,0.224,-0.34985285196218424,0.0001374260407739808,0.2238350382373236,-0.32716227207873105,-1.4203646376987984,1.2364259613514599,-1.3860658014989262,-1.5709986699458713,2.738255796105795,-0.00970961109368608,-0.02140481867065553,0.025067329993852885,-0.003930160578682974,8.253363235992106e-05,0.014640875722868946,-0.32716227207873105,-1.4203646376987984,1.2364259613514599,-1.3860658014989262,-1.5709986699458713,2.738255796105795,nan,nan,nan,nan,nan,nan,-0.02831839395219843,-8.208458067805163,-6.2822188969391615,-0.9595768775193977,-0.0028087281261592804,0.00016127009355895578,28.0,28.0,14.0,6.0,6.0,6.0
0.052000000000000005,0.10400000000000001,0.02987119374154837,0.07598320674991438,-0.34683876478213627,0.0003511259950248251,0.22385132966130808,-0.3200519093133371,0.0024952801493300625,0.224,-0.3498301407725199,0.00014624171157366089,0.22383518153502177,-0.3272049809987546,-1.4204583646492566,1.2365357860416606,-1.3860830681617662,-1.5709983104245275,2.73831948856184,-0.011258849745620188,-0.024650589688328787,0.028893527123680852,-0.004552200229731064,9.619146274652323e-05,0.01669140813527789,-0.3272049809987546,-1.4204583646492566,1.2365357860416606,-1.3860830681617662,-1.5709983104245275,2.73831948856184,nan,nan,nan,nan,nan,nan,-0.030877125940823768,-8.21362450824925,-6.282512359824008,-0.9594285776768334,-0.002953571946746368,0.00016651525006596764,28.0,28.0,14.0,6.0,6.0,6.0
0.056,0.112,0.029852159857454246,0.07585080990151384,-0.3466005251132193,0.0003917541566868898,0.22385265707504637,-0.3200602011301498,0.0026871009363075827,0.224,-0.3498044379104141,0.00015634893557410327,0.223835315983289,-0.3272540905193421,-1.4205654002445935,1.2366613136922884,-1.3861028991952302,-1.5709978951318118,2.7383914721994893,-0.01288970197534677,-0.02802697310277463,0.03287956856597093,-0.005205240957515078,0.00011058106934062994,0.01877740606980682,-0.3272540905193421,-1.4205654002445935,1.2366613136922884,-1.3861028991952302,-1.5709978951318118,2.7383914721994893,nan,nan,nan,nan,nan,nan,-0.03343738714982846,-8.217697153740495,-6.282718199548969,-0.9592929340823084,-0.003088405482367685,0.00017081418738220007,28.0,28.0,14.0,6.0,6.0,6.0
0.06,0.12,0.02983044809626677,0.07570304633339317,-0.34636249176733336,0.000435448149033782,0.22385398448878469,-0.3200691067299792,0.0028788942073949956,0.224,-0.34977564836693115,0.00016781767664913232,0.22383543499599265,-0.32730991329939796,-1.4206862277738308,1.2368031386743847,-1.3861254121457969,-1.5709974213549025,2.7384718498739695,-0.014596656017222851,-0.03151831907313892,0.037007472577080154,-0.0058867183586001695,0.00012562729305727835,0.020883260382336195,-0.32730991329939796,-1.4206862277738308,1.2368031386743847,-1.3861254121457969,-1.5709974213549025,2.7384718498739695,nan,nan,nan,nan,nan,nan,-0.03599466440226119,-8.220733631469109,-6.282842931968483,-0.9591691665871392,-0.0032137795108245913,0.00017422771318924236,28.0,28.0,14.0,6.0,6.0,6.0
0.064,0.128,0.029805952740825738,0.07553963890044008,-0.346124679463598,0.0004822070602970772,0.223855311902523,-0.32007862602163195,0.0030706579986308803,0.224,-0.34974368961192154,0.00018071490675804712,0.22383553146760296,-0.3273727407363359,-1.4208212704471845,1.2369617862250994,-1.3861507145999963,-1.570996886678736,2.7385606646116396,-0.016374513597873012,-0.035109984215925656,0.04126037214423959,-0.006594184879842864,0.00014125486002229058,0.022994405749614102,-0.3273727407363359,-1.4208212704471845,1.2369617862250994,-1.3861507145999963,-1.570996886678736,2.7385606646116396,nan,nan,nan,nan,nan,nan,-0.038544832915313784,-8.222788716033259,-6.2828927310715335,-0.959056544767135,-0.0033302166580607543,0.0001768146775237909,28.0,28.0,14.0,6.0,6.0,6.0
0.068,0.136,0.029778579288125225,0.07536038235948675,-0.3458871029173602,0.0005320299159026407,0.22385663931626132,-0.32008875890763067,0.003262390346355692,0.224,-0.3497084907642209,0.00019510472438812287,0.22383559782201637,-0.32744284417951147,-1.4209708952817066,1.2371377167543374,-1.3861789046403374,-1.5709962889854014,2.738657903716568,-0.018218373759183122,-0.03878827564391903,0.04562245425114369,-0.007325305385258341,0.0001573888855481735,0.025097293148625126,-0.32744284417951147,-1.4209708952817066,1.2371377167543374,-1.3861789046403374,-1.5709962889854014,2.738657903716568,nan,nan,nan,nan,nan,nan,-0.04108413387324715,-8.223914471482136,-6.282873446848812,-0.9589543851593929,-0.00343821282816776,0.00017863193862430486,28.0,28.0,14.0,6.0,6.0,6.0
0.07200000000000001,0.14400000000000002,0.029748243744210038,0.07516513836005087,-0.34564977683994264,0.0005849156784855969,0.22385796672999966,-0.32009950528421466,0.0034540892872318638,0.224,-0.34966999180916447,0.00021104846875421814,0.22383562605930069,-0.3275204760808362,-1.4211354167704517,1.237331329916667,-1.3862100712841627,-1.570995626451637,2.7387635027632324,-0.02012361743687179,-0.042540397947058495,0.0500789024082139,-0.008077852972260208,0.00017395532669421695,0.027179360818039254,-0.3275204760808362,-1.4211354167704517,1.237331329916667,-1.3862100712841627,-1.570995626451637,2.7387635027632324,nan,nan,nan,nan,nan,nan,-0.043609152353497355,-8.2241603856378,-6.282790621478492,-0.9588620485256754,-0.0035382385483520543,0.00017973433784096568,28.0,28.0,14.0,6.0,6.0,6.0
0.076,0.152,0.02971487195530096,0.07495383061581577,-0.3454127159383929,0.0006408632479062657,0.22385929414373795,-0.3201108650413411,0.003645752858263916,0.224,-0.3496281428609007,0.0002286048299238542,0.22383560780043385,-0.32760587108551353,-1.4213151003465596,1.2375429684610915,-1.3862442949063614,-1.5709948975446315,2.7388773494698517,-0.022085892761779396,-0.046354402963687404,0.054615842267406005,-0.0088497050148471,0.00019088138604854516,0.029229003936909675,-0.32760587108551353,-1.4213151003465596,1.2375429684610915,-1.3862442949063614,-1.5709948975446315,2.7388773494698517,nan,nan,nan,nan,nan,nan,-0.04611679575667068,-8.223573497226631,-6.282649504088992,-0.958778937168473,-0.0036307402359372198,0.0001801746829766293,28.0,28.0,14.0,6.0,6.0,6.0
0.08,0.16,0.02967839897351845,0.07472644025782581,-0.34517593491523213,0.0006998714612670616,0.2238606215574763,-0.3201228380626862,0.003837379096818557,0.224,-0.349582903467117,0.00024782995501512403,0.22383553433009062,-0.32769924706571046,-1.4215101656530544,1.237772921870594,-1.3862816476468,-1.5709941010163178,2.738999287447781,-0.024101101052513323,-0.05021914219819451,0.059220290151050126,-0.009638839412985665,0.00020809586936107946,0.031235543240173386,-0.32769924706571046,-1.4215101656530544,1.237772921870594,-1.3862816476468,-1.5709941010163178,2.738999287447781,nan,nan,nan,nan,nan,nan,-0.0486042728593645,-8.22219851630245,-6.282455064316575,-0.9587044923200717,-0.0037161413936961213,0.00018000373944910324,28.0,28.0,14.0,6.0,6.0,6.0
0.084,0.168,0.029638768455639977,0.07448300137022498,-0.34493944846820423,0.0007619390929303572,0.2238619489712146,-0.32013542422564634,0.0040289660406447785,0.224,-0.3495342419539066,0.00026877755060449537,0.2238353966375237,-0.32780080609985524,-1.4217207896286008,1.2380214298027068,-1.3863221938032393,-1.5709932358963339,2.739129119823212,-0.026165383469489403,-0.05412422174834041,0.06388010433349145,-0.010443331029098234,0.00022552949964661616,0.03318919277550021,-0.32780080609985524,-1.4217207896286008,1.2380214298027068,-1.3863221938032393,-1.5709932358963339,2.739129119823212,nan,nan,nan,nan,nan,nan,-0.0510690735822759,-8.220077938398923,-6.282212004842661,-0.9586381916205016,-0.003794843739143806,0.00017927022869107255,28.0,28.0,14.0,6.0,6.0,6.0
0.088,0.176,0.029595932093401302,0.07422359670810677,-0.34470327129002476,0.0008270648545373113,0.22386327638495296,-0.3201486234013393,0.004220511727893949,0.224,-0.34948213480862805,0.0002914989814615681,0.2238351854555736,-0.32791073540013516,-1.4219471094189335,1.2382886853417296,-1.3863659902104437,-1.5709923014838247,2.7392666127282363,-0.028275108301711017,-0.05805995961244821,0.06858393892308284,-0.011261348294139724,0.0002431151903219273,0.03508102699170455,-0.32791073540013516,-1.4219471094189335,1.2382886853417296,-1.3863659902104437,-1.5709923014838247,2.7392666127282363,nan,nan,nan,nan,nan,nan,-0.053508949543049175,-8.217252152809614,-6.281924773065196,-0.9585795466959712,-0.0038672282727953457,0.00017802083321962698,28.0,28.0,14.0,6.0,6.0,6.0
0.092,0.184,0.029549849073903196,0.07394835359737298,-0.3444674180681298,0.0008952473950276609,0.22386460379869128,-0.32016243545460565,0.004412014197139906,0.224,-0.349426566098709,0.0003160433657276138,0.22383489129783737,-0.328029208190658,-1.422189225123169,1.2385748380726391,-1.386413086606117,-1.5709912973382378,2.7394114986590186,-0.030426858858857878,-0.062017345253222805,0.07332120020052699,-0.012091149967293694,0.0002607882799178467,0.03690294733502425,-0.328029208190658,-1.422189225123169,1.2385748380726391,-1.386413086606117,-1.5709912973382378,2.7394114986590186,nan,nan,nan,nan,nan,nan,-0.055921895442588916,-8.213759545363637,-6.281597572034506,-0.9585281008461952,-0.0039336562898959985,0.00017630020783986874,28.0,28.0,14.0,6.0,6.0,6.0
0.096,0.192,0.029500485568757066,0.07365744001449694,-0.3442319034844256,0.0009664853006604754,0.2238659312124296,-0.32017686024401004,0.0046034714873990365,0.224,-0.3493675269244615,0.0003424576666367753,0.22383450449402365,-0.3281563845386323,-1.4224472023837325,1.238879996986172,-1.3864635259842422,-1.5709902232692634,2.739563479699538,-0.032617421942413745,-0.06598800130126861,0.0780820052776266,-0.012931082034789166,0.00027848673084432374,0.038647648516459326,-0.3281563845386323,-1.4224472023837325,1.238879996986172,-1.3864635259842422,-1.5709902232692634,2.739563479699538,nan,nan,nan,nan,nan,nan,-0.058306131318879725,-8.209636596027456,-6.2812343707613385,-0.9584834268461285,-0.003994470339635213,0.0001741509964596524,28.0,28.0,14.0,6.0,6.0,6.0
0.1,0.2,0.029447814250643082,0.07335106084574489,-0.3439967422150375,0.001040777095035875,0.2238672586261679,-0.32019189762184286,0.004794881638150362,0.224,-0.3493050149040621,0.0003707867808828928,0.22383401522352062,-0.3282924121408193,-1.4227210748281838,1.239204233224038,-1.3865173449363464,-1.5709890793260557,2.739722230609946,-0.034843776870653216,-0.06996414728730176,0.08285714294809758,-0.013779574734713133,0.0002961512946314973,0.0403085846005993,-0.3282924121408193,-1.4227210748281838,1.239204233224038,-1.3865173449363464,-1.5709890793260557,2.739722230609946,nan,nan,nan,nan,nan,nan,-0.060660085686286114,-8.204917971642804,-6.280838913987238,-0.9584451248652659,-0.004049995135473264,0.00017161385402247645,28.0,28.0,14.0,6.0,6.0,6.0
0.10400000000000001,0.20800000000000002,0.029391813836023746,0.07302945432256108,-0.3437619489300595,0.0011181212391177114,0.22386858603990623,-0.3202075474341214,0.00498624268935561,0.224,-0.34923903368895765,0.0004010736237186872,0.22383341354719977,-0.32843742706741336,-1.4230108463707887,1.2395475826727345,-1.3865745739811628,-1.570987865785864,2.7398874017791757,-0.0371030850333469,-0.07393856529778044,0.0876380366094121,-0.014635139696018467,0.0003137256460009846,0.041879935054324996,-0.32843742706741336,-1.4230108463707887,1.2395475826727345,-1.3865745739811628,-1.570987865785864,2.7398874017791757,nan,nan,nan,nan,nan,nan,-0.06298237956839606,-8.199636614079816,-6.280414731491106,-0.9584128205057753,-0.004100538419819395,0.00016872747308501368,28.0,28.0,14.0,6.0,6.0,6.0
0.108,0.216,0.029332468652796338,0.07269288863142909,-0.34352753829330335,0.0011985161312572132,0.22386991345364457,-0.3202238095205917,0.005177552681479291,0.224,-0.3491695925080407,0.00043335921088189915,0.22383268943748302,-0.32859155446540994,-1.4233164933812825,1.2399100484139471,-1.3866352378831228,-1.5709865831421936,2.740058622041963,-0.03939267995302517,-0.07790456745404312,0.09241670914148536,-0.015496367181155333,0.0003311564880592415,0.043356570882219274,-0.32859155446540994,-1.4233164933812825,1.2399100484139471,-1.3866352378831228,-1.5709865831421936,2.740058622041963,nan,nan,nan,nan,nan,nan,-0.06527181142136654,-8.193823824067819,-6.279965146993044,-0.9583861629590809,-0.004146391786012723,0.00016552861458804681,28.0,28.0,14.0,6.0,6.0,6.0
0.112,0.224,0.029269768231717907,0.0723416586949092,-0.34329352496204846,0.0012819601072175894,0.22387124086738286,-0.3202406837147302,0.005368809655508755,0.224,-0.34909670573902263,0.00046768273742868693,0.2238318328066968,-0.3287549092234331,-1.423637966727881,1.2402916030391096,-1.3866993559600622,-1.5709852320926045,2.7402355013609077,-0.04171005783058302,-0.08185596512021714,0.0971857496345824,-0.01636192342288476,0.0003483936308195477,0.044734020964506606,-0.3287549092234331,-1.423637966727881,1.2402916030391096,-1.3866993559600622,-1.5709852320926045,2.7402355013609077,nan,nan,nan,nan,nan,nan,-0.06752734293704923,-8.187509340943913,-6.279493286704776,-0.958364823279226,-0.004187831460256719,0.00016205214239114595,28.0,28.0,14.0,6.0,6.0,6.0
0.116,0.232,0.029203706920490617,0.07197608312084078,-0.34305992358679105,0.0013684514401995987,0.22387256828112118,-0.3202581698437452,0.00556001165297426,0.224,-0.34902039250552247,0.0005040816535621626,0.22383083353374966,-0.3289275965999064,-1.4239751937012284,1.24069219083525,-1.3867669423805031,-1.5709838135262542,2.740417633374654,-0.04405286855390286,-0.08578703975005346,0.10193828186502192,-0.017230548046926517,0.00036539004518495484,0.04600843870285681,-0.3289275965999064,-1.4239751937012284,1.24069219083525,-1.3867669423805031,-1.5709838135262542,2.740417633374654,nan,nan,nan,nan,nan,nan,-0.06974808571042347,-8.180721418537786,-6.279002087567269,-0.9583484927705598,-0.004225119045899024,0.00015833106116583056,28.0,28.0,14.0,6.0,6.0,6.0
0.12,0.24,0.029134283519430593,0.07159650131613765,-0.34282674881099445,0.0014579883408680776,0.22387389569485952,-0.3202762677285791,0.005751156715969022,0.224,-0.3489406762984564,0.0005425917375345264,0.22382968148915566,-0.32910971281636764,-1.4243280798256264,1.2411117298488843,-1.386838006450827,-1.5709823285112714,2.7406045978136624,-0.04641890714902119,-0.08969251528740892,0.10666793442298227,-0.01810105157301958,0.0003821018944481137,0.04717656906949183,-0.32910971281636764,-1.4243280798256264,1.2411117298488843,-1.386838006450827,-1.5709823285112714,2.7406045978136624,nan,nan,nan,nan,nan,nan,-0.07193328874627736,-8.173486897407336,-6.278494305206948,-0.9583368814858856,-0.004258502232280369,0.00015439655725766897,28.0,28.0,14.0,6.0,6.0,6.0
0.124,0.248,0.029061500937696643,0.07120327076150079,-0.3425940152708384,0.0015505689573794327,0.2238752231085978,-0.32029497718390953,0.005942242887169268,0.224,-0.3488575846203956,0.0005832471657050036,0.2238283665584445,-0.3293013456176491,-1.4246965105635543,1.2415501138343352,-1.3869125528926447,-1.5709807782820517,2.7407959627853944,-0.048806105654201855,-0.09356753203966246,0.11136881240246624,-0.018972312987963133,0.000398488545276335,0.04823571614550356,-0.3293013456176491,-1.4246965105635543,1.2415501138343352,-1.3869125528926447,-1.5709807782820517,2.7407959627853944,nan,nan,nan,nan,nan,nan,-0.07408232678169265,-8.165831273608845,-6.277972521636975,-0.9583297168314157,-0.004288215470127111,0.0001502780421563762,28.0,28.0,14.0,6.0,6.0,6.0
0.128,0.256,0.02898536586909056,0.07079676444306678,-0.342361737594969,0.00164619137541009,0.22387655052233615,-0.32031429801815187,0.006133268209854273,0.224,-0.34877114865162456,0.0006260805798308411,0.22382687866399148,-0.3295025748005668,-1.4250803529191793,1.2420072140925147,-1.38699058211063,-1.5709791642265498,2.7409912869310635,-0.05121252539804795,-0.09740762194738294,0.11603547056845898,-0.019843277384934816,0.0004145125600559661,0.04918371122546358,-0.3295025748005668,-1.4250803529191793,1.2420072140925147,-1.38699058211063,-1.5709791642265498,2.7409912869310635,nan,nan,nan,nan,nan,nan,-0.07619468939270614,-8.157778764187206,-6.277439152723479,-0.9583267422737655,-0.00431448061532238,0.0001460031982245182,28.0,28.0,14.0,6.0,6.0,6.0
0.132,0.264,0.028905888486487164,0.07037736843684163,-0.3421299304042491,0.0017448536181859085,0.22387787793607447,-0.32033423003346095,0.0063242307279264024,0.224,-0.34868140293670136,0.0006711231516717871,0.223825207785308,-0.3297134727126908,-1.4254794569462654,1.242482881205875,-1.3870720904510716,-1.5709774878736387,2.7411901214563907,-0.05363634966355252,-0.1012086851776593,0.12066288792139657,-0.020712953664209537,0.0004301396724041942,0.05001888155683872,-0.3297134727126908,-1.4254794569462654,1.242482881205875,-1.3870720904510716,-1.5709774878736387,2.7411901214563907,nan,nan,nan,nan,nan,nan,-0.07826997085430734,-8.14935236955008,-6.276896455432172,-0.9583277161441756,-0.0043375075427417205,0.00014159802636276196,28.0,28.0,14.0,6.0,6.0,6.0
0.136,0.272,0.028823082153988388,0.06994547964161371,-0.3418986083115082,0.00184655364651255,0.2238792053498128,-0.3203547730257332,0.006515128485931139,0.224,-0.3485883850903838,0.0007184046449836202,0.2238233439778312,-0.32993410472269524,-1.4258936571655945,1.2429769466749312,-1.387157070451377,-1.5709757508806006,2.7413920120390514,-0.05607587672070922,-0.10496696797222814,0.1252464435836332,-0.021580412291036855,0.00044533874755082353,0.05074001977481711,-0.32993410472269524,-1.4258936571655945,1.2429769466749312,-1.387157070451377,-1.5709757508806006,2.7413920120390514,nan,nan,nan,nan,nan,nan,-0.08030786071999434,-8.140573932883937,-6.276346534867771,-0.958332410534976,-0.004357494731693707,0.00013708689530503613,28.0,28.0,14.0,6.0,6.0,6.0
0.14,0.28,0.028736963155936192,0.06950150365592052,-0.34166778592129243,0.0019512893588068136,0.22388053276355113,-0.3203759267846084,0.006705959529077112,0.224,-0.3484921355218458,0.0007679534749797396,0.22382127739026156,-0.3301645296637222,-1.4263227738967628,1.2434892244614653,-1.3872455110807496,-1.5709739550208057,2.741596500615729,-0.05852951321100415,-0.10867904168513137,0.12978189393697673,-0.02244478310707982,0.00046008172921617235,0.05134635408560372,-0.3301645296637222,-1.4263227738967628,1.2434892244614653,-1.3872455110807496,-1.5709739550208057,2.741596500615729,nan,nan,nan,nan,nan,nan,-0.08230813508620431,-8.131464196759278,-6.27579135111502,-0.9583406102830375,-0.004374629824405687,0.0001324925922567707,28.0,28.0,14.0,6.0,6.0,6.0
0.14400000000000002,0.28800000000000003,0.028647550441954415,0.06904585279450315,-0.34143747782961537,0.0020590585911289217,0.22388186017728945,-0.3203976910934723,0.006896721903256103,0.224,-0.34839269717616395,0.0008197967653335236,0.22381899828048787,-0.33040480025112573,-1.426766614508953,1.244019512443247,-1.3873373979722412,-1.5709721021716272,2.7418031270518877,-0.06099576786778588,-0.1123417829480512,0.13426535094449502,-0.02330525319234496,0.00047434357451822857,0.05183751924416647,-0.33040480025112573,-1.426766614508953,1.244019512443247,-1.3873373979722412,-1.5709721021716272,2.7418031270518877,nan,nan,nan,nan,nan,nan,-0.08427064850643134,-8.122042857063576,-6.2752327258885465,-0.9583521120351131,-0.004389090158869648,0.00012783637460758726,28.0,28.0,14.0,6.0,6.0,6.0
0.148,0.296,0.028554865387226697,0.06857894423954075,-0.3412076986237084,0.002169859117215774,0.22388318759102774,-0.3204200657294587,0.007087413655063069,0.224,-0.3482901152921106,0.0008739604028031855,0.2238164970301518,-0.3306549634759011,-1.4272249745950445,1.2445675937848533,-1.387432713646379,-1.5709701943026397,2.7420114306975356,-0.06347324555715708,-0.11595235490469345,0.1386932615936555,-0.02416106477504388,0.0004881021783637497,0.05221352836577177,-0.3306549634759011,-1.4272249745950445,1.2445675937848533,-1.387432713646379,-1.5709701943026397,2.7420114306975356,nan,nan,nan,nan,nan,nan,-0.08619532652041018,-8.112328614389478,-6.27467234899577,-0.9583667233898449,-0.004401043277286904,0.0001231380224683835,28.0,28.0,14.0,6.0,6.0,6.0
0.152,0.304,0.028458931567254864,0.06810119832209403,-0.34097846288177114,0.0022836886485151538,0.22388451500476608,-0.32044305046345134,0.007278032831816137,0.224,-0.3481844371753418,0.000930469089547803,0.22381376415789953,-0.3309150609750449,-1.4276976390731997,1.2451332382289184,-1.387531437726552,-1.5709682334641413,2.7422209518324,-0.06596064162465393,-0.11950818945862358,0.14306238840148228,-0.025011513187251058,0.0005013382886858366,0.05247474560444297,-0.3309150609750449,-1.4276976390731997,1.2451332382289184,-1.387531437726552,-1.5709682334641413,2.7422209518324,nan,nan,nan,nan,nan,nan,-0.08808215876248782,-8.10233922300438,-6.274111784616954,-0.958384262111358,-0.004410647411264911,0.00011841589179826338,28.0,28.0,14.0,6.0,6.0,6.0
0.156,0.312,0.028359774546366855,0.0676130369288214,-0.34074978517272236,0.0024005448342208913,0.2238858424185044,-0.3204666450600868,0.007468577481576606,0.224,-0.3480757119861103,0.0009893463932135974,0.2238107903313697,-0.33118512938003347,-1.4281843832198504,1.2457162033119291,-1.3876335471463328,-1.5709662217760254,2.7424312330040514,-0.06845673653358757,-0.12300697048190971,0.14736979092588415,-0.025855944864612956,0.0005140354138138932,0.052621859725633324,-0.33118512938003347,-1.4281843832198504,1.2457162033119291,-1.3876335471463328,-1.5709662217760254,2.7424312330040514,nan,nan,nan,nan,nan,nan,-0.08993119261526202,-8.092091537514902,-6.273552477404688,-0.9584045554095374,-0.0044180519448441535,0.00011368696790431049,28.0,28.0,14.0,6.0,6.0,6.0
0.16,0.32,0.02825742167928871,0.06711488202939463,-0.34052168005595074,0.0025204252613089877,0.22388716983224272,-0.3204908492777567,0.007659045653168924,0.224,-0.34796399054069244,0.0010506147948618739,0.2238075663779715,-0.3314652006445521,-1.4286849736378004,1.2463162355084527,-1.387739016348912,-1.5709641614170413,2.7426418202626,-0.07096039078149839,-0.12644661793464387,0.1516128082304845,-0.026693755388697653,0.0005261797231701709,0.05265585859498275,-0.3314652006445521,-1.4286849736378004,1.2463162355084527,-1.387739016348912,-1.5709641614170413,2.7426418202626,nan,nan,nan,nan,nan,nan,-0.09174252737460245,-8.08160155733578,-6.272995758404151,-0.958427439282107,-0.0044233978563561396,0.00010896691911475115,28.0,28.0,14.0,6.0,6.0,6.0
0.164,0.328,0.028151901925114763,0.06660715431964918,-0.34029416208106594,0.002643327454574697,0.22388849724598103,-0.32051566286860994,0.00784943539620068,0.224,-0.34784932512574984,0.0011142957348133102,0.22380408329450316,-0.33175530235255557,-1.4291991691629673,1.2469330713074884,-1.3878478174788078,-1.5709620546144591,2.7428522642956845,-0.07347054008173445,-0.12982527284802897,0.1557890422533228,-0.027524387570862282,0.0005377599424203866,0.052578004600016465,-0.33175530235255557,-1.4291991691629673,1.2469330713074884,-1.3878478174788078,-1.5709620546144591,2.7428522642956845,nan,nan,nan,nan,nan,nan,-0.09351630889304638,-8.070884469068092,-6.272442850795836,-0.958452757913985,-0.004426818140078393,0.00010427015043693413,28.0,28.0,14.0,6.0,6.0,6.0
0.168,0.336,0.028043245673044313,0.06609027197569657,-0.3400672457876499,0.0027692488766705584,0.22388982465971935,-0.32054108557855565,0.008039744761082566,0.224,-0.3477317693248931,0.001180409656478702,0.22380033225566187,-0.3320554580076883,-1.429726721713109,1.2475664382244427,-1.3879599205660182,-1.5709599036341637,2.7430621214675046,-0.07598619079770733,-0.1331412831262013,0.1598963420326386,-0.02834732957678801,0.0005487672441176609,0.0523898110168922,-0.3320554580076883,-1.429726721713109,1.2475664382244427,-1.3879599205660182,-1.5709599036341637,2.7430621214675046,nan,nan,nan,nan,nan,nan,-0.09525272467011156,-8.059954686883382,-6.271894875461139,-0.9584803631294375,-0.004428438208573339,9.960985703160625e-05,28.0,28.0,14.0,6.0,6.0,6.0
0.17200000000000001,0.34400000000000003,0.027931484579284967,0.06556464951446836,-0.3398409457050078,0.002898186928145392,0.22389115207345767,-0.32056711714726543,0.008229971799048354,0.224,-0.34761137785675694,0.0012489760482498173,0.2237963046215042,-0.3323656873050457,-1.4302673770817034,1.248216055752043,-1.388075293702775,-1.5709577107711912,2.7432709547656993,-0.07850641561789645,-0.13639319012428122,0.1639327887455918,-0.029162113091005217,0.0005591951348059075,0.052093019330023,-0.3323656873050457,-1.4302673770817034,1.248216055752043,-1.388075293702775,-1.5709577107711912,2.7432709547656993,nan,nan,nan,nan,nan,nan,-0.09695199935865208,-8.048825891007983,-6.2713528563712,-0.9585101138927631,-0.004428376276570753,9.49980773446113e-05,28.0,28.0,14.0,6.0,6.0,6.0
0.176,0.352,0.027816651414546513,0.06503069675550913,-0.3396152763519199,0.0030301389474842407,0.223892479487196,-0.32059375730817635,0.008420114562174832,0.224,-0.3474882064239297,0.0013200134835179482,0.22379199194390031,-0.3326860063862104,-1.4308208756799812,1.248881636253341,-1.3881939032130568,-1.5709554783407216,2.743478334659898,-0.08103034946017941,-0.13957971596239047,0.16789668151832288,-0.029968311520971642,0.0005690393394770159,0.05168957750835045,-0.3326860063862104,-1.4308208756799812,1.248881636253341,-1.3881939032130568,-1.5709554783407216,2.743478334659898,nan,nan,nan,nan,nan,nan,-0.09861439065843748,-8.037511064394844,-6.270817725800633,-0.9585418758537532,-0.0044267437271793934,9.044574575451347e-05,28.0,28.0,14.0,6.0,6.0,6.0
0.18,0.36,0.027698779921576554,0.06448881787988023,-0.33939025223639274,0.003165102211149279,0.22389380690093436,-0.3206210057884933,0.00861017110340177,0.224,-0.34736231157211483,0.001393539658891273,0.22378738597204437,-0.33301642807845433,-1.4313869532299646,1.2495628857997878,-1.3883157138150228,-1.5709532086695348,2.7436838398757617,-0.08355718559454096,-0.1426997515374298,0.17178652396800762,-0.030765538240344312,0.0005782976842094909,0.05118161923840904,-0.33301642807845433,-1.4313869532299646,1.2495628857997878,-1.3883157138150228,-1.5709532086695348,2.7436838398757617,nan,nan,nan,nan,nan,nan,-0.10024018556827649,-8.026022527668584,-6.270290329365228,-0.9585755209338127,-0.004423645461223384,8.596274460319838e-05,28.0,28.0,14.0,6.0,6.0,6.0
0.184,0.368,0.02757790468221705,0.06393941058110694,-0.3391658878554112,0.0033030739336216627,0.22389513431467264,-0.32064886230919215,0.008800139476551845,0.224,-0.3472337505589408,0.0014695714306775052,0.22378247865706571,-0.33335696211895216,-1.4319653414112095,1.250259504957221,-1.3884406887765177,-1.5709509040879348,2.743887058088342,-0.08608617197369203,-0.14575234519646835,0.17560101143989565,-0.031553444871282914,0.0005869699777340675,0.0505714441108766,-0.33335696211895216,-1.4319653414112095,1.250259504957221,-1.3884406887765177,-1.5709509040879348,2.743887058088342,nan,nan,nan,nan,nan,nan,-0.1018296969707186,-8.014371972422408,-6.269771430885778,-0.9586109269495108,-0.004419180230404431,8.155795549407227e-05,28.0,28.0,14.0,6.0,6.0,6.0
0.188,0.376,0.027454060993483482,0.06338286530391805,-0.33894219769469014,0.0034440512674443436,0.223896461728411,-0.3206773265850223,0.008990017736350579,0.224,-0.34710258123186116,0.0015481248496992343,0.22377726215579724,-0.3337076153648142,-1.432555768463814,1.250971189522451,-1.3885687900638075,-1.5709485669221501,2.7440875865385514,-0.08861660776156903,-0.14873669203742493,0.17933901890427245,-0.03233171960565727,0.0005950578926243124,0.049861498754291696,-0.3337076153648142,-1.432555768463814,1.250971189522451,-1.3885687900638075,-1.5709485669221501,2.7440875865385514,nan,nan,nan,nan,nan,nan,-0.10338326052405755,-8.0025704929423,-6.269261717077993,-0.958647977270079,-0.004413440954988699,7.723930974843877e-05,28.0,28.0,14.0,6.0,6.0,6.0
0.192,0.384,0.02732728475219324,0.06281956456600081,-0.3387191962284269,0.003588031303265827,0.22389778914214928,-0.32070639832450987,0.009179803938446248,0.224,-0.34696886191462245,0.0016292151945056861,0.22377172883374788,-0.33406839198970534,-1.4331579597501167,1.2516976312130088,-1.3886999784837013,-1.5709461994872016,2.744285032576512,-0.09114784005011903,-0.1516521238045186,0.18299958948026698,-0.03310008556514411,0.0006025648467372885,0.049054358906740564,-0.33406839198970534,-1.4331579597501167,1.2516976312130088,-1.3886999784837013,-1.5709461994872016,2.744285032576512,nan,nan,nan,nan,nan,nan,-0.10490123183729234,-7.990628616433643,-6.268761802070318,-0.9586865605058171,-0.004406515026696123,7.301383792672743e-05,28.0,28.0,14.0,6.0,6.0,6.0
0.196,0.392,0.027197612347691285,0.06224988235892366,-0.3384968979190529,0.0037350110698848925,0.22389911655588762,-0.32073607722996045,0.009369496139429803,0.224,-0.3468326513018007,0.0017128570030472473,0.2237658712673332,-0.3344392936677801,-1.4337716382773933,1.2524385183124802,-1.3888342138192122,-1.5709438040802448,2.7444790141355035,-0.09367926075519777,-0.15449809934768796,0.18658192355526554,-0.03385829920023674,0.000609495885469428,0.048152712413812374,-0.3344392936677801,-1.4337716382773933,1.2524385183124802,-1.3888342138192122,-1.5709438040802448,2.7444790141355035,nan,nan,nan,nan,nan,nan,-0.10638398390632822,-7.978556331815625,-6.268272231750493,-0.9587265702245061,-0.004398484597402484,6.8887718329071e-05,28.0,28.0,14.0,6.0,6.0,6.0
0.2,0.4,0.027065080562245946,0.06167418362300087,-0.33827531721698667,0.003884987534296256,0.22390044396962594,-0.3207663629974624,0.00955909239685476,0.224,-0.34669400836094055,0.001799064102872723,0.22375968224540788,-0.33482031974562876,-1.434396525183726,1.253193536273733,-1.388971454958915,-1.5709413829743744,2.7446691601401874,-0.0962103036828001,-0.15727419561672806,0.19008536847034713,-0.03460614872822963,0.0006158575653398348,0.04715934313882005,-0.33482031974562876,-1.434396525183726,1.253193536273733,-1.388971454958915,-1.5709413829743744,2.7446691601401874,nan,nan,nan,nan,nan,nan,-0.10783190478969322,-7.966363117152568,-6.267793487942917,-0.958767904693146,-0.004389426854279228,6.486632439977112e-05,28.0,28.0,14.0,6.0,6.0,6.0
0.20400000000000001,0.40800000000000003,0.02692972647870447,0.06109282379317882,-0.338054468560386,0.0040379576017371905,0.22390177138336426,-0.32079725531688963,0.0097485907692571,0.224,-0.34655299224184943,0.0018878496399105057,0.22375315477015426,-0.33521146740289465,-1.4350323401891247,1.2539623682822403,-1.3891116600201565,-1.5709389384128902,2.7448551108527037,-0.0987404417572386,-0.1599800991624599,0.19350940874381142,-0.035343452610270734,0.0006216578393574933,0.0460771157692036,-0.33521146740289465,-1.4350323401891247,1.2539623682822403,-1.3891116600201565,-1.5709389384128902,2.7448551108527037,nan,nan,nan,nan,nan,nan,-0.10924539550436116,-7.9540579657825345,-6.26732599241862,-0.9588104666425846,-0.0043794142819365296,6.095427097118394e-05,28.0,28.0,14.0,6.0,6.0,6.0
0.20800000000000002,0.41600000000000004,0.02679158739502142,0.06050614841048621,-0.33783436637490083,0.004193918115735098,0.22390309879710257,-0.32082875387190507,0.00993798931617515,0.224,-0.3464096621926299,0.0019792261058939878,0.22374628205736313,-0.3356127318021895,-1.4356788020138518,1.2547446957815744,-1.3892547864662745,-1.5709364726040136,2.7450365181601954,-0.10126918440324796,-0.16261559811864293,0.19685365680632227,-0.03607005806756866,0.0006269059445802125,0.044908961501232136,-0.3356127318021895,-1.4356788020138518,1.2547446957815744,-1.3892547864662745,-1.5709364726040136,2.7450365181601954,nan,nan,nan,nan,nan,nan,-0.1106248681229585,-7.941649411204402,-6.266870110739982,-0.9588541630527059,-0.004368514912136501,5.715545928979609e-05,28.0,28.0,14.0,6.0,6.0,6.0
0.212,0.424,0.02665070074529091,0.059914492796243814,-0.33761502507342633,0.00435286585815602,0.22390442621084092,-0.32086085833996386,0.01012728609816944,0.224,-0.3462640774820519,0.00207320536448743,0.22373905753616274,-0.3360241062289047,-1.4363356287658198,1.2555401989630646,-1.3894007912179829,-1.5709339877160462,2.7452130458072137,-0.10379607507435676,-0.16518057463972477,0.20011784422263376,-0.036785839636846465,0.0006316122922163631,0.04365786458347948,-0.3360241062289047,-1.4363356287658198,1.2555401989630646,-1.3894007912179829,-1.5709339877160462,2.7452130458072137,nan,nan,nan,nan,nan,nan,-0.11197074405525043,-7.9291455507796735,-6.266426155942744,-0.958898904956116,-0.004356792561597487,5.347312077658014e-05,28.0,28.0,14.0,6.0,6.0,6.0
0.216,0.432,0.026507104026932588,0.05931818178438355,-0.3373964590558557,0.0045147975492541145,0.2239057536245792,-0.3208935683923165,0.01031647917684258,0.224,-0.3461162973278906,0.0021697986761696516,0.22373147484823183,-0.33644558222148396,-1.4370025382988223,1.2563485572214983,-1.389549630759077,-1.5709314858729577,2.7453843695763878,-0.10632068892020773,-0.16767499777079267,0.20330181337616676,-0.03749069776511926,0.0006357883605907164,0.04232684969813904,-0.33644558222148396,-1.4370025382988223,1.2563485572214983,-1.389549630759077,-1.5709314858729577,2.7453843695763878,nan,nan,nan,nan,nan,nan,-0.11328345249782888,-7.916554068303898,-6.265994392057935,-0.9589446072583724,-0.004344307058420921,4.990985948112063e-05,28.0,28.0,14.0,6.0,6.0,6.0
0.22,0.44,0.02636083473369777,0.058717529508530694,-0.33717868270883367,0.004679709847722064,0.22390708103831755,-0.32092688369401223,0.010505566614859095,0.224,-0.345966380830875,0.002269016721928862,0.22372352784653957,-0.3368771496926965,-1.4376792485432695,1.257169449578667,-1.3897012612366213,-1.5709289691503956,2.7455501774206663,-0.10884263058584148,-0.17009891672731997,0.20640550959396142,-0.03818455744385267,0.0006394465912327942,0.040918970158005795,-0.3368771496926965,-1.4376792485432695,1.257169449578667,-1.3897012612366213,-1.5709289691503956,2.7455501774206663,nan,nan,nan,nan,nan,nan,-0.11456342903692385,-7.903882255499364,-6.2655750374767605,-0.958991188573027,-0.0043311144576044,4.646769319707347e-05,28.0,28.0,14.0,6.0,6.0,6.0
0.224,0.448,0.026211930294181045,0.05811283924003933,-0.33696171040551004,0.004847599350742447,0.22390840845205587,-0.3209608039039028,0.010694546475965275,0.224,-0.3458143869139121,0.002370869625821595,0.22371521059365543,-0.3373187970424211,-1.4383654778110175,1.25800255507646,-1.389855638555775,-1.5709264395720977,2.7457101695503185,-0.1113615321362695,-0.17245245456344055,0.2094289736906779,-0.038867366882521,0.0006426002883263199,0.03943729689591913,-0.3373187970424211,-1.4383654778110175,1.25800255507646,-1.389855638555775,-1.5709264395720977,2.7457101695503185,nan,nan,nan,nan,nan,nan,-0.11581111439060371,-7.891137032479635,-6.265168268161667,-0.9590385710698511,-0.004317267246142429,4.314809321250225e-05,28.0,28.0,14.0,6.0,6.0,6.0
0.228,0.456,0.026060428015537897,0.0575044032736618,-0.33674555650529325,0.005018462594040044,0.2239097358657942,-0.32099532867464553,0.010883416825008988,0.224,-0.3456603742662704,0.0024753669764459476,0.22370651735966385,-0.33777051126242724,-1.4390609450757934,1.2588475531411358,-1.390012718469408,-1.570923899106699,2.7458640584778187,-0.11387705109997569,-0.17473580220859827,0.21237233491143961,-0.03953909622155574,0.0006452635217055099,0.037884908222554615,-0.33777051126242724,-1.4390609450757934,1.2588475531411358,-1.390012718469408,-1.570923899106699,2.7458640584778187,nan,nan,nan,nan,nan,nan,-0.1170269532777585,-7.87832496723127,-6.264774220706645,-0.9590866803347993,-0.00430281453814204,3.995202267538716e-05,28.0,28.0,14.0,6.0,6.0,6.0
0.232,0.464,0.025906365032123436,0.05689250285716305,-0.33653023535360427,0.005192296051935103,0.2239110632795325,-0.321030457652707,0.011072175727959516,0.224,-0.34550440129242305,0.0025825178473809635,0.22369744261972255,-0.338232278033612,-1.4397653702306406,1.2597041239203148,-1.3901724566626747,-1.5709213496649146,2.746011569023617,-0.11638886862526847,-0.1769492128534178,0.21523580425431194,-0.04019973628464104,0.0006474510335597013,0.03626488032773234,-0.338232278033612,-1.4397653702306406,1.2597041239203148,-1.3901724566626747,-1.5709213496649146,2.746011569023617,nan,nan,nan,nan,nan,nan,-0.11821139340182202,-7.865452294159789,-6.264392995250631,-0.9591354452403715,-0.004287802260407231,3.687997356098766e-05,28.0,28.0,14.0,6.0,6.0,6.0
0.23600000000000002,0.47200000000000003,0.025749778258783725,0.05627740816204297,-0.33631576128163065,0.005369096137397535,0.22391239069327082,-0.3210661904783668,0.01126082125192734,0.224,-0.34534652606526756,0.002692330816636843,0.22368798105130003,-0.3387040818161321,-1.4404784743237378,1.260571948594167,-1.3903348088326943,-1.5709187930970852,2.746152438285711,-0.11889668774369329,-0.17909299666664955,0.2180196681541989,-0.040849297370255944,0.0006491781489683543,0.03458027849982266,-0.3387040818161321,-1.4404784743237378,1.260571948594167,-1.3903348088326943,-1.5709187930970852,2.746152438285711,nan,nan,nan,nan,nan,nan,-0.11936488453823901,-7.852524931743181,-6.264024658247731,-0.9591847978251941,-0.004272273328905708,3.3932002232978355e-05,28.0,28.0,14.0,6.0,6.0,6.0
0.24,0.48,0.025590704348545937,0.055659378291804326,-0.336102148606081,0.005548859202102062,0.22391371810700916,-0.3211025267857212,0.01144935146518394,0.224,-0.3451868062834555,0.0028048139851632,0.2236781275311235,-0.33918590593284326,-1.4411999797738713,1.2614507096622,-1.3904997307634968,-1.5709162311910714,2.746286415575827,-0.12140023173498253,-0.18116751582596857,0.22072428251085432,-0.04148780808232446,0.0006504606903615639,0.03283414903738369,-0.33918590593284326,-1.4411999797738713,1.2614507096622,-1.3904997307634968,-1.5709162311910714,2.746286415575827,nan,nan,nan,nan,nan,nan,-0.12048787771630418,-7.839548499331589,-6.263669245097665,-0.9592346731817255,-0.004256267816508847,3.1107763595393844e-05,28.0,28.0,14.0,6.0,6.0,6.0
0.244,0.488,0.02542917965446481,0.055038661325181704,-0.33588941162893915,0.005731581536484327,0.22391504552074748,-0.32113946620268663,0.011637764437181586,0.224,-0.3450252992325789,0.002919974994460447,0.22366787713187158,-0.3396777326464409,-1.4419296105667765,1.2623400912069782,-1.3906671783963918,-1.5709136656704765,2.7464132623249053,-0.12389924258827445,-0.1831731798462505,0.22335006704452828,-0.04211531419978858,0.0006513148959782976,0.031029511826844228,-0.3396777326464409,-1.4419296105667765,1.2623400912069782,-1.3906671783963918,-1.5709136656704765,2.7464132623249053,nan,nan,nan,nan,nan,nan,-0.12158082448543392,-7.826528333136312,-6.263326762641012,-0.9592850093511315,-0.004239823112416041,2.8406543836726495e-05,28.0,28.0,14.0,6.0,6.0,6.0
0.248,0.496,0.025265240195398997,0.05441549439111511,-0.3356775646372193,0.005917259369797906,0.2239163729344858,-0.3211770083510038,0.011826058238573087,0.224,-0.34486206174997575,0.003037821043335206,0.2236572251186403,-0.34017954323067445,-1.4426670924334977,1.2632397791360477,-1.3908371078959132,-1.570911098193186,2.746532751960504,-0.1263934795545886,-0.1851104411898309,0.22589749996362696,-0.042731877584869106,0.0006517573423584659,0.029169353559818697,-0.34017954323067445,-1.4426670924334977,1.2632397791360477,-1.3908371078959132,-1.570911098193186,2.746532751960504,nan,nan,nan,nan,nan,nan,-0.1226441762579602,-7.8134695014421265,-6.262997191522747,-0.959335747224446,-0.004222974073602636,2.5827291773637506e-05,28.0,28.0,14.0,6.0,6.0,6.0
0.252,0.504,0.02509892162550085,0.05379010377278056,-0.3354666219027205,0.006105888870172303,0.2239177003482241,-0.32121515284624147,0.01201423094123156,0.224,-0.3446971501929274,0.003158358903842608,0.22364616694521075,-0.3406913180359882,-1.4434121530118593,1.2641494614032762,-1.3910094757114952,-1.5709085303502055,2.7466446697585982,-0.1288827177857699,-0.18697979114398935,0.22836711292947134,-0.04333757512972812,0.0006518048708949828,0.027256621563584778,-0.3406913180359882,-1.4434121530118593,1.2641494614032762,-1.3910094757114952,-1.5709085303502055,2.7466446697585982,nan,nan,nan,nan,nan,nan,-0.12367838372075932,-7.800376819081473,-6.262680488428602,-0.9593868304492585,-0.004205753168682176,2.336864880268873e-05,28.0,28.0,14.0,6.0,6.0,6.0
0.256,0.512,0.024930259207217684,0.05316270503835338,-0.33525659768178184,0.006297466144671871,0.22391902776196243,-0.3212538992978003,0.01220228061827018,0.224,-0.34453062041003724,0.0032815949364540654,0.22363469825014637,-0.3412130365499232,-1.4441645219920805,1.26506882821076,-1.3911842386350324,-1.5709059636647833,2.7467488126721684,-0.13136674705535598,-0.1887817559516876,0.2307594863039989,-0.04393249774119433,0.0006514745184375294,0.025294218218197093,-0.3412130365499232,-1.4441645219920805,1.26506882821076,-1.3911842386350324,-1.5709059636647833,2.7467488126721684,nan,nan,nan,nan,nan,nan,-0.1246838963085414,-7.787254861202833,-6.262376588198057,-0.9594382053412147,-0.0041881906144953145,2.1028977475392883e-05,28.0,28.0,14.0,6.0,6.0,6.0
0.26,0.52,0.02475928778761234,0.052533503195537797,-0.3350475062150382,0.006491987239355665,0.22392035517570075,-0.321293247308917,0.012390205344061891,0.224,-0.34436252771558695,0.003407535104487595,0.22362281485274488,-0.34174467745259746,-1.4449239312475135,1.2659975721923995,-1.3913613538544722,-1.5709033995917965,2.74684498913886,-0.1338453705570269,-0.1905168931822682,0.23307524466690446,-0.044516749363178905,0.0006507834519363762,0.02328499593384946,-0.34174467745259746,-1.4449239312475135,1.2659975721923995,-1.3913613538544722,-1.5709033995917965,2.74684498913886,nan,nan,nan,nan,nan,nan,-0.12566116173257214,-7.774107976367168,-6.2620854058185635,-0.959489820799763,-0.0041703145057750465,1.8806388713257795e-05,28.0,28.0,14.0,6.0,6.0,6.0
0.264,0.528,0.02458604177782482,0.05190269286783544,-0.33483936172717554,0.006689448139338254,0.22392168258943906,-0.3213331964766683,0.01257800319425915,0.224,-0.3441929268666839,0.003536184987839073,0.2236105127488669,-0.3422862186675633,-1.4456901149514363,1.2669353885801837,-1.3915407790035945,-1.5709008395173902,2.7469330188698824,-0.13631840377651128,-0.19218578832950356,0.23531505258935725,-0.045090446036341755,0.0006497489070815003,0.021231752662253845,-0.3422862186675633,-1.4456901149514363,1.2669353885801837,-1.3915407790035945,-1.5709008395173902,2.7469330188698824,nan,nan,nan,nan,nan,nan,-0.12661062555901845,-7.760940299003317,-6.261806838304964,-0.9595416282275611,-0.004152150938196863,1.669876768285081e-05,28.0,28.0,14.0,6.0,6.0,6.0
0.268,0.536,0.024410555135501544,0.051270458490091084,-0.3346321784266866,0.006889844768851458,0.22392301000317738,-0.321373746391975,0.012765672245813604,0.224,-0.3440218720430147,0.0036675497960473777,0.22359778810666645,-0.3428376374083271,-1.4464628096807732,1.2678819753541841,-1.3917224722081223,-1.570898284758851,2.747012732622227,-0.1387856734330231,-0.1937890516250216,0.2374796106520464,-0.045653714994540066,0.0006483881308867553,0.019137227916053084,-0.3428376374083271,-1.4464628096807732,1.2678819753541841,-1.3917224722081223,-1.570898284758851,2.747012732622227,nan,nan,nan,nan,nan,nan,-0.12753273083169586,-7.747755761251785,-6.26154076646841,-0.9595935814531014,-0.00413372412511354,1.47037983533368e-05,28.0,28.0,14.0,6.0,6.0,6.0
0.272,0.544,0.02423286135003958,0.05063697452118994,-0.33442597050562717,0.007093172991307028,0.2239243374169157,-0.3214148966396064,0.012953210576995808,0.224,-0.34384941682904296,0.003801634380728582,0.22358463726224048,-0.34339891022079955,-1.4472417545075844,1.2688370333772025,-1.391906392128309,-1.5708957365647,2.747083971956167,-0.14124701648649018,-0.19532731505572595,0.23956965169586125,-0.04620669379753699,0.0006467183281563539,0.017004099270595898,-0.34339891022079955,-1.4472417545075844,1.2688370333772025,-1.391906392128309,-1.5708957365647,2.747083971956167,nan,nan,nan,nan,nan,nan,-0.12842791773446927,-7.734558104225704,-6.261287056579033,-0.9596456366561238,-0.004115056508273645,1.2818986762997813e-05,28.0,28.0,14.0,6.0,6.0,6.0
0.276,0.552,0.024052993430491526,0.05000240567207634,-0.3342207521393723,0.0072994286093602725,0.22392566483065401,-0.32145664679818425,0.013140616267414895,0.224,-0.3436756141984836,0.003938443247407802,0.22357105671522012,-0.34397001302193053,-1.4480266910791049,1.2698002665149768,-1.392092497998149,-1.5708931961149897,2.747146588979908,-0.14370227920702086,-0.19680122957440643,0.24158593729406108,-0.04674952949941008,0.0006447566117488847,0.014834979322811921,-0.34397001302193053,-1.4480266910791049,1.2698002665149768,-1.392092497998149,-1.5708931961149897,2.747146588979908,nan,nan,nan,nan,nan,nan,-0.1292966232892491,-7.721350888715861,-6.261045561926667,-0.9596977522955007,-0.004096168862796092,1.1041683020596346e-05,28.0,28.0,14.0,6.0,6.0,6.0
0.28,0.56,0.02387098389599566,0.04936690714677606,-0.33401653748637283,0.007508607364974599,0.22392699224439236,-0.3214989964401873,0.013327887398038226,0.224,-0.3435005165009079,0.004077980566784155,0.2235570431243194,-0.34455092113476954,-1.448817363687087,1.270771381742805,-1.3922807496613494,-1.5708906645217886,2.747200446083151,-0.14615131630323022,-0.19821146249326965,0.24352925443528756,-0.047282377852058674,0.0006425199565564736,0.012632413082324621,-0.34455092113476954,-1.448817363687087,1.270771381742805,-1.3922807496613494,-1.5708906645217886,2.747200446083151,nan,nan,nan,nan,nan,nan,-0.1301392810851745,-7.7081375053662455,-6.26081612428353,-0.9597498890391983,-0.004077080396673072,9.36910207205882e-06,28.0,28.0,14.0,6.0,6.0,6.0
0.28400000000000003,0.5680000000000001,0.02368686476860089,0.0487306248950187,-0.3338133406879121,0.007720704939487017,0.22392831965813065,-0.3215419451319557,0.013515022051211061,0.224,-0.34332417545033506,0.004220250185453873,0.22354259330285756,-0.3451416093201786,-1.44961351932715,1.2717500892394034,-1.3924711076042038,-1.5708881428298442,2.747245415661245,-0.14859399010621177,-0.1995586950506474,0.24540041240728358,-0.047805402543178596,0.0006400251570958224,0.010398875770457658,-0.3451416093201786,-1.44961351932715,1.2717500892394034,-1.3924711076042038,-1.5708881428298442,2.747245415661245,nan,nan,nan,nan,nan,nan,-0.13095632103641563,-7.694921184343704,-6.26059857527332,-0.9598020096961614,-0.004057808845053903,7.798343263250288e-06,28.0,28.0,14.0,6.0,6.0,6.0
0.28800000000000003,0.5760000000000001,0.02350066756836829,0.048093695874430485,-0.33361117586786293,0.00793571695367456,0.22392964707186902,-0.3215854924336951,0.01370201831067619,0.224,-0.34314664211567575,0.004365255636120933,0.2235277042142735,-0.3457420518054131,-1.450414907748805,1.2727361024687782,-1.392663532985504,-1.5708856320174027,2.747281379831488,-0.15103016980610262,-0.20084362014160148,0.24720023987159617,-0.04831877446802302,0.0006372887886099916,0.008136771003312823,-0.3457420518054131,-1.450414907748805,1.2727361024687782,-1.392663532985504,-1.5708856320174027,2.747281379831488,nan,nan,nan,nan,nan,nan,-0.13174816916457666,-7.681705004526799,-6.260392737650508,-0.9598540791497945,-0.004038370559561945,6.3264087298902044e-06,28.0,28.0,14.0,6.0,6.0,6.0
0.292,0.584,0.023312423310634975,0.047456248321034115,-0.3334100571324451,0.008153638967821645,0.2239309744856073,-0.3216296378994815,0.013888874261593543,0.224,-0.3429679669128999,0.004513000147322454,0.22351237296764206,-0.34635222230977314,-1.4512212814967949,1.2737291382508518,-1.3928579876636216,-1.5708831329971766,2.74730823014307,-0.15345973073834104,-0.2020669402036354,0.24892958212002606,-0.04882267103425922,0.0006343271715652067,0.005848429335642438,-0.34635222230977314,-1.4512212814967949,1.2737291382508518,-1.3928579876636216,-1.5708831329971766,2.74730823014307,nan,nan,nan,nan,nan,nan,-0.1325152474037394,-7.66849190223466,-6.260198426493972,-0.9599060642929207,-0.004018780592872449,4.950220649812467e-06,28.0,28.0,14.0,6.0,6.0,6.0
0.296,0.592,0.023122162505343047,0.04681840202605547,-0.33320999856998257,0.008374466481788375,0.22393230189934565,-0.3216743810772658,0.014075587990559824,0.224,-0.3427881995988107,0.004663486652692249,0.2234965968132082,-0.3469720940675174,-1.452032395944339,1.274728916821549,-1.3930544342208928,-1.5708806466174456,2.74732586728203,-0.1558825537168607,-0.2032293652491321,0.25058929850395145,-0.04931727549917682,0.0006311563394268443,0.0035361071428766096,-0.3469720940675174,-1.452032395944339,1.274728916821549,-1.3930544342208928,-1.5708806466174456,2.74732586728203,nan,nan,nan,nan,nan,nan,-0.13325797342507278,-7.655284679518945,-6.260015450318916,-0.9599579339640285,-0.00399905277878482,3.666637391837886e-06,28.0,28.0,14.0,6.0,6.0,6.0
0.3,0.6,0.022929915158336443,0.04618026861817578,-0.3330110142506614,0.008598194935079746,0.22393362931308394,-0.32171972150887823,0.014262157585628075,0.224,-0.3426073892663097,0.004816717799789595,0.2234803731379483,-0.34760163984822096,-1.452848009318861,1.2757351618830108,-1.393252835985429,-1.5708781736632793,2.7473342007725368,-0.15829852441160527,-0.2043316110365769,0.25218026002808436,-0.049802776338503885,0.0006277920095908506,0.001201985819293846,-0.34760163984822096,-1.452848009318861,1.2757351618830108,-1.393252835985429,-1.5708781736632793,2.7473342007725368,nan,nan,nan,nan,nan,nan,-0.13397676047926516,-7.642086012038133,-6.259843612110771,-0.9600096588846797,-0.003979199808000098,2.472468595257925e-06,28.0,28.0,14.0,6.0,6.0,6.0
0.304,0.608,0.02273571077454477,0.04554195184954662,-0.3328131182262879,0.008824819706915826,0.2239349567268223,-0.32176565873003315,0.014448581136327274,0.224,-0.34242558434104814,0.0049726959585123616,0.22346369946117312,-0.3482408319747479,-1.4536678827207252,1.2767476006445768,-1.3934531570504838,-1.5708757148578663,2.7473331486756933,-0.160707532767881,-0.20537439737300436,0.25370334710056636,-0.050279366646038486,0.0006242495573462873,-0.0011518287290528065,-0.3482408319747479,-1.4536678827207252,1.2767476006445768,-1.3934531570504838,-1.5708757148578663,2.7473331486756933,nan,nan,nan,nan,nan,nan,-0.13467201725463926,-7.62889845653435,-6.2596827102849515,-0.9600612115979744,-0.003959233299816537,1.3644892172074765e-06,28.0,28.0,14.0,6.0,6.0,6.0
0.308,0.616,0.022539578362975623,0.0449035478845673,-0.33261632453004664,0.00905433611630283,0.2239362841405606,-0.32181219227033375,0.014634856733681891,0.224,-0.3422428325793628,0.0051314232291209535,0.22344657343017707,-0.3488896423390002,-1.4544917801354964,1.2777659638551395,-1.3936553622914922,-1.5708732708639417,2.7473226372870037,-0.1631094724651889,-0.2063584465404886,0.2551594474316764,-0.050747243563304026,0.0006205439927399149,-0.0035233063173344746,-0.3488896423390002,-1.4544917801354964,1.2777659638551395,-1.3936553622914922,-1.5708732708639417,2.7473226372870037,nan,nan,nan,nan,nan,nan,-0.13534414774916806,-7.61572445793134,-6.25953253957615,-0.9601125664080147,-0.003939163869931824,3.3945258461369934e-07,28.0,28.0,14.0,6.0,6.0,6.0
0.312,0.624,0.022341546443450787,0.04426514559002565,-0.3324206471762593,0.009286739422105143,0.22393761155429892,-0.32185932165327713,0.014820982470231435,0.224,-0.34205918106740213,0.005292901449888819,0.22342899281594636,-0.349548042415595,-1.4553194684401987,1.2787899858274479,-1.393859417380904,-1.5708708422852984,2.7473026008335397,-0.16550424041330092,-0.20728448183985385,0.2565494540737606,-0.05120660773840969,0.0006166899402136419,-0.005910492460852043,-0.349548042415595,-1.4553194684401987,1.2787899858274479,-1.393859417380904,-1.5708708422852984,2.7473026008335397,nan,nan,nan,nan,nan,nan,-0.13599355115507156,-7.602566356071022,-6.2593928918605375,-0.960163699320244,-0.003919001194553059,-6.058975145456443e-07,28.0,28.0,14.0,6.0,6.0,6.0
0.316,0.632,0.02214164305502718,0.04362682682582212,-0.3322261001601432,0.009522024823118265,0.22393893896803724,-0.32190704639625867,0.015006956440049995,0.224,-0.3418746762213537,0.0054571322044029945,0.22341095550893186,-0.35021600327361463,-1.456150717404025,1.2798194044549056,-1.3940652888009233,-1.5708684296683741,2.7472729811717795,-0.16789173628345874,-0.2081532262451169,0.2578742635953126,-0.051657662813279735,0.0006127016208837113,-0.008311508119172015,-0.35021600327361463,-1.456150717404025,1.2798194044549056,-1.3940652888009233,-1.5708684296683741,2.7472729811717795,nan,nan,nan,nan,nan,nan,-0.13662062175468695,-7.589426392105807,-6.259263556914548,-0.9602145879826899,-0.003898754070988535,-1.4748156609122256e-06,28.0,28.0,14.0,6.0,6.0,6.0
0.32,0.64,0.021939895766050762,0.04298866673527479,-0.33203269745757064,0.009760187458142684,0.22394026638177555,-0.3219553660105775,0.015192776738765738,0.224,-0.3416893637886871,0.005624116828532971,0.22339245951489425,-0.3508934955865634,-1.4569852996839279,1.2808539612213878,-1.394272943854266,-1.5708660335039029,2.747233727487009,-0.1702718620726847,-0.20896540116249468,0.259134774382442,-0.05210061493841073,0.0006085928373292177,-0.010724549224038388,-0.3508934955865634,-1.4569852996839279,1.2808539612213878,-1.394272943854266,-1.5708660335039029,2.747233727487009,nan,nan,nan,nan,nan,nan,-0.1372257488260962,-7.576306714563166,-6.259144323113506,-0.9602652116280206,-0.0038784304748943643,-2.270544519634133e-06,28.0,28.0,14.0,6.0,6.0,6.0
0.324,0.648,0.021736331685806683,0.04235073403389763,-0.33184045302482823,0.010001222406058673,0.22394159379551387,-0.3220042800014412,0.015378441463580432,0.224,-0.34150328885033504,0.00579385641708304,0.2233735029508271,-0.35158048964066096,-1.4578229908154923,1.281893401204563,-1.394482350673046,-1.5708636542286196,2.7471847959951097,-0.1726445216992971,-0.20972172528812133,0.2603318850612655,-0.05253567231430251,0.0006043769607621081,-0.013147886008933714,-0.35158048964066096,-1.4578229908154923,1.281893401204563,-1.394482350673046,-1.5708636542286196,2.7471847959951097,nan,nan,nan,nan,nan,nan,-0.1378093165579988,-7.563209385097236,-6.2590349780732755,-0.9603155510164225,-0.003858037614345704,-2.996305404822305e-06,28.0,28.0,14.0,6.0,6.0,6.0
0.328,0.656,0.021530977477730178,0.041713091296150306,-0.3316493807983766,0.010245124685902026,0.22394292120925222,-0.32205378786797095,0.015563948713288919,0.224,-0.3413164958237367,0.005966351830148491,0.2233540840409645,-0.35227695534159015,-1.458663569199473,1.282937473073195,-1.3946934782258897,-1.570861292227012,2.747126149647479,-0.17500962062782408,-0.21042291355890222,0.2614664930350315,-0.05296304475870748,0.00060006692044446,-0.01557986215742458,-0.35227695534159015,-1.458663569199473,1.282937473073195,-1.3946934782258897,-1.570861292227012,2.747126149647479,nan,nan,nan,nan,nan,nan,-0.13837170397259768,-7.5501363839428075,-6.2589353092381765,-0.9603655883792734,-0.0038375819808884825,-3.6552896551885582e-06,28.0,28.0,14.0,6.0,6.0,6.0
0.332,0.664,0.02132385937415832,0.04107579523898569,-0.3314594946946101,0.010491889256940695,0.2239442486229905,-0.32210388910320653,0.015749296588298583,0.224,-0.34112902846667337,0.0061416036991889765,0.22333420111287486,-0.35298286221981484,-1.4595068160843556,1.2839859290788656,-1.3949062963233843,-1.570858947833108,2.747057757839771,-0.17736706552160428,-0.21106967619121442,0.2625394931300587,-0.05338294329882412,0.0005956751952295449,-0.01801889378668698,-0.35298286221981484,-1.4595068160843556,1.2839859290788656,-1.3949062963233843,-1.570858947833108,2.747057757839771,nan,nan,nan,nan,nan,nan,-0.13891328485587828,-7.537089615085326,-6.258845104418124,-0.9604153073636307,-0.003817069397721872,-4.250650786199295e-06,28.0,28.0,14.0,6.0,6.0,6.0
0.336,0.672,0.021115003192607788,0.040438897002117155,-0.33127080860961744,0.010741511018752375,0.22394557603672885,-0.32215458319411183,0.0159344831906488,0.224,-0.34094092988183,0.0063196124328354425,0.2233138525936483,-0.35369817943457244,-1.4603525155452795,1.2850385250425365,-1.3951207756219544,-1.5708566213322934,2.7469795961250743,-0.17971676392145255,-0.21166271780242232,0.2635517763448253,-0.05379557978758106,0.000591213807095023,-0.020463468281921846,-0.35369817943457244,-1.4603525155452795,1.2850385250425365,-1.3951207756219544,-1.5708566213322934,2.7469795961250743,nan,nan,nan,nan,nan,nan,-0.1394344276945885,-7.524070911160596,-6.258764152277906,-0.9604646929775088,-0.0037965050651572107,-4.785497380893812e-06,28.0,28.0,14.0,6.0,6.0,6.0
0.34,0.68,0.020904434353576275,0.039802442423831824,-0.3310833364189418,0.010993984811302985,0.22394690345046717,-0.3222058696215797,0.01611950662403039,0.224,-0.3407522425220196,0.006500378222445501,0.22329303700617872,-0.3544228757766433,-1.4612004544596413,1.2860950203363577,-1.395336887626263,-1.5708543129631487,2.746891645932089,-0.18205862394885639,-0.21220273661042985,0.26450422869679235,-0.05420116654313586,0.0005866943165481593,-0.02291214299661492,-0.3544228757766433,-1.4612004544596413,1.2860950203363577,-1.395336887626263,-1.5708543129631487,2.746891645932089,nan,nan,nan,nan,nan,nan,-0.13993549561940932,-7.511082038096885,-6.25869224278151,-0.9605137315360025,-0.0037758936034925543,-5.262886684636419e-06,28.0,28.0,14.0,6.0,6.0,6.0
0.34400000000000003,0.6880000000000001,0.0206921778998772,0.03916647231213182,-0.330897091977342,0.0112493054150261,0.2239482308642055,-0.3222577478604377,0.016304364993804995,0.224,-0.34056300819601476,0.006683901047418492,0.2232717529655445,-0.3551569196699899,-1.462050422479682,1.2871551778610908,-1.3955546046902283,-1.5708520229193008,2.7467938942887997,-0.18439255403225058,-0.21269042370672722,0.26539773016177637,-0.05459991601072967,0.0005821278197786314,-0.025363543832900348,-0.3551569196699899,-1.462050422479682,1.2871551778610908,-1.3955546046902283,-1.5708520229193008,2.7467938942887997,nan,nan,nan,nan,nan,nan,-0.14041684635375,-7.498124699511426,-6.258629167593974,-0.9605624106082206,-0.003755239093430396,-5.685818869416006e-06,28.0,28.0,14.0,6.0,6.0,6.0
0.34800000000000003,0.6960000000000001,0.02047825851752285,0.038531022710452195,-0.3307120891185535,0.011507467550903285,0.2239495582779438,-0.32231021737945303,0.016489056407024538,0.224,-0.34037326807492746,0.00687018068028556,0.22324999917548724,-0.3559002791723562,-1.462902212002338,1.2882187640195104,-1.3957739000167393,-1.5708497513512827,2.7466863335520957,-0.1867184626549943,-0.21312646239861552,0.2662331537009162,-0.05499204044603791,0.0005775249474388942,-0.0278163637155982,-0.3559002791723562,-1.462902212002338,1.2882187640195104,-1.3957739000167393,-1.5708497513512827,2.7466863335520957,nan,nan,nan,nan,nan,nan,-0.1408788321678296,-7.48520054087337,-6.258574720443564,-0.9606107189650858,-0.0037345451141672778,-6.057231932111827e-06,28.0,28.0,14.0,6.0,6.0,6.0
0.352,0.704,0.020262700558187293,0.03789612515800157,-0.3305283416550497,0.011768465880545335,0.22395088569168214,-0.3223632776413383,0.016673578972450552,0.224,-0.3401830626990872,0.007059216691586489,0.22322777442499536,-0.3566529219749093,-1.4637556181366262,1.2892855486861232,-1.3959947476561585,-1.570847498368392,2.7465689611437285,-0.18903625812375185,-0.2135115276165125,0.2670113643704922,-0.05537775161916343,0.0005728958649414975,-0.030269360972777524,-0.3566529219749093,-1.4637556181366262,1.2892855486861232,-1.3959947476561585,-1.570847498368392,2.7465689611437285,nan,nan,nan,nan,nan,nan,-0.14132179983763124,-7.472311153443947,-6.2585286974467005,-0.960658646528029,-0.0037138147792737013,-6.379997193766996e-06,28.0,28.0,14.0,6.0,6.0,6.0
0.356,0.712,0.02004552806329336,0.037261806943593274,-0.3303458633778037,0.012032295006274483,0.22395221310542046,-0.32241692810275685,0.016857930800573587,0.224,-0.3399924319853691,0.007251008454542346,0.22320507758498778,-0.3574148154010027,-1.4646104386688086,1.2903553051735188,-1.3962171225036912,-1.5708452640405468,2.746441779292948,-0.19134584835604537,-0.21384628538244196,0.2677332185100627,-0.055757260538432496,0.0005682502741546765,-0.03272135763502904,-0.3574148154010027,-1.4646104386688086,1.2903553051735188,-1.3962171225036912,-1.5708452640405468,2.746441779292948,nan,nan,nan,nan,nan,nan,-0.14174609060858398,-7.459458078004381,-6.258490897397843,-0.9607061843185546,-0.003693050770479068,-6.656915367653271e-06,28.0,28.0,14.0,6.0,6.0,6.0
0.36,0.72,0.019826764789777355,0.036628091353520346,-0.33016466805605066,0.01229894947120745,0.22395354051915878,-0.32247116821432853,0.017042110003632528,0.224,-0.3398014152349261,0.007445555149538451,0.2231819076051029,-0.35818592640413544,-1.465466474025576,1.291427810195661,-1.3964410002956953,-1.5708430484001303,2.7463047947861163,-0.1936471406858198,-0.21413139233600795,0.2683995630045804,-0.05613077719314479,0.0005635974163914555,-0.035171237664982306,-0.35818592640413544,-1.465466474025576,1.291427810195661,-1.3964410002956953,-1.5708430484001303,2.7463047947861163,nan,nan,nan,nan,nan,nan,-0.14215204016353455,-7.446642808382157,-6.258461122026844,-0.9607533244087615,-0.0036722553694716093,-6.8907131613622274e-06,28.0,28.0,14.0,6.0,6.0,6.0
0.364,0.728,0.019606434237604106,0.03599499791232727,-0.3299847694370497,0.01256842375933949,0.2239548679328971,-0.3225259974206349,0.01722611469563395,0.224,-0.3396100511412821,0.007642855768424839,0.22315826351059134,-0.35896622156517494,-1.4663235272354722,1.2925028438284025,-1.3966663576050116,-1.5708408514438204,2.7461580187235546,-0.19594004168592055,-0.21436749531434476,0.2690112346163514,-0.05649851031447367,0.0005589460765847651,-0.037617945127890545,-0.35896622156517494,-1.4663235272354722,1.2925028438284025,-1.3966663576050116,-1.5708408514438204,2.7461580187235546,nan,nan,nan,nan,nan,nan,-0.1425399785948385,-7.4338667947846515,-6.258439176225797,-0.9608000598728091,-0.0036514304878087927,-7.084040385419644e-06,28.0,28.0,14.0,6.0,6.0,6.0
0.368,0.736,0.019384559679115735,0.03536254261675785,-0.32980618124584676,0.012840712295629273,0.2239561953466354,-0.32258141516022554,0.017409942992371412,0.224,-0.3394183777987463,0.007842909118645802,0.223134144399312,-0.3597556670889101,-1.467181403888762,1.2935801894674908,-1.3968931718353772,-1.5708386731344008,2.746001466283824,-0.19822445700644414,-0.21455523098270135,0.2695690593828639,-0.056860667153685346,0.0005543045885493724,-0.04006048231354749,-0.3597556670889101,-1.467181403888762,1.2935801894674908,-1.3968931718353772,-1.5708386731344008,2.746001466283824,nan,nan,nan,nan,nan,nan,-0.14291023038063752,-7.421131446949738,-6.258424868247391,-0.9608463847393532,-0.0036305776950524508,-7.239467533923764e-06,28.0,28.0,14.0,6.0,6.0,6.0
0.372,0.744,0.019161164190320098,0.03473073816282841,-0.32962891718503773,0.013115809446084764,0.22395752276037373,-0.3226374208656232,0.017593593011444766,0.224,-0.3392264327111097,0.008045713827205486,0.22310954943883218,-0.3605542287999944,-1.4680399120959426,1.2946596337843228,-1.3971214212149967,-1.5708365134025475,2.745835156495621,-0.20050029122798685,-0.2146952255124994,0.2700738520767117,-0.057217453276891234,0.0005496808412318205,-0.04249790781909814,-0.3605542287999944,-1.4680399120959426,1.2946596337843228,-1.3971214212149967,-1.5708365134025475,2.745835156495621,nan,nan,nan,nan,nan,nan,-0.14326311436490266,-7.408438137121903,-6.258418009876877,-0.9608922939450072,-0.0036096982452072874,-7.359483811038655e-06,28.0,28.0,14.0,6.0,6.0,6.0
0.376,0.752,0.018936270684238837,0.034099594165092055,-0.3294529909345315,0.013393709517849918,0.22395885017411207,-0.32269401396333,0.017777062872279415,0.224,-0.3390342528005916,0.008251268344481208,0.22308447786363156,-0.36136187213833765,-1.4688988624450767,1.2957409666796846,-1.3973510847893302,-1.570834372148588,2.7456591120174134,-0.2027674477288629,-0.21478809430385468,0.2705264157239886,-0.057569072375548216,0.0005450822858560389,-0.04492933460176735,-0.36136187213833765,-1.4688988624450767,1.2957409666796846,-1.3973510847893302,-1.570834372148588,2.7456591120174134,nan,nan,nan,nan,nan,nan,-0.14359894374108964,-7.395788202862698,-6.258418416579425,-0.9609377832888122,-0.003588793101561178,-7.446495571936591e-06,28.0,28.0,14.0,6.0,6.0,6.0
0.38,0.76,0.018709901946458014,0.03346911736894304,-0.3292784161513137,0.013674406759292391,0.22396017758785036,-0.32275119387383294,0.017960350696145592,0.224,-0.33884187441699903,0.008459570947889515,0.22305892897240603,-0.3621785621539991,-1.469758067958121,1.296823981235703,-1.3975821424131618,-1.5708322492442306,2.745473358924921,-0.20502582856541987,-0.2148344417497155,0.27092754117770623,-0.05791572609193772,0.000540515943872142,-0.04735392800988477,-0.3621785621539991,-1.469758067958121,1.296823981235703,-1.3975821424131618,-1.5708322492442306,2.745473358924921,nan,nan,nan,nan,nan,nan,-0.14391802603970663,-7.383182949702697,-6.258425907624612,-0.9609828493877657,-0.0035678629600096406,-7.502825152620626e-06,28.0,28.0,14.0,6.0,6.0,6.0
0.384,0.768,0.018482080673046814,0.03283931185507749,-0.3291052064692108,0.013957895360092063,0.2239615050015887,-0.32280896001161047,0.01814345460617758,0.224,-0.3386493333470725,0.008670619745414714,0.22303290212547514,-0.3630042635016321,-1.4706173440464092,1.2979084736662194,-1.3978145747420048,-1.5708301445342596,2.7452779265065073,-0.20727533436462992,-0.21483486103890662,0.27127800674293073,-0.05825761385887224,0.0005359884156292098,-0.049770903800064645,-0.3630042635016321,-1.4706173440464092,1.2979084736662194,-1.3978145747420048,-1.5708301445342596,2.7452779265065073,nan,nan,nan,nan,nan,nan,-0.14422066311929202,-7.370623653643281,-6.258440306189798,-0.9610274896334277,-0.003546908270945636,-7.53071005953496e-06,28.0,28.0,14.0,6.0,6.0,6.0
0.388,0.776,0.018252829511035382,0.032210179236542194,-0.32893337549865415,0.014244169451330545,0.22396283241532702,-0.32286731178513767,0.018326372727392938,0.224,-0.3384566648239853,0.008884412679004751,0.22300639674228692,-0.36383894043452847,-1.4714765084654358,1.298994243265787,-1.3980483632229024,-1.570828057838195,2.7450728470665196,-0.20951586422817892,-0.2147899339955147,0.2715785778504951,-0.05859493275290569,0.0005315058896837294,-0.052179526147794385,-0.36383894043452847,-1.4714765084654358,1.298994243265787,-1.3980483632229024,-1.570828057838195,2.7450728470665196,nan,nan,nan,nan,nan,nan,-0.1445071511608693,-7.358111563515524,-6.258461439443969,-0.9610717021495999,-0.0035259292597935184,-7.532302496060306e-06,28.0,28.0,14.0,6.0,6.0,6.0
0.392,0.784,0.018022171101668833,0.031581718848001435,-0.32876293682644475,0.014533223105581548,0.22396415982906534,-0.322926248596893,0.01850910318671171,0.224,-0.3382639035369731,0.009100947527844457,0.22297941229902193,-0.36468255679830563,-1.4723353812690845,1.3000810923574768,-1.3982834900846697,-1.5708259889519112,2.744858155736583,-0.2117473156473233,-0.21470023095218504,0.2718300067762851,-0.05892787736031911,0.0005270741526715389,-0.0545791056582204,-0.36468255679830563,-1.4723353812690845,1.3000810923574768,-1.3982834900846697,-1.5708259889519112,2.744858155736583,nan,nan,nan,nan,nan,nan,-0.14477778066598057,-7.345647903202468,-6.258489138613504,-0.961115485751134,-0.0035049259462577166,-7.5096691977742155e-06,28.0,28.0,14.0,6.0,6.0,6.0
0.396,0.792,0.017790128126687673,0.03095392792775676,-0.32859390401551813,0.014825050337002169,0.22396548724280366,-0.32298576984336397,0.01869164411297558,0.224,-0.3380710836410639,0.009320221911509784,0.22295194832629242,-0.36553507602427865,-1.4731937847634275,1.3011688262396668,-1.3985199383276328,-1.5708239376492183,2.744633890294839,-0.21396958442782468,-0.21456631065501774,0.27203303240323035,-0.05925663965520005,0.0005226985996687997,-0.056968997383334205,-0.36553507602427865,-1.4731937847634275,1.3011688262396668,-1.3985199383276328,-1.5708239376492183,2.744633890294839,nan,nan,nan,nan,nan,nan,-0.14503283645798695,-7.3332338737321185,-6.258523239031381,-0.9611588399038565,-0.0034838981623582918,-7.464791554613063e-06,28.0,28.0,14.0,6.0,6.0,6.0
0.4,0.8,0.017556723357925286,0.03032680179139875,-0.32842629060471007,0.015119645101425107,0.223966814656542,-0.32304587491505354,0.018873993636967068,0.224,-0.33787823876689316,0.009542233293008939,0.22292400440693683,-0.3663964611225556,-1.4740515434602193,1.3022572531319803,-1.3987576917129072,-1.5708219036833981,2.7444000909930835,-0.21618256462431282,-0.21438872019787922,0.27218838002327095,-0.05958140888893417,0.0005183842449720049,-0.059348598851312905,-0.3663964611225556,-1.4740515434602193,1.3022572531319803,-1.3987576917129072,-1.5708219036833981,2.7444000909930835,nan,nan,nan,nan,nan,nan,-0.1452725976867363,-7.320870655247401,-6.258563580171011,-0.9612017646856009,-0.0034628455693232036,-7.39956599690153e-06,28.0,28.0,14.0,6.0,6.0,6.0
0.404,0.808,0.017321979710538123,0.029700333998987975,-0.3282601101085215,0.015417001296451729,0.2239681420702803,-0.32310656319648634,0.019056149891428634,0.224,-0.33768540203057135,0.009766978981718763,0.22289558017390612,-0.36726667467489205,-1.4749084840301938,1.3033461841205256,-1.398996734751263,-1.570819886788697,2.7441568003917425,-0.21838614848346893,-0.21416799498406622,0.2722967611767091,-0.059902371490456074,0.0005141357332300683,-0.061717348113296204,-0.36726667467489205,-1.4749084840301938,1.3033461841205256,-1.398996734751263,-1.570819886788697,2.7441568003917425,nan,nan,nan,nan,nan,nan,-0.14549733783670113,-7.308559408858053,-6.2586100056662275,-0.9612442607484436,-0.0034417676733870264,-7.3158046222567945e-06,28.0,28.0,14.0,6.0,6.0,6.0
0.40800000000000003,0.8160000000000001,0.017085920300248074,0.029074516513652636,-0.32809537601688515,0.015717112761546106,0.22396946948401864,-0.32316783406621485,0.019238111011081825,0.224,-0.3374926060435937,0.009994456136218799,0.22286667530824053,-0.36814567882733945,-1.4757644352562749,1.3044354331025787,-1.3992370526916151,-1.5708178866817752,2.7439040632026086,-0.22058022639544927,-0.21390465871334205,0.27235887352643884,-0.06021971097661793,0.0005099573508720253,-0.06407472181239622,-0.36814567882733945,-1.4757644352562749,1.3044354331025787,-1.3992370526916151,-1.5708178866817752,2.7439040632026086,nan,nan,nan,nan,nan,nan,-0.14570732473813827,-7.296301278382205,-6.2586623633183125,-0.9612863292820207,-0.00342066384057734,-7.2152360430792784e-06,28.0,28.0,14.0,6.0,6.0,6.0
0.41200000000000003,0.8240000000000001,0.01684856850501366,0.028449339853476655,-0.3279321017949317,0.01601997327812989,0.22397079689775695,-0.3232296868968259,0.019419875132646376,0.224,-0.33729988292276797,0.010224661767028364,0.22283728953713217,-0.36903343528271787,-1.4766192279867913,1.3055248167308473,-1.3994786315091783,-1.5708159030631073,2.74364192613923,-0.22276468685301437,-0.21359922339251278,0.2723754007647282,-0.06053360787206794,0.0005058530377663416,-0.0664202332793297,-0.36903343528271787,-1.4766192279867913,1.3055248167308473,-1.3994786315091783,-1.5708159030631073,2.74364192613923,nan,nan,nan,nan,nan,nan,-0.1459028205816829,-7.284097391981069,-6.258720505091444,-0.9613279719780597,-0.00339953331052385,-7.099506434169389e-06,28.0,28.0,14.0,6.0,6.0,6.0
0.41600000000000004,0.8320000000000001,0.016609948031607227,0.027824793235852085,-0.3277703008827564,0.016325576569678115,0.22397212431149527,-0.32329212105494703,0.01960144039485925,0.224,-0.33710726430014293,0.010457592739253459,0.22280742263207645,-0.36992990529294345,-1.4774726950887884,1.3066141543574352,-1.3997214578933264,-1.5708139356183357,2.743370437774846,-0.2249394164178519,-0.21325218936776957,0.2723470125502854,-0.06084423963804798,0.0005018263990650463,-0.06875343065862725,-0.36992990529294345,-1.4774726950887884,1.3066141543574352,-1.3997214578933264,-1.5708139356183357,2.743370437774846,nan,nan,nan,nan,nan,nan,-0.14608408193598263,-7.271948863693514,-6.258784287097556,-0.961369190996051,-0.003378375209362655,-6.970180762011625e-06,28.0,28.0,14.0,6.0,6.0,6.0
0.42,0.84,0.01637008298764617,0.027200864714710303,-0.3276099866951864,0.016633916301815925,0.22397345172523359,-0.3233551359012531,0.019782804938493766,0.224,-0.33691478133292463,0.010693245775145271,0.22277707440710437,-0.3708350496512381,-1.478324671401521,1.3077032679776266,-1.3999655192351852,-1.57081198401958,2.743089648407726,-0.22710429969361642,-0.21286404537714443,0.27227436447347875,-0.06115178060952309,0.0004978807171722659,-0.0710738950689987,-0.3708350496512381,-1.478324671401521,1.3077032679776266,-1.3999655192351852,-1.57081198401958,2.743089648407726,nan,nan,nan,nan,nan,nan,-0.14625135976866743,-7.2598567948745,-6.25885356957148,-0.9614099889300766,-0.0033571885617752987,-6.828744176556549e-06,28.0,28.0,14.0,6.0,6.0,6.0
0.424,0.848,0.016128997959694257,0.026577541310461437,-0.3274511726215478,0.01694498608241614,0.2239747791389719,-0.32341873079047256,0.01996396690637858,0.224,-0.33672246471336237,0.010931617456575213,0.22274624471709611,-0.37174882868424663,-1.479174993690202,1.3087919821735967,-1.4002108036149954,-1.570810047926693,2.742799609933783,-0.2292592193052404,-0.21243526862150708,0.27215809804768626,-0.06145640194011019,0.0004940189638004985,-0.07338123880103481,-0.37174882868424663,-1.479174993690202,1.3087919821735967,-1.4002108036149954,-1.570810047926693,2.742799609933783,nan,nan,nan,nan,nan,nan,-0.1464048994702394,-7.247822275542687,-6.258928216837423,-0.9614503687768033,-0.003335972302214209,-6.676603548834714e-06,28.0,28.0,14.0,6.0,6.0,6.0
0.428,0.856,0.015886718098136958,0.025954809133317446,-0.3272938720254339,0.017258779461697755,0.22397610655271022,-0.32348290507139427,0.020144924443416718,0.224,-0.3365303446785926,0.011172704227432268,0.22271493345617266,-0.3726712022440863,-1.4800235006000761,1.309880124058148,-1.4004572997892721,-1.5708081269884733,2.7425003757262845,-0.23140405588409138,-0.21196632485261727,0.27199884072483693,-0.061758271554257775,0.0004902438120637254,-0.07567510355507716,-0.3726712022440863,-1.4800235006000761,1.309880124058148,-1.4004572997892721,-1.5708081269884733,2.7425003757262845,nan,nan,nan,nan,nan,nan,-0.1465449408811365,-7.235846385641756,-6.259008097267674,-0.9614903339046372,-0.003314725285366515,-6.515089138108313e-06,28.0,28.0,14.0,6.0,6.0,6.0
0.432,0.864,0.015643269209632472,0.025332653499647938,-0.3271380982444731,0.017575289932325346,0.22397743396644856,-0.32354765808687425,0.020325675696604584,0.224,-0.3363384510204254,0.011416502395942513,0.22268314055616298,-0.3736021297003496,-1.4808700326108877,1.3109675232185634,-1.4007049971777903,-1.5708062208438254,2.7421920005225147,-0.23353868805858422,-0.21145766847683456,0.27179720593331946,-0.062057554106177415,0.00048655764856964453,-0.07795515872175493,-0.3736021297003496,-1.4808700326108877,1.3109675232185634,-1.4007049971777903,-1.5708062208438254,2.7421920005225147,nan,nan,nan,nan,nan,nan,-0.14667171832186918,-7.223930196219359,-6.2590930832342355,-0.9615298880240252,-0.003293446295893271,-6.345456372198233e-06,28.0,28.0,14.0,6.0,6.0,6.0
0.436,0.872,0.015398677858055331,0.024711059041888566,-0.3269838645900973,0.017894510929509336,0.22397876138018685,-0.32361298917384207,0.020506218815050926,0.224,-0.336146813095067,0.011663008136917343,0.2226508659851455,-0.3745415699320833,-1.4817144319917959,1.312054011660666,-1.4009538858504222,-1.570804329122875,2.7418745403171965,-0.2356629924498772,-0.21090974267315848,0.27155379313651695,-0.06235441094503284,0.0004829625854727265,-0.08022109970734514,-0.3745415699320833,-1.4817144319917959,1.312054011660666,-1.4009538858504222,-1.570804329122875,2.7418745403171965,nan,nan,nan,nan,nan,nan,-0.14678546062593759,-7.212074770528507,-6.2591830510542605,-0.9615690351588976,-0.003272134057487352,-6.168887727683605e-06,28.0,28.0,14.0,6.0,6.0,6.0
0.44,0.88,0.015152971474970143,0.02409000981182528,-0.3268311843473115,0.018216435831107165,0.2239800887939252,-0.3236788976633081,0.020686551949995788,0.224,-0.3359554598327623,0.011912217493933314,0.22261810974605825,-0.37548948131976145,-1.482556542756797,1.3131394237531564,-1.401203956513849,-1.570802451448034,2.7415480522625,-0.23777684367230476,-0.21032297952435589,0.2712691879103227,-0.06264900008591787,0.0004794604724554788,-0.08247264630583677,-0.37548948131976145,-1.482556542756797,1.3131394237531564,-1.401203956513849,-1.570802451448034,2.7415480522625,nan,nan,nan,nan,nan,nan,-0.14688639117580646,-7.200281165054814,-6.259277880929944,-0.9616077796192524,-0.003250787241293717,-5.9864946948864325e-06,28.0,28.0,14.0,6.0,6.0,6.0
0.444,0.888,0.014906178480831969,0.023469489377776362,-0.32668007077446204,0.018541057957725357,0.22398141620766351,-0.32374538288036986,0.02086667325482944,0.224,-0.3357644197473509,0.012164126381443707,0.22258487187537906,-0.37644582173727104,-1.4833962106207013,1.3142235961723063,-1.4014552004981706,-1.5708005874350195,2.741212594574438,-0.23988011433822257,-0.2096978001599961,0.27094396203807547,-0.06294147618617914,0.0004760529086039765,-0.08470954111926894,-0.37644582173727104,-1.4833962106207013,1.3142235961723063,-1.4014552004981706,-1.5708005874350195,2.741212594574438,nan,nan,nan,nan,nan,nan,-0.14697472794173916,-7.188550430473394,-6.259377456883478,-0.9616461259748462,-0.0032294044737270454,-5.799319814845609e-06,28.0,28.0,14.0,6.0,6.0,6.0
0.448,0.896,0.01465832841827227,0.022849480915819332,-0.3265305371030075,0.018868370572822486,0.22398274362140186,-0.3238124441442194,0.021046580885111306,0.224,-0.3355737209457263,0.012418730586829338,0.22255115244186985,-0.3774105485439277,-1.4842332829557061,1.315306367847071,-1.4017076097434333,-1.5707987366938234,2.740868226445459,-0.2419726750669621,-0.2090346149102851,0.27057867362143445,-0.06323199052664641,0.00047274125415033055,-0.08693154802764523,-0.3774105485439277,-1.4842332829557061,1.315306367847071,-1.4017076097434333,-1.5707987366938234,2.740868226445459,nan,nan,nan,nan,nan,nan,-0.1470506835233078,-7.17688361253939,-6.259481666687837,-0.9616840790300094,-0.0032079843437191197,-5.608338777258044e-06,28.0,28.0,14.0,6.0,6.0,6.0
0.452,0.904,0.014409452099036038,0.02222996729487076,-0.32638259653728774,0.019198366882812977,0.22398407103514015,-0.3238800807681499,0.021226272998588806,0.224,-0.3353833911371915,0.012676025772386542,0.22251695154538562,-0.3783836185765364,-1.485067608748613,1.3163875799046811,-1.401961176786092,-1.5707968988296381,2.740515007963032,-0.24405439449760827,-0.2083338234696556,0.2701738672057971,-0.06352069099737147,0.00046952664205491586,-0.08913845070950045,-0.3783836185765364,-1.485067608748613,1.3163875799046811,-1.401961176786092,-1.5707968988296381,2.740515007963032,nan,nan,nan,nan,nan,nan,-0.14711446519373064,-7.165281752915134,-6.259590401793761,-0.9617216437995405,-0.003186525409435161,-5.414462566385848e-06,28.0,28.0,14.0,6.0,6.0,6.0
0.456,0.912,0.014159581766360011,0.021610931156294474,-0.32623626225429503,0.01953104003717189,0.2239853984488785,-0.323948292059563,0.021405747755216285,0.224,-0.3351934576427027,0.012936007477258211,0.22248226931574147,-0.3793649881415123,-1.4858990385587167,1.3174670756167701,-1.4022158947454273,-1.570795073443735,2.740153000034021,-0.24612513930533664,-0.20759581506913077,0.2697300739189382,-0.06380772208747904,0.00046640998940859074,-0.09133005121392584,-0.3793649881415123,-1.4858990385587167,1.3174670756167701,-1.4022158947454273,-1.570795073443735,2.740153000034021,nan,nan,nan,nan,nan,nan,-0.14716627494682333,-7.15374588993758,-6.259703557253737,-0.9617588254856995,-0.0031650262044908284,-5.218539644693458e-06,28.0,28.0,14.0,6.0,6.0,6.0
0.46,0.92,0.013908751274853089,0.020992354988256634,-0.32609154740344437,0.019866383128540475,0.2239867258626168,-0.32401707731997553,0.0215850033171738,0.224,-0.3350039474039947,0.01319867111930852,0.22244710591164102,-0.3803546130070751,-1.4867274244764057,1.3185447003460848,-1.402471757309931,-1.5707932601342978,2.739782264314645,-0.2481847742210613,-0.2068209686565374,0.26924781162161726,-0.06409322487876419,0.00046339200862655143,-0.09350616858464599,-0.3803546130070751,-1.4867274244764057,1.3185447003460848,-1.402471757309931,-1.5707932601342978,2.739782264314645,nan,nan,nan,nan,nan,nan,-0.14720630954641903,-7.1422770593289835,-6.259821031643094,-0.9617956294562229,-0.0031434852436934683,-5.021358165150497e-06,28.0,28.0,14.0,6.0,6.0,6.0
0.464,0.928,0.013656996290250828,0.020374221194081568,-0.32594846510634545,0.020204389192832687,0.2239880532763551,-0.3240864358450272,0.02176403784888595,0.224,-0.3348148869925834,0.013464011996944346,0.22241146151965815,-0.38135244839552973,-1.4875526200825009,1.3196203014938275,-1.4027287587236734,-1.5707914584972116,2.739402863145803,-0.25023316205416163,-0.2060096530837052,0.26872758506898553,-0.06437733704268032,0.00046047321842366537,-0.09566663753655659,-0.38135244839552973,-1.4875526200825009,1.3196203014938275,-1.4027287587236734,-1.5707914584972116,2.739402863145803,nan,nan,nan,nan,nan,nan,-0.14723476057854373,-7.1308762948533175,-6.259942726979045,-0.9618320612234256,-0.0031219010283473113,-4.823648201607119e-06,28.0,28.0,14.0,6.0,6.0,6.0
0.468,0.936,0.013404354511779026,0.019756512156908546,-0.32580702845657356,0.020545051209342573,0.22398938069009344,-0.32415636692448724,0.021942849517040713,0.224,-0.3346263026186365,0.013732025290884449,0.22237533635327342,-0.382358448975645,-1.488374480408358,1.3206937284476643,-1.402986893772668,-1.57078966812681,2.7390148594935675,-0.2522701637180718,-0.20516222729982755,0.2681698860816659,-0.06466019284039003,0.00045765395454652557,-0.0978113071849095,-0.382358448975645,-1.488374480408358,1.3206937284476643,-1.402986893772668,-1.57078966812681,2.7390148594935675,nan,nan,nan,nan,nan,nan,-0.14725181450571212,-7.1195446289223385,-6.260068548637808,-0.9618681264242779,-0.003100272051137639,-4.626083989612223e-06,28.0,28.0,14.0,6.0,6.0,6.0
0.47200000000000003,0.9440000000000001,0.013150865920288947,0.019139210297992856,-0.3256672505194421,0.02088836210085251,0.22399070810383173,-0.32422686984226196,0.02212143649060816,0.224,-0.3344382201397139,0.014002706065879821,0.22233873065196055,-0.3833725688551411,-1.4891928618967565,1.3217648325304439,-1.403246157771241,-1.5707878886165783,2.738618316894627,-0.2542956382585328,-0.20427904055023136,0.2675751937254729,-0.06494192312555556,0.0004549343802540682,-0.09994003982717779,-0.3833725688551411,-1.4891928618967565,1.3217648325304439,-1.403246157771241,-1.5707878886165783,2.738618316894627,nan,nan,nan,nan,nan,nan,-0.14725765272369543,-7.10828309315301,-6.260198405270377,-0.9619038308015152,-0.003078596800631902,-4.429286168716698e-06,28.0,28.0,14.0,6.0,6.0,6.0
0.47600000000000003,0.9520000000000001,0.012896573055820221,0.01852229813149052,-0.325529144331775,0.021234314733742342,0.22399203551757008,-0.32429794387640215,0.022299796940859238,0.224,-0.3342506650693671,0.01427604927238545,0.22230164468032293,-0.3843947615732966,-1.4900076223635954,1.3228334669496502,-1.4035065465484204,-1.570786119559816,2.738213299406473,-0.25630944288431673,-0.2033604325798326,0.2669439744987802,-0.06522265534957987,0.00045231449652832686,-0.10205270977744463,-0.3843947615732966,-1.4900076223635954,1.3228334669496502,-1.4035065465484204,-1.570786119559816,2.738213299406473,nan,nan,nan,nan,nan,nan,-0.14725245162061834,-7.097092718879257,-6.26033220871717,-0.9619391801857111,-0.003056873765411556,-4.233824020619611e-06,28.0,28.0,14.0,6.0,6.0,6.0
0.48,0.96,0.012641521328835212,0.01790575831490321,-0.32539272290167937,0.02158290191809941,0.22399336293130842,-0.32436958829911033,0.0224779290413845,0.224,-0.33406366258559833,0.014552049748186026,0.22226407872727608,-0.385424980093684,-1.4908186209604144,1.3238994867476233,-1.4037680564343502,-1.57078436055026,2.7377998715621112,-0.25831143300025305,-0.20240673384060984,0.26627668252660963,-0.06550251356901059,0.0004497941520118011,-0.10414920225305205,-0.385424980093684,-1.4908186209604144,1.3238994867476233,-1.4037680564343502,-1.57078436055026,2.7377998715621112,nan,nan,nan,nan,nan,nan,-0.14723638263803937,-7.085974537620608,-6.260469873921902,-0.9619741804782931,-0.0030351014378669603,-4.040217694164082e-06,28.0,28.0,14.0,6.0,6.0,6.0
0.484,0.968,0.012385759370052542,0.01728957369428434,-0.325257999208319,0.02193411640782942,0.2239946903450467,-0.3244418023767482,0.022655830968112797,0.224,-0.3338772375391759,0.014830702219978268,0.22222603310527358,-0.3864631767970419,-1.4916257181377504,1.3249627487525715,-1.4040306842467372,-1.570782611182668,2.7373780983291067,-0.2603014622423908,-0.20141826570246957,0.26557375976057424,-0.06578161845484229,0.00044737305265424136,-0.10622941231305058,-0.3864631767970419,-1.4916257181377504,1.3249627487525715,-1.4040306842467372,-1.570782611182668,2.7373780983291067,nan,nan,nan,nan,nan,nan,-0.1472096123341333,-7.074929581509937,-6.260611318845084,-0.9620088376355119,-0.003013278317668385,-3.848940412975336e-06,28.0,28.0,14.0,6.0,6.0,6.0
0.488,0.976,0.012129339424612926,0.016673727347255782,-0.32512498620168806,0.022287950900768207,0.22399601775878505,-0.3245145853698443,0.022833500899329954,0.224,-0.3336914144618006,0.015112001304908706,0.22218750814957808,-0.3875093034742943,-1.492428775609347,1.3260231115303946,-1.404294427277343,-1.570780871053364,2.736948045072739,-0.26227938251514726,-0.20039534066691697,0.26483563618385775,-0.06606008730347121,0.00044505077106537865,-0.10829324384791245,-0.3875093034742943,-1.492428775609347,1.3260231115303946,-1.404294427277343,-1.570780871053364,2.736948045072739,nan,nan,nan,nan,nan,nan,-0.14717230244899662,-7.063958883682293,-6.260756464377214,-0.9620431576533006,-0.002991402914941153,-3.660420658521167e-06,28.0,28.0,14.0,6.0,6.0,6.0
0.492,0.984,0.011872317797266161,0.0160582026207591,-0.3249936968023851,0.022644398038794374,0.22399734517252337,-0.32458793653310136,0.023010937015697418,0.224,-0.3335062175741245,0.01539594151207099,0.2221485042175692,-0.38856331131972155,-1.493227656317224,1.327080435337338,-1.4045592832785199,-1.5707791397607476,2.736509777523076,-0.26424504403030374,-0.19933826258298468,0.2640627300204652,-0.06633803404906831,0.00044282675556981673,-0.11034060861982091,-0.38856331131972155,-1.493227656317224,1.327080435337338,-1.4045592832785199,-1.5707791397607476,2.736509777523076,nan,nan,nan,nan,nan,nan,-0.14712460997159033,-7.0530634786275925,-6.2609052342520775,-0.9620771465530091,-0.0029694737531605676,-3.47504432564165e-06,28.0,28.0,14.0,6.0,6.0,6.0
0.496,0.992,0.01161475535638352,0.015442983166937228,-0.3248641439013875,0.023003450407942806,0.2239986725862617,-0.3246618551154041,0.023188137500270916,0.224,-0.3333216707936177,0.015682517243962794,0.22210902168809302,-0.38962515092429245,-1.494022224397613,1.3281345820734927,-1.4048252504498009,-1.5707774169057676,2.7360633617457615,-0.26619829534771783,-0.19824732686491472,0.26325544794803407,-0.06661556927714953,0.0004407003389551458,-0.11237142535279,-0.38962515092429245,-1.494022224397613,1.3281345820734927,-1.4048252504498009,-1.5707774169057676,2.7360633617457615,nan,nan,nan,nan,nan,nan,-0.1470666872086414,-7.042244402508242,-6.261057554960296,-0.9621108103680096,-0.0029474893717838214,-3.2931568428676082e-06,28.0,28.0,14.0,6.0,6.0,6.0
0.5,1.0,0.01135671810593184,0.01482805297451611,-0.3247363403598269,0.02336510053851903,0.224,-0.3247363403598269,0.02336510053851903,0.224,-0.3331377977422833,0.015971722797903293,0.22206906096084403,-0.39069477226916277,-1.4948123451477686,1.329185415237154,-1.405092327424546,-1.5707757020923625,2.7356088641163185,-0.26813898341763076,-0.19712282071111126,0.26241418531352817,-0.0668928002391406,0.00043867074691151576,-0.11438561887170794,-0.39069477226916277,-1.4948123451477686,1.329185415237154,-1.405092327424546,-1.5707757020923625,2.7356088641163185,nan,nan,nan,nan,nan,nan,-0.1469986818551963,-7.031502693444762,-6.261213355663403,-0.9621441551311327,-0.0029254483286440137,-3.115065256086575e-06,28.0,28.0,14.0,6.0,6.0,6.0
0.504,1.0,0.0110984643972138,0.014214131628890469,-0.3248113915036415,0.023541824318341797,0.224,-0.3248113915036415,0.023541824318341797,0.224,-0.332954745225113,0.01626340005012048,0.2220286445487974,-0.39177212471934675,-1.495597884993657,1.3302327998800487,-1.4053605132566485,-1.5707739949278656,2.735146351297781,-0.27006695362446154,-0.19596502332393373,0.2615393263512,-0.0671698308677449,0.00043673710616322885,-0.11638311928937725,-0.39177212471934675,-1.495597884993657,1.3302327998800487,-1.4053605132566485,-1.5707739949278656,2.735146351297781,nan,nan,nan,nan,nan,nan,-0.12919410621973676,-7.010654232995698,-6.262709036613689,-0.9627389818670712,-0.002224310253680273,-2.4899238354565123e-05,28.0,28.0,14.0,6.0,6.0,6.0
0.508,1.0,0.01084055415632003,0.013603104200581445,-0.3248870077783249,0.023718307030089262,0.224,-0.3248870077783249,0.023718307030089262,0.224,-0.33277285549099833,0.016557148307353702,0.22198783051995633,-0.3928561560673485,-1.4963778181301965,1.331275452169645,-1.4056295377665853,-1.5707722989172301,2.7346756658254954,-0.2715815092528034,-0.19441688508384608,0.26017121334929794,-0.0673389771449453,0.0004332643841496313,-0.11845345913562234,-0.3928561560673485,-1.4963778181301965,1.331275452169645,-1.4056295377665853,-1.5707722989172301,2.7346756658254954,nan,nan,nan,nan,nan,nan,-0.112631086838069,-6.991003386215594,-6.264169332266727,-0.9632928493634244,-0.0015744601385283767,-4.488734434310072e-05,28.0,28.0,14.0,6.0,6.0,6.0
0.512,1.0,0.010583513486486267,0.0129966979960854,-0.32496318840956706,0.023894546866579984,0.224,-0.32496318840956706,0.023894546866579984,0.224,-0.33259244383752146,0.016852596134806917,0.22194667361947842,-0.39394528499997233,-1.4971506622939825,1.3323114987751608,-1.405898990864349,-1.5707706200349816,2.734196544223528,-0.27271158409446344,-0.19251000123290338,0.258349641903614,-0.06740874849149284,0.0004282986363304846,-0.12058548144436058,-0.39394528499997233,-1.4971506622939825,1.3323114987751608,-1.405898990864349,-1.5707706200349816,2.734196544223528,nan,nan,nan,nan,nan,nan,-0.09723130352469911,-6.972499576791749,-6.265592557527151,-0.9638076268007899,-0.0009728000823156135,-6.315694769597006e-05,28.0,28.0,14.0,6.0,6.0,6.0
0.516,1.0,0.010327836986318362,0.012396489463247813,-0.325039932617279,0.02407054202311959,0.224,-0.325039932617279,0.02407054202311959,0.224,-0.33241380016626393,0.01714939952389964,0.22190522538408455,-0.39503804168952755,-1.4979150570378414,1.3333392198237541,-1.4061684953317903,-1.5707689640565032,2.733708767565103,-0.2734844133548479,-0.1902741446746868,0.25611212356294977,-0.06738719334484394,0.00042189435895509955,-0.12276806201012937,-0.39503804168952755,-1.4979150570378414,1.3333392198237541,-1.4061684953317903,-1.5707689640565032,2.733708767565103,nan,nan,nan,nan,nan,nan,-0.08292094754581382,-6.955094122279509,-6.266977245768636,-0.9642851096956878,-0.0004164015931512924,-7.978499757576809e-05,28.0,28.0,14.0,6.0,6.0,6.0
0.52,1.0,0.010073989976491856,0.011803911035101478,-0.3251172396156007,0.02424629069751921,0.224,-0.3251172396156007,0.02424629069751921,0.224,-0.33223719045707034,0.017447240162448526,0.22186353425417843,-0.39613306123765835,-1.498669756665326,1.3343570400329938,-1.4064377050198065,-1.5707673365273682,2.733212161137725,-0.27392562870519604,-0.1877373553242951,0.2534939931095816,-0.06728191541170793,0.0004141130498808565,-0.124990190705459,-0.39613306123765835,-1.498669756665326,1.3343570400329938,-1.4064377050198065,-1.5707673365273682,2.733212161137725,nan,nan,nan,nan,nan,nan,-0.06963052688803714,-6.938740180301768,-6.268322157259381,-0.964727026666837,9.750232749985855e-05,-9.48476305864073e-05,28.0,28.0,14.0,6.0,6.0,6.0
0.524,1.0,0.009822410634159196,0.011220257896501145,-0.3251951086129091,0.024421791090113953,0.224,-0.3251951086129091,0.024421791090113953,0.224,-0.33206285816575376,0.017745823802889138,0.2218216456841574,-0.3972290774861713,-1.4994136235127218,1.3353635202620069,-1.4067063031103746,-1.5707657427380917,2.7327065938072437,-0.27405934808268834,-0.18492602550972165,0.2505285116457455,-0.06710008984509121,0.00040502192298058685,-0.12724104314335566,-0.3972290774861713,-1.4994136235127218,1.3353635202620069,-1.4067063031103746,-1.5707657427380917,2.7327065938072437,nan,nan,nan,nan,nan,nan,-0.05729466963288196,-6.923392695041213,-6.269626281870876,-0.9651350449202761,0.0005715249074251702,-0.00010841999162577308,28.0,28.0,14.0,6.0,6.0,6.0
0.528,1.0,0.009573512033992778,0.010646694656103248,-0.32527353881182647,0.02459704140378134,0.224,-0.32527353881182647,0.02459704140378134,0.224,-0.33189102554940186,0.018044878724147943,0.2217796022512537,-0.398324917174554,-1.5001456215631996,1.3363573494648915,-1.4069740004430464,-1.570764187703726,2.7321919771177803,-0.27390826051471395,-0.1818649815959152,0.24724696563664283,-0.06684847931433457,0.00039469276093299504,-0.12951004336518582,-0.398324917174554,-1.5001456215631996,1.3363573494648915,-1.4069740004430464,-1.570764187703726,2.7321919771177803,nan,nan,nan,nan,nan,nan,-0.04585192743946995,-6.909008344125014,-6.2708888371518725,-0.9655107746673856,0.0010081331106631685,-0.00012057607198034628,28.0,28.0,14.0,6.0,6.0,6.0
0.532,1.0,0.009327684094255953,0.010084261910852649,-0.32535252940922815,0.02477203984395968,0.224,-0.32535252940922815,0.02477203984395968,0.224,-0.33172189492314685,0.01834415428280374,0.22173744376312507,-0.39941949442495156,-1.5008648103784095,1.3373373370305655,-1.4072405339053873,-1.5707626761477727,2.7316682641617716,-0.2734937062318432,-0.17857756199332783,0.2436787620503642,-0.06653344993654735,0.00038320089274934346,-0.1317869182033694,-0.39941949442495156,-1.5008648103784095,1.3373373370305655,-1.4072405339053873,-1.5707626761477727,2.7316682641617716,nan,nan,nan,nan,nan,nan,-0.03524458079134107,-6.8955454859971885,-6.272109262699555,-0.9658557726603523,0.0014096549115618208,-0.00013138856382111517,28.0,28.0,14.0,6.0,6.0,6.0
0.536,1.0,0.009085295425521344,0.009533882691274224,-0.3254320795962512,0.024946784618666482,0.224,-0.3254320795962512,0.024946784618666482,0.224,-0.3315556498519974,0.0186434195492427,0.2216952073643151,-0.40051180553639637,-1.5015703393334352,1.3383024054937607,-1.4075056648867235,-1.5707612124899357,2.7311354482518864,-0.2728357523224044,-0.17508569170417648,0.23985151972664062,-0.06616098703843921,0.0003706242837605934,-0.13406174393787512,-0.40051180553639637,-1.5015703393334352,1.3383024054937607,-1.4075056648867235,-1.5707612124899357,2.7311354482518864,nan,nan,nan,nan,nan,nan,-0.02541844735946345,-6.882964107870285,-6.273287211627709,-0.9661715450035544,0.0017782863231473513,-0.00014092873027399198,28.0,28.0,14.0,6.0,6.0,6.0
0.54,1.0,0.008846695078658756,0.008996368776041826,-0.32551218855830233,0.02512127393851677,0.224,-0.32551218855830233,0.02512127393851677,0.224,-0.3313924562810924,0.018942462024590156,0.22165292764163583,-0.4016009240710688,-1.5022614421416254,1.339251583602381,-1.4077691777944377,-1.5707598008372927,2.7305935614241514,-0.27195326417005894,-0.17140995355188376,0.2357911570992186,-0.06573671071867232,0.0003570427270427471,-0.13632498583555067,-0.4016009240710688,-1.5022614421416254,1.339251583602381,-1.4077691777944377,-1.5707598008372927,2.7305935614241514,nan,nan,nan,nan,nan,nan,-0.016322694573324546,-6.8712257743376455,-6.27442253981513,-0.966459549376562,0.0021160981709436207,-0.0001492662902544627,28.0,28.0,14.0,6.0,6.0,6.0
0.544,1.0,0.00861221418749112,0.008472426864373935,-0.32559285547506656,0.025295506016741447,0.224,-0.32559285547506656,0.025295506016741447,0.224,-0.33123246360752184,0.019241086434308115,0.22161063672845352,-0.40268599621630136,-1.5029374316563795,1.340183999726936,-1.4080308786319449,-1.5707584449785004,2.7300426727993496,-0.2708639729044692,-0.16756965623202918,0.2315219763905917,-0.06526589118237597,0.000342537126382285,-0.13856753113193626,-0.40268599621630136,-1.5029374316563795,1.340183999726936,-1.4080308786319449,-1.5707584449785004,2.7300426727993496,nan,nan,nan,nan,nan,nan,-0.007909657264034399,-6.8602935767261135,-6.2755152935158005,-0.9667211967843933,0.0024250426066728683,-0.00015646931727515052,28.0,28.0,14.0,6.0,6.0,6.0
0.548,1.0,0.008382167500067275,0.00796266460167176,-0.32567407952051525,0.025469479069205547,0.224,-0.32567407952051525,0.025469479069205547,0.224,-0.33107580569665856,0.019539113594462677,0.22156836440782549,-0.4037662364069329,-1.5035976949375047,1.341098875598212,-1.4082905936373602,-1.5707571483806828,2.7294828868275984,-0.2695845390841205,-0.16358289931667763,0.2270667443927574,-0.06475346382128784,0.00032718886189363834,-0.14078071598651032,-0.4037662364069329,-1.5035976949375047,1.341098875598212,-1.4082905936373602,-1.5707571483806828,2.7294828868275984,nan,nan,nan,nan,nan,nan,-0.00013466105020197745,-6.850132083253951,-6.276565695821276,-0.9669578529331192,0.0027069593590813104,-0.00016260415144975175,28.0,28.0,14.0,6.0,6.0,6.0
0.552,1.0,0.008156854790860478,0.007467596447835459,-0.325755859862915,0.025643191314426533,0.224,-0.325755859862915,0.025643191314426533,0.224,-0.330922601845773,0.01983637934679182,0.22152613821439224,-0.40484092319346626,-1.504241688570273,1.3419955203598013,-1.4085481679817813,-1.570755914188695,2.7289143414389367,-0.26813061281958855,-0.15946663533789726,0.2224467699432682,-0.06420404401504963,0.00031107923028169814,-0.14295634691421455,-0.40484092319346626,-1.504241688570273,1.3419955203598013,-1.4085481679817813,-1.570755914188695,2.7289143414389367,nan,nan,nan,nan,nan,nan,0.007044148031360863,-6.840707290061168,-6.277574132389206,-0.9671708393137008,0.0029635817214880874,-0.0001677353239421114,28.0,28.0,14.0,6.0,6.0,6.0
0.556,1.0,0.007936562144371927,0.0069876493826934475,-0.3258381956648357,0.02581664097359253,0.224,-0.3258381956648357,0.02581664097359253,0.224,-0.3307729576975398,0.02013273355884129,0.2214839835349117,-0.4059093953422904,-1.5048689342257933,1.342873324922524,-1.408803464526014,-1.5707547452264727,2.728337206120838,-0.2665168905351211,-0.15523672907079894,0.21768197820215474,-0.06362194163135469,0.0002942889525795666,-0.1450867171689152,-0.4059093953422904,-1.5048689342257933,1.342873324922524,-1.408803464526014,-1.5707547452264727,2.728337206120838,nan,nan,nan,nan,nan,nan,0.013665967288484142,-6.831986573161671,-6.2785411367808965,-0.9673614340634961,0.0031965422776153757,-0.00017192549312140365,28.0,28.0,14.0,6.0,6.0,6.0
0.56,1.0,0.007721563098652849,0.006523168445881995,-0.32592108608315956,0.025989826270580555,0.224,-0.32592108608315956,0.025989826270580555,0.224,-0.3306269661058907,0.02042803918557822,0.2214419237073069,-0.4069710481549935,-1.5054790144517904,1.343731756608208,-1.4090563626344768,-1.5707536440002168,2.727751679941703,-0.26475716855629106,-0.1509080141312086,0.21279098183201028,-0.06301117520493968,0.00027689774288397565,-0.1471646185278465,-0.4069710481549935,-1.5054790144517904,1.343731756608208,-1.4090563626344768,-1.5707536440002168,2.727751679941703,nan,nan,nan,nan,nan,nan,0.0197674942908562,-6.823938641368811,-6.279467375693297,-0.9675308726634544,0.003407378368884591,-0.0001752353917118452,28.0,28.0,14.0,6.0,6.0,6.0
0.5640000000000001,1.0,0.007512119635242382,0.00607442210486515,-0.3260045302690894,0.026162745431974662,0.224,-0.3260045302690894,0.026162745431974662,0.224,-0.3304847079565425,0.02072217138903667,0.2213999801180855,-0.4080253299945192,-1.5060715686833177,1.3445703540706768,-1.4093067570449633,-1.5707526127031808,2.7271579895376714,-0.2628643937017447,-0.1464943469983233,0.20779114918071473,-0.06237548577772152,0.0002589839322710217,-0.14918334890046986,-0.4080253299945192,-1.5060715686833177,1.3445703540706768,-1.4093067570449633,-1.5707526127031808,2.7271579895376714,nan,nan,nan,nan,nan,nan,0.025383076802672874,-6.8165334902313575,-6.280353634317012,-0.9676803485188596,0.0035975373077121314,-0.00017772378424204911,28.0,28.0,14.0,6.0,6.0,6.0
0.5680000000000001,1.0,0.0073084830000134686,0.005641607448819583,-0.3260885273681574,0.026335396687084168,0.224,-0.3260885273681574,0.026335396687084168,0.224,-0.33034625294439235,0.02101501671269589,0.2213581722979935,-0.4090717390066064,-1.5066462894633765,1.3453887224822034,-1.4095545567928593,-1.5707516532218504,2.726556387078459,-0.260850711047686,-0.14200865856814973,0.20269866956371071,-0.06171835038469056,0.00024062414265361398,-0.15113671616028687,-0.4090717390066064,-1.5066462894633765,1.3453887224822034,-1.4095545567928593,-1.5707516532218504,2.726556387078459,nan,nan,nan,nan,nan,nan,0.030544855678623074,-6.809742357017069,-6.281200802008386,-0.9678110134629327,0.0037683813423718244,-0.00017944743412416758,28.0,28.0,14.0,6.0,6.0,6.0
0.5720000000000001,1.0,0.007110894337606057,0.005224855208760182,-0.3261730765202341,0.026507778267961715,0.224,-0.3261730765202341,0.026507778267961715,0.224,-0.33021166030986837,0.021306472307439657,0.22131651801576036,-0.4101098200256069,-1.5072029188638159,1.3461865289740602,-1.409799684188369,-1.5707507671433265,2.725947148226381,-0.258727509024741,-0.137463003339324,0.19752861574049033,-0.06104299517245349,0.0002218930058307367,-0.1530190385741945,-0.4101098200256069,-1.5072029188638159,1.3461865289740602,-1.409799684188369,-1.5707507671433265,2.725947148226381,nan,nan,nan,nan,nan,nan,0.03528290073944808,-6.803537676764141,-6.282009858423146,-0.967923978215091,0.003921192379951226,-0.00018046107970938702,28.0,28.0,14.0,6.0,6.0,6.0
0.5760000000000001,1.0,0.0069195851206472975,0.004824234600911622,-0.32625817685953684,0.026679888409421426,0.224,-0.32625817685953684,0.026679888409421426,0.224,-0.33008097953620597,0.021596445206094623,0.22127503336980334,-0.41113916165438724,-1.507741245097284,1.346963498320174,-1.4100420738452506,-1.5707499557637397,2.7253305701013018,-0.25650546199820107,-0.13286860632880637,0.19229500367776117,-0.06035240813952354,0.00020286292348507863,-0.15482514218074353,-0.41113916165438724,-1.507741245097284,1.346963498320174,-1.4100420738452506,-1.5707499557637397,2.7253305701013018,nan,nan,nan,nan,nan,nan,0.03962533970496414,-6.797893039430538,-6.282781860228312,-0.9680203128193949,0.004057176474433869,-0.0001808174186969149,28.0,28.0,14.0,6.0,6.0,6.0
0.58,1.0,0.006734777354087261,0.0044397579961244745,-0.326343827514639,0.026851725349056953,0.224,-0.326343827514639,0.026851725349056953,0.224,-0.3299542510095314,0.02188485164368693,0.22123373287776485,-0.412159393508609,-1.508261099311392,1.3477194088532578,-1.4102816717595261,-1.570749220097544,2.7247069692628774,-0.25419457047441096,-0.12823590781126107,0.1870108496898857,-0.059649351489591905,0.00018360386423041554,-0.15655035544652335,-0.412159393508609,-1.508261099311392,1.3477194088532578,-1.4102816717595261,-1.570749220097544,2.7247069692628774,nan,nan,nan,nan,nan,nan,0.04359848030590383,-6.7927831481478345,-6.283517928477444,-0.9681010470831037,0.004177468087631429,-0.000180567100286919,28.0,28.0,14.0,6.0,6.0,6.0
0.584,1.0,0.006556683534966387,0.0040713854175097155,-0.3264300276084785,0.027023287327259546,0.224,-0.3264300276084785,0.027023287327259546,0.224,-0.3298315066435313,0.02217161642070061,0.22119262956376518,-0.4131701836162301,-1.508762352556605,1.348454088603148,-1.4105184344366024,-1.5707485608875456,2.7240766797202234,-0.25180419906816726,-0.12357460597219688,0.181688225045216,-0.05893637359102976,0.0001641831942428963,-0.15819050150839117,-0.4131701836162301,-1.508762352556605,1.348454088603148,-1.4105184344366024,-1.5707485608875456,2.7240766797202234,nan,nan,nan,nan,nan,nan,0.0472269257369046,-6.788183778594213,-6.284219236712212,-0.9681671710307661,0.004283134130901524,-0.00017975872449866098,28.0,28.0,14.0,6.0,6.0,6.0
0.588,1.0,0.0063855063491392895,0.003719028871048393,-0.3265167762583672,0.02719457258723604,0.224,-0.3265167762583672,0.02719457258723604,0.224,-0.3297127704704084,0.022456672306759493,0.22115173504326624,-0.4141712359635911,-1.509244912919734,1.3491674116474306,-1.410752328065212,-1.5707479786155412,2.72344005097793,-0.24934311235848677,-0.11889369756155868,0.17633830812520077,-0.05821582053782059,0.0001446655382850163,-0.1597418882888407,-0.4141712359635911,-1.509244912919734,1.3491674116474306,-1.410752328065212,-1.5707479786155412,2.72344005097793,nan,nan,nan,nan,nan,nan,0.05053368364109937,-6.784071739490707,-6.284886999832146,-0.9682196353853819,0.004375177795923672,-0.0001784388480905638,28.0,28.0,14.0,6.0,6.0,6.0
0.592,1.0,0.006221438089254152,0.003382556517780443,-0.32660407257599977,0.02736557937502687,0.224,-0.32660407257599977,0.02736557937502687,0.224,-0.3295980591997394,0.022739959482292505,0.22111105960545555,-0.4151622881799411,-1.5097087228152435,1.3498592946647785,-1.410983327736576,-1.5707474735134512,2.7227974461262727,-0.2468195087529482,-0.11420151663113788,0.1709714342213362,-0.05748984730888712,0.00012511266825830314,-0.1612012967520737,-0.4151622881799411,-1.5097087228152435,1.3498592946647785,-1.410983327736576,-1.5707474735134512,2.7227974461262727,nan,nan,nan,nan,nan,nan,0.053540268840090055,-6.780424834220334,-6.285522463756457,-0.9682593520847683,0.004454542182902233,-0.00017665199654799354,28.0,28.0,14.0,6.0,6.0,6.0
0.596,1.0,0.0060646597830238975,0.0030617966998790543,-0.3266919156674625,0.027536305939524025,0.224,-0.3266919156674625,0.027536305939524025,0.224,-0.32948738274677425,0.023021425015867254,0.22107061229307015,-0.41614310935272253,-1.5101537564269027,1.3505296936817588,-1.411211416707178,-1.5707470455748427,2.722149239982425,-0.24424105247400493,-0.10950577143600099,0.16559714305330053,-0.05676042852448237,0.00010558341665441238,-0.16256596754961283,-0.41614310935272253,-1.5101537564269027,1.3505296936817588,-1.411211416707178,-1.5707470455748427,2.722149239982425,nan,nan,nan,nan,nan,nan,0.05626680004015186,-6.777221823567611,-6.286126895888001,-0.9682871948386227,0.004522113734659762,-0.00017444068162214397,28.0,28.0,14.0,6.0,6.0,6.0
0.6,1.0,0.005915340027840499,0.002756541839730763,-0.326780304633243,0.027706750532488972,0.224,-0.326780304633243,0.027706750532488972,0.224,-0.32938074473164514,0.023301022375010243,0.2210304009795945,-0.4171134979663706,-1.5105800172926402,1.3511786010042015,-1.4114365857035376,-1.5707466945667494,2.7214958172885435,-0.24161490377420858,-0.10481357957711014,0.1602242240898839,-0.056029368799861215,8.613361253297379e-05,-0.16383358628630112,-0.4171134979663706,-1.5105800172926402,1.3511786010042015,-1.4114365857035376,-1.5707466945667494,2.7214958172885435,nan,nan,nan,nan,nan,nan,0.05873209075706238,-6.77444238957082,-6.286701576377579,-0.9683039997295328,0.0045787254850387284,-0.00017184542392954753,28.0,28.0,14.0,6.0,6.0,6.0
0.604,1.0,0.005773633537354455,0.002466552242587305,-0.32686923856823896,0.027876911408570574,0.224,-0.32686923856823896,0.027876911408570574,0.224,-0.329278142950889,0.02357871096844865,0.22099043244378044,-0.4180732799577959,-1.5109875360257423,1.3518060423245384,-1.411658832267376,-1.5707464200417005,2.7208375709717036,-0.23894774748115205,-0.10013150145937598,0.15486075975256972,-0.05529831269786713,6.681603784775723e-05,-0.16500226762045592,-0.4180732799577959,-1.5109875360257423,1.3518060423245384,-1.411658832267376,-1.5707464200417005,2.7208375709717036,nan,nan,nan,nan,nan,nan,0.06095373471012396,-6.772067100478033,-6.287247790176601,-0.968310565859236,0.004625160129976287,-0.00016890478014115772,28.0,28.0,14.0,6.0,6.0,6.0
0.608,1.0,0.005639679417822204,0.0021915598600372346,-0.3269587165617677,0.028046786825322943,0.224,-0.3269587165617677,0.028046786825322943,0.224,-0.3291795698226136,0.023854455717827322,0.22095071244145092,-0.4190223068821066,-1.511376368165845,1.352412073996839,-1.411878160139583,-1.570746221349886,2.720174900469858,-0.23624581996713812,-0.09546557213659673,0.14951416657991284,-0.05456875428338804,4.768040213894973e-05,-0.1660705383956288,-0.4190223068821066,-1.511376368165845,1.352412073996839,-1.411878160139583,-1.570746221349886,2.720174900469858,nan,nan,nan,nan,nan,nan,0.06294818593948119,-6.770077376793116,-6.28776681985872,-0.9683076560400405,0.004662152929486829,-0.00016565537431351794,28.0,28.0,14.0,6.0,6.0,6.0
0.612,1.0,0.005513599206689743,0.001931272099587338,-0.3270487376975755,0.0282163750432233,0.224,-0.3270487376975755,0.0282163750432233,0.224,-0.3290850128065908,0.024128226657066685,0.22091124577455903,-0.41996045418249456,-1.5117465921534328,1.352996780471582,-1.412094578681394,-1.5707460976513847,2.719508210127236,-0.23351493463307668,-0.09082133161201035,0.14419123442907497,-0.053842046283786256,2.8773333771807776e-05,-0.16703731998593163,-0.41996045418249456,-1.5117465921534328,1.352996780471582,-1.412094578681394,-1.5707460976513847,2.719508210127236,nan,nan,nan,nan,nan,nan,0.06473083390211135,-6.768455458395841,-6.288259939184322,-0.9682959975300574,0.004690394448638461,-0.00016213193293866231,28.0,28.0,14.0,6.0,6.0,6.0
0.616,1.0,0.005395494722508423,0.0016853758483704958,-0.3271393010538465,0.02838567432568977,0.224,-0.3271393010538465,0.02838567432568977,0.224,-0.3289944548004918,0.024399998557634407,0.22087203635749064,-0.42088761955855164,-1.5120983074218368,1.3535602718824895,-1.4123081023312247,-1.570746047928396,2.7188379076619107,-0.2307605059909144,-0.08620385366057341,0.13889816378911926,-0.05311940886050927,1.0138386066140017e-05,-0.16790191002223936,-0.42088761955855164,-1.5120983074218368,1.3535602718824895,-1.4123081023312247,-1.570746047928396,2.7188379076619107,nan,nan,nan,nan,nan,nan,0.06631607380067538,-6.767184372720342,-6.288728407377683,-0.9682762828099877,0.00471053314538271,-0.00015836732330351674,28.0,28.0,14.0,6.0,6.0,6.0
0.62,1.0,0.005285445793026401,0.0014535420332246669,-0.32723040570321277,0.02855468293909918,0.224,-0.32723040570321277,0.02855468293909918,0.224,-0.32890787451342574,0.0246697505781028,0.22083308728060494,-0.42180372142761097,-1.5124316326009757,1.3541026817780644,-1.412518750095616,-1.5707460709974173,2.718164402707622,-0.2279875724239914,-0.08161777323658065,0.13364060127888358,-0.05240193799798633,-8.183943219791122e-06,-0.16866396365253783,-0.42180372142761097,-1.5124316326009757,1.3541026817780644,-1.412518750095616,-1.5707460709974173,2.718164402707622,nan,nan,nan,nan,nan,nan,0.0677173723962475,-6.766247903973147,-6.289173464082615,-0.9682491703985066,0.00472317781291767,-0.00015439259478045844,28.0,28.0,14.0,6.0,6.0,6.0
0.624,1.0,0.005183507945858362,0.0012354313703328264,-0.3273220507127636,0.028723399152804814,0.224,-0.3273220507127636,0.028723399152804814,0.224,-0.32882524681789904,0.024937465936464426,0.2207944008710238,-0.42270869747401063,-1.5127467038273366,1.3546241649907365,-1.4127265450727813,-1.570746165521317,2.717488105431378,-0.2252008177000773,-0.07706731252781099,0.12842367340046207,-0.051690613516784514,-2.6156180437984753e-05,-0.169323474476596,-0.42270869747401063,-1.5127467038273366,1.3546241649907365,-1.4127265450727813,-1.570746165521317,2.717488105431378,nan,nan,nan,nan,nan,nan,0.068947329549573,-6.765630563365605,-6.289596324959106,-0.9682152857027146,0.004728899884002307,-0.00015023702268339092,28.0,28.0,14.0,6.0,6.0,6.0
0.628,1.0,0.005089710161856726,0.001030702773609951,-0.32741423514405477,0.02889182123915411,0.224,-0.32741423514405477,0.02889182123915411,0.224,-0.32874654308125123,0.025203131603769514,0.22075597875068656,-0.4236025032814675,-1.5130436731549264,1.355124895636823,-1.4129315140072705,-1.5707463300212616,2.7168094252278108,-0.22240459130744836,-0.07255630571497586,0.1232520186174561,-0.0509863067187125,-4.374383394079331e-05,-0.16988075528259197,-0.4236025032814675,-1.5130436731549264,1.355124895636823,-1.4129315140072705,-1.5707463300212616,2.7168094252278108,nan,nan,nan,nan,nan,nan,0.0700177357317262,-6.765317560346919,-6.2899981778839855,-0.9681752218998587,0.004728235604375385,-0.00014592815434842199,28.0,28.0,14.0,6.0,6.0,6.0
0.632,1.0,0.005004052803282422,0.0008390280045034344,-0.3275069580531186,0.02905994747350638,0.224,-0.3275069580531186,0.02905994747350638,0.224,-0.3286717314775858,0.025466738017731166,0.22071782189169736,-0.42448511104401837,-1.5133227070621607,1.3556050652407652,-1.4131336868743014,-1.5707465628884496,2.7161287694907883,-0.21960292768026188,-0.06808822249308473,0.11812981782541923,-0.050289787672201394,-6.091534247942968e-05,-0.17033641870160562,-0.42448511104401837,-1.5133227070621607,1.3556050652407652,-1.4131336868743014,-1.5707465628884496,2.7161287694907883,nan,nan,nan,nan,nan,nan,0.07093962573498169,-6.76529477480725,-6.290380179714957,-0.9681295408461857,0.004721688082203188,-0.0001414918571151351,28.0,28.0,14.0,6.0,6.0,6.0
0.636,1.0,0.0049265058351172595,0.0006601224855261484,-0.32760021849047327,0.029227776134250445,0.224,-0.32760021849047327,0.029227776134250445,0.224,-0.32860077728116316,0.02572827881503728,0.2206799306690014,-0.4253565083512425,-1.5135839850498694,1.356064880977377,-1.413333096492342,-1.5707468623956249,2.715446542462357,-0.21679956437556555,-0.06366619040904235,0.113060823279994,-0.04960173214681997,-7.7642015222848e-05,-0.17069135788474019,-0.4253565083512425,-1.5135839850498694,1.356064880977377,-1.413333096492342,-1.5707468623956249,2.715446542462357,nan,nan,nan,nan,nan,nan,0.07172332880868518,-6.76554873023278,-6.290743453579244,-0.9680787740087373,0.004709729220172967,-0.00013695236790718944,28.0,28.0,14.0,6.0,6.0,6.0
0.64,1.0,0.004857007456670264,0.0004938246681878397,-0.3276940155011327,0.029395305502822294,0.224,-0.3276940155011327,0.029395305502822294,0.224,-0.32853364314218214,0.025987750581174876,0.22064230491043443,-0.4262166970437179,-1.5138276983258192,1.3565045640260966,-1.4135297781625638,-1.5707472267083344,2.7147631441586766,-0.21399795926063397,-0.05929301606775005,0.10804838604646264,-0.048922728206241724,-9.389796439200564e-05,-0.17094672729726604,-0.4262166970437179,-1.5138276983258192,1.3565045640260966,-1.4135297781625638,-1.5707472267083344,2.7147631441586766,nan,nan,nan,nan,nan,nan,0.07237851543524008,-6.76606656778596,-6.291089086647035,-0.9680234234158577,0.004692801536593317,-0.00013233234412539228,28.0,28.0,14.0,6.0,6.0,6.0
0.644,1.0,0.0047954632507894,0.00034035708359936306,-0.3277883481246164,0.029562533863722654,0.224,-0.3277883481246164,0.029562533863722654,0.224,-0.32847028934583183,0.026245152616654614,0.22060494394419178,-0.42706569213489176,-1.514054048571351,1.3569243480314805,-1.4137237693338243,-1.5707476538959033,2.7140789693722804,-0.21120130676586035,-0.05497120525689692,0.10309548203255571,-0.04825328246934737,-0.00010966003145927831,-0.1711039237143117,-0.42706569213489176,-1.514054048571351,1.3569243480314805,-1.4137237693338243,-1.5707476538959033,2.7140789693722804,nan,nan,nan,nan,nan,nan,0.07291424095278459,-6.76683602128822,-6.291418128351164,-0.9679639626222046,0.00467131988159346,-0.00012765291558809277,28.0,28.0,14.0,6.0,6.0,6.0
0.648,1.0,0.0047417459391604095,0.00020155670135974703,-0.327883215394959,0.029729459504534574,0.224,-0.327883215394959,0.029729459504534574,0.224,-0.3284106740554642,0.026500486718587866,0.22056784664377918,-0.4279035207957565,-1.514263246785925,1.3573244776644255,-1.4139151092918794,-1.5707481419421025,2.7133944067496545,-0.20841255325519115,-0.0507029820386731,0.09820473666454152,-0.0475938260494438,-0.00012490770775604981,-0.17116456749346845,-0.4279035207957565,-1.514263246785925,1.3573244776644255,-1.4139151092918794,-1.5707481419421025,2.7133944067496545,nan,nan,nan,nan,nan,nan,0.07333898622166769,-6.76784539307983,-6.291731589015082,-0.9679008376841853,0.004645673054215945,-0.00012293373726969642,28.0,28.0,14.0,6.0,6.0,6.0
0.652,1.0,0.004695695805052616,9.16245878212499e-05,-0.32797861634072056,0.029896080715940944,0.224,-0.32797861634072056,0.029896080715940944,0.224,-0.32835475354068683,0.026753756976638603,0.22053101147049933,-0.4287302213989243,-1.5144555122055645,1.3577052072788363,-1.4141038388715608,-1.5707486887554905,2.712709837942869,-0.20563441156303253,-0.046490306854717715,0.09337844826477619,-0.046944720181810416,-0.00013962305030323113,-0.17113048419105475,-0.4287302213989243,-1.5144555122055645,1.3577052072788363,-1.4141038388715608,-1.5707486887554905,2.712709837942869,nan,nan,nan,nan,nan,nan,0.07366069552247119,-6.769083530731816,-6.292030438852409,-0.9678344681418585,0.004616225325961204,-0.00011819304260562114,28.0,28.0,14.0,6.0,6.0,6.0
0.656,1.0,0.004657121811237399,0.00010252975231965856,-0.32807454998499624,0.030062395791742018,0.224,-0.32807454998499624,0.030062395791742018,0.224,-0.32830248239115073,0.027004969582431024,0.22049443651354794,-0.4295458426188812,-1.5146310712913553,1.358066799658686,-1.414290000190701,-1.5707492921794115,2.7120256368337397,-0.20286937474368483,-0.042334893688764266,0.08861861018706024,-0.04630626154994181,-0.000153790593589101,-0.17100368658074078,-0.4295458426188812,-1.5146310712913553,1.358066799658686,-1.414290000190701,-1.5707492921794115,2.7120256368337397,nan,nan,nan,nan,nan,nan,0.07388681186437505,-6.770539804587381,-6.292315607303296,-0.9677652480035682,0.0045833178760334835,-0.00011344769714823393,28.0,28.0,14.0,6.0,6.0,6.0
0.66,1.0,0.004625803403430943,0.0001985488841565083,-0.32817101534542636,0.030228403028872877,0.224,-0.32817101534542636,0.030228403028872877,0.224,-0.3282538137167676,0.02725413265155284,0.22045811952778005,-0.4303504425853791,-1.5147901567843427,1.35840952485064,-1.4144736364046253,-1.570749950001634,2.711342168828777,-0.2001197290766669,-0.03823822632969293,0.0839269317643567,-0.04567868732095809,-0.00016739725798398282,-0.17078635712573118,-0.4303504425853791,-1.5147901567843427,1.35840952485064,-1.4144736364046253,-1.570749950001634,2.711342168828777,nan,nan,nan,nan,nan,nan,0.07402430987290816,-6.772204086106321,-6.29258798267346,-0.9676935467297249,0.004547270143326671,-0.00010871325237310955,28.0,28.0,14.0,6.0,6.0,6.0
0.664,1.0,0.0046014929518406475,0.00029759994598481946,-0.3282680114342065,0.030394100727420853,0.224,-0.3282680114342065,0.030394100727420853,0.224,-0.3282086993350588,0.0275012560573497,0.22042205796922662,-0.43114408808709126,-1.514933006823329,1.3587336590776236,-1.4146547914800773,-1.5707506599636183,2.7106597902230045,-0.19738756636874763,-0.034201573775955514,0.07930485812161334,-0.04506217990072485,-0.00018043225541676959,-0.17048083094868002,-0.43114408808709126,-1.514933006823329,1.3587336590776236,-1.4146547914800773,-1.5707506599636183,2.7106597902230045,nan,nan,nan,nan,nan,nan,0.07407972641709451,-6.774066726989472,-6.2928484120447274,-0.9676197102125026,0.004508381099889972,-0.00010400399945419336,28.0,28.0,14.0,6.0,6.0,6.0
0.668,1.0,0.004583918748807643,0.0003902567901474103,-0.3283655372580974,0.03055948719064298,0.224,-0.3283655372580974,0.03055948719064298,0.224,-0.3281670899463035,0.027746351275756847,0.22038624902843462,-0.43192685382281454,-1.5150598641222373,1.3590394837289201,-1.4148335099874807,-1.5707514197694052,2.7099788476305586,-0.19467479559112427,-0.03022600482068808,0.07475358890463946,-0.04445687141919448,-0.00019288699290228353,-0.17008957933708396,-0.43192685382281454,-1.5150598641222373,1.3590394837289201,-1.4148335099874807,-1.5707514197694052,2.7099788476305586,nan,nan,nan,nan,nan,nan,0.07405918912767896,-6.776118539059611,-6.293097701426206,-0.9675440617482536,0.004466930450402924,-9.93330228344183e-05,28.0,28.0,14.0,6.0,6.0,6.0
0.672,1.0,0.004572788452306715,0.00047519706162361686,-0.32846359181843565,0.030724560724983297,0.224,-0.32846359181843565,0.030724560724983297,0.224,-0.32812893529712966,0.027989431240463627,0.22035068966170207,-0.4326988216976489,-1.5151709752038556,1.3593272844225897,-1.4150098369104847,-1.5707522270941154,2.7092996774798457,-0.19198315388794832,-0.026312401855247053,0.07027409597428096,-0.04386284795649161,-0.0002047549744479963,-0.1696151938157908,-0.4326988216976489,-1.5151709752038556,1.3593272844225897,-1.4150098369104847,-1.5707522270941154,2.7092996774798457,nan,nan,nan,nan,nan,nan,0.07396844294821812,-6.77835077487397,-6.293336616118379,-0.9674669029999393,0.004423179761925331,-9.471225343889103e-05,28.0,28.0,14.0,6.0,6.0,6.0
0.676,1.0,0.004567792845572815,0.000552304299065652,-0.32856217411114336,0.03088931964009027,0.224,-0.32856217411114336,0.03088931964009027,0.224,-0.32809418433315624,0.02823051020774899,0.22031537662029635,-0.4334600801617248,-1.515266589686928,1.3595973501361887,-1.4151838174717872,-1.5707530795920561,2.708622605570928,-0.18931421699029533,-0.02246147392732645,0.06586714011334359,-0.04328015352013937,-0.00021603170185028432,-0.1690603708127419,-0.4334600801617248,-1.515266589686928,1.3595973501361887,-1.4151838174717872,-1.5707530795920561,2.708622605570928,nan,nan,nan,nan,nan,nan,0.07381287485411034,-6.7807551090477505,-6.2935658812636275,-0.9673885149469572,0.004377373527981442,-9.015252138760269e-05,28.0,28.0,14.0,6.0,6.0,6.0
0.68,1.0,0.0045686097736885025,0.0006217709644902194,-0.32866128312673865,0.031053762248834042,0.224,-0.32866128312673865,0.031053762248834042,0.224,-0.3280627853412633,0.02846960363037138,0.22028030647772584,-0.4342107235891819,-1.5153469596236995,1.3598499724019568,-1.4153554969742619,-1.570753974904432,2.7079479466927103,-0.18666940906770513,-0.018673769088368004,0.06153328679206447,-0.04270879378374635,-0.00022671457482626147,-0.1684278969389047,-0.4342107235891819,-1.5153469596236995,1.3598499724019568,-1.4153554969742619,-1.570753974904432,2.7079479466927103,nan,nan,nan,nan,nan,nan,0.07359753686484238,-6.78332362026412,-6.29378618255827,-0.967309158820033,0.004329740170797011,-8.566360807769574e-05,28.0,28.0,14.0,6.0,6.0,6.0
0.684,1.0,0.004574908118607991,0.0006838935536027218,-0.32876091785034617,0.031217886867323737,0.224,-0.32876091785034617,0.031217886867323737,0.224,-0.32803468608205755,0.028706728039936232,0.2202454756551505,-0.4349508516952222,-1.5154123388851506,1.360085444562812,-1.4155249206564617,-1.5707549106666567,2.7072760042974293,-0.18405001204756724,-0.01494968606351801,0.0572729210362357,-0.04214873959732218,-0.00023680279090848214,-0.16772063489859884,-0.4349508516952222,-1.5154123388851506,1.360085444562812,-1.4155249206564617,-1.5707549106666567,2.7072760042974293,nan,nan,nan,nan,nan,nan,0.073327167468047,-6.7860487739488065,-6.293998167103443,-0.9672290770191438,0.004280492985315188,-8.125429751890123e-05,28.0,28.0,14.0,6.0,6.0,6.0
0.6880000000000001,1.0,0.004586351683821172,0.0007390081599947645,-0.32886107726170716,0.0313816918149247,0.224,-0.32886107726170716,0.0313816918149247,0.224,-0.32800983391304556,0.02894190093719833,0.22021088044500944,-0.43568056898918345,-1.5154629825912964,1.3603040610856774,-1.4156921335616124,-1.5707558845152685,2.7066070702298988,-0.18145717443088155,-0.011289485275998599,0.05308626144043226,-0.04159993027922068,-0.0002462972454947122,-0.16694151004207677,-0.43568056898918345,-1.5154629825912964,1.3603040610856774,-1.4156921335616124,-1.5707558845152685,2.7066070702298988,nan,nan,nan,nan,nan,nan,0.07300621156657001,-6.78892340558997,-6.29420244437403,-0.9671484940126238,0.004229831028404175,-7.693242681591454e-05,28.0,28.0,14.0,6.0,6.0,6.0
0.6920000000000001,1.0,0.004602602876760426,0.000787465517325258,-0.3289617603351901,0.03154517541427569,0.224,-0.3289617603351901,0.03154517541427569,0.224,-0.3279881759030348,0.02917514068979509,0.22017651703294178,-0.43639998426168347,-1.515499146584042,1.360506116928817,-1.415857180419248,-1.5707568940944459,2.705941424508914,-0.17889191963130271,-0.007693299256466319,0.04897337336722178,-0.04106227669952158,-0.0002552004323957472,-0.16609349756822606,-0.43639998426168347,-1.515499146584042,1.360506116928817,-1.415857180419248,-1.5707568940944459,2.705941424508914,nan,nan,nan,nan,nan,nan,0.07263883905164069,-6.791940704679178,-6.294399587285698,-0.9670676172158448,0.004177939956474033,-7.27049357035567e-05,28.0,28.0,14.0,6.0,6.0,6.0
0.6960000000000001,1.0,0.0046233260987815486,0.0008296197766244326,-0.32906296603980123,0.03170833599130609,0.224,-0.32906296603980123,0.03170833599130609,0.224,-0.32796965893823193,0.029406466436936902,0.22014238151808646,-0.4371092101039924,-1.5155210869402065,1.3606919069600283,-1.4160201055386732,-1.570757937062132,2.7052793351582145,-0.1763551538628353,-0.004161142466604343,0.04493418137162669,-0.04053566416445913,-0.0002635163452219191,-0.16517961038161816,-0.4371092101039924,-1.5155210869402065,1.3606919069600283,-1.4160201055386732,-1.570757937062132,2.7052793351582145,nan,nan,nan,nan,nan,nan,0.0722289621000584,-6.795094199256812,-6.294590133343065,-0.9669866378481315,0.0041249928145495295,-6.857791505153172e-05,28.0,28.0,14.0,6.0,6.0,6.0
0.7000000000000001,1.0,0.0046481907766556555,0.0008658228180692134,-0.32916469333919507,0.031871171875253006,0.224,-0.32916469333919507,0.031871171875253006,0.224,-0.32795422982050176,0.02963589800061318,0.22010846993183247,-0.4378083624578875,-1.5155290595224462,1.3608617254226818,-1.4161809527134894,-1.5707590110957674,2.7046210580843764,-0.17384767360011755,-0.0006929205650098482,0.04096848088860579,-0.040019955111266485,-0.0002712503798929856,-0.16420288760484278,-0.4378083624578875,-1.5155290595224462,1.3608617254226818,-1.4161809527134894,-1.5707590110957674,2.7046210580843764,nan,nan,nan,nan,nan,nan,0.071780251285044,-6.798377741037908,-6.29477458585203,-0.9669057317666964,0.004071150779662045,-6.455665426257167e-05,28.0,28.0,14.0,6.0,6.0,6.0
0.704,1.0,0.004676873993717359,0.0008964210857042926,-0.32926694119168487,0.03203368139867842,0.224,-0.32926694119168487,0.03203368139867842,0.224,-0.32794183535822047,0.029863455802898793,0.22007477825509802,-0.4384975601943375,-1.515523319565912,1.3610158654467557,-1.416339765136441,-1.5707601138976386,2.703966836999024,-0.17137017263387408,0.002711560857802673,0.03707594921978639,-0.03951499162257866,-0.0002784092385472488,-0.16316638374400627,-0.4384975601943375,-1.515523319565912,1.3610158654467557,-1.416339765136441,-1.5707601138976386,2.703966836999024,nan,nan,nan,nan,nan,nan,0.07129615058640774,-6.8017854911036615,-6.294953415182389,-0.9668250602766575,0.004016563861249796,-6.064568750155094e-05,28.0,28.0,14.0,6.0,6.0,6.0
0.708,1.0,0.004709062701316483,0.00092175367763883,-0.32936970855025355,0.032195862897486216,0.224,-0.32936970855025355,0.032195862897486216,0.224,-0.32793242245014137,0.03008916078897486,0.2200413024342155,-0.43917692471944964,-1.5155041212985774,1.3611546186021473,-1.4164965853238873,-1.5707612431998477,2.703316903382759,-0.1689232487428596,0.006052588049544751,0.0332561558542643,-0.039020597769272025,-0.00028500083509306424,-0.1620731585026237,-0.43917692471944964,-1.5155041212985774,1.3611546186021473,-1.4164965853238873,-1.5707612431998477,2.703316903382759,nan,nan,nan,nan,nan,nan,0.07077989137797289,-6.805311906136263,-6.295127060067006,-0.9667447709163639,0.003961371561119938,-5.684883869841779e-05,28.0,28.0,14.0,6.0,6.0,6.0
0.712,1.0,0.004744455510742586,0.0009421511363683816,-0.3294729943625643,0.032357714710939275,0.224,-0.3294729943625643,0.032357714710939275,0.224,-0.32792593816266286,0.03031303435550145,0.22000803839549415,-0.43984657960619655,-1.5154717175932875,1.3612782744916805,-1.4166514550492344,-1.5707623967689095,2.702671476488227,-0.16650741000242048,0.009330531346855585,0.02950857215682586,-0.03853658179037036,-0.00029103420262049495,-0.1609262672366602,-0.43984657960619655,-1.5154717175932875,1.3612782744916805,-1.4166514550492344,-1.5707623967689095,2.702671476488227,nan,nan,nan,nan,nan,nan,0.07023450546630366,-6.808951725181334,-6.29529592892588,-0.9666649982173873,0.0039057034953452205,-5.316926527816103e-05,28.0,28.0,14.0,6.0,6.0,6.0
0.716,1.0,0.004782764081586487,0.0009579346283027783,-0.3295767975709712,0.03251923518167644,0.224,-0.3295767975709712,0.03251923518167644,0.224,-0.3279223298008812,0.030535098284003758,0.21997498205853178,-0.4405066502505161,-1.5154263596496562,1.3613871203813626,-1.416804415284697,-1.570763572409987,2.7020307633797924,-0.16412308074868764,0.012545837882996158,0.02583258045559543,-0.03806273811836913,-0.0002965194028757724,-0.1597287520413226,-0.4405066502505161,-1.5154263596496562,1.3613871203813626,-1.416804415284697,-1.570763572409987,2.7020307633797924,nan,nan,nan,nan,nan,nan,0.06966283724880874,-6.812699956919232,-6.295460401204335,-0.9665858644387438,0.0038496799803601723,-4.960950057777101e-05,28.0,28.0,14.0,6.0,6.0,6.0
0.72,1.0,0.004823714134347494,0.0009694153829751211,-0.3296811171125304,0.032680422655729506,0.224,-0.3296811171125304,0.032680422655729506,0.224,-0.32792154497378173,0.030755374678953413,0.21994212934834617,-0.4411572635504525,-1.5153682967040474,1.3614814408655622,-1.4169555061507912,-1.5707647679707684,2.701394959007305,-0.1617706072163662,0.015699024730001322,0.022227482559761574,-0.03759884925806636,-0.0003014674379680241,-0.15848363345825747,-0.4411572635504525,-1.5153682967040474,1.3614814408655622,-1.4169555061507912,-1.5707647679707684,2.701394959007305,nan,nan,nan,nan,nan,nan,0.0690675550548104,-6.816551867428146,-6.295620828716149,-0.9665074802750904,0.0037934125853686185,-4.617149491745055e-05,28.0,28.0,14.0,6.0,6.0,6.0
0.724,1.0,0.004867046123123029,0.0009768942982186562,-0.32978595191901067,0.03284127548254015,0.224,-0.32978595191901067,0.03284127548254015,0.224,-0.32792353165390986,0.03097388591025077,0.2199094762063944,-0.4417985476070747,-1.5152977757659511,1.3615615175649023,-1.4171047668729937,-1.5707659813450003,2.7007642463115284,-0.1594502628670969,0.01879067245374062,0.018692507736713715,-0.03714468752669687,-0.0003058901644653321,-0.15719390279009293,-0.4417985476070747,-1.5152977757659511,1.3615615175649023,-1.4171047668729937,-1.5707659813450003,2.7007642463115284,nan,nan,nan,nan,nan,nan,0.06845116172887504,-6.820502968423985,-6.295777536982934,-0.9664299455386277,0.003737004653031021,-4.285665530181059e-05,28.0,28.0,14.0,6.0,6.0,6.0
0.728,1.0,0.004912515608848409,0.0009806616869370709,-0.32989130091690455,0.03300179201497682,0.224,-0.32989130091690455,0.03300179201497682,0.224,-0.3279282382318461,0.031190654559827266,0.21987701860054346,-0.442430631445975,-1.5152150413791583,1.361627628854778,-1.4172522357450295,-1.5707672104756847,2.700138796358821,-0.1571622534244502,0.02182141906124332,0.015226820176713864,-0.03670001666291357,-0.00030980021001824677,-0.15586251500780393,-0.442430631445975,-1.5152150413791583,1.361627628854778,-1.4172522357450295,-1.5707672104756847,2.700138796358821,nan,nan,nan,nan,nan,nan,0.06781600451095547,-6.824549005958925,-6.295930826562743,-0.9663533498147808,0.003680551790331001,-3.9665883730987735e-05,28.0,28.0,14.0,6.0,6.0,6.0
0.732,1.0,0.004959893375328722,0.0009809970894888473,-0.32999716302743914,0.033161970609351624,0.224,-0.32999716302743914,0.033161970609351624,0.224,-0.3279356135657928,0.031405703372111494,0.2198447525340586,-0.443053644758212,-1.5151203354062128,1.3616800496225174,-1.4173979500982847,-1.5707684533579493,2.699518768502753,-0.15490672163073205,0.024791954320590004,0.011829525971942766,-0.036264593311847435,-0.0003132108926247671,-0.15449238223505155,-0.443053644758212,-1.5151203354062128,1.3616800496225174,-1.4173979500982847,-1.5707684533579493,2.699518768502753,nan,nan,nan,nan,nan,nan,0.06716428426443243,-6.8286859495645045,-6.296080974361263,-0.9662777730916472,0.003624142331353906,-3.6599614108690935e-05,28.0,28.0,14.0,6.0,6.0,6.0
0.736,1.0,0.005008965329864404,0.0009781691746840288,-0.3301035371665874,0.03332180962543716,0.224,-0.3301035371665874,0.03332180962543716,0.224,-0.3279456070265645,0.03161905520811305,0.21981267405366534,-0.4436677176596213,-1.5150138968346978,1.3617190510513038,-1.417541946276864,-1.5707697080416037,2.6989043105703767,-0.15268375173997048,0.027703014434510113,0.008499679635628503,-0.03583816839323852,-0.00031613614263779465,-0.15308636779254756,-0.4436677176596213,-1.5150138968346978,1.3617190510513038,-1.417541946276864,-1.5707697080416037,2.6989043105703767,nan,nan,nan,nan,nan,nan,0.0664980640994489,-6.832909981824968,-6.296228234920493,-0.9662032863634271,0.003567857773631369,-3.365784774037899e-05,28.0,28.0,14.0,6.0,6.0,6.0
0.74,1.0,0.005059532228174319,0.0009724356997521041,-0.3302104222450791,0.03348130742648331,0.224,-0.3302104222450791,0.03348130742648331,0.224,-0.32795816853825893,0.03183073300289799,0.21978077925675188,-0.4442729804674724,-1.5148959616039865,1.3617449004290834,-1.4176842596178423,-1.5707709726333898,2.6982955590709725,-0.150493373760684,0.03055537704965586,0.005236290185806477,-0.03542048835931064,-0.0003185904275985115,-0.15164728078457446,-0.4442729804674724,-1.5148959616039865,1.3617449004290834,-1.4176842596178423,-1.5707709726333898,2.6982955590709725,nan,nan,nan,nan,nan,nan,0.06581927743477774,-6.837217488363585,-6.296372841679593,-0.9661299522080701,0.0035117731896096745,-3.084018741756447e-05,28.0,28.0,14.0,6.0,6.0,6.0
0.744,1.0,0.005111409260155928,0.0009640435196274702,-0.33031781716841196,0.03364046237923398,0.224,-0.33031781716841196,0.03364046237923398,0.224,-0.32797324861487465,0.03204075972624122,0.2197490642977599,-0.44486956349350343,-1.5147667624511603,1.3617578609807777,-1.417824924436288,-1.5707722452989428,2.6976926394251346,-0.1483355674613029,0.03334985658435541,0.0020383268171458684,-0.035011296348829817,-0.0003205886799655462,-0.1501778712089725,-0.44486956349350343,-1.5147667624511603,1.3617578609807777,-1.417824924436288,-1.5707722452989428,2.6976926394251346,nan,nan,nan,nan,nan,nan,0.06512973553956913,-6.841605048231715,-6.296515008204548,-0.9660578253394818,0.003455957614688605,-2.8145870092487364e-05,28.0,28.0,14.0,6.0,6.0,6.0
0.748,1.0,0.0051644255291887365,0.0009532286230537978,-0.33042572083686284,0.03379927285394383,0.224,-0.33042572083686284,0.03379927285394383,0.224,-0.3279907983931236,0.03224915834625813,0.21971752539382033,-0.44545759685241454,-1.5146265287748566,1.361758191722207,-1.4179639740146548,-1.5707735242644676,2.697095666212159,-0.14621026615044413,0.03608729985836561,-0.0010952758167495846,-0.03461033324348874,-0.00032214622778856307,-0.1486808255713297,-0.44545759685241454,-1.5146265287748566,1.361758191722207,-1.4179639740146548,-1.5707735242644676,2.697095666212159,nan,nan,nan,nan,nan,nan,0.06443113459177695,-6.846069424683356,-6.2966549293829415,-0.9659869531347328,0.0034004744132007754,-2.557379814782818e-05,28.0,28.0,14.0,6.0,6.0,6.0
0.752,1.0,0.005218423453580072,0.0009402162360079211,-0.3305341321454992,0.033957737224395,0.224,-0.3305341321454992,0.033957737224395,0.224,-0.32801076966167614,0.03245595179582593,0.21968615882969175,-0.446037210284948,-1.5144754865158825,1.361746147334219,-1.418101440596169,-1.5707748078181505,2.6965047434337612,-0.14411736024358995,0.03876858200893524,-0.0041656126892315685,-0.03421733863250708,-0.0003232787283722995,-0.14715876298356345,-0.446037210284948,-1.5144754865158825,1.361746147334219,-1.418101440596169,-1.5707748078181505,2.6965047434337612,nan,nan,nan,nan,nan,nan,0.06372506228865843,-6.850607556325014,-6.296792782581317,-0.9659173761366807,0.0033453816236165366,-2.312256927366913e-05,28.0,28.0,14.0,6.0,6.0,6.0
0.756,1.0,0.005273258114642014,0.0009252209219046399,-0.33064304998419014,0.03411585386791373,0.224,-0.33064304998419014,0.03411585386791373,0.224,-0.3280331148870668,0.03266116294162064,0.21965496096203932,-0.4466085329947289,-1.514313858053485,1.361721978055603,-1.4182373553818572,-1.5707760943113096,2.695919964792245,-0.1420567006271272,0.04139460267814829,-0.007173803834288723,-0.033832051691074255,-0.00032400210494929095,-0.14561423172676333,-0.4466085329947289,-1.514313858053485,1.361721978055603,-1.4182373553818572,-1.5707760943113096,2.695919964792245,nan,nan,nan,nan,nan,nan,0.06301300404102433,-6.855216548625553,-6.296928728762894,-0.9658491285325927,0.003290732284174727,-2.0790504964618103e-05,28.0,28.0,14.0,6.0,6.0,6.0
0.76,1.0,0.00532879657193013,0.0009084467368262279,-0.3307524732376179,0.03427362116538695,0.224,-0.3307524732376179,0.03427362116538695,0.224,-0.328057787236471,0.03286481455560614,0.21962392822311208,-0.44717169349808067,-1.5141418621162275,1.3616859295934478,-1.4183717485308869,-1.5707773821593025,2.6953414139813034,-0.1400281018301268,0.04396628245724081,-0.010120990108622177,-0.03345421197800073,-0.00032433248638799584,-0.14404970625787347,-0.44717169349808067,-1.5141418621162275,1.3616859295934478,-1.4183717485308869,-1.5707773821593025,2.6953414139813034,nan,nan,nan,nan,nan,nan,0.06229634878144226,-6.859893665775795,-6.297062913564129,-0.9657822386093031,0.003236574740081601,-1.8575677655445617e-05,28.0,28.0,14.0,6.0,6.0,6.0
0.764,1.0,0.005384917162538245,0.000890087399541086,-0.33086240078528945,0.03443103750127893,0.224,-0.33086240078528945,0.03443103750127893,0.224,-0.3280847405975571,0.033066929288818,0.2195930571238576,-0.44772681948607174,-1.51395971370648,1.3616382430496752,-1.418504649163903,-1.5707786698422017,2.6947691649877377,-0.1380313450137147,0.046484559574200196,-0.013008329263591096,-0.03308356015770414,-0.00032428614992674167,-0.1424675846396762,-0.44772681948607174,-1.51395971370648,1.3616382430496752,-1.418504649163903,-1.5707786698422017,2.6947691649877377,nan,nan,nan,nan,nan,nan,0.06157639441367822,-6.864636322884726,-6.297195468328726,-0.9657167291855141,0.003182952933326779,-1.647593651513719e-05,28.0,28.0,14.0,6.0,6.0,6.0
0.768,1.0,0.005441508798061077,0.0008703264741423339,-0.33097283150154755,0.03458810126364775,0.224,-0.33097283150154755,0.03458810126364775,0.224,-0.3281139295956073,0.03326752964730277,0.21956234425651433,-0.44827403769808727,-1.5137676240375826,1.3615791548625518,-1.4186360853690798,-1.5707799559052469,2.694203282402451,-0.1360661807873773,0.048950386811598794,-0.01583699230940108,-0.03271983865141076,-0.0003238794669364579,-0.1408701863734733,-0.44827403769808727,-1.5137676240375826,1.3615791548625518,-1.4186360853690798,-1.5707799559052469,2.694203282402451,nan,nan,nan,nan,nan,nan,0.06085435292872307,-6.8694420785002785,-6.297326511098435,-0.9656526180219056,0.0031299066761300773,-1.4488931923187204e-05,28.0,28.0,14.0,6.0,6.0,6.0
0.772,1.0,0.005498470269951524,0.000849337589010783,-0.33108376425558267,0.03474481084416187,0.224,-0.33108376425558267,0.03474481084416187,0.224,-0.3281453096080861,0.03346663797007045,0.21953178629673073,-0.44881347380625486,-1.5135658004827919,1.361508896762055,-1.418766084210606,-1.5707812389590905,2.693643821739155,-0.13413233186106635,0.051364728642222454,-0.0186081601547684,-0.032362792222207205,-0.0003231288516917214,-0.13925975061391527,-0.44881347380625486,-1.5135658004827919,1.361508896762055,-1.418766084210606,-1.5707812389590905,2.693643821739155,nan,nan,nan,nan,nan,nan,0.06013135521129556,-6.8743086274448375,-6.297456147560067,-0.9655899182096739,0.003077471908949035,-1.2612138652717671e-05,28.0,28.0,14.0,6.0,6.0,6.0
0.776,1.0,0.005555709571525746,0.0008272846559910414,-0.3311951979114444,0.03490116463811656,0.224,-0.3311951979114444,0.03490116463811656,0.224,-0.32817883677683174,0.03366427640894065,0.2195013800052386,-0.44934525231008954,-1.5133544465351705,1.3614276957380322,-1.4188946717393582,-1.5707825176798456,2.6930908297593126,-0.1322294955415229,0.05372855857060419,-0.021323020506068425,-0.03201216849836974,-0.0003220507131205768,-0.13763843474553286,-0.44934525231008954,-1.5133544465351705,1.3614276957380322,-1.4188946717393582,-1.5707825176798456,2.6930908297593126,nan,nan,nan,nan,nan,nan,0.05940845555815523,-6.879233793953559,-6.297584471948827,-0.9655286385382429,0.003025680943921304,-1.0842877789363396e-05,28.0,28.0,14.0,6.0,6.0,6.0
0.78,1.0,0.005613143242759437,0.0008043221186515676,-0.33130713132805306,0.03505716104445032,0.224,-0.33130713132805306,0.03505716104445032,0.224,-0.3282144680180315,0.03386046691015606,0.21947112222912474,-0.4498694964407541,-1.5131337617776215,1.3613357740201495,-1.419021873005522,-1.5707837908089477,2.69254434480192,-0.13035734608081356,0.05604285666914562,-0.02398276501079053,-0.03166771843914917,-0.00032066140950701697,-0.13600831330074425,-0.4498694964407541,-1.5131337617776215,1.3613357740201495,-1.419021873005522,-1.5707837908089477,2.69254434480192,nan,nan,nan,nan,nan,nan,0.05868663592851425,-6.884215525104449,-6.297711567907683,-0.9654687838427884,0.002974562694591133,-9.17833741405203e-06,28.0,28.0,14.0,6.0,6.0,6.0
0.784,1.0,0.005670695742271291,0.0007805951943526589,-0.3314195633592114,0.03521279846576133,0.224,-0.3314195633592114,0.03521279846576133,0.224,-0.32825216103013755,0.03405523119765583,0.21944100990273044,-0.4503863280743632,-1.5129039418623187,1.3612333490686912,-1.4191477120729419,-1.5707850571528463,2.6920043971168175,-0.12851553688466658,0.05830860729803847,-0.02658858663085506,-0.031329196747000465,-0.0003189772060974533,-0.13437137719933356,-0.4503863280743632,-1.5129039418623187,1.3612333490686912,-1.4191477120729419,-1.5707850571528463,2.6920043971168175,nan,nan,nan,nan,nan,nan,0.057966809945031596,-6.889251884531262,-6.297837509303606,-0.9654103553323344,0.002924142892675394,-7.615592081950373e-06,28.0,28.0,14.0,6.0,6.0,6.0
0.788,1.0,0.005728298849453282,0.0007562401492276644,-0.33153249285361647,0.035368075308323726,0.224,-0.33153249285361647,0.035368075308323726,0.224,-0.32829187429986606,0.034248590757901806,0.2194110400482132,-0.45089586765378814,-1.512665178498824,1.3611206335753259,-1.419272212034994,-1.5707863155825295,2.6914710092002827,-0.12670370258782476,0.060526796998691006,-0.02914167723206274,-0.03099636223001897,-0.00031701423556458597,-0.1327295332897459,-0.45089586765378814,-1.512665178498824,1.3611206335753259,-1.419272212034994,-1.5707863155825295,2.6914710092002827,nan,nan,nan,nan,nan,nan,0.0572498266626461,-6.894341046408491,-6.297962361000965,-0.965353350899092,0.0028744442926105997,-6.151621129731098e-06,28.0,28.0,14.0,6.0,6.0,6.0
0.792,1.0,0.00578589109854377,0.0007313845610383463,-0.33164591865487114,0.03552298998210402,0.224,-0.33164591865487114,0.03552298998210402,0.224,-0.32833356710642153,0.03444056682615971,0.21938120977579983,-0.45139823411844754,-1.51241765945022,1.3609978354730055,-1.4193953950317943,-1.5707875650329017,2.6909441961317553,-0.1249214610032661,0.06269841255085788,-0.03164322537663236,-0.030668978118159846,-0.00031478846127544675,-0.13108460417289705,-0.45139823411844754,-1.51241765945022,1.3609978354730055,-1.4193953950317943,-1.5707875650329017,2.6909441961317553,nan,nan,nan,nan,nan,nan,0.05653647412068595,-6.8994812896978495,-6.298086179592808,-0.9652977654097916,0.002825486864571356,-4.7833258449139415e-06,28.0,28.0,14.0,6.0,6.0,6.0
0.796,1.0,0.005843417245521594,0.0007061476042028561,-0.33175983960149635,0.03567754090077731,0.224,-0.33175983960149635,0.03567754090077731,0.224,-0.32837719952407257,0.034631180374141285,0.21935151628375837,-0.45189354484159555,-1.5121615685366285,1.3608651579542164,-1.419517282268562,-1.5707888045020224,2.6904239659106093,-0.12316841495180605,0.06482443918415243,-0.03409441430645779,-0.0303468123366144,-0.0003123156433009013,-0.12943832828960983,-0.45189354484159555,-1.5121615685366285,1.3608651579542164,-1.419517282268562,-1.5707888045020224,2.6904239659106093,nan,nan,nan,nan,nan,nan,0.05582748269345725,-6.904670992649197,-6.298209014091273,-0.9652435909797044,0.002777287976598461,-3.507545531764091e-06,28.0,28.0,14.0,6.0,6.0,6.0
0.8,1.0,0.005900827767968675,0.0006806403264020958,-0.33187425452694247,0.03583172648174353,0.224,-0.33187425452694247,0.03583172648174353,0.224,-0.3284227324232068,0.03482045209892202,0.21932195685811864,-0.4523819155746452,-1.511897085645516,1.360722799496851,-1.4196378940349788,-1.5707900330502114,2.6899103197919563,-0.12144415397827636,0.06690585893503435,-0.03649642010531695,-0.030029637739533765,-0.000309611307099195,-0.1277923602532433,-0.4523819155746452,-1.511897085645516,1.360722799496851,-1.4196378940349788,-1.5707900330502114,2.6899103197919563,nan,nan,nan,nan,nan,nan,0.05512352825221449,-6.909908627544146,-6.298330906577798,-0.9651908172300885,0.00272986256645276,-2.321072509961108e-06,28.0,28.0,14.0,6.0,6.0,6.0
0.804,1.0,0.005958078397508182,0.0006549659505124811,-0.3319891622596017,0.035985545146143674,0.224,-0.3319891622596017,0.035985545146143674,0.224,-0.328470127469976,0.03500840241305068,0.21929252887216275,-0.45286346039808695,-1.5116243867482335,1.360570953897009,-1.4197572497253894,-1.5707912497990406,2.6894032526205582,-0.11974825596016593,0.06894364914083037,-0.03885041002889821,-0.02971723230711826,-0.00030669071480467095,-0.1261482714095763,-0.45286346039808695,-1.5116243867482335,1.360570953897009,-1.4197572497253894,-1.5707912497990406,2.6894032526205582,nan,nan,nan,nan,nan,nan,0.05442523515144505,-6.915192755675572,-6.2984518928144615,-0.9651394315297208,0.002683223303756616,-1.2206660813034389e-06,28.0,28.0,14.0,6.0,6.0,6.0
0.808,1.0,0.006015129684000685,0.0006292201549973429,-0.33210456162281987,0.03613899531887597,0.224,-0.33210456162281987,0.03613899531887597,0.224,-0.32851934712464625,0.03519505143577512,0.21926322978570964,-0.45333829167858736,-1.5113436439222518,1.3604098103080846,-1.4198753678597076,-1.5707924539302145,2.6889027531619702,-0.11808028861432643,0.0709387810627236,-0.04115754099205656,-0.02940937930891746,-0.0003035688390478261,-0.12450755060651383,-0.45333829167858736,-1.5113436439222518,1.3604098103080846,-1.4198753678597076,-1.5707924539302145,2.6889027531619702,nan,nan,nan,nan,nan,nan,0.05373317905059029,-6.920522022552798,-6.298572002817607,-0.9650894192212482,0.002637380742973213,-2.0306550181539102e-07,28.0,28.0,14.0,6.0,6.0,6.0
0.812,1.0,0.0060719465903859,0.0006034913746731061,-0.33222045143490847,0.03629207542861198,0.224,-0.33222045143490847,0.03629207542861198,0.224,-0.32857035463875195,0.03538041898531174,0.21923405714421837,-0.4538065200318726,-1.5110550253786046,1.3602395532855382,-1.4199922661048954,-1.5707936446843542,2.6884088044301264,-0.1164398109070662,0.07289221863006733,-0.043418958203294555,-0.029105867436012095,-0.0003002603392261502,-0.12287160515673914,-0.4538065200318726,-1.5110550253786046,1.3602395532855382,-1.4199922661048954,-1.5707936446843542,2.6884088044301264,nan,nan,nan,nan,nan,nan,0.053047889582255515,-6.925895153325843,-6.298691261395249,-0.9650407638330412,0.002592343467717633,7.349980043453669e-07,28.0,28.0,14.0,6.0,6.0,6.0
0.8160000000000001,1.0,0.006128498116848782,0.000577861093243849,-0.3323368305091569,0.036444783907812736,0.224,-0.3323368305091569,0.036444783907812736,0.224,-0.3286231140511568,0.03556452457208966,0.21920500857772712,-0.45426825429102313,-1.5107586954940675,1.360060362836784,-1.4201079612969005,-1.570794821359691,2.6879213840106306,-0.11482637437270193,0.07480491729872754,-0.04563579393695828,-0.028806490904610644,-0.00029677954014705555,-0.12124176197699132,-0.45426825429102313,-1.5107586954940675,1.360060362836784,-1.4201079612969005,-1.570794821359691,2.6879213840106306,nan,nan,nan,nan,nan,nan,0.05236985287632765,-6.931310948418834,-6.298809688649272,-0.964993447277188,0.002548118226886257,1.596790151952817e-06,28.0,28.0,14.0,6.0,6.0,6.0
0.8200000000000001,1.0,0.006184756952858157,0.0005524041474265393,-0.33245369765384447,0.03659711919274474,0.224,-0.33245369765384447,0.03659711919274474,0.224,-0.3286775901831053,0.035747387392906116,0.2191760817996469,-0.45472360147982627,-1.5104548148476362,1.3598724144756658,-1.4202224694629424,-1.5707959833106826,2.6874404643790886,-0.11323952434538692,0.07667782301654322,-0.047809166434168,-0.02851104953342652,-0.0002931404129572899,-0.11961926888823073,-0.45472360147982627,-1.5104548148476362,1.3598724144756658,-1.4202224694629424,-1.5707959833106826,2.6874404643790886,nan,nan,nan,nan,nan,nan,0.051699513949399006,-6.936768279365797,-6.298927300444039,-0.9649474500343102,0.0025047100630518617,2.3855633857813736e-06,28.0,28.0,14.0,6.0,6.0,6.0
0.8240000000000001,1.0,0.006240699155536782,0.0005271890036094118,-0.3325710516722526,0.03674907972349599,0.224,-0.3325710516722526,0.03674907972349599,0.224,-0.32873374863236166,0.03592902632593363,0.21914727460542968,-0.4551726667908501,-1.5101435402608914,1.3596758792810313,-1.4203358058440467,-1.570797129946556,2.686966013213878,-0.11167880110880202,0.07851187128932444,-0.049940178923969014,-0.028219348797071185,-0.0002893565582719908,-0.11800529606154536,-0.4551726667908501,-1.5101435402608914,1.3596758792810313,-1.4203358058440467,-1.570797129946556,2.686966013213878,nan,nan,nan,nan,nan,nan,0.051037278967824735,-6.942266084841392,-6.299044108842839,-0.9649027513258377,0.0024621224335381504,3.104547518392149e-06,28.0,28.0,14.0,6.0,6.0,6.0
0.8280000000000001,1.0,0.006296303852804975,0.000502278078387736,-0.3326888913626771,0.03690066394399199,0.224,-0.3326888913626771,0.03690066394399199,0.224,-0.3287915557665062,0.03610945992652145,0.21911858487112554,-0.45561555356792194,-1.509825024841862,1.359470923958938,-1.420447984917741,-1.5707982607297912,2.686497993702801,-0.110143740968076,0.08030798634113391,-0.05202991875664543,-0.02793119985755372,-0.000285441191420616,-0.11640093759526512,-0.45561555356792194,-1.509825024841862,1.359470923958938,-1.420447984917741,-1.5707982607297912,2.686497993702801,nan,nan,nan,nan,nan,nan,0.050383517392090814,-6.947803366878296,-6.299160122513473,-0.9648593292743668,0.002420357324586327,3.7569411783441025e-06,28.0,28.0,14.0,6.0,6.0,6.0
0.8320000000000001,1.0,0.006351552969724367,0.00047772801327258666,-0.33280721551844067,0.037051870302011645,0.224,-0.33280721551844067,0.037051870302011645,0.224,-0.32885097871547714,0.036288706423737195,0.21909001055184552,-0.45605236329270993,-1.5094994180320287,1.3592577109080668,-1.4205590204208223,-1.5707993751745506,2.6860363648431447,-0.10863387724808667,0.08206708036292679,-0.05407945664158914,-0.027646419575851885,-0.0002814071297160772,-0.1148072132093452,-0.45605236329270993,-1.5094994180320287,1.3592577109080668,-1.4205590204208223,-1.5707993751745506,2.6860363648431447,nan,nan,nan,nan,nan,nan,0.049738564009883864,-6.953379187264791,-6.299275347104486,-0.9648171610526954,0.0023794153589827825,4.3459040316674095e-06,28.0,28.0,14.0,6.0,6.0,6.0
0.836,1.0,0.006406430976511768,0.0004535899750599958,-0.33292602292790496,0.03720269724920318,0.224,-0.33292602292790496,0.03720269724920318,0.224,-0.3289119853634194,0.03646678371760084,0.21906154968014124,-0.45648319557512396,-1.509166865656123,1.359036398287938,-1.420668925372131,-1.5708004728450604,2.6855810817346923,-0.1071487412220954,0.08379005284391355,-0.056089845982521896,-0.027364830505392537,-0.0002772667816583843,-0.11322507004371078,-0.45648319557512396,-1.509166865656123,1.359036398287938,-1.420668925372131,-1.5708004728450604,2.6855810817346923,nan,nan,nan,nan,nan,nan,0.04910272086431249,-6.958992664115157,-6.299389785593377,-0.9647762230221243,0.0023392958974964993,4.8745497414761685e-06,28.0,28.0,14.0,6.0,6.0,6.0
0.84,1.0,0.006460924656724536,0.00042990993540020756,-0.3330453123744831,0.03735314324109996,0.224,-0.3330453123744831,0.03735314324109996,0.224,-0.32897454433991524,0.03664370937696089,0.21903320036431664,-0.4569081481472661,-1.5088275099744106,1.358807140089562,-1.4207777120952525,-1.5708015533539552,2.6851320958653235,-0.10568786297447781,0.08547778998030411,-0.05806212230326885,-0.02708626086916578,-0.00027303213798664255,-0.11165538454784962,-0.4569081481472661,-1.5088275099744106,1.358807140089562,-1.4207777120952525,-1.5708015533539552,2.6851320958653235,nan,nan,nan,nan,nan,nan,0.04847625908366296,-6.96464296860627,-6.299503438608311,-0.9647364908606102,0.0022999971344753885,5.345939629176725e-06,28.0,28.0,14.0,6.0,6.0,6.0
0.844,1.0,0.006515022894184941,0.00040672896721805866,-0.3331650826366523,0.03750320673713635,0.224,-0.3331650826366523,0.03750320673713635,0.224,-0.32903862501065506,0.03681950063797164,0.21900496078668363,-0.4573273168606759,-1.5084814897371555,1.3585700862081753,-1.420885392241094,-1.5708026163605917,2.6846893553888527,-0.10425077220112804,0.08713116415636914,-0.05999730275766904,-0.026810544522075923,-0.0002687147644838775,-0.1100989644495689,-0.4573273168606759,-1.5084814897371555,1.3585700862081753,-1.420885392241094,-1.5708026163605917,2.6846893553888527,nan,nan,nan,nan,nan,nan,0.04785942061832348,-6.970329321873911,-6.299616304724613,-0.9646979396812937,0.0022615161879028806,5.763077002885089e-06,28.0,28.0,14.0,6.0,6.0,6.0
0.848,1.0,0.00656871647727444,0.0003840835327434984,-0.333285332487966,0.037652886200663455,0.224,-0.333285332487966,0.037652886200663455,0.224,-0.3291041974676124,0.036994174403125475,0.2189768292017717,-0.45774079568663034,-1.508128940240993,1.3583253825177435,-1.4209919768102772,-1.5708036615693377,2.684252805394825,-0.1028369989509448,0.08875103349301194,-0.06189638571755328,-0.026537520900044177,-0.0002643257964490393,-0.1085565507914317,-0.45774079568663034,-1.508128940240993,1.3583253825177435,-1.4209919768102772,-1.5708036615693377,2.684252805394825,nan,nan,nan,nan,nan,nan,0.047252419890217764,-6.976050992062639,-6.299728380737563,-0.964660544141956,0.0022238491842181164,6.128902118106987e-06,28.0,28.0,14.0,6.0,6.0,6.0
0.852,1.0,0.006621997919307101,0.0003620057543678214,-0.3334060606970668,0.03780218009896488,0.224,-0.3334060606970668,0.03780218009896488,0.224,-0.32917123251877356,0.03716774724080506,0.21894880393449945,-0.4581486767192698,-1.5077699933869506,1.3580731709469278,-1.4210974761752955,-1.5708046887278424,2.683822388170024,-0.101446074311642,0.09033824145929806,-0.06376035043307778,-0.026267034957247824,-0.0002598759347433602,-0.10702882002400256,-0.4581486767192698,-1.5077699933869506,1.3580731709469278,-1.4210974761752955,-1.5708046887278424,2.683822388170024,nan,nan,nan,nan,nan,nan,0.0466554453595748,-6.981807291521933,-6.299839661912474,-0.9646242785458812,0.002186991338185688,6.446287737659991e-06,28.0,28.0,14.0,6.0,6.0,6.0
0.856,1.0,0.0066748612937546584,0.0003405237062182721,-0.33352726602769894,0.03795108690327242,0.224,-0.33352726602769894,0.03795108690327242,0.224,-0.32923970167747896,0.03734023538531528,0.21892088337832294,-0.4585510501813363,-1.5074047777398754,1.3578135895562469,-1.421201900102396,-1.5708056976252947,2.683398043451492,-0.10007753104296621,0.0918936165426413,-0.06559015676002493,-0.025998937092817743,-0.00025537544332478065,-0.1055163861456085,-0.4585510501813363,-1.5074047777398754,1.3578135895562469,-1.421201900102396,-1.5708056976252947,2.683398043451492,nan,nan,nan,nan,nan,nan,0.04606866101391277,-6.987597574144343,-6.299950142213852,-0.9645891169346625,0.0021509370280735495,6.718035257365895e-06,28.0,28.0,14.0,6.0,6.0,6.0
0.86,1.0,0.006727302083186211,0.0003196617034785026,-0.3336489472387209,0.038099605088781685,0.224,-0.3336489472387209,0.038099605088781685,0.224,-0.3293095771514203,0.037511654737361406,0.21889306599336286,-0.45894800443232026,-1.5070334185890442,1.3575467726161718,-1.4213052577731453,-1.570806688090676,2.682979708670897,-0.09873090416025737,0.09341797197355774,-0.06738674494899245,-0.025733083068196633,-0.0002508341481810572,-0.1040198028789233,-0.45894800443232026,-1.5070334185890442,1.3575467726161718,-1.4213052577731453,-1.570806688090676,2.682979708670897,nan,nan,nan,nan,nan,nan,0.04549220778319562,-6.993421232838585,-6.300059814514378,-0.9645550331733558,0.0021156798663918737,6.946871364896735e-06,28.0,28.0,14.0,6.0,6.0,6.0
0.864,1.0,0.006779317040849232,0.0002994405671608573,-0.33377110308411806,0.03824773313466776,0.224,-0.33377110308411806,0.03824773313466776,0.224,-0.3293808318313431,0.03768202086494003,0.21886535030452067,-0.459339625978824,-1.506656038009749,1.357272850685923,-1.4214075578056418,-1.570807659991011,2.6825673191901234,-0.09740573147114734,0.09491210550112648,-0.06915103549167904,-0.025469333916301334,-0.0002462614375760306,-0.10253956587526823,-0.459339625978824,-1.506656038009749,1.357272850685923,-1.4214075578056418,-1.570807659991011,2.6825673191901234,nan,nan,nan,nan,nan,nan,0.044926204885344885,-6.999277697132525,-6.300168670785344,-0.9645220010284948,0.0020812127664336473,7.135445201876758e-06,28.0,28.0,14.0,6.0,6.0,6.0
0.868,1.0,0.006830904063896991,0.0002798779335209673,-0.3338937323130157,0.03839546952410076,0.224,-0.3338937323130157,0.03839546952410076,0.224,-0.3294534392794933,0.0378513490046117,0.2188377348995923,-0.45972599948696163,-1.5062727549256612,1.3569919506927506,-1.4215088082753498,-1.5708086132296244,2.6821608085280015,-0.0961015540680508,0.09637679921550947,-0.07088392901977641,-0.025207555843520194,-0.00024166626352435728,-0.10107611493805088,-0.45972599948696163,-1.5062727549256612,1.3569919506927506,-1.4215088082753498,-1.5708086132296244,2.6821608085280015,nan,nan,nan,nan,nan,nan,0.0443707511055971,-7.005166430899853,-6.300276702269429,-0.9644899942393732,0.0020475280048429393,7.286325996893346e-06,28.0,28.0,14.0,6.0,6.0,6.0
0.872,1.0,0.006882062077334839,0.0002609885383014522,-0.3340168336696916,0.03854281274426133,0.224,-0.3340168336696916,0.03854281274426133,0.224,-0.32952737371785157,0.038019654063127115,0.2188102184273836,-0.46010720779662473,-1.5058836851717983,1.356704196011497,-1.4216090167355244,-1.5708095477444042,2.681760108578113,-0.09481791677897516,0.09781281941408526,-0.07258630625223547,-0.024947620125528785,-0.0002370571444084383,-0.09962983625735732,-0.46010720779662473,-1.5058836851717983,1.356704196011497,-1.4216090167355244,-1.5708095477444042,2.681760108578113,nan,nan,nan,nan,nan,nan,0.04382592601348982,-7.011086930206821,-6.30038389963717,-0.964458986582991,0.002014617280411216,7.402001141362097e-06,28.0,28.0,14.0,6.0,6.0,6.0
0.876,1.0,0.006932790927834056,0.0002427845188671463,-0.33414040589358895,0.0386897612863562,0.224,-0.33414040589358895,0.0386897612863562,0.224,-0.3296026100161866,0.03818695061937741,0.21878279959583102,-0.46048333193745306,-1.5054889415579238,1.356409706544261,-1.4217081902372077,-1.57081046350608,2.6813651498176476,-0.09355436857905634,0.09922091650792214,-0.07425902798691346,-0.02468940299781789,-0.00023244216866061317,-0.09820106464821876,-0.46048333193745306,-1.5054889415579238,1.356409706544261,-1.4217081902372077,-1.57081046350608,2.6813651498176476,nan,nan,nan,nan,nan,nan,0.04329179112033526,-7.017038721271805,-6.300490253127933,-0.9644289519330763,0.0019824717693220227,7.484874678408424e-06,28.0,28.0,14.0,6.0,6.0,6.0
0.88,1.0,0.006983091286607588,0.000225275745548376,-0.33426444771932917,0.03883631364563356,0.224,-0.33426444771932917,0.03883631364563356,0.224,-0.3296791236799691,0.03835325292664464,0.21875547717013918,-0.4608544511463585,-1.5050886339322285,1.3561085987999937,-1.4218063353487744,-1.5708113605165175,2.680975861507319,-0.09231046296510216,0.10060182496552829,-0.07590293513287678,-0.024432785541764878,-0.0002278289994255197,-0.09679008578561585,-0.4608544511463585,-1.5050886339322285,1.3561085987999937,-1.4218063353487744,-1.5708113605165175,2.680975861507319,nan,nan,nan,nan,nan,nan,0.04276839098053117,-7.023021358534799,-6.300595752676762,-0.9643998643135636,0.0019510821770152413,7.537266177950098e-06,28.0,28.0,14.0,6.0,6.0,6.0
0.884,1.0,0.007032964560627062,0.00020847015539281674,-0.33438895787672507,0.03898246832139855,0.224,-0.33438895787672507,0.03898246832139855,0.224,-0.3297568908381699,0.038518574915127134,0.2187282499709314,-0.46122064288646036,-1.5046828692451515,1.3558009859738702,-1.421903458175014,-1.5708122388070342,2.6805921718823607,-0.09108575829531919,0.10195626329096201,-0.07751884877983901,-0.024177653567015338,-0.00022322488013027018,-0.09539713842977592,-0.46122064288646036,-1.5046828692451515,1.3558009859738702,-1.421903458175014,-1.5708122388070342,2.6805921718823607,nan,nan,nan,nan,nan,nan,0.04225575423922624,-7.029034422830386,-6.300700388027788,-0.9643716979468625,0.001920438786865055,7.561409970485262e-06,28.0,28.0,14.0,6.0,6.0,6.0
0.888,1.0,0.007082412811493004,0.00019237413905111043,-0.3345139350907938,0.039128223817028567,0.224,-0.3345139350907938,0.039128223817028567,0.224,-0.32983588823097937,0.03868293019471593,0.21870111687242413,-0.4615819828672978,-1.5042717516132083,1.3554869780263028,-1.4219995643757357,-1.5708130984367399,2.680214008334661,-0.08987981809628678,0.10328493403357392,-0.07910757030145081,-0.023923897490875597,-0.0002186366408838327,-0.09402241663581955,-0.4615819828672978,-1.5042717516132083,1.3554869780263028,-1.4219995643757357,-1.5708130984367399,2.680214008334661,nan,nan,nan,nan,nan,nan,0.041753894629253156,-7.03507751966083,-6.300804148835366,-0.964344427297287,0.0018905315058356461,7.5594547140701285e-06,28.0,28.0,14.0,6.0,6.0,6.0
0.892,1.0,0.007131438681339479,0.00017699293435097693,-0.33463937808176974,0.03927357863998859,0.224,-0.33463937808176974,0.03927357863998859,0.224,-0.3299160931974709,0.038846332058003974,0.21867407680062495,-0.4619385450661928,-1.5038553823827094,1.3551666817614607,-1.4220946591838832,-1.5708139394909038,2.6798412975861146,-0.08869221133914224,0.10458852382679328,-0.08066988148934874,-0.023671412215369125,-0.00021407070563345953,-0.0926660719422836,-0.4619385450661928,-1.5038553823827094,1.3551666817614607,-1.4220946591838832,-1.5708139394909038,2.6798412975861146,nan,nan,nan,nan,nan,nan,0.04126281191959294,-7.041150277564114,-6.300907024753719,-0.96431802710994,0.001861349907275704,7.53346326965156e-06,28.0,28.0,14.0,6.0,6.0,6.0
0.896,1.0,0.007180045325197511,0.00016233115469194888,-0.33476528556511775,0.03941853130184654,0.224,-0.33476528556511775,0.03941853130184654,0.224,-0.3299974836632341,0.03900879348350262,0.21864712873155873,-0.46229040175064584,-1.5034338601932549,1.354840200905186,-1.422188747423156,-1.5708147620793522,2.6794739658532833,-0.08752251268684262,0.10586770345353064,-0.08220654471507353,-0.023420097002547963,-0.00020953310000811055,-0.09132821553350332,-0.46229040175064584,-1.5034338601932549,1.354840200905186,-1.422188747423156,-1.5708147620793522,2.6794739658532833,nan,nan,nan,nan,nan,nan,0.040782492817912165,-7.0472523465729715,-6.3010090055160015,-0.9642924724453826,0.0018328832710115131,7.485412860677498e-06,28.0,28.0,14.0,6.0,6.0,6.0
0.9,1.0,0.007228236349285966,0.00014839332592244368,-0.3348916562515463,0.03956308031828839,0.224,-0.3348916562515463,0.03956308031828839,0.224,-0.3300800381280038,0.03917032713905101,0.2186202716895242,-0.46263762350165255,-1.5030072810409076,1.3545076361821993,-1.422281833525126,-1.570815566334901,2.6791119390034854,-0.08637030271427383,0.1071231279359086,-0.08371830311715274,-0.0231698553486011,-0.00020502945978027756,-0.09000892037127821,-0.46263762350165255,-1.5030072810409076,1.3545076361821993,-1.422281833525126,-1.570815566334901,2.6791119390034854,nan,nan,nan,nan,nan,nan,0.04031291182911478,-7.053383396760374,-6.301110081003518,-0.9642677387103668,0.00180512062087399,7.417195494153231e-06,28.0,28.0,14.0,6.0,6.0,6.0
0.904,1.0,0.0072760157547466075,0.00013518457949631045,-0.3350184888470207,0.039707224209133495,0.224,-0.3350184888470207,0.039707224209133495,0.224,-0.33016373565330287,0.039330945385398663,0.21859350474538114,-0.46298027923783674,-1.5025757383409528,1.3541690853924977,-1.4223739215458513,-1.5708163524118195,2.678755142702443,-0.08523516810289015,0.10835543664717145,-0.085205880810815,-0.02292059485726463,-0.00020056503988166046,-0.08870822329166948,-0.46298027923783674,-1.5025757383409528,1.3541690853924977,-1.4223739215458513,-1.5708163524118195,2.678755142702443,nan,nan,nan,nan,nan,nan,0.03985403207225446,-7.059543116868293,-6.3012102413060305,-0.9642438016849088,0.0017780507598071475,7.330618621410431e-06,28.0,28.0,14.0,6.0,6.0,6.0
0.908,1.0,0.00732338788636905,0.00012271153207043194,-0.33514578205277623,0.03985096149834966,0.224,-0.33514578205277623,0.03985096149834966,0.224,-0.33024855585012175,0.03949066027994276,0.21856682701487742,-0.4633184362403033,-1.5021393229901585,1.3538246434868684,-1.4224650151819835,-1.5708171204843362,2.6784035025536412,-0.08411670181148265,0.1095652534437463,-0.08666998311797044,-0.022672227112974126,-0.00019614472390754614,-0.08742612706317665,-0.4633184362403033,-1.5021393229901585,1.3538246434868684,-1.4224650151819835,-1.5708171204843362,2.6784035025536412,nan,nan,nan,nan,nan,nan,0.03940580605743662,-7.065731213014478,-6.301309476773663,-0.9642206375459759,0.0017516623026823735,7.227406017098251e-06,28.0,28.0,14.0,6.0,6.0,6.0
0.912,1.0,0.007370357385901736,0.00011098329443540162,-0.3352735345653316,0.0399942907140683,0.224,-0.3352735345653316,0.0399942907140683,0.224,-0.33033447886665174,0.03964948358060732,0.21854023765700661,-0.463652160178117,-1.501698123428463,1.3534744026414325,-1.4225551177863653,-1.570817870745179,2.678056944229559,-0.08301450322458995,0.11075318681556769,-0.08811129681525731,-0.02242466755417385,-0.00019177303405315305,-0.08616260240293555,-0.463652160178117,-1.501698123428463,1.3534744026414325,-1.4225551177863653,-1.570817870745179,2.678056944229559,nan,nan,nan,nan,nan,nan,0.03896817642492123,-7.071947407475306,-6.3014077780611775,-0.9641982228879942,0.0017259437069438144,7.109198856889621e-06,28.0,28.0,14.0,6.0,6.0,6.0
0.916,1.0,0.007416929149565837,0.00010001289303687061,-0.33540174507650217,0.04013721038859951,0.224,-0.33540174507650217,0.04013721038859951,0.224,-0.3304214853760865,0.03980742674984694,0.2185137358724077,-0.46398151513432373,-1.5012522257000191,1.35311845233116,-1.4226442323831265,-1.57081860340416,2.6777153935949487,-0.08192817827999364,0.11191983005286908,-0.08953049039807531,-0.02217783534716403,-0.00018745414142199817,-0.08491758994794488,-0.46398151513432373,-1.5012522257000191,1.35311845233116,-1.4226442323831265,-1.57081860340416,2.6777153935949487,nan,nan,nan,nan,nan,nan,0.038541076647732375,-7.078191437539413,-6.3015051361654555,-0.9641765347404891,0.00170088330120388,6.977556974427376e-06,28.0,28.0,14.0,6.0,6.0,6.0
0.92,1.0,0.007463108289425671,8.981883779839084e-05,-0.33553041227341346,0.04027971905844707,0.224,-0.33553041227341346,0.04027971905844707,0.224,-0.33050955656451214,0.039964500958761695,0.2184873209018012,-0.46430656363243183,-1.5008017135135343,1.352756879402291,-1.4227323616822751,-1.5708193186868005,2.677378776822345,-0.08085733957665935,0.11306576142778768,-0.09092821435871516,-0.021931653260802174,-0.00018319187665063403,-0.08369100217868083,-0.46430656363243183,-1.5008017135135343,1.352756879402291,-1.4227323616822751,-1.5708193186868005,2.677378776822345,nan,nan,nan,nan,nan,nan,0.038124431699763324,-7.0844630544296905,-6.301601542456397,-0.9641555505829857,0.0016764693119003706,6.833960279758889e-06,28.0,28.0,14.0,6.0,6.0,6.0
0.924,1.0,0.007508900098297182,8.042724755859726e-05,-0.3356595348385145,0.04042181526432343,0.224,-0.3356595348385145,0.04042181526432343,0.224,-0.3305986741188939,0.04012071709131117,0.21846099202446712,-0.46462736666328047,-1.500346668301853,1.3523897681436174,-1.4228195080937902,-1.5708200168329984,2.6770470205000123,-0.079801606464419,0.11419154438920893,-0.09230510147677713,-0.02168604754237598,-0.00017898974079948377,-0.08248272529279138,-0.46462736666328047,-1.500346668301853,1.3523897681436174,-1.4228195080937902,-1.5708200168329984,2.6770470205000123,nan,nan,nan,nan,nan,nan,0.03771815869083565,-7.090762022290268,-6.30169698870216,-0.9641352483574394,0.0016526898881167069,6.679810321424318e-06,28.0,28.0,14.0,6.0,6.0,6.0
0.928,1.0,0.007554310017900718,7.187399282375492e-05,-0.33578911144959134,0.0405634975511647,0.224,-0.33578911144959134,0.0405634975511647,0.224,-0.33068882021517715,0.040276085748613,0.21843474855676162,-0.4649439837122232,-1.4998871692807272,1.3520172003565718,-1.4229056737412242,-1.570820698095741,2.6767200517325196,-0.07876060511662054,0.11529772776938604,-0.09366176712022284,-0.021440947794910428,-0.00017485091646033974,-0.08129262102688926,-0.4649439837122232,-1.4998871692807272,1.3520172003565718,-1.4229056737412242,-1.570820698095741,2.6767200517325196,nan,nan,nan,nan,nan,nan,0.03732216747001211,-7.097088117234601,-6.301791467089124,-0.9641156064783781,0.0016295331246720716,6.516431976458606e-06,28.0,28.0,14.0,6.0,6.0,6.0
0.932,1.0,0.007599343609989576,6.420685403041705e-05,-0.33591914077978063,0.04070476446814549,0.224,-0.33591914077978063,0.04070476446814549,0.224,-0.33077997750651056,0.04043061725331722,0.21840858985067602,-0.46525647278656335,-1.4994232935067373,1.351639255424093,-1.4229908604748167,-1.570821362739863,2.676397798234166,-0.077733968586906,0.11638484600097397,-0.09499880955552692,-0.02119628685614792,-0.00017077827903272977,-0.08012052842475,-0.46525647278656335,-1.4994232935067373,1.351639255424093,-1.4229908604748167,-1.570821362739863,2.676397798234166,nan,nan,nan,nan,nan,nan,0.036936361198826394,-7.103441126452358,-6.301884970236985,-0.9640966038409131,0.0016069870835733384,6.34507525252887e-06,28.0,28.0,14.0,6.0,6.0,6.0
0.936,1.0,0.007644006530206111,5.7486373991330944e-05,-0.3360496214975831,0.040845614568693824,0.224,-0.3360496214975831,0.040845614568693824,0.224,-0.3308721291116029,0.04058432165404238,0.21838251529243705,-0.4655648904431791,-1.498955115934321,1.3512560103782323,-1.42307506988413,-1.5708220110408473,2.6760801884154706,-0.07672133685121942,0.117453419343192,-0.09631681026548511,-0.020952000679418464,-0.0001667744081239593,-0.078966265550513,-0.4655648904431791,-1.498955115934321,1.3512560103782323,-1.42307506988413,-1.5708220110408473,2.6760801884154706,nan,nan,nan,nan,nan,nan,0.0365606368956103,-7.109820847371823,-6.301977491209696,-0.9640782198268381,0.0015850398139188335,6.166917187434416e-06,28.0,28.0,14.0,6.0,6.0,6.0
0.9400000000000001,1.0,0.007688304504439115,5.178348406097184e-05,-0.3361805522668775,0.04098604641050588,0.224,-0.3361805522668775,0.04098604641050588,0.224,-0.3309652586032248,0.040737208729866824,0.21835652430114766,-0.46586929181628206,-1.4984827094718773,1.3508675399664687,-1.4231583033102129,-1.5708226432836752,2.6757671514629484,-0.07572235683608546,0.1185039541159265,-0.09761633427336405,-0.02070802821658341,-0.00016284159903315047,-0.07782963114575353,-0.46586929181628206,-1.4984827094718773,1.3508675399664687,-1.4231583033102129,-1.5708226432836752,2.6757671514629484,nan,nan,nan,nan,nan,nan,0.03619488595210599,-7.116227086874663,-6.302069023522415,-0.9640604343089386,0.001563679370341272,5.983063832903058e-06,28.0,28.0,14.0,6.0,6.0,6.0
0.9440000000000001,1.0,0.007732243307474939,4.717078787970528e-05,-0.3363119317469337,0.041126058555560834,0.224,-0.3363119317469337,0.041126058555560834,0.224,-0.3310593499968579,0.040889287994861453,0.2183306163274702,-0.4661697306452577,-1.498006145036917,1.350473916716721,-1.4232405618573032,-1.5708232597617195,2.675458617412403,-0.07473668243414475,0.11953694294066541,-0.09889793047216583,-0.02046431130321525,-0.00015898187427937002,-0.07671040622952995,-0.4661697306452577,-1.498006145036917,1.350473916716721,-1.4232405618573032,-1.5708232597617195,2.675458617412403,nan,nan,nan,nan,nan,nan,0.03583899462387112,-7.122659660561311,-6.302159561145111,-0.9640432276536888,0.0015428938300721922,5.794552308612574e-06,28.0,28.0,14.0,6.0,6.0,6.0
0.9480000000000001,1.0,0.007775828743747885,4.370458502876964e-05,-0.33644375859242703,0.04126564957013554,0.224,-0.33644375859242703,0.04126564957013554,0.224,-0.3311543877395072,0.041040568702658826,0.2183047908523502,-0.4664662593025377,-1.4975254916102374,1.3500752110010266,-1.4233218464040749,-1.5708238607756857,2.6751545172159594,-0.07376397450787886,0.12055286498722234,-0.10016213195787001,-0.020220794546155406,-0.00015519699513507208,-0.07560835564077165,-0.4664662593025377,-1.4975254916102374,1.3500752110010266,-1.4233218464040749,-1.5708238607756857,2.6751545172159594,nan,nan,nan,nan,nan,nan,0.03549284449517058,-7.129118392062618,-6.302249098502828,-0.9640265807224428,0.0015226713087024603,5.602352915502553e-06,28.0,28.0,14.0,6.0,6.0,6.0
0.9520000000000001,1.0,0.007819066630015198,4.139886397357489e-05,-0.33657603145345183,0.04140481802481923,0.224,-0.33657603145345183,0.04140481802481923,0.224,-0.33125035669867675,0.04119105985104937,0.2182790473857831,-0.46675892882146064,-1.4970408162890945,1.3496714910978849,-1.4234021576144442,-1.5708244466325985,2.6748547828030786,-0.07280390088240447,0.12155218622530208,-0.10140945636561727,-0.019977425213574717,-0.0001514884731370961,-0.07452322952256378,-0.46675892882146064,-1.4970408162890945,1.3496714910978849,-1.4234021576144442,-1.5708244466325985,2.6748547828030786,nan,nan,nan,nan,nan,nan,0.03515631291990813,-7.135603112397571,-6.302337630473538,-0.9640104748713176,0.0015029999747145537,5.407371295826268e-06,28.0,28.0,14.0,6.0,6.0,6.0
0.9560000000000001,1.0,0.007861962779799338,4.02014218865423e-05,-0.3367087489755351,0.041543562494528154,0.224,-0.3367087489755351,0.041543562494528154,0.224,-0.33134724215151395,0.04134077018659385,0.21825338546561826,-0.46704778892407794,-1.4965521843393614,1.3492628232532498,-1.4234814959479412,-1.5708250176448328,2.6745593471357725,-0.07185613632817295,0.12253535968000141,-0.10264040620786778,-0.01973415312763079,-0.00014785758153374972,-0.07345476474812163,-0.46704778892407794,-1.4965521843393614,1.3492628232532498,-1.4234814959479412,-1.5708250176448328,2.6745593471357725,nan,nan,nan,nan,nan,nan,0.034829273439341564,-7.1421136593725185,-6.302425152383323,-0.9639948919498312,0.0014838680628583268,5.210450630528909e-06,28.0,28.0,14.0,6.0,6.0,6.0
0.96,1.0,0.007904522989441404,3.9987143208631946e-05,-0.33684190979965056,0.04168188155852014,0.224,-0.33684190979965056,0.04168188155852014,0.224,-0.3314450297741324,0.04148970820924952,0.21822780465640662,-0.46733288804886786,-1.4960596592466573,1.348849271740165,-1.4235598616696594,-1.5708255741291934,2.674268144258268,-0.07092036253435824,0.12350282569042935,-0.10385546921365765,-0.019490930559813217,-0.0001443053666477529,-0.07240268628840463,-0.46733288804886786,-1.4960596592466573,1.348849271740165,-1.4235598616696594,-1.5708255741291934,2.674268144258268,nan,nan,nan,nan,nan,nan,0.03451159617768352,-7.1486498770209534,-6.302511659999452,-0.9639798142984243,0.0014652638864302869,5.012373862853993e-06,28.0,28.0,14.0,6.0,6.0,6.0
0.964,1.0,0.00794675302563435,4.057641737157029e-05,-0.33697551256223257,0.041819773800409195,0.224,-0.33697551256223257,0.041819773800409195,0.224,-0.3315437056311144,0.04163788217700021,0.21820230454828654,-0.46761427337832095,-1.4955633027664341,1.3484308989170457,-1.4236372548597935,-1.570826116406037,2.6739811093413453,-0.0699962680736789,0.12445501217067402,-0.10505511866813605,-0.019247712129044393,-0.0001408326591228101,-0.07136670852153017,-0.46761427337832095,-1.4955633027664341,1.3484308989170457,-1.4236372548597935,-1.570826116406037,2.6739811093413453,nan,nan,nan,nan,nan,nan,0.034203148216525286,-7.155211615081061,-6.302597149521728,-0.9639652247450221,0.001447175848527204,4.813865939553345e-06,28.0,28.0,14.0,6.0,6.0,6.0
0.968,1.0,0.007988658614311073,4.1769169551411186e-05,-0.33710955589519,0.04195723780817996,0.224,-0.33710955589519,0.04195723780817996,0.224,-0.331643256165195,0.041785300110484855,0.21817688475590816,-0.46789199086636596,-1.495063174973017,1.348007765284599,-1.4237136754227766,-1.57082664479844,2.6736981787215766,-0.06908354835935256,0.12539233487241483,-0.10623981375165338,-0.01900445470258547,-0.00013744008502906187,-0.07034653648429273,-0.46789199086636596,-1.495063174973017,1.348007765284599,-1.4237136754227766,-1.57082664479844,2.6736981787215766,nan,nan,nan,nan,nan,nan,0.03390379394906986,-7.161798728509158,-6.302681617572069,-0.9639511066006644,0.0014295924523292636,4.615596061371066e-06,28.0,28.0,14.0,6.0,6.0,6.0
0.972,1.0,0.008030245430767713,4.3376468883095754e-05,-0.3372440384259202,0.0420942721742022,0.224,-0.3372440384259202,0.0420942721742022,0.224,-0.3317436681871356,0.04193196979761861,0.218151544917398,-0.46816608526560527,-1.4945593343075925,1.3475799295413942,-1.4237891230960285,-1.5708271596314096,2.6734192899357128,-0.0681819055948442,0.12631519764852356,-0.10740999987771682,-0.018761117299790884,-0.00013412807680709314,-0.06934186706624246,-0.46816608526560527,-1.4945593343075925,1.3475799295413942,-1.4237891230960285,-1.5708271596314096,2.6734192899357128,nan,nan,nan,nan,nan,nan,0.033613395414878275,-7.168411077026776,-6.302765061182779,-0.9639374436543515,0.0014125023104684777,4.41817993423149e-06,28.0,28.0,14.0,6.0,6.0,6.0
0.976,1.0,0.008071519090922675,4.523883085638162e-05,-0.3373789587773234,0.0422308754952452,0.224,-0.3373789587773234,0.0422308754952452,0.224,-0.3318449288657826,0.042077898798200807,0.21812628469335954,-0.4684366001543323,-1.4940518376251386,1.3471474486380837,-1.423863597458327,-1.5708276612311385,2.6731443817504257,-0.06729104871703089,0.12722399271705662,-0.10856610902920046,-0.018517660998742073,-0.00013089688402740654,-0.06835239014693059,-0.4684366001543323,-1.4940518376251386,1.3471474486380837,-1.423863597458327,-1.5708276612311385,2.6731443817504257,nan,nan,nan,nan,nan,nan,0.03333181261620402,-7.1750485246998,-6.302847477783668,-0.9639242201671785,0.0013958941535406723,4.2221820144808625e-06,28.0,28.0,14.0,6.0,6.0,6.0
0.98,1.0,0.008112485143608352,4.72315898761792e-05,-0.33751431556781625,0.04236704637249214,0.224,-0.33751431556781625,0.04236704637249214,0.224,-0.33194702571832013,0.04222309444850553,0.21810110376591144,-0.46870357796330725,-1.4935407402403027,1.3467103778302871,-1.4239370979378108,-1.570828149924304,2.6728733941876492,-0.0664106933333681,0.12811910092508597,-0.10970856009225471,-0.018274048845767825,-0.00012774658394803243,-0.06737778967703918,-0.46870357796330725,-1.4935407402403027,1.3467103778302871,-1.4239370979378108,-1.570828149924304,2.6728733941876492,nan,nan,nan,nan,nan,nan,0.033058903816492895,-7.181710939547661,-6.302928865188181,-0.9639114208658369,0.0013797568378088147,4.028117741019774e-06,28.0,28.0,14.0,6.0,6.0,6.0
0.984,1.0,0.008153149063808604,4.926207150516316e-05,-0.33765010741134643,0.04250278341155443,0.224,-0.33765010741134643,0.04250278341155443,0.224,-0.332049946600714,0.04236756386584953,0.218076001837762,-0.468967060002268,-1.4930260959722235,1.3462687707301444,-1.4240096238196316,-1.570828626037404,2.67260626854573,-0.06554056165361134,0.12900089201186074,-0.11083775918740398,-0.018030245767870746,-0.00012467709185003136,-0.06641774470424171,-0.468967060002268,-1.4930260959722235,1.3462687707301444,-1.4240096238196316,-1.570828626037404,2.67260626854573,nan,nan,nan,nan,nan,nan,0.032794525821979045,-7.1883981931804755,-6.303009221578709,-0.9638990309355568,0.0013640793521459494,3.836455748459745e-06,28.0,28.0,14.0,6.0,6.0,6.0
0.988,1.0,0.008193516246761772,5.1263966557630056e-05,-0.33778633291740673,0.042638085222486,0.224,-0.33778633291740673,0.042638085222486,0.224,-0.33215367969834686,0.0425113139531325,0.21805097863131842,-0.469227086486155,-1.4925079571883038,1.3458226793565546,-1.424081174253259,-1.5708290898961395,2.6723429474166123,-0.06468038241660852,0.12986972487084367,-0.11195409999738655,-0.017786218488040833,-0.00012168817114287214,-0.0654719303447335,-0.469227086486155,-1.4925079571883038,1.3458226793565546,-1.424081174253259,-1.5708290898961395,2.6723429474166123,nan,nan,nan,nan,nan,nan,0.03253853424708194,-7.195110160463376,-6.303088545491291,-0.9638870360125685,0.001348850824266477,3.6476200557597594e-06,28.0,28.0,14.0,6.0,6.0,6.0
0.992,1.0,0.008233592002848407,5.319126815905639e-05,-0.33792299069104903,0.04277295041979746,0.224,-0.33792299069104903,0.04277295041979746,0.224,-0.3322582135168498,0.042654351403347675,0.21802603388783148,-0.4694836965610325,-1.49198637484694,1.3453721541841122,-1.4241517482594586,-1.5708295418248315,2.672083374699267,-0.06382989081265424,0.13072594781019092,-0.11305796409131563,-0.01754193544346155,-0.00011877944321857716,-0.06454001870147047,-0.4694836965610325,-1.49198637484694,1.3453721541841122,-1.4241517482594586,-1.5708295418248315,2.672083374699267,nan,nan,nan,nan,nan,nan,0.03229078376419009,-7.201846719205136,-6.303166835799789,-0.9638754221761405,0.0013340605262882853,3.461992224986303e-06,28.0,28.0,14.0,6.0,6.0,6.0
0.996,1.0,0.00827338155320162,5.501316593294941e-05,-0.33806007933289894,0.04290737762247038,0.224,-0.33806007933289894,0.04290737762247038,0.224,-0.33236353687312453,0.04279668270405676,0.21800116736657194,-0.46973692832968944,-1.4914613985392142,1.3449172441907562,-1.4242213447369443,-1.5708299821458809,2.671827495609584,-0.0629888284018608,0.13156989881130318,-0.11414972124481115,-0.01729736670657155,-0.00011595039704720651,-0.06362167973023795,-0.46973692832968944,-1.4914613985392142,1.3449172441907562,-1.4242213447369443,-1.5708299821458809,2.671827495609584,nan,nan,nan,nan,nan,nan,0.03205112833875201,-7.208607749870861,-6.303244091699703,-0.9638641759402552,0.0013196978796652314,3.279913485963903e-06,28.0,28.0,14.0,6.0,6.0,6.0
1.0,1.0,0.008312890025968208,5.671009214101084e-05,-0.3381975974391701,0.043041365453971366,0.224,-0.3381975974391701,0.043041365453971366,0.224,-0.33246963888656206,0.04293831414182777,0.21797637884404145,-0.4699868188769048,-1.490933076529557,1.3444579969041521,-1.4242899624687286,-1.5708304111792633,2.6715752566869218,-0.06215694302897723,0.13240190578509195,-0.11522972975576477,-0.017052483908970694,-0.00011320039850317538,-0.06271658205474226,-0.4699868188769048,-1.490933076529557,1.3444579969041521,-1.4242899624687286,-1.5708304111792633,2.6715752566869218,nan,nan,nan,nan,nan,nan,0.03181942145013618,-7.2153931353165905,-6.303320312691818,-0.9638532842449928,0.0013057524595332572,3.101686822500458e-06,28.0,28.0,14.0,6.0,6.0,6.0
1.004,1.0,0.008352122453167623,5.827050262784357e-05,-0.33833554360167817,0.043174912542266214,0.224,-0.33833554360167817,0.043174912542266214,0.224,-0.33257650897045304,0.04307925180663148,0.21795166811321384,-0.4702334042943642,-1.490401455795392,1.3439944584468189,-1.4243576001281708,-1.5708308292420614,2.6713266057975233,-0.061333988735058464,0.13322228682565032,-0.11629833675545928,-0.01680726016812787,-0.00011052869941284843,-0.061824393731984756,-0.4702334042943642,-1.490401455795392,1.3439944584468189,-1.4243576001281708,-1.5708308292420614,2.6713266057975233,nan,nan,nan,nan,nan,nan,0.031595516298929094,-7.222202760544414,-6.303395498565601,-0.9638427344476439,0.0012922139985019024,2.927579016640384e-06,28.0,28.0,14.0,6.0,6.0,6.0
1.008,1.0,0.008391083768094105,5.968885508932376e-05,-0.3384739164078556,0.04330801751983389,0.224,-0.3384739164078556,0.04330801751983389,0.224,-0.3326841368235894,0.04321950159619432,0.21792703498280713,-0.4704767197052169,-1.4898665820657742,1.3435266735800266,-1.4244242562847418,-1.5708312366480335,2.671081492134993,-0.060519725666362316,0.13403135046104692,-0.11735587851478815,-0.016561670016856003,-0.00010793444631762755,-0.06094478296923315,-0.4704767197052169,-1.4898665820657742,1.3435266735800266,-1.4244242562847418,-1.5708312366480335,2.671081492134993,nan,nan,nan,nan,nan,nan,0.0313792660013504,-7.229036512477105,-6.303469649382598,-0.9638325143136189,0.0012790723899338617,2.7578226475802796e-06,28.0,28.0,14.0,6.0,6.0,6.0
1.012,1.0,0.008429778803209947,6.096391215791372e-05,-0.3386127144407663,0.0434406790236806,0.224,-0.3386127144407663,0.0434406790236806,0.224,-0.3327925124220572,0.043359069220304386,0.21790247927658665,-0.47071679928826116,-1.4893284998590317,1.3430546857464816,-1.4244899294095115,-1.5708316337072146,2.6708398662180177,-0.05971391998082708,0.13482939590098889,-0.1184026807453549,-0.016315689335512834,-0.0001054166889452755,-0.060077418793954604,-0.47071679928826116,-1.4893284998590317,1.3430546857464816,-1.4244899294095115,-1.5708316337072146,2.6708398662180177,nan,nan,nan,nan,nan,nan,0.03117052377132213,-7.235894279750883,-6.30354276545992,-0.9638226120072058,0.001266317690739335,2.5926180428369846e-06,28.0,28.0,14.0,6.0,6.0,6.0
1.016,1.0,0.008468212288486003,6.209756741364855e-05,-0.33875193627911937,0.0435728956953537,0.224,-0.33875193627911937,0.0435728956953537,0.224,-0.3329016260112207,0.043497960205069824,0.2178780008326952,-0.4709536763017518,-1.488787252519426,1.34257853711182,-1.4245546178803736,-1.570832020725552,2.6706016798855328,-0.058916343752459584,0.13561671328113012,-0.11943905889526799,-0.01606929528687696,-0.00010297438838579819,-0.05922197167810649,-0.4709536763017518,-1.488787252519426,1.34257853711182,-1.4245546178803736,-1.570832020725552,2.6706016798855328,nan,nan,nan,nan,nan,nan,0.03096914309072922,-7.242775952525166,-6.303614847353779,-0.9638130160821845,0.0012539401237207314,2.432135178256178e-06,28.0,28.0,14.0,6.0,6.0,6.0
1.02,1.0,0.008506388850148011,6.309395540581092e-05,-0.3388915804972846,0.043704666180955615,0.224,-0.3388915804972846,0.043704666180955615,0.224,-0.3330114680978924,0.04363617989712476,0.21785359950301286,-0.4711873831068195,-1.488242882252843,1.3420982686049319,-1.4246183199870157,-1.5708323980045718,2.670366886289488,-0.0581267748739431,0.13639358390382392,-0.12046531843946648,-0.015822466253647752,-0.00010060642496818462,-0.05837811411823617,-0.4711873831068195,-1.488242882252843,1.3420982686049319,-1.4246183199870157,-1.5708323980045718,2.670366886289488,nan,nan,nan,nan,nan,nan,0.030774977868408694,-7.249681422308035,-6.303685895843238,-0.9638037154723686,0.001241930079494848,2.2765155261163094e-06,28.0,28.0,14.0,6.0,6.0,6.0
1.024,1.0,0.008544313009789055,6.395882859098693e-05,-0.33903164566530625,0.04383598913115774,0.224,-0.33903164566530625,0.04383598913115774,0.224,-0.33312202944269104,0.043773733467784376,0.21782927515254233,-0.4714179511904978,-1.4876954301615324,1.3416139199571397,-1.4246810339356468,-1.5708327658410772,2.670135439885412,-0.05734499695775234,0.13716028047514725,-0.12148175516444583,-0.015575181778518542,-9.831160583723663e-05,-0.057545521172835325,-0.4714179511904978,-1.4876954301615324,1.3416139199571397,-1.4246810339356468,-1.5708327658410772,2.670135439885412,nan,nan,nan,nan,nan,nan,0.030587882588487096,-7.256610581796679,-6.3037559119142275,-0.963794699482084,0.0012302781180262752,2.125873848378887e-06,28.0,28.0,14.0,6.0,6.0,6.0
1.028,1.0,0.008581989183814705,6.469906075211694e-05,-0.33917213034891835,0.04396686320121421,0.224,-0.33917213034891835,0.04396686320121421,0.224,-0.33323330105258214,0.043910625917143876,0.2178050276588211,-0.471645411188351,-1.487144936277906,1.3411255297402498,-1.4247427578534904,-1.5708331245268763,2.6699072964209187,-0.056570799236043405,0.13791706733804274,-0.12248865544727214,-0.01532742250676175,-9.608867222721196e-05,-0.05672387095844155,-0.471645411188351,-1.487144936277906,1.3411255297402498,-1.4247427578534904,-1.5708331245268763,2.6699072964209187,nan,nan,nan,nan,nan,nan,0.03040771244839855,-7.263563324731417,-6.303824896743784,-0.9637859577766187,0.001218974969793811,1.9802999342826806e-06,28.0,28.0,14.0,6.0,6.0,6.0
1.032,1.0,0.008619421683185476,6.532233303812927e-05,-0.33931303310955885,0.04409728705097568,0.224,-0.33931303310955885,0.04409728705097568,0.224,-0.3333452741736018,0.04404686207812317,0.21778085691135943,-0.47186979290669945,-1.486591439597416,1.3406331354035042,-1.4248034897930542,-1.5708334743485362,2.6696824129223438,-0.05580397645956916,0.13866420070144758,-0.12348629652879871,-0.015079170131267717,-9.393630643261557e-05,-0.05591284510597963,-0.47186979290669945,-1.486591439597416,1.3406331354035042,-1.4248034897930542,-1.5708334743485362,2.6696824129223438,nan,nan,nan,nan,nan,nan,0.03023432348724036,-7.270539545762914,-6.303892851684714,-0.9637774803726793,0.0012080115366150481,1.8398602807130316e-06,28.0,28.0,14.0,6.0,6.0,6.0
1.036,1.0,0.008656614713430195,6.583679397118976e-05,-0.3394543525043848,0.044227259344903076,0.224,-0.3394543525043848,0.044227259344903076,0.224,-0.33345794028376036,0.044182446620452356,0.2177567628111012,-0.4720911253444383,-1.4860349781105269,1.3401367733094536,-1.4248632277361866,-1.5708338155871664,2.669460747679634,-0.05504432879585256,0.13940192886529468,-0.12447494678101453,-0.014830407339973968,-9.185313847821101e-05,-0.05511212917885262,-0.4720911253444383,-1.4860349781105269,1.3401367733094536,-1.4248632277361866,-1.5708338155871664,2.669460747679634,nan,nan,nan,nan,nan,nan,0.03006757270474656,-7.277539140330891,-6.30395977825057,-0.9637692576288761,0.0011973788921588544,1.7045997150498708e-06,28.0,28.0,14.0,6.0,6.0,6.0
1.04,1.0,0.008693572374900182,6.6250857619069e-05,-0.3395960870862869,0.04435677875208125,0.224,-0.3395960870862869,0.04435677875208125,0.224,-0.33357129108612305,0.04431738405460143,0.21773274526990904,-0.4723094367144483,-1.4854755888337947,1.339636478768777,-1.4249219695979294,-1.5708341485182273,2.6692422602296713,-0.05429166172683203,0.14013049244129738,-0.1254548659684834,-0.014581117765624773,-8.983775249001423e-05,-0.054321413054280704,-0.4723094367144483,-1.4854755888337947,1.339636478768777,-1.4249219695979294,-1.5708341485182273,2.6692422602296713,nan,nan,nan,nan,nan,nan,0.02990731817151479,-7.284562004554258,-6.304025678101017,-0.9637612802362455,0.001187068282164284,1.5745429591534868e-06,28.0,28.0,14.0,6.0,6.0,6.0
1.044,1.0,0.008730298663240982,6.657311191236147e-05,-0.33973823540390413,0.044485843946232596,0.224,-0.33973823540390413,0.044485843946232596,0.224,-0.3336853185020654,0.04445167873564724,0.217708804210072,-0.4725247544645957,-1.4849133078400796,1.3391322860740678,-1.4249797132301734,-1.5708344734113637,2.669026911338149,-0.05354578594617998,0.14085012456943616,-0.12642630550383588,-0.014331285937794012,-8.788869276628196e-05,-0.053540391269402826,-0.4725247544645957,-1.4849133078400796,1.3391322860740678,-1.4249797132301734,-1.5708344734113637,2.669026911338149,nan,nan,nan,nan,nan,nan,0.029753419130702688,-7.291608035131601,-6.304090553027728,-0.9637535392088521,0.0011770711243853696,1.449696134601303e-06,28.0,28.0,14.0,6.0,6.0,6.0
1.048,1.0,0.008766797470057885,6.68120943632399e-05,-0.339880796001639,0.04461445360573065,0.224,-0.339880796001639,0.04461445360573065,0.224,-0.3338000146647009,0.04458533486708339,0.2176849395638349,-0.47273710529832114,-1.4843481702878973,1.3386242285326166,-1.4250364564251297,-1.5708347905302606,2.668814662980155,-0.0528065172564808,0.14156105113008552,-0.12738950869730414,-0.014080897237102968,-8.600446955654576e-05,-0.05276876333363868,-0.47273710529832114,-1.4843481702878973,1.3386242285326166,-1.4250364564251297,-1.5708347905302606,2.668814662980155,nan,nan,nan,nan,nan,nan,0.029605736091845004,-7.298677129251079,-6.304154404940639,-0.9637460258744733,0.0011673790082887625,1.3300482087633414e-06,28.0,28.0,14.0,6.0,6.0,6.0
1.052,1.0,0.008803072583752777,6.697626234241217e-05,-0.3400237674196722,0.04474260641361364,0.224,-0.3400237674196722,0.04474260641361364,0.224,-0.3339153719124797,0.044718356504566695,0.21766115127294858,-0.4729465151948181,-1.483780210449939,1.3381123384982079,-1.4250921969186219,-1.5708351001325236,2.6686054783195803,-0.052073676466436916,0.14226349095173602,-0.12834471100029726,-0.01382993785157372,-8.41835645486971e-05,-0.05200623400880046,-0.4729465151948181,-1.483780210449939,1.3381123384982079,-1.4250921969186219,-1.5708351001325236,2.6686054783195803,nan,nan,nan,nan,nan,nan,0.02946413091690782,-7.305769184509103,-6.304217235854687,-0.963738731865381,0.0011579836945179419,1.2155723819639465e-06,28.0,28.0,14.0,6.0,6.0,6.0
1.056,1.0,0.008839127690518032,6.707386580233778e-05,-0.3401671481939778,0.044870301057597914,0.224,-0.3401671481939778,0.044870301057597914,0.224,-0.3340313827829504,0.044850747559603374,0.21763743928823948,-0.47315300942879995,-1.4832094617407663,1.3375966474019585,-1.4251469323932093,-1.5708354024695779,2.6683993216874877,-0.051347089288262766,0.1429576560142777,-0.1292921402430334,-0.013578394735043603,-8.242443606971218e-05,-0.051252513558429004,-0.47315300942879995,-1.4832094617407663,1.3375966474019585,-1.4251469323932093,-1.5708354024695779,2.6683993216874877,nan,nan,nan,nan,nan,nan,0.029328466899237605,-7.3128840988374755,-6.304279047877083,-0.9637316491092466,0.0011488771141448027,1.1062274155896846e-06,28.0,28.0,14.0,6.0,6.0,6.0
1.06,1.0,0.00887496637546095,6.711289457120523e-05,-0.3403109368563378,0.044997536230091444,0.224,-0.3403109368563378,0.044997536230091444,0.224,-0.33414804000669035,0.04498251180317249,0.2176138035691999,-0.47335661258985723,-1.482635956743708,1.33707718578222,-1.4252006604811494,-1.570835697786589,2.668196158559557,-0.05062658623541156,0.14364375164782028,-0.13023201686625144,-0.013326255567577452,-8.072552400553708e-05,-0.050507317967817565,-0.47335661258985723,-1.482635956743708,1.33707718578222,-1.4252006604811494,-1.570835697786589,2.668196158559557,nan,nan,nan,nan,nan,nan,0.02919860883554462,-7.320021770437874,-6.304339843195028,-0.963724769820171,0.0011400513677230603,1.0019589018607047e-06,28.0,28.0,14.0,6.0,6.0,6.0
1.064,1.0,0.008910592123852465,6.710107879278949e-05,-0.34045513193435756,0.04512431062820717,0.224,-0.34045513193435756,0.04512431062820717,0.224,-0.3342653365013925,0.045113652869286994,0.2175902440835956,-0.47355734860140786,-1.4820597272369713,1.3365539833135711,-1.425253378767206,-1.5708359863224017,2.6679959555327173,-0.04991200252076873,0.14432197672704178,-0.13116455414704015,-0.013073508717811464,-7.908525444451517e-05,-0.04977036913615916,-0.47355734860140786,-1.4820597272369713,1.3365539833135711,-1.425253378767206,-1.5708359863224017,2.6679959555327173,nan,nan,nan,nan,nan,nan,0.029074423091413254,-7.327182097723429,-6.304399624063979,-0.9637180864898612,0.0011314987241637204,9.027004756891925e-07,28.0,28.0,14.0,6.0,6.0,6.0
1.068,1.0,0.008946008322477455,6.704576413572446e-05,-0.34059973195148074,0.04525062295377636,0.224,-0.34059973195148074,0.04525062295377636,0.224,-0.3343832653661129,0.0452441742584926,0.2175667608070918,-0.47375524073924097,-1.4814808042189862,1.3360270688349183,-1.4253050847913122,-1.5708362683094985,2.6677986803010776,-0.049203177955434496,0.14499252386106484,-0.1320899584188315,-0.012820143207159601,-7.750204405184344e-05,-0.049041395042232615,-0.47375524073924097,-1.4814808042189862,1.3360270688349183,-1.4253050847913122,-1.5708362683094985,2.6677986803010776,nan,nan,nan,nan,nan,nan,0.028955777660607855,-7.334364979266685,-6.304458392796346,-0.963711591878942,0.0011232116194449034,8.083749692280201e-07,28.0,28.0,14.0,6.0,6.0,6.0
1.072,1.0,0.008981218261077475,6.695395015280506e-05,-0.3407447354270045,0.045376471913361915,0.224,-0.3407447354270045,0.045376471913361915,0.224,-0.3345018198756724,0.04537407934130225,0.2175433537228956,-0.4739503116496577,-1.480899217933003,1.3354964703767318,-1.4253557760510946,-1.5708365439739722,2.6676043016312576,-0.04849995684820814,0.14565557957886857,-0.13300842928561232,-0.012566148675817285,-7.597430417866772e-05,-0.04832012988501928,-0.4739503116496577,-1.480899217933003,1.3354964703767318,-1.4253557760510946,-1.5708365439739722,2.6676043016312576,nan,nan,nan,nan,nan,nan,0.028842542218472517,-7.34157031375342,-6.304516151750758,-0.9637052790084377,0.0011151826551699527,7.188955101638393e-07,28.0,28.0,14.0,6.0,6.0,6.0
1.076,1.0,0.009016225133871248,6.683220467037195e-05,-0.3408901408760944,0.04550185621827159,0.224,-0.3408901408760944,0.04550185621827159,0.224,-0.3346209934752098,0.04550337136156973,0.21752002282141567,-0.47414258336721227,-1.480314997890959,1.3349622151874414,-1.4254054500042657,-1.5708368135355155,2.6674127893372153,-0.047802187905876425,0.14631132451025597,-0.1339201598304199,-0.012311515350495551,-7.450044471436194e-05,-0.04760631420060832,-0.47414258336721227,-1.480314997890959,1.3349622151874414,-1.4254054500042657,-1.5708368135355155,2.6674127893372153,nan,nan,nan,nan,nan,nan,0.02873458816983973,-7.348797999941972,-6.304572903321827,-0.963699141151421,0.0011074045969900956,6.341665643345575e-07,28.0,28.0,14.0,6.0,6.0,6.0
1.08,1.0,0.00905103204114411,6.668671704973035e-05,-0.3410359468098001,0.04562677458457118,0.224,-0.3410359468098001,0.04562677458457118,0.224,-0.3347407797748838,0.04563205343979796,0.21749676809993615,-0.47433207733205607,-1.4797281728966316,1.33442432975901,-1.4254541040708906,-1.570837077207426,2.6672241142546635,-0.04710972413439864,0.14695993356240136,-0.134825336818193,-0.012056234013819476,-7.30788776895999e-05,-0.04689969495672597,-0.47433207733205607,-1.4797281728966316,1.33442432975901,-1.4254541040708906,-1.570837077207426,2.6672241142546635,nan,nan,nan,nan,nan,nan,0.02863178869166666,-7.356047936627569,-6.304628649930388,-0.9636931718248228,0.0010998703729020298,5.540849240024656e-07,28.0,28.0,14.0,6.0,6.0,6.0
1.084,1.0,0.009085641990891914,6.652323642293772e-05,-0.3411821517350699,0.045751225733097714,0.224,-0.3411821517350699,0.045751225733097714,0.224,-0.33486117254472175,0.045760128576386776,0.2174735895623072,-0.4745188144068892,-1.4791387710680968,1.3338828398517109,-1.4255017356355382,-1.570837335196625,2.66703824821516,-0.04642242274107351,0.14760157609200875,-0.135724140893051,-0.011800295975333414,-7.170802063354668e-05,-0.046200025626187156,-0.4745188144068892,-1.4791387710680968,1.3338828398517109,-1.4255017356355382,-1.570837335196625,2.66703824821516,nan,nan,nan,nan,nan,nan,0.028534018770609043,-7.363320022611053,-6.3046833940142175,-0.9636873647814193,0.001092573071431564,4.785406428749677e-07,28.0,28.0,14.0,6.0,6.0,6.0
1.088,1.0,0.009120057900514109,6.634707509891662e-05,-0.34132875415476677,0.045875208389472524,0.224,-0.34132875415476677,0.045875208389472524,0.224,-0.3349821657096102,0.045887599654815564,0.21745048721864915,-0.47470281489352345,-1.4785468198595098,1.3333377705181284,-1.4255483420493178,-1.5708375877036864,2.6668551640199527,-0.04574014503776466,0.1482364160731231,-0.13661674677008917,-0.011543693044037236,-7.038629969797358e-05,-0.045507066240534556,-0.47470281489352345,-1.4785468198595098,1.3333377705181284,-1.4255483420493178,-1.5708375877036864,2.6668551640199527,nan,nan,nan,nan,nan,nan,0.028441155236026847,-7.3706141566719126,-6.304737138019317,-0.9636817140020075,0.001085505939719339,4.0741791881113023e-07,28.0,28.0,14.0,6.0,6.0,6.0
1.092,1.0,0.009154282598546972,6.616305189190243e-05,-0.3414757525676832,0.045998721284114294,0.224,-0.3414757525676832,0.045998721284114294,0.224,-0.3351037533444243,0.046014469444765616,0.21742746108506886,-0.47488409854906055,-1.477952346082226,1.3327891461264068,-1.4255939206318082,-1.570837834922882,2.6666748354136596,-0.04506275634525184,0.14886461226063818,-0.13750332342177637,-0.011286417502403815,-6.911215255141114e-05,-0.044820583425100216,-0.47488409854906055,-1.477952346082226,1.3327891461264068,-1.4255939206318082,-1.570837834922882,2.6666748354136596,nan,nan,nan,nan,nan,nan,0.028353076788428487,-7.377930237544963,-6.3047898843915675,-0.963676213687756,0.001078662381512582,3.405959259273811e-07,28.0,28.0,14.0,6.0,6.0,6.0
1.096,1.0,0.009188318826424945,6.597562447213689e-05,-0.34162314546855665,0.04612176315225206,0.224,-0.34162314546855665,0.04612176315225206,0.224,-0.3352259296692954,0.04614074060517879,0.2174045111833923,-0.47506268460169154,-1.4773553759252778,1.332236990382766,-1.4256384686728913,-1.570838077042234,2.666497237057848,-0.04439012589877133,0.1494863183495501,-0.13838403425904508,-0.011028462081809576,-6.788403105228866e-05,-0.04414035041668257,-0.47506268460169154,-1.4773553759252778,1.332236990382766,-1.4256384686728913,-1.570838077042234,2.666497237057848,nan,nan,nan,nan,nan,nan,0.028269664023804607,-7.385268163900706,-6.304841635568967,-0.9636708582527397,0.001072035955076979,2.779495970453455e-07,28.0,28.0,14.0,6.0,6.0,6.0
1.1,1.0,0.009222169240268528,6.57887633749784e-05,-0.3417709313480852,0.046244332733938166,0.224,-0.3417709313480852,0.046244332733938166,0.224,-0.3353486890450112,0.046266415687255084,0.2173816375409068,-0.4752385917661206,-1.4767559349752244,1.3316813263533056,-1.425681983434487,-1.5708383142435793,2.666322344504587,-0.04372212675479953,0.15010168313001113,-0.13925903730717204,-0.01076981993931862,-6.670040370949945e-05,-0.04346614706500142,-0.4752385917661206,-1.4767559349752244,1.3316813263533056,-1.425681983434487,-1.5708383142435793,2.666322344504587,nan,nan,nan,nan,nan,nan,0.028190799453943958,-7.392627834328257,-6.304892393974195,-0.9636656423166657,0.0010656203710400743,2.1935035818303304e-07,28.0,28.0,14.0,6.0,6.0,6.0
1.104,1.0,0.00925583641268836,6.560597989386121e-05,-0.3419191086929427,0.04636642877406115,0.224,-0.3419191086929427,0.04636642877406115,0.224,-0.3354720259685469,0.0463914971373883,0.21735884019011698,-0.4754118382586197,-1.4761540482353934,1.3311221764851195,-1.425724462152199,-1.5708385467026427,2.66615013417003,-0.0430586356991269,0.15071085063824827,-0.14012848537655126,-0.010510484635764004,-6.555975793793147e-05,-0.04279775981904829,-0.4754118382586197,-1.4761540482353934,1.3311221764851195,-1.425724462152199,-1.5708385467026427,2.66615013417003,nan,nan,nan,nan,nan,nan,0.028116367523092985,-7.40000914732196,-6.304942162007811,-0.9636605606977912,0.0010594094901638616,1.6466681627677254e-07,28.0,28.0,14.0,6.0,6.0,6.0
1.108,1.0,0.009289322834603013,6.543042020779486e-05,-0.3420676759857944,0.04648805002235866,0.224,-0.3420676759857944,0.04648805002235866,0.224,-0.3355959350687221,0.04651598730004152,0.21733611916851114,-0.47558244181171916,-1.4755497401445272,1.3305595626267381,-1.4257659020368774,-1.5708387745891188,2.6659805833080874,-0.042399533156268425,0.15131396030339764,-0.1409925262284535,-0.01025045011506641,-6.446060211788104e-05,-0.04213498169942243,-0.47558244181171916,-1.4755497401445272,1.3305595626267381,-1.4257659020368774,-1.5708387745891188,2.6659805833080874,nan,nan,nan,nan,nan,nan,0.028046254621076787,-7.407412001269713,-6.304990942041688,-0.963655608406017,0.0010533973210733075,1.1376540180765585e-07,28.0,28.0,14.0,6.0,6.0,6.0
1.112,1.0,0.009322630917061292,6.526478618619578e-05,-0.3422166317053126,0.04660919523343015,0.224,-0.3422166317053126,0.04660919523343015,0.224,-0.33572041110198464,0.04663988842056123,0.21731347451833852,-0.4757504196885386,-1.4749430345948535,1.329993506047921,-1.4258063002761006,-1.5708389980667614,2.6658136699842405,-0.041744703100244036,0.15191114709033127,-0.14185130273588287,-0.009989710684739328,-6.340146746188105e-05,-0.04147761225769247,-0.4757504196885386,-1.4749430345948535,1.329993506047921,-1.4258063002761006,-1.5708389980667614,2.6658136699842405,nan,nan,nan,nan,nan,nan,0.02798034909313537,-7.414836294444046,-6.3050387364129925,-0.9636507806361767,0.0010475780179289005,6.65109677247337e-08,28.0,28.0,14.0,6.0,6.0,6.0
1.116,1.0,0.00935576299306699,6.511138731704377e-05,-0.3423659743261919,0.04672986316674973,0.224,-0.3423659743261919,0.04672986316674973,0.224,-0.33584544894831414,0.046763202647932295,0.21729090628639844,-0.47591578869676515,-1.4743339549495937,1.3294240274588192,-1.4258456540355824,-1.5708392172934806,2.6656493730495527,-0.04109403296676333,0.15250254163853869,-0.1427049530396336,-0.009728260997517998,-6.238090970373259e-05,-0.04082545752379362,-0.47591578869676515,-1.4743339549495937,1.3294240274588192,-1.4258456540355824,-1.5708392172934806,2.6656493730495527,nan,nan,nan,nan,nan,nan,0.027918541246657325,-7.422281924995184,-6.305085547418579,-0.963646072761518,0.0010419458780624375,2.276734624198038e-08,28.0,28.0,14.0,6.0,6.0,6.0
1.12,1.0,0.009388721319402054,6.497214208909811e-05,-0.3425157023191653,0.04685005258667882,0.224,-0.3425157023191653,0.04685005258667882,0.224,-0.3359710436072447,0.046885932037473516,0.21726841452383708,-0.47607856520228387,-1.4737225240599257,1.3288511470285227,-1.4258839604605085,-1.5708394324214443,2.6654876721149137,-0.04044741356684165,0.15308827039713543,-0.1435536106996544,-0.009466096034066633,-6.139751061109397e-05,-0.04017832994242762,-0.47607856520228387,-1.4737225240599257,1.3288511470285227,-1.4258839604605085,-1.5708394324214443,2.6654876721149137,nan,nan,nan,nan,nan,nan,0.027860723355074033,-7.429748790945784,-6.305131377309667,-0.9636414803273549,0.0010364953395806157,-1.76021350201321e-08,28.0,28.0,14.0,6.0,6.0,6.0
1.124,1.0,0.00942150807844283,6.484861745840853e-05,-0.34266581415101943,0.046969762262478794,0.224,-0.34266581415101943,0.046969762262478794,0.224,-0.33609719019400286,0.04700807855347379,0.21724599928595534,-0.4762387651424659,-1.4731087642814158,1.3282748844030163,-1.4259212166768056,-1.5708396435971876,2.6653285475255664,-0.03980473900186903,0.1536684557560714,-0.14439740484182614,-0.009203211086711875,-6.044987933498932e-05,-0.03953604829939471,-0.4762387651424659,-1.4731087642814158,1.3282748844030163,-1.4259212166768056,-1.5708396435971876,2.6653285475255664,nan,nan,nan,nan,nan,nan,0.027806789658966054,-7.437236790187601,-6.305176228287096,-0.9636369990449283,0.0010312209789389286,-5.4734175970378525e-08,28.0,28.0,14.0,6.0,6.0,6.0
1.1280000000000001,1.0,0.00945412537996549,6.474205922178454e-05,-0.3428163082846104,0.047088990968323634,0.224,-0.3428163082846104,0.047088990968323634,0.224,-0.3362238839357588,0.0471296440717718,0.21722366063202586,-0.4763964040391209,-1.4724926974899366,1.327695258722558,-1.4259574197923492,-1.570839850961727,2.665171980335947,-0.0391659065801528,0.1542432161736123,-0.14523646030026577,-0.008939601744145355,-5.953665359885165e-05,-0.03889843763875048,-0.4763964040391209,-1.4724926974899366,1.327695258722558,-1.4259574197923492,-1.570839850961727,2.665171980335947,nan,nan,nan,nan,nan,nan,0.02775663636463644,-7.4447458204791435,-6.305220102496707,-0.9636326247854191,0.0010261175084952745,-8.876506425212093e-08,28.0,28.0,14.0,6.0,6.0,6.0
1.1320000000000001,1.0,0.009486575262941251,6.465336865862524e-05,-0.3429671831788796,0.047207737483312424,0.224,-0.3429671831788796,0.047207737483312424,0.224,-0.33635112016798735,0.047250630382276726,0.21720139862511628,-0.4765514970111196,-1.4718743450970821,1.327112288638499,-1.4259925668981113,-1.5708400546506762,2.665017952284885,-0.038530816734947224,0.15481266630017249,-0.1460708977552611,-0.00867526387705783,-5.865650073790959e-05,-0.03826532917163287,-0.4765514970111196,-1.4718743450970821,1.327112288638499,-1.4259925668981113,-1.5708400546506762,2.665017952284885,nan,nan,nan,nan,nan,nan,0.027710161640417702,-7.45227577944516,-6.305263002025308,-0.9636283535741699,0.0010211797740470392,-1.198302718443136e-07,28.0,28.0,14.0,6.0,6.0,6.0
1.1360000000000001,1.0,0.009518859697313142,6.458321417824834e-05,-0.3431184372888695,0.0473260005914819,0.224,-0.3431184372888695,0.0473260005914819,0.224,-0.3364788943309355,0.04737103919143313,0.21717921333192455,-0.47670405878669164,-1.4712537280650972,1.326525992329565,-1.4260266550692542,-1.570840254794369,2.6648664457711773,-0.03789937294398165,0.15537691709857185,-0.146900833866947,-0.008410193624647963,-5.780811859764642e-05,-0.03763656017758331,-0.47670405878669164,-1.4712537280650972,1.326525992329565,-1.4260266550692542,-1.570840254794369,2.6648664457711773,nan,nan,nan,nan,nan,nan,0.027667265610640895,-7.459826564576797,-6.305304928896809,-0.9636241815850682,0.0010164027523575372,-1.4806408566750456e-07,28.0,28.0,14.0,6.0,6.0,6.0
1.1400000000000001,1.0,0.009550980585756397,6.453192118016016e-05,-0.3432700690657392,0.047443779081818856,0.224,-0.3432700690657392,0.047443779081818856,0.224,-0.336607201966196,0.04749087212463105,0.21715710482261794,-0.47685410371540593,-1.4706308669213355,1.32593638751761,-1.4260596813661712,-1.5708404515179828,2.664717443829582,-0.037271481650496034,0.1559360759607974,-0.14772638140483016,-0.008144387381970737,-5.699023629360663e-05,-0.037011973899129885,-0.47685410371540593,-1.4706308669213355,1.32593638751761,-1.4260596813661712,-1.5708404515179828,2.664717443829582,nan,nan,nan,nan,nan,nan,0.027627850347634167,-7.467398073233017,-6.305345885068813,-0.9636201051351136,0.0010117815486735287,-1.7359927129662032e-07,28.0,28.0,14.0,6.0,6.0,6.0
1.1440000000000001,1.0,0.009582939765419341,6.449963794015528e-05,-0.3434220769567808,0.04756107174827258,0.224,-0.3434220769567808,0.04756107174827258,0.224,-0.3367360387133801,0.047610130728558436,0.21713507317068187,-0.47700164577983845,-1.4700057817722583,1.325343491482865,-1.426091642835479,-1.5708406449416685,2.664570930107244,-0.036647052185787815,0.15649024682134607,-0.14854764937327244,-0.007877841788071827,-5.6201614847181746e-05,-0.03639141943037537,-0.47700164577983845,-1.4700057817722583,1.325343491482865,-1.426091642835479,-1.5708406449416685,2.664570930107244,nan,nan,nan,nan,nan,nan,0.027591819861768403,-7.474990202642722,-6.305385872429425,-0.9636161206791538,0.00100731139424528,-1.9656676799291422e-07,28.0,28.0,14.0,6.0,6.0,6.0
1.1480000000000001,1.0,0.009614739009639807,6.448629659642238e-05,-0.3435744594054347,0.0476778773897672,0.224,-0.3435744594054347,0.0476778773897672,0.224,-0.3368654003068915,0.04772881647350212,0.21711311845277614,-0.47714669860693426,-1.4693784923169884,1.3247473210786924,-1.4261225365109658,-1.570840835180677,2.6644268888405804,-0.0360259966932732,0.15703953026722703,-0.14936474313303777,-0.007610553714873211,-5.5441047695299695e-05,-0.035774751600292434,-0.47714669860693426,-1.4693784923169884,1.3247473210786924,-1.4261225365109658,-1.570840835180677,2.6644268888405804,nan,nan,nan,nan,nan,nan,0.027559080089739542,-7.482602849907592,-6.305424892794399,-0.9636122248047867,0.0010029876438404383,-2.170954136469955e-07,28.0,28.0,14.0,6.0,6.0,6.0
1.1520000000000001,1.0,0.009646380029639143,6.449161969310944e-05,-0.343727214851306,0.047794194810213964,0.224,-0.343727214851306,0.047794194810213964,0.224,-0.33699528257279715,0.047846930755593306,0.21709124074859626,-0.47728927547906963,-1.4687490178604323,1.3241478927458652,-1.4261523594144947,-1.5708410223454927,2.664285304832646,-0.0354082300540615,0.15758402364470325,-0.15017776451901169,-0.0073425202567645505,-5.4707361091757965e-05,-0.035161830851392274,-0.47728927547906963,-1.4687490178604323,1.3241478927458652,-1.4261523594144947,-1.5708410223454927,2.664285304832646,nan,nan,nan,nan,nan,nan,0.027529538881209355,-7.490235912005565,-6.3054629479045525,-0.9636084142274357,0.000998805773272005,-2.3531169796211928e-07,28.0,28.0,14.0,6.0,6.0,6.0
1.156,1.0,0.009677864476193013,6.451518616088311e-05,-0.3438803417301803,0.047910022818523496,0.224,-0.3438803417301803,0.047910022818523496,0.224,-0.33712568142578897,0.047964474899001075,0.21706944014074112,-0.47742938934482004,-1.468117377325984,1.3235452225263842,-1.4261811085568694,-1.5708412065419657,2.664146163430991,-0.03479366981404028,0.1581238211628495,-0.1509868119541956,-0.0070737387208649905,-5.399941439769548e-05,-0.034552523114394704,-0.47742938934482004,-1.468117377325984,1.3235452225263842,-1.4261811085568694,-1.5708412065419657,2.664146163430991,nan,nan,nan,nan,nan,nan,0.027503105983943336,-7.49788928579497,-6.305500039423511,-0.9636046857855878,0.0009947613769277154,-2.513395429017512e-07,28.0,28.0,14.0,6.0,6.0,6.0
1.16,1.0,0.009709193941272317,6.455643601465304e-05,-0.34403383847403957,0.048025360228618016,0.224,-0.34403383847403957,0.048025360228618016,0.224,-0.3372565928662398,0.04808145015807421,0.21704771671458853,-0.4775670528294405,-1.4674835892678197,1.322939326076849,-1.4262087809386597,-1.5708413878714453,2.664009450506032,-0.034182236112466416,0.15865901399400423,-0.1517919805600822,-0.006804206617916837,-5.3316100272345646e-05,-0.03394669967950346,-0.4775670528294405,-1.4674835892678197,1.322939326076849,-1.4262087809386597,-1.5708413878714453,2.664009450506032,nan,nan,nan,nan,nan,nan,0.02747969302755449,-7.505562868018941,-6.305536168935614,-0.9636010364361836,0.0009908501653135876,-2.653001082879628e-07,28.0,28.0,14.0,6.0,6.0,6.0
1.164,1.0,0.009740369959659063,6.46146893398933e-05,-0.3441877035110787,0.04814020585944345,0.224,-0.3441877035110787,0.04814020585944345,0.224,-0.33738801297734766,0.04819785771943202,0.21702607055817474,-0.4777022782450639,-1.4668476718828025,1.3223302186813946,-1.426235373550995,-1.5708415664309139,2.6638751524299447,-0.033573851612055616,0.15918969037119318,-0.15259336226351086,-0.0065339216537751545,-5.265634477211437e-05,-0.03334423706484069,-0.4777022782450639,-1.4668476718828025,1.3223302186813946,-1.426235373550995,-1.5708415664309139,2.6638751524299447,nan,nan,nan,nan,nan,nan,0.027459213505952457,-7.513256555310157,-6.305571337944166,-0.9635974632501767,0.0009870679626152264,-2.773116219870322e-07,28.0,28.0,14.0,6.0,6.0,6.0
1.168,1.0,0.009771394010532805,6.468918281644374e-05,-0.3443419352657209,0.04825455853498154,0.224,-0.3443419352657209,0.04825455853498154,0.224,-0.3375199379223651,0.04831369870400367,0.21700450176208075,-0.47783507760062316,-1.466209643022002,1.321717915264211,-1.4262608833763242,-1.5708417423131218,2.6637432560560828,-0.03296844143056107,0.15971593568260445,-0.15339104590011163,-0.006262881721456344,-5.201910735775469e-05,-0.03274501688258007,-0.47783507760062316,-1.466209643022002,1.321717915264211,-1.4262608833763242,-1.5708417423131218,2.6637432560560828,nan,nan,nan,nan,nan,nan,0.027441582758557855,-7.5209702441959445,-6.305605547869824,-0.9635939634082256,0.0009834107042686494,-2.8748923235389657e-07,28.0,28.0,14.0,6.0,6.0,6.0
1.172,1.0,0.009802267519028986,6.477908233039712e-05,-0.3444965321586344,0.04836841708426188,0.224,-0.3444965321586344,0.04836841708426188,0.224,-0.3376523639419152,0.048428974169020304,0.21698301041932175,-0.4779654626115042,-1.4655695202018428,1.3211024304016568,-1.4262853073891435,-1.5708419156067206,2.663613748698945,-0.03236593307383271,0.16023783256318758,-0.15418511731442835,-0.005991084893716702,-5.140338082328035e-05,-0.03214892570326694,-0.4779654626115042,-1.4655695202018428,1.3211024304016568,-1.4262853073891435,-1.5708419156067206,2.663613748698945,nan,nan,nan,nan,nan,nan,0.027426717950627566,-7.528703831103638,-6.305638800049303,-0.9635905341965565,0.0009798744345580284,-2.959448825750213e-07,28.0,28.0,14.0,6.0,6.0,6.0
1.176,1.0,0.009832991857766028,6.488348883229786e-05,-0.3446514926067483,0.04848178034137393,0.224,-0.3446514926067483,0.04848178034137393,0.224,-0.3377852873513871,0.048543685109957234,0.21696159662524453,-0.4780934447089339,-1.4649273206148963,1.3204837783339798,-1.426308642556699,-1.570842086396397,2.663486618114683,-0.031766256370341577,0.16075546098345445,-0.15497565945682498,-0.0057185294161257475,-5.080819114886922e-05,-0.03155585491879853,-0.4780934447089339,-1.4649273206148963,1.3204837783339798,-1.426308642556699,-1.570842086396397,2.663486618114683,nan,nan,nan,nan,nan,nan,0.0274145380523664,-7.5364572123658995,-6.3056710957341675,-0.9635871730029482,0.0009764553042304393,-3.027872049958128e-07,28.0,28.0,14.0,6.0,6.0,6.0
1.18,1.0,0.00986356834834428,6.500147159431077e-05,-0.3448068150232691,0.048594647145478925,0.224,-0.3448068150232691,0.048594647145478925,0.224,-0.33791870453841216,0.04865783246242849,0.2169402604774266,-0.47821903504911045,-1.4642830611403213,1.319861972976658,-1.4263308858396593,-1.570842254763006,2.6633618524821614,-0.031169343407159485,0.16126889833555613,-0.15576275247726679,-0.0054452137006078295,-5.023259728198018e-05,-0.03096570060450104,-0.47821903504911045,-1.4642830611403213,1.319861972976658,-1.4263308858396593,-1.570842254763006,2.6633618524821614,nan,nan,nan,nan,nan,nan,0.027404963817328955,-7.544230284226375,-6.305702436089986,-0.9635838773128864,0.0009731495681366695,-3.081214343921427e-07,28.0,28.0,14.0,6.0,6.0,6.0
1.184,1.0,0.009893998262813343,6.513211137810186e-05,-0.34496249781769656,0.04870701634082178,0.224,-0.34496249781769656,0.04870701634082178,0.224,-0.3380526119604169,0.04877141710403522,0.2169190020755816,-0.4783422445220808,-1.4636367583539682,1.319237027931374,-1.426352034192766,-1.5708424207837026,2.6632394403845714,-0.030575128467376585,0.1617782195167105,-0.15654647381607614,-0.0051711363194167775,-4.9675690854068344e-05,-0.0303783633807084,-0.4783422445220808,-1.4636367583539682,1.319237027931374,-1.426352034192766,-1.5708424207837026,2.6632394403845714,nan,nan,nan,nan,nan,nan,0.027397917759952307,-7.552022942845222,-6.305732822195478,-0.963580644705819,0.0009699535828941929,-3.1204933893792633e-07,28.0,28.0,14.0,6.0,6.0,6.0
1.188,1.0,0.009924282825108235,6.527442734142875e-05,-0.34511853939584014,0.048818886776742905,0.224,-0.34511853939584014,0.048818886776742905,0.224,-0.3381870061422528,0.04888443985616814,0.2168978215214676,-0.4784630837603718,-1.462988428538157,1.318608956496633,-1.4263720845654604,-1.5708425845320713,2.663119370791595,-0.02998354796894229,0.1622834970100509,-0.1573268982917479,-0.004896295999523042,-4.913659584107964e-05,-0.029793748274223732,-0.4784630837603718,-1.462988428538157,1.318608956496633,-1.4263720845654604,-1.5708425845320713,2.663119370791595,nan,nan,nan,nan,nan,nan,0.027393324132397357,-7.5598350843048365,-6.305762255042023,-0.9635774728515847,0.0009668638045811751,-3.14669167702196e-07,28.0,28.0,14.0,6.0,6.0,6.0
1.192,1.0,0.00995442321245512,6.542748467885507e-05,-0.34527493815983556,0.04893025730769003,0.224,-0.34527493815983556,0.04893025730769003,0.224,-0.33832188367389665,0.0489969014857639,0.21687671891880161,-0.4785815631473796,-1.4623380876911354,1.317977771678036,-1.426391033902488,-1.5708427460782557,2.6630016330421284,-0.029394540404912503,0.162784800962969,-0.15810409818591975,-0.004620691617384949,-4.861446816451031e-05,-0.029211764580015072,-0.4785815631473796,-1.4623380876911354,1.317977771678036,-1.426391033902488,-1.5708427460782557,2.6630016330421284,nan,nan,nan,nan,nan,nan,0.02739110890073166,-7.567666604615355,-6.305790735533205,-0.9635743595069425,0.0009638767864552338,-3.160756135734602e-07,28.0,28.0,14.0,6.0,6.0,6.0
1.196,1.0,0.009984420556747267,6.559035171387917e-05,-0.34543169250816075,0.04904112679322988,0.224,-0.34543169250816075,0.04904112679322988,0.224,-0.3384572412082235,0.049108802707019,0.21685569437317426,-0.4786976928255243,-1.4616857515362325,1.3173434861982223,-1.4264088791444838,-1.5708429054890856,2.6628862168275504,-0.028808046285084786,0.16328219926302326,-0.15887814332558595,-0.004344322194073056,-4.8108495247168315e-05,-0.028632325723471512,-0.4786976928255243,-1.4616857515362325,1.3173434861982223,-1.4264088791444838,-1.5708429054890856,2.6628862168275504,nan,nan,nan,nan,nan,nan,0.027391199720590124,-7.575517399720246,-6.305818264484488,-0.9635713025122278,0.0009609891767032062,-3.163597904745817e-07,28.0,28.0,14.0,6.0,6.0,6.0
1.2,1.0,0.010014275945886695,6.57620979420347e-05,-0.3455888008356526,0.04915149409805989,0.224,-0.3455888008356526,0.04915149409805989,0.224,-0.33859307545884926,0.04922014418305858,0.21683474799197233,-0.478811482704174,-1.4610314355307135,1.3167061125064858,-1.4264256172285383,-1.5708430628282029,2.6627731121755462,-0.02822400807900372,0.1637757576114789,-0.15964910116263395,-0.0040671868907349576,-4.761789552353718e-05,-0.028055349123520857,-0.478811482704174,-1.4610314355307135,1.3167061125064858,-1.4264256172285383,-1.5708430628282029,2.6627731121755462,nan,nan,nan,nan,nan,nan,0.027393525912261227,-7.583387365501826,-6.305844842623206,-0.9635682997881558,0.0009581977162221257,-3.15609223815362e-07,28.0,28.0,14.0,6.0,6.0,6.0
1.204,1.0,0.010043990425099557,6.594186604797307e-05,-0.3457462615335232,0.04926135809201984,0.224,-0.3457462615335232,0.04926135809201984,0.224,-0.3387293831980375,0.0493309265275643,0.21681387988430065,-0.4789229424673441,-1.4603751548743455,1.3160656627880851,-1.4264412450887476,-1.5708432181561836,2.6626623094344706,-0.02764237016031724,0.16426553959454987,-0.16041703685079794,-0.0037892850043675526,-4.71419179073243e-05,-0.027480756056885276,-0.4789229424673441,-1.4603751548743455,1.3160656627880851,-1.4264412450887476,-1.5708432181561836,2.6626623094344706,nan,nan,nan,nan,nan,nan,0.02739801843543581,-7.591276397786616,-6.305870470588505,-0.9635653493327176,0.0009554992364299688,-3.1390785314532775e-07,28.0,28.0,14.0,6.0,6.0,6.0
1.208,1.0,0.010073564998216362,6.612877132259663e-05,-0.3459040729893764,0.049370717650103375,0.224,-0.3459040729893764,0.049370717650103375,0.224,-0.338866161254675,0.04944115030635864,0.21679309016090983,-0.4790320815811782,-1.4597169245176855,1.3154221489732476,-1.4264557596567449,-1.5708433715306598,2.662553799258255,-0.02706307875246324,0.16475160675240874,-0.16118201332010446,-0.003510615963878037,-4.6679841226322344e-05,-0.026908471523726336,-0.4790320815811782,-1.4597169245176855,1.3154221489732476,-1.4264557596567449,-1.5708433715306598,2.662553799258255,nan,nan,nan,nan,nan,nan,0.02740460986355148,-7.599184392350597,-6.305895148931478,-0.9635624492182016,0.0009528906571124827,-3.113360462126695e-07,28.0,28.0,14.0,6.0,6.0,6.0
1.212,1.0,0.01010300062892365,6.632205370263513e-05,-0.34606223358722427,0.04947957165246957,0.224,-0.34606223358722427,0.04947957165246957,0.224,-0.3390034065123076,0.04955081603895119,0.2167723789341271,-0.4791389093012142,-1.4590567591700967,1.3147755827458836,-1.4264691578622193,-1.5708435230064375,2.6624475725918444,-0.026486081875666624,0.16523401864602827,-0.16194409134889046,-0.0032311793264201217,-4.62309736216061e-05,-0.02633842411491438,-0.4791389093012142,-1.4590567591700967,1.3147755827458836,-1.4264691578622193,-1.5708435230064375,2.6624475725918444,nan,nan,nan,nan,nan,nan,0.027413234357812025,-7.6071112449244005,-6.305918878115448,-0.9635595975883245,0.0009503689842981304,-3.079706231349896e-07,28.0,28.0,14.0,6.0,6.0,6.0
1.216,1.0,0.010132298241985532,6.652092325245805e-05,-0.3462207417075036,0.049587918984454415,0.224,-0.3462207417075036,0.049587918984454415,0.224,-0.3391411159072392,0.04965992420004197,0.21675174631778785,-0.479243434679442,-1.4583946733075013,1.3141259755520185,-1.4264814366334193,-1.5708436726356132,2.6623436206571625,-0.025911329295226167,0.1657128329219196,-0.16270332963347495,-0.0029509747739735483,-4.579465192353026e-05,-0.02577054588112717,-0.479243434679442,-1.4583946733075013,1.3141259755520185,-1.4264814366334193,-1.5708436726356132,2.6623436206571625,nan,nan,nan,nan,nan,nan,0.027423827640993867,-7.6150568511983785,-6.30594165851633,-0.9635567926554782,0.0009479313081723048,-3.038848902144334e-07,28.0,28.0,14.0,6.0,6.0,6.0
1.22,1.0,0.010161458724434656,6.67246611364766e-05,-0.34637959572709276,0.04969575853658216,0.224,-0.34637959572709276,0.04969575853658216,0.224,-0.3392792864266896,0.049768475220987776,0.21673119242717168,-0.47934566657115746,-1.4577306811798836,1.3134733386079516,-1.4264925928976442,-1.5708438204676876,2.6622419349395945,-0.025338772471069824,0.16618810537482767,-0.1634597848555553,-0.0026700021101636047,-4.537024099648256e-05,-0.025204772203971854,-0.47934566657115746,-1.4577306811798836,1.3134733386079516,-1.4264925928976442,-1.5708438204676876,2.6622419349395945,nan,nan,nan,nan,nan,nan,0.027436326970966794,-7.623021106827192,-6.3059634904230455,-0.9635540326980628,0.0009455748010228644,-2.9914868218471376e-07,28.0,28.0,14.0,6.0,6.0,6.0
1.224,1.0,0.010190482926732816,6.693260254097083e-05,-0.34653879401932786,0.04980308920457674,0.224,-0.34653879401932786,0.04980308920457674,0.224,-0.3394179151070099,0.04987646949122991,0.21671071737894124,-0.4794456136416176,-1.4570647968185426,1.3128176829081506,-1.4265026235817218,-1.5708439665496758,2.6621425071749805,-0.024768364508556313,0.16665989000844927,-0.1642135117474097,-0.002388261257285369,-4.495713306882464e-05,-0.02464104166929619,-0.4794456136416176,-1.4570647968185426,1.3128176829081506,-1.4265026235817218,-1.5708439665496758,2.6621425071749805,nan,nan,nan,nan,nan,nan,0.027450671114180644,-7.63100390743486,-6.305984374038155,-0.9635513160579451,0.0009432967152200786,-2.9382841230025713e-07,28.0,28.0,14.0,6.0,6.0,6.0
1.228,1.0,0.010219371663903024,6.714411646436813e-05,-0.34669833495401975,0.04990990988937305,0.224,-0.34669833495401975,0.04990990988937305,0.224,-0.33955699903195513,0.04998390735968278,0.21669032129108254,-0.4795432843725022,-1.45639703404311,1.312159019232891,-1.4265115256124759,-1.570844110926216,2.6620453293371105,-0.024200060110502585,0.16712823909422544,-0.1649645631549669,-0.0021057522535358397,-4.455474704142263e-05,-0.024079295942843724,-0.4795432843725022,-1.45639703404311,1.312159019232891,-1.4265115256124759,-1.570844110926216,2.6620453293371105,nan,nan,nan,nan,nan,nan,0.027466800318949002,-7.639005148618947,-6.30600430947839,-0.9635486411379842,0.0009410943812358199,-2.8798712949497e-07,28.0,28.0,14.0,6.0,6.0,6.0
1.232,1.0,0.01024812571663201,6.735863522923219e-05,-0.34685821689747076,0.050016219497128214,0.224,-0.34685821689747076,0.050016219497128214,0.224,-0.33969653533101074,0.05009078913608851,0.21667000428284802,-0.4796386870681868,-1.455727406468336,1.311497358155648,-1.4265192959171829,-1.570844253639675,2.661950393625708,-0.023633815530413393,0.16759320322827398,-0.16571299009882154,-0.0018224752504224918,-4.416252778193567e-05,-0.023519479648386937,-0.4796386870681868,-1.455727406468336,1.311497358155648,-1.4265192959171829,-1.570844253639675,2.661950393625708,nan,nan,nan,nan,nan,nan,0.02748465628868602,-7.647024725955158,-6.30602329677547,-0.963546006399686,0.0009389652056931935,-2.816845817000937e-07,28.0,28.0,14.0,6.0,6.0,6.0
1.236,1.0,0.010276745832344777,6.75756110538762e-05,-0.3470184382124912,0.05012201693923277,0.224,-0.3470184382124912,0.05012201693923277,0.224,-0.33983652117777197,0.050197115092333225,0.2166497664747012,-0.4797318298618308,-1.4550559275106525,1.3108327100502508,-1.4265259314240184,-1.5708443947302495,2.6618576924548982,-0.023069588526892847,0.16805483138651292,-0.16645884183325835,-0.0015384305103439335,-4.377994540758538e-05,-0.02296154024845573,-0.4797318298618308,-1.4550559275106525,1.3108327100502508,-1.4265259314240184,-1.5708443947302495,2.6618576924548982,nan,nan,nan,nan,nan,nan,0.027504182155153836,-7.655062535001392,-6.306041335876797,-0.9635434103609154,0.0009369066694544459,-2.749772847060115e-07,28.0,28.0,14.0,6.0,6.0,6.0
1.24,1.0,0.010305232726249202,6.779460439099067e-05,-0.34717899725841606,0.05022730113232185,0.224,-0.34717899725841606,0.05022730113232185,0.224,-0.33997695378837484,0.05030288546372978,0.2166296079882655,-0.479822720721287,-1.4543826103945185,1.3101650850978035,-1.4265314290624953,-1.5708445342360673,2.661767218442143,-0.022507338319214,0.16851317097803284,-0.1672021659033508,-0.0012536184043240711,-4.340649455961325e-05,-0.022405427927761047,-0.479822720721287,-1.4543826103945185,1.3101650850978035,-1.4265314290624953,-1.5708445342360673,2.661767218442143,nan,nan,nan,nan,nan,nan,0.0275253224516744,-7.663118471301896,-6.3060584266464055,-0.9635408515937273,0.0009349163257459177,-2.679185960752263e-07,28.0,28.0,14.0,6.0,6.0,6.0
1.244,1.0,0.010333587082355749,6.801510932381845e-05,-0.34733989239112223,0.050332070998286224,0.224,-0.34733989239112223,0.050332070998286224,0.224,-0.34011783041997684,0.05040810045026588,0.21660952894627164,-0.4799113674548355,-1.4537074681585604,1.309494493293383,-1.4265357857638914,-1.5708446721932823,2.6616789643976366,-0.021947025544025424,0.16896826789677047,-0.16794300820020075,-0.0009680394098880761,-4.304169366984266e-05,-0.021851095479405284,-0.4799113674548355,-1.4537074681585604,1.309494493293383,-1.4265357857638914,-1.5708446721932823,2.6616789643976366,nan,nan,nan,nan,nan,nan,0.027548023086383308,-7.671192430390893,-6.306074568865777,-0.9635383287222555,0.0009329917983170086,-2.6055879326140857e-07,28.0,28.0,14.0,6.0,6.0,6.0
1.248,1.0,0.010361809554466882,6.823678254207669e-05,-0.34750112196304495,0.05043632546428338,0.224,-0.34750112196304495,0.05043632546428338,0.224,-0.340259148369286,0.05051276021781876,0.21658952947251045,-0.4799977777167478,-1.4530305136615052,1.3088209444525214,-1.426538998461671,-1.570844808636169,2.661592923314152,-0.021388612213171558,0.16942016657153813,-0.16868141301437825,-0.0006816941090690646,-4.268508422328352e-05,-0.02129849819395028,-0.4799977777167478,-1.4530305136615052,1.3088209444525214,-1.426538998461671,-1.570844808636169,2.661592923314152,nan,nan,nan,nan,nan,nan,0.027572231315598324,-7.679284307796395,-6.306089762234842,-0.9635358404206982,0.0009311307796353507,-2.529451553946187e-07,28.0,28.0,14.0,6.0,6.0,6.0
1.252,1.0,0.01038990076714153,6.845921050932392e-05,-0.3476626843231948,0.0505400634627485,0.224,-0.3476626843231948,0.0505400634627485,0.224,-0.3404009049711374,0.050616864899335895,0.21656960969178476,-0.48008195901268447,-1.4523517595879196,1.3081444482174782,-1.4265410640918967,-1.5708449435972138,2.6615090883573194,-0.020832061672605286,0.16986891001445656,-0.16941742308762175,-0.00039458318653341014,-4.2336230018874244e-05,-0.020747593751403007,-0.48008195901268447,-1.4523517595879196,1.3081444482174782,-1.4265410640918967,-1.5708449435972138,2.6615090883573194,nan,nan,nan,nan,nan,nan,0.027597895717269935,-7.687393999043838,-6.3061040063730305,-0.9635333854113849,0.0009293310291173566,-2.451220483306635e-07,28.0,28.0,14.0,6.0,6.0,6.0
1.256,1.0,0.010417861316632878,6.868212725877062e-05,-0.3478245778171746,0.050643283931405395,0.224,-0.3478245778171746,0.050643283931405395,0.224,-0.3405430975971135,0.05072041459598582,0.21654976972986498,-0.4801639187049318,-1.4516712184537603,1.3074650140633095,-1.426541979593636,-1.570845077107201,2.661427452856331,-0.020277338562370947,0.1703145398678404,-0.17015107966285536,-0.00010670742781398322,-4.1994716430685174e-05,-0.020198342116170234,-0.4801639187049318,-1.4516712184537603,1.3074650140633095,-1.426541979593636,-1.570845077107201,2.661427452856331,nan,nan,nan,nan,nan,nan,0.02762496616454936,-7.695521399659134,-6.306117300820222,-0.9635309624629024,0.0009275903713967904,-2.371310121572482e-07,28.0,28.0,14.0,6.0,6.0,6.0
1.26,1.0,0.010445691771799647,6.890522513568191e-05,-0.34798680078719635,0.050745985813277356,0.224,-0.34798680078719635,0.050745985813277356,0.224,-0.3406857236542115,0.05082340937827643,0.21653000971344463,-0.4802436640174801,-1.4509889026117384,1.3067826513037424,-1.4265417419093602,-1.570845209195299,2.6613480102950593,-0.01972440877763394,0.17075709644958975,-0.17088242253258296,0.00018193228235816408,-4.1660149671213375e-05,-0.01965070543501293,-0.4802436640174801,-1.4509889026117384,1.3067826513037424,-1.4265417419093602,-1.570845209195299,2.6613480102950593,nan,nan,nan,nan,nan,nan,0.02765339379952829,-7.703666405172087,-6.306129645037934,-0.9635285703883167,0.0009259066946265249,-2.2901085097992463e-07,28.0,28.0,14.0,6.0,6.0,6.0
1.264,1.0,0.010473392674993759,6.912824863353235e-05,-0.3481493515720983,0.05084816805669802,0.224,-0.3481493515720983,0.05084816805669802,0.224,-0.34082878058355076,0.050925849287142534,0.21651032977009765,-0.48032120204094936,-1.4503048242565064,1.3060973690968587,-1.4265403479853356,-1.5708453398891415,2.661270754303576,-0.019173239430737093,0.1711966187971282,-0.17161149008571006,0.00047133496163334756,-4.133215605771243e-05,-0.019104647938031648,-0.48032120204094936,-1.4503048242565064,1.3060973690968587,-1.4265403479853356,-1.5708453398891415,2.661270754303576,nan,nan,nan,nan,nan,nan,0.027683131007209632,-7.711828911119429,-6.3061410384103995,-0.9635262080434498,0.0009242779488170909,-2.2079772435161306e-07,28.0,28.0,14.0,6.0,6.0,6.0
1.268,1.0,0.010500964542920713,6.935098395289174e-05,-0.3483122285073619,0.05094982961532209,0.224,-0.3483122285073619,0.05094982961532209,0.224,-0.3409722658591235,0.05102773433500414,0.2164907300282388,-0.4803965397373655,-1.449618995429675,1.305409176450596,-1.4265377947720117,-1.570845469214907,2.6611956786500577,-0.018623798814260347,0.17163314470993515,-0.17233831935284608,0.000761499531539238,-4.101038128441115e-05,-0.01856013584269606,-0.4803965397373655,-1.449618995429675,1.305409176450596,-1.4265377947720117,-1.570845469214907,2.6611956786500577,nan,nan,nan,nan,nan,nan,0.02771413138953744,-7.720008813047625,-6.306151480245735,-0.9635238743252282,0.0009227021442082424,-2.1252523992933061e-07,28.0,28.0,14.0,6.0,6.0,6.0
1.272,1.0,0.010528407867478183,6.957323917887921e-05,-0.3484754299251287,0.05105096944813611,0.224,-0.3484754299251287,0.05105096944813611,0.224,-0.3411161769865844,0.051129064506795885,0.21647121061708346,-0.4804696839447911,-1.4489314280246597,1.3047180822280702,-1.4265340792244003,-1.5708455971973936,2.6611227772330692,-0.018076056365063774,0.1720667107907177,-0.17306294605014025,0.001052424818907937,-4.069448970180029e-05,-0.01801713726092606,-0.4804696839447911,-1.4489314280246597,1.3047180822280702,-1.4265340792244003,-1.5708455971973936,2.6611227772330692,nan,nan,nan,nan,nan,nan,0.02774634973985017,-7.7282060065156895,-6.306160969777089,-0.9635215681700965,0.0009211773496793776,-2.0422454707821922e-07,28.0,28.0,14.0,6.0,6.0,6.0
1.276,1.0,0.010555723116569275,6.979485028448146e-05,-0.34863895415421753,0.05115158651946907,0.224,-0.34863895415421753,0.05115158651946907,0.224,-0.3412605115020811,0.05122983976096746,0.2164517716666092,-0.48054064138181507,-1.4482421337913698,1.304024095152727,-1.4265291983024508,-1.570845723860093,2.6610520440742103,-0.017529982629290185,0.17249735248526302,-0.17378540462169842,0.0013441095572358165,-4.038416360506817e-05,-0.01747562210922178,-0.48054064138181507,-1.4482421337913698,1.304024095152727,-1.4265291983024508,-1.570845723860093,2.6610520440742103,nan,nan,nan,nan,nan,nan,0.027779742017397673,-7.736420387097828,-6.306169506163872,-0.9635192885524965,0.0009197016911899567,-1.9592443076981552e-07,28.0,28.0,14.0,6.0,6.0,6.0
1.28,1.0,0.010582910734893357,7.001567116101297e-05,-0.3488027995201418,0.051251679799003046,0.224,-0.3488027995201418,0.051251679799003046,0.224,-0.3414052669711209,0.05133006003045668,0.21643241330751908,-0.4806094186519045,-1.4475511243407375,1.3033272238133282,-1.4265231489714205,-1.5708458492252613,2.660983473311116,-0.016985549228308746,0.17292510412101306,-0.17450572828062766,0.0016365523879853046,-4.007910252978118e-05,-0.016935562021830632,-0.4806094186519045,-1.4475511243407375,1.3033272238133282,-1.4265231489714205,-1.5708458492252613,2.660983473311116,nan,nan,nan,nan,nan,nan,0.027814265322220547,-7.744651850385946,-6.306177088492972,-0.9635170344834105,0.000918273350258471,-1.8765140599516641e-07,28.0,28.0,14.0,6.0,6.0,6.0
1.284,1.0,0.010609971144713046,7.023560493495702e-05,-0.3489669643451264,0.051351248261783715,0.224,-0.3489669643451264,0.051351248261783715,0.224,-0.3415504409874756,0.05142972522363518,0.21641313567120632,-0.4806760222476223,-1.4468584111490987,1.3026274766687742,-1.426515928202239,-1.570845973313985,2.6609170591907927,-0.0164427288255766,0.17334999894440267,-0.17522394904875654,0.001929751861832421,-3.977902256034373e-05,-0.016396930266939728,-0.4806760222476223,-1.4468584111490987,1.3026274766687742,-1.426515928202239,-1.570845973313985,2.6609170591907927,nan,nan,nan,nan,nan,nan,0.027849877870266746,-7.75290029199202,-6.306183715779951,-0.9635148050089468,0.0009168905624710196,-1.7942981156619644e-07,28.0,28.0,14.0,6.0,6.0,6.0
1.288,1.0,0.010636904746601995,7.045451494039458e-05,-0.349131446948125,0.0514502908882309,0.224,-0.349131446948125,0.0514502908882309,0.224,-0.34169603117211966,0.051528835225228345,0.21639393888971822,-0.48074045855471514,-1.4461640055624263,1.3019248620527735,-1.4265075329718677,-1.5708460961462467,2.6608527960632875,-0.015901495094398713,0.17377206915699903,-0.17594009779507375,0.0022237064398714698,-3.948365564965993e-05,-0.015859701665860364,-0.48074045855471514,-1.4461640055624263,1.3019248620527735,-1.4265075329718677,-1.5708460961462467,2.6608527960632875,nan,nan,nan,nan,nan,nan,0.027886538968816283,-7.761165607550447,-6.306189386970326,-0.9635125992089998,0.00091555161602676,-1.7128190389929565e-07,28.0,28.0,14.0,6.0,6.0,6.0
1.292,1.0,0.01066371192016562,7.06723509949462e-05,-0.349296245644837,0.051548806664148974,0.224,-0.349296245644837,0.051548806664148974,0.224,-0.341842035172207,0.05162738989720875,0.21637482309572445,-0.4808027338560742,-1.4454679188004218,1.3012193881783602,-1.426497960263655,-1.5708462177409872,2.6607906783756676,-0.01536182268656528,0.17419134595048014,-0.17665420427292822,0.002518414494774937,-3.919274895087764e-05,-0.015323852515183398,-0.4808027338560742,-1.4454679188004218,1.3012193881783602,-1.426497960263655,-1.5708462177409872,2.6607906783756676,nan,nan,nan,nan,nan,nan,0.027924208992122602,-7.769447692719997,-6.306194100940786,-0.9635104161959571,0.0009142548503158922,-1.6322794972970124e-07,28.0,28.0,14.0,6.0,6.0,6.0
1.296,1.0,0.010690393024747358,7.088903842746395e-05,-0.3494613587477254,0.051646794580737246,0.224,-0.3494613587477254,0.051646794580737246,0.224,-0.3419884506600763,0.05172538907966533,0.21635578842248238,-0.48086285433557263,-1.4447701619604696,1.300511063142267,-1.426487207067687,-1.5708463381161641,2.660730700666309,-0.014823687201846066,0.17460785954049304,-0.17736629715603586,0.0028138743119211092,-3.8906064163247804e-05,-0.014789360511861112,-0.48086285433557263,-1.4447701619604696,1.300511063142267,-1.426487207067687,-1.5708463381161641,2.660730700666309,nan,nan,nan,nan,nan,nan,0.027962849357531083,-7.77774644318618,-6.306197856500458,-0.9635082551134506,0.0009129986545278578,-1.5528631818514993e-07,28.0,28.0,14.0,6.0,6.0,6.0
1.3,1.0,0.010716948400109469,7.110451903765621e-05,-0.3496267845660333,0.05174425363460031,0.224,-0.3496267845660333,0.05174425363460031,0.224,-0.3421352753322923,0.05182283259164734,0.21633683500380607,-0.4809208260817833,-1.4440707460214597,1.2997998949291552,-1.4264752703811339,-1.5708464572888097,2.6606728575594736,-0.01428706515832234,0.1750216391994195,-0.17807640407332484,0.003110084090487203,-3.8623376892605374e-05,-0.014256204681181835,-0.4809208260817833,-1.4440707460214597,1.2997998949291552,-1.4264752703811339,-1.5708464572888097,2.6606728575594736,nan,nan,nan,nan,nan,nan,0.02800242250171348,-7.786061754662999,-6.306200652392146,-0.9635061151351682,0.0009117814662942789,-1.4747357144268286e-07,28.0,28.0,14.0,6.0,6.0,6.0
1.304,1.0,0.01074337836709426,7.131873838268117e-05,-0.34979252140580186,0.0518411828277583,0.224,-0.34979252140580186,0.0518411828277583,0.224,-0.3422825069087185,0.05191972023198503,0.21631796297403588,-0.4809766550915798,-1.4433696818474797,1.29908589141571,-1.4264621472085912,-1.570846575275084,2.6606171437601702,-0.013751933963536928,0.17543271328809107,-0.1787845516426651,0.0034070419445138478,-3.8344476025845936e-05,-0.013724365307586363,-0.4809766550915798,-1.4433696818474797,1.29908589141571,-1.4264621472085912,-1.570846575275084,2.6606171437601702,nan,nan,nan,nan,nan,nan,0.02804289185744068,-7.794393522895079,-6.306202487293653,-0.9635039954637159,0.0009106017703639423,-1.3980455416074766e-07,28.0,28.0,14.0,6.0,6.0,6.0
1.308,1.0,0.010769683228268668,7.153172641890057e-05,-0.3499585675698873,0.05193758116765712,0.224,-0.3499585675698873,0.05193758116765712,0.224,-0.34243014313161696,0.05201605178008665,0.21629917246800773,-0.4810303472736238,-1.442666980191386,1.2983690603746028,-1.426447834562418,-1.570846692090328,2.660563554049283,-0.013218271886441771,0.1758411092864823,-0.17949076550351786,0.00370474590395073,-3.8069163120642696e-05,-0.013193823868278018,-0.4810303472736238,-1.442666980191386,1.2983690603746028,-1.426447834562418,-1.570846692090328,2.660563554049283,nan,nan,nan,nan,nan,nan,0.028084221830493285,-7.802741643659311,-6.30620335981898,-0.963501895329514,0.0009094580973069303,-1.322924813385131e-07,28.0,28.0,14.0,6.0,6.0,6.0
1.312,1.0,0.010795863268546172,7.174340745317216e-05,-0.3501249213579783,0.05203344766717863,0.224,-0.3501249213579783,0.05203344766717863,0.224,-0.3425781817647825,0.052111826996713184,0.2162804636210238,-0.48108190845174276,-1.4419626516982513,1.2976494094783246,-1.4264323294630703,-1.5708468077491113,2.6605120832789604,-0.012686058030125728,0.176246853823417,-0.18019507034853924,0.004003193915677348,-3.779725181061066e-05,-0.01266456296957422,-0.48108190845174276,-1.4419626516982513,1.2976494094783246,-1.4264323294630703,-1.5708468077491113,2.6605120832789604,nan,nan,nan,nan,nan,nan,0.02812637777707492,-7.811106012766699,-6.306203268519542,-0.9634998139897305,0.0009083490222494908,-1.2494902432498515e-07,28.0,28.0,14.0,6.0,6.0,6.0
1.316,1.0,0.01082191875579234,7.195379610664646e-05,-0.3502915810666135,0.0521287813446507,0.224,-0.3502915810666135,0.0521287813446507,0.224,-0.3427266205927015,0.05220704562473057,0.21626183656882447,-0.4811313443681999,-1.4412567069086972,1.2969269463028974,-1.4264156289394299,-1.570846922265281,2.66046272636825,-0.012155272305302663,0.17664997270531627,-0.18089748995417126,0.004302383844508599,-3.7528567229939265e-05,-0.012136566285938082,-0.4811313443681999,-1.4412567069086972,1.2969269463028974,-1.4264156289394299,-1.570846922265281,2.66046272636825,nan,nan,nan,nan,nan,nan,0.028169325981476732,-7.819486526064012,-6.306202211885505,-0.9634977507272937,0.0009072731636434334,-1.1778439525350628e-07,28.0,28.0,14.0,6.0,6.0,6.0
1.32,1.0,0.01084784994141043,7.216286675910842e-05,-0.35045854498919904,0.05222358122385731,0.224,-0.35045854498919904,0.05222358122385731,0.224,-0.3428754574197414,0.05230170738984145,0.21624329144756077,-0.48117866068686005,-1.440549156262115,1.2962016783314638,-1.4263977300291313,-1.5708470356520052,2.6604154782989733,-0.011625895404541441,0.1770504909440224,-0.18159804721026096,0.004602313474183464,-3.726294544934202e-05,-0.011609818501636667,-0.48117866068686005,-1.440549156262115,1.2962016783314638,-1.4263977300291313,-1.5708470356520052,2.6604154782989733,nan,nan,nan,nan,nan,nan,0.028213033634139486,-7.8278830794354475,-6.30620018834696,-0.963495704849899,0.0009062291820601919,-1.1080742932213706e-07,28.0,28.0,14.0,6.0,6.0,6.0
1.324,1.0,0.010873657060912156,7.237064924218302e-05,-0.3506258114160257,0.052317846334048526,0.224,-0.3506258114160257,0.052317846334048526,0.224,-0.34302469006936415,0.052395812001294076,0.2162248283937664,-0.4812238629962547,-1.4398400100997755,1.295473612957762,-1.4263786297788819,-1.5708471479218162,2.6603703341118257,-0.011097908777220604,0.1774484327837242,-0.18229676414873217,0.004902980508347567,-3.70002329323836e-05,-0.011084305254960538,-0.4812238629962547,-1.4398400100997755,1.295473612957762,-1.4263786297788819,-1.5708471479218162,2.6603703341118257,nan,nan,nan,nan,nan,nan,0.028257468810068142,-7.836295568804223,-6.3061971962751855,-0.9634936756890912,0.0009052157790164761,-1.0402566491869296e-07,28.0,28.0,14.0,6.0,6.0,6.0
1.328,1.0,0.010899340334467756,7.257712402535319e-05,-0.35079337863428683,0.05241157570995044,0.224,-0.35079337863428683,0.05241157570995044,0.224,-0.3431743163833691,0.052489359152572856,0.21620644754433194,-0.481266956812548,-1.4391292786678338,1.2947427574894879,-1.4263583252447805,-1.5708472590866502,2.6603272889026934,-0.010571294605188995,0.17784382172701443,-0.1829936619713456,0.005204382571520334,-3.674028600820458e-05,-0.010560013084937748,-0.481266956812548,-1.4391292786678338,1.2947427574894879,-1.4263583252447805,-1.5708472590866502,2.6603272889026934,nan,nan,nan,nan,nan,nan,0.028302600447609304,-7.844723890134148,-6.306193233983839,-0.9634916625993601,0.000904231695828803,-9.744542180104304e-08,28.0,28.0,14.0,6.0,6.0,6.0
1.332,1.0,0.010924899967442274,7.27823327460324e-05,-0.35096124492809555,0.052504768391775064,0.224,-0.35096124492809555,0.052504768391775064,0.224,-0.34332433422115793,0.05258234852206748,0.2161881490364789,-0.48130794758240747,-1.4384169721202342,1.2940091191515473,-1.4263368134926313,-1.5708473691578866,2.6602863378191786,-0.010046035779115916,0.1782366805601043,-0.18368876107657212,0.0055065172100533626,-3.648297035904654e-05,-0.010036929380482463,-0.48130794758240747,-1.4384169721202342,1.2940091191515473,-1.4263368134926313,-1.5708473691578866,2.6602863378191786,nan,nan,nan,nan,nan,nan,0.028348398327575377,-7.853167939430986,-6.306188299730169,-0.963489664957283,0.000903275712496094,-9.107187692399331e-08,28.0,28.0,14.0,6.0,6.0,6.0
1.336,1.0,0.01095033615091285,7.298626478727797e-05,-0.35112940857850244,0.052597423425230154,0.224,-0.35112940857850244,0.052597423425230154,0.224,-0.3434747414590271,0.052674779773724326,0.21616993300773488,-0.48134684068578176,-1.4377031005215128,1.2932727050892059,-1.426314091598253,-1.5708474781463835,2.660247476057319,-0.009522115875512147,0.1786270313772269,-0.1843820810856188,0.005809381893091572,-3.6228160529084145e-05,-0.009515042331907034,-0.48134684068578176,-1.4377031005215128,1.2932727050892059,-1.426314091598253,-1.5708474781463835,2.660247476057319,nan,nan,nan,nan,nan,nan,0.02839483305278371,-7.861627612744224,-6.306182391716279,-0.9634876821607127,0.0009023466466101841,-8.490913775755808e-08,28.0,28.0,14.0,6.0,6.0,6.0
1.34,1.0,0.01097564906217318,7.318894599029942e-05,-0.3512978678635132,0.05268953986152897,0.224,-0.3512978678635132,0.05268953986152897,0.224,-0.34362553598948103,0.052766652557676624,0.21615179959590824,-0.48138364143858836,-1.4369876738495073,1.292533522371132,-1.4262901566477864,-1.5708475860625128,2.6602106988584997,-0.00899951913440724,0.17901489560424722,-0.1850736408676215,0.006112974013518511,-3.597573944596005e-05,-0.008994340884726835,-0.48138364143858836,-1.4369876738495073,1.292533522371132,-1.4262901566477864,-1.5708475860625128,2.6602106988584997,nan,nan,nan,nan,nan,nan,0.02844187602789121,-7.870102806168081,-6.306175508090153,-0.9634857136279597,0.0009014433522935561,-7.896031353905705e-08,28.0,28.0,14.0,6.0,6.0,6.0
1.344,1.0,0.011000838865219716,7.339038369283751e-05,-0.3514666210581062,0.05278111675740001,0.224,-0.3514666210581062,0.05278111675740001,0.224,-0.3437767157205709,0.052857966510858966,0.2161337489390646,-0.48141835509531294,-1.4362707019979724,1.2917915779923466,-1.4262650057379953,-1.570847692916192,2.6601760015065428,-0.008478230437664104,0.17940029402151286,-0.18576345856404378,0.006417290888907339,-3.5725597961865354e-05,-0.008474814695692938,-0.48141835509531294,-1.4362707019979724,1.2917915779923466,-1.4262650057379953,-1.570847692916192,2.6601760015065428,nan,nan,nan,nan,nan,nan,0.028489499439653714,-7.878593415843289,-6.306167646946969,-0.9634837587970583,0.0009005647191622733,-7.322758407536936e-08,28.0,28.0,14.0,6.0,6.0,6.0
1.348,1.0,0.011025905711224877,7.35906243138486e-05,-0.35163566643425026,0.05287215317509666,0.224,-0.35163566643425026,0.05287215317509666,0.224,-0.3439282785752536,0.05294872125760202,0.21611578117550295,-0.4814509868515243,-1.4355521947791068,1.291046878877072,-1.426238635976567,-1.5708477987169156,2.6601433793249645,-0.00795823528791731,0.17978324678596155,-0.18645155161229987,0.006722329762464775,-3.5477634411357756e-05,-0.00795645409098422,-0.4814509868515243,-1.4355521947791068,1.291046878877072,-1.426238635976567,-1.5708477987169156,2.6601433793249645,nan,nan,nan,nan,nan,nan,0.02853767623754428,-7.887099337958261,-6.306158806330185,-0.9634818171250245,0.0008997096713193966,-6.771226574434853e-08,28.0,28.0,14.0,6.0,6.0,6.0
1.352,1.0,0.011050849738994761,7.378966556215315e-05,-0.3518050022609222,0.0529626481824068,0.224,-0.3518050022609222,0.0529626481824068,0.224,-0.3440802224907738,0.0530389164102112,0.2160978964437326,-0.48148154184630604,-1.4348321619259932,1.290299431881493,-1.4262110444824057,-1.570847903473784,2.660112827674401,-0.007439519788116754,0.18016377345251494,-0.1871379367686328,0.007028087803977669,-3.523175418490526e-05,-0.007439250026478044,-0.48148154184630604,-1.4348321619259932,1.290299431881493,-1.4262110444824057,-1.570847903473784,2.660112827674401,nan,nan,nan,nan,nan,nan,0.028586380114730917,-7.895620468750616,-6.3061489842326655,-0.9634798880871573,0.0008988771663678485,-6.241487565830864e-08,28.0,28.0,14.0,6.0,6.0,6.0
1.356,1.0,0.011075671075411988,7.398752311962838e-05,-0.3519746268041246,0.053052600852662356,0.224,-0.3519746268041246,0.053052600852662356,0.224,-0.3442325454180665,0.053128551569526845,0.21608009488245103,-0.4815100251646081,-1.4341106130949541,1.2895492437964249,-1.4261822283859236,-1.5708480071955297,2.660084341950179,-0.006922070621663763,0.1805418929947753,-0.1878226301302649,0.007334562110756398,-3.498786932079339e-05,-0.006923194050045686,-0.4815100251646081,-1.4341106130949541,1.2895492437964249,-1.4261822283859236,-1.5708480071955297,2.660084341950179,nan,nan,nan,nan,nan,nan,0.028635585489434314,-7.904156704508444,-6.306138178597827,-0.9634779711763706,0.0008980661944545971,-5.7335192640185535e-08,28.0,28.0,14.0,6.0,6.0,6.0
1.36,1.0,0.01110036983586696,7.418423040259355e-05,-0.3521445383269037,0.053142010264748754,0.224,-0.3521445383269037,0.053142010264748754,0.224,-0.3443852453211788,0.053217626325469704,0.21606237663052125,-0.4815364418395206,-1.4333875578678275,1.2887963213498947,-1.42615218482933,-1.5708481098905454,2.660057917580042,-0.006405875033122114,0.18091762382505305,-0.18850564715685109,0.00764174970857953,-3.474589811163422e-05,-0.006408278265783665,-0.4815364418395206,-1.4333875578678275,1.2887963213498947,-1.42615218482933,-1.5708481098905454,2.660057917580042,nan,nan,nan,nan,nan,nan,0.028685267486601867,-7.912707941571553,-6.306126387320663,-0.963476065902537,0.0008972757773352027,-5.2472316388555536e-08,28.0,28.0,14.0,6.0,6.0,6.0
1.364,1.0,0.011124946124673353,7.437982340473745e-05,-0.35231473508936684,0.0532308755031144,0.224,-0.35231473508936684,0.0532308755031144,0.224,-0.34453832017671276,0.0533061402575695,0.21604474182695038,-0.4815607968544709,-1.4326630057541625,1.2880406712096415,-1.4261209109669126,-1.5708482115669058,2.660033550022005,-0.005890920809490679,0.18129098381374312,-0.18918700269125474,0.007949647552642233,-3.450576472887681e-05,-0.005894495300127405,-0.4815607968544709,-1.4326630057541625,1.2880406712096415,-1.4261209109669126,-1.5708482115669058,2.660033550022005,nan,nan,nan,nan,nan,nan,0.02873540192005148,-7.921274076333085,-6.306113608248936,-0.9634741717918863,0.0008965049674649321,-4.782472368693402e-08,28.0,28.0,14.0,6.0,6.0,6.0
1.368,1.0,0.011149400035472486,7.457429600617104e-05,-0.3524852153487008,0.05331919565778004,0.224,-0.3524852153487008,0.05331919565778004,0.224,-0.34469176797328654,0.053394092935478026,0.21602719061086773,-0.4815830951453486,-1.431936966193341,1.2872822999855313,-1.4260884039653197,-1.5708483122323915,2.660011234762352,-0.005377196262022655,0.18166199030806898,-0.18986671097966673,0.008258252528502983,-3.426739886206903e-05,-0.005381838269766092,-0.4815830951453486,-1.431936966193341,1.2872822999855313,-1.4260884039653197,-1.5708483122323915,2.660011234762352,nan,nan,nan,nan,nan,nan,0.028785965274856412,-7.929855005240535,-6.306099839184099,-0.9634722883863885,0.0008957528471118756,-4.339032253710766e-08,28.0,28.0,14.0,6.0,6.0,6.0
1.372,1.0,0.011173731651622963,7.476769555679167e-05,-0.35265597735918913,0.05340696982434805,0.224,-0.35265597735918913,0.05340696982434805,0.224,-0.3448455867110139,0.053481483919466596,0.21600972312150535,-0.4816033416025578,-1.4312094485566238,1.2865212142318954,-1.4260546610038336,-1.5708484118945103,2.6599909673137447,-0.00486469020857707,0.18203066015021827,-0.19054478569108887,0.008567561453031848,-3.403073537462034e-05,-0.004870300751298229,-0.4816033416025578,-1.4312094485566238,1.2865212142318954,-1.4260546610038336,-1.5708484118945103,2.6599909673137447,nan,nan,nan,nan,nan,nan,0.02883693469019634,-7.938450624797335,-6.30608507788245,-0.9634704152432023,0.0008950185274947201,-3.916650349624742e-08,28.0,28.0,14.0,6.0,6.0,6.0
1.3760000000000001,1.0,0.011197941046581162,7.496002147560726e-05,-0.35282701937223043,0.053494197104011744,0.224,-0.35282701937223043,0.053494197104011744,0.224,-0.34499977440100105,0.053568312760910425,0.2159923394981759,-0.481621541073001,-1.4304804621491283,1.2857574204497917,-1.4260196792746447,-1.5708485105605166,2.6599727432134586,-0.004353391956488758,0.1823970096948854,-0.19122123993620552,0.00887757107536539,-3.379571397454208e-05,-0.004359876752551491,-0.481621541073001,-1.4304804621491283,1.2857574204497917,-1.4260196792746447,-1.5708485105605166,2.6599727432134586,nan,nan,nan,nan,nan,nan,0.028888287942480734,-7.947060831563972,-6.306069322056057,-0.9634685519341123,0.0008943011479426741,-3.515018894872913e-08,28.0,28.0,14.0,6.0,6.0,6.0
1.3800000000000001,1.0,0.011222028284265665,7.515128791475024e-05,-0.35299833963635585,0.05358087660356452,0.224,-0.35299833963635585,0.05358087660356452,0.224,-0.34515432906486265,0.05365457900275658,0.21597503988025393,-0.4816376983619951,-1.4297500162117338,1.2849909250891922,-1.4259834559831193,-1.5708486082374313,2.659956558021723,-0.0038432912859431173,0.1827610548262427,-0.19189608628565746,0.00918827807785623,-3.3562278900026766e-05,-0.003850560685507218,-0.4816376983619951,-1.4297500162117338,1.2849909250891922,-1.4259834559831193,-1.5708486082374313,2.659956558021723,nan,nan,nan,nan,nan,nan,0.02894000342888685,-7.955685522159522,-6.30605256937383,-0.9634666980450088,0.0008935998750759378,-3.133787967870246e-08,28.0,28.0,14.0,6.0,6.0,6.0
1.3840000000000001,1.0,0.011245993419414927,7.534153830928964e-05,-0.3531699363972475,0.05366700743540908,0.224,-0.3531699363972475,0.05366700743540908,0.224,-0.34530924873425134,0.05374028217997928,0.21595782440715497,-0.48165181823512265,-1.4290181199229242,1.2842217345510991,-1.4259459883480645,-1.5708487049320579,2.659942407320171,-0.003334378433842739,0.18312281097435504,-0.1925693367877421,0.00949967907703248,-3.333037862082005e-05,-0.003342347340756335,-0.48165181823512265,-1.4290181199229242,1.2842217345510991,-1.4259459883480645,-1.5708487049320579,2.659942407320171,nan,nan,nan,nan,nan,nan,0.028992060151229588,-7.964324593262801,-6.306034817462432,-0.9634648531753814,0.0008929139020113819,-2.7725699533899448e-08,28.0,28.0,14.0,6.0,6.0,6.0
1.3880000000000001,1.0,0.01126983649792924,7.553076857784564e-05,-0.35334180789775593,0.05375258871756644,0.224,-0.35334180789775593,0.05375258871756644,0.224,-0.3454645314504068,0.05382542182002173,0.2159406932183169,-0.48166390542001924,-1.4282847824005636,1.2834498551895903,-1.4259072736019878,-1.5708488006509993,2.659930286710383,-0.002826644078151882,0.18348229313105863,-0.19324100298555494,0.009811770624553786,-3.309996555263719e-05,-0.0028352318634300893,-0.48166390542001924,-1.4282847824005636,1.2834498551895903,-1.4259072736019878,-1.5708488006509993,2.659930286710383,nan,nan,nan,nan,nan,nan,0.029044437700175563,-7.972977941613871,-6.306016063907279,-0.9634630169378292,0.00089224244758533,-2.4309437225786178e-08,28.0,28.0,14.0,6.0,6.0,6.0
1.3920000000000001,1.0,0.011293557557204724,7.571902742339195e-05,-0.3535139523779186,0.05383761957368504,0.224,-0.3535139523779186,0.05383761957368504,0.224,-0.3456201752637178,0.0539099974432241,0.21592364645318096,-0.4816739646081001,-1.4275500127036114,1.282675293313799,-1.425867308991356,-1.5708488954006734,2.659920191812528,-0.002320079322707567,0.183839515865317,-0.1939110959335904,0.010124549208172842,-3.2870995786780564e-05,-0.0023292097305304543,-0.4816739646081001,-1.4275500127036114,1.282675293313799,-1.425867308991356,-1.5708488954006734,2.659920191812528,nan,nan,nan,nan,nan,nan,0.029097116239774897,-7.981645464015202,-6.30599630625345,-0.9634611889575978,0.0008915847556001875,-2.108458653107701e-08,28.0,28.0,14.0,6.0,6.0,6.0
1.3960000000000001,1.0,0.011317156626455068,7.590628404554754e-05,-0.35368636807497744,0.05392209913304964,0.224,-0.35368636807497744,0.05392209913304964,0.224,-0.34577617823330203,0.053994008563239194,0.2159066842511724,-0.4816820004562262,-1.426813819833776,1.2818980551898285,-1.4258260917768462,-1.5708489891873272,2.659912118264086,-0.0018146756824834118,0.18419449333807536,-0.19457962621382213,0.010438011252696888,-3.2643428832922974e-05,-0.001824276729610562,-0.4816820004562262,-1.426813819833776,1.2818980551898285,-1.4258260917768462,-1.5708489891873272,2.659912118264086,nan,nan,nan,nan,nan,nan,0.029150076492403663,-7.990327057333158,-6.3059755420065695,-0.9634593688721245,0.0008909400940900039,-1.8046383703002897e-08,28.0,28.0,14.0,6.0,6.0,6.0
1.4000000000000001,1.0,0.011340633727025515,7.609257502430222e-05,-0.3538590532233973,0.054006026530590306,0.224,-0.3538590532233973,0.054006026530590306,0.224,-0.34593253842659666,0.05407745468743548,0.21588980675168223,-0.48168801758831353,-1.4260762127371112,1.281118147042601,-1.4257836192335969,-1.570849082017049,2.659906061718659,-0.0013104250692951933,0.1845472393166234,-0.1952466039512722,0.01075215312094914,-3.241722737411198e-05,-0.001320428938732037,-0.48168801758831353,-1.4260762127371112,1.281118147042601,-1.4257836192335969,-1.570849082017049,2.659906061718659,nan,nan,nan,nan,nan,nan,0.029203299723979132,-7.99902261849941,-6.305953768633795,-0.9634575563306156,0.0008903077546050004,-1.5189843147075157e-08,28.0,28.0,14.0,6.0,6.0,6.0
1.4040000000000001,1.0,0.011363988872692727,7.627793363368222e-05,-0.3540320060548837,0.054089400906891204,0.224,-0.3540320060548837,0.054089400906891204,0.224,-0.3460892539189681,0.054160335317288165,0.21587301409404977,-0.4816920205968853,-1.4253372003055556,1.2803355750576502,-1.4257398886514518,-1.5708491738957822,2.659902017844854,-0.0008073197779356392,0.18489776718848577,-0.19591203882909478,0.0110669711147387,-3.2192357036814026e-05,-0.0008176627076478081,-0.4816920205968853,-1.4253372003055556,1.2803355750576502,-1.4257398886514518,-1.5708491738957822,2.659902017844854,nan,nan,nan,nan,nan,nan,0.029256767729527462,-8.007732044512062,-6.3059309835645445,-0.9634557509936215,0.0008896870515178279,-1.2509790817948756e-08,28.0,28.0,14.0,6.0,6.0,6.0
1.408,1.0,0.011387222069959119,7.64623434226009e-05,-0.35420522479840116,0.054172221408199446,0.224,-0.35420522479840116,0.054172221408199446,0.224,-0.3462463227933314,0.05424264994875864,0.215856306417544,-0.48169401404457063,-1.424596791378418,1.2795503453828503,-1.4256948973352024,-1.5708492648293346,2.6598999823252414,-0.0003053524727266001,0.18524608997485523,-0.1965759401031809,0.01138246147582259,-3.1968786172258034e-05,-0.0003159746401478107,-0.48169401404457063,-1.424596791378418,1.2795503453828503,-1.4256948973352024,-1.5708492648293346,2.6598999823252414,nan,nan,nan,nan,nan,nan,0.02931046281908763,-8.016455232437307,-6.305907184191472,-0.9634539525326501,0.0008890773213462494,-1.0000895591623127e-08,28.0,28.0,14.0,6.0,6.0,6.0
1.412,1.0,0.011410333318335525,7.664583441581633e-05,-0.35437870768019136,0.05425448718643384,0.224,-0.35437870768019136,0.05425448718643384,0.224,-0.3464037431397851,0.05432439807266206,0.21583968386134658,-0.48169400246554955,-1.423854994743811,1.2787624641300903,-1.4256486426048254,-1.570849354823391,2.65989995085538,0.00019548382552151758,0.18559222034357903,-0.1972383166163033,0.011698620386872936,-3.1746485648851873e-05,0.00018463842248779615,-0.48169400246554955,-1.423854994743811,1.2787624641300903,-1.4256486426048254,-1.570849354823391,2.65989995085538,nan,nan,nan,nan,nan,nan,0.029364367803936052,-8.025192079410704,-6.305882367871234,-0.9634521606297758,0.0008884779220958125,-7.657698743197643e-09,28.0,28.0,14.0,6.0,6.0,6.0
1.416,1.0,0.011433322610615276,7.682840741619556e-05,-0.354552452923791,0.05433619739919353,0.224,-0.354552452923791,0.05433619739919353,0.224,-0.3465615130552586,0.054405579175024664,0.21582314656453422,-0.48169199036694776,-1.4231118191400316,1.2779719373768919,-1.4256011217957163,-1.5708494438835214,2.659901919142907,0.0006951957521554213,0.18593617062171602,-0.19789917681181612,0.012015443972446369,-3.152542865773968e-05,0.0006841794169825094,-0.48169199036694776,-1.4231118191400316,1.2779719373768919,-1.4256011217957163,-1.5708494438835214,2.659901919142907,nan,nan,nan,nan,nan,nan,0.02941846598310499,-8.033942482638514,-6.305856531925276,-0.9634503749772704,0.000887888232618653,-5.474641486036755e-09,28.0,28.0,14.0,6.0,6.0,6.0
1.42,1.0,0.01145618993314083,7.701009490265058e-05,-0.3547264587500503,0.054417351209766644,0.224,-0.3547264587500503,0.054417351209766644,0.224,-0.3467196306431706,0.054486192737428864,0.2158066946660614,-0.4816879822301808,-1.4223672732568948,1.2771787711679738,-1.4255523322589194,-1.5708495320151903,2.6599058829066835,0.0011937896109397949,0.18627795280767703,-0.19855852874692081,0.012332928299949976,-3.130559052922737e-05,0.0011826510725578823,-0.4816879822301808,-1.4223672732568948,1.2771787711679738,-1.4255523322589194,-1.5708495320151903,2.6599058829066835,nan,nan,nan,nan,nan,nan,0.029472741130249402,-8.042706339399231,-6.305829673640658,-0.9634485952772569,0.0008873076519932588,-3.44609057882101e-09,28.0,28.0,14.0,6.0,6.0,6.0
1.424,1.0,0.011478935266058197,7.719087723891203e-05,-0.35490072337715123,0.05449794778713888,0.224,-0.35490072337715123,0.05449794778713888,0.224,-0.34687809401310293,0.054566238237349574,0.2157903283047448,-0.481681982512251,-1.421621365737018,1.2763829715167645,-1.4255022713613543,-1.5708496192237646,2.659911837876001,0.0016912713859438884,0.18661757858296005,-0.19921638010551376,0.012651069380607194,-3.108694855954071e-05,0.0016800559244820369,-0.481681982512251,-1.421621365737018,1.2763829715167645,-1.4255022713613543,-1.5708496192237646,2.659911837876001,nan,nan,nan,nan,nan,nan,0.02952717748080533,-8.051483547044914,-6.305801790270815,-0.963446821241367,0.0008867355989176685,-1.566362327146677e-09,28.0,28.0,14.0,6.0,6.0,6.0
1.428,1.0,0.011501558583567684,7.73707808589652e-05,-0.3550752450206254,0.05457798630600199,0.224,-0.3550752450206254,0.05457798630600199,0.224,-0.34703690128048176,0.05464571514847985,0.21577404761924615,-0.4816739956469972,-1.4208741051770615,1.2755845444068634,-1.425450936486037,-1.5708497055145223,2.659919779789837,0.0021876467530646784,0.1869550593234955,-0.1998727382106287,0.012969863170424345,-3.086948184853132e-05,0.0021763963267189728,-0.4816739956469972,-1.4208741051770615,1.2755845444068634,-1.425450936486037,-1.5708497055145223,2.659919779789837,nan,nan,nan,nan,nan,nan,0.02958175971944575,-8.060274003002707,-6.305772879036236,-0.9634450525904029,0.0008861715111205982,1.7025539938403923e-10,28.0,28.0,14.0,6.0,6.0,6.0
1.432,1.0,0.011524059854163845,7.75498261945247e-05,-0.3552500218933728,0.054657465946762226,0.224,-0.3552500218933728,0.054657465946762226,0.224,-0.34719605056627395,0.054724622941045215,0.2157578527480553,-0.4816640260462998,-1.4201255001289217,1.2747834957934552,-1.4253983250322995,-1.570849790892658,2.659929704396158,0.0026829210911950567,0.18729040611060888,-0.20052761003648115,0.013289305571154734,-3.06531711467905e-05,0.0026716744637315256,-0.4816640260462998,-1.4201255001289217,1.2747834957934552,-1.4253983250322995,-1.570849790892658,2.659929704396158,nan,nan,nan,nan,nan,nan,0.02963647296784345,-8.069077604776169,-6.3057429371252915,-0.9634432890540444,0.0008856148447915707,1.769482503040722e-09,28.0,28.0,14.0,6.0,6.0,6.0
1.436,1.0,0.011546439040867319,7.772798203979034e-05,-0.3554250522056797,0.05473638589554878,0.224,-0.3554250522056797,0.05473638589554878,0.224,-0.3473555399966921,0.05480296108211114,0.21574174382947592,-0.48165207810124133,-1.4193755591008843,1.2739798316046747,-1.4253444344160038,-1.5708498753632893,2.6599416074512683,0.0031770994930495873,0.18762362974162083,-0.20118100222013957,0.013609392431263159,-3.0437998712580707e-05,0.003165892361480566,-0.48165207810124133,-1.4193755591008843,1.2739798316046747,-1.4253444344160038,-1.5708498753632893,2.6599416074512683,nan,nan,nan,nan,nan,nan,0.02969130277275124,-8.077894249946821,-6.305711961694814,-0.9634415303705204,0.0008850650740216354,3.2370279052210835e-09,28.0,28.0,14.0,6.0,6.0,6.0
1.44,1.0,0.01156869610145179,7.790529154952631e-05,-0.3556003341652373,0.05481474534422205,0.224,-0.3556003341652373,0.05481474534422205,0.224,-0.34751536770291036,0.05488072903587844,0.21572572100160806,-0.481638156183225,-1.4186242905587336,1.273173557742928,-1.4252892620697526,-1.5708499589314642,2.659955484719205,0.003670186775654447,0.18795474074008628,-0.20183292107281714,0.01393011954688382,-3.0223948179045223e-05,0.0036590518976698447,-0.481638156183225,-1.4186242905587336,1.273173557742928,-1.4252892620697526,-1.5708499589314642,2.659955484719205,nan,nan,nan,nan,nan,nan,0.02974623509430058,-8.086723836175576,-6.305679949870905,-0.963439776286345,0.0008845216902651647,4.5785719260962315e-09,28.0,28.0,14.0,6.0,6.0,6.0
1.444,1.0,0.011590830988660471,7.808176048935602e-05,-0.3557758659771598,0.05489254349038198,0.224,-0.3557758659771598,0.05489254349038198,0.224,-0.34767553182079197,0.05495792626397153,0.21570978440233368,-0.48162226464505187,-1.4178717029268233,1.2723646800861677,-1.4252328054430958,-1.5708500416021638,2.6599713319711666,0.004162187490512729,0.18828374936569212,-0.20248337259081417,0.014251482662780701,-3.0011004428787982e-05,0.004151154811272879,-0.48162226464505187,-1.4178717029268233,1.2723646800861677,-1.4252328054430958,-1.5708500416021638,2.6599713319711666,nan,nan,nan,nan,nan,nan,0.029801256294677992,-8.095566261204185,-6.305646898749467,-0.9634380265560127,0.000883984201813185,5.799750560335377e-09,28.0,28.0,14.0,6.0,6.0,6.0
1.448,1.0,0.011612843650417464,7.825736333469234e-05,-0.3559516458440031,0.05496977953737623,0.224,-0.3559516458440031,0.05496977953737623,0.224,-0.3478360304906248,0.05503455222571676,0.21569393416930152,-0.4816044078219587,-1.4171178045891073,1.2715532044891267,-1.4251750620027346,-1.5708501233803094,2.6599891449849813,0.004653105933453329,0.18861066562381806,-0.20313236246610503,0.01457347747330134,-2.9799153476584323e-05,0.004642202711392376,-0.4816044078219587,-1.4171178045891073,1.2715532044891267,-1.4251750620027346,-1.5708501233803094,2.6599891449849813,nan,nan,nan,nan,nan,nan,0.029856353127009575,-8.10442142285683,-6.305612805396971,-0.9634362809417484,0.000883452133281798,6.906140776736326e-09,28.0,28.0,14.0,6.0,6.0,6.0
1.452,1.0,0.011634734030032606,7.843215119953505e-05,-0.35612767196578277,0.055046452694308336,0.224,-0.35612767196578277,0.055046452694308336,0.224,-0.3479968618568669,0.055110606378413605,0.2156781704399113,-0.4815845900326163,-1.4163626038901358,1.2707391367845087,-1.4251160292327185,-1.5708502042707655,2.660008919544605,0.005142946154172584,0.18893549927477477,-0.2037798960965932,0.014896099623327455,-2.958838236254949e-05,0.005132197085484403,-0.4815845900326163,-1.4163626038901358,1.2707391367845087,-1.4251160292327185,-1.5708502042707655,2.660008919544605,nan,nan,nan,nan,nan,nan,0.029911512724511948,-8.113289219041285,-6.305577666850935,-0.9634345392132306,0.0008829250251179037,7.903247538934699e-09,28.0,28.0,14.0,6.0,6.0,6.0
1.456,1.0,0.011656502066396552,7.860610974700838e-05,-0.3563039425399929,0.055122562176045865,0.224,-0.3563039425399929,0.055122562176045865,0.224,-0.3481580240679043,0.05518608817759583,0.21566249335129983,-0.4815628155800912,-1.4156061091360101,1.2699224827841409,-1.4250557046346435,-1.570850284278344,2.6600306514396572,0.005631711965477717,0.18925825984273006,-0.20442597859603978,0.015219344709223476,-2.9378679049666095e-05,0.005621139306994508,-0.4815628155800912,-1.4156061091360101,1.2699224827841409,-1.4250557046346435,-1.570850284278344,2.6600306514396572,nan,nan,nan,nan,nan,nan,0.0299667225900053,-8.122169547750884,-6.305541480120682,-0.9634328011473594,0.000882402433114206,8.796491611541928e-09,28.0,28.0,14.0,6.0,6.0,6.0
1.46,1.0,0.01167814769417471,7.877923601524965e-05,-0.3564804557616244,0.055198107203228375,0.224,-0.3564804557616244,0.055198107203228375,0.224,-0.3483195152758121,0.0552609970772856,0.21564690304032516,-0.48153908875277074,-1.4148483285953082,1.2691032482800861,-1.4249940857278418,-1.570850363407808,2.6600543364649836,0.006119406952239151,0.18957895662432714,-0.20507061480367167,0.015543208279778667,-2.91700323313657e-05,0.006109030642430607,-0.48153908875277074,-1.4148483285953082,1.2691032482800861,-1.4249940857278418,-1.570850363407808,2.6600543364649836,nan,nan,nan,nan,nan,nan,0.030021970585595595,-8.131062307065738,-6.305504242187834,-0.9634310665280068,0.0008818839279422556,9.591198943268897e-09,28.0,28.0,14.0,6.0,6.0,6.0
1.464,1.0,0.01169967084398945,7.895154954144868e-05,-0.3566572098231834,0.05527308700227546,0.224,-0.3566572098231834,0.05527308700227546,0.224,-0.34848133363612943,0.05533533253024021,0.21563139964355393,-0.481513413825253,-1.4140892704999724,1.2682814390457162,-1.4249311700495702,-1.5708504416638742,2.6600799704202402,0.006606034480061433,0.18989759869701073,-0.2057138092934858,0.01586768583714606,-2.8962431745163497e-05,0.006595872257917506,-0.481513413825253,-1.4140892704999724,1.2682814390457162,-1.4249311700495702,-1.5708504416638742,2.6600799704202402,nan,nan,nan,nan,nan,nan,0.030077244922600676,-8.139967395154097,-6.305465950006838,-0.9634293351457792,0.0008813690946966691,1.029259121690689e-08,28.0,28.0,14.0,6.0,6.0,6.0
1.468,1.0,0.011721071442600761,7.912303599131233e-05,-0.3568342029147098,0.05534750080539463,0.224,-0.3568342029147098,0.05534750080539463,0.224,-0.34864347730763967,0.05540909398819009,0.2156159832972453,-0.4814857950592029,-1.4133289430461669,1.2674570608367524,-1.4248669551551942,-1.5708505190512163,2.6601075491095116,0.007091597703680085,0.19021419492706942,-0.20635556638325545,0.01619277283777348,-2.8755867491658455e-05,0.0070816652252663525,-0.4814857950592029,-1.4133289430461669,1.2674570608367524,-1.4248669551551942,-1.5708505190512163,2.6601075491095116,nan,nan,nan,nan,nan,nan,0.030132534151846968,-8.148884710274178,-6.305426600505634,-0.9634276067978121,0.0008808575324527652,1.0905777185753947e-08,28.0,28.0,14.0,6.0,6.0,6.0
1.472,1.0,0.011742349413076985,7.929373713456935e-05,-0.3570114332237959,0.05542134785058917,0.224,-0.3570114332237959,0.05542134785058917,0.224,-0.3488059444521611,0.0554822809020707,0.21560065413733892,-0.48145623670417553,-1.412567354395102,1.2666301193922669,-1.4248014386183687,-1.570850595574468,2.6601370683409447,0.007576099575092055,0.19052875397739877,-0.206995890143247,0.016518464693331823,-2.855033036191565e-05,0.007566410527584334,-0.48145623670417553,-1.412567354395102,1.2666301193922669,-1.4248014386183687,-1.570850595574468,2.6601370683409447,nan,nan,nan,nan,nan,nan,0.030187827154126465,-8.157814150775609,-6.305386190586078,-0.9634258812875374,0.0008803488538361842,1.1435745311290546e-08,28.0,28.0,14.0,6.0,6.0,6.0
1.476,1.0,0.011763504674963784,7.946362450062501e-05,-0.35718889893560496,0.05549462738166601,0.224,-0.35718889893560496,0.05549462738166601,0.224,-0.34896873323434363,0.0555548927222462,0.21558541229943937,-0.48142474299840693,-1.4118045126738303,1.2658006204356522,-1.4247346180312144,-1.5708506712382242,2.6601685239264077,0.008059542851427133,0.19084128431499608,-0.20763478440465416,0.016844756771633346,-2.8345811668757187e-05,0.008050109064461039,-0.48142474299840693,-1.4118045126738303,1.2658006204356522,-1.4247346180312144,-1.5708506712382242,2.6601685239264077,nan,nan,nan,nan,nan,nan,0.030243113130826435,-8.166755615100604,-6.305344717124509,-0.9634241584244911,0.0008798426846062693,1.188735725317117e-08,28.0,28.0,14.0,6.0,6.0,6.0
1.48,1.0,0.011784537144445105,7.96327283930159e-05,-0.3573665982328895,0.05556733864824337,0.224,-0.3573665982328895,0.05556733864824337,0.224,-0.3491318418214727,0.05562692889872698,0.2155702579188042,-0.4813913181695749,-1.4110404259760108,1.2649685696755568,-1.4246664910044908,-1.5708507460470431,2.660201911681169,0.008541930102569154,0.19115179421820183,-0.20827225276776928,0.01717164439754993,-2.8142303185474697e-05,0.008532761656759244,-0.4813913181695749,-1.4110404259760108,1.2649685696755568,-1.4246664910044908,-1.5708507460470431,2.660201911681169,nan,nan,nan,nan,nan,nan,0.030298381594996572,-8.175709001785888,-6.305302176972199,-0.9634224380241011,0.0008793386632504817,1.226534234441456e-08,28.0,28.0,14.0,6.0,6.0,6.0
1.484,1.0,0.011805446734499254,7.980104266253589e-05,-0.3575445292960105,0.055639480905758536,0.224,-0.3575445292960105,0.055639480905758536,0.224,-0.349295268383284,0.05569838888138024,0.21555519113032923,-0.4813559664355294,-1.410275102362646,1.2641339728067897,-1.4245970551677667,-1.5708508200054492,2.6602372274235924,0.009023263718532145,0.19146029178368257,-0.20890829860988147,0.01749912285391744,-2.793979708865618e-05,0.00901436905103733,-0.4813559664355294,-1.410275102362646,1.2641339728067897,-1.4245970551677667,-1.5708508200054492,2.6602372274235924,nan,nan,nan,nan,nan,nan,0.030353622362471404,-8.1846742094641,-6.305258566955936,-0.9634207199075155,0.0008788364405904007,1.2574292846816172e-08,28.0,28.0,14.0,6.0,6.0,6.0
1.488,1.0,0.011826233355050583,7.996854730523453e-05,-0.3577226903029552,0.05571105341547541,0.224,-0.3577226903029552,0.05571105341547541,0.224,-0.34945901109178085,0.05576927212013387,0.21554021206853605,-0.48131869200499405,-1.409508549862793,1.263296835511192,-1.4245263081695836,-1.570850893117933,2.660274466974851,0.009503545916599819,0.19176678493317434,-0.2095429250929263,0.017827187382438214,-2.773828590563304e-05,0.009494931923629175,-0.48131869200499405,-1.409508549862793,1.263296835511192,-1.4245263081695836,-1.570850893117933,2.660274466974851,nan,nan,nan,nan,nan,nan,0.030408825543287703,-8.193651136865125,-6.3052138838783165,-0.9634190039013913,0.0008783356793988508,1.281865999015848e-08,28.0,28.0,14.0,6.0,6.0,6.0
1.492,1.0,0.011846896913115856,8.013529727383934e-05,-0.35790107942935656,0.055782055444492114,0.224,-0.35790107942935656,0.055782055444492114,0.224,-0.3496230681210603,0.055839578065174554,0.21552532086755946,-0.4812794990782399,-1.4087407764742452,1.2624571634584802,-1.424454247677621,-1.5708509653889537,2.660313626158654,0.009982778748235043,0.19207128141999003,-0.2101761351708834,0.01815583318457074,-2.7537762469206134e-05,0.009974450884405562,-0.4812794990782399,-1.4087407764742452,1.2624571634584802,-1.424454247677621,-1.5708509653889537,2.660313626158654,nan,nan,nan,nan,nan,nan,0.030463981533369967,-8.2026396828179,-6.305168124518353,-0.963417289837738,0.0008778360540307791,1.3002750986401898e-08,28.0,28.0,14.0,6.0,6.0,6.0
1.496,1.0,0.011867437312945055,8.03012668531311e-05,-0.3580796948485115,0.055852486265748506,0.224,-0.3580796948485115,0.055852486265748506,0.224,-0.3497874376471478,0.05590930616713862,0.21551051766113394,-0.48123839184773193,-1.407971790164192,1.2616149623070607,-1.424380871378853,-1.5708510368229398,2.6603547008009922,0.010460964105765658,0.1923737888352969,-0.21080793159693717,0.018485055422417098,-2.733821987165984e-05,0.010452926480245341,-0.48123839184773193,-1.407971790164192,1.2616149623070607,-1.424380871378853,-1.5708510368229398,2.6603547008009922,nan,nan,nan,nan,nan,nan,0.030519081006263934,-8.211639746251546,-6.305121285631805,-0.9634155775537365,0.0008773372500595875,1.3130726542326523e-08,28.0,28.0,14.0,6.0,6.0,6.0
1.5,1.0,0.011887854456158371,8.04664581125193e-05,-0.3582585347313996,0.055922345158033585,0.224,-0.3582585347313996,0.055922345158033585,0.224,-0.3499521178478353,0.055978455877298425,0.2154958025825816,-0.4811953744987492,-1.4072015988698507,1.2607702377048149,-1.4243061769797045,-1.5708511074242897,2.660397686729891,0.010938103728853244,0.19267431461417672,-0.21143831693040566,0.018814849219599975,-2.713965142950657e-05,0.010930359198233935,-0.4811953744987492,-1.4072015988698507,1.2607702377048149,-1.4243061769797045,-1.5708511074242897,2.660397686729891,nan,nan,nan,nan,nan,nan,0.03057411490534898,-8.220651226197164,-6.305073363951623,-0.963413866891576,0.000876838963931128,1.3206598998289639e-08,28.0,28.0,14.0,6.0,6.0,6.0
1.504,1.0,0.011908148241879427,8.063088134339835e-05,-0.3584375972467021,0.05599163140599289,0.224,-0.3584375972467021,0.05599163140599289,0.224,-0.3501171069025263,0.056047026647742054,0.2154811757647992,-0.4811504512099803,-1.4064302104990776,1.2599229952898576,-1.4242301622062015,-1.5708511771973737,2.660442579775181,0.011414199210751742,0.1929728660414685,-0.21206729354344045,0.019145209662128227,-2.6942050646517098e-05,0.011406749468610308,-0.4811504512099803,-1.4064302104990776,1.2599229952898576,-1.4242301622062015,-1.5708511771973737,2.660442579775181,nan,nan,nan,nan,nan,nan,0.030629074436030048,-8.22967402178927,-6.305024356188349,-0.9634121576982908,0.0008763409026201024,1.3234231283130046e-08,28.0,28.0,14.0,6.0,6.0,6.0
1.508,1.0,0.01192831856686182,8.079454947955016e-05,-0.35861688056082036,0.05606034430013587,0.224,-0.35861688056082036,0.05606034430013587,0.224,-0.3502824029920889,0.05611501793154773,0.21546663734024618,-0.48110362615409324,-1.405657632930953,1.2590732406912704,-1.4241528248041209,-1.5708512461465334,2.6604893757682766,0.011889252004360648,0.19326945025740427,-0.21269486362750933,0.019476131799259205,-2.674541118383354e-05,0.011882097667484989,-0.48110362615409324,-1.405657632930953,1.2590732406912704,-1.4241528248041209,-1.5708512461465334,2.6604893757682766,nan,nan,nan,nan,nan,nan,0.030683951058237544,-8.238708032267226,-6.304974259030525,-0.9634104498256171,0.000875842783302887,1.3217336287245685e-08,28.0,28.0,14.0,6.0,6.0,6.0
1.512,1.0,0.0119483653256128,8.095747532879433e-05,-0.3587963828378948,0.05612848313684308,0.224,-0.3587963828378948,0.05612848313684308,0.224,-0.3504480042987122,0.05618242918295211,0.21545218744093372,-0.4810549034982827,-1.4048838740163474,1.2582209795298078,-1.4240741625391349,-1.5708513142760834,2.6605380705419654,0.012363263428080492,0.19356407426304603,-0.213321029199668,0.019807610644347648,-2.6549726831409115e-05,0.012356404119346522,-0.4810549034982827,-1.4048838740163474,1.2582209795298078,-1.4240741625391349,-1.5708513142760834,2.6605380705419654,nan,nan,nan,nan,nan,nan,0.030738736479119812,-8.247753156976778,-6.3049230691450076,-0.9634087431298305,0.0008753443330366547,1.3159476880570927e-08,28.0,28.0,14.0,6.0,6.0,6.0
1.516,1.0,0.011968288410514942,8.111963872846622e-05,-0.35897610223982374,0.05619604721837342,0.224,-0.35897610223982374,0.05619604721837342,0.224,-0.3506139090057686,0.056249259857514805,0.21543782619841056,-0.4810042874047937,-1.4041089415784649,1.2573662174185798,-1.4239941731969525,-1.5708513815903105,2.660588659930208,0.012836234671475126,0.19385674492552613,-0.21394579210862305,0.020139641175686684,-2.635499148349017e-05,0.012829669099375064,-0.4810042874047937,-1.4041089415784649,1.2573662174185798,-1.4239941731969525,-1.5708513815903105,2.660588659930208,nan,nan,nan,nan,nan,nan,0.030793422645900955,-8.256809295371474,-6.3048707831773765,-0.9634070374716129,0.0008748452884486732,1.3064066164837723e-08,28.0,28.0,14.0,6.0,6.0,6.0
1.52,1.0,0.011988087711938798,8.128106336473185e-05,-0.359156036926282,0.0562630358528713,0.224,-0.359156036926282,0.0562630358528713,0.224,-0.3507801152976842,0.05631550941227576,0.21542355374375324,-0.480951782031423,-1.403332843413366,1.2565089599637116,-1.4239128545834567,-1.5708514480934759,2.6606411397679466,0.013308166800747442,0.19414746898310165,-0.21456915404059942,0.020472218337341704,-2.6161199117866837e-05,0.01330189283557509,-0.480951782031423,-1.403332843413366,1.2565089599637116,-1.4239128545834567,-1.5708514480934759,2.6606411397679466,nan,nan,nan,nan,nan,nan,0.03084800173897727,-8.265876347014247,-6.304817397752265,-0.9634053327159122,0.0008743453954348853,1.2934368472358549e-08,28.0,28.0,14.0,6.0,6.0,6.0
1.524,1.0,0.012007763118356739,8.144175363047123e-05,-0.35933618505474,0.056329448354373673,0.224,-0.35933618505474,0.056329448354373673,0.224,-0.3509466213598101,0.05638117730591021,0.21540937020755435,-0.48089739153199973,-1.4025555872904703,1.2556492127649774,-1.4238302045248403,-1.5708515137898131,2.660695505890919,0.013779060764033247,0.1944362530500244,-0.2151911165250102,0.02080533703997027,-2.596834377602551e-05,0.013773075510748502,-0.48089739153199973,-1.4025555872904703,1.2556492127649774,-1.4238302045248403,-1.5708515137898131,2.660695505890919,nan,nan,nan,nan,nan,nan,0.0309024661651464,-8.274954211578716,-6.304762909473669,-0.9634036287318105,0.0008738444088683202,1.2773500722026839e-08,28.0,28.0,14.0,6.0,6.0,6.0
1.528,1.0,0.012027314516450217,8.160170842190079e-05,-0.35951654478048256,0.056395284042817115,0.224,-0.35951654478048256,0.056395284042817115,0.224,-0.3511134253783028,0.056446262998876506,0.2153952757199104,-0.48084112005684443,-1.4017771809530422,1.2547869814164152,-1.4237462208677376,-1.5708515786835309,2.6607517541354855,0.01424891739651957,0.19472310362123701,-0.21581168093994252,0.021138992161634812,-2.5776419547048468e-05,0.014243217264322462,-0.48084112005684443,-1.4017771809530422,1.2547869814164152,-1.4237462208677376,-1.5708515786835309,2.6607517541354855,nan,nan,nan,nan,nan,nan,0.03095680855103317,-8.284042788850693,-6.304707314925282,-0.9634019253923902,0.0008733420923147218,1.2584433837974394e-08,28.0,28.0,14.0,6.0,6.0,6.0
1.532,1.0,0.012046741791214875,8.176093477138325e-05,-0.3596971142566275,0.05646054224404474,0.224,-0.3596971142566275,0.05646054224404474,0.224,-0.35128052554000644,0.056510765953560284,0.21538127041041125,-0.4807829717532088,-1.4009976321186552,1.2539222715069187,-1.4236609014793518,-1.570851642778811,2.660809880338458,0.01471773742539173,0.19500802707689754,-0.21643084851746117,0.021473178548607308,-2.5585420552590758e-05,0.01471231819403768,-0.4807829717532088,-1.4009976321186552,1.2539222715069187,-1.4236609014793518,-1.570851642778811,2.660809880338458,nan,nan,nan,nan,nan,nan,0.031011021736743503,-8.293141978729727,-6.304650610670791,-0.9634002225746128,0.0008728382177550128,1.2369994937653962e-08,28.0,28.0,14.0,6.0,6.0,6.0
1.536,1.0,0.012066044826060655,8.191942337390283e-05,-0.3598778916341451,0.05652522228981316,0.224,-0.3598778916341451,0.05652522228981316,0.224,-0.3514479200323428,0.05657468563441456,0.2153673544081288,-0.4807229507656954,-1.4002169484796414,1.253055088620808,-1.4235742442475807,-1.5708517060798106,2.660869880336937,0.015185521474614574,0.19529102968673698,-0.21704862034873224,0.021807891016160045,-2.539534093753119e-05,0.015180378357519609,-0.4807229507656954,-1.4002169484796414,1.253055088620808,-1.4235742442475807,-1.5708517060798106,2.660869880336937,nan,nan,nan,nan,nan,nan,0.031065098769612963,-8.302251681230388,-6.3045927932541845,-0.9633985201592031,0.0008723325653222161,1.213286953661582e-08,28.0,28.0,14.0,6.0,6.0,6.0
1.54,1.0,0.012085223502910206,8.207721367224704e-05,-0.36005887506187645,0.05658932351779925,0.224,-0.36005887506187645,0.05658932351779925,0.224,-0.3516156070432021,0.05663802150809414,0.215353527841607,-0.4806610612366592,-1.3994351377035217,1.2521854383383817,-1.423486247081139,-1.57085176859066,2.660931749968155,0.01565227006955329,0.19557211761425972,-0.21766499738897993,0.02214312434934671,-2.5206174856766418e-05,0.01564739777373858,-0.4806610612366592,-1.3994351377035217,1.2521854383383817,-1.423486247081139,-1.57085176859066,2.660931749968155,nan,nan,nan,nan,nan,nan,0.03111903289820142,-8.311371796483755,-6.304533859200032,-0.9633968180305329,0.0008718249230399702,1.1875604152612877e-08,28.0,28.0,14.0,6.0,6.0,6.0
1.544,1.0,0.012104277702293813,8.223429348523649e-05,-0.36024006268655295,0.056652845271606994,0.224,-0.36024006268655295,0.056652845271606994,0.224,-0.3517835847608416,0.05670077304358793,0.2153397908388494,-0.48059730730659084,-1.3986522074334213,1.251313326236448,-1.423396907909676,-1.570851830315464,2.6609954850693254,0.016117983641438505,0.19585129692078795,-0.21827998046227703,0.022478873303775005,-2.5017916469612972e-05,0.016113376424372265,-0.48059730730659084,-1.3986522074334213,1.251313326236448,-1.423396907909676,-1.570851830315464,2.6609954850693254,nan,nan,nan,nan,nan,nan,0.031172817566381114,-8.320502224738757,-6.30447380501373,-0.9633951160765031,0.0008713150865701535,1.1600609041535622e-08,28.0,28.0,14.0,6.0,6.0,6.0
1.548,1.0,0.012123207303438754,8.239064801139261e-05,-0.3604214526528149,0.05671578690077421,0.224,-0.3604214526528149,0.05671578690077421,0.224,-0.3519518513737878,0.05676293971234453,0.21532614352731066,-0.48053169311448213,-1.3978681652884681,1.2504387578888367,-1.4233062246838935,-1.5708518912583023,2.6610610814774973,0.016582662531679664,0.19612857356935695,-0.21889357026617415,0.022815132606368537,-2.483055993237569e-05,0.01657831425507744,-0.48053169311448213,-1.3978681652884681,1.2504387578888367,-1.4233062246838935,-1.5708518912583023,2.6610610814774973,nan,nan,nan,nan,nan,nan,0.031226446407629047,-8.329642866363635,-6.304412627181796,-0.9633934141884444,0.0008708028589725492,1.1310161321597817e-08,28.0,28.0,14.0,6.0,6.0,6.0
1.552,1.0,0.01214201218435989,8.254632172120941e-05,-0.3606030431032306,0.05677814776077914,0.224,-0.3606030431032306,0.05677814776077914,0.224,-0.3521204050707396,0.056824520988395716,0.21531258603388548,-0.4804642227981752,-1.3970830188641767,1.2495617388668963,-1.4232141953756565,-1.5708519514232289,2.661128535029413,0.017046306996031796,0.19640395342846492,-0.21950576737617306,0.02315189695611619,-2.464409939211577e-05,0.017042211176684967,-0.4804642227981752,-1.3970830188641767,1.2495617388668963,-1.4232141953756565,-1.5708519514232289,2.661128535029413,nan,nan,nan,nan,nan,nan,0.03127991323948616,-8.338793621847216,-6.304350322172057,-0.9633917122610025,0.0008702880504643423,1.1006408061524785e-08,28.0,28.0,14.0,6.0,6.0,6.0
1.556,1.0,0.012160692221943284,8.270129966502449e-05,-0.3607848321783154,0.05683992721304715,0.224,-0.3607848321783154,0.05683992721304715,0.224,-0.35228924404048095,0.05688551634847551,0.2152991184848977,-0.48039490049469463,-1.396296775732818,1.2486822747399693,-1.4231208179781036,-1.5708520108142716,2.661197841561372,0.01750891720862043,0.1966774422756833,-0.22011657225004888,0.02348916102481191,-2.4458528984954495e-05,0.01750506706632182,-0.48039490049469463,-1.396296775732818,1.2486822747399693,-1.4231208179781036,-1.5708520108142716,2.661197841561372,nan,nan,nan,nan,nan,nan,0.031333212058139825,-8.347954391800341,-6.304286886433958,-0.9633900101920496,0.0008697704781936116,1.0691369778733433e-08,28.0,28.0,14.0,6.0,6.0,6.0
1.56,1.0,0.012179247292029353,8.285558038724421e-05,-0.36096681801655084,0.05690112462495716,0.224,-0.36096681801655084,0.05690112462495716,0.224,-0.35245836647179263,0.056945925272135496,0.21528574100609132,-0.48032373034056475,-1.3955094434437727,1.2478003710758536,-1.4230260905057557,-1.5708520694354329,2.6612689969091017,0.017970493265828464,0.19694904580113148,-0.22072598523202788,0.023826919457785006,-2.4273842832773296e-05,0.017966881768473164,-0.48032373034056475,-1.3955094434437727,1.2478003710758536,-1.4230260905057557,-1.5708520694354329,2.6612689969091017,nan,nan,nan,nan,nan,nan,0.03138633703316139,-8.357125076957225,-6.304222316398771,-0.9633883078825831,0.0008692499660156085,1.036694378519484e-08,28.0,28.0,14.0,6.0,6.0,6.0
1.564,1.0,0.012197677269493093,8.300916777543386e-05,-0.3611489987544035,0.056961739369848226,0.224,-0.3611489987544035,0.056961739369848226,0.224,-0.35262777055336914,0.05700574724185624,0.21527245372262016,-0.48025071647211076,-1.3947210295238743,1.246916033441247,-1.422930010994617,-1.5708521272906895,2.6613419969076224,0.018431035190049072,0.19721876961082038,-0.22133400655682264,0.024165166874619195,-2.4090035041744075e-05,0.018427655095985113,-0.48025071647211076,-1.3947210295238743,1.246916033441247,-1.422930010994617,-1.5708521272906895,2.6613419969076224,nan,nan,nan,nan,nan,nan,0.03143928250243131,-8.36630557817665,-6.304156608479757,-0.9633866052366279,0.0008687263442787545,1.0034908044472921e-08,28.0,28.0,14.0,6.0,6.0,6.0
1.568,1.0,0.012215982028320561,8.316210305134333e-05,-0.3613313725263441,0.057021770827025885,0.224,-0.3613313725263441,0.057021770827025885,0.224,-0.35279745447374045,0.057064981743155704,0.21525925675903798,-0.48017586302574594,-1.3939315414777373,1.2460292674021745,-1.422832577502279,-1.5708521843839922,2.66141683739113,0.018890542933309752,0.19748661922986935,-0.22194063635352823,0.02450389786985603,-2.39070997014459e-05,0.01888738683102474,-0.48017586302574594,-1.3939315414777373,1.2460292674021745,-1.422832577502279,-1.5708521843839922,2.66141683739113,nan,nan,nan,nan,nan,nan,0.03149204296712091,-8.375495796443413,-6.304089759072446,-0.9633849021611467,0.0008681994496124975,9.696924737932236e-09,28.0,28.0,14.0,6.0,6.0,6.0
1.572,1.0,0.012234161441682823,8.331434183355022e-05,-0.36151393746486693,0.05708121838176853,0.224,-0.36151393746486693,0.05708121838176853,0.224,-0.3529674164211966,0.057123628264693846,0.2152461502392896,-0.4800991741382442,-1.3931409867880715,1.2451400785244018,-1.4227337881080169,-1.5708522407192662,2.6614935141928733,0.019349016380769753,0.19775260010560036,-0.22254587464938844,0.0248431070136969,-2.3725030887370116e-05,0.019346076725993158,-0.4800991741382442,-1.3931409867880715,1.2451400785244018,-1.4227337881080169,-1.5708522407192662,2.6614935141928733,nan,nan,nan,nan,nan,nan,0.03154461308693697,-8.384695632869573,-6.304021764554799,-0.9633831985659582,0.0008676691247284364,9.354544054682035e-09,28.0,28.0,14.0,6.0,6.0,6.0
1.576,1.0,0.012252215382009294,8.346591985683067e-05,-0.3616966917005086,0.057140081425333736,0.224,-0.3616966917005086,0.057140081425333736,0.224,-0.35313765458371416,0.057181686298374244,0.2152331342867009,-0.48002065394699905,-1.3923493729159873,1.2442484723738334,-1.4226336409128861,-1.5708522963004106,2.6615720231450357,0.01980645535409673,0.19801671761051343,-0.22314972137342973,0.025182788852685968,-2.354382265984982e-05,0.019803724504402265,-0.48002065394699905,-1.3923493729159873,1.2442484723738334,-1.4226336409128861,-1.5708522963004106,2.6615720231450357,nan,nan,nan,nan,nan,nan,0.03159698767534969,-8.393904988695642,-6.303952621287427,-0.9633814943636516,0.0008671352182210285,9.009208160293617e-09,28.0,28.0,14.0,6.0,6.0,6.0
1.58,1.0,0.012270143721056724,8.361682743708867e-05,-0.36187963336186735,0.057198359354964444,0.224,-0.36187963336186735,0.057198359354964444,0.224,-0.3533081671488876,0.057239155339441905,0.21522020902396963,-0.4799403065902696,-1.3915567073012878,1.2433544545168969,-1.4225321340398152,-1.5708523511312986,2.6616523600786244,0.02026285961472488,0.19827897704514905,-0.223752176359975,0.025522937910385488,-2.3363469067684952e-05,0.0202603298617217,-0.4799403065902696,-1.3915567073012878,1.2433544545168969,-1.4225321340398152,-1.5708523511312986,2.6616523600786244,nan,nan,nan,nan,nan,nan,0.03164916169511203,-8.403123765291934,-6.303882325613695,-0.9633797894694895,0.0008665975843782018,8.662254912237294e-09,28.0,28.0,14.0,6.0,6.0,6.0
1.584,1.0,0.012287946329976002,8.376708145145482e-05,-0.3620627605756221,0.05725605157389516,0.224,-0.3620627605756221,0.05725605157389516,0.224,-0.35347895230386306,0.05729603488657924,0.21520737457315742,-0.47985813620741335,-1.3907629973627484,1.242458030520913,-1.4224292656336959,-1.5708524052157775,2.6617345208233574,0.02071822886699866,0.19853938364083687,-0.22435323935202872,0.025863548688039795,-2.3183964149386324e-05,0.020715892466194208,-0.47985813620741335,-1.3907629973627484,1.242458030520913,-1.4224292656336959,-1.5708524052157775,2.6617345208233574,nan,nan,nan,nan,nan,nan,0.03170113025376943,-8.4123518641597,-6.303810873860003,-0.9633780838013514,0.0008660560829970264,8.3149220898671e-09,28.0,28.0,14.0,6.0,6.0,6.0
1.588,1.0,0.012305623079378715,8.391668805659865e-05,-0.36224607146655186,0.057313157491358076,0.224,-0.36224607146655186,0.057313157491358076,0.224,-0.3536500082352757,0.05735232444199721,0.2151946310556787,-0.4797741469391073,-1.3899682504983886,1.2415592059544531,-1.4223250338614708,-1.5708524585576686,2.6618185012075584,0.02117256276120632,0.1987979425623412,-0.22495291000455445,0.026204615665230295,-2.3005301937246575e-05,0.021170411959635302,-0.4797741469391073,-1.3899682504983886,1.2415592059544531,-1.4223250338614708,-1.5708524585576686,2.6618185012075584,nan,nan,nan,nan,nan,nan,0.031752888599407274,-8.421589186932463,-6.303738262335904,-0.9633763772796471,0.000865510579204782,7.968351046592333e-09,28.0,28.0,14.0,6.0,6.0,6.0
1.592,1.0,0.012323173839397565,8.406566127428113e-05,-0.3624295641575546,0.057369676522589085,0.224,-0.3624295641575546,0.057369676522589085,0.224,-0.3538213331291901,0.05740802351152485,0.21518197859229438,-0.4796883429275564,-1.3891724740857307,1.2406579863876828,-1.422219436912218,-1.5708525111607674,2.6619042970580526,0.02162586089650573,0.19905465891040014,-0.22555118788763212,0.026546133300516913,-2.2827476460277614e-05,0.02162388795820676,-0.4796883429275564,-1.3891724740857307,1.2406579863876828,-1.422219436912218,-1.5708525111607674,2.6619042970580526,nan,nan,nan,nan,nan,nan,0.031804432116422685,-8.43083563537713,-6.303664487334227,-0.9633746698272345,0.0008649609432838418,7.623590812583372e-09,28.0,28.0,14.0,6.0,6.0,6.0
1.596,1.0,0.012340598479750666,8.421398337249006e-05,-0.3626132367696669,0.05742560808883382,0.224,-0.3626132367696669,0.05742560808883382,0.224,-0.35399292517104114,0.05746313160469627,0.21516941730310055,-0.4796007283166915,-1.3883756754820504,1.2397543773926945,-1.422112472997234,-1.5708525630288432,2.661991904200068,0.022078122823745615,0.19930953772416454,-0.22614807248950533,0.02688809603207012,-2.2650481748485615e-05,0.022076320053177036,-0.4796007283166915,-1.3883756754820504,1.2397543773926945,-1.422112472997234,-1.5708525630288432,2.661991904200068,nan,nan,nan,nan,nan,nan,0.031855756321497786,-8.440091111395148,-6.303589545131286,-0.9633729613693641,0.0008644070505068115,7.281601889794581e-09,28.0,28.0,14.0,6.0,6.0,6.0
1.6,1.0,0.012357896869796634,8.436167357789518e-05,-0.36279708742208266,0.0574809516173535,0.224,-0.36279708742208266,0.0574809516173535,0.224,-0.3541647825455814,0.057517648234833775,0.21515694730752283,-0.47951130725235547,-1.387577862024617,1.2388483845438265,-1.4220041403501138,-1.5708526141656394,2.6620813184571337,0.02252934804818734,0.19956258398354304,-0.22674356321952605,0.02723049827829092,-2.247431183601382e-05,0.022527707811667002,-0.47951130725235547,-1.387577862024617,1.2388483845438265,-1.4220041403501138,-1.5708526141656394,2.6620813184571337,nan,nan,nan,nan,nan,nan,0.03190685685966771,-8.449355517023728,-6.303513431986985,-0.9633712518335944,0.0008638487809706099,6.943260232644085e-09,28.0,28.0,14.0,6.0,6.0,6.0
1.604,1.0,0.012375068878594209,8.450872469354416e-05,-0.362981114232173,0.0575357065414309,0.224,-0.362981114232173,0.0575357065414309,0.224,-0.35433690343682794,0.05757157291912893,0.21514456872430587,-0.479420083882479,-1.3867790410309249,1.2379400134179726,-1.421894437226828,-1.5708526645748737,2.662172535650987,0.022979536032128448,0.1998138026114511,-0.2273376594109925,0.027573334438422258,-2.2298960767193934e-05,0.022978050777386228,-0.479420083882479,-1.3867790410309249,1.2379400134179726,-1.421894437226828,-1.5708526645748737,2.662172535650987,nan,nan,nan,nan,nan,nan,0.03195772950043642,-8.458628754436953,-6.303436144144982,-0.9633695411497343,0.000863286019440535,6.609361199553528e-09,28.0,28.0,14.0,6.0,6.0,6.0
1.608,1.0,0.012392114374955573,8.465516365622733e-05,-0.36316531531550483,0.05758987230037607,0.224,-0.36316531531550483,0.05758987230037607,0.224,-0.3545092860280133,0.05762490517872099,0.21513228167150625,-0.4793270623572462,-1.385979219798916,1.2370292695948784,-1.4217833619057982,-1.570852714260238,2.6622655516014837,0.02342868619743137,0.20006319847597073,-0.22793036032388933,0.027916598893150523,-2.2124422599314416e-05,0.02342734847136272,-0.4793270623572462,-1.385979219798916,1.2370292695948784,-1.4217833619057982,-1.570852714260238,2.6622655516014837,nan,nan,nan,nan,nan,nan,0.03200837013408883,-8.467910725946824,-6.303357677832809,-0.963367829249779,0.00086271865519716,6.280623159352505e-09,28.0,28.0,14.0,6.0,6.0,6.0
1.612,1.0,0.012409033227499896,8.480097007145981e-05,-0.3633496887858607,0.05764344833953211,0.224,-0.3633496887858607,0.05764344833953211,0.224,-0.3546819285015391,0.0576776445387727,0.2151200862664837,-0.47923224682925025,-1.385178405607194,1.2361161586574283,-1.4216709126879699,-1.5708527632253986,2.6623603621265057,0.023876797927961445,0.2003107763924245,-0.2285216651475309,0.028260286005191697,-2.1950691407870073e-05,0.02387560039266237,-0.47923224682925025,-1.385178405607194,1.2361161586574283,-1.4216709126879699,-1.5708527632253986,2.6623603621265057,nan,nan,nan,nan,nan,nan,0.03205877476807627,-8.477201334004466,-6.30327802926198,-0.9633661160678378,0.0008621465818875919,5.957691367839056e-09,28.0,28.0,14.0,6.0,6.0,6.0
1.616,1.0,0.01242582530470539,8.49461837916934e-05,-0.363534232755258,0.05769643411028085,0.224,-0.363534232755258,0.05769643411028085,0.224,-0.35485482903892956,0.05772979052854435,0.21510798262589406,-0.4791356414536394,-1.3843766057152307,1.2352006861919225,-1.4215570878968822,-1.5708528114739957,2.662456963041877,0.024323870571935503,0.2005565411253627,-0.22911157300310822,0.028604390119872092,-2.177776129118792e-05,0.024322806019105598,-0.4791356414536394,-1.3843766057152307,1.2352006861919225,-1.4215570878968822,-1.5708528114739957,2.662456963041877,nan,nan,nan,nan,nan,nan,0.03210893952350487,-8.486500481201091,-6.3031971946281455,-0.9633644015400841,0.0008615696973826926,5.641141703024672e-09,28.0,28.0,14.0,6.0,6.0,6.0
1.62,1.0,0.012442490474957718,8.509076870882687e-05,-0.3637189453339679,0.05774882907004847,0.224,-0.3637189453339679,0.05774882907004847,0.224,-0.35502798582079154,0.05778134268146443,0.21509597086568025,-0.479037250388254,-1.3835738273635632,1.2342828577883416,-1.4214418858787363,-1.5708528590096438,2.6625553501612806,0.02476990344418565,0.2008004973904725,-0.2297000829461505,0.028948905565698332,-2.16056263758048e-05,0.024768964807982522,-0.479037250388254,-1.3835738273635632,1.2342828577883416,-1.4214418858787363,-1.5708528590096438,2.6625553501612806,nan,nan,nan,nan,nan,nan,0.03215886063175743,-8.49580807026919,-6.3031151701111865,-0.9633626856046911,0.0008609879036380195,5.331484206678657e-09,28.0,28.0,14.0,6.0,6.0,6.0
1.624,1.0,0.012459028606598508,8.523476709922734e-05,-0.3639038246305354,0.05780063268231102,0.224,-0.3639038246305354,0.05780063268231102,0.224,-0.3552013970267724,0.05783230053519912,0.2150840511010663,-0.47893707779375455,-1.3827700777739864,1.233362679040605,-1.4213253050024615,-1.5708529058359326,2.662655519296177,0.025214895828339367,0.20104264985640552,-0.23028719396889274,0.029293826654912553,-2.143428082006633e-05,0.025214076196763476,-0.47893707779375455,-1.3827700777739864,1.233362679040605,-1.4213253050024615,-1.5708529058359326,2.662655519296177,nan,nan,nan,nan,nan,nan,0.03220853443109899,-8.505124004083298,-6.303031951875278,-0.9633609682017703,0.0008604011065587025,5.029166674178657e-09,28.0,28.0,14.0,6.0,6.0,6.0
1.6280000000000001,1.0,0.01247543956797191,8.537816892700072e-05,-0.364088868751798,0.05785184441659997,0.224,-0.364088868751798,0.05785184441659997,0.224,-0.35537506083552317,0.05788266363171828,0.21507222344654817,-0.4788351278337412,-1.3819653641497356,1.2324401555468174,-1.421207343659779,-1.5708529519564265,2.6627574662557274,0.025658846978919275,0.201283003146533,-0.23087290500256313,0.029639147684041415,-2.1263718819753428e-05,0.02565813960380934,-0.4788351278337412,-1.3819653641497356,1.2324401555468174,-1.421207343659779,-1.5708529519564265,2.6627574662557274,nan,nan,nan,nan,nan,nan,0.03225795736357666,-8.514448185661427,-6.3029475360691105,-0.9633592492733295,0.00085980921586985,4.73457816113834e-09,28.0,28.0,14.0,6.0,6.0,6.0
1.6320000000000001,1.0,0.012491723227469272,8.552098498222838e-05,-0.36427407580290555,0.05790246374850762,0.224,-0.36427407580290555,0.05790246374850762,0.224,-0.3555489754246619,0.057932431517361015,0.21506048801588712,-0.4787314046748652,-1.3811596936756632,1.2315152929095077,-1.4210880002652628,-1.5708529973746646,2.66286118684672,0.02610175612336494,0.20152156184062373,-0.2314572149195846,0.02998486293443517,-2.1093934611765214e-05,0.026101154429082243,-0.4787314046748652,-1.3811596936756632,1.2315152929095077,-1.4210880002652628,-1.5708529973746646,2.66286118684672,nan,nan,nan,nan,nan,nan,0.03230712597181355,-8.523780518165633,-6.3028619188258626,-0.9633575287632072,0.0008592121449897245,4.448052276803124e-09,28.0,28.0,14.0,6.0,6.0,6.0
1.6360000000000001,1.0,0.012507879453572467,8.566319745815602e-05,-0.3644594438873395,0.057952490159692435,0.224,-0.3644594438873395,0.057952490159692435,0.224,-0.3557231389707398,0.057981603742897354,0.21504884492210252,-0.47862591248693226,-1.38035307351841,1.2305880967358584,-1.4209672732563994,-1.5708530420941609,2.662966676873496,0.026543622463979975,0.20175833047645603,-0.23204012253570053,0.030330966672794377,-2.0924922479260017e-05,0.026543120054854985,-0.47862591248693226,-1.38035307351841,1.2305880967358584,-1.4209672732563994,-1.5708530420941609,2.662966676873496,nan,nan,nan,nan,nan,nan,0.03235603689604722,-8.53312090490324,-6.302775096263359,-0.9633558066170232,0.0008586098109076282,4.1698705410641676e-09,28.0,28.0,14.0,6.0,6.0,6.0
1.6400000000000001,1.0,0.012523908114895265,8.580483264597542e-05,-0.36464497110693217,0.058001923137884416,0.224,-0.36464497110693217,0.058001923137884416,0.224,-0.3558975496492093,0.05803017986358964,0.21503729427746504,-0.4785186554429985,-1.379545510826569,1.2296585726379288,-1.4208451610936452,-1.5708530861184054,2.663073932137882,0.026984445179805833,0.2019933135513583,-0.23262162661201966,0.0306774531516885,-2.0756676755748584e-05,0.026984035846422092,-0.4785186554429985,-1.379545510826569,1.2296585726379288,-1.4208451610936452,-1.5708530861184054,2.663073932137882,nan,nan,nan,nan,nan,nan,0.03240468687114473,-8.542469249327699,-6.302687064484156,-0.9633540827821359,0.0008580021340658823,3.900265688627784e-09,28.0,28.0,14.0,6.0,6.0,6.0
1.6440000000000001,1.0,0.012539809080224803,8.594589339972561e-05,-0.3648306555618866,0.05805076217689029,0.224,-0.3648306555618866,0.05805076217689029,0.224,-0.35607220563439335,0.058078159439250335,0.21502583619348872,-0.47840963771945894,-1.3787370127308434,1.2287267262328654,-1.4207216622604821,-1.5708531294508625,2.6631829484391245,0.02742422342842504,0.20222651552368548,-0.23320172585698903,0.031024316610063263,-2.0589191828721408e-05,0.027423901152814168,-0.47840963771945894,-1.3787370127308434,1.2287267262328654,-1.4207216622604821,-1.5708531294508625,2.6631829484391245,nan,nan,nan,nan,nan,nan,0.03245307272378376,-8.55182545503947,-6.3025978195755945,-0.9633523572075804,0.0008573890382446424,3.639424528246272e-09,28.0,28.0,14.0,6.0,6.0,6.0
1.6480000000000001,1.0,0.012555582218559904,8.608638512252492e-05,-0.3650164953507955,0.05809900677659874,0.224,-0.3650164953507955,0.05809900677659874,0.224,-0.35624710509945745,0.05812554203429949,0.21501447078092484,-0.4782988634961289,-1.3779275863441984,1.227792563143111,-1.4205967752634698,-1.5708531720949737,2.6632937215738255,0.02786295634769678,0.20245794081423277,-0.2337804189282948,0.031371551273742096,-2.042246214573823e-05,0.027862715307508314,-0.4782988634961289,-1.3779275863441984,1.227792563143111,-1.4205967752634698,-1.5708531720949737,2.6632937215738255,nan,nan,nan,nan,nan,nan,0.03250119136965698,-8.561189425787067,-6.302507357609928,-0.9633506298440354,0.0008567704504516012,3.387491192998959e-09,28.0,28.0,14.0,6.0,6.0,6.0
1.6520000000000001,1.0,0.012571227399149624,8.622630029525247e-05,-0.36520248857066107,0.05814665644298546,0.224,-0.36520248857066107,0.05814665644298546,0.224,-0.35642224621638197,0.05817232721781971,0.21500319814975494,-0.4781863369563189,-1.3771172387620092,1.2268560889966016,-1.4204704986322971,-1.5708532140541553,2.663406247335882,0.02830064305742538,0.20268759380758603,-0.234357704434691,0.03171915135591167,-2.025648221526308e-05,0.028300477629144016,-0.4781863369563189,-1.3771172387620092,1.2268560889966016,-1.4204704986322971,-1.5708532140541553,2.663406247335882,nan,nan,nan,nan,nan,nan,0.032549039810853234,-8.570561065467862,-6.302415674644361,-0.9633489006437669,0.0008561463008130907,3.144569934145968e-09,28.0,28.0,14.0,6.0,6.0,6.0
1.6560000000000001,1.0,0.012586744491529165,8.63656571458956e-05,-0.36538863331691435,0.05819371068811831,0.224,-0.36538863331691435,0.05819371068811831,0.224,-0.3565976271559381,0.05821851456360833,0.21499201840918408,-0.47807206228690274,-1.3763059770622013,1.2259173094269575,-1.4203428309198323,-1.5708532553318009,2.663520521516429,0.028737282660966222,0.20291547885341468,-0.23493358093776218,0.032067111057604195,-2.009124661325007e-05,0.02873718742223883,-0.47807206228690274,-1.3763059770622013,1.2259173094269575,-1.4203428309198323,-1.5708532553318009,2.663520521516429,nan,nan,nan,nan,nan,nan,0.03259661513316547,-8.579940278128912,-6.30232276672114,-0.9633471695605913,0.0008555165224726223,2.910728003717836e-09,28.0,28.0,14.0,6.0,6.0,6.0
1.6600000000000001,1.0,0.012602133365555764,8.650446350650408e-05,-0.36557492768343486,0.05824016903016221,0.224,-0.36557492768343486,0.05824016903016221,0.224,-0.3567732460876632,0.058264103650230756,0.21498093166763493,-0.4779560436783794,-1.3754938083053878,1.2249762300736693,-1.4202137707021694,-1.5708532959312798,2.6636365399037847,0.029172874246768912,0.2031416002677084,-0.2355080469536211,0.03241542456816503,-1.9926749984319147e-05,0.02917284397790574,-0.4779560436783794,-1.3754938083053878,1.2249762300736693,-1.4202137707021694,-1.5708532959312798,2.6636365399037847,nan,nan,nan,nan,nan,nan,0.032643914503647696,-8.589326967967924,-6.3022286298676375,-0.9633454365498298,0.0008548810514875031,2.685998139220428e-09,28.0,28.0,14.0,6.0,6.0,6.0
1.6640000000000001,1.0,0.012617393891442261,8.664272458558415e-05,-0.3657613697625698,0.05828603099338415,0.224,-0.3657613697625698,0.05828603099338415,0.224,-0.3569491011798398,0.05830909406106844,0.21496993803274067,-0.477838285324929,-1.3746807395350018,1.2240328565822733,-1.4200833165786741,-1.570853335855939,2.663754298283399,0.02960741688986134,0.20336596233395718,-0.236081100954543,0.03276408606571681,-1.9762987045966935e-05,0.02960744657456673,-0.477838285324929,-1.3746807395350018,1.2240328565822733,-1.4200833165786741,-1.570853335855939,2.663754298283399,nan,nan,nan,nan,nan,nan,0.032690935168086285,-8.598721039333926,-6.302133260096394,-0.9633437015682675,0.0008542398267330015,2.4703815325842457e-09,28.0,28.0,14.0,6.0,6.0,6.0
1.668,1.0,0.012632525939790813,8.678042507854979e-05,-0.3659479576451539,0.05833129610815802,0.224,-0.3659479576451539,0.05833129610815802,0.224,-0.3571251905994744,0.05835348538436855,0.21495903761133914,-0.47771879142446294,-1.3738667777774218,1.2230871946045248,-1.4199514671720288,-1.5708533751091016,2.6638737924378035,0.030040909653275515,0.2035885693042809,-0.2366527413705384,0.033113089717608096,-1.9599952591432157e-05,0.03004099447867451,-0.47771879142446294,-1.3738667777774218,1.2230871946045248,-1.4199514671720288,-1.5708533751091016,2.6638737924378035,nan,nan,nan,nan,nan,nan,0.03273767444870424,-8.608122396728216,-6.302036653405168,-0.9633419645741037,0.0008535927898073997,2.263849995353516e-09,28.0,28.0,14.0,6.0,6.0,6.0
1.672,1.0,0.012647529381625012,8.691758808700911e-05,-0.366134689420529,0.05837596391096946,0.224,-0.366134689420529,0.05837596391096946,0.224,-0.3573015125122781,0.058397277213289876,0.2149482305094664,-0.4775975661786684,-1.3730519300420967,1.2221392497985624,-1.419818221128272,-1.5708534136940697,2.6639950181465673,0.030473351589417844,0.20380942540050534,-0.23722296659086575,0.03346242968085884,-1.9437641492081074e-05,0.030473486945427005,-0.4775975661786684,-1.3730519300420967,1.2221392497985624,-1.419818221128272,-1.5708534136940697,2.6639950181465673,nan,nan,nan,nan,nan,nan,0.032784129741775934,-8.617530944804999,-6.30193880577704,-0.9633402255269291,0.0008529398849409182,2.0663485142149255e-09,28.0,28.0,14.0,6.0,6.0,6.0
1.676,1.0,0.012662404088419968,8.705421360090371e-05,-0.3663215631765632,0.058420033944420545,0.224,-0.3663215631765632,0.058420033944420545,0.224,-0.35747806508264957,0.05844046914594836,0.21493751683235116,-0.4774746137930475,-1.3722362033216617,1.2211890278290682,-1.4196835771168403,-1.5708534516141222,2.664117971186251,0.030904741741385425,0.2040285348151922,-0.23779177496549037,0.03381210010259527,-1.9276048700914954e-05,0.030904923219484827,-0.4774746137930475,-1.3722362033216617,1.2211890278290682,-1.4196835771168403,-1.5708534516141222,2.664117971186251,nan,nan,nan,nan,nan,nan,0.03283029851547958,-8.626946588372398,-6.301839713180469,-0.9633384843876809,0.0008522810589073362,1.8777975446755884e-09,28.0,28.0,14.0,6.0,6.0,6.0
1.68,1.0,0.012677149932132283,8.71903092402966e-05,-0.36650857699967104,0.058463505757234524,0.224,-0.36650857699967104,0.058463505757234524,0.224,-0.3576548464736584,0.05848306078546077,0.2149268966844092,-0.47734993847695156,-1.3714196045920557,1.2202365343674204,-1.419547533830607,-1.5708534888725156,2.664242647330369,0.03133507914422988,0.2042459017126181,-0.2383591648064827,0.03416209512047067,-1.9115169253125867e-05,0.031335302535687594,-0.47734993847695156,-1.3714196045920557,1.2202365343674204,-1.419547533830607,-1.5708534888725156,2.664242647330369,nan,nan,nan,nan,nan,nan,0.03287617830764776,-8.636369232392903,-6.3017393715693135,-0.9633367411186013,0.0008516162609385012,1.6980951785703635e-09,28.0,28.0,14.0,6.0,6.0,6.0
1.684,1.0,0.012691766785230523,8.732587493987178e-05,-0.3666957289748325,0.05850637890426041,0.224,-0.3666957289748325,0.05850637890426041,0.224,-0.35783185484702934,0.05852505173998741,0.21491637016923584,-0.47722354444361004,-1.3706021408126303,1.219281775091842,-1.419410089985918,-1.5708535254724862,2.6643690423493513,0.03176436282617109,0.204461530229712,-0.23892513438936916,0.034512408863088186,-1.895499827014785e-05,0.03176462411976844,-0.47722354444361004,-1.3706021408126303,1.219281775091842,-1.419410089985918,-1.5708535254724862,2.6643690423493513,nan,nan,nan,nan,nan,nan,0.032921766723690085,-8.645798781984254,-6.301637776882908,-0.9633349956832069,0.000850945442641242,1.5271191391063882e-09,28.0,28.0,14.0,6.0,6.0,6.0
1.688,1.0,0.012706254520720243,8.746090046993822e-05,-0.36688301718561295,0.058548652946477556,0.224,-0.36688301718561295,0.058548652946477556,0.224,-0.35800908836313,0.05856644162277293,0.21490593738960273,-0.47709543591015496,-1.3697838189262577,1.2183247556875447,-1.4192712443226274,-1.5708535614172485,2.664497152010507,0.03219259180976168,0.20467542447694648,-0.23948968195442805,0.03486303545040736,-1.879553096008757e-05,0.03219288718906387,-0.47709543591015496,-1.3697838189262577,1.2183247556875447,-1.4192712443226274,-1.5708535614172485,2.664497152010507,nan,nan,nan,nan,nan,nan,0.032967061434636666,-8.655235142420345,-6.301534925046114,-0.963333248046249,0.0008502685579171706,1.3647289391273918e-09,28.0,28.0,14.0,6.0,6.0,6.0
1.692,1.0,0.012720613012174196,8.759542635178876e-05,-0.36707043971418285,0.05859032745100014,0.224,-0.36707043971418285,0.05859032745100014,0.224,-0.358186545180956,0.05860723005218555,0.21489559844745024,-0.476965617097641,-1.3689646458594336,1.2173654818468644,-1.4191309956041311,-1.5708535967099961,2.6646269720779956,0.03261976511300448,0.2048875885391838,-0.24005280570792978,0.03521396899413991,-1.863676261971553e-05,0.0326200909532247,-0.476965617097641,-1.3689646458594336,1.2173654818468644,-1.4191309956041311,-1.5708535967099961,2.6646269720779956,nan,nan,nan,nan,nan,nan,0.03301206017499157,-8.664678219131398,-6.301430811969374,-0.9633314981736915,0.0008495855628871262,1.2107676672997815e-09,28.0,28.0,14.0,6.0,6.0,6.0
1.696,1.0,0.0127348421337559,8.772943210478942e-05,-0.36725799464133707,0.05863140199108158,0.224,-0.36725799464133707,0.05863140199108158,0.224,-0.35836422345812136,0.05864741665175636,0.21488535344388332,-0.47683409223106077,-1.3681446285223782,1.216403959269396,-1.4189893426173987,-1.5708536313539025,2.6647584983127954,0.033045881750424944,0.20509802647648973,-0.2406145038233435,0.035565203598147584,-1.847868863576779e-05,0.03304623461492186,-0.47683409223106077,-1.3681446285223782,1.216403959269396,-1.4189893426173987,-1.5708536313539025,2.6647584983127954,nan,nan,nan,nan,nan,nan,0.03305676074098251,-8.67412791770515,-6.3013254335487545,-0.9633297460326652,0.0008488964158136046,1.065063794121285e-09,28.0,28.0,14.0,6.0,6.0,6.0
1.7,1.0,0.012748941760246851,8.786293779898631e-05,-0.36744568004651484,0.058671876146118976,0.224,-0.36744568004651484,0.058671876146118976,0.224,-0.35854212135084623,0.05868700105021561,0.21487520247916558,-0.4767008655393561,-1.3673237738091342,1.2154401936621222,-1.4188462841730043,-1.570853665352121,2.6648917264726784,0.03347094073409889,0.2053067423248997,-0.24117477444248253,0.035916733358822256,-1.832130448597091e-05,0.03347131737054791,-0.4767008655393561,-1.3673237738091342,1.2154401936621222,-1.4188462841730043,-1.570853665352121,2.6648917264726784,nan,nan,nan,nan,nan,nan,0.03310116098860008,-8.68358414388725,-6.301218785666006,-0.9633279915914432,0.000848201077029222,9.274329217531643e-10,28.0,28.0,14.0,6.0,6.0,6.0
1.704,1.0,0.01276291176706927,8.799592300026064e-05,-0.36763349400781925,0.05871174950165731,0.224,-0.36763349400781925,0.05871174950165731,0.224,-0.35872023701395017,0.05872598288152972,0.21486514565271364,-0.4765659412554255,-1.3665020885976595,1.2144741907395358,-1.4187018191051544,-1.570853698707785,2.665026652312188,0.033894941074637704,0.20551374009715126,-0.24173361567661225,0.03626855236546421,-1.8164605739910465e-05,0.033895338410914945,-0.4765659412554255,-1.3665020885976595,1.2144741907395358,-1.4187018191051544,-1.570853698707785,2.665026652312188,nan,nan,nan,nan,nan,nan,0.033145258831863665,-8.693046803581987,-6.301110864188584,-0.9633262348194072,0.0008474995088669335,7.976792892402499e-10,28.0,28.0,14.0,6.0,6.0,6.0
1.708,1.0,0.012776752030310813,8.812840770177973e-05,-0.3678214346020369,0.058751021649393775,0.224,-0.3678214346020369,0.058751021649393775,0.224,-0.3588985686008408,0.05876436178493504,0.21485518306309342,-0.47642932361612783,-1.3656795797499197,1.2135059562237598,-1.4185559462717163,-1.5708537314240085,2.6651632715826166,0.03431788178213279,0.20571902378337853,-0.2422910256075103,0.03662065470064785,-1.8008588059951755e-05,0.034318296921945435,-0.47642932361612783,-1.3656795797499197,1.2135059562237598,-1.4185559462717163,-1.5708537314240085,2.6651632715826166,nan,nan,nan,nan,nan,nan,0.03318905224104656,-8.702515802852858,-6.3010016649697285,-0.9633244756870222,0.0008467916755929667,6.755973703706685e-10,28.0,28.0,14.0,6.0,6.0,6.0
1.712,1.0,0.012790462426747333,8.826040170476282e-05,-0.36800949990465787,0.05878969218718193,0.224,-0.36800949990465787,0.05878969218718193,0.224,-0.3590771142635083,0.05880213740497249,0.21484531480801364,-0.4762910168622818,-1.3648562541119766,1.2125354958446628,-1.418408664554244,-1.5708537635038873,2.6653015800319872,0.03473976186706028,0.20592259735177315,-0.24284700228848782,0.03697303444058207,-1.785324720091541e-05,0.03474019208535891,-0.4762910168622818,-1.3648562541119766,1.2125354958446628,-1.418408664554244,-1.5708537635038873,2.6653015800319872,nan,nan,nan,nan,nan,nan,0.03323253924095575,-8.711991047923108,-6.30089118384846,-0.9633227141657992,0.0008460775433389935,5.609733343316629e-10,28.0,28.0,14.0,6.0,6.0,6.0
1.716,1.0,0.012804042833864082,8.839189715927547e-05,-0.368197687989895,0.05882776071903579,0.224,-0.368197687989895,0.05882776071903579,0.224,-0.35925587215251925,0.05883930939151929,0.21483554098432175,-0.4761510252386624,-1.3640321185140745,1.211562815339971,-1.4182599728580023,-1.5708537949504982,2.6654415734050425,0.0351605803411472,0.20612446474921164,-0.243401543745369,0.037325685655464055,-1.7698579011408364e-05,0.03516102307935282,-0.4761510252386624,-1.3640321185140745,1.211562815339971,-1.4182599728580023,-1.5708537949504982,2.6654415734050425,nan,nan,nan,nan,nan,nan,0.03327571790934561,-8.721472445176492,-6.300779416649686,-0.9633209502282766,0.0008453570800402871,4.535862542455615e-10,28.0,28.0,14.0,6.0,6.0,6.0
1.72,1.0,0.012817493129878722,8.852291384531507e-05,-0.368385996930704,0.05886522685513395,0.224,-0.368385996930704,0.05886522685513395,0.224,-0.3594348404170094,0.05887587739982155,0.21482586168799878,-0.47600935299399366,-1.3632071797707235,1.2105879204553747,-1.41810987011199,-1.5708538257668991,2.6655832474432266,0.03558033621820047,0.20632462990184858,-0.24395464797743024,0.03767860240982566,-1.7544579433244915e-05,0.0355807890792731,-0.47600935299399366,-1.3632071797707235,1.2105879204553747,-1.41810987011199,-1.5708538257668991,2.6655832474432266,nan,nan,nan,nan,nan,nan,0.033318586375324116,-8.730959901157718,-6.300666359184186,-0.9633191838479869,0.0008446302553741697,3.5320952993831765e-10,28.0,28.0,14.0,6.0,6.0,6.0
1.724,1.0,0.01283081319376025,8.865343885771303e-05,-0.3685744247988029,0.05890209021182347,0.224,-0.3685744247988029,0.05890209021182347,0.224,-0.35961401720468145,0.05891184109052358,0.2148162770141545,-0.47586600438093873,-1.3623814446807812,1.2096108169446331,-1.4179583552689627,-1.5708538559561314,2.6657265978846807,0.035999028514900486,0.2065230967156794,-0.24450631295830014,0.03803177876286592,-1.73912445014979e-05,0.03599948925828112,-0.47586600438093873,-1.3623814446807812,1.2096108169446331,-1.4179583552689627,-1.5708538559561314,2.6657265978846807,nan,nan,nan,nan,nan,nan,0.0333611428177683,-8.740453322572979,-6.300552007248701,-0.9633174149994338,0.0008438970407005223,2.596119142417602e-10,28.0,28.0,14.0,6.0,6.0,6.0
1.728,1.0,0.012844002905249997,8.878347436497122e-05,-0.3687629696646921,0.058938350411623916,0.224,-0.3687629696646921,0.058938350411623916,0.224,-0.35979340066179966,0.05894720012969907,0.21480678705702344,-0.47572098365608606,-1.3615549200275328,1.2086315105696748,-1.4178054273054517,-1.5708538855212182,2.6658716204642317,0.03641665625155999,0.20671986907707485,-0.24505653663682717,0.03838520876878764,-1.7238570343098447e-05,0.036417122788008835,-0.47572098365608606,-1.3615549200275328,1.2086315105696748,-1.4178054273054517,-1.5708538855212182,2.6658716204642317,nan,nan,nan,nan,nan,nan,0.033403385463894486,-8.749952616290575,-6.300436356625926,-0.9633156436580603,0.0008431574090033677,1.7255874831836936e-10,28.0,28.0,14.0,6.0,6.0,6.0
1.732,1.0,0.012857062144880986,8.891304998535424e-05,-0.3689516295976737,0.05897400708323117,0.224,-0.3689516295976737,0.05897400708323117,0.224,-0.35997298893318735,0.05898195418887747,0.21479739190995967,-0.47557429507993326,-1.3607276125787673,1.207650007100694,-1.4176510852217843,-1.5708539144651663,2.66601831091339,0.03683321845284945,0.2069149508532839,-0.24560531693790633,0.038738886477119136,-1.7086553178623455e-05,0.036833688839208,-0.47557429507993326,-1.3607276125787673,1.207650007100694,-1.4176510852217843,-1.5708539144651663,2.66601831091339,nan,nan,nan,nan,nan,nan,0.03344531258775192,-8.759457689341335,-6.300319403084597,-0.9633138698002339,0.0008424113348381232,9.181294052711271e-11,28.0,28.0,14.0,6.0,6.0,6.0
1.736,1.0,0.012869990793995924,8.904214777695099e-05,-0.36914040266587167,0.0590090598615212,0.224,-0.36914040266587167,0.0590090598615212,0.224,-0.3601527801622257,0.05901610294507403,0.21478809166543272,-0.4754259429168678,-1.3598995290868527,1.2066663123162447,-1.417495328042101,-1.5708539427909645,2.6661666649603477,0.03724871414849027,0.20710834589291124,-0.24615265176327467,0.039092805933027046,-1.693518931880614e-05,0.0372491865823891,-0.4754259429168678,-1.3598995290868527,1.2066663123162447,-1.417495328042101,-1.5708539427909645,2.6661666649603477,nan,nan,nan,nan,nan,nan,0.033486922508905774,-8.768968448919257,-6.300201142379512,-0.9633120934032136,0.0008416587942741271,1.713579990742667e-11,28.0,28.0,14.0,6.0,6.0,6.0
1.74,1.0,0.01288278873476587,8.917077479531482e-05,-0.3693292869362515,0.059043508387553886,0.224,-0.3693292869362515,0.059043508387553886,0.224,-0.36033277249085127,0.059049646080814845,0.21477888641502357,-0.4752759314351454,-1.3590706762888112,1.2056804320033316,-1.417338154814373,-1.5708539705015867,2.6663166783299785,0.03766314237391723,0.20730005802636614,-0.2466985389922725,0.03944696117763005,-1.6784475165672997e-05,0.037663615188448074,-0.4752759314351454,-1.3590706762888112,1.2056804320033316,-1.417338154814373,-1.5708539705015867,2.6663166783299785,nan,nan,nan,nan,nan,nan,0.03352821359096798,-8.77848480238173,-6.300081570251542,-0.9633103144451249,0.0008408997648455442,-5.17118852875245e-11,28.0,28.0,14.0,6.0,6.0,6.0
1.744,1.0,0.012895455850207934,8.929894053435829e-05,-0.3695182804746398,0.05907735230857661,0.224,-0.3695182804746398,0.05907735230857661,0.224,-0.36051296405955646,0.0590825832841637,0.21476977624941915,-0.4751242649068653,-1.358241060906388,1.2046923719574978,-1.4171795646104164,-1.57085399759999,2.666468346743841,0.03807650217091033,0.20749009106628816,-0.24724297648257304,0.03980134624830033,-1.6634407210944283e-05,0.038076973829286556,-0.4751242649068653,-1.358241060906388,1.2046923719574978,-1.4171795646104164,-1.57085399759999,2.666468346743841,nan,nan,nan,nan,nan,nan,0.03356918424041611,-8.78800665725031,-6.299960682427703,-0.9633085329049442,0.0008401342255004585,-1.1496919660668048e-10,28.0,28.0,14.0,6.0,6.0,6.0
1.748,1.0,0.012907992024201285,8.942664946037004e-05,-0.3697073813457445,0.059110591278027924,0.224,-0.3697073813457445,0.059110591278027924,0.224,-0.3606933530073889,0.05911491424874663,0.21476076125841037,-0.4749709476079436,-1.3574106896461235,1.2037021379829096,-1.4170195565259078,-1.5708540240891162,2.666621665920183,0.0384887925881984,0.20767844880794545,-0.24778596207087905,0.040155955178957294,-1.6484982035060438e-05,0.03848926167841834,-0.4749709476079436,-1.3574106896461235,1.2037021379829096,-1.4170195565259078,-1.5708540240891162,2.666621665920183,nan,nan,nan,nan,nan,nan,0.03360983290523406,-8.79753392121111,-6.299838474621254,-0.9633067487624771,0.000839362156551346,-1.7287415433076068e-10,28.0,28.0,14.0,6.0,6.0,6.0
1.752,1.0,0.0129203971415047,8.95538911304128e-05,-0.36989658761317423,0.05914322495554106,0.224,-0.36989658761317423,0.05914322495554106,0.224,-0.3608739374719531,0.059146638673776425,0.21475184153088556,-0.4748159838180838,-1.356579569199422,1.2027097358924386,-1.4168581296803964,-1.5708540499718926,2.666776631573953,0.0389000126820338,0.20786513502961013,-0.24832749357359213,0.04051078200036033,-1.6336196305239084e-05,0.03890047791156782,-0.4748159838180838,-1.356579569199422,1.2027097358924386,-1.4168581296803964,-1.5708540499718926,2.666776631573953,nan,nan,nan,nan,nan,nan,0.03365015807368982,-8.807066502115,-6.29971494253161,-0.9633049619983279,0.0008385835396307092,-2.25663338585463e-10,28.0,28.0,14.0,6.0,6.0,6.0
1.756,1.0,0.012932671087771458,8.96806898168805e-05,-0.3700858973394585,0.059175253006947454,0.224,-0.3700858973394585,0.059175253006947454,0.224,-0.3610547155894112,0.059177756264075704,0.21474301715482869,-0.4746593778207456,-1.3557477062426175,1.2017151715077417,-1.4166952832173159,-1.5708540752512299,2.6669332394168066,0.03931016151674109,0.20805015349291325,-0.24886756878745195,0.04086582074038987,-1.6188046774226753e-05,0.039310621707250776,-0.4746593778207456,-1.3557477062426175,1.2017151715077417,-1.4166952832173159,-1.5708540752512299,2.6669332394168066,nan,nan,nan,nan,nan,nan,0.03369015827318978,-8.816604307978293,-6.299590081844485,-0.9633031725938864,0.0008377983576427574,-2.735708652133357e-10,28.0,28.0,14.0,6.0,6.0,6.0
1.76,1.0,0.012944813749565047,8.980703997873102e-05,-0.37027530858606744,0.05920667510428015,0.224,-0.37027530858606744,0.05920667510428015,0.224,-0.36123568549448604,0.05920826673010028,0.21473428821731413,-0.4745011339031109,-1.35491510743704,1.2007184506593378,-1.4165310163039961,-1.5708540999300256,2.66709148515712,0.039719238165239444,0.20823350794317536,-0.24940618549014762,0.0412210654243247,-1.6040530279808734e-05,0.03971969224735184,-0.4745011339031109,-1.35491510743704,1.2007184506593378,-1.4165310163039961,-1.5708540999300256,2.66709148515712,nan,nan,nan,nan,nan,nan,0.033729832069081644,-8.826147246983062,-6.299463888231883,-0.9633013805313017,0.000837006594721307,-3.168281449863907e-10,28.0,28.0,14.0,6.0,6.0,6.0
1.764,1.0,0.01295682501437402,8.993294103740954e-05,-0.37046481941343146,0.05923749092577712,0.224,-0.37046481941343146,0.05923749092577712,0.224,-0.3614168453204636,0.0592381697879603,0.2147256548045031,-0.4743412563560486,-1.3540817794290798,1.1997195791866824,-1.4163653281316722,-1.5708541240111629,2.6672513645000073,0.04012724170953942,0.20841520210971629,-0.2499433414409,0.04157651007511037,-1.589364374208555e-05,0.040127688717681555,-0.4743412563560486,-1.3540817794290798,1.1997195791866824,-1.4163653281316722,-1.5708541240111629,2.6672513645000073,nan,nan,nan,nan,nan,nan,0.03376917806355806,-8.83569522747759,-6.299336357352186,-0.9632995857934691,0.0008362082361864283,-3.55663151155112e-10,28.0,28.0,14.0,6.0,6.0,6.0
1.768,1.0,0.012968704770626574,9.005840227313352e-05,-0.37065442788096137,0.05926770015588464,0.224,-0.37065442788096137,0.05926770015588464,0.224,-0.3615981931991956,0.0592674651594418,0.21471711700164048,-0.47417974947407693,-1.3532477288502514,1.198718562938241,-1.4161982179154928,-1.5708541474975108,2.667412873147334,0.040534171241215985,0.20859523970614552,-0.2504790343810215,0.04193214871362747,-1.5747384162525416e-05,0.040534610308526245,-0.47417974947407693,-1.3532477288502514,1.198718562938241,-1.4161982179154928,-1.5708541474975108,2.667412873147334,nan,nan,nan,nan,nan,nan,0.03380819489456552,-8.845248157976672,-6.299207484850158,-0.963297788364007,0.0008354032685049433,-3.903001265210827e-10,28.0,28.0,14.0,6.0,6.0,6.0
1.772,1.0,0.012980452907703402,9.01834329079521e-05,-0.3708441320470681,0.059297302485260446,0.224,-0.3708441320470681,0.059297302485260446,0.224,-0.36177972726110497,0.05929615257202751,0.2147086748930514,-0.47401661755532376,-1.352412962317255,1.1977154077715584,-1.4160296848945286,-1.570854170391925,2.66757600679774,0.04094002586185806,0.208773624430633,-0.2510132620344471,0.042287975358945525,-1.560174862147418e-05,0.04094045621518074,-0.47401661755532376,-1.352412962317255,1.1977154077715584,-1.4160296848945286,-1.570854170391925,2.66757600679774,nan,nan,nan,nan,nan,nan,0.03384688123477194,-8.854805947161973,-6.299077266356957,-0.9632959882272308,0.0008345916792499722,-4.2095903832157803e-10,28.0,28.0,14.0,6.0,6.0,6.0
1.776,1.0,0.012992069315952254,9.030802243661854e-05,-0.3710339299691827,0.059326297610776964,0.224,-0.3710339299691827,0.059326297610776964,0.224,-0.36196144563518995,0.059324231758916234,0.2147003285621362,-0.47385186490148595,-1.3515774864320382,1.196710119553327,-1.4158597283317784,-1.570854192697248,2.667740761146657,0.0413448046834956,0.20895035996616113,-0.2515460221082419,0.04264398402857508,-1.5456734275467817e-05,0.04134522563847095,-0.47385186490148595,-1.3515774864320382,1.196710119553327,-1.4158597283317784,-1.570854192697248,2.667740761146657,nan,nan,nan,nan,nan,nan,0.033885235790524215,-8.864368503882481,-6.29894569749028,-0.9632941853681489,0.0008337734570621041,-4.478552084451696e-10,28.0,28.0,14.0,6.0,6.0,6.0
1.78,1.0,0.013003553886700804,9.043219232525731e-05,-0.37122381970377605,0.05935468523552434,0.224,-0.37122381970377605,0.05935468523552434,0.224,-0.36214334644902785,0.059351702459042,0.2146920780913687,-0.4736854958177861,-1.3507413077818553,1.1957027041594535,-1.4156883475141746,-1.5708542144163087,2.667907131886335,0.04174850682900486,0.20912544998075985,-0.252077312293088,0.04300016873871855,-1.5312338357128504e-05,0.04174891778526277,-0.4736854958177861,-1.3507413077818553,1.1957027041594535,-1.4156883475141746,-1.5708542144163087,2.667907131886335,nan,nan,nan,nan,nan,nan,0.03392325730092048,-8.873935737154826,-6.298812773854328,-0.9632923797724371,0.0008329485916129805,-4.71199102547294e-10,28.0,28.0,14.0,6.0,6.0,6.0
1.784,1.0,0.013014906512268574,9.055592713598162e-05,-0.37141379930637897,0.05938246506881355,0.224,-0.37141379930637897,0.05938246506881355,0.224,-0.3623254278287826,0.059378564417093264,0.21468392356229193,-0.47351751461292857,-1.3499044329393275,1.194693167475123,-1.4155155417525878,-1.5708542355519244,2.668075114705867,0.04215113143249283,0.2092988981277227,-0.25260713026374393,0.0433565235045061,-1.5168558173210253e-05,0.04215153186895494,-0.47351751461292857,-1.3499044329393275,1.194693167475123,-1.4155155417525878,-1.5708542355519244,2.668075114705867,nan,nan,nan,nan,nan,nan,0.033960944536809354,-8.88350755616352,-6.298678491039859,-0.9632905714264189,0.0008321170735708991,-4.911959461911502e-10,28.0,28.0,14.0,6.0,6.0,6.0
1.788,1.0,0.013026127085979845,9.067923844455408e-05,-0.37160386683160196,0.059409636826179356,0.224,-0.37160386683160196,0.059409636826179356,0.224,-0.36250768789920973,0.059404817383529776,0.2146758650555146,-0.4733479255990535,-1.3490668684625005,1.1936815153948623,-1.415341310381831,-1.5708542561068999,2.6682447052912153,0.04255267763966131,0.20947070804580853,-0.2531354736794849,0.04371304234023202,-1.5025391099345393e-05,0.042553067109960103,-0.4733479255990535,-1.3490668684625005,1.1936815153948623,-1.415341310381831,-1.5708542561068999,2.6682447052912153,nan,nan,nan,nan,nan,nan,0.03399829629989251,-8.89308387026141,-6.298542844624267,-0.9632887603170536,0.0008312788945628256,-5.080454842099382e-10,28.0,28.0,14.0,6.0,6.0,6.0
1.792,1.0,0.013037215502174312,9.080214020318916e-05,-0.3717940203331552,0.05943620022938318,0.224,-0.3717940203331552,0.05943620022938318,0.224,-0.36269012478366336,0.05943046111460095,0.21466790265070929,-0.4731767330916894,-1.3482286208949024,1.192667753822599,-1.415165652760662,-1.570854276084027,2.668415899325241,0.04295314460815138,0.20964088335942538,-0.25366234018452016,0.04406971925958294,-1.4882834581868372e-05,0.04295352273617159,-0.4731767330916894,-1.3482286208949024,1.192667753822599,-1.415165652760662,-1.570854276084027,2.668415899325241,nan,nan,nan,nan,nan,nan,0.03403531142186771,-8.902664588969934,-6.298405830171633,-0.9632869464319207,0.0008304340471450074,-5.219417945701794e-10,28.0,28.0,14.0,6.0,6.0,6.0
1.796,1.0,0.013048171656220268,9.092462430434537e-05,-0.3719842578638685,0.05946215500641602,0.224,-0.3719842578638685,0.05946215500641602,0.224,-0.3628727366041028,0.059455495372361514,0.21466003642660736,-0.4730039414097049,-1.3473896967656016,1.1916518886717227,-1.414988568271785,-1.5708542954860867,2.668588692487736,0.04335253150786971,0.2098094276788007,-0.25418772740839163,0.04442654827586361,-1.474088613345448e-05,0.04335289798341624,-0.4730039414097049,-1.3473896967656016,1.1916518886717227,-1.414988568271785,-1.5708542954860867,2.668588692487736,nan,nan,nan,nan,nan,nan,0.03407198876348942,-8.91224962197928,-6.298267443232712,-0.963285129759197,0.000829582524768501,-5.330731020283275e-10,28.0,28.0,14.0,6.0,6.0,6.0
1.8,1.0,0.01305899544452376,9.104668511723456e-05,-0.3721745774757113,0.059487500891501184,0.224,-0.3721745774757113,0.059487500891501184,0.224,-0.3630555214811011,0.05947991992468907,0.2146522664609972,-0.47282955487525874,-1.3465501025892617,1.1906339258651422,-1.4148100563218522,-1.5708543143158489,2.668763080455455,0.04375083752129605,0.2099763446001373,-0.2547116329663514,0.0447835234022131,-1.4599543330915372e-05,0.043751192095892476,-0.47282955487525874,-1.3465501025892617,1.1906339258651422,-1.4148100563218522,-1.5708543143158489,2.668763080455455,nan,nan,nan,nan,nan,nan,0.034108327213844124,-8.921838879148945,-6.298127679345066,-0.9632833102876491,0.0008287243217483018,-5.416217114717034e-10,28.0,28.0,14.0,6.0,6.0,6.0
1.804,1.0,0.013069686764540348,9.116836331073685e-05,-0.3723649772198123,0.05951223762509703,0.224,-0.3723649772198123,0.05951223762509703,0.224,-0.36323847753385147,0.05950373454529832,0.2146445928307213,-0.4726535778137486,-1.3457098448661982,1.1896138713353404,-1.4146301163414634,-1.5708543325760709,2.6689390589021507,0.04414806184377366,0.2101416377057531,-0.2552340544597181,0.04514063865181679,-1.4458803813412108e-05,0.04414840432659299,-0.4726535778137486,-1.3457098448661982,1.1896138713353404,-1.4146301163414634,-1.5708543325760709,2.6689390589021507,nan,nan,nan,nan,nan,nan,0.03414432568944366,-8.931432270507697,-6.29798653403306,-0.9632814880066136,0.0008278594332336915,-5.47763767999283e-10,28.0,28.0,14.0,6.0,6.0,6.0
1.808,1.0,0.01308024551478533,9.128961906555815e-05,-0.3725554551464799,0.05953636495389962,0.224,-0.3725554551464799,0.05953636495389962,0.224,-0.3634216028801771,0.05952693901375702,0.21463701561167225,-0.4724760145537593,-1.3448689300824332,1.1885917310244312,-1.4144487477851653,-1.5708543502695,2.66911662349861,0.04454420368378311,0.2103053105642111,-0.25575498947622044,0.04549788803811801,-1.4318665279862254e-05,0.04454453393771596,-0.4724760145537593,-1.3448689300824332,1.1885917310244312,-1.4144487477851653,-1.5708543502695,2.66911662349861,nan,nan,nan,nan,nan,nan,0.034179983133529886,-8.941029706254078,-6.297844002807936,-0.9632796629059828,0.0008269878551789789,-5.516692615927206e-10,28.0,28.0,14.0,6.0,6.0,6.0
1.812,1.0,0.013090671594843109,9.14104783537292e-05,-0.3727460093052217,0.059559882630845315,0.224,-0.3727460093052217,0.059559882630845315,0.224,-0.3636048956365388,0.05954953311550058,0.21462953487879163,-0.47229686942700927,-1.3440273647097507,1.1875675108842114,-1.41426595013145,-1.5708543673988724,2.66929576991269,0.04493926226319946,0.21046736673043287,-0.25627443559031515,0.04585526557501561,-1.4179125486412564e-05,0.044939580201059606,-0.47229686942700927,-1.3440273647097507,1.1875675108842114,-1.41426595013145,-1.5708543673988724,2.66929576991269,nan,nan,nan,nan,nan,nan,0.03421529851526438,-8.950631096756492,-6.297700081167859,-0.9632778349761907,0.0008261095843144514,-5.535019352242052e-10,28.0,28.0,14.0,6.0,6.0,6.0
1.816,1.0,0.013100964905378014,9.153093304217046e-05,-0.3729366377447649,0.059582790415113315,0.224,-0.3729366377447649,0.059582790415113315,0.224,-0.363788353918045,0.05957151664184544,0.21462215070606497,-0.4721161467682965,-1.3431851552057503,1.1865412168762142,-1.4140817228827531,-1.570854383966914,2.6694764938093596,0.04533323681753423,0.21062780974580245,-0.2567923903634936,0.04621276527706505,-1.4040182246400469e-05,0.04533354239840368,-0.4721161467682965,-1.3431851552057503,1.1865412168762142,-1.4140817228827531,-1.570854383966914,2.6694764938093596,nan,nan,nan,nan,nan,nan,0.03425027082903099,-8.960236352553554,-6.297554764597999,-0.9632760042082034,0.0008252246181216559,-5.534191916134175e-10,28.0,28.0,14.0,6.0,6.0,6.0
1.82,1.0,0.013111125348142363,9.165100410790107e-05,-0.37312733851307583,0.05960508807212811,0.224,-0.37312733851307583,0.05960508807212811,0.224,-0.3639719758384608,0.05959288939000348,0.21461486316652115,-0.47193385091544354,-1.3423423080139014,1.1855128549717595,-1.41389606556545,-1.5708543999763405,2.66965879085074,0.04572612659616193,0.21078664313825682,-0.25730885134456805,0.0465703811596669,-1.390183342347276e-05,0.04572641982187746,-0.47193385091544354,-1.3423423080139014,1.1855128549717595,-1.41389606556545,-1.5708543999763405,2.66965879085074,nan,nan,nan,nan,nan,nan,0.03428489909372549,-8.969845384354215,-6.297408048570549,-0.9632741705934982,0.0008243329548047731,-5.515723446226151e-10,28.0,28.0,14.0,6.0,6.0,6.0
1.824,1.0,0.013121152825986655,9.17706857980182e-05,-0.3733181096573803,0.05962677537356188,0.224,-0.3733181096573803,0.05962677537356188,0.224,-0.36415575951021745,0.05961365116309477,0.21460767233222874,-0.4717499862092413,-1.3414988295635966,1.1844824311520046,-1.4137089777298522,-1.5708544154298567,2.6698426566961464,0.04611793086253277,0.21094387042236648,-0.25782381606994403,0.04692810723925767,-1.3764076933647203e-05,0.046118211774308325,-0.4717499862092413,-1.3414988295635966,1.1844824311520046,-1.4137089777298522,-1.5708544154298567,2.6698426566961464,nan,nan,nan,nan,nan,nan,0.034319182352095176,-8.979458103038088,-6.297259928544839,-0.9632723341240582,0.0008234345932662082,-5.481062529501712e-10,28.0,28.0,14.0,6.0,6.0,6.0
1.828,1.0,0.01313104724286743,9.188998446677938e-05,-0.3735089492241836,0.059647852097336855,0.224,-0.3735089492241836,0.059647852097336855,0.224,-0.3643397030444239,0.059633801770160234,0.2146005782742934,-0.47156455699339234,-1.340654726270205,1.1834499514079924,-1.4135204589502022,-1.5708544303301586,2.6700280870021302,0.04650864889437098,0.21109949509940396,-0.2583372820638757,0.04728593753349106,-1.3626910741123658e-05,0.046508917569564316,-0.47156455699339234,-1.340654726270205,1.1834499514079924,-1.4135204589502022,-1.5708544303301586,2.6700280870021302,nan,nan,nan,nan,nan,nan,0.03435311967004007,-8.989074419655543,-6.297110399967342,-0.963270494792354,0.0008225295330827498,-5.431596018793947e-10,28.0,28.0,14.0,6.0,6.0,6.0
1.832,1.0,0.01314080850385625,9.200888712429014e-05,-0.37369985525929006,0.05966831802762756,0.224,-0.37369985525929006,0.05966831802762756,0.224,-0.3645238045508762,0.059653341026174055,0.21459358106285578,-0.47137756761445326,-1.3398100045351264,1.1824154217407004,-1.41333050882467,-1.570854444679932,2.670215077422528,0.0468982799838597,0.21125352065740266,-0.25884924683870514,0.04764386606141305,-1.349033285541135e-05,0.04689853653287668,-0.47137756761445326,-1.3398100045351264,1.1824154217407004,-1.41333050882467,-1.570854444679932,2.670215077422528,nan,nan,nan,nan,nan,nan,0.03438671013601002,-8.998694245427977,-6.2969594582717425,-0.9632686525913258,0.0008216177744801649,-5.368648760002793e-10,28.0,28.0,14.0,6.0,6.0,6.0
1.836,1.0,0.013150436515148193,9.212740976501004e-05,-0.37389082580782357,0.05968817295486305,0.224,-0.37389082580782357,0.05968817295486305,0.224,-0.3647080621380683,0.05967226875205541,0.21458668076708867,-0.47118902242177674,-1.3389646707458418,1.1813788481610867,-1.4131391269753446,-1.5708544584818531,2.670403623608504,0.047286823437812965,0.2114059505712049,-0.25935970789508717,0.048001886843638035,-1.335434133047037e-05,0.04728706800115029,-0.47118902242177674,-1.3389646707458418,1.1813788481610867,-1.4131391269753446,-1.5708544584818531,2.670403623608504,nan,nan,nan,nan,nan,nan,0.03441995286037375,-9.008317491747933,-6.296807098879062,-0.9632668075143904,0.0008206993183130074,-5.293484736696283e-10,28.0,28.0,14.0,6.0,6.0,6.0
1.84,1.0,0.013159931184068926,9.224557311057128e-05,-0.3740818589142475,0.05970741667572905,0.224,-0.3740818589142475,0.05970741667572905,0.224,-0.3648924739132041,0.05969058477467968,0.2145798774551954,-0.47099892576745206,-1.338118731275968,1.1803402366901368,-1.412946313048229,-1.5708544717385886,2.6705937212085984,0.047674278577835655,0.21155678830250257,-0.25986866272220344,0.048359993902515226,-1.3218934260946148e-05,0.04767451132325953,-0.47099892576745206,-1.338118731275968,1.1803402366901368,-1.412946313048229,-1.5708544717385886,2.6705937212085984,nan,nan,nan,nan,nan,nan,0.03445284697483271,-9.017944070179272,-6.296653317197682,-0.9632649595554149,0.0008197741660408142,-5.207307218345869e-10,28.0,28.0,14.0,6.0,6.0,6.0
1.844,1.0,0.013169292419083191,9.236334247944503e-05,-0.37427295262238436,0.05972604899317002,0.224,-0.37427295262238436,0.05972604899317002,0.224,-0.3650770379822088,0.05970828892689018,0.21457317119440622,-0.47080728200624594,-1.3372721924853088,1.1792995933589085,-1.4127520667132316,-1.5708544844527967,2.6707853658687775,0.04806064474047168,0.2117060372998686,-0.26037610879796147,0.048718181262294206,-1.3084109781901921e-05,0.048060865860331925,-0.47080728200624594,-1.3372721924853088,1.1792995933589085,-1.4127520667132316,-1.5708544844527967,2.6707853658687775,nan,nan,nan,nan,nan,nan,0.034485391631889614,-9.027573892457623,-6.296498108623371,-0.9632631087086955,0.0008188423197058598,-5.111259231570592e-10,28.0,28.0,14.0,6.0,6.0,6.0
1.848,1.0,0.01317852012980226,9.248076739639862e-05,-0.37446410497543636,0.05974406971639119,0.224,-0.37446410497543636,0.05974406971639119,0.224,-0.36526175244973935,0.05972538104750738,0.21456656205097757,-0.4706140954955423,-1.3364250607199093,1.1782569242085783,-1.41255638766416,-1.5708544966271263,2.670978553232482,0.04844592127733873,0.21185370099877218,-0.2608820435891687,0.04907644294927774,-1.2949866063587036e-05,0.04844613098601738,-0.4706140954955423,-1.3364250607199093,1.1782569242085783,-1.41255638766416,-1.5708544966271263,2.670978553232482,nan,nan,nan,nan,nan,nan,0.034517586004169876,-9.0372068704899,-6.29634146853945,-0.9632612549689751,0.0008179037819159183,-5.006426802265321e-10,28.0,28.0,14.0,6.0,6.0,6.0
1.852,1.0,0.013187614226990047,9.259779162113584e-05,-0.37465531401600505,0.059761478660860526,0.224,-0.37465531401600505,0.059761478660860526,0.224,-0.3654466154191993,0.05974186098134075,0.21456005009018858,-0.47041937059528177,-1.3355773423121062,1.1772122352904824,-1.4123592756187104,-1.570854508264217,2.6711732789406777,0.04883010755525518,0.2119997828216007,-0.26138646455171827,0.049434772991985655,-1.2816201312033711e-05,0.04883030608674231,-0.47041937059528177,-1.3355773423121062,1.1772122352904824,-1.4123592756187104,-1.570854508264217,2.6711732789406777,nan,nan,nan,nan,nan,nan,0.03454942928401741,-9.046842916355082,-6.296183392316786,-0.9632593983314063,0.0008169585558206068,-4.893836798793063e-10,28.0,28.0,14.0,6.0,6.0,6.0
1.856,1.0,0.013196574622572241,9.271447175430933e-05,-0.3748465777861115,0.059778275648310564,0.224,-0.3748465777861115,0.059778275648310564,0.224,-0.36563162499274743,0.05975772857919727,0.21455363537633976,-0.4702231116679005,-1.3347290435805814,1.1761655326661624,-1.4121607303184593,-1.5708545193666998,2.6713695386319074,0.04921320295635352,0.21214428617765946,-0.2618893691307382,0.049793165421296554,-1.2683113765675332e-05,0.049213390561955124,-0.4702231116679005,-1.3347290435805814,1.1761655326661624,-1.4121607303184593,-1.5708545193666998,2.6713695386319074,nan,nan,nan,nan,nan,nan,0.034580920682925904,-9.05648194230405,-6.29602387531391,-0.9632575387915526,0.0008160066450951546,-4.774461495403872e-10,28.0,28.0,14.0,6.0,6.0,6.0
1.86,1.0,0.01320540122964057,9.283078756604339e-05,-0.3750378943272164,0.05979446050674033,0.224,-0.3750378943272164,0.05979446050674033,0.224,-0.3658167792713138,0.05977298369789185,0.21454731797275078,-0.47002532307826866,-1.3338801708304133,1.1751168224074067,-1.411960751528854,-1.570854529937198,2.671567327942345,0.0495952068781851,0.21228721446317095,-0.262390754760742,0.05015161427059857,-1.2550601693637927e-05,0.04959538382435287,-0.47002532307826866,-1.3338801708304133,1.1751168224074067,-1.411960751528854,-1.570854529937198,2.671567327942345,nan,nan,nan,nan,nan,nan,0.034612059431029074,-9.066123860759813,-6.29586291287709,-0.9632556763453781,0.0008150480539203433,-4.649217023784324e-10,28.0,28.0,14.0,6.0,6.0,6.0
1.864,1.0,0.01321409396246155,9.294675953565425e-05,-0.37522926168024,0.05981003307041698,0.224,-0.37522926168024,0.05981003307041698,0.224,-0.36600207635461013,0.059787626200256,0.2145410979417581,-0.4698260091936285,-1.3330307303531306,1.174066110596293,-1.4117593390392011,-1.5708545399783258,2.6717666425058457,0.04997611873381411,0.2124285710612643,-0.26289061886576176,0.050510113575927454,-1.2418663392170883e-05,0.04997628530010047,-0.4698260091936285,-1.3330307303531306,1.174066110596293,-1.4117593390392011,-1.5708545399783258,2.6717666425058457,nan,nan,nan,nan,nan,nan,0.034642844776617276,-9.075768584317393,-6.295700500340346,-0.9632538109892274,0.0008140827869654377,-4.5189668392362945e-10,28.0,28.0,14.0,6.0,6.0,6.0
1.868,1.0,0.013222652736481,9.306236031689005e-05,-0.37542067788558237,0.059824993179877634,0.224,-0.37542067788558237,0.059824993179877634,0.224,-0.36618751434114494,0.0598016559551466,0.21453497534471347,-0.4696251743835322,-1.3321807284267626,1.1730134033252304,-1.4115564926626565,-1.5708545494926882,2.671967477954004,0.050355937951903226,0.21256835934196086,-0.2633889588594745,0.050868657376105395,-1.2287297184295396e-05,0.050356094429033986,-0.4696251743835322,-1.3321807284267626,1.1730134033252304,-1.4115564926626565,-1.5708545494926882,2.671967477954004,nan,nan,nan,nan,nan,nan,0.03467327598572409,-9.085416025744427,-6.2955366330257005,-0.9632519427198397,0.0008131108493693509,-4.384522315622853e-10,28.0,28.0,14.0,6.0,6.0,6.0
1.872,1.0,0.013231077468331374,9.317760082339819e-05,-0.3756121409831431,0.05983934068193088,0.224,-0.3756121409831431,0.05983934068193088,0.224,-0.36637309132823503,0.0598150728374548,0.21452895024198196,-0.469422823019779,-1.3313301713158943,1.1719587066969996,-1.4113522122362139,-1.5708545584828832,2.6721698299162067,0.05073466397678902,0.21270658266214817,-0.2638857721453132,0.05122723971287349,-1.215650141825337e-05,0.050734810664852276,-0.469422823019779,-1.3313301713158943,1.1719587066969996,-1.4113522122362139,-1.5708545584828832,2.6721698299162067,nan,nan,nan,nan,nan,nan,0.03470335234158536,-9.09506609798068,-6.295371306243029,-0.9632500715343061,0.0008121322467269671,-4.24664365750298e-10,28.0,28.0,14.0,6.0,6.0,6.0
1.8760000000000001,1.0,0.013239368075837496,9.329251095136653e-05,-0.37580364901234187,0.05985307542965842,0.224,-0.37580364901234187,0.05985307542965842,0.224,-0.36655880541202,0.05982787672811359,0.21452302269293982,-0.4692189594763527,-1.3304790652717169,1.170902026824794,-1.4111464976206918,-1.5708545669515002,2.6723736940196905,0.05111229626854917,0.2128432443655525,-0.26438105611657003,0.051585854631020465,-1.2026274462951355e-05,0.051112433475298404,-0.4692189594763527,-1.3304790652717169,1.170902026824794,-1.4111464976206918,-1.5708545669515002,2.6723736940196905,nan,nan,nan,nan,nan,nan,0.03473307314425952,-9.104718714138505,-6.295204515290328,-0.963248197430088,0.0008111469850695775,-4.10604346073866e-10,28.0,28.0,14.0,6.0,6.0,6.0
1.8800000000000001,1.0,0.013247524478022226,9.340707527990119e-05,-0.37599520001213804,0.05986619728241657,0.224,-0.37599520001213804,0.05986619728241657,0.224,-0.3667446546874757,0.05984006751410642,0.21451719275597286,-0.4690135881293582,-1.3296274165320816,1.1698433698322606,-1.4109393487007225,-1.5708545749011202,2.672579065889596,0.051488834303061275,0.21297834778270283,-0.2648748081564886,0.051944496178506896,-1.1896614708580037e-05,0.05148896234232473,-0.4690135881293582,-1.3296274165320816,1.1698433698322606,-1.4109393487007225,-1.5708545749011202,2.672579065889596,nan,nan,nan,nan,nan,nan,0.0347624377102067,-9.114373787502855,-6.295036255453719,-0.9632463204049933,0.0008101550708517792,-3.963385146740031e-10,28.0,28.0,14.0,6.0,6.0,6.0
1.8840000000000001,1.0,0.013255546595111238,9.352130695116186e-05,-0.37618679202105115,0.05987870610583766,0.224,-0.37618679202105115,0.05987870610583766,0.224,-0.366930637248429,0.0598516450884737,0.21451146048847514,-0.4688067133569585,-1.3287752313215517,1.1687827418535386,-1.4107307653847379,-1.570854582334317,2.672785941149027,0.05186427757205335,0.2131118962308889,-0.26536702563834536,0.0523031584065856,-1.1767520563014038e-05,0.05186439676225324,-0.4688067133569585,-1.3287752313215517,1.1687827418535386,-1.4107307653847379,-1.570854582334317,2.672785941149027,nan,nan,nan,nan,nan,nan,0.03479144537188125,-9.124031231531315,-6.294866522007577,-0.9632444404571747,0.0008091565109363578,-3.819288556533266e-10,28.0,28.0,14.0,6.0,6.0,6.0
1.8880000000000001,1.0,0.013263434348540028,9.363518346884181e-05,-0.3763784230771806,0.05989060177183146,0.224,-0.3763784230771806,0.05989060177183146,0.224,-0.36711675118757064,0.059862609350321075,0.21450582594684625,-0.4685983395393108,-1.327922515851457,1.1677201490333005,-1.410520747604956,-1.5708545892536554,2.672994315419108,0.05223862558314704,0.2132438930141149,-0.2658577059255236,0.05266183536992022,-1.1638990451017723e-05,0.05223873624591591,-0.4685983395393108,-1.327922515851457,1.1677201490333005,-1.410520747604956,-1.5708545892536554,2.672994315419108,nan,nan,nan,nan,nan,nan,0.0348200954773111,-9.1336909598542,-6.294695310214608,-0.9632425575851197,0.0008081513125777577,-3.674327071586562e-10,28.0,28.0,14.0,6.0,6.0,6.0
1.8920000000000001,1.0,0.013271187660958273,9.374873691776094e-05,-0.3765700912182261,0.059901884158586445,0.224,-0.3765700912182261,0.059901884158586445,0.224,-0.36730299459647003,0.05987296020482594,0.2145002891864906,-0.4683884710585032,-1.3270692763199448,1.1666555975267912,-1.4103092953173675,-1.5708545956616933,2.673204184319042,0.052611877859892756,0.21337434142304706,-0.26634684637157624,0.05302052112669575,-1.151102281215917e-05,0.052611980318793626,-0.4683884710585032,-1.3270692763199448,1.1666555975267912,-1.4103092953173675,-1.5708545956616933,2.673204184319042,nan,nan,nan,nan,nan,nan,0.034848387389768865,-9.143352886274661,-6.294522615325929,-0.9632406717876378,0.0008071394834098313,-3.5290329454287077e-10,28.0,28.0,14.0,6.0,6.0,6.0
1.8960000000000001,1.0,0.013278806456233984,9.386194244829893e-05,-0.3767617944815076,0.059912553150571084,0.224,-0.3767617944815076,0.059912553150571084,0.224,-0.3674893655655911,0.0598826975632441,0.21449485026181586,-0.4681771122984906,-1.326215518912036,1.165589093499866,-1.4100964085017216,-1.5708546015609803,2.6734155434661706,0.052984033941797896,0.213503244734955,-0.2668344443202777,0.053379209738727014,-1.1383616098990038e-05,0.05298412852113621,-0.4681771122984906,-1.326215518912036,1.165589093499866,-1.4100964085017216,-1.5708546015609803,2.6734155434661706,nan,nan,nan,nan,nan,nan,0.034876320487358975,-9.153016924768549,-6.294348432581181,-0.9632387830638586,0.0008061210314331056,-3.3838977920622674e-10,28.0,28.0,14.0,6.0,6.0,6.0
1.9000000000000001,1.0,0.013286290659459951,9.397484621118221e-05,-0.37695353090398526,0.05992260863853498,0.224,-0.37695353090398526,0.05992260863853498,0.224,-0.36767586218430476,0.05989182134291621,0.2144895092262311,-0.46796426764503124,-1.325361249799677,1.1645206431290311,-1.4098820871615103,-1.570854606954059,2.673628388476032,0.05335509338434883,0.2136306062136522,-0.2673204971056731,0.05373789527156465,-1.1256768774756913e-05,0.05335518040807508,-0.46796426764503124,-1.325361249799677,1.1645206431290311,-1.4098820871615103,-1.570854606954059,2.673628388476032,nan,nan,nan,nan,nan,nan,0.03490389416268299,-9.162682989484713,-6.294172757208631,-0.963236891413218,0.0008050959649995887,-3.2393730312457564e-10,28.0,28.0,14.0,6.0,6.0,6.0
1.9040000000000001,1.0,0.013293640196957758,9.408738557325084e-05,-0.37714529852227985,0.059932050519510026,0.224,-0.37714529852227985,0.059932050519510026,0.224,-0.36786248254090637,0.05990033146727391,0.21448426613214444,-0.4677499414856222,-1.3245064751417948,1.1634502526014816,-1.4096663313239546,-1.5708546118434632,2.6738427149624218,0.053725055759024955,0.21375642910942677,-0.2678050020521119,0.054096571794595434,-1.1130479312700212e-05,0.05372513554972709,-0.4677499414856222,-1.3245064751417948,1.1634502526014816,-1.4096663313239546,-1.5708546118434632,2.6738427149624218,nan,nan,nan,nan,nan,nan,0.034931107822509966,-9.172350994744804,-6.2939955844252635,-0.9632349968354565,0.00080406429280158,-3.0958732144391755e-10,28.0,28.0,14.0,6.0,6.0,6.0
1.9080000000000001,1.0,0.013300854996282686,9.419962784134735e-05,-0.37733709537269267,0.05994087869681145,0.224,-0.37733709537269267,0.05994087869681145,0.224,-0.368049224722628,0.05990822786584599,0.21447912103096342,-0.46753413820943585,-1.3236512010843502,1.1623779281151405,-1.4094491410399872,-1.5708546162317196,2.6740585185374517,0.054093920653307995,0.21388071665897268,-0.26828795647427933,0.054455233381141166,-1.1004746194903229e-05,0.05409399353128603,-0.46753413820943585,-1.3236512010843502,1.1623779281151405,-1.4094491410399872,-1.5708546162317196,2.6740585185374517,nan,nan,nan,nan,nan,nan,0.034957960887436544,-9.182020855043472,-6.293816909436909,-0.9632330993306091,0.0008030260238592837,-2.9537767322339017e-10,28.0,28.0,14.0,6.0,6.0,6.0
1.9120000000000001,1.0,0.013307934986227298,9.431154817810143e-05,-0.3775289194912256,0.05994909308003879,0.224,-0.3775289194912256,0.05994909308003879,0.224,-0.36823608681565606,0.05991551047426356,0.21447407397309273,-0.46731686220725555,-1.322795433760393,1.1613036758786972,-1.4092305163842376,-1.5708546201213474,2.6742757948116123,0.054461687670684086,0.21400347208531328,-0.26876935767721627,0.05481387410855049,-1.0879567908556973e-05,0.054461753953105506,-0.46731686220725555,-1.322795433760393,1.1613036758786972,-1.4092305163842376,-1.5708546201213474,2.6742757948116123,nan,nan,nan,nan,nan,nan,0.03498445279158126,-9.191692485048346,-6.293636727438318,-0.9632311988989962,0.0008019811675088463,-2.81342782092134e-10,28.0,28.0,14.0,6.0,6.0,6.0
1.9160000000000001,1.0,0.013314880096826949,9.442314772827471e-05,-0.3777207689136013,0.05995669358507683,0.224,-0.3777207689136013,0.05995669358507683,0.224,-0.3684230669051459,0.05992217923426606,0.21446912500793178,-0.46709811787141176,-1.3219391792901172,1.160227502111646,-1.4090104574550153,-1.570854623514858,2.6744945393938315,0.054828356430640386,0.21412469859772162,-0.2692492029563306,0.05517248805828841,-1.0754942947142202e-05,0.054828416430771756,-0.46709811787141176,-1.3219391792901172,1.160227502111646,-1.4090104574550153,-1.570854623514858,2.6744945393938315,nan,nan,nan,nan,nan,nan,0.035010582982259605,-9.201365799599953,-6.29345503361331,-0.963229295541223,0.0008009297333914584,-2.6751374511061103e-10,28.0,28.0,14.0,6.0,6.0,6.0
1.92,1.0,0.013321690259362702,9.453442997677234e-05,-0.3779126416752834,0.05996368013409647,0.224,-0.3779126416752834,0.05996368013409647,0.224,-0.3686101630752369,0.05992823409370583,0.2144642741838758,-0.4668779095957179,-1.3210824437809152,1.1591494130443243,-1.4087889643742932,-1.5708546264147552,2.674714747891538,0.05519392656865652,0.21424439939163922,-0.26972748959740633,0.055531069316025285,-1.0630869807281854e-05,0.055193980595169334,-0.4668779095957179,-1.3210824437809152,1.1591494130443243,-1.4087889643742932,-1.5708546264147552,2.674714747891538,nan,nan,nan,nan,nan,nan,0.035036350919698006,-9.21104071371187,-6.293271823134839,-0.9632273892581626,0.0007998717314415686,-2.539186335437053e-10,28.0,28.0,14.0,6.0,6.0,6.0
1.924,1.0,0.01332836540636693,9.464540073496345e-05,-0.37810453581149656,0.05997005265555551,0.224,-0.37810453581149656,0.05997005265555551,0.224,-0.3687973734090684,0.059933675006553465,0.21445952154831222,-0.4666562417754068,-1.3202252333274347,1.158069414917952,-1.4085660372876911,-1.5708546288235359,2.6749364159107207,0.055558397736189674,0.21436257764858735,-0.2702042148765977,0.05588961197171547,-1.0507346987668739e-05,0.055558446092533804,-0.4666562417754068,-1.3202252333274347,1.158069414917952,-1.4085660372876911,-1.5708546288235359,2.6749364159107207,nan,nan,nan,nan,nan,nan,0.035061756076757926,-9.220717142570557,-6.293087091165135,-0.9632254800509568,0.0007988071718788072,-2.405825533672995e-10,28.0,28.0,14.0,6.0,6.0,6.0
1.928,1.0,0.013334905471624785,9.475605875389721e-05,-0.3782964493572464,0.05997581108419939,0.224,-0.3782964493572464,0.05997581108419939,0.224,-0.3689846959887965,0.05993850193290233,0.21445486714762121,-0.4664331188070664,-1.319367554011633,1.1569875139846686,-1.4083416763644576,-1.5708546307436886,2.6751595390559904,0.05592176960065581,0.21447923653607884,-0.27067937606042347,0.0562481101196803,-1.0384372987139774e-05,0.055921812584499055,-0.4664331188070664,-1.319367554011633,1.1569875139846686,-1.4083416763644576,-1.5708546307436886,2.6751595390559904,nan,nan,nan,nan,nan,nan,0.03508679793864121,-9.23039500153549,-6.292900832855822,-0.9632235679210047,0.0007977360651926854,-2.2752767830660132e-10,28.0,28.0,14.0,6.0,6.0,6.0
1.932,1.0,0.013341310390180734,9.486641449038072e-05,-0.37848838034733995,0.05998095536106183,0.224,-0.37848838034733995,0.05998095536106183,0.224,-0.36917212889560835,0.05994271483897351,0.21445031102717352,-0.4662085450885761,-1.3185094119028347,1.155903716507573,-1.4081158817974528,-1.5708546321776946,2.675384112930643,0.05628404184540505,0.21459437920752403,-0.27115297040574987,0.05660655785868195,-1.0261946306048776e-05,0.05628407974813821,-0.4662085450885761,-1.3185094119028347,1.155903716507573,-1.4081158817974528,-1.5708546321776946,2.675384112930643,nan,nan,nan,nan,nan,nan,0.035111476002648065,-9.240074206139045,-6.29271304334802,-0.9632216528699599,0.0007966584221389631,-2.147736507930067e-10,28.0,28.0,14.0,6.0,6.0,6.0
1.936,1.0,0.013347580098340965,9.497646432232296e-05,-0.3786803268164055,0.0599854854334655,0.224,-0.3786803268164055,0.0599854854334655,0.224,-0.36935967020973914,0.05994631369711898,0.21444585323132903,-0.4659825250190433,-1.3176508130577875,1.1548180287607621,-1.4078886538031299,-1.570854633128028,2.6756101331367197,0.056645214169692815,0.21470800880213464,-0.2716249951597687,0.056964949291996324,-1.0140065441719593e-05,0.05664524727599126,-0.4659825250190433,-1.3176508130577875,1.1548180287607621,-1.4078886538031299,-1.570854633128028,2.6756101331367197,nan,nan,nan,nan,nan,nan,0.03513578977792378,-9.24975467208661,-6.29252371777252,-0.9632197348997286,0.0007955742537262157,-2.0233761734304688e-10,28.0,28.0,14.0,6.0,6.0,6.0
1.94,1.0,0.01335371453367619,9.50862046414721e-05,-0.378872286798913,0.05998940125502249,0.224,-0.378872286798913,0.05998940125502249,0.224,-0.36954731801048896,0.05994929848582721,0.2144414938034369,-0.46575506299873953,-1.3167917635207196,1.153730457029369,-1.4076599926215176,-1.5708546335971547,2.6758375952750706,0.05700528628864639,0.21482012844482412,-0.27209544755996845,0.057323278527480426,-1.001872888915807e-05,0.057005314876087294,-0.46575506299873953,-1.3167917635207196,1.153730457029369,-1.4076599926215176,-1.5708546335971547,2.6758375952750706,nan,nan,nan,nan,nan,nan,0.03515973878518132,-9.259436315256352,-6.292332851249837,-0.9632178140124559,0.0007944835712081635,-1.9023427377702297e-10,28.0,28.0,14.0,6.0,6.0,6.0
1.944,1.0,0.013359713635025843,9.51956715058523e-05,-0.37906425832919377,0.05999270278563482,0.224,-0.37906425832919377,0.05999270278563482,0.224,-0.36973507037623776,0.05995166918972552,0.2144372327858343,-0.46552616342903724,-1.315932269323397,1.1526410076096016,-1.407429898516201,-1.5708546335875337,2.6760664949454145,0.05736425793322721,0.2149307412461066,-0.27256432483410026,0.057681539677638935,-9.8979351390472e-06,0.057364282271961525,-0.46552616342903724,-1.315932269323397,1.1526410076096016,-1.407429898516201,-1.5708546335875337,2.6760664949454145,nan,nan,nan,nan,nan,nan,0.03518332255648058,-9.26911905169935,-6.292140438890367,-0.9632158902105167,0.0007933863860731352,-1.7847614127749565e-10,28.0,28.0,14.0,6.0,6.0,6.0
1.948,1.0,0.013365577342502212,9.530482858036528e-05,-0.3792562394414611,0.05999538999149486,0.224,-0.3792562394414611,0.05999538999149486,0.224,-0.3699229253844629,0.059953425799585125,0.21443307021984345,-0.4652958307123466,-1.3150723364851808,1.1515496868087827,-1.4071983717743033,-1.570854633101616,2.676296827746403,0.057722128850188646,0.21503985030199094,-0.2730316242001348,0.05803972685968608,-9.777682677732754e-06,0.05772214920266159,-0.4652958307123466,-1.3150723364851808,1.1515496868087827,-1.4071983717743033,-1.570854633101616,2.676296827746403,nan,nan,nan,nan,nan,nan,0.035206540635033826,-9.278802797639543,-6.29194647579455,-0.9632139634965246,0.0007922827100385379,-1.6707366644768323e-10,28.0,28.0,14.0,6.0,6.0,6.0
1.952,1.0,0.013371305597491485,9.541369554566897e-05,-0.37944822816983004,0.05999746284508563,0.224,-0.37944822816983004,0.05999746284508563,0.224,-0.37011088111175583,0.059954568312323604,0.21442900614577362,-0.4650640692520523,-1.314211971013087,1.1504565009453882,-1.4069654127064664,-1.5708546321418455,2.6765285892756814,0.0580788988020305,0.21514745869387367,-0.27349734286621646,0.05839783419560315,-9.657969985117739e-06,0.05807891542274843,-0.4650640692520523,-1.314211971013087,1.1504565009453882,-1.4069654127064664,-1.5708546321418455,2.6765285892756814,nan,nan,nan,nan,nan,nan,0.035229392574915384,-9.288487469473523,-6.2917509570529395,-0.9632120338733106,0.000791172555039701,-1.560352933380189e-10,28.0,28.0,14.0,6.0,6.0,6.0
1.956,1.0,0.01337689834265905,9.552227339367783e-05,-0.3796402225483377,0.05999892132518113,0.224,-0.3796402225483377,0.05999892132518113,0.224,-0.37029893563383764,0.05995509673100875,0.21442504060291792,-0.4648308834524508,-1.3133511789018435,1.1493614563490873,-1.4067310216468318,-1.570854630710658,2.6767617751299504,0.05843456756694932,0.21525356948843022,-0.2739614780306107,0.05875585581219626,-9.538795534344403e-06,0.05843458070229114,-0.4648308834524508,-1.3133511789018435,1.1493614563490873,-1.4067310216468318,-1.570854630710658,2.6767617751299504,nan,nan,nan,nan,nan,nan,0.03525187794092018,-9.298172983770687,-6.291553877746395,-0.9632101013439289,0.0007900559332238296,-1.4536764062824543e-10,28.0,28.0,14.0,6.0,6.0,6.0
1.96,1.0,0.013382355521951174,9.563055382157282e-05,-0.37983222061096333,0.05999976541684654,0.224,-0.37983222061096333,0.05999976541684654,0.224,-0.3704870870255768,0.05995501106486138,0.21442117362955376,-0.4645962777186876,-1.31248996613395,1.1482645593607819,-1.4064951989530217,-1.5708546288104819,2.6769963809050297,0.058789134938785195,0.2153581857375018,-0.27442402688164425,0.05911378584114441,-9.420157790486035e-06,0.058789144826854746,-0.4645962777186876,-1.31248996613395,1.1482645593607819,-1.4064951989530217,-1.5708546288104819,2.6769963809050297,nan,nan,nan,nan,nan,nan,0.03527399630831003,-9.307859257273064,-6.291355232946206,-0.9632081659116484,0.0007889328569412703,-1.3507564314044626e-10,28.0,28.0,14.0,6.0,6.0,6.0
1.964,1.0,0.013387677080598227,9.573855407346977e-05,-0.3800242203916484,0.059999995111438366,0.224,-0.3800242203916484,0.059999995111438366,0.224,-0.370675333361006,0.059954311329258575,0.2144174052629412,-0.4643602564566949,-1.3116283386797385,1.1471658163326461,-1.4062579450061181,-1.5708546264437377,2.6772324021959184,0.059142600726965075,0.21546131047798173,-0.27488498659764293,0.059471618419052956,-9.302055210026207e-06,0.0591426075974809,-0.4643602564566949,-1.3116283386797385,1.1471658163326461,-1.4062579450061181,-1.5708546264437377,2.6772324021959184,nan,nan,nan,nan,nan,nan,0.03529574726263128,-9.317546206895182,-6.291155017714187,-0.9632062275799415,0.0007878033387387326,-1.2516259942467297e-10,28.0,28.0,14.0,6.0,6.0,6.0
1.968,1.0,0.01339286296511753,9.58462750964815e-05,-0.3802162199243169,0.05999961040660454,0.224,-0.3802162199243169,0.05999961040660454,0.224,-0.370863672713339,0.05995299754573615,0.21441373553932258,-0.4641228240731292,-1.3107663024974312,1.1460652336281667,-1.4060192602106445,-1.5708546236128393,2.677469834596858,0.05949496475644306,0.21556294673169996,-0.2753443543468615,0.05982934768749648,-9.184486240324848e-06,0.05949496883066477,-0.4641228240731292,-1.3107663024974312,1.1460652336281667,-1.4060192602106445,-1.5708546236128393,2.677469834596858,nan,nan,nan,nan,nan,nan,0.03531713039953417,-9.327233749724137,-6.290953227102897,-0.9632042863524901,0.0007866673913524054,-1.1563044896084539e-10,28.0,28.0,14.0,6.0,6.0,6.0
1.972,1.0,0.013397913123316538,9.595371783102456e-05,-0.3804082172428953,0.059998611306284436,0.224,-0.3804082172428953,0.059998611306284436,0.224,-0.37105210315498716,0.05995106974199182,0.21441016449392125,-0.46388398497530964,-1.3099038635332036,1.1449628176221835,-1.4057791449945445,-1.5708546203201916,2.677708673701393,0.05984622686763732,0.21566309750530452,-0.27580212728741016,0.06018696779306196,-9.067449316944045e-06,0.059846228358322345,-0.46388398497530964,-1.3099038635332036,1.1449628176221835,-1.4057791449945445,-1.5708546203201916,2.677708673701393,nan,nan,nan,nan,nan,nan,0.035338145324574535,-9.336921803019381,-6.290749856155704,-0.9632023422331677,0.0007855250276997931,-1.0647956525438644e-10,28.0,28.0,14.0,6.0,6.0,6.0
1.976,1.0,0.013402827504294295,9.606089014537985e-05,-0.3806002103813326,0.05999699782070883,0.224,-0.3806002103813326,0.05999699782070883,0.224,-0.3712406227575778,0.05994852795188618,0.2144066921609416,-0.4636437435711559,-1.3090410277212436,1.1438585747009307,-1.4055375998091624,-1.5708546165681925,2.6779489151024336,0.06019638691636406,0.21576176579014172,-0.27625830256717404,0.060544472887388595,-8.950942865473613e-06,0.060196386027759306,-0.4636437435711559,-1.3090410277212436,1.1438585747009307,-1.4055375998091624,-1.5708546165681925,2.6779489151024336,nan,nan,nan,nan,nan,nan,0.03535879165304742,-9.34661028421277,-6.290544899907014,-0.9632003952260488,0.0007843762608744319,-9.770930812418592e-11,28.0,28.0,14.0,6.0,6.0,6.0
1.98,1.0,0.013407606058445175,9.616778370792442e-05,-0.38079219737362097,0.059994769966399804,0.224,-0.38079219737362097,0.059994769966399804,0.224,-0.3714292295919707,0.059945372215446956,0.21440331857356743,-0.46340210426912715,-1.3081778009838132,1.1427525112620773,-1.4052946251292227,-1.5708546123592315,2.6781905543923163,0.060545444773768636,0.21585895456213444,-0.27671287732372973,0.06090185712720295,-8.83496529885218e-06,0.06054544170162469,-0.46340210426912715,-1.3081778009838132,1.1427525112620773,-1.4052946251292227,-1.5708546123592315,2.6781905543923163,nan,nan,nan,nan,nan,nan,0.03537906900983179,-9.356299110908417,-6.290338353382402,-0.9631984453354017,0.0007832211041394213,-8.931764621392718e-11,28.0,28.0,14.0,6.0,6.0,6.0
1.984,1.0,0.013412248737460842,9.627440405989797e-05,-0.3809841762538151,0.05999192776617056,0.224,-0.3809841762538151,0.05999192776617056,0.224,-0.3716179217282752,0.05994160257886942,0.21440004376396193,-0.4631590714781608,-1.307314189231312,1.1416446337147685,-1.4050502214528102,-1.5708546076956913,2.678433587162866,0.06089340032625417,0.2159546667816587,-0.27716584868425664,0.06125911467435351,-8.719515018201689e-06,0.06089339525787072,-0.4631590714781608,-1.307314189231312,1.1416446337147685,-1.4050502214528102,-1.5708546076956913,2.678433587162866,nan,nan,nan,nan,nan,nan,0.035398977029174106,-9.365988200882414,-6.290130211598668,-0.9631964925656631,0.0007820595709194201,-8.130165937525139e-11,28.0,28.0,14.0,6.0,6.0,6.0
1.988,1.0,0.013416755494331922,9.638074750035614e-05,-0.38117614505605296,0.05998847124912521,0.224,-0.38117614505605296,0.05998847124912521,0.224,-0.3718066972358687,0.05993721909451964,0.21439686776326713,-0.4629146496076116,-1.306450198362338,1.1405349484796679,-1.4048043893013478,-1.5708546025799455,2.6786780090054556,0.06124025347540728,0.21604890539341975,-0.2776172137654424,0.061616239695839924,-8.604590411112904e-06,0.061240246589698275,-0.4629146496076116,-1.306450198362338,1.1405349484796679,-1.4048043893013478,-1.5708546025799455,2.6786780090054556,nan,nan,nan,nan,nan,nan,0.03541851535460716,-9.375677472083018,-6.289920469564148,-0.9631945369214672,0.0007808916747981942,-7.365736893154038e-11,28.0,28.0,14.0,6.0,6.0,6.0
1.992,1.0,0.013421126283351952,9.648684025913675e-05,-0.3813681018145757,0.059984400450658455,0.224,-0.3813681018145757,0.059984400450658455,0.224,-0.37199555418341257,0.059932221820934876,0.21439379060160257,-0.462668843067191,-1.3055858342637516,1.1394234619889994,-1.4045571292195778,-1.5708545970143608,2.678923815511069,0.06158600413792182,0.21614167332632542,-0.27806696967338573,0.06197322636384,-8.49018985145607e-06,0.06158599560550428,-0.462668843067191,-1.3055858342637516,1.1394234619889994,-1.4045571292195778,-1.5708545970143608,2.678923815511069,nan,nan,nan,nan,nan,nan,0.035437683638711276,-9.385366842630354,-6.2897091222787695,-0.9631925784076154,0.0007797174295083874,-6.63799481265662e-11,28.0,28.0,14.0,6.0,6.0,6.0
1.996,1.0,0.013425361060117455,9.659265787574891e-05,-0.38156004456374787,0.05997971541245524,0.224,-0.38156004456374787,0.05997971541245524,0.224,-0.3721844906388723,0.0599266108228268,0.2143908123080653,-0.46242165626690707,-1.3047211028107382,1.13831018068659,-1.4043084417755398,-1.5708545910012952,2.6791710022703596,0.0619306522455194,0.21623297349335838,-0.2785151135034938,0.06233006885573632,-8.376311698738332e-06,0.06193064222882117,-0.46242165626690707,-1.3047211028107382,1.13831018068659,-1.4043084417755398,-1.5708545910012952,2.6791710022703596,nan,nan,nan,nan,nan,nan,0.03545648154306244,-9.395056230816333,-6.289496164734249,-0.9631906170290859,0.0007785368489301489,-5.946375384047798e-11,28.0,28.0,14.0,6.0,6.0,6.0
2.0,1.0,0.013429459781532269,9.669820584599153e-05,-0.3817519713380773,0.0599744161824903,0.224,-0.3817519713380773,0.0599744161824903,0.224,-0.37237350466953184,0.05992038617108156,0.21438793291072927,-0.46217309361700465,-1.303856009866873,1.1371951110279126,-1.4040583275605505,-1.5708545845430992,2.679419564873713,0.062274197744869066,0.21632280879144805,-0.2789616423403754,0.0626867613541339,-8.262954298027082e-06,0.06227418639825473,-0.46217309361700465,-1.303856009866873,1.1371951110279126,-1.4040583275605505,-1.5708545845430992,2.679419564873713,nan,nan,nan,nan,nan,nan,0.035474908738022226,-9.40474555510461,-6.289281591914254,-0.963188652791021,0.0007773499470830014,-5.2902481103042804e-11,28.0,28.0,14.0,6.0,6.0,6.0
2.004,1.0,0.013433422405808302,9.68035079895408e-05,-0.38194388017223563,0.05996850281502773,0.224,-0.38194388017223563,0.05996850281502773,0.224,-0.37256259434201366,0.05991354794276214,0.2143851524366445,-0.4619231595279055,-1.3029905612841857,1.1360782594801297,-1.4038067871891822,-1.570854577642115,2.679669498911305,0.06261664059750334,0.2164111821013391,-0.2794065532577292,0.06304329804688191,-8.150115978607308e-06,0.062616628067415,-0.4619231595279055,-1.3029905612841857,1.1360782594801297,-1.4038067871891822,-1.570854577642115,2.679669498911305,nan,nan,nan,nan,nan,nan,0.03549296490260144,-9.414434734130253,-6.289065398794569,-0.9631866856987333,0.0007761567381218997,-4.668915202830156e-11,28.0,28.0,14.0,6.0,6.0,6.0
2.008,1.0,0.013437248892467061,9.690855594263416e-05,-0.3821357691010779,0.05996197537062035,0.224,-0.3821357691010779,0.05996197537062035,0.224,-0.37275175772229624,0.05990609622110877,0.2143824709118374,-0.46167185841014924,-1.3021247629032244,1.1349596325221374,-1.4035538212992413,-1.5708545703006769,2.6799207999731616,0.06295798077973352,0.21649809628746286,-0.27984984331823176,0.06339967312708845,-8.037795054706906e-06,0.06295796720484652,-0.46167185841014924,-1.3021247629032244,1.1349596325221374,-1.4035538212992413,-1.5708545703006769,2.6799207999731616,nan,nan,nan,nan,nan,nan,0.03551064972440231,-9.42412368669987,-6.288847580343251,-0.9631847157576913,0.0007749572363323966,-4.0816236726646076e-11,28.0,28.0,14.0,6.0,6.0,6.0
2.012,1.0,0.013440939202343277,9.70133367981701e-05,-0.38232763615966325,0.05995483391610912,0.224,-0.38232763615966325,0.05995483391610912,0.224,-0.3729409928757317,0.05989803109554091,0.21437988836130858,-0.46141919467433434,-1.3012586205531225,1.133839236644609,-1.403299430551749,-1.5708545625211103,2.6801734636492203,0.0632982182825624,0.21658355419780212,-0.2802915095734139,0.06375588079313005,-7.925989823835147e-06,0.06329820379395337,-0.46141919467433434,-1.3012586205531225,1.133839236644609,-1.403299430551749,-1.5708545625211103,2.6801734636492203,nan,nan,nan,nan,nan,nan,0.03552796289941021,-9.433812331791263,-6.288628131520843,-0.963182742973524,0.0007737514561245652,-3.5275679750923304e-11,28.0,28.0,14.0,6.0,6.0,6.0
2.016,1.0,0.013444493297584886,9.711787657042338e-05,-0.38251947938327463,0.05994707852462248,0.224,-0.38251947938327463,0.05994707852462248,0.224,-0.37313029786706337,0.05988935266165734,0.2143774048090348,-0.4611651727310598,-1.3003921400516638,1.132717078350041,-1.4030436156309185,-1.5708545543057333,2.6804274855293886,0.06363735311159538,0.21666755866376014,-0.2807315490635414,0.06411191524866477,-7.814698567735411e-06,0.06363733783292214,-0.4611651727310598,-1.3003921400516638,1.132717078350041,-1.4030436156309185,-1.5708545543057333,2.6804274855293886,nan,nan,nan,nan,nan,nan,0.0355449041319115,-9.443500588553386,-6.288407047280513,-0.9631807673520137,0.0007725394120298802,-3.005903639436229e-11,28.0,28.0,14.0,6.0,6.0,6.0
2.02,1.0,0.013447911141656853,9.722216004986003e-05,-0.3827112968074392,0.059938709275575576,0.224,-0.3827112968074392,0.059938709275575576,0.224,-0.37331967076044403,0.05988006102123735,0.21437502027796612,-0.46090979699086665,-1.2995253272053497,1.131593164152798,-1.4027863772441347,-1.5708545456568554,2.6806828612036013,0.0639753852869499,0.21675011250002552,-0.281169958817488,0.06446777070263883,-7.70391955052917e-06,0.06397536933463986,-0.46090979699086665,-1.2995253272053497,1.131593164152798,-1.4027863772441347,-1.5708545456568554,2.6806828612036013,nan,nan,nan,nan,nan,nan,0.035561473134385145,-9.453188376306148,-6.288184322568232,-0.963178788899089,0.0007713211186955919,-2.515746312296273e-11,28.0,28.0,14.0,6.0,6.0,6.0
2.024,1.0,0.013451192699339946,9.7326194904664e-05,-0.38290308646794813,0.05992972625466944,0.224,-0.38290308646794813,0.05992972625466944,0.224,-0.37350910961945466,0.05987015628224132,0.21437273479002839,-0.4606530718641804,-1.2986581878094665,1.130467500579158,-1.4025277161219323,-1.5708545365767774,2.6809395862618817,0.06431231484316331,0.21683121850443732,-0.2816067358526033,0.06482344136928901,-7.5936510196306255e-06,0.06431229832661091,-0.4606530718641804,-1.2986581878094665,1.130467500579158,-1.4025277161219323,-1.5708545365767774,2.6809395862618817,nan,nan,nan,nan,nan,nan,0.035577669627373354,-9.462875614540257,-6.287959952322986,-0.9631768076208304,0.0007700965908816815,-2.0561827885534365e-11,28.0,28.0,14.0,6.0,6.0,6.0
2.028,1.0,0.01345433793673605,9.742997281520345e-05,-0.383094846400877,0.059920129553890145,0.224,-0.383094846400877,0.059920129553890145,0.224,-0.37369861250712116,0.05985963855881167,0.21437054836611952,-0.46039500176125336,-1.2977907276481526,1.1293400941673593,-1.4022676330179755,-1.5708545270677918,2.681197656294397,0.0646481418290993,0.21691087945784984,-0.2820418771745813,0.06517892146814644,-7.483891205123674e-06,0.06464812485086985,-0.46039500176125336,-1.2977907276481526,1.1293400941673593,-1.4022676330179755,-1.5708545270677918,2.681197656294397,nan,nan,nan,nan,nan,nan,0.03559349333936232,-9.472562222917023,-6.287733931476918,-0.9631748235234586,0.0007688658434555327,-1.626270477090702e-11,28.0,28.0,14.0,6.0,6.0,6.0
2.032,1.0,0.013457346821266893,9.753352875063361e-05,-0.38328657464260574,0.05990991927150779,0.224,-0.38328657464260574,0.05990991927150779,0.224,-0.3738881774859338,0.05984850797127238,0.21436846102611187,-0.4601355910921077,-1.2969229524944672,1.1282109514676475,-1.4020061287090357,-1.5708545171321828,2.68145706689152,0.0649828663078526,0.21698909812399633,-0.2824753797773224,0.0655342052240342,-7.374638319009237e-06,0.0649828489638927,-0.4601355910921077,-1.2969229524944672,1.1282109514676475,-1.4020061287090357,-1.5708545171321828,2.68145706689152,nan,nan,nan,nan,nan,nan,0.03560894400675668,-9.482248121268414,-6.287506254955548,-0.9631728366133314,0.0007676288913875302,-1.2250512288050503e-11,28.0,28.0,14.0,6.0,6.0,6.0
2.036,1.0,0.013460219321676481,9.76368247560429e-05,-0.3834782692298389,0.059899095512075604,0.224,-0.3834782692298389,0.059899095512075604,0.224,-0.3740778026178653,0.0598367646461302,0.2143664727888508,-0.4598748442664788,-1.296054868110459,1.1270800790423232,-1.4017432039949713,-1.5708545067722262,2.6817178136438815,0.06531648835665245,0.21706587724934867,-0.282907240642788,0.0658892868670606,-7.265890555301508e-06,0.06531647073650378,-0.4598748442664788,-1.296054868110459,1.1270800790423232,-1.4017432039949713,-1.5708545067722262,2.6817178136438815,nan,nan,nan,nan,nan,nan,0.035624021373653364,-9.49193322959646,-6.287276917677962,-0.9631708468969512,0.0007663857497491481,-8.515420183037682e-12,28.0,28.0,14.0,6.0,6.0,6.0
2.04,1.0,0.013462955408033075,9.773989573241892e-05,-0.38366992819962553,0.05988765838642878,0.224,-0.38366992819962553,0.05988765838642878,0.224,-0.3742674859643877,0.059824408716074313,0.21436458367215497,-0.4596127656937587,-1.295186480247235,1.1259474834657899,-1.4014788596987062,-1.5708544959901884,2.6819798921424334,0.06564900806676542,0.21714121956298435,-0.2833374567408645,0.06624416063261795,-7.157646090651378e-06,0.0656489902537842,-0.4596127656937587,-1.295186480247235,1.1259474834657899,-1.4014788596987062,-1.5708544959901884,2.6819798921424334,nan,nan,nan,nan,nan,nan,0.03563872519184657,-9.501617468073475,-6.287045914557001,-0.9631688543809529,0.0007651364337070122,-5.047623686687081e-12,28.0,28.0,14.0,6.0,6.0,6.0
2.044,1.0,0.013465555051730315,9.784272196629368e-05,-0.38386154958937946,0.05987560801168338,0.224,-0.38386154958937946,0.05987560801168338,0.224,-0.3744572255864928,0.0598114403199768,0.21436279369281477,-0.4593493597829406,-1.2943177946450324,1.124813171324602,-1.401213096666209,-1.5708544847883281,2.6822432979785007,0.06598042554339595,0.2172151277764449,-0.28376602502921083,0.06659882076136933,-7.049903083414368e-06,0.06598040761497188,-0.4593493597829406,-1.2943177946450324,1.124813171324602,-1.401213096666209,-1.5708544847883281,2.6822432979785007,nan,nan,nan,nan,nan,nan,0.035653055220705845,-9.511300757041626,-6.28681324049941,-0.9631668590720953,0.0007638809585216575,-1.8370824039902153e-12,28.0,28.0,14.0,6.0,6.0,6.0
2.048,1.0,0.01346801822548834,9.794531329658938e-05,-0.38405313143689934,0.05986294451123515,0.224,-0.38405313143689934,0.05986294451123515,0.224,-0.3746470195447088,0.059797859602892044,0.21436110286659393,-0.459084630942563,-1.2934488170332858,1.123677149217515,-1.4009459157664705,-1.5708544731688947,2.682508026743841,0.06631074090558668,0.21728760458359753,-0.2841929424531077,0.06695326149923825,-6.942659672217063e-06,0.06631072293336694,-0.459084630942563,-1.2934488170332858,1.123677149217515,-1.4009459157664705,-1.5708544731688947,2.682508026743841,nan,nan,nan,nan,nan,nan,0.035667011227085654,-9.520983017012897,-6.286578890406121,-0.963164860977275,0.0007626193395407156,1.1261366790118354e-12,28.0,28.0,14.0,6.0,6.0,6.0
2.052,1.0,0.013470344903354919,9.804767272533364e-05,-0.3842446717803887,0.0598496680147582,0.224,-0.3842446717803887,0.0598496680147582,0.224,-0.37483686589911996,0.05978366671605698,0.21435951120822833,-0.4588185835806548,-1.2925795531307012,1.1225394237555355,-1.4006773178914849,-1.5708544611341289,2.6827740740306973,0.06663995428611735,0.2173586526604958,-0.2846182059453055,0.0673074770973931,-6.835913978799916e-06,0.06663993633622835,-0.4588185835806548,-1.2925795531307012,1.1225394237555355,-1.4006773178914849,-1.5708544611341289,2.6827740740306973,nan,nan,nan,nan,nan,nan,0.035680592985261717,-9.53066416866884,-6.286342859172386,-0.9631628601035083,0.0007613515921994771,3.852083291474065e-12,28.0,28.0,14.0,6.0,6.0,6.0
2.056,1.0,0.013472535060707965,9.814980776497904e-05,-0.38443616865847613,0.05983577865820377,0.224,-0.38443616865847613,0.05983577865820377,0.224,-0.37502676270938373,0.05976886181689044,0.21435801873142565,-0.45855122210468047,-1.2917100086453268,1.1214000015619705,-1.4004073039562266,-1.5708544486862626,2.683041435431857,0.06696806583140269,0.21742827466523829,-0.28504181242586424,0.06766146181222848,-6.7296641043948075e-06,0.06696804796467438,-0.45855122210468047,-1.2917100086453268,1.1214000015619705,-1.4004073039562266,-1.5708544486862626,2.683041435431857,nan,nan,nan,nan,nan,nan,0.035693800276787646,-9.540344132860199,-6.286105141687993,-0.9631608564579344,0.0007600777320145084,6.350683806877385e-12,28.0,28.0,14.0,6.0,6.0,6.0
2.06,1.0,0.013474588674254799,9.82517032956029e-05,-0.38462762011023527,0.05982127658379873,0.224,-0.38462762011023527,0.05982127658379873,0.224,-0.3752167080347511,0.05975344506899347,0.21435662544886588,-0.45828255092148573,-1.2908401892746237,1.1202588892724796,-1.4001358748986312,-1.570854435827518,2.6833101065407043,0.0672950757013899,0.2174964732378312,-0.2854637588019991,0.06801520990535084,-6.623908133480028e-06,0.0672950579735774,-0.45828255092148573,-1.2908401892746237,1.1202588892724796,-1.4001358748986312,-1.570854435827518,2.6833101065407043,nan,nan,nan,nan,nan,nan,0.035706632890510966,-9.550022830607052,-6.285865732837507,-0.9631588500478171,0.000758797774582605,8.631939580980384e-12,28.0,28.0,14.0,6.0,6.0,6.0
2.064,1.0,0.013476505722035369,9.835337586495519e-05,-0.3848190241752049,0.05980616194004419,0.224,-0.3848190241752049,0.05980616194004419,0.224,-0.3754066999340829,0.05973741664214788,0.21435533137220072,-0.4580125744372439,-1.2899701007055404,1.119116093535126,-1.3998630316795735,-1.5708544225601095,2.683580082951277,0.06762098406945465,0.21756325100004478,-0.2858840419679123,0.06836871564354942,-6.51864413033355e-06,0.06762096653146141,-0.4580125744372439,-1.2899701007055404,1.119116093535126,-1.3998630316795735,-1.5708544225601095,2.683580082951277,nan,nan,nan,nan,nan,nan,0.0357190906224364,-9.559700183098348,-6.285624627500431,-0.9631568408805328,0.0007575117355765968,1.0705605822915376e-11,28.0,28.0,14.0,6.0,6.0,6.0
2.068,1.0,0.013478286183421492,9.845482841907473e-05,-0.3850103788934091,0.05979043488171398,0.224,-0.3850103788934091,0.05979043488171398,0.224,-0.37559673646587044,0.059720776712316466,0.21435413651205396,-0.4577412970574023,-1.2890997486145856,1.1179716210104305,-1.3995887752828473,-1.5708544088862417,2.6838513602583203,0.06794579112229661,0.2176286105552726,-0.28630265880462896,0.06872197329877555,-6.4138701407039464e-06,0.0679457738203922,-0.4577412970574023,-1.2890997486145856,1.1179716210104305,-1.3995887752828473,-1.5708544088862417,2.6838513602583203,nan,nan,nan,nan,nan,nan,0.03573117327562259,-9.56937611169168,-6.285381820551466,-0.9631548289635792,0.0007562196307421181,1.2581475562350069e-11,28.0,28.0,14.0,6.0,6.0,6.0
2.072,1.0,0.013479930039119627,9.855606389038309e-05,-0.3852016823053772,0.05977409556985304,0.224,-0.3852016823053772,0.05977409556985304,0.224,-0.37578681568825256,0.059703525461641815,0.21435304087802076,-0.457468723186629,-1.2882291386679015,1.1168254783714222,-1.3993131067151447,-1.5708543948081102,2.6841239340573395,0.06826949705983432,0.2176925544883923,-0.28671960617983205,0.06907497714811606,-6.309584191636528e-06,0.068269480035873,-0.457468723186629,-1.2882291386679015,1.1168254783714222,-1.3993131067151447,-1.5708543948081102,2.6841239340573395,nan,nan,nan,nan,nan,nan,0.035742880660234996,-9.579050537913302,-6.28513730686066,-0.9631528143045585,0.0007549214758963417,1.4269103812932365e-11,28.0,28.0,14.0,6.0,6.0,6.0
2.076,1.0,0.013481437271171078,9.865706269111071e-05,-0.385392932452164,0.05975714417177578,0.224,-0.385392932452164,0.05975714417177578,0.224,-0.37597693565903517,0.05968566307844545,0.2143520444786678,-0.45719485722876074,-1.2873582765213387,1.1156776723036945,-1.3990360270060354,-1.5708543803279014,2.6843977999446555,0.068592102095099,0.2177550853656198,-0.2871348809476829,0.0694277214737581,-6.205784290038244e-06,0.06859208538673305,-0.45719485722876074,-1.2873582765213387,1.1156776723036945,-1.3990360270060354,-1.5708543803279014,2.6843977999446555,nan,nan,nan,nan,nan,nan,0.03575421259333301,-9.588723383457545,-6.284891081293701,-0.9631507969111909,0.0007536172869243109,1.5777901016902204e-11,28.0,28.0,14.0,6.0,6.0,6.0
2.08,1.0,0.013482807862951732,9.875784578275166e-05,-0.38558412737536957,0.059739580861064366,0.224,-0.38558412737536957,0.059739580861064366,0.224,-0.37616709443571056,0.059667189757227346,0.21435114732153426,-0.45691970358675016,-1.2864871678205314,1.1145282095054578,-1.3987575372079462,-1.5708543654477924,2.684672953517455,0.06891360645412864,0.21781620573437172,-0.2875484799486564,0.06978020056296443,-6.102468424968569e-06,0.06891359009501835,-0.45691970358675016,-1.2864871678205314,1.1145282095054578,-1.3987575372079462,-1.5708543654477924,2.684672953517455,nan,nan,nan,nan,nan,nan,0.03576516889891966,-9.598394570186942,-6.2846431387120845,-0.963148776791301,0.0007523070797757868,1.7117194235533205e-11,28.0,28.0,14.0,6.0,6.0,6.0
2.084,1.0,0.013484041799175842,9.88584183172062e-05,-0.3857752651171596,0.05972140581756694,0.224,-0.3857752651171596,0.05972140581756694,0.224,-0.3763572900754738,0.05964810569866438,0.21435034941313036,-0.45664326666261446,-1.2856158182009725,1.1133770966875967,-1.398477638396142,-1.5708543501699506,2.6849493903738475,0.06923401037586052,0.21787591812312007,-0.28796040000935785,0.07013240870803356,-5.999634566932404e-06,0.0692339943958824,-0.45664326666261446,-1.2856158182009725,1.1133770966875967,-1.398477638396142,-1.5708543501699506,2.6849493903738475,nan,nan,nan,nan,nan,nan,0.035775749407834664,-9.60806402013171,-6.284393473973327,-0.9631467539528173,0.0007509908704642534,1.8295992149743405e-11,28.0,28.0,14.0,6.0,6.0,6.0
2.088,1.0,0.013485139065894644,9.895877420501947e-05,-0.3859663437202853,0.05970261922739581,0.224,-0.3859663437202853,0.05970261922739581,0.224,-0.37654752063524427,0.059628411109609834,0.21434965075893778,-0.4563655508573837,-1.2847442332880892,1.1122243405737233,-1.3981963316687038,-1.5708543344965347,2.685227106112914,0.06955331411202405,0.2179342250412513,-0.28837063794234563,0.07048434020626346,-5.897280666825055e-06,0.06955329853747194,-0.4563655508573837,-1.2847442332880892,1.1122243405737233,-1.3981963316687038,-1.5708543344965347,2.685227106112914,nan,nan,nan,nan,nan,nan,0.035785953957686606,-9.617731655489742,-6.284142081931276,-0.9631447284037806,0.0007496686750634936,1.9323168994142012e-11,28.0,28.0,14.0,6.0,6.0,6.0
2.092,1.0,0.013486099650497876,9.905891186310011e-05,-0.38615736122810346,0.05968322128292547,0.224,-0.38615736122810346,0.05968322128292547,0.224,-0.37673778417168263,0.059608106203091246,0.2143490513634104,-0.45608656057105024,-1.2838724186973212,1.1110699479002368,-1.3979136181465106,-1.570854318429693,2.685506096334757,0.06987151792703243,0.21799112897892314,-0.2887791905459499,0.07083598935991296,-5.795404655842978e-06,0.06987150278081561,-0.45608656057105024,-1.2838724186973212,1.1110699479002368,-1.3979136181465106,-1.570854318429693,2.685506096334757,nan,nan,nan,nan,nan,nan,0.03579578239282896,-9.627397398626195,-6.2838889574362335,-0.9631427001523264,0.0007483405097048727,2.0207436364628985e-11,28.0,28.0,14.0,6.0,6.0,6.0
2.096,1.0,0.013486923541714891,9.915884314901025e-05,-0.38634831568459643,0.05966321218279072,0.224,-0.38634831568459643,0.05966321218279072,0.224,-0.37692807874121015,0.05958719119831007,0.2143485512299737,-0.4558063002025181,-1.2830003800341965,1.1099139254163781,-1.397629498973218,-1.5708543019715648,2.685786356640557,0.0701886220978747,0.21804663240692218,-0.28918605460408703,0.07118735047616007,-5.6940044473162e-06,0.07018860739971222,-0.4558063002025181,-1.2830003800341965,1.1099139254163781,-1.397629498973218,-1.5708543019715648,2.685786356640557,nan,nan,nan,nan,nan,nan,0.03580523456427909,-9.637061172073304,-6.283634095335222,-0.9631406692066873,0.0007470063905754287,2.0957205841294004e-11,28.0,28.0,14.0,6.0,6.0,6.0
2.1,1.0,0.013487610729614791,9.925855750090122e-05,-0.38653920513439227,0.05964259213188455,0.224,-0.38653920513439227,0.05964259213188455,0.224,-0.37711840240002786,0.05956566632063995,0.21434815036102528,-0.4555247741495531,-1.2821281228944101,1.1087562798842896,-1.39734397531524,-1.57085428512428,2.68606788263262,0.07050462691400651,0.2181007377765201,-0.28959122688607153,0.07153841786705643,-5.5930779364092426e-06,0.07050461268061507,-0.4555247741495531,-1.2821281228944101,1.1087562798842896,-1.39734397531524,-1.57085428512428,2.68606788263262,nan,nan,nan,nan,nan,nan,0.035814310329669155,-9.64672289853005,-6.283377490472273,-0.963138635575207,0.0007456663339178002,2.1580668827714722e-11,28.0,28.0,14.0,6.0,6.0,6.0
2.104,1.0,0.013488161205607665,9.935806004149308e-05,-0.3867300276227847,0.05962136134135613,0.224,-0.3867300276227847,0.05962136134135613,0.224,-0.3773087532041353,0.059543531801624715,0.21434784875793444,-0.45524198680873273,-1.2812556528639023,1.1075970180790735,-1.3970570483617284,-1.570854267889958,2.686350669914428,0.0708195326772418,0.21815344751933355,-0.28999470414643147,0.07188918584948198,-5.492622998157321e-06,0.07081951892251853,-0.45524198680873273,-1.2812556528639023,1.1075970180790735,-1.3970570483617284,-1.570854267889958,2.686350669914428,nan,nan,nan,nan,nan,nan,0.035823009553224636,-9.656382500862117,-6.283119137688582,-0.9631365992663108,0.0007443203560237963,2.2085778086756726e-11,28.0,28.0,14.0,6.0,6.0,6.0
2.108,1.0,0.013488574962445607,9.945736703443433e-05,-0.386920781195753,0.05959952002860854,0.224,-0.386920781195753,0.05959952002860854,0.224,-0.37749912920934875,0.05952078787897758,0.2143476464210425,-0.4549579425753977,-1.2803829755189373,1.1064361467888517,-1.396768719324555,-1.570854250270709,2.6866347140906885,0.07113333970164265,0.2182047640471776,-0.2903964831247109,0.07223964874509618,-5.3926374892339765e-06,0.07113332643684264,-0.4549579425753977,-1.2803829755189373,1.1064361467888517,-1.396768719324555,-1.570854250270709,2.6866347140906885,nan,nan,nan,nan,nan,nan,0.035831332105693156,-9.666039902101323,-6.2828590318227775,-0.9631345602885233,0.0007429684732361287,2.2480325006037627e-11,28.0,28.0,14.0,6.0,6.0,6.0
2.112,1.0,0.013488851994222456,9.955646791320685e-05,-0.3871114638999824,0.05957706841729665,0.224,-0.3871114638999824,0.05957706841729665,0.224,-0.377689528471321,0.059497434796578715,0.21434754334966352,-0.4546726458436027,-1.279510096426183,1.105273672814826,-1.3964789894382916,-1.5708542322686334,2.6869200107673876,0.0714460483134104,0.21825468975192477,-0.29079656054527825,0.07258980088028595,-5.2931192490140294e-06,0.07144603554732064,-0.4546726458436027,-1.279510096426183,1.105273672814826,-1.3964789894382916,-1.5708542322686334,2.6869200107673876,nan,nan,nan,nan,nan,nan,0.03583927786429196,-9.67569502544557,-6.282597167711187,-0.9631325186504628,0.0007416107019452413,2.2771647303459257e-11,28.0,28.0,14.0,6.0,6.0,6.0
2.116,1.0,0.01348899229637495,9.965535883646257e-05,-0.3873020737828836,0.05955400673732476,0.224,-0.3873020737828836,0.05955400673732476,0.224,-0.3778799490455603,0.05947347280447418,0.21434753954208344,-0.4543861010060683,-1.278637021142791,1.1041096029713386,-1.3961878599601902,-1.5708542138858217,2.6872065555518327,0.07175765885077565,0.21830322700536206,-0.29119493311713057,0.07293963658611227,-5.194066096818868e-06,0.07175764658987872,-0.4543861010060683,-1.278637021142791,1.1041096029713386,-1.3961878599601902,-1.5708542138858217,2.6872065555518327,nan,nan,nan,nan,nan,nan,0.03584684671269264,-9.685347794258549,-6.282333540188062,-0.9631304743608378,0.0007402470585870283,2.2967006396751216e-11,28.0,28.0,14.0,6.0,6.0,6.0
2.12,1.0,0.013488995865683723,9.975405378414278e-05,-0.38749260889261306,0.05953033522484428,0.224,-0.38749260889261306,0.05953033522484428,0.224,-0.3780703889874485,0.05944890215887335,0.21434763499556095,-0.4540983124541331,-1.2777637552164776,1.1029439440859352,-1.395895332170167,-1.570854195124354,2.687494344052706,0.0720681716638882,0.21835037815904665,-0.2915915975336933,0.07328915019825571,-5.095475834212812e-06,0.07206815991252445,-0.4540983124541331,-1.2777637552164776,1.1029439440859352,-1.395895332170167,-1.570854195124354,2.687494344052706,nan,nan,nan,nan,nan,nan,0.03585403854094524,-9.694998132069314,-6.282068144085828,-0.9631284274284477,0.000738877559640908,2.3073368633296505e-11,28.0,28.0,14.0,6.0,6.0,6.0
2.124,1.0,0.013488862700272703,9.985254888990847e-05,-0.38768306727809293,0.05950605412225127,0.224,-0.38768306727809293,0.05950605412225127,0.224,-0.37826084635226115,0.059423723122147436,0.21434782970632782,-0.4538092845777064,-1.2768903041856043,1.1017767029994272,-1.3956014073707816,-1.5708541759863006,2.6877833718801107,0.07237758711470742,0.2183961455441649,-0.2919865504726219,0.07363833605695863,-4.997346244926191e-06,0.07237757587523044,-0.4538092845777064,-1.2768903041856043,1.1017767029994272,-1.3956014073707816,-1.5708541759863006,2.6877833718801107,nan,nan,nan,nan,nan,nan,0.03586085324552939,-9.70464596257229,-6.281800974235293,-0.963126377862166,0.000737502221628956,2.309730767483287e-11,28.0,28.0,14.0,6.0,6.0,6.0
2.128,1.0,0.013488592799610588,9.995083363686266e-05,-0.38787344698903103,0.05948116367818402,0.224,-0.38787344698903103,0.05948116367818402,0.224,-0.378451319195186,0.05939793596282727,0.2143481236695886,-0.45351902176522113,-1.2760166735792604,1.1006078865659554,-1.3953060868872207,-1.5708541564737222,2.688073634645619,0.07268590557689171,0.21844053147138492,-0.29237978859559155,0.07398718850696145,-4.899675094302295e-06,0.0726858948498151,-0.45351902176522113,-1.2760166735792604,1.1006078865659554,-1.3953060868872207,-1.5708541564737222,2.688073634645619,nan,nan,nan,nan,nan,nan,0.035867290729158216,-9.714291209626595,-6.281532025466018,-0.9631243256709761,0.0007361210611148321,2.304537567704998e-11,28.0,28.0,14.0,6.0,6.0,6.0
2.132,1.0,0.013488186164511744,0.00010004892861919737,-0.38806374607594074,0.059455664147520466,0.224,-0.38806374607594074,0.059455664147520466,0.224,-0.37864180557134114,0.05937154095560136,0.21434851687952092,-0.4532275284035872,-1.2751428689173456,1.0994375016530544,-1.3950093720672783,-1.5708541365886686,2.688365127962318,0.0729931274356889,0.21848353823071917,-0.2927713085481016,0.07433570189744498,-4.802460129010798e-06,0.07299311721983244,-0.4532275284035872,-1.2751428689173456,1.0994375016530544,-1.3950093720672783,-1.5708541365886686,2.688365127962318,nan,nan,nan,nan,nan,nan,0.035873350900871875,-9.72393379725606,-6.281261292606426,-0.9631222708639267,0.0007347340946991397,2.292361655997443e-11,28.0,28.0,14.0,6.0,6.0,6.0
2.136,1.0,0.013487642797134883,0.0001001468255257803,-0.3882539625901611,0.05942955579137557,0.224,-0.3882539625901611,0.05942955579137557,0.224,-0.37883230353579606,0.059344538381313386,0.2143490093292765,-0.4529348088781457,-1.274268895710652,1.0982655551417175,-1.3947112642813402,-1.5708541163331795,2.688657847444859,0.0732992530878255,0.21852516809137768,-0.29316110695926123,0.07468387058196302,-4.705699078563012e-06,0.07329924338045009,-0.4529348088781457,-1.274268895710652,1.0982655551417175,-1.3947112642813402,-1.5708541163331795,2.688657847444859,nan,nan,nan,nan,nan,nan,0.03587903367597633,-9.733573649648799,-6.280988770484153,-0.963120213450154,0.000733341339021368,2.2738008316912894e-11,28.0,28.0,14.0,6.0,6.0,6.0
2.14,1.0,0.013486962700985306,0.00010024454487218835,-0.38844409458387663,0.05940283887709867,0.224,-0.38844409458387663,0.05940283887709867,0.224,-0.37902281114358893,0.05931692852696025,0.2143496010109805,-0.452640867572623,-1.2733947594609483,1.0970920539264628,-1.394411764922365,-1.5708540957092847,2.6889517887095007,0.07360428294139708,0.21856542330162668,-0.2935491804415825,0.07503168891837703,-4.60938965473605e-06,0.07360427373833817,-0.452640867572623,-1.2733947594609483,1.0970920539264628,-1.394411764922365,-1.5708540957092847,2.6889517887095007,nan,nan,nan,nan,nan,nan,0.03588433897598124,-9.743210691156962,-6.280714453926289,-0.9631181534388784,0.0007319428107564762,2.249412359844146e-11,28.0,28.0,14.0,6.0,6.0,6.0
2.144,1.0,0.013486145880914515,0.00010034204734540137,-0.3886341401101374,0.059375513678270736,0.224,-0.3886341401101374,0.059375513678270736,0.224,-0.3792133264497468,0.059288711685688715,0.2143502919157319,-0.4523457088690857,-1.272520465661064,1.095917004915401,-1.3941108754058682,-1.5708540747190032,2.6892469473741567,0.07390821741575769,0.21860430608864503,-0.29393552559076774,0.07537915126878651,-4.5135295514649315e-06,0.07390820871154974,-0.4523457088690857,-1.272520465661064,1.095917004915401,-1.3941108754058682,-1.5708540747190032,2.6892469473741567,nan,nan,nan,nan,nan,nan,0.03588926672859827,-9.752844846296346,-6.280438337759611,-0.9631160908393939,0.0007305385266135944,2.2197313271980034e-11,28.0,28.0,14.0,6.0,6.0,6.0
2.148,1.0,0.013485192343120598,0.00010043937115947817,-0.388824097222879,0.059347580474701574,0.224,-0.388824097222879,0.059347580474701574,0.224,-0.3794038475093039,0.05925988815679487,0.21435108203360465,-0.4520493371478958,-1.271646019794974,1.0947404150303022,-1.3938085971699041,-1.5708540533643442,2.68954331905844,0.07421105694141021,0.21864181865838178,-0.2943201389854956,0.07572625199945829,-4.418116445945627e-06,0.07421104872940601,-0.4520493371478958,-1.271646019794974,1.0947404150303022,-1.3938085971699041,-1.5708540533643442,2.68954331905844,nan,nan,nan,nan,nan,nan,0.035893816867674046,-9.76247603974621,-6.280160416810905,-0.9631140256610781,0.000729128503334382,2.1852759389284564e-11,28.0,28.0,14.0,6.0,6.0,6.0
2.152,1.0,0.01348410209514845,0.00010053649695589769,-0.38901396397694205,0.05931903955242694,0.224,-0.38901396397694205,0.05931903955242694,0.224,-0.3795943723773218,0.05923045824571925,0.21435197135364678,-0.4517517567876663,-1.2707714273378832,1.0935622912066643,-1.3935049316750505,-1.5708540316473056,2.6898408993837095,0.07451280195989585,0.2186779631954132,-0.2947030171872053,0.07607298548075325,-4.323147997538703e-06,0.07451279423238225,-0.4517517567876663,-1.2707714273378832,1.0935622912066643,-1.3935049316750505,-1.5708540316473056,2.6898408993837095,nan,nan,nan,nan,nan,nan,0.035897989333191875,-9.772104196348774,-6.279880685907219,-0.9631119579133931,0.0007277127576942435,2.1465285821106848e-11,28.0,28.0,14.0,6.0,6.0,6.0
2.156,1.0,0.013482875145890675,0.00010063344516623236,-0.38920373842809275,0.05928989120370562,0.224,-0.38920373842809275,0.05928989120370562,0.224,-0.37978489910890717,0.0592004222640464,0.21435295986388175,-0.4514529721652176,-1.2698966937563134,1.0923826403937835,-1.3931998804043915,-1.5708540095698753,2.69013968397311,0.07481345292368513,0.2187127418628027,-0.29508415673988375,0.07641934608705353,-4.2286218484553066e-06,0.07481344567199075,-0.4514529721652176,-1.2698966937563134,1.0923826403937835,-1.3931998804043915,-1.5708540095698753,2.69013968397311,nan,nan,nan,nan,nan,nan,0.035901784071327755,-9.78172924110935,-6.279599139876056,-0.9631098876058533,0.0007262913064958472,2.1039531792428626e-11,28.0,28.0,14.0,6.0,6.0,6.0
2.16,1.0,0.01348151150558677,0.00010073018985103971,-0.38939341863304233,0.05926013572701646,0.224,-0.38939341863304233,0.05926013572701646,0.224,-0.3799754257592325,0.05916978052950035,0.21435404755130852,-0.45115298765553374,-1.269021824508189,1.091201469554824,-1.3928934448635026,-1.5708539871340308,2.6904396684516216,0.07511301029606703,0.21874615680195073,-0.2954635541698314,0.07676532819667858,-4.13453562460804e-06,0.07511300351066574,-0.45115298765553374,-1.269021824508189,1.091201469554824,-1.3928934448635026,-1.5708539871340308,2.6904396684516216,nan,nan,nan,nan,nan,nan,0.03590520103419198,-9.791351099195262,-6.279315773545786,-0.9631078147480768,0.0007248641665743717,2.0579902159772927e-11,28.0,28.0,14.0,6.0,6.0,6.0
2.164,1.0,0.013480011185824486,0.00010082675582080759,-0.38958300264946727,0.05922977342705528,0.224,-0.38958300264946727,0.05922977342705528,0.224,-0.38016595038355383,0.05913853336594301,0.21435523440190193,-0.4508518076317195,-1.2681468250429244,1.090018785666889,-1.3925856265804344,-1.5708539643417383,2.6907408484460995,0.07541147455104044,0.21877821013246182,-0.29584120598545716,0.07711092619181209,-4.040886933365226e-06,0.0754114682216497,-0.4508518076317195,-1.2681468250429244,1.090018785666889,-1.3925856265804344,-1.5708539643417383,2.6907408484460995,nan,nan,nan,nan,nan,nan,0.03590824018004291,-9.800969695936168,-6.279030581745812,-0.963105739349737,0.0007234313547905137,2.009049292767289e-11,28.0,28.0,14.0,6.0,6.0,6.0
2.168,1.0,0.013478374199539194,0.0001009231347879911,-0.38977248853602875,0.05919880461473176,0.224,-0.38977248853602875,0.05919880461473176,0.224,-0.3803564710372315,0.05910668110337078,0.2143565204006125,-0.4505494364649578,-1.2672717008015109,1.088834595721093,-1.3922764271056975,-1.5708539411949536,2.691043219585317,0.07570884617320459,0.21880890395199776,-0.2962171086770471,0.07745613445841985,-3.9476733672760954e-06,0.07570884028887691,-0.4505494364649578,-1.2672717008015109,1.088834595721093,-1.3922764271056975,-1.5708539411949536,2.691043219585317,nan,nan,nan,nan,nan,nan,0.03591090147315414,-9.810584956823513,-6.278743559306888,-0.9631036614205808,0.0007219928880319765,1.957527530678303e-11,28.0,28.0,14.0,6.0,6.0,6.0
2.172,1.0,0.013476600561015005,0.0001010193382780314,-0.38996187435239305,0.05916722960716627,0.224,-0.38996187435239305,0.05916722960716627,0.224,-0.3805469857757473,0.059074224077911686,0.21435790553136802,-0.45024587852446774,-1.2663964572166058,1.0876489067226356,-1.391965848012247,-1.570853917695622,2.6913467775000113,0.07600512565764965,0.21883824033613522,-0.2965912587165382,0.07780094738616518,-3.854892502670638e-06,0.0760051202068612,-0.45024587852446774,-1.2663964572166058,1.0876489067226356,-1.391965848012247,-1.570853917695622,2.6913467775000113,nan,nan,nan,nan,nan,nan,0.03591318488379872,-9.820196807510152,-6.278454701061422,-0.9631015809704339,0.0007205487832132836,1.903789170726274e-11,28.0,28.0,14.0,6.0,6.0,6.0
2.176,1.0,0.013474690285883986,0.00010111534702820748,-0.39015115815925105,0.05913504872768662,0.224,-0.39015115815925105,0.05913504872768662,0.224,-0.380737492654726,0.059041162631822415,0.21435938977707247,-0.4499411381774626,-1.2655210997126203,1.0864617256908744,-1.391653890895469,-1.5708538938456778,2.6916515178229212,0.07630031350984802,0.21886622133822492,-0.29696365255729273,0.07814535936832227,-3.762541898409255e-06,0.07630030848057992,-0.4499411381774626,-1.2655210997126203,1.0864617256908744,-1.391653890895469,-1.5708538938456778,2.6916515178229212,nan,nan,nan,nan,nan,nan,0.03591509038823734,-9.829805173810024,-6.278164001843719,-0.9630994980091869,0.0007190990572729408,1.8481795485608766e-11,28.0,28.0,14.0,6.0,6.0,6.0
2.18,1.0,0.013472643391126507,0.00010121117475595637,-0.3903403380183382,0.05910226230582472,0.224,-0.3903403380183382,0.05910226230582472,0.224,-0.3809279897299529,0.059007497113485234,0.21436097311960817,-0.44963521978910886,-1.2646456337058087,1.0852730596594005,-1.3913405573731654,-1.5708538696470442,2.691957436188831,0.07659441024554564,0.21889284898924982,-0.2973342866338689,0.078489364801691,-3.6706190971782913e-06,0.0765944056253611,-0.44963521978910886,-1.2646456337058087,1.0852730596594005,-1.3913405573731654,-1.5708538696470442,2.691957436188831,nan,nan,nan,nan,nan,nan,0.03591661796870943,-9.839409981697928,-6.277871456490309,-0.9630974125467993,0.0007176437271722239,1.791028273053301e-11,28.0,28.0,14.0,6.0,6.0,6.0
2.184,1.0,0.01347045989507194,0.00010130683512579172,-0.39052941199245433,0.059068870677313264,0.224,-0.39052941199245433,0.059068870677313264,0.224,-0.3811184750573935,0.05897322787740445,0.2143626555398349,-0.44932812772248515,-1.263770064604359,1.0840829156761136,-1.3910258490855407,-1.5708538451016336,2.6922645282346114,0.0768874163906534,0.21891812529768198,-0.2977031573617871,0.07883295808650467,-3.5791216264790103e-06,0.07688741216677125,-0.44932812772248515,-1.263770064604359,1.0840829156761136,-1.3910258490855407,-1.5708538451016336,2.6922645282346114,nan,nan,nan,nan,nan,nan,0.03591776761340808,-9.849011157308995,-6.2775770598402225,-0.9630953245933026,0.0007161828098963601,1.732642348839962e-11,28.0,28.0,14.0,6.0,6.0,6.0
2.188,1.0,0.01346813981739823,0.00010140229576527095,-0.3907183781454837,0.05903487418408222,0.224,-0.3907183781454837,0.05903487418408222,0.224,-0.38130894669321347,0.058938355284204026,0.21436443701759045,-0.4490198663385421,-1.2628943978084821,1.0828913008032999,-1.3907097676951878,-1.5708538202113473,2.69257278959926,0.07717933248113962,0.21894205224934316,-0.2980702611373014,0.07917613362634209,-3.48804699771811e-06,0.0771793286405028,-0.4490198663385421,-1.2628943978084821,1.0828913008032999,-1.3907097676951878,-1.5708538202113473,2.69257278959926,nan,nan,nan,nan,nan,nan,0.03591853931644491,-9.8586086269385,-6.277280806735275,-0.9630932341587907,0.0007147163224500578,1.6732999295512474e-11,28.0,28.0,14.0,6.0,6.0,6.0
2.192,1.0,0.013465683179131766,0.00010149758786552074,-0.39090723454241455,0.05900027317425538,0.224,-0.39090723454241455,0.05900027317425538,0.224,-0.3814994026937969,0.058902879700623086,0.2143663175316922,-0.44871043999606214,-1.2620186387105037,1.0816982221177076,-1.3903923148870754,-1.570853794978076,2.6928822159239414,0.07747015906292155,0.21896463180726145,-0.29843559433716066,0.079518885828032,-3.3973927071712504e-06,0.07747015559225925,-0.44871043999606214,-1.2620186387105037,1.0816982221177076,-1.3903923148870754,-1.570853794978076,2.6928822159239414,nan,nan,nan,nan,nan,nan,0.03591893307785671,-9.868202317041343,-6.276982692020367,-0.9630911412534273,0.0007132442818617443,1.6132679088880562e-11,28.0,28.0,14.0,6.0,6.0,6.0
2.196,1.0,0.013463090002647648,0.0001015926987869893,-0.39109597924935896,0.05896506800214679,0.224,-0.39109597924935896,0.05896506800214679,0.224,-0.3816898411157663,0.05886680149951361,0.21436829705993662,-0.44839985305162,-1.2611427926949557,1.0805036867106286,-1.3900734923685345,-1.5708537694036986,2.693192802852028,0.07775989669175855,0.21898586591153185,-0.29879915331837414,0.07986120910155656,-3.307156234623531e-06,0.0777598935776458,-0.44839985305162,-1.2611427926949557,1.0805036867106286,-1.3900734923685345,-1.5708537694036986,2.693192802852028,nan,nan,nan,nan,nan,nan,0.03591894890356902,-9.877792154231843,-6.276682710543795,-0.9630890458874395,0.0007117667051766542,1.552799777578005e-11,28.0,28.0,14.0,6.0,6.0,6.0
2.2,1.0,0.01346036031167032,0.00010168765087400777,-0.3912846103335728,0.0589292590282571,0.224,-0.3912846103335728,0.0589292590282571,0.224,-0.381880260016001,0.05883012105983584,0.2143703755791,-0.44808810985954384,-1.260266865138668,1.0793077016879744,-1.3897533018692467,-1.570853743490083,2.6935045460291374,0.07804854593314456,0.2190057564791742,-0.29916093441797315,0.08020309785995819,-3.2173350453353442e-06,0.07804854316205875,-0.44808810985954384,-1.260266865138668,1.0793077016879744,-1.3897533018692467,-1.570853743490083,2.6935045460291374,nan,nan,nan,nan,nan,nan,0.035918586805406535,-9.887378065283322,-6.276380857157529,-0.9630869480711163,0.0007102836094598405,1.4921115619586405e-11,28.0,28.0,14.0,6.0,6.0,6.0
2.204,1.0,0.01345749413127211,0.00010178240312143633,-0.3914731258634755,0.0588928466192699,0.224,-0.3914731258634755,0.0588928466192699,0.224,-0.38207065745165825,0.05879283876665638,0.21437255306493888,-0.44777521477187615,-1.2593908614108613,1.0781102741703603,-1.3894317451412321,-1.5708537172390864,2.6938174411031732,0.07833610736220137,0.21902430540399154,-0.29952093395276813,0.08054454651923507,-3.1279265903541397e-06,0.07833610492057054,-0.44777521477187615,-1.2593908614108613,1.0781102741703603,-1.3894317451412321,-1.5708537172390864,2.6938174411031732,nan,nan,nan,nan,nan,nan,0.03591784680104897,-9.896959977127677,-6.276077126717554,-0.9630848478148148,0.0007087950117950784,1.4314238357719436e-11,28.0,28.0,14.0,6.0,6.0,6.0
2.208,1.0,0.013454491487874724,0.00010187698006177198,-0.39166152390866954,0.058855831148047925,0.224,-0.39166152390866954,0.058855831148047925,0.224,-0.3822610314801902,0.05875495501114242,0.21437482949219086,-0.447461172138336,-1.2585147868732394,1.0769114112931835,-1.3891088239588374,-1.5708536906525543,2.6941314837243624,0.07862258156357248,0.21904151455643128,-0.2998791482191109,0.08088554949824499,-3.03892830478162e-06,0.07862257943782448,-0.447461172138336,-1.2585147868732394,1.0769114112931835,-1.3891088239588374,-1.5708536906525543,2.6941314837243624,nan,nan,nan,nan,nan,nan,0.03591672891403537,-9.906537816855149,-6.27577151408417,-0.9630827451289564,0.000707300929282416,1.3709278278192969e-11,28.0,28.0,14.0,6.0,6.0,6.0
2.212,1.0,0.013451352409248359,0.00010197139960294809,-0.3918498025399607,0.05881821299362929,0.224,-0.3918498025399607,0.05881821299362929,0.224,-0.3824513801593644,0.05871647019055974,0.21437720483457526,-0.4471459863062809,-1.257638646880085,1.0757111202067076,-1.3887845401187242,-1.5708536637323214,2.694446669545292,0.07890796913131674,0.21905738578344303,-0.3002355734926489,0.08122610121859952,-2.950337609153289e-06,0.07890796730792195,-0.4471459863062809,-1.257638646880085,1.0757111202067076,-1.3887845401187242,-1.5708536637323214,2.694446669545292,nan,nan,nan,nan,nan,nan,0.03591523317372958,-9.91611151171369,-6.275464014122234,-0.9630806400240174,0.0007058013790393145,1.3108051595487282e-11,28.0,28.0,14.0,6.0,6.0,6.0
2.216,1.0,0.01344807692451147,0.00010206562737366342,-0.3920379598293774,0.058779992541223555,0.224,-0.3920379598293774,0.058779992541223555,0.224,-0.3826417015472838,0.05867738470826827,0.21437967906479305,-0.44682966162066917,-1.2567624467783522,1.0745094080761457,-1.3884588954398593,-1.5708536364802104,2.6947629942209512,0.07919227066880308,0.2190719209083401,-0.30059020602808123,0.0815661961045608,-2.86215190991799e-06,0.07919226913431494,-0.44682966162066917,-1.2567624467783522,1.0745094080761457,-1.3884588954398593,-1.5708536364802104,2.6947629942209512,nan,nan,nan,nan,nan,nan,0.03591335961537296,-9.925680989109019,-6.275154621701583,-0.9630785325105407,0.0007042963781981968,1.251216773712142e-11,28.0,28.0,14.0,6.0,6.0,6.0
2.22,1.0,0.013444665064131235,0.00010215970085415007,-0.3922259938501906,0.05874117018220783,0.224,-0.3922259938501906,0.05874117018220783,0.224,-0.38283199370240445,0.05863769897371813,0.21438225215452814,-0.4465122024240236,-1.2558861919077622,1.0733062820817445,-1.3881318917635037,-1.5708536088980327,2.695080453408763,0.07947548678860485,0.21908512173065586,-0.3009430420589078,0.08190582858293144,-2.7743685981674125e-06,0.07947548552969577,-0.4465122024240236,-1.2558861919077622,1.0733062820817445,-1.3881318917635037,-1.5708536088980327,2.695080453408763,nan,nan,nan,nan,nan,nan,0.03591110827996648,-9.935246176603698,-6.274843331697258,-0.9630764225991286,0.0007027859439066271,1.1923109210597508e-11,28.0,28.0,14.0,6.0,6.0,6.0
2.224,1.0,0.01344111685992267,0.00010225359006912636,-0.3924139026769336,0.05870174631412272,0.224,-0.3924139026769336,0.05870174631412272,0.224,-0.3830222546835565,0.05859741340244634,0.21438492407444776,-0.44619361305639443,-1.2550098876008984,1.0721017494188687,-1.387803530953203,-1.5708535809875888,2.6953990427686243,0.07975761811239551,0.2190969900260078,-0.30129407779718664,0.08224499308295068,-2.686985051834048e-06,0.07975761711589002,-0.44619361305639443,-1.2550098876008984,1.0721017494188687,-1.387803530953203,-1.5708535809875888,2.6953990427686243,nan,nan,nan,nan,nan,nan,0.03590847921436793,-9.94480700191724,-6.2745301389898485,-0.9630743103004347,0.0007012700933259904,1.1342239203193717e-11,28.0,28.0,14.0,6.0,6.0,6.0
2.228,1.0,0.013437432345049865,0.0001023473063733095,-0.3926016843854217,0.0586617213406683,0.224,-0.3926016843854217,0.0586617213406683,0.224,-0.3832124825499619,0.058556528416072035,0.21438769479420233,-0.4458738978553233,-1.2541335391833026,1.0708958172980894,-1.3874738148947774,-1.570853552750667,2.6957187579629416,0.08003866527084377,0.21910752754595372,-0.301643309433277,0.08258368403618153,-2.5999986345048643e-06,0.0800386645237489,-0.4458738978553233,-1.2541335391833026,1.0708958172980894,-1.3874738148947774,-1.570853552750667,2.6957187579629416,nan,nan,nan,nan,nan,nan,0.03590547247118609,-9.954363392925279,-6.274215038465845,-0.963072195625187,0.000699748843633256,1.0770765556443835e-11,28.0,28.0,14.0,6.0,6.0,6.0
2.232,1.0,0.013433611554023646,0.00010244086758156893,-0.3927893370527718,0.05862109567169995,0.224,-0.3927893370527718,0.05862109567169995,0.224,-0.3834026753612551,0.05851504444229274,0.21439056428242784,-0.4455530611558074,-1.2532571519735713,1.0696884929452701,-1.3871427454963126,-1.5708535241890444,2.696039594656666,0.0803186289035104,0.21911673601785658,-0.3019907331355946,0.08292189587639766,-2.513406695734391e-06,0.08031862839304263,-0.4455530611558074,-1.2532571519735713,1.0696884929452701,-1.3871427454963126,-1.5708535241890444,2.696039594656666,nan,nan,nan,nan,nan,nan,0.035902088108877794,-9.963915277659703,-6.27389802501795,-0.9630700785841612,0.0006982222120159114,1.0209787569516612e-11,28.0,28.0,14.0,6.0,6.0,6.0
2.236,1.0,0.013429654522703699,0.0001025342438005634,-0.3929768587574222,0.05857986972322416,0.224,-0.3929768587574222,0.05857986972322416,0.224,-0.38359283117750187,0.05847296191488043,0.21439353250674395,-0.44523110729026455,-1.2523807312834534,1.0684797836016557,-1.3868103246881518,-1.5708534953044864,2.6963615485173293,0.08059750965874399,0.21912461714473982,-0.3023363450503513,0.08325962303947125,-2.427206571784281e-06,0.08059750937235378,-0.44523110729026455,-1.2523807312834534,1.0684797836016557,-1.3868103246881518,-1.5708534953044864,2.6963615485173293,nan,nan,nan,nan,nan,nan,0.035898326191629686,-9.973462584307725,-6.273579093545375,-0.9630679591881959,0.0006966902156755014,9.660273513197728e-12,28.0,28.0,14.0,6.0,6.0,6.0
2.24,1.0,0.013425561288296353,0.00010262744418962904,-0.39316424757915236,0.058538043917394283,0.224,-0.39316424757915236,0.058538043917394283,0.224,-0.3837829480592185,0.05843028127367754,0.21439659943375738,-0.44490804058849764,-1.2515042824179476,1.0672696965239616,-1.386476554422888,-1.5708534660987465,2.6966846152150787,0.0808753081935785,0.21913117260515164,-0.30268014130130405,0.08359685996325525,-2.3413955848196706e-06,0.08087530811897194,-0.44490804058849764,-1.2515042824179476,1.0672696965239616,-1.386476554422888,-1.5708534660987465,2.6966846152150787,nan,nan,nan,nan,nan,nan,0.035894186789421655,-9.983005241211796,-6.273258238954171,-0.9630658374481806,0.000695152871824325,9.12307559952188e-12,28.0,28.0,14.0,6.0,6.0,6.0
2.244,1.0,0.013421331889355672,0.00010272048219720325,-0.3933515015991023,0.0584956186825062,0.224,-0.3933515015991023,0.0584956186825062,0.224,-0.3839730240673911,0.05838700296459155,0.21439976502906075,-0.4445838653776609,-1.2506278106754,1.0660582389844633,-1.3861414366753548,-1.5708534365735674,2.697008790422712,0.08115202517363039,0.21913640405302395,-0.3030221179894959,0.08393360108746759,-2.255971044789482e-06,0.0811520252987882,-0.4445838653776609,-1.2506278106754,1.0660582389844633,-1.3861414366753548,-1.5708534365735674,2.697008790422712,nan,nan,nan,nan,nan,nan,0.03588966997798035,-9.992543176869102,-6.272935456157586,-0.9630637133750615,0.0006936101976859502,8.598954320333678e-12,28.0,28.0,14.0,6.0,6.0,6.0
2.248,1.0,0.013416966365782754,0.0001028133582641135,-0.3935386188997926,0.05845259445299395,0.224,-0.3935386188997926,0.05845259445299395,0.224,-0.38416305726349526,0.0583431274395922,0.2144030292572337,-0.4442585859822253,-1.2497513213476044,1.06484541827109,-1.38580497344262,-1.5708534067306792,2.697334069815711,0.0814276612729966,0.21914031311753376,-0.3033622711929975,0.08426984085357081,-2.1709302477601714e-06,0.08142766158619112,-0.4442585859822253,-1.2497513213476044,1.06484541827109,-1.38580497344262,-1.5708534067306792,2.697334069815711,nan,nan,nan,nan,nan,nan,0.03588477583878728,-10.002076319931167,-6.272610740076412,-0.9630615869798502,0.0006920622104957399,8.088555588693791e-12,28.0,28.0,14.0,6.0,6.0,6.0
2.2520000000000002,1.0,0.013412464758825411,0.00010290606419786735,-0.3937255975651436,0.05840897166942527,0.224,-0.3937255975651436,0.05840897166942527,0.224,-0.38435304570951556,0.05829865515670599,0.2144063920818433,-0.4439322067239451,-1.2488748197198996,1.0636312416875153,-1.3854671667439793,-1.5708533765718005,2.697660449072275,0.08170221717415314,0.21914290140296505,-0.30370059696664986,0.08460557370465245,-2.086270477147554e-06,0.0817022176639628,-0.4439322067239451,-1.2488748197198996,1.0636312416875153,-1.3854671667439793,-1.5708533765718005,2.697660449072275,nan,nan,nan,nan,nan,nan,0.03587950445911604,-10.01160459920351,-6.272284085639273,-0.9630594582736044,0.000690508927498586,7.592389076270338e-12,28.0,28.0,14.0,6.0,6.0,6.0
2.2560000000000002,1.0,0.013407827111077736,0.00010299858536724375,-0.3939124356804955,0.058364750778497086,0.224,-0.3939124356804955,0.058364750778497086,0.224,-0.3845429874679644,0.0582535865800123,0.2144098534654457,-0.44360473192182437,-1.2479983110712707,1.062415716553251,-1.3851280186209496,-1.570853346098638,2.6979879238733546,0.08197569356785417,0.21914417048856827,-0.3040370913417979,0.08494079408529806,-2.001989003246339e-06,0.08197569422317467,-0.44360473192182437,-1.2479983110712707,1.062415716553251,-1.3851280186209496,-1.570853346098638,2.6979879238733546,nan,nan,nan,nan,nan,nan,0.03587385593193231,-10.021127943645117,-6.271955487783001,-0.9630573272674385,0.0006889503659487318,7.111007117617297e-12,28.0,28.0,14.0,6.0,6.0,6.0
2.2600000000000002,1.0,0.013403053466480016,0.00010309096965486838,-0.3940991313326276,0.05831993223303092,0.224,-0.3940991313326276,0.05831993223303092,0.224,-0.38473288060190114,0.058207922179638064,0.21441341336958628,-0.44327616589208435,-1.2471218006744502,1.0611988502037426,-1.384787531137263,-1.5708533153128867,2.6983164899026857,0.08224809115303101,0.21914412192842292,-0.3043717503260306,0.08527549644147145,-1.918083083519049e-06,0.08224809196308787,-0.44327616589208435,-1.2471218006744502,1.0611988502037426,-1.384787531137263,-1.5708533153128867,2.6983164899026857,nan,nan,nan,nan,nan,nan,0.03586783035594823,-10.030646282368046,-6.271624941452958,-0.9630551939725215,0.0006873865431089607,6.6447450758365776e-12,28.0,28.0,14.0,6.0,6.0,6.0
2.2640000000000002,1.0,0.013398143870318693,0.00010318317223755509,-0.39428568260977803,0.0582745164919683,0.224,-0.39428568260977803,0.0582745164919683,0.224,-0.38492272317495263,0.05816166243175432,0.2144170717547993,-0.4429465129481309,-1.2462452937960171,1.0599806499904638,-1.3844457063788622,-1.5708532842162295,2.69864614284682,0.08251941063669249,0.2191427572512993,-0.3047045699029158,0.08560967522038627,-1.8345499637541584e-06,0.08251941159104836,-0.4429465129481309,-1.2462452937960171,1.0599806499904638,-1.3844457063788622,-1.5708532842162295,2.69864614284682,nan,nan,nan,nan,nan,nan,0.035861427835618014,-10.040159544637088,-6.271292441603398,-0.9630530584000764,0.0006858174762517945,6.193925665945583e-12,28.0,28.0,14.0,6.0,6.0,6.0
2.2680000000000002,1.0,0.013393098369224692,0.00010327520435211615,-0.3944720876016634,0.05822850402036601,0.224,-0.3944720876016634,0.05822850402036601,0.224,-0.385112513251332,0.0581148078185708,0.2144208285806107,-0.44261577740052255,-1.2453687956964998,1.0587611232810143,-1.3841025464538956,-1.5708532528103374,2.698976878395158,0.08278965273382513,0.21914007796051932,-0.3050355460317322,0.08594332487037618,-1.7513868769201473e-06,0.08278965382238718,-0.44261577740052255,-1.2453687956964998,1.0587611232810143,-1.3841025464538956,-1.5708532528103374,2.698976878395158,nan,nan,nan,nan,nan,nan,0.035854648481129035,-10.049667659869284,-6.270957983197804,-0.9630509205613798,0.0006842431826582077,5.758728814507911e-12,28.0,28.0,14.0,6.0,6.0,6.0
2.2720000000000002,1.0,0.013387917011174621,0.0001033670686019942,-0.39465834439949815,0.05818189528939136,0.224,-0.39465834439949815,0.05818189528939136,0.224,-0.3853022488958572,0.05806735882833119,0.2144246838055375,-0.4422839635569385,-1.244492311630478,1.057540277459217,-1.3837580534927125,-1.5708532210968698,2.6993086922399816,0.08305881816729442,0.21913608553381844,-0.3053646746472022,0.086276439840767,-1.6685910438551732e-06,0.08305881938031816,-0.4422839635569385,-1.244492311630478,1.057540277459217,-1.3837580534927125,-1.5708532210968698,2.6993086922399816,nan,nan,nan,nan,nan,nan,0.035847492408359265,-10.059170557633461,-6.270621561209259,-0.963048780467763,0.0006826636796157226,5.3393670954066346e-12,28.0,28.0,14.0,6.0,6.0,6.0
2.2760000000000002,1.0,0.013382599845489842,0.00010345876972677308,-0.3948444510960144,0.05813469077631735,0.224,-0.3948444510960144,0.05813469077631735,0.224,-0.38549192817397143,0.05801931595530854,0.21442863738708837,-0.4419510757221476,-1.2436158468466854,1.0563181199252165,-1.383412229647861,-1.5708531890774733,2.6996415800764835,0.08332690766774623,0.21913078142320883,-0.3056919516592243,0.0866090145817473,-1.5861596737026027e-06,0.08332690899584039,-0.4419510757221476,-1.2436158468466854,1.0563181199252165,-1.383412229647861,-1.5708531890774733,2.6996415800764835,nan,nan,nan,nan,nan,nan,0.03583995973893788,-10.068668167649903,-6.270283170620727,-0.9630466381305973,0.0006810789844192261,4.93590126874909e-12,28.0,28.0,14.0,6.0,6.0,6.0
2.2800000000000002,1.0,0.01337714692283559,0.00010355031244846158,-0.3950304057854811,0.05808689096451777,0.224,-0.3950304057854811,0.05808689096451777,0.224,-0.38568154915176195,0.057970679699800035,0.21443268928176534,-0.44161711819797755,-1.2427394065881119,1.0550946580955798,-1.3830650770940827,-1.5708531567537833,2.6999755376027994,0.08359392197350857,0.21912416705483873,-0.30601737295259646,0.08694104354423059,-1.504089963739191e-06,0.08359392340763636,-0.44161711819797755,-1.2427394065881119,1.0550946580955798,-1.3830650770940827,-1.5708531567537833,2.6999755376027994,nan,nan,nan,nan,nan,nan,0.03583205060021446,-10.07816041978989,-6.269942806425525,-0.963044493561321,0.0006794891143721811,4.548390614010758e-12,28.0,28.0,14.0,6.0,6.0,6.0
2.2840000000000003,1.0,0.013371558295220817,0.00010364167790496329,-0.39521620656372386,0.058038496343462295,0.224,-0.39521620656372386,0.058038496343462295,0.224,-0.38587110989598,0.057921450568122916,0.21443683944506386,-0.4412820952832841,-1.2418629960921095,1.0538698994033975,-1.3827165980283114,-1.5708531241274224,2.700310560520038,0.08385986183049451,0.21911624382885556,-0.30634093438674626,0.08727252117972169,-1.4223790988055253e-06,0.08385986336197507,-0.4412820952832841,-1.2418629960921095,1.0538698994033975,-1.3827165980283114,-1.5708531241274224,2.700310560520038,nan,nan,nan,nan,nan,nan,0.03582376512517583,-10.087647244075008,-6.269600463627599,-0.9630423467714215,0.0006778940867825342,4.176819362546586e-12,28.0,28.0,14.0,6.0,6.0,6.0
2.2880000000000003,1.0,0.01336583401599791,0.00010373288154846731,-0.3954018515281444,0.05798950740871141,0.224,-0.3954018515281444,0.05798950740871141,0.224,-0.3860606084740594,0.05787162907260824,0.2144410878314741,-0.44094601127392136,-1.2409866205904945,1.0526438512983847,-1.3823667946696712,-1.5708530912000016,2.7006466445323114,0.0841247279921056,0.21910701311927205,-0.3066626317954621,0.08760344194018338,-1.3410242533976635e-06,0.0841247296126135,-0.44094601127392136,-1.2409866205904945,1.0526438512983847,-1.3823667946696712,-1.5708530912000016,2.7006466445323114,nan,nan,nan,nan,nan,nan,0.03581510345259459,-10.097128570677194,-6.269256137241915,-0.9630401977724338,0.000676293918965951,3.821126424425754e-12,28.0,28.0,14.0,6.0,6.0,6.0
2.2920000000000003,1.0,0.013359974139861867,0.00010382392808273543,-0.3955873387777399,0.05793992466191138,0.224,-0.3955873387777399,0.05793992466191138,0.224,-0.3862500429541364,0.057821215731597056,0.21444543439448144,-0.44060887046271174,-1.2401102853096537,1.051416521246985,-1.3820156692594738,-1.5708530579731195,2.7009837853467653,0.08438852121913497,0.21909647627382328,-0.30698246098661003,0.08793380027789612,-1.26002259017025e-06,0.08438852292069894,-0.44060887046271174,-1.2401102853096537,1.051416521246985,-1.3820156692594738,-1.5708530579731195,2.7009837853467653,nan,nan,nan,nan,nan,nan,0.03580606572691308,-10.106604329917838,-6.268909822294779,-0.9630380465759413,0.0006746886282432152,3.4812184082944283e-12,28.0,28.0,14.0,6.0,6.0,6.0
2.2960000000000003,1.0,0.013353978722850435,0.00010391479655278193,-0.3957726664131225,0.0578897486107891,0.224,-0.3957726664131225,0.0578897486107891,0.224,-0.38643941140506916,0.05777021106943414,0.21444987908656668,-0.4402706771394166,-1.2392339954706495,1.0501879167324755,-1.3816632240612194,-1.5708530244483623,2.7013219786736076,0.08465124227967202,0.21908463461383218,-0.30730041774185896,0.08826359064531643,-1.1793712605701095e-06,0.08465124405467286,-0.4402706771394166,-1.2392339954706495,1.0501879167324755,-1.3816632240612194,-1.5708530244483623,2.7013219786736076,nan,nan,nan,nan,nan,nan,0.0357966520982702,-10.116074452267583,-6.268561513824256,-0.9630358931935781,0.0006730782319401961,3.1568806090558697e-12,28.0,28.0,14.0,6.0,6.0,6.0
2.3000000000000003,1.0,0.013347847822342787,0.00010400549809998279,-0.3959578325365388,0.057838979769146884,0.224,-0.3959578325365388,0.057838979769146884,0.224,-0.38662871189645664,0.05771861561646374,0.21445442185920818,-0.43993143559070763,-1.238357756289325,1.048958045255071,-1.3813094613605943,-1.5708529906273043,2.7016612202261356,0.08491289194900692,0.21907148943407104,-0.3076164978164018,0.08859280749493921,-1.0990674045695298e-06,0.08491289379017262,-0.43993143559070763,-1.238357756289325,1.048958045255071,-1.3813094613605943,-1.5708529906273043,2.7016612202261356,nan,nan,nan,nan,nan,nan,0.035786862722532405,-10.125538868345862,-6.268211206880555,-0.9630337376370355,0.0006714627473884789,2.8480216835413462e-12,28.0,28.0,14.0,6.0,6.0,6.0
2.3040000000000003,1.0,0.013341581497059258,0.00010409603955989411,-0.3961428352518895,0.05778761865685724,0.224,-0.3961428352518895,0.05778761865685724,0.224,-0.3868179424986586,0.05766642990902355,0.2144590626628819,-0.43959115010013805,-1.2374815729764124,1.0477269143320316,-1.3809543834654725,-1.570852956511507,2.702001505720769,0.08517347100953628,0.2190570420026245,-0.3079306969386758,0.08892144527915163,-1.0191081518890794e-06,0.08517347290994014,-0.43959115010013805,-1.2374815729764124,1.0477269143320316,-1.3809543834654725,-1.570852956511507,2.702001505720769,nan,nan,nan,nan,nan,nan,0.0357766977612351,-10.13499750892027,-6.2678588965263025,-0.9630315799180431,0.0006698421919241522,2.5543452196990433e-12,28.0,28.0,14.0,6.0,6.0,6.0
2.308,1.0,0.01333517980706119,0.00010418641708743126,-0.3963276726647481,0.05773566579985751,0.224,-0.3963276726647481,0.05773566579985751,0.224,-0.38700710128281357,0.05761365448944008,0.2144638014470626,-0.43924982494811426,-1.236605450737638,1.046494531497769,-1.3805979927059155,-1.5708529221025203,2.7023428308770745,0.085432980250669,0.21904129356075253,-0.3082430108100791,0.08924949845008914,-9.394906216467798e-07,0.08543298220372286,-0.43924982494811426,-1.236605450737638,1.046494531497769,-1.3805979927059155,-1.5708529221025203,2.7023428308770745,nan,nan,nan,nan,nan,nan,0.03576615738160489,-10.144450304906325,-6.267504577837052,-0.9630294200483914,0.0006682165828878863,2.2756183431607663e-12,28.0,28.0,14.0,6.0,6.0,6.0
2.312,1.0,0.013328642813750033,0.0001042766311088394,-0.3965123428823814,0.05768312173014449,0.224,-0.3965123428823814,0.05768312173014449,0.224,-0.38719618632086045,0.05756028990602237,0.21446863816022374,-0.43890746441186845,-1.2357293947738317,1.0452609043039573,-1.3802402914341747,-1.570852887401881,2.7026851914177943,0.08569142046873267,0.21902424532275364,-0.30855343510469024,0.08957696145949215,-8.602119216510382e-07,0.08569142246818176,-0.43890746441186845,-1.2357293947738317,1.0452609043039573,-1.3802402914341747,-1.570852887401881,2.7026851914177943,nan,nan,nan,nan,nan,nan,0.035755241756593725,-10.153897187366871,-6.267148245901527,-0.9630272580399082,0.0006665859376243465,2.01152545867728e-12,28.0,28.0,14.0,6.0,6.0,6.0
2.316,1.0,0.013321970579866503,0.00010436667566549082,-0.39669684401376787,0.057629986985769,0.224,-0.39669684401376787,0.057629986985769,0.224,-0.3873851956855562,0.05750633671305786,0.21447357274983955,-0.4385640727654307,-1.2348534102810338,1.0440260403196417,-1.379881282024692,-1.5708528524111145,2.7030285830688743,0.08594879246688068,0.21900589847582652,-0.3088619654689788,0.08990382875855275,-7.812691499750953e-07,0.0859487945067966,-0.4385640727654307,-1.2348534102810338,1.0440260403196417,-1.379881282024692,-1.5708528524111145,2.7030285830688743,nan,nan,nan,nan,nan,nan,0.0357439510647968,-10.163338087511605,-6.266789895822095,-0.9630250939044767,0.0006649502734820145,1.7617877842764574e-12,28.0,28.0,14.0,6.0,6.0,6.0
2.32,1.0,0.013315163169490973,0.00010445655757277363,-0.3968811741696175,0.05757626211083035,0.224,-0.3968811741696175,0.05757626211083035,0.224,-0.38757412745049497,0.057451795470805214,0.21447860516238507,-0.43821965427960224,-1.2339775024506041,1.0427899471313495,-1.3795209668741033,-1.5708528171317329,2.70337300155949,0.08620509705499992,0.2189862541799348,-0.3091685975215228,0.09023009479776925,-7.026593939464319e-07,0.08620509912977439,-0.43821965427960224,-1.2339775024506041,1.0427899471313495,-1.3795209668741033,-1.5708528171317329,2.70337300155949,nan,nan,nan,nan,nan,nan,0.035732285490533436,-10.172772936696731,-6.2664295227151525,-0.9630229276540337,0.0006633096078137965,1.5261229366890652e-12,28.0,28.0,14.0,6.0,6.0,6.0
2.324,1.0,0.01330822064804144,0.00010454627300241649,-0.3970653314623912,0.057521947655470786,0.224,-0.3970653314623912,0.057521947655470786,0.224,-0.38776297969012863,0.05739666674549005,0.214483735343338,-0.4378742132219285,-1.2331016764693317,1.0415526323432032,-1.3791593484012412,-1.5708527815652358,2.7037184426220744,0.08646033504961904,0.21896531356766985,-0.30947332685272133,0.09055575402679515,-6.24379730484991e-07,0.08646033715395764,-0.4378742132219285,-1.2331016764693317,1.0415526323432032,-1.3791593484012412,-1.5708527815652358,2.7037184426220744,nan,nan,nan,nan,nan,nan,0.03572024522382483,-10.18220166642441,-6.266067121711433,-0.9630207593005543,0.0006616639579745612,1.3040972382264295e-12,28.0,28.0,14.0,6.0,6.0,6.0
2.328,1.0,0.01330114308227351,0.00010463582026056577,-0.3972493140063198,0.05746704417586987,0.224,-0.3972493140063198,0.05746704417586987,0.224,-0.3879517504797859,0.05734095110929904,0.2144889632371785,-0.4375277538566728,-1.2322259375195437,1.040314103577033,-1.3787964290471388,-1.5708527457131107,2.704064901992344,0.08671450727381734,0.21894307774411273,-0.3097761490245016,0.09088080089428462,-5.464272273169353e-07,0.08671450940272975,-0.4375277538566728,-1.2322259375195437,1.040314103577033,-1.3787964290471388,-1.5708527457131107,2.704064901992344,nan,nan,nan,nan,nan,nan,0.03570783046035668,-10.19162420834225,-6.265702687956444,-0.9630185888560625,0.0006600133413227601,1.0953844847389187e-12,28.0,28.0,14.0,6.0,6.0,6.0
2.332,1.0,0.013293930540280614,0.0001047251891773178,-0.3974331199174237,0.05741155223423875,0.224,-0.3974331199174237,0.05741155223423875,0.224,-0.3881404378956905,0.05728464914037346,0.2144942887873905,-0.43718028044479074,-1.231350290779217,1.039074368472491,-1.3784322112750347,-1.5708527095768334,2.7044123754093246,0.08696761455713388,0.21891954778669823,-0.31007705957002984,0.09120522984773874,-4.6879894221305445e-07,0.08696761670592666,-0.43718028044479074,-1.231350290779217,1.039074368472491,-1.3784322112750347,-1.5708527095768334,2.7044123754093246,nan,nan,nan,nan,nan,nan,0.03569504140148824,-10.201040494242866,-6.265336216610867,-0.963016416332632,0.000658357775220551,8.996001738129622e-13,28.0,28.0,14.0,6.0,6.0,6.0
2.336,1.0,0.013286583091492025,0.00010481439927495372,-0.397616747313532,0.057355472398814424,0.224,-0.397616747313532,0.057355472398814424,0.224,-0.3883290400149818,0.05722776142280414,0.21449971193646292,-0.4368317972439039,-1.2304747414220882,1.0378334346871698,-1.3780666975703761,-1.5708526731578658,2.7047608586153755,0.08721965773547748,0.21889472474507848,-0.3103760539934194,0.09152903533335226,-3.9149192195551013e-07,0.08721965989974546,-0.4368317972439039,-1.2304747414220882,1.0378334346871698,-1.3780666975703761,-1.5708526731578658,2.7047608586153755,nan,nan,nan,nan,nan,nan,0.035681878254308616,-10.210450456063434,-6.26496770285095,-0.9630142417423883,0.0006566972770318055,7.163875976883985e-13,28.0,28.0,14.0,6.0,6.0,6.0
2.34,1.0,0.013279100806672226,0.0001049034446086831,-0.39780019431430175,0.05729880524385391,0.224,-0.39780019431430175,0.05729880524385391,0.224,-0.3885175549157339,0.057170288546625446,0.21450523262589058,-0.4364823085082753,-1.229599294617765,1.0365913098967154,-1.377699890440827,-1.5708526364576576,2.7051103473562175,0.08747063765103773,0.2188686096409864,-0.31067312776943695,0.09185221179585232,-3.145032048967075e-07,0.08747063982665605,-0.4364823085082753,-1.229599294617765,1.0365913098967154,-1.377699890440827,-1.5708526364576576,2.7051103473562175,nan,nan,nan,nan,nan,nan,0.035668341231573086,-10.219854025885184,-6.264597141868875,-0.9630120650974965,0.0006550318641228497,5.45308587460359e-13,28.0,28.0,14.0,6.0,6.0,6.0
2.344,1.0,0.01327148375792188,0.00010499231713826036,-0.3979834590412372,0.05724155134962838,0.224,-0.3979834590412372,0.05724155134962838,0.224,-0.38870598067697404,0.0571122311078094,0.21451085079617416,-0.43613181848878385,-1.228723955531839,1.035348001794948,-1.3773317924162718,-1.5708525994776459,2.705460837380955,0.08772055515219561,0.21884120346809818,-0.31096827634320656,0.0921747536783445,-2.378298195051835e-07,0.08772055733530996,-0.43613181848878385,-1.228723955531839,1.035348001794948,-1.3773317924162718,-1.5708525994776459,2.705460837380955,nan,nan,nan,nan,nan,nan,0.03565443055172525,-10.229251135932891,-6.2642245288731875,-0.9630098864101742,0.0006533615538621531,3.859644318829772e-13,28.0,28.0,14.0,6.0,6.0,6.0
2.348,1.0,0.01326373201867484,0.00010508102364137416,-0.3981665396177093,0.057183711302417214,0.224,-0.3981665396177093,0.057183711302417214,0.224,-0.38889431537870295,0.057053589708259564,0.21451656638682293,-0.43578033143290035,-1.2278487293259974,1.0341035180939797,-1.3769624060488241,-1.5708525622192555,2.7058123244421037,0.08796941109343549,0.2188125071918977,-0.31126149512991313,0.09249665542214865,-1.6146878497516903e-07,0.08796941328045323,-0.43578033143290035,-1.2278487293259974,1.0341035180939797,-1.3769624060488241,-1.5708525622192555,2.7058123244421037,nan,nan,nan,nan,nan,nan,0.03564014643890033,-10.238641718574383,-6.263849859089155,-0.9630077056926777,0.0006516863636202299,2.379521577103697e-13,28.0,28.0,14.0,6.0,6.0,6.0
2.352,1.0,0.013255845663699018,0.00010516957509463979,-0.3983494341689744,0.057125285694501995,0.224,-0.3983494341689744,0.057125285694501995,0.224,-0.38908255710191386,0.05699436495580514,0.21452237933635374,-0.4354278515846628,-1.2269736211581368,1.0328578665243369,-1.376591733912833,-1.5708525246838987,2.706164804295611,0.0882172063352574,0.21878252174953933,-0.31155277951450355,0.09281791146663884,-8.541711145929428e-08,0.08821720852283849,-0.4354278515846628,-1.2269736211581368,1.0328578665243369,-1.376591733912833,-1.5708525246838987,2.706164804295611,nan,nan,nan,nan,nan,nan,0.03562548912291041,-10.248025706320142,-6.263473127759248,-0.9630055229573184,0.0006500063107692016,1.0085822777711856e-13,28.0,28.0,14.0,6.0,6.0,6.0
2.356,1.0,0.013247824769095015,0.00010525793391787332,-0.39853214082219396,0.05706627512416043,0.224,-0.39853214082219396,0.05706627512416043,0.224,-0.3892707039286119,0.0569345574641948,0.21452828958229309,-0.435074383184653,-1.226098636182476,1.0316110548350803,-1.3762197786048922,-1.5708524868729743,2.7065182727008827,0.08846394174408963,0.2187512480497113,-0.31184212485138724,0.0931385162490792,-9.671799774266856e-09,0.08846394392913748,-0.435074383184653,-1.226098636182476,1.0316110548350803,-1.3762197786048922,-1.5708524868729743,2.7065182727008827,nan,nan,nan,nan,nan,nan,0.0356104588392811,-10.257403031822689,-6.2630943301434865,-0.9630033382164528,0.0006483214126824249,-2.575831445965531e-14,28.0,28.0,14.0,6.0,6.0,6.0
2.36,1.0,0.013239669412295301,0.00010534613853550469,-0.3987146577064534,0.05700668019566025,0.224,-0.3987146577064534,0.05700668019566025,0.224,-0.38945875394183255,0.05687416785309059,0.21453429706117863,-0.4347199304699728,-1.2252237795496712,1.030363090793928,-1.3758465427438473,-1.5708524487878692,2.7068727254208054,0.08870961819220291,0.21871868697250044,-0.31212952646413655,0.09345846420446204,6.577015748348929e-08,0.08870962037185444,-0.4347199304699728,-1.2252237795496712,1.030363090793928,-1.3758465427438473,-1.5708524487878692,2.7068727254208054,nan,nan,nan,nan,nan,nan,0.035595055829223114,-10.266773627876182,-6.262713461519842,-0.9630011514824777,0.000646631686735956,-1.4228101580725118e-13,28.0,28.0,14.0,6.0,6.0,6.0
2.364,1.0,0.013231379672063413,0.00010543415563851585,-0.39889698295278153,0.05694650151925299,0.224,-0.39889698295278153,0.05694650151925299,0.224,-0.38964670522566264,0.05681319674806165,0.21454040170855873,-0.43436449767422086,-1.22434905640693,1.0291139821873803,-1.3754720289708078,-1.5708524104299573,2.7072281582217688,0.0889542365576237,0.21868483936925312,-0.31241497964517984,0.09377774976533669,1.4091177779404389e-07,0.08895423872924085,-0.43436449767422086,-1.22434905640693,1.0291139821873803,-1.3754720289708078,-1.5708524104299573,2.7072281582217688,nan,nan,nan,nan,nan,nan,0.03557928033960103,-10.27613742741577,-6.26233051718469,-0.9629989627678395,0.0006449371503047433,-2.4915744118925023e-13,28.0,28.0,14.0,6.0,6.0,6.0
2.368,1.0,0.0132229556284935,0.00010552201936412076,-0.39907911469416935,0.05688573971116779,0.224,-0.39907911469416935,0.05688573971116779,0.224,-0.38983455586525756,0.056751644780578245,0.2145466034589949,-0.43400808902746996,-1.2234744718981267,1.0278637368208439,-1.3750962399491546,-1.5708523718005998,2.7075845668736913,0.08919779772404939,0.218649706062442,-0.31269847965550257,0.09409636736164716,2.1575608609304896e-07,0.08919779988520915,-0.43400808902746996,-1.2234744718981267,1.0278637368208439,-1.3750962399491546,-1.5708523718005998,2.7075845668736913,nan,nan,nan,nan,nan,nan,0.03556313262301054,-10.285494363517321,-6.261945492453221,-0.9629967720850322,0.0006432378207670646,-3.468157427965887e-13,28.0,28.0,14.0,6.0,6.0,6.0
2.372,1.0,0.013214397363009677,0.00010560970696761592,-0.39926105106558935,0.05682439539360501,0.224,-0.39926105106558935,0.05682439539360501,0.224,-0.39002230394686227,0.056689512588004615,0.21455290224606083,-0.4336507087562447,-1.222600031163919,1.0266123625187593,-1.3747191783645523,-1.5708523329011446,2.7079419471500383,0.0894403025807632,0.21861328784552694,-0.3129800217243374,0.09441431142055814,2.9030611719560495e-07,0.08944030472924798,-0.4336507087562447,-1.222600031163919,1.0266123625187593,-1.3747191783645523,-1.5708523329011446,2.7079419471500383,nan,nan,nan,nan,nan,nan,0.0355466129377313,-10.29484436939672,-6.261558382659827,-0.9629945794465911,0.0006415337154999595,-4.355990390891377e-13,28.0,28.0,14.0,6.0,6.0,6.0
2.376,1.0,0.01320570495836391,0.000105697208383534,-0.3994427902040148,0.05676246919472994,0.224,-0.3994427902040148,0.05676246919472994,0.224,-0.39020994755783006,0.05662680081359369,0.21455929800234594,-0.4332923610834989,-1.2217257393418623,1.0253598671247286,-1.37434084692496,-1.5708522937329275,2.708300294827848,0.08968175202255033,0.2185755854828196,-0.3132596010488592,0.09473157636628796,3.6456491319153274e-07,0.08968175415634033,-0.4332923610834989,-1.2217257393418623,1.0253598671247286,-1.37434084692496,-1.5708522937329275,2.708300294827848,nan,nan,nan,nan,nan,nan,0.03552972154774253,-10.304187378409493,-6.261169183158553,-0.9629923848650992,0.0006398248518827704,-5.160054445233682e-13,28.0,28.0,14.0,6.0,6.0,6.0
2.38,1.0,0.013196878498636457,0.00010578455555930439,-0.3996243302484384,0.05669996174866633,0.224,-0.3996243302484384,0.05669996174866633,0.224,-0.3903974847866411,0.0565635101064797,0.2145657906594549,-0.4329330502285943,-1.2208516015665296,1.0241062585016438,-1.3739612483606443,-1.5708522542972712,2.7086596056877505,0.0899221469496141,0.21853659970934583,-0.31353721279387464,0.09504815661993524,4.385355252294588e-07,0.08992214906687623,-0.4329330502285943,-1.2208516015665296,1.0241062585016438,-1.3739612483606443,-1.5708522542972712,2.7086596056877505,nan,nan,nan,nan,nan,nan,0.035512458722698426,-10.313523324050136,-6.260777889323504,-0.9629901883531853,0.0006381112472943142,-5.883785196947716e-13,28.0,28.0,14.0,6.0,6.0,6.0
2.384,1.0,0.013187918069235317,0.00010587171741721007,-0.3998056693398918,0.05663687369548985,0.224,-0.3998056693398918,0.05663687369548985,0.224,-0.3905849137229222,0.056499641121671974,0.2145723801480082,-0.43257278040727876,-1.2199776229696266,1.0228515445318171,-1.3735803854241915,-1.5708522145954855,2.709019875513992,0.09016148826749323,0.21849633123071063,-0.3138128520915142,0.09536404659930448,5.122210124601485e-07,0.09016149036657341,-0.43257278040727876,-1.2199776229696266,1.0228515445318171,-1.3735803854241915,-1.5708522145954855,2.709019875513992,nan,nan,nan,nan,nan,nan,0.03549482473794918,-10.322852139951745,-6.2603844965492685,-0.9629879899235182,0.0006363929191135612,-6.531403633934206e-13,28.0,28.0,14.0,6.0,6.0,6.0
2.388,1.0,0.01317882375689337,0.0001059587007013106,-0.3999868056214642,0.05657320568122163,0.224,-0.3999868056214642,0.05657320568122163,0.224,-0.3907722324574669,0.0564351945200488,0.2145790663976446,-0.4322115558316653,-1.2191038086801107,1.021595733117113,-1.3731982608905207,-1.570852174628867,2.7093811000944528,0.09039977688697913,0.21845478072296054,-0.31408651404091953,0.09567924071873389,5.856244417392615e-07,0.09039977896639288,-0.4322115558316653,-1.2191038086801107,1.021595733117113,-1.3731982608905207,-1.570852174628867,2.7093811000944528,nan,nan,nan,nan,nan,nan,0.035476819874570506,-10.332173759885457,-6.259989000251378,-0.9629857895888199,0.0006346698847208985,-7.106851140576462e-13,28.0,28.0,14.0,6.0,6.0,6.0
2.392,1.0,0.013169595649669677,0.00010604550794489026,-0.40016773723832166,0.05650895835782158,0.224,-0.40016773723832166,0.05650895835782158,0.224,-0.390959439082253,0.05637017096834977,0.21458584933702118,-0.4318493807102112,-1.2182301638243087,1.0203388321790805,-1.3728148775568993,-1.5708521343987003,2.7097432752206703,0.09063701372403456,0.21841194883244736,-0.3143581937079305,0.09599373338891547,6.587488885787654e-07,0.09063701578245816,-0.4318493807102112,-1.2182301638243087,1.0203388321790805,-1.3728148775568993,-1.5708521343987003,2.7097432752206703,nan,nan,nan,nan,nan,nan,0.03545844441931455,-10.341488117759939,-6.259591395866694,-0.9629835873618509,0.000632942161495659,-7.613845088708973e-13,28.0,28.0,14.0,6.0,6.0,6.0
2.396,1.0,0.013160233836947345,0.00010613213957990843,-0.40034846233772603,0.05644413238318173,0.224,-0.40034846233772603,0.05644413238318173,0.224,-0.39114653169046326,0.05630457113917002,0.21459272889381464,-0.4314862592476973,-1.2173566935260374,1.0190808496590864,-1.3724302382429572,-1.5708520939062562,2.7101063966878587,0.09087319969971196,0.21836783617569075,-0.3146278861247701,0.09630751901671941,7.315974357075394e-07,0.09087320173597414,-0.4314862592476973,-1.2173566935260374,1.0190808496590864,-1.3724302382429572,-1.5708520939062562,2.7101063966878587,nan,nan,nan,nan,nan,nan,0.03543969866462244,-10.350795147620804,-6.259191678853875,-0.9629813832554166,0.0006312097668176476,-8.055750309106143e-13,28.0,28.0,14.0,6.0,6.0,6.0
2.4,1.0,0.013150738409432665,0.00010621860230739107,-0.4005289790690539,0.05637872842111949,0.224,-0.4005289790690539,0.05637872842111949,0.224,-0.39133350837650394,0.05623839571095311,0.21459970499472278,-0.4311221956452083,-1.2164834029067222,1.0178217935184524,-1.3720443457907028,-1.570852053152793,2.7104704602949288,0.09110833574007288,0.21832244333924233,-0.3148955862897295,0.09662059200501551,8.041731737771077e-07,0.09110833775314742,-0.4311221956452083,-1.2164834029067222,1.0178217935184524,-1.3720443457907028,-1.570852053152793,2.7104704602949288,nan,nan,nan,nan,nan,nan,0.03542058290865453,-10.360094783650162,-6.258789844693811,-0.9629791772823713,0.0006294727180661733,-8.437089722035889e-13,28.0,28.0,14.0,6.0,6.0,6.0
2.404,1.0,0.013141109459155071,0.00010630487774070624,-0.40070928558381547,0.05631274714137087,0.224,-0.40070928558381547,0.05631274714137087,0.224,-0.391520367236024,0.05617164536798402,0.21460677756546437,-0.4307571941001127,-1.215610297085517,1.0165616717385892,-1.371657203064539,-1.5708520121395557,2.7108354618445087,0.09134242277610811,0.21827577087954864,-0.3151612891668509,0.09693294675249078,8.764792015313339e-07,0.09134242476510367,-0.4307571941001127,-1.215610297085517,1.0165616717385892,-1.371657203064539,-1.5708520121395557,2.7108354618445087,nan,nan,nan,nan,nan,nan,0.03540109745527319,-10.369386960166077,-6.258385888890048,-0.9629769694556094,0.0006277310326204943,-8.760653103012401e-13,28.0,28.0,14.0,6.0,6.0,6.0
2.408,1.0,0.013131347079464664,0.00010639096633550027,-0.40088938003567365,0.05624618921958358,0.224,-0.40088938003567365,0.05624618921958358,0.224,-0.391707106365935,0.05610432080038243,0.21461394653078184,-0.43039125880604306,-1.2147373811794258,1.0153004923211366,-1.3712688129512804,-1.5708519708677766,2.711201397142962,0.09157546174365816,0.21822781932281385,-0.3154249896856074,0.09724457765346903,9.485186248177909e-07,0.091575463707812,-0.43039125880604306,-1.2147373811794258,1.0153004923211366,-1.3712688129512804,-1.5708519708677766,2.711201397142962,nan,nan,nan,nan,nan,nan,0.035381242614046,-10.378671611622012,-6.257979806969236,-0.962974759788071,0.0006259847278592376,-9.030224125154575e-13,28.0,28.0,14.0,6.0,6.0,6.0
2.412,1.0,0.013121451365032679,0.00010647688314261146,-0.4010692605804627,0.05617905533731017,0.224,-0.4010692605804627,0.05617905533731017,0.224,-0.39189372386442867,0.05603642270409594,0.21462121181444152,-0.430024393952877,-1.2138646603034233,1.0140382632881004,-1.370879178360172,-1.570851929338675,2.7115682620004087,0.0918074535833342,0.2181785891648627,-0.3156866827405825,0.0975554790977259,1.0202945565830098e-06,0.09180745552200385,-0.430024393952877,-1.2138646603034233,1.0140382632881004,-1.370879178360172,-1.570851929338675,2.7115682620004087,nan,nan,nan,nan,nan,nan,0.03536101870023785,-10.3879486726063,-6.257571594481586,-0.9629725482927406,0.0006242338211605656,-9.248703163284918e-13,28.0,28.0,14.0,6.0,6.0,6.0
2.416,1.0,0.013111422411849882,0.00010656261190794908,-0.40124892537620765,0.05611134618200101,0.224,-0.40124892537620765,0.05611134618200101,0.224,-0.3920802178309982,0.055967951780892596,0.21462857333923432,-0.42965660372671854,-1.2129921395705776,1.012774992681994,-1.3704883022229062,-1.5708518875534567,2.711936052230743,0.09203839924043997,0.2181280808710039,-0.31594636319114905,0.09786564547030425,1.0918101179196334e-06,0.09203840115309667,-0.42965660372671854,-1.2129921395705776,1.012774992681994,-1.3704883022229062,-1.5708518875534567,2.711936052230743,nan,nan,nan,nan,nan,nan,0.03534042603482762,-10.397218077841659,-6.257161247001322,-0.9629703349826462,0.0006224783299017338,-9.420262991574972e-13,28.0,28.0,14.0,6.0,6.0,6.0
2.42,1.0,0.013101260317225054,0.00010664816141310121,-0.40142837258314235,0.056043062446997256,0.224,-0.40142837258314235,0.056043062446997256,0.224,-0.3922665863664561,0.05589890873835435,0.214636031026978,-0.429287892309879,-1.2121198240921718,1.0115106885659801,-1.3700961874936437,-1.5708518455133151,2.7123047636516513,0.09226829966489382,0.21807629487589256,-0.3162040258611468,0.09817507115133227,1.1630684361947255e-06,0.09226830155111325,-0.429287892309879,-1.2121198240921718,1.0115106885659801,-1.3700961874936437,-1.5708518455133151,2.7123047636516513,nan,nan,nan,nan,nan,nan,0.03531946494450182,-10.406479762184576,-6.256748760127105,-0.9629681198708624,0.0006207182714592207,-9.547481569594557e-13,28.0,28.0,14.0,6.0,6.0,6.0
2.424,1.0,0.013090965179785209,0.00010673352376765538,-0.40160760036372906,0.05597420483152375,0.224,-0.40160760036372906,0.05597420483152375,0.224,-0.39245282757295336,0.05582929428986944,0.21464358479851717,-0.42891826388085924,-1.2112477189778268,1.0102453590240128,-1.369702837149033,-1.5708518032194305,2.7126743920846312,0.09249715581115167,0.2180232315833927,-0.31645966553855526,0.09848375051582815,1.2340726462280618e-06,0.09249715767060819,-0.42891826388085924,-1.2112477189778268,1.0102453590240128,-1.369702837149033,-1.5708518032194305,2.7126743920846312,nan,nan,nan,nan,nan,nan,0.035298135761659445,-10.415733660624776,-6.256334129482504,-0.9629659029705043,0.0006189536632098497,-9.633551814227772e-13,28.0,28.0,14.0,6.0,6.0,6.0
2.428,1.0,0.013080537099473469,0.00010681869942028627,-0.4017866068826768,0.05590477404068188,0.224,-0.4017866068826768,0.05590477404068188,0.224,-0.39263893955399914,0.05575910915462574,0.21465123457372498,-0.4285477226143312,-1.2103758293356255,1.0089790121609823,-1.369308254188231,-1.5708517606729695,2.71304493335501,0.09272496863813061,0.21796889136644115,-0.31671327697517027,0.09879167793351924,1.304825890135589e-06,0.0927249704705901,-0.4285477226143312,-1.2103758293356255,1.0089790121609823,-1.369308254188231,-1.5708517606729695,2.71304493335501,nan,nan,nan,nan,nan,nan,0.03527643882441432,-10.42497970828477,-6.255917350716459,-0.9629636842947314,0.000617184522527464,-9.680939716815419e-13,28.0,28.0,14.0,6.0,6.0,6.0
2.432,1.0,0.013069976177548539,0.00010690367635494143,-0.4019653903069605,0.05583477078544234,0.224,-0.4019653903069605,0.05583477078544234,0.224,-0.3928249204144798,0.05568835405760301,0.21465898027150412,-0.42817627268112074,-1.2095041602722365,1.0077116561028605,-1.368912441632925,-1.5708517178750858,2.7134163832919618,0.09295173910913258,0.21791327456690837,-0.3169648548862742,0.09909884776864696,1.3753313161780648e-06,0.09295174091444695,-0.42817627268112074,-1.2095041602722365,1.0077116561028605,-1.368912441632925,-1.5708517178750858,2.7134163832919618,nan,nan,nan,nan,nan,nan,0.035254374476595324,-10.434217840419201,-6.25549841950373,-0.9629614638567496,0.0006154108667866127,-9.693698535383685e-13,28.0,28.0,14.0,6.0,6.0,6.0
2.436,1.0,0.013059282516583505,0.00010698848410081987,-0.40214394880583937,0.055764195782637846,0.224,-0.40214394880583937,0.055764195782637846,0.224,-0.3930107682606774,0.05561702972956577,0.2146668218097884,-0.4278039182481899,-1.2086327168930389,1.0064432989968473,-1.3685154025273552,-1.5708516748269206,2.7137887377285232,0.09317746819176917,0.2178563814954618,-0.31721439395030754,0.09940525437977672,1.4455920798864826e-06,0.09317746996986737,-0.4278039182481899,-1.2086327168930389,1.0064432989968473,-1.3685154025273552,-1.5708516748269206,2.7137887377285232,nan,nan,nan,nan,nan,nan,0.03523194306773471,-10.443447992414322,-6.255077331545364,-0.9629592416698057,0.0006136327133600918,-9.673338094913608e-13,28.0,28.0,14.0,6.0,6.0,6.0
2.44,1.0,0.013048456220464416,0.00010707308780591348,-0.402322280550876,0.05569304975495582,0.224,-0.402322280550876,0.05569304975495582,0.224,-0.39319648120029005,0.05554513690705588,0.2146747591055433,-0.42743066347861997,-1.2077615043022465,1.005173949011519,-1.3681171399383365,-1.570851631529601,2.714161992501613,0.09340215685788666,0.2177982124314285,-0.3174618888085395,0.0997108921196062,1.5156113440388416e-06,0.0934021586087712,-0.42743066347861997,-1.2077615043022465,1.005173949011519,-1.3681171399383365,-1.570851631529601,2.714161992501613,nan,nan,nan,nan,nan,nan,0.035209144953088634,-10.452670099787484,-6.2546540825691475,-0.9629570177471888,0.0006118500796179538,-9.62271010386294e-13,28.0,28.0,14.0,6.0,6.0,6.0
2.444,1.0,0.013037497394390338,0.00010715749831417554,-0.40250038371595476,0.055621333430930946,0.224,-0.40250038371595476,0.055621333430930946,0.224,-0.39338205734244974,0.055472676332385194,0.21468279207476673,-0.4270565125315948,-1.206890527603035,1.0039036143369784,-1.3677176569552845,-1.570851587984242,2.714536143452048,0.09362580608349166,0.21773876762265648,-0.3177073340647342,0.10001575533476964,1.585392276454825e-06,0.09362580780723237,-0.4270565125315948,-1.206890527603035,1.0039036143369784,-1.3677176569552845,-1.570851587984242,2.714536143452048,nan,nan,nan,nan,nan,nan,0.0351859804936467,-10.461884098186554,-6.254228668330101,-0.9629547921022349,0.0006100629829322093,-9.544781706378828e-13,28.0,28.0,14.0,6.0,6.0,6.0
2.448,1.0,0.013026406144870684,0.00010724172022281642,-0.40267825647730093,0.055549047544937766,0.224,-0.40267825647730093,0.055549047544937766,0.224,-0.39356749479774206,0.055399648753628274,0.2146909206324921,-0.4266814695623843,-1.206019791897667,1.002632303185005,-1.3673169566902386,-1.5708515441919444,2.7149111864245574,0.09384841684867763,0.21767804728537732,-0.3179507242848186,0.10031983836564322,1.6549380527351335e-06,0.09384841854540492,-0.4266814695623843,-1.206019791897667,1.002632303185005,-1.3673169566902386,-1.5708515441919444,2.7149111864245574,nan,nan,nan,nan,nan,nan,0.035162450056125144,-10.47108992338945,-6.2538010846109495,-0.9629525647483248,0.0006082714406704976,-9.441193529996726e-13,28.0,28.0,14.0,6.0,6.0,6.0
2.452,1.0,0.013015182579725606,0.00010732574776918222,-0.40285589701349894,0.05547619283718313,0.224,-0.40285589701349894,0.05547619283718313,0.224,-0.39375279167822536,0.05532605492461415,0.2146991446927868,-0.42630553872232824,-1.2051493022876196,1.001360023789207,-1.366915042277888,-1.5708515001537966,2.715287117267804,0.09406999013755139,0.21761605160406655,-0.318192053996545,0.10062313554614709,1.7242518544164257e-06,0.09406999180745268,-0.42630553872232824,-1.2051493022876196,1.001360023789207,-1.366915042277888,-1.5708515001537966,2.715287117267804,nan,nan,nan,nan,nan,nan,0.035138554012924664,-10.480287511303299,-6.253371327222532,-0.9629503356988758,0.0006064754702002572,-9.315167040272098e-13,28.0,28.0,14.0,6.0,6.0,6.0
2.456,1.0,0.013003826808083457,0.00010740957934215732,-0.40303330350551125,0.0554027700536986,0.224,-0.40303330350551125,0.0554027700536986,0.224,-0.39393794609744975,0.055251895604919436,0.21470746416875586,-0.4259287241588203,-1.2042790638737109,1.0000867844051748,-1.366511916875598,-1.570851455870873,2.715663931834394,0.09429052693816087,0.21755278073130804,-0.31843131768915905,0.10092564120354973,1.7933368689173093e-06,0.09429052858147335,-0.4259287241588203,-1.2042790638737109,1.0000867844051748,-1.366511916875598,-1.570851455870873,2.715663931834394,nan,nan,nan,nan,nan,nan,0.03511429274222044,-10.489476797964285,-6.252939392004383,-0.9629481049673557,0.0006046750888872424,-9.168257693415636e-13,28.0,28.0,14.0,6.0,6.0,6.0
2.46,1.0,0.01299233894038066,0.00010749320507193924,-0.403210474136697,0.05532877994633283,0.224,-0.403210474136697,0.05532877994633283,0.224,-0.3941229561704761,0.055177171559860454,0.21471587897254157,-0.4255510300152928,-1.2034090817562284,0.9988125933106363,-1.3661075836634369,-1.5708514113442353,2.7160416259808966,0.09451002824242283,0.21748823478765297,-0.31866850981305794,0.1012273496582667,1.8621962899842583e-06,0.09451002985943,-0.4255510300152928,-1.2034090817562284,0.9988125933106363,-1.3661075836634369,-1.5708514113442353,2.7160416259808966,nan,nan,nan,nan,nan,nan,0.03508966662789237,-10.49865771953673,-6.252505274825124,-0.962945872567274,0.0006028703140961042,-9.002667809192058e-13,28.0,28.0,14.0,6.0,6.0,6.0
2.464,1.0,0.012980719088360234,0.00010757663369481009,-0.4033874070928303,0.05525422327274388,0.224,-0.4033874070928303,0.05525422327274388,0.224,-0.3943078200138948,0.0551018835604853,0.21472438901532537,-0.4251724604312009,-1.2025393610350579,0.9975374588056128,-1.3657020458442042,-1.5708513665749322,2.7164201955678577,0.09472849504605167,0.21742241386148306,-0.3189036247794538,0.10152825522366032,1.930833317829412e-06,0.0947284966370784,-0.4251724604312009,-1.2025393610350579,0.9975374588056128,-1.3657020458442042,-1.5708513665749322,2.7164201955678577,nan,nan,nan,nan,nan,nan,0.03506467605954492,-10.507830212312754,-6.252068971582971,-0.962943638512177,0.0006010611631887488,-8.820405974990631e-13,28.0,28.0,14.0,6.0,6.0,6.0
2.468,1.0,0.012968967365070578,0.00010765986154407249,-0.4035641005621194,0.05517910079639143,0.224,-0.4035641005621194,0.05517910079639143,0.224,-0.3944925357458454,0.05502603238356616,0.21473299420732883,-0.42479301954200793,-1.2016699068098116,0.9962613892125766,-1.365295306643459,-1.5708513215639988,2.7167996364598146,0.09494592834848803,0.21735531800887006,-0.31913665696003013,0.10182835220583783,1.999251157886727e-06,0.09494592991389612,-0.42479301954200793,-1.2016699068098116,0.9962613892125766,-1.365295306643459,-1.5708513215639988,2.7167996364598146,nan,nan,nan,nan,nan,nan,0.03503932143252968,-10.516994212711564,-6.25163047820625,-0.9629414028156646,0.000599247653526853,-8.623127390525623e-13,28.0,28.0,14.0,6.0,6.0,6.0
2.472,1.0,0.012957083884864226,0.00010774288084150003,-0.4037405527352246,0.055103413286529,0.224,-0.4037405527352246,0.055103413286529,0.224,-0.3946771014860351,0.054949618811591536,0.21474169445781507,-0.4244127114791706,-1.2008007241799585,0.9949843928766096,-1.3648873693095496,-1.570851276312457,2.7171799445253133,0.095162329152829,0.21728694725343878,-0.31936760068660286,0.10212763490344841,2.067453022773199e-06,0.09516233069301348,-0.4244127114791706,-1.2008007241799585,0.9949843928766096,-1.3648873693095496,-1.570851276312457,2.7171799445253133,nan,nan,nan,nan,nan,nan,0.03501360314790134,-10.526149657278998,-6.251189790653842,-0.9629391654913693,0.0005974298024676007,-8.412554782752255e-13,28.0,28.0,14.0,6.0,6.0,6.0
2.476,1.0,0.01294506876339636,0.00010782569618739409,-0.40391676180527725,0.05502716151819601,0.224,-0.40391676180527725,0.05502716151819601,0.224,-0.39486151535575836,0.054872643632758414,0.21475048967509006,-0.42403154037012464,-1.1999318182449537,0.993706478165564,-1.364478237113643,-1.5708512308213152,2.717561115636919,0.09537769846575761,0.21721730158622582,-0.31959645025077393,0.10242609760747888,2.1354421295215086e-06,0.09537769998114287,-0.42403154037012464,-1.1999318182449537,0.993706478165564,-1.364478237113643,-1.5708512308213152,2.717561115636919,nan,nan,nan,nan,nan,nan,0.034987521612499364,-10.535296482686853,-6.250746904915708,-0.962936926552977,0.0005956076273702004,-8.190802342509396e-13,28.0,28.0,14.0,6.0,6.0,6.0
2.48,1.0,0.012932922117624706,0.00010790831628219077,-0.404092725967898,0.054950346272209905,0.224,-0.404092725967898,0.054950346272209905,0.224,-0.39504577547791503,0.054795107640964125,0.21475937976650314,-0.4236495103382703,-1.19906319410437,0.9924276534702241,-1.3640679133497577,-1.5708511850915687,2.717943145671234,0.09559203729747445,0.21714638096554228,-0.31982319990358876,0.10272373460104783,2.203221701927884e-06,0.09559203878850955,-0.4236495103382703,-1.19906319410437,0.9924276534702241,-1.3640679133497577,-1.5708511850915687,2.717943145671234,nan,nan,nan,nan,nan,nan,0.03496107723884784,-10.54443462573231,-6.250301817013335,-0.9629346860142063,0.0005937811455883791,-7.959844967573565e-13,28.0,28.0,14.0,6.0,6.0,6.0
2.484,1.0,0.012920644065807308,0.00010799070867570793,-0.4042684434212154,0.05487296833515814,0.224,-0.4042684434212154,0.05487296833515814,0.224,-0.39522987997703024,0.05471701163579822,0.2147683646384486,-0.42326662550295874,-1.1981948568580276,0.9911479272044686,-1.3636564013347945,-1.5708511391241997,2.7183260305089085,0.09580534666162845,0.21707418531683378,-0.3200478438551892,0.10302054015919991,2.270794968051369e-06,0.0958053481287827,-0.42326662550295874,-1.1981948568580276,0.9911479272044686,-1.3636564013347945,-1.5708511391241997,2.7183260305089085,nan,nan,nan,nan,nan,nan,0.03493427044524689,-10.55356402333753,-6.249854523000298,-0.9629324438888259,0.000591950374475917,-7.719942950330949e-13,28.0,28.0,14.0,6.0,6.0,6.0
2.488,1.0,0.012908234727501456,0.00010807291087120265,-0.4044439123658842,0.05479502849939011,0.224,-0.4044439123658842,0.05479502849939011,0.224,-0.39541382697927224,0.05463835642253473,0.21477744419636802,-0.42288288997947826,-1.1973268116061282,0.989867307805436,-1.3632437044085686,-1.5708510929201767,2.7187097660346566,0.0960176275752486,0.21700071453253938,-0.3202703762744639,0.10331650854869559,2.3381651628549167e-06,0.09601762901901097,-0.42288288997947826,-1.1973268116061282,0.989867307805436,-1.3632437044085686,-1.5708510929201767,2.7187097660346566,nan,nan,nan,nan,nan,nan,0.03490710165571621,-10.562684612548827,-6.249405018962711,-0.9629302001906452,0.0005901153313835862,-7.473320330361569e-13,28.0,28.0,14.0,6.0,6.0,6.0
2.492,1.0,0.012895694223561923,0.00010815487608279779,-0.40461913100510394,0.05471652756300905,0.224,-0.40461913100510394,0.05471652756300905,0.224,-0.3955976146124736,0.05455914281212393,0.21478661834474988,-0.422498307879041,-1.196459063449385,0.9885858037336893,-1.3628298259338443,-1.5708510464804548,2.719094348137268,0.09622888105867668,0.21692596847195333,-0.320490791288701,0.10361163402780338,2.4053355251498237e-06,0.09622888247955078,-0.422498307879041,-1.196459063449385,0.9885858037336893,-1.3628298259338443,-1.5708510464804548,2.719094348137268,nan,nan,nan,nan,nan,nan,0.034879571300057685,-10.571796330536293,-6.24895330101973,-0.9629279549335145,0.0005882760336611341,-7.220778719380918e-13,28.0,28.0,14.0,6.0,6.0,6.0
2.496,1.0,0.012883022676141633,0.00010823663356951688,-0.40479409754463735,0.05463746632986387,0.224,-0.40479409754463735,0.05463746632986387,0.224,-0.3957812410061467,0.05447937162118384,0.21479588698713162,-0.42211288330877006,-1.1955916174891574,0.9873034234733846,-1.3624147692963695,-1.5708509998059768,2.7194797727096214,0.09643910813549987,0.21684994696108278,-0.32070908298323403,0.10390591084608698,2.4723093008034475e-06,0.09643910953400228,-0.42211288330877006,-1.1955916174891574,0.9873034234733846,-1.3624147692963695,-1.5708509998059768,2.7194797727096214,nan,nan,nan,nan,nan,nan,0.034851679813751174,-10.580899114592992,-6.248499365324096,-0.9629257081313327,0.0005864324986553872,-6.964113582669465e-13,28.0,28.0,14.0,6.0,6.0,6.0
2.5,1.0,0.012870220208687406,0.00010831817970186751,-0.40496881019282854,0.0545578456095409,0.224,-0.40496881019282854,0.0545578456095409,0.224,-0.3959647042915061,0.0543990436719923,0.21480525002610149,-0.4217266203716862,-1.194724478827583,0.9860201755324383,-1.3619985379049107,-1.5708509528976702,2.7198660356486983,0.09664830983248453,0.2167726497925109,-0.3209252454010956,0.10419933324419735,2.5390897392316628e-06,0.09664831120914073,-0.4217266203716862,-1.194724478827583,0.9860201755324383,-1.3619985379049107,-1.5708509528976702,2.7198660356486983,nan,nan,nan,nan,nan,nan,0.03482342763808313,-10.589992902134604,-6.248043208062583,-0.9629234597980333,0.0005845847437111022,-6.703988143069423e-13,28.0,28.0,14.0,6.0,6.0,6.0
2.504,1.0,0.01285728694594161,0.00010839949856970852,-0.40514326716062155,0.054477666217355614,0.224,-0.40514326716062155,0.054477666217355614,0.224,-0.3961480026014851,0.05431815979247874,0.21481470736329827,-0.4213395231666955,-1.1938576525677131,0.9847360684426983,-1.3615811351912885,-1.570850905756451,2.720253132855595,0.09685648717950994,0.2166940767252531,-0.32113927254265795,0.10449189545365511,2.6056800961728423e-06,0.09685648853485286,-0.4213395231666955,-1.1938576525677131,0.9847360684426983,-1.3615811351912885,-1.570850905756451,2.720253132855595,nan,nan,nan,nan,nan,nan,0.03479481522005812,-10.599077630698716,-6.2475848254565856,-0.9629212099476026,0.0005827327861715144,-6.44194274739117e-13,28.0,28.0,14.0,6.0,6.0,6.0
2.508,1.0,0.0128442230139387,0.00010848060910586415,-0.40531746666157853,0.054396928974344304,0.224,-0.40531746666157853,0.054396928974344304,0.224,-0.39633113407075554,0.05423672081621512,0.2148242588994145,-0.4209515957885774,-1.1929911438136462,0.9834511107601147,-1.3611625646104157,-1.5708508583832215,2.720641060235533,0.09706364120950293,0.21661422748461784,-0.3213511583652817,0.10478359169664064,2.672083632531377e-06,0.09706364254406948,-0.4209515957885774,-1.1929911438136462,0.9834511107601147,-1.3611625646104157,-1.5708508583832215,2.720641060235533,nan,nan,nan,nan,nan,nan,0.03476584301241616,-10.608153237944176,-6.24712421376254,-0.9629189585940574,0.0005808766433758905,-6.178253380566842e-13,28.0,28.0,14.0,6.0,6.0,6.0
2.512,1.0,0.012831028540005132,0.00010856147700660051,-0.40549140691189817,0.05431563470725562,0.224,-0.40549140691189817,0.05431563470725562,0.224,-0.3965140968357472,0.054154727582408614,0.21483390453419574,-0.42056284232797214,-1.1921249576706638,0.9821653110649134,-1.3607428296403343,-1.5708508107788695,2.721029813697876,0.09726977295837276,0.21653310176206542,-0.32156089678295763,0.10507441618577623,2.7383036131688297e-06,0.0972697742727032,-0.42056284232797214,-1.1921249576706638,0.9821653110649134,-1.3607428296403343,-1.5708508107788695,2.721029813697876,nan,nan,nan,nan,nan,nan,0.034736511473690196,-10.617219661650584,-6.246661369272499,-0.9629167057514647,0.0005790163326636478,-5.914110830847975e-13,28.0,28.0,14.0,6.0,6.0,6.0
2.516,1.0,0.012817703652757362,0.00010864212938335682,-0.4056650861304337,0.05423378424854216,0.224,-0.4056650861304337,0.05423378424854216,0.224,-0.3966968890346652,0.054072180935892285,0.21484364416644378,-0.42017326687136936,-1.1912590992453653,0.9808786779617695,-1.3603219337822545,-1.5708507629442703,2.721419389156136,0.09747488346494713,0.21645069921506685,-0.3217684816659492,0.10536436312390964,2.8043433087143007e-06,0.09747488475958248,-0.42017326687136936,-1.1912590992453653,0.9808786779617695,-1.3603219337822545,-1.5708507629442703,2.721419389156136,nan,nan,nan,nan,nan,nan,0.03470682106812485,-10.626276839717711,-6.246196288314663,-0.9629144514339327,0.0005771518713699185,-5.650928517769192e-13,28.0,28.0,14.0,6.0,6.0,6.0
2.52,1.0,0.01280424848210078,0.00010872254833502834,-0.40583850253871157,0.054151378436351885,0.224,-0.40583850253871157,0.054151378436351885,0.224,-0.3968795088075106,0.05398908172711624,0.21485347769401653,-0.41978287350109633,-1.1903935736458051,0.9795912200799841,-1.3598998805605944,-1.5708507148802857,2.7218097825279877,0.09767897377090784,0.21636701946696218,-0.3219739068404337,0.10565342670389832,2.8702059943052177e-06,0.09767897504638663,-0.41978287350109633,-1.1903935736458051,0.9795912200799841,-1.3598998805605944,-1.5708507148802857,2.7218097825279877,nan,nan,nan,nan,nan,nan,0.03467677226575404,-10.635324710164916,-6.245728967253893,-0.9629121956556166,0.0005752832768281936,-5.38872598833313e-13,28.0,28.0,14.0,6.0,6.0,6.0
2.524,1.0,0.012790663159228334,0.00010880273437920687,-0.4060116543609492,0.0540684181145196,0.224,-0.4060116543609492,0.0540684181145196,0.224,-0.39706195429609786,0.05390543081214034,0.21486340501383017,-0.41939166629530694,-1.1895283859816295,0.9783029460736605,-1.3594766735230204,-1.5708506665877642,2.7222009897352795,0.09788204492072759,0.21628206210681816,-0.3221771660881408,0.10594160110838678,2.935894949769723e-06,0.09788204617758592,-0.41939166629530694,-1.1895283859816295,0.9783029460736605,-1.3594766735230204,-1.5708506665877642,2.7222009897352795,nan,nan,nan,nan,nan,nan,0.03464636554233658,-10.644363211130326,-6.245259402492162,-0.9629099384307039,0.0005734105663692975,-5.128811252968572e-13,28.0,28.0,14.0,6.0,6.0,6.0
2.528,1.0,0.01277694781661941,0.00010888269414836632,-0.4061845398240735,0.05398490413255829,0.224,-0.4061845398240735,0.05398490413255829,0.224,-0.3972442236440739,0.05382122905262439,0.21487342602186002,-0.4189996493279704,-1.1886635413642133,0.9770138646218837,-1.3590523162404888,-1.5708506180675401,2.7225930067040442,0.0980840979616072,0.21619582668928775,-0.3223782531459912,0.10622888050959015,3.001413459310245e-06,0.09808409920037575,-0.4189996493279704,-1.1886635413642133,0.9770138646218837,-1.3590523162404888,-1.5708506180675401,2.7225930067040442,nan,nan,nan,nan,nan,nan,0.034615601379409826,-10.653392280870502,-6.244787590469185,-0.9629076797734321,0.0005715337573228504,-4.871549083135606e-13,28.0,28.0,14.0,6.0,6.0,6.0
2.532,1.0,0.012763102588037272,0.0001089624077625572,-0.4063571571577388,0.05390083734565039,0.224,-0.4063571571577388,0.05390083734565039,0.224,-0.3974263149969382,0.053736477315819806,0.21488354061314238,-0.4186068266688608,-1.1877990449067983,0.9757239844288995,-1.3586268123072869,-1.5708505693204353,2.72298582936451,0.09828513394341332,0.21610831273446718,-0.3225771617057337,0.10651525906907226,3.066764812190463e-06,0.09828513516461652,-0.4186068266688608,-1.1877990449067983,0.9757239844288995,-1.3586268123072869,-1.5708505693204353,2.72298582936451,nan,nan,nan,nan,nan,nan,0.034584480264264736,-10.662411857759746,-6.244313527662906,-0.9629054196980779,0.0005696528670139347,-4.617289935808225e-13,28.0,28.0,14.0,6.0,6.0,6.0
2.536,1.0,0.0127491276085298,0.00010904189001589265,-0.40652950459434506,0.05381621861463907,0.224,-0.40652950459434506,0.05381621861463907,0.224,-0.397608226502059,0.05365117647456078,0.21489374868177513,-0.41821320238354626,-1.1869349017246325,0.9744333142242971,-1.3582001653410776,-1.5708505203472576,2.7233794536511104,0.09848515391861637,0.21601951972775293,-0.3227738854135782,0.10680073093752153,3.1319523019523415e-06,0.09848515512277174,-0.41821320238354626,-1.1869349017246325,0.9744333142242971,-1.3582001653410776,-1.5708505203472576,2.7233794536511104,nan,nan,nan,nan,nan,nan,0.034553002689940465,-10.671421880289383,-6.243837210590015,-0.9629031582189631,0.0005677679127667166,-4.366664138054149e-13,28.0,28.0,14.0,6.0,6.0,6.0
2.54,1.0,0.012735023014425584,0.00010912112920486182,-0.4067015803690561,0.053731048806019366,0.224,-0.4067015803690561,0.053731048806019366,0.224,-0.3977899563086952,0.053565327407255385,0.21490405012091993,-0.417818780533379,-1.1860711169351077,0.9731418627631917,-1.3577723789829426,-1.5708504711488016,2.7237738755024963,0.09868415894222941,0.2159294471197002,-0.32296841786983177,0.10708529025452876,3.1969792262020147e-06,0.09868416012984602,-0.417818780533379,-1.1860711169351077,0.9731418627631917,-1.3577723789829426,-1.5708504711488016,2.7237738755024963,nan,nan,nan,nan,nan,nan,0.0345211691552591,-10.680422287067312,-6.2433586358065245,-0.9629008953504494,0.0005658789119022026,-4.120591204450405e-13,28.0,28.0,14.0,6.0,6.0,6.0
2.544,1.0,0.01272078894333442,0.00010920011772509813,-0.40687338271981754,0.05364532879192942,0.224,-0.40687338271981754,0.05364532879192942,0.224,-0.39797150256801245,0.05347893099787724,0.21491444482280295,-0.41742356517548507,-1.185207695657901,0.9718496388264086,-1.357343456897427,-1.5708504217258483,2.724169090861543,0.09888215007174746,0.21583809432587936,-0.3231607526285307,0.1073689311483642,3.2618488869198942e-06,0.09888215124332393,-0.41742356517548507,-1.185207695657901,0.9718496388264086,-1.357343456897427,-1.5708504217258483,2.724169090861543,nan,nan,nan,nan,nan,nan,0.03448898016478372,-10.689413016817275,-6.242877799908265,-0.9628986311069407,0.0005639858817390903,-3.878816658038976e-13,28.0,28.0,14.0,6.0,6.0,6.0
2.548,1.0,0.012706425534145199,0.00010927887440733623,-0.40704490988737474,0.05355905945014138,0.224,-0.40704490988737474,0.05355905945014138,0.224,-0.3981528634331031,0.05339198813595548,0.21492493267871648,-0.4170275603627545,-1.1843446430151134,0.9705566512206698,-1.356913402772586,-1.5708503720791653,2.724565095675362,0.09907912836708689,0.21574546072673256,-0.3233508831970708,0.10765164773574959,3.3265645905942132e-06,0.09907912952311199,-0.4170275603627545,-1.1843446430151134,0.9705566512206698,-1.356913402772586,-1.5708503720791653,2.724565095675362,nan,nan,nan,nan,nan,nan,0.034456436228852874,-10.698394008378274,-6.242394699531452,-0.9628963655028836,0.0005620888395935327,-3.642173185921546e-13,28.0,28.0,14.0,6.0,6.0,6.0
2.552,1.0,0.012691932927024202,0.00010935737132618182,-0.40721616011529105,0.053472241664052594,0.224,-0.40721616011529105,0.053472241664052594,0.224,-0.39833403705900533,0.05330449971656699,0.2149355135790199,-0.4166307701438322,-1.1834819641314118,0.9692629087787809,-1.356482220320031,-1.5708503222095067,2.7249618858953113,0.09927509489052587,0.21565154566743067,-0.32353880303583643,0.10793343412163023,3.391129647999976e-06,0.0992750960314766,-0.4166307701438322,-1.1834819641314118,0.9692629087787809,-1.356482220320031,-1.5708503222095067,2.7249618858953113,nan,nan,nan,nan,nan,nan,0.03442353786356915,-10.70736520070399,-6.241909331353248,-0.9628940985527683,0.0005601878027786069,-3.410725275789886e-13,28.0,28.0,14.0,6.0,6.0,6.0
2.556,1.0,0.012677311263413859,0.00010943562121459676,-0.4073871316499655,0.053384876322676425,0.224,-0.4073871316499655,0.053384876322676425,0.224,-0.3985150216027206,0.053216466640326275,0.21494618741314206,-0.4162331985631082,-1.1826196641341695,0.96796842035982,-1.3560499132749773,-1.5708502721176132,2.725359457477003,0.09947005070664516,0.21555634845772995,-0.32372450555783217,0.10821428439895232,3.455547373092834e-06,0.0994700518329867,-0.4162331985631082,-1.1826196641341695,0.96796842035982,-1.3560499132749773,-1.5708502721176132,2.725359457477003,nan,nan,nan,nan,nan,nan,0.03439028559080903,-10.716326532862158,-6.241421692092269,-0.9628918302711242,0.0005582827886056615,-3.1851349205046865e-13,28.0,28.0,14.0,6.0,6.0,6.0
2.56,1.0,0.01266256068603121,0.00010951361243679237,-0.4075578227406512,0.053296964320633175,0.224,-0.4075578227406512,0.053296964320633175,0.224,-0.3986958152232339,0.0531278898133771,0.21495695406958154,-0.41583484966070866,-1.1817577481536092,0.9666731948493287,-1.355616485396292,-1.570850221804212,2.7257578063803116,0.09966399688226893,0.21545986837182618,-0.3239079841283048,0.10849419264842819,3.519821085023577e-06,0.09966399799445302,-0.41583484966070866,-1.1817577481536092,0.9666731948493287,-1.355616485396292,-1.570850221804212,2.7257578063803116,nan,nan,nan,nan,nan,nan,0.03435667993821234,-10.72527794403389,-6.240931778509178,-0.9628895606725264,0.0005563738143822281,-2.9654164542998783e-13,28.0,28.0,14.0,6.0,6.0,6.0
2.564,1.0,0.012647681338866741,0.00010959134959724067,-0.4077282316394729,0.05320850655814101,0.224,-0.4077282316394729,0.05320850655814101,0.224,-0.3988764160815302,0.05303877014738274,0.21496781343590912,-0.41543572747248736,-1.1808962213229452,0.9653772411595033,-1.3551819404665446,-1.570850171270017,2.726156928569386,0.09985693448640681,0.21536210464821215,-0.3240892320643721,0.10877315293830929,3.5839541059626552e-06,0.09985693558487187,-0.41543572747248736,-1.1808962213229452,0.9653772411595033,-1.3551819404665446,-1.570850171270017,2.726156928569386,nan,nan,nan,nan,nan,nan,0.03432272143916692,-10.734219373513026,-6.2404395874072,-0.96288728977159,0.0005544608974144597,-2.7516985807024123e-13,28.0,28.0,14.0,6.0,6.0,6.0
2.568,1.0,0.012632673367182242,0.00010966881906342478,-0.40789835660144486,0.05311950394100662,0.224,-0.40789835660144486,0.05311950394100662,0.224,-0.3990568223406158,0.052949108559517254,0.21497876539876784,-0.4150358360300166,-1.1800350887785263,0.9640805682293887,-1.3547462822920568,-1.5708501205157277,2.7265568200126546,0.10004886459019596,0.2152630564895331,-0.32426824263464793,0.10905115932415572,3.6479497627546887e-06,0.10004886567536671,-0.4150358360300166,-1.1800350887785263,0.9640805682293887,-1.3547462822920568,-1.5708501205157277,2.7265568200126546,nan,nan,nan,nan,nan,nan,0.03428841063286598,-10.743150760705566,-6.239945115632669,-0.962885017582965,0.0005525440550044346,-2.543838568654144e-13,28.0,28.0,14.0,6.0,6.0,6.0
2.572,1.0,0.01261753691750997,0.00010974603151853263,-0.408068195884489,0.05302995738061605,0.224,-0.408068195884489,0.05302995738061605,0.224,-0.3992370321655346,0.0528589059724559,0.21498980984387586,-0.4146351793605792,-1.179174355659979,0.9627831850250729,-1.3543095147029545,-1.570850069542031,2.726957476682838,0.10023978826684393,0.21516272306244125,-0.3244450090588623,0.10932820584860196,3.7118113847055534e-06,0.1002397893391317,-0.4146351793605792,-1.179174355659979,0.9627831850250729,-1.3543095147029545,-1.570850069542031,2.726957476682838,nan,nan,nan,nan,nan,nan,0.03425374806424179,-10.75207204512914,-6.239448360075699,-0.9628827441213573,0.0005506233044522691,-2.343272670138358e-13,28.0,28.0,14.0,6.0,6.0,6.0
2.576,1.0,0.012602272137650531,0.00010982297335176192,-0.40823774774945254,0.05293986779392529,0.224,-0.40823774774945254,0.05293986779392529,0.224,-0.39941704372338843,0.05276816331436591,0.21500094665602662,-0.4142337614871602,-1.1783140271103534,0.9614851005398838,-1.3538716415532177,-1.5708500183496006,2.7273588945569522,0.10042970659157147,0.21506110349745092,-0.3246195245074861,0.10960428654112646,3.775542305294892e-06,0.1004297076513711,-0.4142337614871602,-1.1783140271103534,0.9614851005398838,-1.3538716415532177,-1.5708500183496006,2.7273588945569522,nan,nan,nan,nan,nan,nan,0.0342187342840037,-10.760983166412085,-6.238949317670565,-0.9628804694015015,0.0005486986630557514,-2.148989431825582e-13,28.0,28.0,14.0,6.0,6.0,6.0
2.58,1.0,0.0125868791766722,0.00010989964715193844,-0.4084070104601259,0.05284923610345091,0.224,-0.4084070104601259,0.05284923610345091,0.224,-0.399596855183354,0.05267688151889706,0.21501217571909106,-0.41383158642843915,-1.1774541082762666,0.9601863237945869,-1.3534326667207368,-1.5708499669390956,2.727761069616319,0.10061862064155642,0.21495819688879358,-0.3247917821013491,0.10987939541781484,3.83914586244821e-06,0.10061862168924844,-0.41383158642843915,-1.1774541082762666,0.9601863237945869,-1.3534326667207368,-1.5708499669390956,2.727761069616319,nan,nan,nan,nan,nan,nan,0.03418336984865619,-10.769884064293226,-6.238447985396478,-0.9628781934381878,0.0005467701481097011,-1.9610390747839696e-13,28.0,28.0,14.0,6.0,6.0,6.0
2.584,1.0,0.012571358184907575,0.00010997604944161533,-0.4085759822832603,0.05275806323726063,0.224,-0.4085759822832603,0.05275806323726063,0.224,-0.39977646471670353,0.05258506152517191,0.21502349691601927,-0.413428658198782,-1.1765946043080489,0.9588868638375849,-1.3529925941073642,-1.5708499153111621,2.7281639978465733,0.10080653149587776,0.21485400229427107,-0.3249617749112606,0.1101535264811261,3.902625397448578e-06,0.10080653253182825,-0.413428658198782,-1.1765946043080489,0.9588868638375849,-1.3529925941073642,-1.5708499153111621,2.7281639978465733,nan,nan,nan,nan,nan,nan,0.03414765532046351,-10.77877467862081,-6.2379443602779405,-0.9628759162462318,0.0005448377769051264,-1.7798401684072112e-13,28.0,28.0,14.0,6.0,6.0,6.0
2.588,1.0,0.012555709313954718,0.00011005218683916093,-0.4087446614885859,0.052666350128963806,0.224,-0.4087446614885859,0.052666350128963806,0.224,-0.3999558704968209,0.05249270427777714,0.21503491012884057,-0.413024980808234,-1.1757355203598896,0.9575867297451184,-1.3525514276389707,-1.5708498634664327,2.728567675237672,0.10099344023546032,0.2147485187351104,-0.3251294959576252,0.11042667371965563,3.965984253966338e-06,0.10099344126002006,-0.413024980808234,-1.1757355203598896,0.9575867297451184,-1.3525514276389707,-1.5708498634664327,2.728567675237672,nan,nan,nan,nan,nan,nan,0.03411159126745382,-10.787654949352087,-6.237438439385468,-0.9628736378405001,0.0005429015667313753,-1.605132645178712e-13,28.0,28.0,14.0,6.0,6.0,6.0
2.592,1.0,0.012539932716672761,0.00011012802561789114,-0.408913046348829,0.05257409771770186,0.224,-0.408913046348829,0.05257409771770186,0.224,-0.40013507069922255,0.05239981072675294,0.2150464152386666,-0.41262055826251237,-1.1748768615899838,0.9562859306214684,-1.3521091712655013,-1.5708498114055267,2.7289720977838994,0.10117934794301987,0.2146417451958184,-0.3252949382100625,0.11069883110790081,4.029225779606792e-06,0.10117934895652485,-0.41262055826251237,-1.1748768615899838,0.9562859306214684,-1.3521091712655013,-1.5708498114055267,2.7289720977838994,nan,nan,nan,nan,nan,nan,0.03407517826342865,-10.796524816552726,-6.2369302198361325,-0.9628713582359018,0.000540961534874567,-1.4371363426454355e-13,28.0,28.0,14.0,6.0,6.0,6.0
2.596,1.0,0.012524028547182738,0.00011020358251317518,-0.40908113513973016,0.05248130694813871,0.224,-0.40908113513973016,0.05248130694813871,0.224,-0.4003140635015737,0.05230638182758414,0.2150580121256915,-0.4122153945629992,-1.1740186331606792,0.954984475599161,-1.3516658289610315,-1.5708497591290493,2.729377261483874,0.10136425570300839,0.2145336806240339,-0.3254580945870196,0.11096999260601918,4.09235332519503e-06,0.10136425670577937,-0.4122153945629992,-1.1740186331606792,0.954984475599161,-1.3516658289610315,-1.5708497591290493,2.729377261483874,nan,nan,nan,nan,nan,nan,0.03403841688799181,-10.805384220396068,-6.236419698794109,-0.9628690774473844,0.0005390176986180573,-1.275766987258888e-13,28.0,28.0,14.0,6.0,6.0,6.0
2.6,1.0,0.01250799696086398,0.00011027886615833697,-0.4092489261400616,0.05238797877045098,0.224,-0.4092489261400616,0.05238797877045098,0.224,-0.40049284708370864,0.05221241854118996,0.2150697006691947,-0.41180949370673464,-1.173160840238625,0.9536823738391723,-1.3512214047238256,-1.570849706637593,2.7297831623405577,0.1015481646015603,0.21442432393038083,-0.3256189579553852,0.11124015215959054,4.15537024555121e-06,0.10154816559390295,-0.41180949370673464,-1.173160840238625,0.9536823738391723,-1.3512214047238256,-1.570849706637593,2.7297831623405577,nan,nan,nan,nan,nan,nan,0.034001307726481654,-10.814233101162408,-6.235906873471258,-0.9628667954899355,0.0005370700752425286,-1.1209796500588532e-13,28.0,28.0,14.0,6.0,6.0,6.0
2.604,1.0,0.01249183811435356,0.00011035386101569696,-0.4094164176316449,0.052294114140318426,0.224,-0.4094164176316449,0.052294114140318426,0.224,-0.4006714196276487,0.05211792183391487,0.21508148074754094,-0.4114028596864103,-1.172303487994919,0.9523796345311357,-1.3507759025763957,-1.5708496539317356,2.73018979636126,0.10173107572643887,0.21431367398832246,-0.32577752113010405,0.111509303699378,4.218279897931759e-06,0.10173107670864398,-0.4114028596864103,-1.172303487994919,0.9523796345311357,-1.3507759025763957,-1.5708496539317356,2.73018979636126,nan,nan,nan,nan,nan,nan,0.033963851370045,-10.823071399238529,-6.235391741127755,-0.9628645123785885,0.0005351186820253103,-9.724990284647462e-14,28.0,28.0,14.0,6.0,6.0,6.0
2.608,1.0,0.012475552165544938,0.00011042855560910429,-0.4095836078993687,0.05219971401891401,0.224,-0.4095836078993687,0.05219971401891401,0.224,-0.40084977931762006,0.05202289267751839,0.2150933522381824,-0.410995496490363,-1.171446581605257,0.9510762668935507,-1.3503293265655618,-1.570849601012042,2.7305971595576453,0.10191299016698337,0.21420172963401346,-0.3259337768737878,0.11177744114108619,4.28108564234272e-06,0.10191299113932731,-0.410995496490363,-1.171446581605257,0.9510762668935507,-1.3503293265655618,-1.570849601012042,2.7305971595576453,nan,nan,nan,nan,nan,nan,0.033926048415601165,-10.831899055116883,-6.234874299072604,-0.9628622281284108,0.0005331635362420675,-8.310561863466161e-14,28.0,28.0,14.0,6.0,6.0,6.0
2.612,1.0,0.012459139273585482,0.00011050295255684997,-0.40975049523120616,0.05210477937289418,0.224,-0.40975049523120616,0.05210477937289418,0.224,-0.40102792434007295,0.05192733204916544,0.21510531501766042,-0.4105874081025683,-1.170590126250083,0.949772280173993,-1.3498816807625111,-1.570849547879064,2.7310052479457383,0.10209390901405631,0.2140884896661522,-0.326087717896324,0.1120445583851186,4.343790842657136e-06,0.10209390997679954,-0.4105874081025683,-1.170590126250083,0.949772280173993,-1.3498816807625111,-1.570849547879064,2.7310052479457383,nan,nan,nan,nan,nan,nan,0.03388789946581505,-10.840716009395054,-6.234354544664309,-0.9628599427545173,0.0005312046551637262,-6.955634132383027e-14,28.0,28.0,14.0,6.0,6.0,6.0
2.616,1.0,0.012442599598875618,0.00011057705848386721,-0.4099170779182324,0.052009311174388874,0.224,-0.4099170779182324,0.052009311174388874,0.224,-0.40120585288369937,0.05183124093141623,0.21511736896160646,-0.4101785985026347,-1.1697341271147386,0.9484676836493263,-1.3494329692628617,-1.5708494945333396,2.731414057545933,0.10227383335999124,0.2139739528458335,-0.32623933685448786,0.11231064931633657,4.406398865132222e-06,0.10227383431338065,-0.4101785985026347,-1.1697341271147386,0.9484676836493263,-1.3494329692628617,-1.5708494945333396,2.731414057545933,nan,nan,nan,nan,nan,nan,0.03384940512915485,-10.849522202775104,-6.23383247531142,-0.9628576562720621,0.0005292420560599339,-5.666834430690764e-14,28.0,28.0,14.0,6.0,6.0,6.0
2.62,1.0,0.01242593330306593,0.0001106508619345879,-0.41008335425464215,0.0519133104009916,0.224,-0.41008335425464215,0.0519133104009916,0.224,-0.40138356313945245,0.05173462031221653,0.21512951394474447,-0.40976907166579823,-1.1688785893896136,0.9471624866259161,-1.3489831961867238,-1.5708494409753926,2.731823584382993,0.10245276429854089,0.21385811789639897,-0.3263886263515467,0.11257570780381297,4.468913079500994e-06,0.10245276524280834,-0.40976907166579823,-1.1688785893896136,0.9471624866259161,-1.3489831961867238,-1.5708494409753926,2.731823584382993,nan,nan,nan,nan,nan,nan,0.03381056601986659,-10.85831757606278,-6.233308088473123,-0.9628553686962389,0.0005272757561966888,-4.4361480285198674e-14,28.0,28.0,14.0,6.0,6.0,6.0
2.624,1.0,0.012409140549057443,0.00011072435950309645,-0.41024932253776725,0.051816778035749446,0.224,-0.41024932253776725,0.051816778035749446,0.224,-0.40156105330056346,0.051637471184887276,0.21514174984089104,-0.4093588315629162,-1.1680235182702985,0.945856698439844,-1.3485323656787642,-1.5708493872057336,2.732233824486063,0.10263070292482646,0.21374098350329052,-0.32653557893687024,0.1128397277005913,4.531336857827737e-06,0.1026307038601906,-0.4093588315629162,-1.1680235182702985,0.945856698439844,-1.3485323656787642,-1.5708493872057336,2.732233824486063,nan,nan,nan,nan,nan,nan,0.033771382757974866,-10.867102070167014,-6.23278138165987,-0.9628530800422856,0.0005253057728374077,-3.2660358381937845e-14,28.0,28.0,14.0,6.0,6.0,6.0
2.628,1.0,0.012392221500997952,0.00011079753175754238,-0.4104149810680939,0.051719715067152984,0.224,-0.4104149810680939,0.051719715067152984,0.224,-0.40173832156256184,0.05153979454811525,0.21515407652295784,-0.40894788216046224,-1.1671689189577357,0.9445503284571247,-1.348080481908271,-1.57084933322486,2.732644773888669,0.10280765033528648,0.2136225483139003,-0.32668018710553326,0.11310270284343389,4.593673575040025e-06,0.10280765126195218,-0.40894788216046224,-1.1671689189577357,0.9445503284571247,-1.348080481908271,-1.57084933322486,2.732644773888669,nan,nan,nan,nan,nan,nan,0.03373185596924195,-10.875875626099143,-6.232252352433944,-0.962850790325475,0.0005233321232419876,-2.1579219986000808e-14,28.0,28.0,14.0,6.0,6.0,6.0
2.632,1.0,0.012375176324281754,0.00011087040537765244,-0.41058032814928014,0.05162212248912617,0.224,-0.41058032814928014,0.05162212248912617,0.224,-0.40191536612329143,0.05144159140594203,0.2151664938629533,-0.40853622742052126,-1.1663147966583713,0.9432433860739237,-1.3476275490692187,-1.5708492790332556,2.7330564286287284,0.10298360762762629,0.2135028109374225,-0.3268224432979222,0.11336462705258286,4.6559266089472324e-06,0.10298360854578434,-0.40853622742052126,-1.1663147966583713,0.9432433860739237,-1.3476275490692187,-1.5708492790332556,2.7330564286287284,nan,nan,nan,nan,nan,nan,0.03369198628527248,-10.884638184972351,-6.231720998410101,-0.9628484995611255,0.0005213548246682932,-1.1059986914809221e-14,28.0,28.0,14.0,6.0,6.0,6.0
2.636,1.0,0.012358005185546644,0.00011094296694189576,-0.4107453620881733,0.05152400130101616,0.224,-0.4107453620881733,0.05152400130101616,0.224,-0.4020921851829311,0.05134286276775438,0.2151790017319836,-0.40812387130078426,-1.1654611565843096,0.9419358807167773,-1.347173571380335,-1.5708492246313899,2.7334687847485504,0.10315857590076857,0.21338176994470343,-0.32696233989933676,0.11362549413150726,4.718099339784496e-06,0.10315857681059697,-0.40812387130078426,-1.1654611565843096,0.9419358807167773,-1.347173571380335,-1.5708492246313899,2.7334687847485504,nan,nan,nan,nan,nan,nan,0.03365177434338474,-10.893389688000916,-6.231187317256168,-0.9628462077645958,0.0005193738943702619,-1.1120873643699462e-15,28.0,28.0,14.0,6.0,6.0,6.0
2.64,1.0,0.012340708252673907,0.00011101519106050599,-0.4109100811948274,0.05142535250758303,0.224,-0.4109100811948274,0.05142535250758303,0.224,-0.40226877694401086,0.0512436096482742,0.21519160000025409,-0.40771081775454376,-1.1646080039534659,0.9406278218428137,-1.3467185530851689,-1.5708491700197194,2.7338818382948427,0.10333255625480343,0.21325942386809266,-0.3270998692395934,0.11388529786665831,4.780195150664327e-06,0.10333255715646715,-0.40771081775454376,-1.1646080039534659,0.9406278218428137,-1.3467185530851689,-1.5708491700197194,2.7338818382948427,nan,nan,nan,nan,nan,nan,0.03361122078672009,-10.902130076499551,-6.230651306693643,-0.9628439149512865,0.0005173893495994438,8.269523585672995e-15,28.0,28.0,14.0,6.0,6.0,6.0
2.644,1.0,0.012323285694784919,0.00011108710437649793,-0.41107448378252015,0.0513261771189896,0.224,-0.41107448378252015,0.0513261771189896,0.224,-0.40244513961143147,0.051143833067547294,0.2152042885370715,-0.40729707073068916,-1.163755343989722,0.939319218939976,-1.346262498452159,-1.5708491151986872,2.734295585318717,0.10350554979093995,0.2131357712012937,-0.3272350235926273,0.11414403202721898,4.842217425538903e-06,0.10350555068459112,-0.40729707073068916,-1.163755343989722,0.939319218939976,-1.346262498452159,-1.5708491151986872,2.734295585318717,nan,nan,nan,nan,nan,nan,0.03357032626418188,-10.91085929188277,-6.230112964498248,-0.9628416211366225,0.0005154012076044439,1.718115765872344e-14,28.0,28.0,14.0,6.0,6.0,6.0
2.648,1.0,0.01230573768224034,0.00011115868352253428,-0.4112385681677705,0.051226476150790956,0.224,-0.4112385681677705,0.051226476150790956,0.224,-0.40262127139248227,0.05104353405093439,0.21521706721084483,-0.40688263417370213,-1.162903181923079,0.9380100815272467,-1.3458054117747027,-1.5708490601687228,2.7347100218756912,0.10367755761145678,0.21301081039921113,-0.32736779517608616,0.11440169036485284,4.904169552302104e-06,0.10367755849723677,-0.40688263417370213,-1.162903181923079,0.9380100815272467,-1.3458054117747027,-1.5708490601687228,2.7347100218756912,nan,nan,nan,nan,nan,nan,0.033529091430403196,-10.919577275664158,-6.229572288500726,-0.9628393263360956,0.0005134094856307217,2.5570842578890705e-14,28.0,28.0,14.0,6.0,6.0,6.0
2.652,1.0,0.012288064386638072,0.00011122992515122085,-0.4114023326703558,0.051126250623924153,0.224,-0.4114023326703558,0.051126250623924153,0.224,-0.40279717049685937,0.05094271362909974,0.21522993588908726,-0.4064675120236532,-1.1620515229898152,0.9367004191548733,-1.3453472973712282,-1.570849004930242,2.735125144025697,0.10384858081965455,0.212884539877805,-0.3274981761509391,0.11465826661345639,4.966054921203313e-06,0.10384858169769286,-0.4064675120236532,-1.1620515229898152,0.9367004191548733,-1.3453472973712282,-1.570849004930242,2.735125144025697,nan,nan,nan,nan,nan,nan,0.03348751694584939,-10.928283969455741,-6.229029276587272,-0.9628370305652201,0.0005114142009209545,3.341743076833355e-14,28.0,28.0,14.0,6.0,6.0,6.0
2.656,1.0,0.012270265980811337,0.00011130083789065365,-0.4115657756133289,0.05102550156469772,0.224,-0.4115657756133289,0.05102550156469772,0.224,-0.40297283513668386,0.0508413728380006,0.21524289443841768,-0.4060517082161969,-1.161200372432641,0.9353902414045966,-1.3448881595852642,-1.5708489494836466,2.7355409478330794,0.1040186205198081,0.2127569580139376,-0.3276261586210686,0.11491375448890599,5.0278769241520554e-06,0.10401862139022185,-0.4060517082161969,-1.161200372432641,0.9353902414045966,-1.3448881595852642,-1.5708489494836466,2.7355409478330794,nan,nan,nan,nan,nan,nan,0.03344560347673663,-10.936979314967331,-6.228483926700237,-0.9628347338395509,0.0005094153707147191,4.081653953827181e-14,28.0,28.0,14.0,6.0,6.0,6.0
2.66,1.0,0.01225234263882742,0.00011137140841295209,-0.4117288953230356,0.05092423000478113,0.224,-0.4117288953230356,0.05092423000478113,0.224,-0.4031482635265199,0.050739512718877645,0.21525594272456197,-0.4056352266825684,-1.1603497355008554,0.9340795578898796,-1.3444280027855144,-1.570848893829326,2.7359574293666045,0.10418767781711881,0.2126280631452221,-0.32775173463286683,0.11516814768880611,5.089638956118118e-06,0.10418767868001488,-0.4056352266825684,-1.1603497355008554,0.9340795578898796,-1.3444280027855144,-1.570848893829326,2.7359574293666045,nan,nan,nan,nan,nan,nan,0.03340335169504165,-10.945663254005702,-6.22793623683876,-0.9628324361746872,0.0005074130122486168,4.777396257943279e-14,28.0,28.0,14.0,6.0,6.0,6.0
2.664,1.0,0.01223429453598529,0.00011144164135319276,-0.4118916901291314,0.050822436981194256,0.224,-0.4118916901291314,0.050822436981194256,0.224,-0.403323453883393,0.050637134318243175,0.21526908061235486,-0.40521807134958004,-1.159499617450504,0.9327683782561385,-1.3439668313659296,-1.5708488379676546,2.7363745846994596,0.10435575381766811,0.2124978535698741,-0.32787489617483545,0.11542143989223677,5.151344413093599e-06,0.10435575467314331,-0.40521807134958004,-1.159499617450504,0.9327683782561385,-1.3439668313659296,-1.5708488379676546,2.7363745846994596,nan,nan,nan,nan,nan,nan,0.033360762278541886,-10.954335728474168,-6.2273862050594,-0.9628301375862689,0.0005054071427563514,5.423765221734351e-14,28.0,28.0,14.0,6.0,6.0,6.0
2.668,1.0,0.012216121848814515,0.00011151150947207115,-0.412054158364599,0.0507201235362968,0.224,-0.412054158364599,0.0507201235362968,0.224,-0.4034984044268079,0.05053423868787172,0.2152823079657411,-0.4048002461396176,-1.1586500235445363,0.9314567121809749,-1.3435046497457837,-1.5708487818989945,2.73679240990926,0.10452284962837066,0.21236632754655774,-0.3279956351771766,0.11567362475949884,5.2129966941060155e-06,0.10452285047651058,-0.4048002461396176,-1.1586500235445363,0.9314567121809749,-1.3435046497457837,-1.5708487818989945,2.73679240990926,nan,nan,nan,nan,nan,nan,0.033317835910755766,-10.962996680371667,-6.226833829476747,-0.9628278380899702,0.0005033977794673203,6.03051047278277e-14,28.0,28.0,14.0,6.0,6.0,6.0
2.672,1.0,0.012197824755072344,0.00011158104131469667,-0.412216298365765,0.05061729071777753,0.224,-0.412216298365765,0.05061729071777753,0.224,-0.4036731133787667,0.050430826884788595,0.21529562464777802,-0.40438175497063744,-1.1578009590529654,0.9301445693744108,-1.343041462369748,-1.5708487256236934,2.737210901078049,0.1046889663569283,0.2122334832942355,-0.32811394351138923,0.11592469593186121,5.2745991991923566e-06,0.10468896719780943,-0.40438175497063744,-1.1578009590529654,0.9301445693744108,-1.343041462369748,-1.5708487256236934,2.737210901078049,nan,nan,nan,nan,nan,nan,0.033274573280990274,-10.971646051792058,-6.226279108264032,-0.9628255377015073,0.0005013849396105515,6.591102893059906e-14,28.0,28.0,14.0,6.0,6.0,6.0
2.676,1.0,0.012179403433743284,0.0001116502037005475,-0.41237810847231726,0.05051393957864362,0.224,-0.41237810847231726,0.05051393957864362,0.224,-0.40384757896378737,0.05032689997125924,0.21530903052063535,-0.4039626017561631,-1.156952429253026,0.9288319595791233,-1.3425772737079693,-1.5708486691420858,2.7376300542923038,0.10485410511178472,0.21209931899201728,-0.3282298129898619,0.11617464703130474,5.33615533114706e-06,0.10485410594547304,-0.4039626017561631,-1.156952429253026,0.9288319595791233,-1.3425772737079693,-1.5708486691420858,2.7376300542923038,nan,nan,nan,nan,nan,nan,0.03323097508430718,-10.980283784923618,-6.22572203965384,-0.9628232364366363,0.0004993686404099341,7.122197931191008e-14,28.0,28.0,14.0,6.0,6.0,6.0
2.68,1.0,0.012160858065035978,0.00011171901719106302,-0.4125395870273217,0.05041007117720982,0.224,-0.4125395870273217,0.05041007117720982,0.224,-0.40402179940892075,0.05022245901477892,0.21532252544559916,-0.4035427904052826,-1.156104439429334,0.9275188925706829,-1.3421120882561468,-1.5708486124544927,2.738049865642936,0.10501826700207995,0.21196383277900774,-0.3283432353654651,0.11642347166026706,5.397668494351164e-06,0.10501826782863459,-0.4035427904052826,-1.156104439429334,0.9275188925706829,-1.3421120882561468,-1.5708486124544927,2.738049865642936,nan,nan,nan,nan,nan,nan,0.03318704202155555,-10.988909822048292,-6.22516262193872,-0.9628209343111531,0.0004973488990868853,7.608517499852979e-14,28.0,28.0,14.0,6.0,6.0,6.0
2.684,1.0,0.01214218883038241,0.00011178744469065788,-0.41270073237723925,0.05030568657708764,0.224,-0.41270073237723925,0.05030568657708764,0.224,-0.4041957729437699,0.050117505088061017,0.21533610928307081,-0.40312232482264604,-1.1552569948740485,0.9262053781577915,-1.3416459105356109,-1.5708485555612217,2.738470331225297,0.1051814531376054,0.2118270227541537,-0.3284542023311418,0.11667116340138604,5.459142095075767e-06,0.1051814539570753,-0.40312232482264604,-1.1552569948740485,0.9262053781577915,-1.3416459105356109,-1.5708485555612217,2.738470331225297,nan,nan,nan,nan,nan,nan,0.033142774799315336,-10.997524105540808,-6.224600853471773,-0.9628186313408883,0.0004953257328597662,8.061023050265056e-14,28.0,28.0,14.0,6.0,6.0,6.0
2.688,1.0,0.012123395912435131,0.00011185552065445815,-0.4128615428719431,0.05020078684717449,0.224,-0.4128615428719431,0.05020078684717449,0.224,-0.4043694978005068,0.050012039269027184,0.21534978189257134,-0.40270120890846234,-1.1544101008870309,0.9248914261825243,-1.3411787450934025,-1.570848498462566,2.738891447139177,0.10534366462875959,0.21168888697609314,-0.3285627055194983,0.11691771581724254,5.520579540942525e-06,0.10534366544118595,-0.40270120890846234,-1.1544101008870309,0.9248914261825243,-1.3411787450934025,-1.570848498462566,2.738891447139177,nan,nan,nan,nan,nan,nan,0.033098174129975046,-11.006126577868256,-6.224036732667396,-0.962816327541717,0.000493299158944174,8.479592253735183e-14,28.0,28.0,14.0,6.0,6.0,6.0
2.692,1.0,0.012104479495065993,0.00011192321001369776,-0.413022016864735,0.05009537306164269,0.224,-0.413022016864735,0.05009537306164269,0.224,-0.4045429722138916,0.04990606264079555,0.21536354313274036,-0.4022794465584979,-1.1535637627760076,0.9235770465205713,-1.3407105965023556,-1.5708484411588062,2.7393132094888104,0.10550490258650423,0.21154942346300193,-0.3286687365023944,0.11716312245010323,5.581984241420729e-06,0.10550490339192045,-0.4022794465584979,-1.1535637627760076,0.9235770465205713,-1.3407105965023556,-1.5708484411588062,2.7393132094888104,nan,nan,nan,nan,nan,nan,0.03305324073164588,-11.014717181589189,-6.223470258001864,-0.9628140229295487,0.0004912691945523659,8.864023134856013e-14,28.0,28.0,14.0,6.0,6.0,6.0
2.696,1.0,0.012085439763364566,0.00011199052536564556,-0.4131821527123628,0.0499894462999285,0.224,-0.4131821527123628,0.0499894462999285,0.224,-0.4047161944212891,0.04979957629167038,0.21537739286133958,-0.4018570416640736,-1.1527179858567316,0.9222622490814809,-1.3402414693611768,-1.570848383650209,2.739735614382876,0.10566516812232024,0.21140863019244127,-0.32877228679053117,0.11740737682166066,5.643359608226193e-06,0.10566516892075187,-0.4018570416640736,-1.1527179858567316,0.9222622490814809,-1.3402414693611768,-1.570848383650209,2.739735614382876,nan,nan,nan,nan,nan,nan,0.03300797532822224,-11.023295859352993,-6.222901428014006,-0.9628117175203312,0.0004892358568933254,9.219858321788488e-14,28.0,28.0,14.0,6.0,6.0,6.0
2.7,1.0,0.012066276903635072,0.00011205745549517745,-0.41334194877503677,0.04988300764672098,0.224,-0.41334194877503677,0.04988300764672098,0.224,-0.40488916266268793,0.04969258131513035,0.2153913309352539,-0.40143399811206343,-1.1518727754531457,0.9209470438089066,-1.33977136829453,-1.5708483259370274,2.7401586579345003,0.10582446234816482,0.21126650510120557,-0.3288733478330405,0.11765047243277821,5.704709053173136e-06,0.1058244631396308,-0.40143399811206343,-1.1518727754531457,0.9209470438089066,-1.33977136829453,-1.5708483259370274,2.7401586579345003,nan,nan,nan,nan,nan,nan,0.03296237864935456,-11.031862553899195,-6.222330241305881,-0.9628094113300564,0.0004871991631744142,9.545169915631862e-14,28.0,28.0,14.0,6.0,6.0,6.0
2.704,1.0,0.012046991103395608,0.00011212400901353934,-0.41350140341644664,0.04977605819195106,0.224,-0.41350140341644664,0.04977605819195106,0.224,-0.4050618751807177,0.04958507880981817,0.2154053572104929,-0.4010103197848923,-1.1510281368975466,0.9196314406808531,-1.3393002979531192,-1.5708482680195013,2.7405823362612587,0.10598278637642854,0.2111230460851692,-0.3289719110170726,0.11789240276322713,5.766035991039671e-06,0.10598278716094081,-0.4010103197848923,-1.1510281368975466,0.9196314406808531,-1.3393002979531192,-1.5708482680195013,2.7405823362612587,nan,nan,nan,nan,nan,nan,0.03291645143041645,-11.040417208056649,-6.221756696543384,-0.9628071043747443,0.00048515913059732796,9.843966723683612e-14,28.0,28.0,14.0,6.0,6.0,6.0
2.708,1.0,0.012027582551376221,0.00011219015888244422,-0.41366051500377826,0.0496685990307802,0.224,-0.41366051500377826,0.0496685990307802,0.224,-0.405234330220667,0.049477069879528913,0.21541947154219188,-0.4005860105605346,-1.1501840755307466,0.9183154497099263,-1.3388282630137738,-1.5708482098978567,2.7410066454851765,0.1061401413198926,0.21097825099913373,-0.3290679676673815,0.11813316127142784,5.827343836397868e-06,0.106140142097457,-0.4005860105605346,-1.1501840755307466,0.9183154497099263,-1.3388282630137738,-1.5708482098978567,2.7410066454851765,nan,nan,nan,nan,nan,nan,0.0328701944126084,-11.04895976474314,-6.2211807924569955,-0.96280479667046,0.0004831157763629322,1.0114529377551997e-13,28.0,28.0,14.0,6.0,6.0,6.0
2.712,1.0,0.012008051437516253,0.00011225591570558416,-0.4138192819077304,0.04956063126358927,0.224,-0.4138192819077304,0.04956063126358927,0.224,-0.40540652603050126,0.04936855563319895,0.21543367378461495,-0.4001610743125127,-1.1493405967022414,0.9169990809435826,-1.3383552681795345,-1.5708481515723063,2.7414315817327313,0.10629652829168686,0.21083211765667206,-0.32916150904590885,0.11837274139418898,5.888636006978174e-06,0.10629652906230268,-0.4001610743125127,-1.1493405967022414,0.9169990809435826,-1.3383552681795345,-1.5708481515723063,2.7414315817327313,nan,nan,nan,nan,nan,nan,0.032823608342789676,-11.0574901669641,-6.220602527842345,-0.9628024882333039,0.00048106911766831724,1.0364596820588176e-13,28.0,28.0,14.0,6.0,6.0,6.0
2.716,1.0,0.011988397952962897,0.00011232127028891546,-0.41397770250253124,0.049452155995967285,0.224,-0.41397770250253124,0.049452155995967285,0.224,-0.4055784608608807,0.049259537184894606,0.2154479637911554,-0.3997355149098955,-1.1484977057703725,0.9156823444643823,-1.3378813181797409,-1.5708480930430493,2.741857141134854,0.10645194840524834,0.21068464382998017,-0.32925252635137514,0.11861113654644713,5.949915920233641e-06,0.10645194916891018,-0.3997355149098955,-1.1484977057703725,0.9156823444643823,-1.3378813181797409,-1.5708480930430493,2.741857141134854,nan,nan,nan,nan,nan,nan,0.03277669397364985,-11.066008357812576,-6.220021901560991,-0.9628001790794144,0.00047901917170717464,1.0585658532606097e-13,28.0,28.0,14.0,6.0,6.0,6.0
2.72,1.0,0.011968622290068965,0.00011238621543125474,-0.4141357751659554,0.04934317433870001,0.224,-0.4141357751659554,0.04934317433870001,0.224,-0.4057501329651781,0.04915001565380133,0.2154623414143381,-0.39930933621729764,-1.147655408102495,0.9143652503902425,-1.3374064177701181,-1.5708480343102709,2.742283319826931,0.10660640277427959,0.2105358272497184,-0.3293410107188586,0.1188483401210046,6.0111869959931805e-06,0.10660640353097532,-0.39930933621729764,-1.147655408102495,0.9143652503902425,-1.3374064177701181,-1.5708480343102709,2.742283319826931,nan,nan,nan,nan,nan,nan,0.03272945206356209,-11.074514280467856,-6.219438912540994,-0.9627978692249687,0.00047696595567045866,1.078729946135537e-13,28.0,28.0,14.0,6.0,6.0,6.0
2.724,1.0,0.011948724642391658,0.00011245075381660549,-0.41429349827934014,0.049233687407758665,0.224,-0.41429349827934014,0.049233687407758665,0.224,-0.4059215405994959,0.04903999216421128,0.2154768065058206,-0.39888254209487833,-1.1468137090751431,0.9130478088746932,-1.3369305717328681,-1.5708479753741433,2.742710113948802,0.10675989251270819,0.2103856656048629,-0.3294269532193852,0.119084345488269,6.0724526543422524e-06,0.10675989326242118,-0.39888254209487833,-1.1468137090751431,0.9130478088746932,-1.3369305717328681,-1.5708479753741433,2.742710113948802,nan,nan,nan,nan,nan,nan,0.03268188337670949,-11.083007878195373,-6.218853559777672,-0.9627955586861782,0.0004749094867464855,1.0967443500702451e-13,28.0,28.0,14.0,6.0,6.0,6.0
2.728,1.0,0.01192870520469021,0.00011251486641022483,-0.4144508702276022,0.04912369632428848,0.224,-0.4144508702276022,0.04912369632428848,0.224,-0.4060926820226851,0.048929467845513386,0.2154913589163944,-0.39845513639834035,-1.1459726140741975,0.9117300301071343,-1.3364537848767575,-1.5708479162348254,2.7431375196447645,0.10691241873464569,0.210234156542547,-0.32951034485950587,0.11931914599598815,6.133716317136451e-06,0.10691241947735428,-0.39845513639834035,-1.1459726140741975,0.9117300301071343,-1.3364537848767575,-1.5708479162348254,2.7431375196447645,nan,nan,nan,nan,nan,nan,0.03263398868295797,-11.09148909434546,-6.218265842334226,-0.9627932474792926,0.0004728497821193,1.1134832323424528e-13,28.0,28.0,14.0,6.0,6.0,6.0
2.732,1.0,0.01190856417292263,0.00011257856774603525,-0.41460788939925414,0.049013202214597186,0.224,-0.41460788939925414,0.049013202214597186,0.224,-0.40626355549636195,0.048818443832180224,0.21550599849598914,-0.3980271229789299,-1.1451321284950533,0.9104119243130941,-1.3359760620372108,-1.570847856892462,2.743565533063573,0.10706398255434763,0.2100812976679108,-0.3295911765808838,0.11955273496898901,6.194981407108565e-06,0.10706398329002713,-0.3980271229789299,-1.1451321284950533,0.9104119243130941,-1.3359760620372108,-1.570847856892462,2.743565533063573,nan,nan,nan,nan,nan,nan,0.03258576875793576,-11.09995787235289,-6.217675759342443,-0.962790935620597,0.00047078685897052123,1.1277249644081973e-13,28.0,28.0,14.0,6.0,6.0,6.0
2.736,1.0,0.011888301744246653,0.00011264183486682919,-0.414764554186421,0.04890220621014351,0.224,-0.414764554186421,0.04890220621014351,0.224,-0.40643415928492543,0.0487069212637581,0.21552072509367046,-0.3975985056834356,-1.144292257742788,0.9090935017544909,-1.335497408076401,-1.5708477973471842,2.743994150358438,0.10721458508617374,0.2099270865439466,-0.329669439259877,0.11978510570891626,6.256251347391072e-06,0.10721458581479376,-0.3975985056834356,-1.144292257742788,0.9090935017544909,-1.335497408076401,-1.5708477973471842,2.743994150358438,nan,nan,nan,nan,nan,nan,0.03253722438300198,-11.108414155736098,-6.217083310003385,-0.9627886231264148,0.0004687207344791357,1.1402816690635017e-13,28.0,28.0,14.0,6.0,6.0,6.0
2.74,1.0,0.011867918117015059,0.00011270468426501411,-0.4149208629848568,0.04879070944752554,0.224,-0.4149208629848568,0.04879070944752554,0.224,-0.4066044916555761,0.04859490128485377,0.21553553855764448,-0.39716928835418847,-1.143453007232331,0.9077747727298937,-1.3350178278833436,-1.5708477375991106,2.7444233676870287,0.10736422744454845,0.20977152069134508,-0.3297451237071198,0.12001625149396568,6.317529562387618e-06,0.10736422816607466,-0.39716928835418847,-1.143453007232331,0.9077747727298937,-1.3350178278833436,-1.5708477375991106,2.7444233676870287,nan,nan,nan,nan,nan,nan,0.032488356345262356,-11.11685788809645,-6.2164884935880576,-0.9627863100131014,0.0004666514258203148,1.1516257735277496e-13,28.0,28.0,14.0,6.0,6.0,6.0
2.744,1.0,0.011847413490774918,0.0001127670851341507,-0.4150768141939608,0.04867871306846917,0.224,-0.4150768141939608,0.04867871306846917,0.224,-0.4067745508783327,0.04848238504512472,0.21555043873525845,-0.39673947482906174,-1.1426143823886319,0.9064557475747871,-1.3345373263739917,-1.5708476776483453,2.744853181211471,0.10751291074392183,0.2096145975883406,-0.32981822066710265,0.12024616557861968,6.378819476971728e-06,0.10751291145831698,-0.39673947482906174,-1.1426143823886319,0.9064557475747871,-1.3345373263739917,-1.5708476776483453,2.744853181211471,nan,nan,nan,nan,nan,nan,0.03243916543752698,-11.125289013117527,-6.2158913094381525,-0.9627839962970534,0.00046457895016631287,1.1614232122218678e-13,28.0,28.0,14.0,6.0,6.0,6.0
2.748,1.0,0.011826788066265552,0.00011282904412234673,-0.4152324062167939,0.04856621821981634,0.224,-0.4152324062167939,0.04856621821981634,0.224,-0.4069443352260499,0.048369373699265986,0.21556542547300234,-0.39630906894147083,-1.1417763886468317,0.9051364366618367,-1.3340559084913304,-1.57084761749498,2.74528358709835,0.10766063609873072,0.20945631467055853,-0.3298887208177576,0.12047484119338712,6.440124517197798e-06,0.10766063680595397,-0.39630906894147083,-1.1417763886468317,0.9051364366618367,-1.3340559084913304,-1.57084761749498,2.74528358709835,nan,nan,nan,nan,nan,nan,0.03238965245834934,-11.13370747456439,-6.215291756966698,-0.9627816819947024,0.0004625033246862352,1.170356592784859e-13,28.0,28.0,14.0,6.0,6.0,6.0
2.7520000000000002,1.0,0.011806042045415698,0.00011289056392407092,-0.41538763746009527,0.04845322605351332,0.224,-0.41538763746009527,0.04845322605351332,0.224,-0.4071138429744362,0.048255868406998845,0.2155804986165116,-0.3958780745203734,-1.1409390314524341,0.903816850401156,-1.3335735792054733,-1.5708475571390919,2.745714581518708,0.10780740462336041,0.20929666933086016,-0.32995661477003685,0.12070227154453518,6.5014481097808365e-06,0.10780740532336877,-0.3958780745203734,-1.1409390314524341,0.903816850401156,-1.3335735792054733,-1.5708475571390919,2.745714581518708,nan,nan,nan,nan,nan,nan,0.032339818211986684,-11.142113216282699,-6.214689835658728,-0.9627793671225093,0.0004604245665468745,1.1777282346424844e-13,28.0,28.0,14.0,6.0,6.0,6.0
2.7560000000000002,1.0,0.01178517563134277,0.0001129516373935889,-0.41554250633429823,0.048339737726598914,0.224,-0.41554250633429823,0.048339737726598914,0.224,-0.40728307240207123,0.048141870333059125,0.21559565801056702,-0.3954464953902696,-1.1401023162614756,0.9024969992405755,-1.333090343513761,-1.5708474965807449,2.746146160648044,0.10795321743210673,0.20913565891919017,-0.33002189306749435,0.12092844981382583,6.562793681819047e-06,0.1079532181248536,-0.3954464953902696,-1.1401023162614756,0.9024969992405755,-1.333090343513761,-1.5708474965807449,2.746146160648044,nan,nan,nan,nan,nan,nan,0.03228966350843284,-11.150506182198248,-6.214085545072087,-0.9627770516969779,0.00045834269290995303,1.1840853639825087e-13,28.0,28.0,14.0,6.0,6.0,6.0
2.7600000000000002,1.0,0.011764189028350434,0.00011301224364189608,-0.4156970112535469,0.04822575440119257,0.224,-0.4156970112535469,0.04822575440119257,0.224,-0.40745202179042245,0.048027380647185654,0.21561090349909787,-0.39501433537120284,-1.1392662485406977,0.901176893665913,-1.332606206440859,-1.57084743581999,2.7465783206663157,0.10809807563913826,0.20897328074242183,-0.33008454618586713,0.12115336915825185,6.624164660488491e-06,0.1080980763245746,-0.39501433537120284,-1.1392662485406977,0.901176893665913,-1.332606206440859,-1.57084743581999,2.7465783206663157,nan,nan,nan,nan,nan,nan,0.0322391891633864,-11.158886316316009,-6.213478884838038,-0.9627747357346447,0.00045625772093699116,1.1893281229287493e-13,28.0,28.0,14.0,6.0,6.0,6.0
2.7640000000000002,1.0,0.01174308244192515,0.00011307238145653875,-0.4158511506357123,0.04811127724448256,0.224,-0.4158511506357123,0.04811127724448256,0.224,-0.40762068942386465,0.047912400524107654,0.21562623492518362,-0.3945815982787601,-1.1384308337677214,0.8998565442012464,-1.332121173038857,-1.5708473748568643,2.7470110577579354,0.10824198035845897,0.20880953206420305,-0.33014456453265506,0.12137702270976941,6.6855644750504535e-06,0.10824198103653314,-0.3945815982787601,-1.1384308337677214,0.8998565442012464,-1.332121173038857,-1.5708473748568643,2.7470110577579354,nan,nan,nan,nan,nan,nan,0.032188395998247285,-11.167253562719381,-6.212869854661984,-0.9627724192520741,0.00045416966778329197,1.1935847193860878e-13,28.0,28.0,14.0,6.0,6.0,6.0
2.7680000000000002,1.0,0.011721856078737002,0.0001131320613980494,-0.4160049229024084,0.04799630742871397,0.224,-0.4160049229024084,0.04799630742871397,0.224,-0.40778907358969435,0.04779693114353352,0.21564165213105443,-0.3941482879240727,-1.1375960774312175,0.8985359614091868,-1.3316352483873701,-1.5708473136913916,2.7474443681117715,0.10838493270387145,0.20864441010480367,-0.330201938446702,0.12159940357503472,6.746996552810158e-06,0.10838493337452941,-0.3941482879240727,-1.1375960774312175,0.8985359614091868,-1.3316352483873701,-1.5708473136913916,2.7474443681117715,nan,nan,nan,nan,nan,nan,0.03213728484012447,-11.175607865569603,-6.212258454324232,-0.9627701022658737,0.000452078550603215,1.1972129580113934e-13,28.0,28.0,14.0,6.0,6.0,6.0
2.7720000000000002,1.0,0.01170051014663423,0.00011319126065055461,-0.4161583264790087,0.047880846131176706,0.224,-0.4161583264790087,0.047880846131176706,0.224,-0.4079571725781508,0.047680973690138316,0.2156571549580945,-0.39371440811381725,-1.1367619850310826,0.8972151558911549,-1.3311484375936413,-1.5708472523235826,2.7478782479211468,0.10852693378893995,0.2084779120409605,-0.33025665819777494,0.12182050483513614,6.80846432318037e-06,0.10852693445212615,-0.39371440811381725,-1.1367619850310826,0.8972151558911549,-1.3311484375936413,-1.5708472523235826,2.7478782479211468,nan,nan,nan,nan,nan,nan,0.032085856521824496,-11.183949169104846,-6.211644683680666,-0.9627677847926812,0.00044998438654718896,1.1999375494442798e-13,28.0,28.0,14.0,6.0,6.0,6.0
2.7760000000000002,1.0,0.011679044854644605,0.00011324998977116234,-0.4163113597946617,0.04776489453419346,0.224,-0.4163113597946617,0.04776489453419346,0.224,-0.4081249846824296,0.047564529353552015,0.21567274324684213,-0.3932799626502167,-1.1359285620786135,0.8958941382876576,-1.330660745792643,-1.5708471907534336,2.7483126933838387,0.1086679847269544,0.20831003500572498,-0.3303087139861466,0.12204031954533112,6.869971215363019e-06,0.10866798538261108,-0.3932799626502167,-1.1359285620786135,0.8958941382876576,-1.330660745792643,-1.5708471907534336,2.7483126933838387,nan,nan,nan,nan,nan,nan,0.03203411188185306,-11.192277417639527,-6.21102854266346,-0.9627654668491664,0.0004478871927619369,1.2020666052439454e-13,28.0,28.0,14.0,6.0,6.0,6.0
2.7800000000000002,1.0,0.011657460412969963,0.00011330823381369106,-0.41646402128230775,0.04764845382510756,0.224,-0.41646402128230775,0.04764845382510756,0.224,-0.40829250819870366,0.04744759932834719,0.21568841683699308,-0.3928449553310415,-1.1350958140966805,0.8945729192785673,-1.3301721781471816,-1.5708471289809285,2.7487477007020766,0.10880808663089435,0.20814077608830941,-0.3303580959421746,0.12225884073478017,6.931520658167434e-06,0.10880808727896232,-0.3928449553310415,-1.1350958140966805,0.8945729192785673,-1.3301721781471816,-1.5708471289809285,2.7487477007020766,nan,nan,nan,nan,nan,nan,0.031982051764396495,-11.200592555563542,-6.210410031281822,-0.9627631484520367,0.00044578698639278146,1.203855049899441e-13,28.0,28.0,14.0,6.0,6.0,6.0
2.7840000000000003,1.0,0.011635757032987167,0.0001133659817738798,-0.4166163093786945,0.04753152519627084,0.224,-0.4166163093786945,0.04753152519627084,0.224,-0.40845974142613756,0.0473301848140271,0.21570417556740082,-0.39240938994961105,-1.1342637466199053,0.8932515095834025,-1.3296827398480024,-1.5708470670060373,2.7491832660825413,0.10894724061339335,0.2079701323339337,-0.33040479412588225,0.12247606140627906,6.993116081396547e-06,0.1089472412538125,-0.39240938994961105,-1.1342637466199053,0.8932515095834025,-1.3296827398480024,-1.5708470670060373,2.7491832660825413,nan,nan,nan,nan,nan,nan,0.03192967701934178,-11.208894527341519,-6.209789149622688,-0.9627608296180263,0.0004436837845805164,1.2045186455373933e-13,28.0,28.0,14.0,6.0,6.0,6.0
2.7880000000000003,1.0,0.01161393492724434,0.0001134232461554347,-0.41676822252439316,0.047414109845031444,0.224,-0.41676822252439316,0.047414109845031444,0.224,-0.4086266826669057,0.04721228701501331,0.21572001927607964,-0.39197327029479484,-1.1334323651948357,0.8919299199616102,-1.329192436113896,-1.5708470048287164,2.749619385736362,0.10908544778670365,0.20779810074367155,-0.3304487985265377,0.12269197453599451,7.054760914771015e-06,0.10908544841941123,-0.39197327029479484,-1.1334323651948357,0.8919299199616102,-1.329192436113896,-1.5708470048287164,2.749619385736362,nan,nan,nan,nan,nan,nan,0.03187698850224778,-11.217183277512055,-6.209165897851503,-0.9627585103639101,0.00044157760446264147,1.2050386801800966e-13,28.0,28.0,14.0,6.0,6.0,6.0
2.7920000000000003,1.0,0.011591994309458896,0.0001134800002968417,-0.41691975916381446,0.04729620897372155,0.224,-0.41691975916381446,0.04729620897372155,0.224,-0.4087933302262112,0.047093907140633336,0.21573594780020472,-0.3915366001510143,-1.132601675380124,0.8906081612128494,-1.3287012721918048,-1.5708469424489095,2.7500560558791176,0.10922270926266141,0.20762467827429884,-0.3304900990622376,0.12290657307319745,7.116458587274597e-06,0.10922270988759424,-0.3915366001510143,-1.132601675380124,0.8906081612128494,-1.3287012721918048,-1.5708469424489095,2.7500560558791176,nan,nan,nan,nan,nan,nan,0.031823987074322116,-11.225458750686881,-6.208540276212867,-0.9627561907064869,0.00043946846317406604,1.2051444590862338e-13,28.0,28.0,14.0,6.0,6.0,6.0
2.7960000000000003,1.0,0.01156993539451556,0.00011353624496327249,-0.4170709177452245,0.04717782378964506,0.224,-0.4170709177452245,0.04717782378964506,0.224,-0.40895968241230074,0.04697504640510878,0.21575196097611596,-0.39109938329824473,-1.1317716827467028,0.8892862441772775,-1.328209253356931,-1.5708468798665465,2.7504932727308327,0.10935902615265174,0.20744986183814007,-0.3305286855794856,0.12311984993999765,7.178212528620233e-06,0.10935902676974557,-0.39109938329824473,-1.1317716827467028,0.8892862441772775,-1.328209253356931,-1.5708468798665465,2.7504932727308327,nan,nan,nan,nan,nan,nan,0.031770673602486615,-11.233720891550298,-6.207912285031375,-0.9627538706625968,0.00043735637784661594,1.2049850424675605e-13,28.0,28.0,14.0,6.0,6.0,6.0
2.8000000000000003,1.0,0.011547758398465183,0.00011359198873054498,-0.4172216967207608,0.04705895550506519,0.224,-0.4172216967207608,0.04705895550506519,0.224,-0.40912573753648235,0.04685570602754256,0.215768058639318,-0.3906616235120168,-1.1309423928779645,0.8879641797358369,-1.327716384912847,-1.5708468170815435,2.750931032515977,0.10949439956757467,0.20727364830291548,-0.33056454785277456,0.12333179803107862,7.240026168039913e-06,0.10949440017676457,-0.3906616235120168,-1.1309423928779645,0.8879641797358369,-1.327716384912847,-1.5708468170815435,2.750931032515977,nan,nan,nan,nan,nan,nan,0.03171704895929255,-11.241969644858054,-6.2072819247122295,-0.9627515502491025,0.000435241365608697,1.2042246305060857e-13,28.0,28.0,14.0,6.0,6.0,6.0
2.8040000000000003,1.0,0.011525463538520865,0.00011364720498244715,-0.4173720945464479,0.04693960533719216,0.224,-0.4173720945464479,0.04693960533719216,0.224,-0.40929149391314396,0.04673588723190654,0.2157842406244827,-0.3902233245634187,-1.13011381136994,0.8866419788105443,-1.3272226721916047,-1.570846754093804,2.7513693314634606,0.10962883061781141,0.20709603449159084,-0.3305976755841701,0.12354241021343208,7.3019029340467725e-06,0.10962883121903094,-0.3902233245634187,-1.13011381136994,0.8866419788105443,-1.3272226721916047,-1.570846754093804,2.7513693314634606,nan,nan,nan,nan,nan,nan,0.031663114022936936,-11.250204955436896,-6.206649195742076,-0.9627492294829036,0.0004331234435861161,1.2035432223794504e-13,28.0,28.0,14.0,6.0,6.0,6.0
2.8080000000000003,1.0,0.01150305103305728,0.0001137019022989649,-0.4175221096822134,0.04681977450817064,0.224,-0.4175221096822134,0.04681977450817064,0.224,-0.4094569498597687,0.04661559124702914,0.2158005067654511,-0.3897844902190984,-1.1292859438314773,0.8853196523647817,-1.3267281205538468,-1.570846690903218,2.7518081658066365,0.10976232041319012,0.20691701718222372,-0.33062805840289017,0.12375167932609038,7.363846256085746e-06,0.10976232100637295,-0.3897844902190984,-1.1292859438314773,0.8853196523647817,-1.3267281205538468,-1.570846690903218,2.7518081658066365,nan,nan,nan,nan,nan,nan,0.031608869677300935,-11.258426768183694,-6.206014098689723,-0.9627469083809288,0.00043100262890015796,1.202710247286387e-13,28.0,28.0,14.0,6.0,6.0,6.0
2.8120000000000003,1.0,0.01148052110160803,0.00011375605995735764,-0.4176717405919037,0.046699464245067275,0.224,-0.4176717405919037,0.046699464245067275,0.224,-0.4096221036969532,0.04649481930658305,0.2158168568952345,-0.38934512424126594,-1.1284587958844217,0.883997211403588,-1.3262327353889194,-1.5708466275096615,2.7522475317832935,0.10989487006295315,0.206736593107813,-0.3306556858648902,0.12395959817986521,7.425859561930928e-06,0.10989487064803248,-0.38934512424126594,-1.1284587958844217,0.883997211403588,-1.3262327353889194,-1.5708466275096615,2.7522475317832935,nan,nan,nan,nan,nan,nan,0.0315543168118823,-11.266635028064627,-6.20537663420686,-0.962744586960139,0.0004288789386704949,1.2017678439519556e-13,28.0,28.0,14.0,6.0,6.0,6.0
2.816,1.0,0.011457873964863547,0.00011380969238515054,-0.4178209857432994,0.04657867577985812,0.224,-0.4178209857432994,0.04657867577985812,0.224,-0.40978695374842367,0.04637357264907209,0.21583329084601682,-0.3889052303876957,-1.1276323731637965,0.8826746669739536,-1.3257365221149862,-1.5708465639129978,2.752687425635658,0.11002648067572354,0.2065547589561462,-0.3306805474524428,0.1241661595570772,7.487946279622729e-06,0.1100264812526322,-0.3889052303876957,-1.1276323731637965,0.8826746669739536,-1.3257365221149862,-1.5708465639129978,2.752687425635658,nan,nan,nan,nan,nan,nan,0.03149945632182191,-11.274829680114381,-6.204736803028834,-0.9627422652375236,0.0004267523900127676,1.200678345213749e-13,28.0,28.0,14.0,6.0,6.0,6.0
2.82,1.0,0.011435109844669033,0.0001138627827735753,-0.41796984360813166,0.046457410349415994,0.224,-0.41796984360813166,0.046457410349415994,0.224,-0.40995149834105366,0.04625185251781949,0.21584980844915633,-0.3884648124117291,-1.126806681317985,0.881352030165116,-1.3252394861791414,-1.5708465001130767,2.753127843610388,0.11015715335947285,0.2063715113696509,-0.33070263257372634,0.12437135621129673,7.550109836075174e-06,0.11015715392814328,-0.3884648124117291,-1.126806681317985,0.881352030165116,-1.3252394861791414,-1.5708465001130767,2.753127843610388,nan,nan,nan,nan,nan,nan,0.03144428910789489,-11.283010669435432,-6.204094605975387,-0.962739943230105,0.00042462300004034105,1.1993840228158607e-13,28.0,28.0,14.0,6.0,6.0,6.0
2.824,1.0,0.01141222896402172,0.00011391532408365662,-0.41811831266209715,0.04633566919549782,0.224,-0.41811831266209715,0.04633566919549782,0.224,-0.4101157358048809,0.04612966016095443,0.21586640953518743,-0.3880238740622772,-1.1259817260089102,0.880029312108857,-1.3247416330575277,-1.570846436109735,2.753568781958572,0.11028688922148841,0.20618684694524256,-0.3307219305624059,0.1245751808670744,7.612353658649006e-06,0.11028688978185251,-0.3880238740622772,-1.1259817260089102,0.880029312108857,-1.3247416330575277,-1.570846436109735,2.753568781958572,nan,nan,nan,nan,nan,nan,0.03138881607648707,-11.29117794119725,-6.203450043951428,-0.9627376209549313,0.0004224907858619243,1.1983524250929363e-13,28.0,28.0,14.0,6.0,6.0,6.0
2.828,1.0,0.011389231547069894,0.00011396731122984924,-0.41826639138487404,0.04621345356473198,0.224,-0.41826639138487404,0.04621345356473198,0.224,-0.4102796644731239,0.046006996831399485,0.21588309393382182,-0.3875824190838235,-1.12515751291222,0.8787065239798014,-1.3242429682554504,-1.5708463719027954,2.754010236935727,0.11041568936834137,0.20600076223417543,-0.33073843067722103,0.1247776262196815,7.674681173376591e-06,0.11041568992033152,-0.3875824190838235,-1.12515751291222,0.8787065239798014,-1.3242429682554504,-1.5708463719027954,2.754010236935727,nan,nan,nan,nan,nan,nan,0.03133303813959685,-11.299331440635397,-6.202803117947732,-0.962735298429076,0.0004203557645840095,1.196697013679016e-13,28.0,28.0,14.0,6.0,6.0,6.0
2.832,1.0,0.011366117819109796,0.00011401872744321396,-0.41841407826013755,0.046090764708605444,0.224,-0.41841407826013755,0.046090764708605444,0.224,-0.4104432826821995,0.04588386378685838,0.21589986147395068,-0.387140451216427,-1.1243340477174675,0.8773836769957185,-1.3237434973074964,-1.570846307492068,2.754452204801793,0.11054355490585492,0.2058132537418927,-0.33075212210156996,0.12497868493484347,7.737095805097986e-06,0.11054355544940203,-0.387140451216427,-1.1243340477174675,0.8773836769957185,-1.3237434973074964,-1.570846307492068,2.754452204801793,nan,nan,nan,nan,nan,nan,0.03127695621482862,-11.30747111305094,-6.202153829041812,-0.9627329756696532,0.00041821795330994387,1.1955493897229976e-13,28.0,28.0,14.0,6.0,6.0,6.0
2.836,1.0,0.011342888006583493,0.00011406959880121445,-0.41856137177557534,0.045967603883451044,0.224,-0.41856137177557534,0.045967603883451044,0.224,-0.4106065887717383,0.04576026228980231,0.21591671198364776,-0.3866979741957251,-1.1235113361282962,0.8760607824178236,-1.3232432257776532,-1.5708462428773498,2.7548946818211326,0.11067048693907276,0.20562431792787744,-0.3307629939430982,0.12517834964847718,7.799600978620204e-06,0.11067048747410878,-0.3866979741957251,-1.1235113361282962,0.8760607824178236,-1.3232432257776532,-1.5708462428773498,2.7548946818211326,nan,nan,nan,nan,nan,nan,0.031220571225384703,-11.315596903809471,-6.201502178398583,-0.9627306526937958,0.0004160773691393965,1.194557197811179e-13,28.0,28.0,14.0,6.0,6.0,6.0
2.84,1.0,0.011319542337077212,0.00011411987933537524,-0.41870827042290304,0.04584397235043457,0.224,-0.41870827042290304,0.04584397235043457,0.224,-0.4107695810846036,0.045636193607457916,0.21593364529016848,-0.386254991752937,-1.122689383862624,0.874737851551082,-1.3227421592594275,-1.5708461780584237,2.7553376642625262,0.11079648657222803,0.20543395120550437,-0.33077103523328644,0.1253766129664283,7.862200117480626e-06,0.11079648709868517,-0.386254991752937,-1.122689383862624,0.874737851551082,-1.3227421592594275,-1.5708461780584237,2.7553376642625262,nan,nan,nan,nan,nan,nan,0.03116388410006338,-11.323708758340386,-6.200848167271158,-0.9627283295186674,0.0004139340291697171,1.1932289379480782e-13,28.0,28.0,14.0,6.0,6.0,6.0
2.844,1.0,0.011296081039318704,0.00011416958733009656,-0.4188547726978799,0.045719871375541794,0.224,-0.4188547726978799,0.045719871375541794,0.224,-0.41093225796690663,0.045511659011794006,0.21595066121995418,-0.3858115076148667,-1.1218681966528268,0.873414895744515,-1.3222403033759682,-1.57084611303506,2.7557811483991697,0.11092155490871236,0.20524214994189144,-0.330776234927038,0.12557346746420722,7.92489664493398e-06,0.11092155542652204,-0.3858115076148667,-1.1218681966528268,0.873414895744515,-1.3222403033759682,-1.57084611303506,2.7557811483991697,nan,nan,nan,nan,nan,nan,0.031106895773241314,-11.331806622136067,-6.200191797001641,-0.9627260061614562,0.00041178795049349987,1.1923335365458202e-13,28.0,28.0,14.0,6.0,6.0,6.0
2.848,1.0,0.011272504343175848,0.00011421870603661621,-0.41900087710032385,0.04559530222956564,0.224,-0.41900087710032385,0.04559530222956564,0.224,-0.41109461776802336,0.045386659779508204,0.2159677595986323,-0.38536752550390685,-1.1210477802459256,0.8720919263915072,-1.3217376637801854,-1.5708460478070154,2.7562251305086702,0.11104569305104554,0.20504891045775317,-0.3307785819022715,0.12576890568673016,7.987693981690265e-06,0.11104569356014006,-0.38536752550390685,-1.1210477802459256,0.8720919263915072,-1.3217376637801854,-1.5708460478070154,2.7562251305086702,nan,nan,nan,nan,nan,nan,0.031049607184874144,-11.339890440751113,-6.199533069021884,-0.9627236826393822,0.0004096391502021877,1.1916728962294883e-13,28.0,28.0,14.0,6.0,6.0,6.0
2.852,1.0,0.011248812479652412,0.00011426723038525167,-0.4191465821341271,0.04547026618809307,0.224,-0.4191465821341271,0.04547026618809307,0.224,-0.4112566588406128,0.04526119719201512,0.21598494025101975,-0.384923049138042,-1.1202281404037713,0.8707689549301149,-1.321234246154876,-1.570845982374034,2.756669606873043,0.11116890210084508,0.20485422902725342,-0.33077806495951156,0.12596292014805727,8.050595548174096e-06,0.11116890260115722,-0.384923049138042,-1.1202281404037713,0.8707689549301149,-1.321234246154876,-1.570845982374034,2.756669606873043,nan,nan,nan,nan,nan,nan,0.030992019280433523,-11.34796015980145,-6.198871984854275,-0.9627213589696926,0.0004074876453827263,1.19107660463623e-13,28.0,28.0,14.0,6.0,6.0,6.0
2.856,1.0,0.011225005680888838,0.00011431515530571007,-0.4192918863072714,0.04534476453149207,0.224,-0.4192918863072714,0.04534476453149207,0.224,-0.41141837954063115,0.045135272535431696,0.21600220300112313,-0.38447808223085234,-1.1194092829032314,0.8694459928433765,-1.3207300562128463,-1.570845916735846,2.7571145737787077,0.11129118315879612,0.20465810187786043,-0.3307746728214832,0.12615550333113143,8.113604764087175e-06,0.11129118365025874,-0.38447808223085234,-1.1194092829032314,0.8694459928433765,-1.3207300562128463,-1.570845916735846,2.7571145737787077,nan,nan,nan,nan,nan,nan,0.030934133011005147,-11.356015724963603,-6.198208546112468,-0.9627190351696518,0.00040533345311851397,1.1906208936332848e-13,28.0,28.0,14.0,6.0,6.0,6.0
2.86,1.0,0.011201084180157368,0.00011436248737634152,-0.41943678813184315,0.045218798544898506,0.224,-0.41943678813184315,0.045218798544898506,0.224,-0.4115797782273509,0.04500888710056537,0.2160195476721416,-0.3840326284915175,-1.1185912135363771,0.8681230516596256,-1.320225099697037,-1.5708458508921685,2.7575600275164844,0.11141253732462199,0.2044605251902,-0.3307683941327028,0.1263466476875181,8.17672504708379e-06,0.11141253780716821,-0.3840326284915175,-1.1185912135363771,0.8681230516596256,-1.320225099697037,-1.5708458508921685,2.7575600275164844,nan,nan,nan,nan,nan,nan,0.0308759493331818,-11.364057081973867,-6.1975427545022415,-0.962716711256558,0.0004031765904904832,1.1903348918100412e-13,28.0,28.0,14.0,6.0,6.0,6.0
2.864,1.0,0.011177048211861542,0.00011440920792501734,-0.4195812861240491,0.04509236951820295,0.224,-0.4195812861240491,0.04509236951820295,0.224,-0.411740853263376,0.04488204218290024,0.2160369740864682,-0.3835866916248206,-1.117773938110672,0.8668001429528034,-1.3197193823806503,-1.570845784842706,2.7580059643815895,0.11153296569705458,0.20426149509791147,-0.3307592174590758,0.12653634563714666,8.239959813464735e-06,0.11153296617061788,-0.3835866916248206,-1.117773938110672,0.8668001429528034,-1.3197193823806503,-1.570845784842706,2.7580059643815895,nan,nan,nan,nan,nan,nan,0.030817469209095984,-11.372084176627416,-6.196874611822233,-0.9627143872477327,0.0004010170745768263,1.1903477993725057e-13,28.0,28.0,14.0,6.0,6.0,6.0
2.868,1.0,0.011152898011533114,0.00011445529830049128,-0.419725378804231,0.044965478746037554,0.224,-0.419725378804231,0.044965478746037554,0.224,-0.41190160301465883,0.044754739082584434,0.21605448206569192,-0.38314027533115214,-1.116957462449158,0.8654772783427751,-1.3192129100672756,-1.5708457185871487,2.7584523806736327,0.11165246937380542,0.20406100768750476,-0.33074713128749494,0.12672458956805288,8.303312478880182e-06,0.11165246983831989,-0.38314027533115214,-1.116957462449158,0.8654772783427751,-1.3192129100672756,-1.5708457185871487,2.7584523806736327,nan,nan,nan,nan,nan,nan,0.03075869360641553,-11.38009695477758,-6.196204119964722,-0.9627120631605172,0.0003988549224512325,1.1904579668684305e-13,28.0,28.0,14.0,6.0,6.0,6.0
2.872,1.0,0.011128633815830449,0.00011450076895996679,-0.41986906469688107,0.04483812752776272,0.224,-0.41986906469688107,0.04483812752776272,0.224,-0.4120620258505168,0.044626979104416,0.21607207143059912,-0.38269338330651415,-1.116141792390647,0.8641544694956464,-1.3187056885910184,-1.5708456521251752,2.758899272696612,0.11177104945153679,0.20385905899821577,-0.3307321240254361,0.126911371836119,8.366786456388219e-06,0.1117710499069367,-0.38269338330651415,-1.116141792390647,0.8641544694956464,-1.3187056885910184,-1.5708456521251752,2.758899272696612,nan,nan,nan,nan,nan,nan,0.03069962349828884,-11.388095362334973,-6.195531280916486,-0.9627097390122848,0.0003966901511847724,1.190602118936438e-13,28.0,28.0,14.0,6.0,6.0,6.0
2.876,1.0,0.011104255862534976,0.00011454561094905191,-0.420012342330657,0.04471031716745379,0.224,-0.420012342330657,0.04471031716745379,0.224,-0.41222212014364906,0.044498763557830424,0.21608974200117675,-0.3822460192425245,-1.1153269337899077,0.8628317281240823,-1.3181977238166298,-1.5708455854564496,2.7593466367589086,0.11188870702583306,0.2036556450218662,-0.3307141840005635,0.1270966847648212,8.43038515828768e-06,0.11188870747205278,-0.3822460192425245,-1.1153269337899077,0.8628317281240823,-1.3181977238166298,-1.5708455854564496,2.7593466367589086,nan,nan,nan,nan,nan,nan,0.03064025986339279,-11.396079345266653,-6.194856096759516,-0.9627074148204283,0.0003945227778455407,1.191072818972992e-13,28.0,28.0,14.0,6.0,6.0,6.0
2.88,1.0,0.011079764390551246,0.00011458981337938711,-0.4201552102383971,0.044582048973887775,0.224,-0.4201552102383971,0.044582048973887775,0.224,-0.41238188427015227,0.044370093756886685,0.21610749359661177,-0.38179818682642125,-1.1145128925178576,0.8615090659876267,-1.3176890216396362,-1.5708455185806236,2.7597944691732845,0.11200544319117273,0.20345076170272144,-0.33069329946032977,0.12728052064497133,8.494111994261933e-06,0.11200544362814725,-0.38179818682642125,-1.1145128925178576,0.8615090659876267,-1.3176890216396362,-1.5708455185806236,2.7597944691732845,nan,nan,nan,nan,nan,nan,0.030580603685877818,-11.404048849595345,-6.194178569671849,-0.9627050906023605,0.00039235281949782366,1.1919897121825353e-13,28.0,28.0,14.0,6.0,6.0,6.0
2.884,1.0,0.01105515963990296,0.00011463335955782863,-0.4202976669571353,0.044453324260529815,0.224,-0.4202976669571353,0.044453324260529815,0.224,-0.4125413166095375,0.04424097102025459,0.2161253260352949,-0.38134988974106726,-1.1136996744617527,0.8601864948930249,-1.3171795879864703,-1.5708454514973353,2.7602427662568765,0.1121212590409,0.20324440493734997,-0.3306694585715801,0.1274628717344631,8.55797037286398e-06,0.11212125946856535,-0.38134988974106726,-1.1136996744617527,0.8601864948930249,-1.3171795879864703,-1.5708454514973353,2.7602427662568765,nan,nan,nan,nan,nan,nan,0.030520655955381722,-11.41200382139854,-6.193498701928381,-0.9627027663755227,0.00039018029320335895,1.1928549915914094e-13,28.0,28.0,14.0,6.0,6.0,6.0
2.888,1.0,0.011030441851730311,0.00011467627540353,-0.4204397110281159,0.044324144345519866,0.224,-0.4204397110281159,0.044324144345519866,0.224,-0.41270041554474707,0.04411139667120029,0.21614323913482267,-0.3809011316649547,-1.1128872855253782,0.8588640266945466,-1.3166694288146035,-1.5708453842062102,2.7606915243311922,0.1122361556671974,0.20303657057448482,-0.3306426494201602,0.1276437302580183,8.621963700857716e-06,0.11223615608548945,-0.3809011316649547,-1.1128872855253782,0.8588640266945466,-1.3166694288146035,-1.5708453842062102,2.7606915243311922,nan,nan,nan,nan,nan,nan,0.03046041766701461,-11.419944206807779,-6.192816495901662,-0.9627004421573744,0.00038800521601955735,1.1944076847000111e-13,28.0,28.0,14.0,6.0,6.0,6.0
2.892,1.0,0.011005611268289405,0.00011471851517046942,-0.420581340996809,0.04419451055165912,0.224,-0.420581340996809,0.04419451055165912,0.224,-0.4128591794621704,0.043981372037573616,0.2161612327119974,-0.3804519162722097,-1.1120757316292411,0.8575416732943105,-1.3161585501126798,-1.5708453167068608,2.761140739722106,0.11235013416105817,0.20282725441488417,-0.3306128600105232,0.12782308840693418,8.686095381860404e-06,0.11235013456991437,-0.3804519162722097,-1.1120757316292411,0.8575416732943105,-1.3161585501126798,-1.5708453167068608,2.761140739722106,nan,nan,nan,nan,nan,nan,0.030399889821304635,-11.427869952007539,-6.19213195406266,-0.9626981179653968,0.0003858276050026277,1.1958483839924668e-13,28.0,28.0,14.0,6.0,6.0,6.0
2.896,1.0,0.010980668132949017,0.00011476009121433538,-0.42072255541292486,0.04406442420639651,0.224,-0.42072255541292486,0.04406442420639651,0.224,-0.41301760675166,0.04385089845179423,0.21617930658283063,-0.38000224723259723,-1.1112650187107613,0.8562194466426108,-1.3156469579006491,-1.570845248998886,2.761590408759852,0.11246319561225926,0.20261645221119687,-0.33058007826534436,0.1280009383388341,8.750368819594863e-06,0.11246319601161676,-0.38000224723259723,-1.1112650187107613,0.8562194466426108,-1.3156469579006491,-1.570845248998886,2.761590408759852,nan,nan,nan,nan,nan,nan,0.03033907342425996,-11.435781003234801,-6.191445078981663,-0.9626957938170937,0.0003836474772027989,1.1975053972509487e-13,28.0,28.0,14.0,6.0,6.0,6.0
2.9,1.0,0.010955612690188856,0.00011480100812458373,-0.42086335283042914,0.043933886641815086,0.224,-0.42086335283042914,0.043933886641815086,0.224,-0.413175695806548,0.04371997725083784,0.2161974605625444,-0.379552128211526,-1.1104551527244653,0.8548973587382459,-1.3151346582299026,-1.5708451810818722,2.762040527779022,0.11257534110933422,0.2024041596678237,-0.33054429202513114,0.12817727217741642,8.814787413377698e-06,0.11257534149913069,-0.379552128211526,-1.1104551527244653,0.8548973587382459,-1.3151346582299026,-1.5708451810818722,2.762040527779022,nan,nan,nan,nan,nan,nan,0.030277969487288725,-11.443677306777827,-6.190755873328978,-0.962693469729985,0.00038146484966912876,1.1991893481050943e-13,28.0,28.0,14.0,6.0,6.0,6.0
2.904,1.0,0.0109304451855958,0.0001148412337363855,-0.4210037318075575,0.04380289919461833,0.224,-0.4210037318075575,0.04380289919461833,0.224,-0.41333344502366376,0.043588609776222885,0.2162156944655735,-0.3791015628700534,-1.1096461396421788,0.8535754216288468,-1.31462165718341,-1.5708451129553924,2.762491093118558,0.11268657173954658,0.20219037244078386,-0.33050548904783983,0.12835208201220472,8.87935456210039e-06,0.11268657211971972,-0.3791015628700534,-1.1096461396421788,0.8535754216288468,-1.31462165718341,-1.5708451129553924,2.762491093118558,nan,nan,nan,nan,nan,nan,0.03021657902721698,-11.451558808975543,-6.190064339875855,-0.9626911457216165,0.00037927973944617725,1.2013077314659936e-13,28.0,28.0,14.0,6.0,6.0,6.0
2.908,1.0,0.010905165865864222,0.00011488076684309054,-0.4211436909068305,0.043671463206116576,0.224,-0.4211436909068305,0.043671463206116576,0.224,-0.41349085280334713,0.04345679737399691,0.21623400810556673,-0.37865055486489113,-1.1088379854532209,0.852253647411209,-1.314107960875855,-1.5708450446190065,2.7629421011217477,0.11279688858886355,0.2019750861375816,-0.33046365700849534,0.12852535989830274,8.944073661102152e-06,0.11279688895935208,-0.37865055486489113,-1.1088379854532209,0.852253647411209,-1.314107960875855,-1.5708450446190065,2.7629421011217477,nan,nan,nan,nan,nan,nan,0.03015490306630032,-11.459425456216598,-6.189370481495223,-0.9626888218095478,0.00037709216357601427,1.2038922941522635e-13,28.0,28.0,14.0,6.0,6.0,6.0
2.912,1.0,0.010879774978791383,0.00011491960815937787,-0.42128322869506807,0.0435395800222132,0.224,-0.42128322869506807,0.0435395800222132,0.224,-0.41364791754946734,0.04332454139472219,0.2162524012953892,-0.3781991078484098,-1.1080306961645985,0.8509320482316248,-1.313593575453775,-1.570844976072262,2.7633935481362206,0.11290629274193002,0.2017582963170732,-0.33041878349881065,0.12869709785614675,9.008948104019828e-06,0.11290629310267371,-0.3781991078484098,-1.1080306961645985,0.8509320482316248,-1.313593575453775,-1.570844976072262,2.7633935481362206,nan,nan,nan,nan,nan,nan,0.030092942632140622,-11.467277194938529,-6.188674301162565,-0.9626864980113611,0.00037490213909703796,1.206273747386999e-13,28.0,28.0,14.0,6.0,6.0,6.0
2.916,1.0,0.010854272773276516,0.00011495774486573707,-0.4214223437434046,0.04340725099339084,0.224,-0.4214223437434046,0.04340725099339084,0.224,-0.41380463766943776,0.043191843193462684,0.21627087384712407,-0.3777472254686446,-1.1072242778012005,0.8496106362862174,-1.3130785070957,-1.5708449073146928,2.7638454305139413,0.11301478528204244,0.20153999848933676,-0.3303708560268129,0.12886728787126395,9.073981281389434e-06,0.11301478563298066,-0.3777472254686446,-1.1072242778012005,0.8496106362862174,-1.3130785070957,-1.5708449073146928,2.7638454305139413,nan,nan,nan,nan,nan,nan,0.030030698757729162,-11.475113971626847,-6.187975801956694,-0.9626841743446537,0.000372709683044576,1.2092706889379497e-13,28.0,28.0,14.0,6.0,6.0,6.0
2.92,1.0,0.010828659499317626,0.00011499518152500047,-0.4215610346273031,0.04327447747469764,0.224,-0.4215610346273031,0.04327447747469764,0.224,-0.41396101157423265,0.04305870412976972,0.21628942557207453,-0.37729491136930077,-1.106418736405995,0.8482894238212763,-1.312562762012292,-1.5708448383458204,2.7642977446112047,0.11312236729112339,0.20132018811554256,-0.3303198620164686,0.12903592189402568,9.139176581635287e-06,0.11312236763219692,-0.37729491136930077,-1.106418736405995,0.8482894238212763,-1.312562762012292,-1.5708448383458204,2.7642977446112047,nan,nan,nan,nan,nan,nan,0.029968172481393125,-11.482935732814221,-6.187274987060597,-0.9626818508270364,0.00037051481244996067,1.211687473302703e-13,28.0,28.0,14.0,6.0,6.0,6.0
2.924,1.0,0.010802935408010285,0.00011503191109950245,-0.4216992999265702,0.04314126082573321,0.224,-0.4216992999265702,0.04314126082573321,0.224,-0.41411703767840224,0.042925125567668226,0.21630805628076552,-0.376842169189759,-1.1056140780402224,0.8469684231335946,-1.3120463464464864,-1.5708447691651528,2.7647504867886292,0.11322903984969611,0.20109886060782506,-0.33026578880731505,0.12920299183941047,9.204537390162899e-06,0.11322904018084445,-0.376842169189759,-1.1056140780402224,0.8469684231335946,-1.3120463464464864,-1.5708447691651528,2.7647504867886292,nan,nan,nan,nan,nan,nan,0.02990536484682646,-11.490742425079661,-6.186571859762317,-0.9626795274761477,0.00036831754434226024,1.2151335978660175e-13,28.0,28.0,14.0,6.0,6.0,6.0
2.928,1.0,0.01077710075154435,0.00011506789567268428,-0.42183713822537044,0.0430076024106349,0.224,-0.42183713822537044,0.0430076024106349,0.224,-0.41427271440009034,0.04279110887564306,0.2163267657829453,-0.37638900256508134,-1.104810308783594,0.8456476465708075,-1.3115292666736353,-1.5708446997721854,2.765203653411153,0.11333480403685965,0.20087601132915683,-0.3302086236540943,0.12936848958676336,9.270067089478515e-06,0.11333480435802468,-0.37638900256508134,-1.104810308783594,0.8456476465708075,-1.3115292666736353,-1.5708446997721854,2.765203653411153,nan,nan,nan,nan,nan,nan,0.029842276903049976,-11.498533995047602,-6.1858664234556935,-0.9626772043096303,0.0003661178957463434,1.2188361807544926e-13,28.0,28.0,14.0,6.0,6.0,6.0
2.932,1.0,0.010751155783202716,0.0001151031629505659,-0.4219745481122408,0.04287350359806372,0.224,-0.4219745481122408,0.04287350359806372,0.224,-0.4144280401610478,0.04265665542662441,0.2163455538875881,-0.3759354151260167,-1.1040074347344888,0.8443271065317322,-1.3110115290016486,-1.5708446301664007,2.765657240848027,0.11343966093026377,0.20065163559322174,-0.33014835372638623,0.1295324069795558,9.335769059141844e-06,0.11343966124138798,-0.3759354151260167,-1.1040074347344888,0.8443271065317322,-1.3110115290016486,-1.5708446301664007,2.765657240848027,nan,nan,nan,nan,nan,nan,0.029778909704372032,-11.506310389387032,-6.185158681641281,-0.9626748813451511,0.0003639158836844152,1.222159442647931e-13,28.0,28.0,14.0,6.0,6.0,6.0
2.936,1.0,0.010725100757357746,0.00011513768080755125,-0.4221115281801053,0.04273896576119032,0.224,-0.4221115281801053,0.04273896576119032,0.224,-0.41458301338665143,0.04252176659797475,0.21636442040289536,-0.37548141049900674,-1.1032054620101497,0.8430068154667093,-1.3104931397711397,-1.5708445603472687,2.766111245472809,0.11354361160608437,0.20042572866429317,-0.33008496610825205,0.12969473582515326,9.401646675946746e-06,0.11354361190710946,-0.37548141049900674,-1.1032054620101497,0.8430068154667093,-1.3104931397711397,-1.5708445603472687,2.766111245472809,nan,nan,nan,nan,nan,nan,0.02971526431036609,-11.514071554810466,-6.184448637927103,-0.9626725586003854,0.0003617115251747054,1.2260264866968248e-13,28.0,28.0,14.0,6.0,6.0,6.0
2.94,1.0,0.01069893592946972,0.00011517145762925678,-0.4222480770262892,0.042603990277681,0.224,-0.4222480770262892,0.042603990277681,0.224,-0.41473763250591783,0.042386443771473555,0.21638336513629813,-0.37502699230619213,-1.1024043967468824,0.8416867858779459,-1.3099741053555694,-1.570844490314246,2.7665656636633593,0.11364665713899924,0.20019828575711357,-0.3300184477978793,0.1298554678945813,9.467703313779343e-06,0.11364665742986821,-0.37502699230619213,-1.1024043967468824,0.8416867858779459,-1.3099741053555694,-1.570844490314246,2.7665656636633593,nan,nan,nan,nan,nan,nan,0.029651341785941428,-11.521817438073386,-6.183736296029553,-0.962670236093021,0.0003595048372326961,1.2303536369336232e-13,28.0,28.0,14.0,6.0,6.0,6.0
2.944,1.0,0.010672661556085317,0.00011520448057570701,-0.4223841932525335,0.042468578529683505,0.224,-0.4223841932525335,0.042468578529683505,0.224,-0.4148918959515191,0.042250688333304226,0.2164023878944582,-0.3745721641654181,-1.101604245100253,0.8403670303198593,-1.3094544321613917,-1.5708444200667764,2.7670204918018313,0.1137487986021639,0.1999693020367718,-0.32994878570722425,0.13001459492229134,9.533942343037524e-06,0.11374879888282086,-0.3745721641654181,-1.101604245100253,0.8403670303198593,-1.3094544321613917,-1.5708444200667764,2.7670204918018313,nan,nan,nan,nan,nan,nan,0.029587143201225154,-11.52954798597312,-6.18302165977425,-0.9626679138407687,0.0003572958368701467,1.2343312776112113e-13,28.0,28.0,14.0,6.0,6.0,6.0
2.948,1.0,0.010646277894833632,0.00011523674644129548,-0.42251987546500924,0.042332731903812953,0.224,-0.42251987546500924,0.042332731903812953,0.224,-0.41504580215980036,0.04211450167403913,0.2164214884832706,-0.3741169296902409,-1.1008050132452878,0.8390475613994237,-1.308934126628201,-1.5708443496042912,2.767475726274669,0.11385003706718787,0.19973877261858708,-0.3298759666616681,0.13017210860593265,9.6003671306115e-06,0.11385003733757623,-0.3741169296902409,-1.1008050132452878,0.8390475613994237,-1.308934126628201,-1.5708443496042912,2.767475726274669,nan,nan,nan,nan,nan,nan,0.02952266963160254,-11.53726314534808,-6.182304733096842,-0.9626655918613451,0.00035508454109581174,1.238687315181117e-13,28.0,28.0,14.0,6.0,6.0,6.0
2.952,1.0,0.010619785204425372,0.00011526823852482394,-0.42265512227433183,0.042196451791137624,0.224,-0.42265512227433183,0.042196451791137624,0.224,-0.4151993495707937,0.041977885188625906,0.21644066670786544,-0.37366129248993407,-1.100006707376672,0.8377283917765163,-1.3084131952288807,-1.570844278926209,2.767931363472599,0.11395037360411084,0.19950669256799117,-0.32979997739966876,0.13032800060612384,9.666981040264442e-06,0.11395037386417496,-0.37366129248993407,-1.100006707376672,0.8377283917765163,-1.3084131952288807,-1.570844278926209,2.767931363472599,nan,nan,nan,nan,nan,nan,0.029457922157652652,-11.544962863076726,-6.181585520043839,-0.9626632701724746,0.0003528709669140868,1.243009857260075e-13,28.0,28.0,14.0,6.0,6.0,6.0
2.956,1.0,0.010593183744649638,0.00011529895746033134,-0.422789932295575,0.04205973958716467,0.224,-0.422789932295575,0.04205973958716467,0.224,-0.41535253662823496,0.04184084027637326,0.21645992237260941,-0.37320525616949474,-1.0992093337089497,0.8364095341642662,-1.3078916444697495,-1.570844208031935,2.7683873997906234,0.11404980928137926,0.1992730569004148,-0.32972080457242126,0.13048226254622727,9.733787432178232e-06,0.11404980953106347,-0.37320525616949474,-1.0992093337089497,0.8364095341642662,-1.3078916444697495,-1.570844208031935,2.7683873997906234,nan,nan,nan,nan,nan,nan,0.029392901865172207,-11.552647086076737,-6.180864024773534,-0.9626609487919043,0.0003506551313277595,1.2479497653469212e-13,28.0,28.0,14.0,6.0,6.0,6.0
2.96,1.0,0.010566473776372228,0.00011532889038840923,-0.4229243041482854,0.04192259669182589,0.224,-0.4229243041482854,0.04192259669182589,0.224,-0.4155053617795788,0.04170336834093601,0.21647925528110826,-0.3727488243296498,-1.0984128984767243,0.835091001329404,-1.3073694808907126,-1.5708441369208619,2.7688438316280157,0.11414834516582373,0.1990378605811777,-0.32963843474352617,0.13063488601212983,9.80078966240592e-06,0.11414834540507388,-0.3727488243296498,-1.0984128984767243,0.835091001329404,-1.3073694808907126,-1.5708441369208619,2.7688438316280157,nan,nan,nan,nan,nan,nan,0.029327609845131813,-11.560315761304244,-6.180140251556777,-0.9626586277373792,0.0003484370513345005,1.2526013761387286e-13,28.0,28.0,14.0,6.0,6.0,6.0
2.964,1.0,0.01053965556153307,0.00011535803022159368,-0.4230582364564964,0.04178502450946328,0.224,-0.4230582364564964,0.04178502450946328,0.224,-0.4156578234760146,0.04156547079030125,0.21649866523620803,-0.37229200056686274,-1.0976174079348584,0.8337728060926128,-1.3068467110654114,-1.5708440655923703,2.769300655388312,0.11424598232263525,0.19880109852537428,-0.3295528543886502,0.13078586255201663,9.867991083866741e-06,0.11424598255139666,-0.37229200056686274,-1.0976174079348584,0.8337728060926128,-1.3068467110654114,-1.5708440655923703,2.769300655388312,nan,nan,nan,nan,nan,nan,0.029262047193676522,-11.567968835752744,-6.179414204777887,-0.9626563070266614,0.0003462167439295713,1.2573043191553795e-13,28.0,28.0,14.0,6.0,6.0,6.0
2.968,1.0,0.010512729363143796,0.0001153863660146087,-0.4231917278487423,0.04164702444881482,0.224,-0.4231917278487423,0.04164702444881482,0.224,-0.41580992017248214,0.04142714903677415,0.2165181520399976,-0.3718347884733401,-1.0968228683586763,0.8324549613288813,-1.3063233416013758,-1.5708439940458279,2.769757867479305,0.11434272181534319,0.19856276559776825,-0.32946404989520367,0.1309351836761558,9.935395045601599e-06,0.11434272203356141,-0.3718347884733401,-1.0968228683586763,0.8324549613288813,-1.3063233416013758,-1.5708439940458279,2.769757867479305,nan,nan,nan,nan,nan,nan,0.02919621501205516,-11.575606256452296,-6.178685888935503,-0.9626539866775216,0.0003439942261041026,1.2626010230940183e-13,28.0,28.0,14.0,6.0,6.0,6.0
2.972,1.0,0.010485695445285718,0.00011541389643576671,-0.42332477695807247,0.04150859792299993,0.224,-0.42332477695807247,0.04150859792299993,0.224,-0.41596165032768684,0.041288404496962625,0.21653771549381012,-0.37137719163703836,-1.096029286044164,0.8311374799678565,-1.3057993791401745,-1.5708439222805892,2.7702154643130386,0.11443856470579247,0.19832285661268653,-0.3293720075620185,0.1310828408566837,1.0003004892019416e-05,0.11443856491341446,-0.37137719163703836,-1.096029286044164,0.8311374799678565,-1.3057993791401745,-1.5708439222805892,2.7702154643130386,nan,nan,nan,nan,nan,nan,0.029130114406673544,-11.583227970468513,-6.1779553086433845,-0.9626516667077334,0.0003417695148472353,1.2681181811747944e-13,28.0,28.0,14.0,6.0,6.0,6.0
2.976,1.0,0.010458554073107534,0.00011544061629090689,-0.42345738242206515,0.04136974634950501,0.224,-0.42345738242206515,0.04136974634950501,0.224,-0.4161130124041153,0.04114923859176416,0.21655735539822507,-0.37091921364167024,-1.0952366673081726,0.8298203749941996,-1.3052748303575699,-1.5708438502959963,2.7706734423058004,0.11453351205412167,0.19808136633391576,-0.32927671359902916,0.1312288255273894,1.0070823964635298e-05,0.11453351225109505,-0.37091921364167024,-1.0952366673081726,0.8298203749941996,-1.3052748303575699,-1.5708438502959963,2.7706734423058004,nan,nan,nan,nan,nan,nan,0.02906374648901373,-11.590833924901847,-6.177222468631377,-0.9626493471350828,0.00033954262714245816,1.2732079238370118e-13,28.0,28.0,14.0,6.0,6.0,6.0
2.98,1.0,0.01043130551282275,0.00011546650498950538,-0.42358954288284156,0.04123047115016898,0.224,-0.42358954288284156,0.04123047115016898,0.224,-0.416264004868051,0.04100965274634979,0.21657707155307024,-0.3704608580667123,-1.0944450184886192,0.8285036594479418,-1.3047497019636705,-1.5708437780913789,2.7711317978781134,0.1146275649187407,0.1978382894746005,-0.32917815412696105,0.131373129083507,1.0138855599462173e-05,0.11462756510501228,-0.3704608580667123,-1.0944450184886192,0.8285036594479418,-1.3047497019636705,-1.5708437780913789,2.7711317978781134,nan,nan,nan,nan,nan,nan,0.02899711237563411,-11.598424066886492,-6.176487373746206,-0.9626470279773627,0.0003373135799718567,1.278197850117333e-13,28.0,28.0,14.0,6.0,6.0,6.0
2.984,1.0,0.010403950031708038,0.00011549155924529151,-0.42372125698707974,0.04109077375116863,0.224,-0.42372125698707974,0.04109077375116863,0.224,-0.4164146261895892,0.04086964839015071,0.21659686375742315,-0.3700021284874114,-1.0936543459446908,0.8271873464248419,-1.3042240007030859,-1.570843705666054,2.771590527454731,0.11472072435630924,0.19759362069714548,-0.3290763151770247,0.13151574288150858,1.0207103128951224e-05,0.11472072453182576,-0.3700021284874114,-1.0936543459446908,0.8271873464248419,-1.3042240007030859,-1.570843705666054,2.771590527454731,nan,nan,nan,nan,nan,nan,0.028930213188153708,-11.605998343589452,-6.175750028952323,-0.9626447092523653,0.0003350823903131875,1.2840713268399425e-13,28.0,28.0,14.0,6.0,6.0,6.0
2.988,1.0,0.010376487898100101,0.00011551578536781738,-0.42385252338602847,0.040950655583004134,0.224,-0.42385252338602847,0.040950655583004134,0.224,-0.416564874842653,0.040729226956842786,0.21661673180961363,-0.36954302847479165,-1.0928646560570472,0.8258714490767449,-1.303697733355083,-1.5708436330193258,2.7720496274646274,0.11481299142171528,0.1973473546131193,-0.32897118269061254,0.13165665823889658,1.0275569880860975e-05,0.1148129915864256,-0.36954302847479165,-1.0928646560570472,0.8258714490767449,-1.303697733355083,-1.5708436330193258,2.7720496274646274,nan,nan,nan,nan,nan,nan,0.02886305005321202,-11.613556702209824,-6.175010439332866,-0.9626423909778947,0.0003328490751407759,1.289253212866829e-13,28.0,28.0,14.0,6.0,6.0,6.0
2.992,1.0,0.010348919381393852,0.00011553915312901086,-0.42398334073552085,0.0408101180804843,0.224,-0.42398334073552085,0.0408101180804843,0.224,-0.41671474930500774,0.04058838988433263,0.21663667550722557,-0.3690835615956621,-1.0920759552280241,0.8245559806119424,-1.3031709067337414,-1.5708435601504864,2.7725090943409945,0.11490436716805352,0.19709948578316,-0.3288627425190031,0.13179586643400468,1.034425917849475e-05,0.11490436732190515,-0.3690835615956621,-1.0920759552280241,0.8245559806119424,-1.3031709067337414,-1.5708435601504864,2.7725090943409945,nan,nan,nan,nan,nan,nan,0.028795624102462378,-11.62109908997772,-6.1742686100904765,-0.9626400731717578,0.0003306136514251998,1.2950255630763407e-13,28.0,28.0,14.0,6.0,6.0,6.0
2.996,1.0,0.010321244752040248,0.00011556166689245704,-0.4241137076959885,0.04066916268271192,0.224,-0.4241137076959885,0.04066916268271192,0.224,-0.41686424805827704,0.040447138614742376,0.2166566946470984,-0.3686237314126234,-1.0912882498818381,0.8232409542955325,-1.3026435276881105,-1.570843487058815,2.7729689245212312,0.11499485264660446,0.19685000871688468,-0.328750980423072,0.13193335870580017,1.041317434020821e-05,0.11499485278954635,-0.3686237314126234,-1.0912882498818381,0.8232409542955325,-1.3026435276881105,-1.570843487058815,2.7729689245212312,nan,nan,nan,nan,nan,nan,0.028727936472494605,-11.628625454153141,-6.173524546548109,-0.9626377558517588,0.00032837613613475024,1.300840258191344e-13,28.0,28.0,14.0,6.0,6.0,6.0
