t,bf,pos_err,rot_err,pd_x,pd_y,pd_z,pd_ref_x,pd_ref_y,pd_ref_z,p_x,p_y,p_z,q0,q1,q2,q3,q4,q5,dq0,dq1,dq2,dq3,dq4,dq5,q_servo0,q_servo1,q_servo2,q_servo3,q_servo4,q_servo5,dq_des0,dq_des1,dq_des2,dq_des3,dq_des4,dq_des5,tau0,tau1,tau2,tau3,tau4,tau5,tau_lim0,tau_lim1,tau_lim2,tau_lim3,tau_lim4,tau_lim5
0.0,1.0,1.7202696023858136e-05,5.374039691033029e-05,-0.3163494648735796,0.016130330940391152,0.2227998260040374,-0.3163494648735796,0.016130330940391152,0.2227998260040374,-0.31634588300316446,0.016132614519772652,0.22281649598364225,-0.4135654608355921,-1.5684102217303675,1.4025559425354004,-1.4044812361346644,-1.5707505385028284,2.727705240249634,0.0,0.0,-0.0,0.0,0.0,0.0,-0.4135654540026791,-1.5684101694498969,1.4025559132524006,-1.4044812036737815,-1.5707505385052216,2.727705274548369,1.7082282554899346e-06,1.3070117636964313e-05,-7.320749960957241e-06,8.11522074325668e-06,-5.982720616096048e-10,8.57468381067427e-06,-0.00026229314886355834,-6.312907311574454,-6.28567307418658,-0.9627180644186455,1.2470630978283038e-05,3.076456577227165e-07,28.0,28.0,14.0,6.0,6.0,6.0
0.004,1.0,1.7202696023858136e-05,5.374039691033029e-05,-0.3163494648735796,0.016130330940391152,0.2227998260040374,-0.3163494648735796,0.016130330940391152,0.2227998260040374,-0.31634588300316446,0.016132614519772652,0.22281649598364225,-0.4135654608355921,-1.5684102217303675,1.4025559425354004,-1.4044812361346644,-1.5707505385028284,2.727705240249634,0.0,0.0,-0.0,0.0,0.0,0.0,-0.41356544074682783,-1.568410068025784,1.4025558564433809,-1.4044811406996685,-1.5707505385098641,2.7277053410879155,3.3139628156504733e-06,2.5356028215710766e-05,-1.4202254924257048e-05,1.5743528241917962e-05,-1.1606477995226333e-09,1.663488659270808e-05,-0.00026229314886355834,-6.312907311574454,-6.28567307418658,-0.9627180644186455,1.2470630978283038e-05,3.076456577227165e-07,28.0,28.0,14.0,6.0,6.0,6.0
0.008,1.0,1.4170523139143638e-05,7.640310555591893e-05,-0.3163494648735796,0.016130330940391152,0.2227998260040374,-0.3163494648735796,0.016130330940391152,0.2227998260040374,-0.3163486804324864,0.016143110944342752,0.22280589723761923,-0.41357738176454717,-1.5683625380145472,1.4025440216064453,-1.4044812361346644,-1.5707743803607386,2.7277886867523193,0.0,0.0,-0.0,0.0,0.0,0.0,-0.41356542419928827,-1.5684099706222951,1.4025558117749828,-1.404481078018424,-1.5707505110590767,2.7277053253248407,4.136884883402347e-06,2.4350872233317147e-05,-1.1167099524176911e-05,1.5670311129183764e-05,6.862696845117735e-06,-3.940768671061446e-06,5.8008170938401425e-05,-6.314540398709785,-6.285935380242965,-0.962744797623218,1.2699214305062868e-05,-9.228461051128838e-07,28.0,28.0,14.0,6.0,6.0,6.0
0.012744044999824837,1.0,1.4170523139143638e-05,7.640310555591893e-05,-0.3163494648735796,0.016130330940391152,0.2227998260040374,-0.3163494648735796,0.016130330940391152,0.2227998260040374,-0.3163486804324864,0.016143110944342752,0.22280589723761923,-0.41357738176454717,-1.5683625380145472,1.4025440216064453,-1.4044812361346644,-1.5707743803607386,2.7277886867523193,0.0,0.0,-0.0,0.0,0.0,0.0,-0.41356540455756174,-1.5684098769981927,1.402555778518769,-1.4044810156124758,-1.5707504578001852,2.727705232197302,4.910431627089108e-06,2.3406025609867145e-05,-8.314053448101582e-06,1.5601487043213616e-05,1.3314722888459956e-05,-2.32818846190048e-05,5.8008170938401425e-05,-6.314540398709785,-6.285935380242965,-0.962744797623218,1.2699214305062868e-05,-9.228461051128838e-07,28.0,28.0,14.0,6.0,6.0,6.0
0.016744044999824837,1.0,1.4170523139143638e-05,7.640310555591893e-05,-0.3163494648735796,0.016130330940391152,0.2227998260040374,-0.3163494648735796,0.016130330940391152,0.2227998260040374,-0.3163486804324864,0.016143110944342752,0.22280589723761923,-0.41357738176454717,-1.5683625380145472,1.4025440216064453,-1.4044812361346644,-1.5707743803607386,2.7277886867523193,0.0,0.0,-0.0,0.0,0.0,0.0,-0.4135653820072995,-1.5684097869267135,1.4025557559900084,-1.4044809534653062,-1.5707503802816758,2.7277050663471676,5.637565566154664e-06,2.2517869783824142e-05,-5.632190136590773e-06,1.553679240240168e-05,1.9379627369201645e-05,-4.146253361007155e-05,5.8008170938401425e-05,-6.314540398709785,-6.285935380242965,-0.962744797623218,1.2699214305062868e-05,-9.228461051128838e-07,28.0,28.0,14.0,6.0,6.0,6.0
0.02143347899010405,1.0,1.4170523139143638e-05,7.640310555591893e-05,-0.3163494648735796,0.016130330940391152,0.2227998260040374,-0.3163494648735796,0.016130330940391152,0.2227998260040374,-0.3163486804324864,0.016143110944342752,0.22280589723761923,-0.41357738176454717,-1.5683625380145472,1.4025440216064453,-1.4044812361346644,-1.5707743803607386,2.7277886867523193,0.0,0.0,-0.0,0.0,0.0,0.0,-0.4135653567230136,-1.5684097001947004,1.402555743545054,-1.4044808915613884,-1.5707502799591255,2.727704832137793,6.321071468876286e-06,2.168300330734372e-05,-3.111238623770613e-06,1.5475979440038456e-05,2.5080637581098832e-05,-5.85523436616743e-05,5.8008170938401425e-05,-6.314540398709785,-6.285935380242965,-0.962744797623218,1.2699214305062868e-05,-9.228461051128838e-07,28.0,28.0,14.0,6.0,6.0,6.0
0.02543347899010405,1.0,2.7880992450580133e-05,0.00011626933129530709,-0.3163494648735796,0.016130330940391152,0.2227998260040374,-0.3163494648735796,0.016130330940391152,0.2227998260040374,-0.31635441055999436,0.016132093078763916,0.2228272082025297,-0.41357738176454717,-1.5684102217303675,1.402519702911377,-1.4044812361346644,-1.5707147757159632,2.7277886867523193,0.0,0.0,-0.0,0.0,0.0,0.0,-0.4135653048597887,-1.5684095408555099,1.4025556893375637,-1.4044807714744407,-1.570750226847768,2.7277045576777805,1.2965806220533593e-05,3.983479765383544e-05,-1.3551872559746195e-05,3.0021736929101423e-05,1.3277839386709018e-05,-6.861500311562776e-05,-0.00012340948367608307,-6.312401228805977,-6.285441754512235,-0.9626799197947672,1.9002411324051e-05,-9.227821918073728e-07,28.0,28.0,14.0,6.0,6.0,6.0
0.030039809990208596,1.0,2.7880992450580133e-05,0.00011626933129530709,-0.3163494648735796,0.016130330940391152,0.2227998260040374,-0.3163494648735796,0.016130330940391152,0.2227998260040374,-0.31635441055999436,0.016132093078763916,0.2228272082025297,-0.41357738176454717,-1.5684102217303675,1.402519702911377,-1.4044812361346644,-1.5707147757159632,2.7277886867523193,0.0,0.0,-0.0,0.0,0.0,0.0,-0.4135652280123612,-1.5684093132655725,1.4025555958732898,-1.4044805966954448,-1.5707502181149318,2.7277042453821685,1.9211856887091464e-05,5.689748433953764e-05,-2.3366068459563244e-05,4.3694748968820617e-05,2.1832090839825944e-06,-7.807390300234401e-05,-0.00012340948367608307,-6.312401228805977,-6.285441754512235,-0.9626799197947672,1.9002411324051e-05,-9.227821918073728e-07,28.0,28.0,14.0,6.0,6.0,6.0
0.0340398099902086,1.0,2.8803078889426084e-05,0.00010335250333940264,-0.3163494648735796,0.016130330940391152,0.2227998260040374,-0.3163494648735796,0.016130330940391152,0.2227998260040374,-0.3163605843587129,0.016136360064308027,0.22282570309948252,-0.4135654608355921,-1.5683863798724573,1.4025077819824219,-1.4045050779925745,-1.5707386175738733,2.72776460647583,0.0,0.0,-0.0,0.0,0.0,0.0,-0.41356514414199463,-1.5684090333592866,1.4025554677018806,-1.4044803471254643,-1.5707502236361903,2.727703922533346,2.0967591628660397e-05,6.997657147862177e-05,-3.2042852313622846e-05,6.239249511922312e-05,-1.3803146487091617e-06,-8.071220554510966e-05,-0.0002805375984672272,-6.312848270215531,-6.285510807899657,-0.9626813342291862,1.3731226327873245e-05,-4.582852798254336e-07,28.0,28.0,14.0,6.0,6.0,6.0
0.03840157699189149,1.0,2.8803078889426084e-05,0.00010335250333940264,-0.3163494648735796,0.016130330940391152,0.2227998260040374,-0.3163494648735796,0.016130330940391152,0.2227998260040374,-0.3163605843587129,0.016136360064308027,0.22282570309948252,-0.4135654608355921,-1.5683863798724573,1.4025077819824219,-1.4045050779925745,-1.5707386175738733,2.72776460647583,0.0,0.0,-0.0,0.0,0.0,0.0,-0.41356505367006546,-1.568408704275633,1.402555306905764,-1.4044800272519584,-1.5707502425562982,2.7277035897645066,2.2617982285735194e-05,8.227091338936085e-05,-4.019902913643887e-05,7.996837650060148e-05,-4.730026957439413e-06,-8.319220993530936e-05,-0.0002805375984672272,-6.312848270215531,-6.285510807899657,-0.9626813342291862,1.3731226327873245e-05,-4.582852798254336e-07,28.0,28.0,14.0,6.0,6.0,6.0
0.042401576991891496,1.0,2.8803078889426084e-05,0.00010335250333940264,-0.3163494648735796,0.016130330940391152,0.2227998260040374,-0.3163494648735796,0.016130330940391152,0.2227998260040374,-0.3163605843587129,0.016136360064308027,0.22282570309948252,-0.4135654608355921,-1.5683863798724573,1.4025077819824219,-1.4045050779925745,-1.5707386175738733,2.72776460647583,0.0,0.0,-0.0,0.0,0.0,0.0,-0.41356495699266743,-1.5684083289652537,1.4025551154424225,-1.4044796412931384,-1.5707502740713244,2.7277032476708505,2.4169349503385504e-05,9.382759478545558e-05,-4.786583534988594e-05,9.648970499909714e-05,-7.878756527645848e-06,-8.552341406209708e-05,-0.0002805375984672272,-6.312848270215531,-6.285510807899657,-0.9626813342291862,1.3731226327873245e-05,-4.582852798254336e-07,28.0,28.0,14.0,6.0,6.0,6.0
0.04701621699007229,1.0,2.8803078889426084e-05,0.00010335250333940264,-0.3163494648735796,0.016130330940391152,0.2227998260040374,-0.3163494648735796,0.016130330940391152,0.2227998260040374,-0.3163605843587129,0.016136360064308027,0.22282570309948252,-0.4135654608355921,-1.5683863798724573,1.4025077819824219,-1.4045050779925745,-1.5707386175738733,2.72776460647583,0.0,0.0,-0.0,0.0,0.0,0.0,-0.4135648544821287,-1.5684079102017525,1.4025548951518898,-1.4044791932141232,-1.5707503174255737,2.727702896811867,2.5627634687976794e-05,0.00010469087529778464,-5.507263319052618e-05,0.00011201975378768304,-1.0838562323639897e-05,-8.771474594127755e-05,-0.0002805375984672272,-6.312848270215531,-6.285510807899657,-0.9626813342291862,1.3731226327873245e-05,-4.582852798254336e-07,28.0,28.0,14.0,6.0,6.0,6.0
0.05101621699007229,1.0,2.370951992866865e-05,8.523855221718763e-05,-0.3163494648735796,0.016130330940391152,0.2227998260040374,-0.3163494648735796,0.016130330940391152,0.2227998260040374,-0.3163570993229617,0.016132378033936388,0.22282217921244016,-0.41354114214052373,-1.5683863798724573,1.402519702911377,-1.4045050779925745,-1.5707624594317835,2.727753162384033,0.0,0.0,-0.0,0.0,0.0,0.0,-0.4135647700767315,-1.5684074612708305,1.4025546544093423,-1.4044786964422575,-1.5707503444438857,2.727702555325151,2.110134931071467e-05,0.00011223273050493316,-6.0185636873989995e-05,0.00012419296641818977,-6.754578025546122e-06,-8.537167893117526e-05,-0.0005643784123957475,-6.312932486859918,-6.285583141396489,-0.9626956505740347,5.602494979796807e-06,3.1195255344773107e-09,28.0,28.0,14.0,6.0,6.0,6.0
0.055208214974962186,1.0,2.370951992866865e-05,8.523855221718763e-05,-0.3163494648735796,0.016130330940391152,0.2227998260040374,-0.3163494648735796,0.016130330940391152,0.2227998260040374,-0.3163570993229617,0.016132378033936388,0.22282217921244016,-0.41354114214052373,-1.5683863798724573,1.402519702911377,-1.4045050779925745,-1.5707624594317835,2.727753162384033,0.0,0.0,-0.0,0.0,0.0,0.0,-0.41356470269016726,-1.568406983982533,1.402554394441901,-1.4044781538991125,-1.570750356106417,2.727702222648367,1.684664105608828e-05,0.00011932207439965277,-6.499186033644598e-05,0.0001356357862908661,-2.9156327853379724e-06,-8.31691959416791e-05,-0.0005643784123957475,-6.312932486859918,-6.285583141396489,-0.9626956505740347,5.602494979796807e-06,3.1195255344773107e-09,28.0,28.0,14.0,6.0,6.0,6.0
0.05920821497496219,1.0,2.454927033128181e-05,7.67000822188855e-05,-0.3163494648735796,0.016130330940391152,0.2227998260040374,-0.3163494648735796,0.016130330940391152,0.2227998260040374,-0.31635525900398215,0.016119595296419292,0.22282112954071998,-0.41352922121156865,-1.5683983008014124,1.402531623840332,-1.4044926802264612,-1.5707266966449183,2.7277767658233643,0.0,0.0,-0.0,0.0,0.0,0.0,-0.4135646437334441,-1.5684064730721776,1.4025541123374365,-1.4044775855163631,-1.5707503945215802,2.72770189236096,1.4739180786656603e-05,0.00012772758886341656,-7.052611610156572e-05,0.00014209568732960454,-9.603790790494298e-06,-8.257185177976504e-05,-0.0005147184809441881,-6.312721075778693,-6.285582290451236,-0.9627027440517446,6.643030102198605e-06,-1.4760267301939441e-07,28.0,28.0,14.0,6.0,6.0,6.0
0.06343582897610033,1.0,2.454927033128181e-05,7.67000822188855e-05,-0.3163494648735796,0.016130330940391152,0.2227998260040374,-0.3163494648735796,0.016130330940391152,0.2227998260040374,-0.31635525900398215,0.016119595296419292,0.22282112954071998,-0.41352922121156865,-1.5683983008014124,1.402531623840332,-1.4044926802264612,-1.5707266966449183,2.7277767658233643,0.0,0.0,-0.0,0.0,0.0,0.0,-0.41356459270077156,-1.5684059305570879,1.4025538094241705,-1.4044769928443859,-1.5707504580842173,2.727701564319567,1.2758168133390825e-05,0.0001356287724593545,-7.572831652077827e-05,0.00014816799430601867,-1.5890659315341243e-05,-8.201034826756582e-05,-0.0005147184809441881,-6.312721075778693,-6.285582290451236,-0.9627027440517446,6.643030102198605e-06,-1.4760267301939441e-07,28.0,28.0,14.0,6.0,6.0,6.0
0.06743582897610033,1.0,2.454927033128181e-05,7.67000822188855e-05,-0.3163494648735796,0.016130330940391152,0.2227998260040374,-0.3163494648735796,0.016130330940391152,0.2227998260040374,-0.31635525900398215,0.016119595296419292,0.22282112954071998,-0.41352922121156865,-1.5683983008014124,1.402531623840332,-1.4044926802264612,-1.5707266966449183,2.7277767658233643,0.0,0.0,-0.0,0.0,0.0,0.0,-0.4135645491167066,-1.5684053583335478,1.4025534869506309,-1.4044763773405344,-1.5707505452854802,2.727701238389427,1.0896016239320995e-05,0.00014305588503953618,-8.061838491483807e-05,0.00015387596286384797,-2.1800315728697372e-05,-8.148253496609856e-05,-0.0005147184809441881,-6.312721075778693,-6.285582290451236,-0.9627027440517446,6.643030102198605e-06,-1.4760267301939441e-07,28.0,28.0,14.0,6.0,6.0,6.0
0.07177029096777553,1.0,2.454927033128181e-05,7.67000822188855e-05,-0.3163494648735796,0.016130330940391152,0.2227998260040374,-0.3163494648735796,0.016130330940391152,0.2227998260040374,-0.31635525900398215,0.016119595296419292,0.22282112954071998,-0.41352922121156865,-1.5683983008014124,1.402531623840332,-1.4044926802264612,-1.5707266966449183,2.7277767658233643,0.0,0.0,-0.0,0.0,0.0,0.0,-0.41356451253433274,-1.5684047581840643,1.4025531460904341,-1.4044757403747212,-1.5707506547070513,2.727700914443865,9.145593458895354e-06,0.00015003737086490695,-8.52150492052543e-05,0.0001592414533082075,-2.7355392757252134e-05,-8.098639046271933e-05,-0.0005147184809441881,-6.312721075778693,-6.285582290451236,-0.9627027440517446,6.643030102198605e-06,-1.4760267301939441e-07,28.0,28.0,14.0,6.0,6.0,6.0
0.07577029096777553,1.0,2.8437162700201753e-05,9.876622062202816e-05,-0.3163494648735796,0.016130330940391152,0.2227998260040374,-0.3163494648735796,0.016130330940391152,0.2227998260040374,-0.31635132654151704,0.016131147956772385,0.2228281903989571,-0.413553539906637,-1.5684221426593226,1.402531623840332,-1.4044926802264612,-1.5707505385028284,2.727717161178589,0.0,0.0,-0.0,0.0,0.0,0.0,-0.41356447817738873,-1.5684041101650192,1.4025527744634119,-1.4044750639129389,-1.57075075756283,2.7277006373703716,8.58923600049578e-06,0.00016200476127958374,-9.290675557444055e-05,0.00016911544560921398,-2.571394464798786e-05,-6.926837338186618e-05,-0.0005871546774691613,-6.311952049098854,-6.28542106310716,-0.9626806481476735,9.71838518873448e-06,3.0767380952736414e-07,28.0,28.0,14.0,6.0,6.0,6.0
0.07987206195597539,1.0,2.8437162700201753e-05,9.876622062202816e-05,-0.3163494648735796,0.016130330940391152,0.2227998260040374,-0.3163494648735796,0.016130330940391152,0.2227998260040374,-0.31635132654151704,0.016131147956772385,0.2228281903989571,-0.413553539906637,-1.5684221426593226,1.402531623840332,-1.4044926802264612,-1.5707505385028284,2.727717161178589,0.0,0.0,-0.0,0.0,0.0,0.0,-0.41356444591234875,-1.568403417148586,1.4025523739155736,-1.4044743503249453,-1.5707508542467636,2.7277004043566224,8.066259989600179e-06,0.00017325410826937992,-0.00010013695956147562,0.00017839699837216008,-2.4170983425279444e-05,-5.825343732586423e-05,-0.0005871546774691613,-6.311952049098854,-6.28542106310716,-0.9626806481476735,9.71838518873448e-06,3.0767380952736414e-07,28.0,28.0,14.0,6.0,6.0,6.0
0.0838720619559754,1.0,2.8437162700201753e-05,9.876622062202816e-05,-0.3163494648735796,0.016130330940391152,0.2227998260040374,-0.3163494648735796,0.016130330940391152,0.2227998260040374,-0.31635132654151704,0.016131147956772385,0.2228281903989571,-0.413553539906637,-1.5684221426593226,1.402531623840332,-1.4044926802264612,-1.5707505385028284,2.727717161178589,0.0,0.0,-0.0,0.0,0.0,0.0,-0.4135644156136986,-1.5684026818346084,1.4025519461821685,-1.4044736018383135,-1.5707509451291632,2.7277002127590326,7.574662539358314e-06,0.00018382849443978832,-0.0001069333513092886,0.0001871216579693294,-2.272059987593353e-05,-4.789939743322239e-05,-0.0005871546774691613,-6.311952049098854,-6.28542106310716,-0.9626806481476735,9.71838518873448e-06,3.0767380952736414e-07,28.0,28.0,14.0,6.0,6.0,6.0
0.0886861519594677,1.0,2.1382882481261514e-05,9.037950189573096e-05,-0.3163494648735796,0.016130330940391152,0.2227998260040374,-0.3163494648735796,0.016130330940391152,0.2227998260040374,-0.3163575364366494,0.01612846019718266,0.22281953838219595,-0.413553539906637,-1.5683983008014124,1.4025440216064453,-1.4045169989215296,-1.5707266966449183,2.72776460647583,0.0,0.0,-0.0,0.0,0.0,0.0,-0.4135643775433248,-1.5684019221291532,1.4025514902019693,-1.4044728162105864,-1.570751058016544,2.727700015054628,9.517593455102093e-06,0.00018992636378989495,-0.00011399504977647706,0.0001964069317785272,-2.822184518972071e-05,-4.942610126302042e-05,-0.0003323424245126194,-6.312797884736826,-6.2856457765663265,-0.9627057854369573,1.224704074076784e-05,-3.0447852668365505e-07,28.0,28.0,14.0,6.0,6.0,6.0
0.09268615195946771,1.0,2.1382882481261514e-05,9.037950189573096e-05,-0.3163494648735796,0.016130330940391152,0.2227998260040374,-0.3163494648735796,0.016130330940391152,0.2227998260040374,-0.3163575364366494,0.01612846019718266,0.22281953838219595,-0.413553539906637,-1.5683983008014124,1.4025440216064453,-1.4045169989215296,-1.5707266966449183,2.72776460647583,0.0,0.0,-0.0,0.0,0.0,0.0,-0.41356433216753075,-1.5684011394957094,1.402551007669784,-1.4044719956702298,-1.5707511915886072,2.727699811609816,1.1343948515901244e-05,0.00019565836097899515,-0.0001206330463356342,0.00020513508915917313,-3.339301578468066e-05,-5.0861202863030566e-05,-0.0003323424245126194,-6.312797884736826,-6.2856457765663265,-0.9627057854369573,1.224704074076784e-05,-3.0447852668365505e-07,28.0,28.0,14.0,6.0,6.0,6.0
0.09702773696812804,1.0,2.1382882481261514e-05,9.037950189573096e-05,-0.3163494648735796,0.016130330940391152,0.2227998260040374,-0.3163494648735796,0.016130330940391152,0.2227998260040374,-0.3163575364366494,0.01612846019718266,0.22281953838219595,-0.413553539906637,-1.5683983008014124,1.4025440216064453,-1.4045169989215296,-1.5707266966449183,2.72776460647583,0.0,0.0,-0.0,0.0,0.0,0.0,-0.4135642799246417,-1.568400335309956,1.4025505001787315,-1.4044711423120015,-1.5707513446042718,2.7276996027690226,1.3060722273052447e-05,0.00020104643833674936,-0.00012687276310124193,0.0002133395570969803,-3.825391614394301e-05,-5.22101983670401e-05,-0.0003323424245126194,-6.312797884736826,-6.2856457765663265,-0.9627057854369573,1.224704074076784e-05,-3.0447852668365505e-07,28.0,28.0,14.0,6.0,6.0,6.0
0.10102773696812804,1.0,3.850968202071856e-05,0.00012863528368420543,-0.3163494648735796,0.016130330940391152,0.2227998260040374,-0.3163494648735796,0.016130330940391152,0.2227998260040374,-0.31635220516788215,0.016147364472425412,0.2228342548463489,-0.41357738176454717,-1.5684102217303675,1.4024958610534668,-1.4044812361346644,-1.5707863012896937,2.7277767658233643,0.0,0.0,-0.0,0.0,0.0,0.0,-0.4135642315673103,-1.5683995024465613,1.4025499896585796,-1.4044702589457438,-1.570751447249033,2.7276993370453746,1.2089332836346035e-05,0.00020821584866238606,-0.00012763003796127285,0.0002208415644032367,-2.566119029429227e-05,-6.643091196034532e-05,-0.0005357013585335428,-6.312062308904657,-6.285292399256141,-0.9626555063311577,1.1424797849933923e-05,-7.690039601648441e-07,28.0,28.0,14.0,6.0,6.0,6.0
0.10552009597118016,1.0,3.850968202071856e-05,0.00012863528368420543,-0.3163494648735796,0.016130330940391152,0.2227998260040374,-0.3163494648735796,0.016130330940391152,0.2227998260040374,-0.31635220516788215,0.016147364472425412,0.2228342548463489,-0.41357738176454717,-1.5684102217303675,1.4024958610534668,-1.4044812361346644,-1.5707863012896937,2.7277767658233643,0.0,0.0,-0.0,0.0,0.0,0.0,-0.41356418686240326,-1.5683986426261838,1.4025494762910742,-1.4044693473719387,-1.5707515025451448,2.7276990178518434,1.1176226765842008e-05,0.00021495509436848456,-0.0001283418763297019,0.00022789345127111773,-1.3824027995620575e-05,-7.979838273805223e-05,-0.0005357013585335428,-6.312062308904657,-6.285292399256141,-0.9626555063311577,1.1424797849933923e-05,-7.690039601648441e-07,28.0,28.0,14.0,6.0,6.0,6.0
0.10952009597118016,1.0,3.850968202071856e-05,0.00012863528368420543,-0.3163494648735796,0.016130330940391152,0.2227998260040374,-0.3163494648735796,0.016130330940391152,0.2227998260040374,-0.31635220516788215,0.016147364472425412,0.2228342548463489,-0.41357738176454717,-1.5684102217303675,1.4024958610534668,-1.4044812361346644,-1.5707863012896937,2.7277767658233643,0.0,0.0,-0.0,0.0,0.0,0.0,-0.41356414559077503,-1.5683977574662424,1.4025489602470567,-1.404468409283039,-1.5707515133335266,2.7276986483966223,1.0317907059568223e-05,0.00022128998533221716,-0.0001290110043960252,0.00023452222492692588,-2.697095434869183e-06,-9.236380526909672e-05,-0.0005357013585335428,-6.312062308904657,-6.285292399256141,-0.9626555063311577,1.1424797849933923e-05,-7.690039601648441e-07,28.0,28.0,14.0,6.0,6.0,6.0
0.11423802296072248,1.0,3.850968202071856e-05,0.00012863528368420543,-0.3163494648735796,0.016130330940391152,0.2227998260040374,-0.3163494648735796,0.016130330940391152,0.2227998260040374,-0.31635220516788215,0.016147364472425412,0.2228342548463489,-0.41357738176454717,-1.5684102217303675,1.4024958610534668,-1.4044812361346644,-1.5707863012896937,2.7277767658233643,0.0,0.0,-0.0,0.0,0.0,0.0,-0.4135641075464289,-1.5683968484871111,1.4025484416871175,-1.4044674462699505,-1.5707514822846418,2.7276982316954124,9.511086535670866e-06,0.0002272447828381258,-0.00012963998477836912,0.00024075327216338554,7.762221172237127e-06,-0.00010417530244827854,-0.0005357013585335428,-6.312062308904657,-6.285292399256141,-0.9626555063311577,1.1424797849933923e-05,-7.690039601648441e-07,28.0,28.0,14.0,6.0,6.0,6.0
0.11823802296072249,1.0,6.532654757043987e-06,2.900533131256275e-05,-0.3163494648735796,0.016130330940391152,0.2227998260040374,-0.3163494648735796,0.016130330940391152,0.2227998260040374,-0.316349424420604,0.016127606662007125,0.22280576336447935,-0.413553539906637,-1.568373982106344,1.4025559425354004,-1.4044812361346644,-1.5707386175738733,2.72776460647583,0.0,0.0,-0.0,0.0,0.0,0.0,-0.41356406698309783,-1.5683959791012387,1.4025479499291325,-1.4044665379447112,-1.5707514668281,2.7276978176066766,1.0140832775438748e-05,0.0002173464681051876,-0.00012293949627515026,0.0002270813097946705,3.8641354800096705e-06,-0.00010352218392110982,-3.7966787798114926e-05,-6.31418830804255,-6.28592459205944,-0.9627494770121899,1.099214150916354e-05,-3.045330561354291e-07,28.0,28.0,14.0,6.0,6.0,6.0
0.12270070196478632,1.0,6.532654757043987e-06,2.900533131256275e-05,-0.3163494648735796,0.016130330940391152,0.2227998260040374,-0.3163494648735796,0.016130330940391152,0.2227998260040374,-0.316349424420604,0.016127606662007125,0.22280576336447935,-0.413553539906637,-1.568373982106344,1.4025559425354004,-1.4044812361346644,-1.5707386175738733,2.72776460647583,0.0,0.0,-0.0,0.0,0.0,0.0,-0.4135640240519209,-1.5683951469330297,1.402547483364984,-1.4044656810260505,-1.5707514660283604,2.7276974059736667,1.0732794240820557e-05,0.0002080420522562257,-0.00011664103708212452,0.00021422966516807838,1.9993492931586108e-07,-0.00010290825250557123,-3.7966787798114926e-05,-6.31418830804255,-6.28592459205944,-0.9627494770121899,1.099214150916354e-05,-3.045330561354291e-07,28.0,28.0,14.0,6.0,6.0,6.0
0.1267007019647863,1.0,2.0395331382500725e-05,8.649476024206767e-05,-0.3163494648735796,0.016130330940391152,0.2227998260040374,-0.3163494648735796,0.016130330940391152,0.2227998260040374,-0.31635698077828034,0.01614519651653691,0.22281159440939183,-0.41358930269350225,-1.5683625380145472,1.402531623840332,-1.4045050779925745,-1.5707505385028284,2.7277767658233643,0.0,0.0,-0.0,0.0,0.0,0.0,-0.41356396315177385,-1.5683943393123152,1.4025470288249897,-1.4044648289114339,-1.5707514652826848,2.72769695718602,1.5225036752608061e-05,0.00020190517861257137,-0.00011363499859318193,0.0002130286541460137,1.8641890418773095e-07,-0.00011219691165347192,0.00014860209575009016,-6.314188936129943,-6.285836667890215,-0.9627236701324062,1.7969334290938765e-05,-9.228227726731591e-07,28.0,28.0,14.0,6.0,6.0,6.0
0.13137114096176813,1.0,2.0395331382500725e-05,8.649476024206767e-05,-0.3163494648735796,0.016130330940391152,0.2227998260040374,-0.3163494648735796,0.016130330940391152,0.2227998260040374,-0.31635698077828034,0.01614519651653691,0.22281159440939183,-0.41358930269350225,-1.5683625380145472,1.402531623840332,-1.4045050779925745,-1.5707505385028284,2.7277767658233643,0.0,0.0,-0.0,0.0,0.0,0.0,-0.41356388536079497,-1.5683935547662458,1.4025465855877,-1.4044639813126187,-1.5707514645878295,2.727696473473015,1.9447744713688315e-05,0.0001961365173875363,-0.00011080932241357589,0.00021189970378527288,1.737138405672886e-07,-0.00012092825125249856,0.00014860209575009016,-6.314188936129943,-6.285836667890215,-0.9627236701324062,1.7969334290938765e-05,-9.228227726731591e-07,28.0,28.0,14.0,6.0,6.0,6.0
0.13537114096176814,1.0,2.0395331382500725e-05,8.649476024206767e-05,-0.3163494648735796,0.016130330940391152,0.2227998260040374,-0.3163494648735796,0.016130330940391152,0.2227998260040374,-0.31635698077828034,0.01614519651653691,0.22281159440939183,-0.41358930269350225,-1.5683625380145472,1.402531623840332,-1.4045050779925745,-1.5707505385028284,2.7277767658233643,0.0,0.0,-0.0,0.0,0.0,0.0,-0.4135637916924342,-1.5683927919103424,1.4025461529749528,-1.404463137958657,-1.5707514639407452,2.727695956930173,2.3417090197103753e-05,0.00019071397583600333,-0.00010815318680474621,0.0002108384904461765,1.6177108076407282e-07,-0.00012913571047558361,0.00014860209575009016,-6.314188936129943,-6.285836667890215,-0.9627236701324062,1.7969334290938765e-05,-9.228227726731591e-07,28.0,28.0,14.0,6.0,6.0,6.0
0.14015673895552758,1.0,2.0395331382500725e-05,8.649476024206767e-05,-0.3163494648735796,0.016130330940391152,0.2227998260040374,-0.3163494648735796,0.016130330940391152,0.2227998260040374,-0.31635698077828034,0.01614519651653691,0.22281159440939183,-0.41358930269350225,-1.5683625380145472,1.402531623840332,-1.4045050779925745,-1.5707505385028284,2.7277767658233643,0.0,0.0,-0.0,0.0,0.0,0.0,-0.4135636830993344,-1.5683920494431953,1.4025457303492754,-1.4044622985948574,-1.5707514633385655,2.7276954095272843,2.7148274951514266e-05,0.00018561678677756234,-0.00010565641933244632,0.00020984094990742592,1.5054488654904997e-07,-0.00013685072214528356,0.00014860209575009016,-6.314188936129943,-6.285836667890215,-0.9627236701324062,1.7969334290938765e-05,-9.228227726731591e-07,28.0,28.0,14.0,6.0,6.0,6.0
0.14415673895552758,1.0,2.281211611212533e-05,6.616328345696029e-05,-0.3163494648735796,0.016130330940391152,0.2227998260040374,-0.3163494648735796,0.016130330940391152,0.2227998260040374,-0.3163493152126624,0.016140682990244182,0.2228201534560903,-0.41357738176454717,-1.5683983008014124,1.402531623840332,-1.4044812361346644,-1.5707624594317835,2.727741003036499,0.0,0.0,-0.0,0.0,0.0,0.0,-0.4135635721448901,-1.5683913017815894,1.4025453105454624,-1.4044614670567614,-1.570751449046359,2.727694876380098,2.773861107980059e-05,0.0001869154015079762,-0.00010495095326105655,0.000207884523961747,3.5730516445080564e-06,-0.0001332867965708441,-0.00020646966443442583,-6.313033325160363,-6.285604131291667,-0.9627021216234419,1.3955057917023788e-05,-3.075860324830181e-07,28.0,28.0,14.0,6.0,6.0,6.0
0.14864316194131974,1.0,2.281211611212533e-05,6.616328345696029e-05,-0.3163494648735796,0.016130330940391152,0.2227998260040374,-0.3163494648735796,0.016130330940391152,0.2227998260040374,-0.3163493152126624,0.016140682990244182,0.2228201534560903,-0.41357738176454717,-1.5683983008014124,1.402531623840332,-1.4044812361346644,-1.5707624594317835,2.727741003036499,0.0,0.0,-0.0,0.0,0.0,0.0,-0.41356345897078195,-1.568390549237192,1.4025448933942017,-1.4044606428748272,-1.570751421885527,2.727694356633272,2.8293527040389733e-05,0.00018813609935456523,-0.00010428781515395016,0.00020604548357280883,6.790207996989523e-06,-0.000129936706530871,-0.00020646966443442583,-6.313033325160363,-6.285604131291667,-0.9627021216234419,1.3955057917023788e-05,-3.075860324830181e-07,28.0,28.0,14.0,6.0,6.0,6.0
0.15264316194131974,1.0,1.9194106112774732e-05,7.817249148560403e-05,-0.3163494648735796,0.016130330940391152,0.2227998260040374,-0.3163494648735796,0.016130330940391152,0.2227998260040374,-0.31635124226384537,0.016122991395208026,0.2228174721274025,-0.413553539906637,-1.5684102217303675,1.4025559425354004,-1.4044926802264612,-1.5707147757159632,2.727705240249634,0.0,0.0,-0.0,0.0,0.0,0.0,-0.4135633381870118,-1.5683897769836814,1.4025444567118421,-1.4044598198100495,-1.5707514375445972,2.727693923668867,3.019594253993327e-05,0.00019306337759695372,-0.00010917058988026791,0.00020576619440918913,-3.914767556584826e-06,-0.00010824110114948151,-0.00024509887736721763,-6.312747297767806,-6.28565892857873,-0.962715546517924,1.3510642774787482e-05,4.614747454051945e-07,28.0,28.0,14.0,6.0,6.0,6.0
0.15709278194024232,1.0,1.9194106112774732e-05,7.817249148560403e-05,-0.3163494648735796,0.016130330940391152,0.2227998260040374,-0.3163494648735796,0.016130330940391152,0.2227998260040374,-0.31635124226384537,0.016122991395208026,0.2228174721274025,-0.413553539906637,-1.5684102217303675,1.4025559425354004,-1.4044926802264612,-1.5707147757159632,2.727705240249634,0.0,0.0,-0.0,0.0,0.0,0.0,-0.41356321025015935,-1.568388986203605,1.4025440016702497,-1.4044589977953992,-1.5707514934543756,2.727693572279939,3.1984213109504196e-05,0.00019769501914479893,-0.00011376039812300659,0.0002055036625953866,-1.3977444576944715e-05,-8.784723209097539e-05,-0.00024509887736721763,-6.312747297767806,-6.28565892857873,-0.962715546517924,1.3510642774787482e-05,4.614747454051945e-07,28.0,28.0,14.0,6.0,6.0,6.0
0.16109278194024232,1.0,1.9194106112774732e-05,7.817249148560403e-05,-0.3163494648735796,0.016130330940391152,0.2227998260040374,-0.3163494648735796,0.016130330940391152,0.2227998260040374,-0.31635124226384537,0.016122991395208026,0.2228174721274025,-0.413553539906637,-1.5684102217303675,1.4025559425354004,-1.4044926802264612,-1.5707147757159632,2.727705240249634,0.0,0.0,-0.0,0.0,0.0,0.0,-0.4135630755894096,-1.568388178008556,1.4025435293709783,-1.4044581767678683,-1.5707515871998194,2.727693297571958,3.3665187444900866e-05,0.0002020487621997734,-0.00011807481787118094,0.00020525688269041223,-2.343636097608301e-05,-6.867699517597962e-05,-0.00024509887736721763,-6.312747297767806,-6.28565892857873,-0.962715546517924,1.3510642774787482e-05,4.614747454051945e-07,28.0,28.0,14.0,6.0,6.0,6.0
0.1658308909228072,1.0,1.9194106112774732e-05,7.817249148560403e-05,-0.3163494648735796,0.016130330940391152,0.2227998260040374,-0.3163494648735796,0.016130330940391152,0.2227998260040374,-0.31635124226384537,0.016122991395208026,0.2228174721274025,-0.413553539906637,-1.5684102217303675,1.4025559425354004,-1.4044926802264612,-1.5707147757159632,2.727705240249634,0.0,0.0,-0.0,0.0,0.0,0.0,-0.4135629346081963,-1.5683873534434334,1.4025430408494886,-1.40445735666823,-1.570751716510789,2.727693094944068,3.524530332017373e-05,0.00020614128067144942,-0.00012213037243446483,0.0002050249095797363,-3.2327742391273006e-05,-5.0656972475883604e-05,-0.00024509887736721763,-6.312747297767806,-6.28565892857873,-0.962715546517924,1.3510642774787482e-05,4.614747454051945e-07,28.0,28.0,14.0,6.0,6.0,6.0
0.1698308909228072,1.0,3.3647709218104077e-05,0.00010473940243429538,-0.3163494648735796,0.016130330940391152,0.2227998260040374,-0.3163494648735796,0.016130330940391152,0.2227998260040374,-0.31634696750879265,0.016153926079711427,0.22282368393574162,-0.4136131445514124,-1.5684102217303675,1.402531623840332,-1.4044812361346644,-1.5707743803607386,2.727753162384033,0.0,0.0,-0.0,0.0,0.0,0.0,-0.41356277746580433,-1.5683865177603247,1.402542552312769,-1.404456533565172,-1.5707518106135654,2.7276928464227854,3.928559800171834e-05,0.00020892077720195074,-0.00012213417986410433,0.00020577576450295432,-2.3525694132367324e-05,-6.213032070126568e-05,-2.9905445252033925e-05,-6.312747990097663,-6.285528534670797,-0.9626890283571763,2.0932245878754232e-05,-9.258959751942269e-07,28.0,28.0,14.0,6.0,6.0,6.0
0.17438023592438553,1.0,3.3647709218104077e-05,0.00010473940243429538,-0.3163494648735796,0.016130330940391152,0.2227998260040374,-0.3163494648735796,0.016130330940391152,0.2227998260040374,-0.31634696750879265,0.016153926079711427,0.22282368393574162,-0.4136131445514124,-1.5684102217303675,1.402531623840332,-1.4044812361346644,-1.5707743803607386,2.727753162384033,0.0,0.0,-0.0,0.0,0.0,0.0,-0.41356260513190435,-1.568385671626309,1.4025420637617336,-1.4044557076388995,-1.5707518716206406,2.7276925547617132,4.3083475002370276e-05,0.000211533503940622,-0.00012213775884796545,0.00020648156813077927,-1.5251768768995984e-05,-7.291526803312482e-05,-2.9905445252033925e-05,-6.312747990097663,-6.285528534670797,-0.9626890283571763,2.0932245878754232e-05,-9.258959751942269e-07,28.0,28.0,14.0,6.0,6.0,6.0
0.17838023592438554,1.0,3.3647709218104077e-05,0.00010473940243429538,-0.3163494648735796,0.016130330940391152,0.2227998260040374,-0.3163494648735796,0.016130330940391152,0.2227998260040374,-0.31634696750879265,0.016153926079711427,0.22282368393574162,-0.4136131445514124,-1.5684102217303675,1.402531623840332,-1.4044812361346644,-1.5707743803607386,2.727753162384033,0.0,0.0,-0.0,0.0,0.0,0.0,-0.4135624185179868,-1.5683848156684406,1.4025415751972412,-1.4044548790588054,-1.5707519015177562,2.7276922225492393,4.665347938298309e-05,0.00021398946707497298,-0.00012214112309279492,0.00020714502354093471,-7.474278927426925e-06,-8.305311852507241e-05,-2.9905445252033925e-05,-6.312747990097663,-6.285528534670797,-0.9626890283571763,2.0932245878754232e-05,-9.258959751942269e-07,28.0,28.0,14.0,6.0,6.0,6.0
0.1833617209452205,1.0,1.8910789400661216e-05,4.9142619910618773e-05,-0.3163494648735796,0.016130330940391152,0.2227998260040374,-0.3163494648735796,0.016130330940391152,0.2227998260040374,-0.31635066702814024,0.016147838513731402,0.22280687282288736,-0.41358930269350225,-1.5683625380145472,1.4025440216064453,-1.4044926802264612,-1.5707743803607386,2.727741003036499,0.0,0.0,-0.0,0.0,0.0,0.0,-0.41356223216397847,-1.568384003023589,1.4025411160137382,-1.4044540808393688,-1.5707519021685517,2.7276918800080403,4.658850207948753e-05,0.00020316121291904715,-0.00011479587577355925,0.000199554859120185,-1.6269883910362418e-07,-8.563529975660502e-05,0.00012633022898164524,-6.314490636590693,-6.285927976575472,-0.9627402132463331,1.544575210206073e-05,-4.6141530569548205e-07,28.0,28.0,14.0,6.0,6.0,6.0
0.1873617209452205,1.0,1.8910789400661216e-05,4.9142619910618773e-05,-0.3163494648735796,0.016130330940391152,0.2227998260040374,-0.3163494648735796,0.016130330940391152,0.2227998260040374,-0.31635066702814024,0.016147838513731402,0.22280687282288736,-0.41358930269350225,-1.5683625380145472,1.4025440216064453,-1.4044926802264612,-1.5707743803607386,2.727741003036499,0.0,0.0,-0.0,0.0,0.0,0.0,-0.4135620460542848,-1.5683832310929728,1.402540684448365,-1.4044533111589506,-1.5707518753278058,2.7276915277578397,4.65274234142017e-05,0.0001929826540124769,-0.00010789134329347772,0.00019242010456468027,6.710186443920278e-06,-8.806255011424569e-05,0.00012633022898164524,-6.314490636590693,-6.285927976575472,-0.9627402132463331,1.544575210206073e-05,-4.6141530569548205e-07,28.0,28.0,14.0,6.0,6.0,6.0
0.19169974393607123,1.0,1.8910789400661216e-05,4.9142619910618773e-05,-0.3163494648735796,0.016130330940391152,0.2227998260040374,-0.3163494648735796,0.016130330940391152,0.2227998260040374,-0.31635066702814024,0.016147838513731402,0.22280687282288736,-0.41358930269350225,-1.5683625380145472,1.4025440216064453,-1.4044926802264612,-1.5707743803607386,2.727741003036499,0.0,0.0,-0.0,0.0,0.0,0.0,-0.41356186017424695,-1.5683824974337384,1.402540278844034,-1.4044525683052094,-1.5707518226450115,2.727691166381178,4.647000946883302e-05,0.00018341480864030084,-0.00010140108276220109,0.00018571343528250584,1.3170698609962747e-05,-9.034416545042791e-05,0.00012633022898164524,-6.314490636590693,-6.285927976575472,-0.9627402132463331,1.544575210206073e-05,-4.6141530569548205e-07,28.0,28.0,14.0,6.0,6.0,6.0
0.19569974393607123,1.0,1.7721749160372547e-05,6.57278582438608e-05,-0.3163494648735796,0.016130330940391152,0.2227998260040374,-0.3163494648735796,0.016130330940391152,0.2227998260040374,-0.3163492048090991,0.016139485461804926,0.22281499793527418,-0.4135654608355921,-1.5683983008014124,1.4025559425354004,-1.4045050779925745,-1.5707743803607386,2.727717161178589,0.0,0.0,-0.0,0.0,0.0,0.0,-0.4135616882274704,-1.5683817605335828,1.4025398636734758,-1.4044518141881477,-1.5707517456652633,2.7276908376403943,4.2986694134482455e-05,0.00018422503886807796,-0.00010379263955668993,0.0001885292654031386,1.9244937044438524e-05,-8.218519589970581e-05,-0.0003593289250609203,-6.3131450552921065,-6.285737271075676,-0.962720660746863,9.945501058007314e-06,1.5383486498910556e-07,28.0,28.0,14.0,6.0,6.0,6.0
0.20020278791571042,1.0,1.7721749160372547e-05,6.57278582438608e-05,-0.3163494648735796,0.016130330940391152,0.2227998260040374,-0.3163494648735796,0.016130330940391152,0.2227998260040374,-0.3163492048090991,0.016139485461804926,0.22281499793527418,-0.4135654608355921,-1.5683983008014124,1.4025559425354004,-1.4045050779925745,-1.5707743803607386,2.727717161178589,0.0,0.0,-0.0,0.0,0.0,0.0,-0.41356152937795954,-1.5683810205869617,1.402539439510664,-1.404451049483565,-1.5707516458463786,2.727690539577336,3.971237772019293e-05,0.00018498665528218845,-0.00010604070294350943,0.00019117614571653336,2.4954721172845754e-05,-7.451576452202704e-05,-0.0003593289250609203,-6.3131450552921065,-6.285737271075676,-0.962720660746863,9.945501058007314e-06,1.5383486498910556e-07,28.0,28.0,14.0,6.0,6.0,6.0
0.20420278791571042,1.0,1.7721749160372547e-05,6.57278582438608e-05,-0.3163494648735796,0.016130330940391152,0.2227998260040374,-0.3163494648735796,0.016130330940391152,0.2227998260040374,-0.3163492048090991,0.016139485461804926,0.22281499793527418,-0.4135654608355921,-1.5683983008014124,1.4025559425354004,-1.4045050779925745,-1.5707743803607386,2.727717161178589,0.0,0.0,-0.0,0.0,0.0,0.0,-0.41356138283987837,-1.568380277776663,1.402539006895134,-1.404450274826712,-1.5707515245587056,2.72769027035134,3.6634520290760774e-05,0.00018570257471145233,-0.00010815388252711976,0.00019366421321112445,3.032191825354855e-05,-6.730649902700899e-05,-0.0003593289250609203,-6.3131450552921065,-6.285737271075676,-0.962720660746863,9.945501058007314e-06,1.5383486498910556e-07,28.0,28.0,14.0,6.0,6.0,6.0
0.2089966949075461,1.0,1.9347051530338322e-05,9.377511127806194e-05,-0.3163494648735796,0.016130330940391152,0.2227998260040374,-0.3163494648735796,0.016130330940391152,0.2227998260040374,-0.3163638472340702,0.016135085525341902,0.22281186136990566,-0.4135654608355921,-1.568373982106344,1.4025559425354004,-1.4045527617083948,-1.5707266966449183,2.72776460647583,0.0,0.0,-0.0,0.0,0.0,0.0,-0.4135612286469997,-1.5683795251159252,1.4025385396834573,-1.4044494444063371,-1.570751438009113,2.7276899928007694,3.854821967066937e-05,0.00018816518442415313,-0.00011680291916844658,0.00020760509375422615,2.1637398137809386e-05,-6.938764265513968e-05,-0.00011571807927600986,-6.3136110915354475,-6.285864499762922,-0.9627262501470316,1.499713640823235e-05,-4.582874582264249e-07,28.0,28.0,14.0,6.0,6.0,6.0
0.2129966949075461,1.0,1.9347051530338322e-05,9.377511127806194e-05,-0.3163494648735796,0.016130330940391152,0.2227998260040374,-0.3163494648735796,0.016130330940391152,0.2227998260040374,-0.3163638472340702,0.016135085525341902,0.22281186136990566,-0.4135654608355921,-1.568373982106344,1.4025559425354004,-1.4045527617083948,-1.5707266966449183,2.72776460647583,0.0,0.0,-0.0,0.0,0.0,0.0,-0.4135610672586113,-1.5683787631957748,1.402538039951403,-1.4044485615682512,-1.570751384113316,2.7276897074250988,4.034709708778344e-05,0.0001904800375540919,-0.0001249330136112938,0.00022070952146474175,1.3473949229014572e-05,-7.134391766558253e-05,-0.00011571807927600986,-6.3136110915354475,-6.285864499762922,-0.9627262501470316,1.499713640823235e-05,-4.582874582264249e-07,28.0,28.0,14.0,6.0,6.0,6.0
0.21764813891123055,1.0,1.9347051530338322e-05,9.377511127806194e-05,-0.3163494648735796,0.016130330940391152,0.2227998260040374,-0.3163494648735796,0.016130330940391152,0.2227998260040374,-0.3163638472340702,0.016135085525341902,0.22281186136990566,-0.4135654608355921,-1.568373982106344,1.4025559425354004,-1.4045527617083948,-1.5707266966449183,2.72776460647583,0.0,0.0,-0.0,0.0,0.0,0.0,-0.4135608991064439,-1.568377992571777,1.4025375096501933,-1.404447629457517,-1.5707513609120871,2.727689414693834,4.203804185987067e-05,0.00019265599949623433,-0.00013257530238757015,0.0002330276835126264,5.800307254747448e-06,-7.318281617539881e-05,-0.00011571807927600986,-6.3136110915354475,-6.285864499762922,-0.9627262501470316,1.499713640823235e-05,-4.582874582264249e-07,28.0,28.0,14.0,6.0,6.0,6.0
0.22164813891123056,1.0,3.5845998088079646e-05,0.0001398374780134046,-0.3163494648735796,0.016130330940391152,0.2227998260040374,-0.3163494648735796,0.016130330940391152,0.2227998260040374,-0.316357847445393,0.0161417211570799,0.22283276429531831,-0.41357738176454717,-1.5684102217303675,1.4025077819824219,-1.4045050779925745,-1.5707505385028284,2.7277886867523193,0.0,0.0,-0.0,0.0,0.0,0.0,-0.41356072737591576,-1.5683771784035856,1.402536955174962,-1.4044466486728604,-1.570751339102778,2.727689070796479,4.293263203278903e-05,0.00020354204780400335,-0.00013861880782845291,0.00024519616415688214,5.452327245483058e-06,-8.597433880706331e-05,-0.0004092077139155448,-6.312023806025451,-6.2853463899575965,-0.9626603123531666,1.5211784478264921e-05,-9.227805378717032e-07,28.0,28.0,14.0,6.0,6.0,6.0
0.2263375729306136,1.0,3.5845998088079646e-05,0.0001398374780134046,-0.3163494648735796,0.016130330940391152,0.2227998260040374,-0.3163494648735796,0.016130330940391152,0.2227998260040374,-0.316357847445393,0.0161417211570799,0.22283276429531831,-0.41357738176454717,-1.5684102217303675,1.4025077819824219,-1.4045050779925745,-1.5707505385028284,2.7277886867523193,0.0,0.0,-0.0,0.0,0.0,0.0,-0.41356055228172856,-1.5683763233038528,1.4025363779761502,-1.4044456221347166,-1.570751318601874,2.727688678802999,4.377354679533229e-05,0.00021377493321330624,-0.00014429970294288272,0.00025663453596248256,5.125226036774531e-06,-9.799837008082794e-05,-0.0004092077139155448,-6.312023806025451,-6.2853463899575965,-0.9626603123531666,1.5211784478264921e-05,-9.227805378717032e-07,28.0,28.0,14.0,6.0,6.0,6.0
0.2303375729306136,1.0,3.5845998088079646e-05,0.0001398374780134046,-0.3163494648735796,0.016130330940391152,0.2227998260040374,-0.3163494648735796,0.016130330940391152,0.2227998260040374,-0.316357847445393,0.0161417211570799,0.22283276429531831,-0.41357738176454717,-1.5684102217303675,1.4025077819824219,-1.4045050779925745,-1.5707505385028284,2.7277886867523193,0.0,0.0,-0.0,0.0,0.0,0.0,-0.4135603740257019,-1.5683754297284709,1.4025357794171727,-1.4044445525882947,-1.5707512993308703,2.727688241599161,4.456400667212295e-05,0.00022339384549805095,-0.00014963974435044673,0.00026738660545974695,4.817750900588516e-06,-0.00010930095947816669,-0.0004092077139155448,-6.312023806025451,-6.2853463899575965,-0.9626603123531666,1.5211784478264921e-05,-9.227805378717032e-07,28.0,28.0,14.0,6.0,6.0,6.0
0.23476700994698338,1.0,1.5697684870651817e-05,4.498479664325449e-05,-0.3163494648735796,0.016130330940391152,0.2227998260040374,-0.3163494648735796,0.016130330940391152,0.2227998260040374,-0.31634732476755106,0.016138660355199185,0.22281295833457848,-0.4135654608355921,-1.5683863798724573,1.4025440216064453,-1.4044812361346644,-1.5707743803607386,2.727717161178589,0.0,0.0,-0.0,0.0,0.0,0.0,-0.4135602092390535,-1.5683745617169902,1.4025352076542281,-1.4044435244122295,-1.5707512537584851,2.7276878415869463,4.119666209147456e-05,0.00021700287015187373,-0.000142940736161785,0.00025704401628773375,1.139309629960195e-05,-0.00010000305357260176,-0.00023206237868508763,-6.313612381623012,-6.2857653457769525,-0.9627258451003365,9.948059132685223e-06,1.538244478276254e-07,28.0,28.0,14.0,6.0,6.0,6.0
0.23876700994698338,1.0,1.5697684870651817e-05,4.498479664325449e-05,-0.3163494648735796,0.016130330940391152,0.2227998260040374,-0.3163494648735796,0.016130330940391152,0.2227998260040374,-0.31634732476755106,0.016138660355199185,0.22281295833457848,-0.4135654608355921,-1.5683863798724573,1.4025440216064453,-1.4044812361346644,-1.5707743803607386,2.727717161178589,0.0,0.0,-0.0,0.0,0.0,0.0,-0.41356005711362076,-1.568373717735577,1.4025346610795542,-1.4044425351242997,-1.5707511834628012,2.727687476534858,3.803135818566506e-05,0.00021099535332646713,-0.00013664366846444296,0.00024732198246604135,1.7573920974674578e-05,-9.126302202137073e-05,-0.00023206237868508763,-6.313612381623012,-6.2857653457769525,-0.9627258451003365,9.948059132685223e-06,1.538244478276254e-07,28.0,28.0,14.0,6.0,6.0,6.0
0.24335434493515648,1.0,1.5697684870651817e-05,4.498479664325449e-05,-0.3163494648735796,0.016130330940391152,0.2227998260040374,-0.3163494648735796,0.016130330940391152,0.2227998260040374,-0.31634732476755106,0.016138660355199185,0.22281295833457848,-0.4135654608355921,-1.5683863798724573,1.4025440216064453,-1.4044812361346644,-1.5707743803607386,2.727717161178589,0.0,0.0,-0.0,0.0,0.0,0.0,-0.4135599168897307,-1.568372896342427,1.4025341381818548,-1.404441582391217,-1.5707510899272166,2.7276871443452886,3.505597251420414e-05,0.00020534828751058492,-0.00013072442482894145,0.0002381832706736505,2.338389616924285e-05,-8.304739236321355e-05,-0.00023206237868508763,-6.313612381623012,-6.2857653457769525,-0.9627258451003365,9.948059132685223e-06,1.538244478276254e-07,28.0,28.0,14.0,6.0,6.0,6.0
0.24735434493515648,1.0,2.52115867039473e-05,9.190834257631973e-05,-0.3163494648735796,0.016130330940391152,0.2227998260040374,-0.3163494648735796,0.016130330940391152,0.2227998260040374,-0.3163529044437344,0.016132989527848324,0.22282465996010592,-0.4135654608355921,-1.5684102217303675,1.402531623840332,-1.4044926802264612,-1.5707386175738733,2.72776460647583,0.0,0.0,-0.0,0.0,0.0,0.0,-0.4135597734478413,-1.5683720511210253,1.4025336021294301,-1.404440618756807,-1.5707510157338416,2.7276868027938797,3.5860472349809107e-05,0.0002113053504348342,-0.00013401310619316867,0.00024090860248984942,1.8548343724705707e-05,-8.538785218727147e-05,-0.00033417882809190963,-6.312437704714457,-6.285506787337595,-0.9626896088935869,1.3730216558683294e-05,-4.582935573766651e-07,28.0,28.0,14.0,6.0,6.0,6.0
0.25207939494168397,1.0,2.52115867039473e-05,9.190834257631973e-05,-0.3163494648735796,0.016130330940391152,0.2227998260040374,-0.3163494648735796,0.016130330940391152,0.2227998260040374,-0.3163529044437344,0.016132989527848324,0.22282465996010592,-0.4135654608355921,-1.5684102217303675,1.402531623840332,-1.4044926802264612,-1.5707386175738733,2.72776460647583,0.0,0.0,-0.0,0.0,0.0,0.0,-0.4135596269810325,-1.568371183501067,1.4025330537115634,-1.4044396448751495,-1.5707509597221438,2.727686452442342,3.661670219527778e-05,0.00021690498958362855,-0.00013710446667554227,0.0002434704143970764,1.4002924426840793e-05,-8.758788442188592e-05,-0.00033417882809190963,-6.312437704714457,-6.285506787337595,-0.9626896088935869,1.3730216558683294e-05,-4.582935573766651e-07,28.0,28.0,14.0,6.0,6.0,6.0
0.25607939494168397,1.0,2.52115867039473e-05,9.190834257631973e-05,-0.3163494648735796,0.016130330940391152,0.2227998260040374,-0.3163494648735796,0.016130330940391152,0.2227998260040374,-0.3163529044437344,0.016132989527848324,0.22282465996010592,-0.4135654608355921,-1.5684102217303675,1.402531623840332,-1.4044926802264612,-1.5707386175738733,2.72776460647583,0.0,0.0,-0.0,0.0,0.0,0.0,-0.4135594776707995,-1.5683702948264655,1.4025324936701813,-1.404438661361079,-1.5707509208012227,2.7276860938186833,3.732755825001833e-05,0.00022216865038349523,-0.00014001034552897344,0.0002458785175898698,9.730230286847775e-06,-8.965591472242349e-05,-0.00033417882809190963,-6.312437704714457,-6.285506787337595,-0.9626896088935869,1.3730216558683294e-05,-4.582935573766651e-07,28.0,28.0,14.0,6.0,6.0,6.0
0.26088992394600075,1.0,1.7867717509259642e-05,6.078504206555872e-05,-0.3163494648735796,0.016130330940391152,0.2227998260040374,-0.3163494648735796,0.016130330940391152,0.2227998260040374,-0.316347258389007,0.016132069121969666,0.22281747155530737,-0.413553539906637,-1.5684102217303675,1.4025559425354004,-1.4044926802264612,-1.5707624594317835,2.727741003036499,0.0,0.0,-0.0,0.0,0.0,0.0,-0.4135593421478726,-1.5683694034704654,1.4025319315566087,-1.4044376885471443,-1.5707508704842112,2.7276857518841626,3.38807317221869e-05,0.00022283900004639798,-0.00014052839316718837,0.00024320348368233124,1.2579252853622571e-05,-8.548363020560257e-05,-0.0004615236629894815,-6.312760790323672,-6.285661178726376,-0.9627155469696808,8.45975847630926e-06,3.062927976550703e-11,28.0,28.0,14.0,6.0,6.0,6.0
0.26488992394600075,1.0,1.7867717509259642e-05,6.078504206555872e-05,-0.3163494648735796,0.016130330940391152,0.2227998260040374,-0.3163494648735796,0.016130330940391152,0.2227998260040374,-0.316347258389007,0.016132069121969666,0.22281747155530737,-0.413553539906637,-1.5684102217303675,1.4025559425354004,-1.4044926802264612,-1.5707624594317835,2.727741003036499,0.0,0.0,-0.0,0.0,0.0,0.0,-0.41355921958501346,-1.5683685095939504,1.402531367495177,-1.404436725791337,-1.570750809454875,2.7276854256374317,3.064071478602535e-05,0.00022346912872952656,-0.0001410153579471104,0.00024068895180924502,1.525733406639088e-05,-8.156168275979091e-05,-0.0004615236629894815,-6.312760790323672,-6.285661178726376,-0.9627155469696808,8.45975847630926e-06,3.062927976550703e-11,28.0,28.0,14.0,6.0,6.0,6.0
0.2694867569692434,1.0,1.7867717509259642e-05,6.078504206555872e-05,-0.3163494648735796,0.016130330940391152,0.2227998260040374,-0.3163494648735796,0.016130330940391152,0.2227998260040374,-0.316347258389007,0.016132069121969666,0.22281747155530737,-0.413553539906637,-1.5684102217303675,1.4025559425354004,-1.4044926802264612,-1.5707624594317835,2.727741003036499,0.0,0.0,-0.0,0.0,0.0,0.0,-0.41355910920461797,-1.5683676133481517,1.4025308016027576,-1.4044357724901697,-1.5707507383559534,2.727685114137223,2.7595098866033493e-05,0.00022406144969166743,-0.00014147310484023714,0.00023832529184854395,1.777473040639309e-05,-7.787505216072795e-05,-0.0004615236629894815,-6.312760790323672,-6.285661178726376,-0.9627155469696808,8.45975847630926e-06,3.062927976550703e-11,28.0,28.0,14.0,6.0,6.0,6.0
0.2734867569692434,1.0,2.839199247595407e-05,9.407991829156492e-05,-0.3163494648735796,0.016130330940391152,0.2227998260040374,-0.3163494648735796,0.016130330940391152,0.2227998260040374,-0.3163525251676781,0.016140534358180254,0.22282614387063418,-0.41358930269350225,-1.5683983008014124,1.4025077819824219,-1.404468838368551,-1.5707386175738733,2.72776460647583,0.0,0.0,-0.0,0.0,0.0,0.0,-0.41355898010786946,-1.5683667107274044,1.4025302477195627,-1.4044348316674045,-1.5707506852584674,2.7276847782758202,3.227418712562734e-05,0.0002256551867883056,-0.00013847079869497118,0.00023520569128703577,1.3274371484740656e-05,-8.396535069415476e-05,-3.5933012616919285e-05,-6.312825564153742,-6.285463551626228,-0.9626805196787253,1.9226360683761966e-05,-7.659186686442727e-07,28.0,28.0,14.0,6.0,6.0,6.0
0.27783783998386946,1.0,2.839199247595407e-05,9.407991829156492e-05,-0.3163494648735796,0.016130330940391152,0.2227998260040374,-0.3163494648735796,0.016130330940391152,0.2227998260040374,-0.3163525251676781,0.016140534358180254,0.22282614387063418,-0.41358930269350225,-1.5683983008014124,1.4025077819824219,-1.404468838368551,-1.5707386175738733,2.72776460647583,0.0,0.0,-0.0,0.0,0.0,0.0,-0.41355883341774907,-1.5683658021142057,1.402529705125039,-1.4044339025743375,-1.570750649082331,2.727684419514895,3.6672530089645556e-05,0.00022715329965914546,-0.0001356486309184212,0.00023227326675921809,9.044034098387366e-06,-8.969023131557596e-05,-3.5933012616919285e-05,-6.312825564153742,-6.285463551626228,-0.9626805196787253,1.9226360683761966e-05,-7.659186686442727e-07,28.0,28.0,14.0,6.0,6.0,6.0
0.28183783998386946,1.0,2.839199247595407e-05,9.407991829156492e-05,-0.3163494648735796,0.016130330940391152,0.2227998260040374,-0.3163494648735796,0.016130330940391152,0.2227998260040374,-0.3163525251676781,0.016140534358180254,0.22282614387063418,-0.41358930269350225,-1.5683983008014124,1.4025077819824219,-1.404468838368551,-1.5707386175738733,2.72776460647583,0.0,0.0,-0.0,0.0,0.0,0.0,-0.41355867018985915,-1.5683648878681027,1.402529173141866,-1.4044329845071868,-1.5707506288122632,2.7276840392284183,4.080697247582268e-05,0.00022856152575773497,-0.00013299579320846423,0.00022951678770306947,5.067516955215275e-06,-9.50716190997119e-05,-3.5933012616919285e-05,-6.312825564153742,-6.285463551626228,-0.9626805196787253,1.9226360683761966e-05,-7.659186686442727e-07,28.0,28.0,14.0,6.0,6.0,6.0
0.2864833479993978,1.0,2.1107815985820508e-05,5.4166678137563725e-05,-0.3163494648735796,0.016130330940391152,0.2227998260040374,-0.3163494648735796,0.016130330940391152,0.2227998260040374,-0.3163564046554634,0.016141087929553245,0.222816608927122,-0.41357738176454717,-1.5683625380145472,1.4025077819824219,-1.4044812361346644,-1.5707505385028284,2.727741003036499,0.0,0.0,-0.0,0.0,0.0,0.0,-0.4135585030623614,-1.5683640031164086,1.4025286708316824,-1.4044320886160657,-1.5707506097629003,2.7276836679865935,4.178187443432344e-05,0.00022118792353808742,-0.00012557754592072684,0.0002239727802898025,4.7623407227485936e-06,-9.281045618408638e-05,3.38199070153325e-05,-6.313987617149971,-6.285702096547915,-0.9627076870644762,1.52216386129517e-05,-3.0758841698413835e-07,28.0,28.0,14.0,6.0,6.0,6.0
0.2904833479993978,1.0,2.1107815985820508e-05,5.4166678137563725e-05,-0.3163494648735796,0.016130330940391152,0.2227998260040374,-0.3163494648735796,0.016130330940391152,0.2227998260040374,-0.3163564046554634,0.016141087929553245,0.222816608927122,-0.41357738176454717,-1.5683625380145472,1.4025077819824219,-1.4044812361346644,-1.5707505385028284,2.727741003036499,0.0,0.0,-0.0,0.0,0.0,0.0,-0.41355833226923233,-1.5683631460894587,1.4025281964141085,-1.4044312135704125,-1.570750591861,2.727683305246741,4.2698282275314156e-05,0.00021425673745161872,-0.0001186043934702537,0.00021876141332133152,4.4754750642299135e-06,-9.06849630433984e-05,3.38199070153325e-05,-6.313987617149971,-6.285702096547915,-0.9627076870644762,1.52216386129517e-05,-3.0758841698413835e-07,28.0,28.0,14.0,6.0,6.0,6.0
0.295359172000317,1.0,2.1107815985820508e-05,5.4166678137563725e-05,-0.3163494648735796,0.016130330940391152,0.2227998260040374,-0.3163494648735796,0.016130330940391152,0.2227998260040374,-0.3163564046554634,0.016141087929553245,0.222816608927122,-0.41357738176454717,-1.5683625380145472,1.4025077819824219,-1.4044812361346644,-1.5707505385028284,2.727741003036499,0.0,0.0,-0.0,0.0,0.0,0.0,-0.41355815803040974,-1.5683623151237687,1.4025277482155878,-1.404430358119499,-1.5707505750377146,2.727682950498743,4.3559705645845434e-05,0.00020774142253033814,-0.00011204963016680894,0.0002138627283709688,4.205821345222354e-06,-8.86869994911517e-05,3.38199070153325e-05,-6.313987617149971,-6.285702096547915,-0.9627076870644762,1.52216386129517e-05,-3.0758841698413835e-07,28.0,28.0,14.0,6.0,6.0,6.0
0.29935917200031703,1.0,1.436196610194067e-05,4.3379069262546984e-05,-0.3163494648735796,0.016130330940391152,0.2227998260040374,-0.3163494648735796,0.016130330940391152,0.2227998260040374,-0.3163542670646572,0.016127025392168124,0.22281295149001365,-0.413553539906637,-1.568373982106344,1.402531623840332,-1.4044812361346644,-1.5707266966449183,2.727741003036499,0.0,0.0,-0.0,0.0,0.0,0.0,-0.41355798464217985,-1.5683615041962486,1.4025273159910527,-1.4044295311618626,-1.5707505866832143,2.7276826266388636,4.3347057466586675e-05,0.00020273188001494183,-0.00010805613377335308,0.00020673940911459263,-2.911374915608181e-06,-8.096496983891802e-05,-7.263289041717278e-05,-6.313818532068502,-6.285768241614249,-0.9627245744757481,1.2252686261932146e-05,2.6983631641703842e-11,28.0,28.0,14.0,6.0,6.0,6.0
0.3039488809879405,1.0,1.436196610194067e-05,4.3379069262546984e-05,-0.3163494648735796,0.016130330940391152,0.2227998260040374,-0.3163494648735796,0.016130330940391152,0.2227998260040374,-0.3163542670646572,0.016127025392168124,0.22281295149001365,-0.413553539906637,-1.568373982106344,1.402531623840332,-1.4044812361346644,-1.5707266966449183,2.727741003036499,0.0,0.0,-0.0,0.0,0.0,0.0,-0.41355781205350717,-1.5683607121046084,1.402526898782064,-1.4044287309879067,-1.570750625089372,2.7276823318138157,4.3147168178083444e-05,0.0001980229100504693,-0.00010430224716350458,0.00020004348901359902,-9.601539400788885e-06,-7.370626196581836e-05,-7.263289041717278e-05,-6.313818532068502,-6.285768241614249,-0.9627245744757481,1.2252686261932146e-05,2.6983631641703842e-11,28.0,28.0,14.0,6.0,6.0,6.0
0.3079488809879405,1.0,1.436196610194067e-05,4.3379069262546984e-05,-0.3163494648735796,0.016130330940391152,0.2227998260040374,-0.3163494648735796,0.016130330940391152,0.2227998260040374,-0.3163542670646572,0.016127025392168124,0.22281295149001365,-0.413553539906637,-1.568373982106344,1.402531623840332,-1.4044812361346644,-1.5707266966449183,2.727741003036499,0.0,0.0,-0.0,0.0,0.0,0.0,-0.41355764021641817,-1.5683599377186952,1.402526495687689,-1.40442795599061,-1.570750688650548,2.7276820642815096,4.29592722468904e-05,0.00019359647828386513,-0.00010077359375024699,0.00019374932411866504,-1.5890294016858747e-05,-6.688307656510467e-05,-7.263289041717278e-05,-6.313818532068502,-6.285768241614249,-0.9627245744757481,1.2252686261932146e-05,2.6983631641703842e-11,28.0,28.0,14.0,6.0,6.0,6.0
0.3123593230110129,1.0,1.436196610194067e-05,4.3379069262546984e-05,-0.3163494648735796,0.016130330940391152,0.2227998260040374,-0.3163494648735796,0.016130330940391152,0.2227998260040374,-0.3163542670646572,0.016127025392168124,0.22281295149001365,-0.413553539906637,-1.568373982106344,1.402531623840332,-1.4044812361346644,-1.5707266966449183,2.727741003036499,0.0,0.0,-0.0,0.0,0.0,0.0,-0.41355746908581786,-1.5683591799761656,1.402526105861051,-1.4044272046593735,-1.5707507758574415,2.7276818224043806,4.278265007156895e-05,0.00018943563242325721,-9.745665954178484e-05,0.00018783280911742708,-2.1801723355964418e-05,-6.0469282288433805e-05,-7.263289041717278e-05,-6.313818532068502,-6.285768241614249,-0.9627245744757481,1.2252686261932146e-05,2.6983631641703842e-11,28.0,28.0,14.0,6.0,6.0,6.0
0.3163593230110129,1.0,1.1649477910969711e-05,6.0272726968198904e-05,-0.3163494648735796,0.016130330940391152,0.2227998260040374,-0.3163494648735796,0.016130330940391152,0.2227998260040374,-0.3163529396617719,0.01612399048359005,0.2228089602686586,-0.41352922121156865,-1.5683863798724573,1.4025678634643555,-1.4045169989215296,-1.5707505385028284,2.727729082107544,0.0,0.0,-0.0,0.0,0.0,0.0,-0.4135573222144185,-1.5683584290749673,1.402525703245907,-1.4044264453932902,-1.5707508578262703,2.72768162279656,3.6717849844306826e-05,0.00018772529960534484,-0.00010065378594636876,0.00018981652085807823,-2.0492207216526222e-05,-4.990195507572718e-05,-0.0004820984329370052,-6.313500667289175,-6.285878224345404,-0.9627423028476262,4.121259687832261e-06,4.6760653973084357e-07,28.0,28.0,14.0,6.0,6.0,6.0
0.32112236399366534,1.0,1.1649477910969711e-05,6.0272726968198904e-05,-0.3163494648735796,0.016130330940391152,0.2227998260040374,-0.3163494648735796,0.016130330940391152,0.2227998260040374,-0.3163529396617719,0.01612399048359005,0.2228089602686586,-0.41352922121156865,-1.5683863798724573,1.4025678634643555,-1.4045169989215296,-1.5707505385028284,2.727729082107544,0.0,0.0,-0.0,0.0,0.0,0.0,-0.41355719814666797,-1.5683576846046203,1.402525288609568,-1.4044256786684506,-1.5707509348713184,2.72768146292189,3.101693763068043e-05,0.00018611758675650723,-0.00010365908476667765,0.00019168120989429029,-1.9261262045454316e-05,-3.996866749578295e-05,-0.0004820984329370052,-6.313500667289175,-6.285878224345404,-0.9627423028476262,4.121259687832261e-06,4.6760653973084357e-07,28.0,28.0,14.0,6.0,6.0,6.0
0.32512236399366534,1.0,2.9090420074033912e-05,0.00012039601023546629,-0.3163494648735796,0.016130330940391152,0.2227998260040374,-0.3163494648735796,0.016130330940391152,0.2227998260040374,-0.31635697876763574,0.01613477765405709,0.2228275752504014,-0.4135654608355921,-1.5684221426593226,1.4025440216064453,-1.4045284430133265,-1.5707386175738733,2.727741003036499,0.0,0.0,-0.0,0.0,0.0,0.0,-0.4135570698992854,-1.5683568865231519,1.40252482062328,-1.4044248407119913,-1.570751021024557,2.7276813105296718,3.2061845639241916e-05,0.00019952036712087123,-0.00011699657199221592,0.000209489114833314,-2.1538309631142472e-05,-3.809805460590418e-05,-0.000499864856869825,-6.311873602240981,-6.285471436834157,-0.9626812117412384,1.372684199442995e-05,-1.5372898366828968e-07,28.0,28.0,14.0,6.0,6.0,6.0
0.3295755459812937,1.0,2.9090420074033912e-05,0.00012039601023546629,-0.3163494648735796,0.016130330940391152,0.2227998260040374,-0.3163494648735796,0.016130330940391152,0.2227998260040374,-0.31635697876763574,0.01613477765405709,0.2228275752504014,-0.4135654608355921,-1.5684221426593226,1.4025440216064453,-1.4045284430133265,-1.5707386175738733,2.727741003036499,0.0,0.0,-0.0,0.0,0.0,0.0,-0.41355693772304875,-1.5683560380472292,1.40252430248804,-1.4044239357978094,-1.5707511157394944,2.727681165170958,3.304405916728971e-05,0.0002121189806633734,-0.0001295338099842219,0.00022622854547599632,-2.3678734361689337e-05,-3.633967848941814e-05,-0.000499864856869825,-6.311873602240981,-6.285471436834157,-0.9626812117412384,1.372684199442995e-05,-1.5372898366828968e-07,28.0,28.0,14.0,6.0,6.0,6.0
0.3335755459812937,1.0,2.9090420074033912e-05,0.00012039601023546629,-0.3163494648735796,0.016130330940391152,0.2227998260040374,-0.3163494648735796,0.016130330940391152,0.2227998260040374,-0.31635697876763574,0.01613477765405709,0.2228275752504014,-0.4135654608355921,-1.5684221426593226,1.4025440216064453,-1.4045284430133265,-1.5707386175738733,2.727741003036499,0.0,0.0,-0.0,0.0,0.0,0.0,-0.4135568018536892,-1.5683551422005197,1.4025237372127852,-1.4044229679433684,-1.5707512185024288,2.727681026423738,3.3967339883654636e-05,0.0002239616773933254,-0.0001413188136967075,0.0002419636102801177,-2.569073360840339e-05,-3.4686804939921256e-05,-0.000499864856869825,-6.311873602240981,-6.285471436834157,-0.9626812117412384,1.372684199442995e-05,-1.5372898366828968e-07,28.0,28.0,14.0,6.0,6.0,6.0
0.3381747530039867,1.0,2.9090420074033912e-05,0.00012039601023546629,-0.3163494648735796,0.016130330940391152,0.2227998260040374,-0.3163494648735796,0.016130330940391152,0.2227998260040374,-0.31635697876763574,0.01613477765405709,0.2228275752504014,-0.4135654608355921,-1.5684221426593226,1.4025440216064453,-1.4045284430133265,-1.5707386175738733,2.727741003036499,0.0,0.0,-0.0,0.0,0.0,0.0,-0.41355666251279416,-1.5683542018252705,1.4025231276259165,-1.4044219409250835,-1.5707513288304804,2.7276808938913226,3.4835223757037666e-05,0.0002350938123194803,-0.00015239671718644398,0.00025675457119599175,-2.75820129003146e-05,-3.313310380339419e-05,-0.000499864856869825,-6.311873602240981,-6.285471436834157,-0.9626812117412384,1.372684199442995e-05,-1.5372898366828968e-07,28.0,28.0,14.0,6.0,6.0,6.0
0.3421747530039867,1.0,2.2545539999724524e-05,9.044625805327177e-05,-0.3163494648735796,0.016130330940391152,0.2227998260040374,-0.3163494648735796,0.016130330940391152,0.2227998260040374,-0.3163514482062516,0.016133499481738832,0.22282205949479164,-0.41357738176454717,-1.5684221426593226,1.4025559425354004,-1.4045050779925745,-1.5707266966449183,2.727741003036499,0.0,0.0,-0.0,0.0,0.0,0.0,-0.4135565082432322,-1.5683532357258936,1.4025224939281884,-1.4044209003422192,-1.5707514600026933,2.7276807651330035,3.856739049527274e-05,0.00024152484425661054,-0.0001584244320286088,0.00026014571605525636,-3.2793053234352e-05,-3.218957980806475e-05,-0.0002169028693614739,-6.312303702603207,-6.285570038461161,-0.962699638142828,1.7739542867836104e-05,-3.0755466478838995e-07,28.0,28.0,14.0,6.0,6.0,6.0
0.3468000789973886,1.0,2.2545539999724524e-05,9.044625805327177e-05,-0.3163494648735796,0.016130330940391152,0.2227998260040374,-0.3163494648735796,0.016130330940391152,0.2227998260040374,-0.3163514482062516,0.016133499481738832,0.22282205949479164,-0.41357738176454717,-1.5684221426593226,1.4025559425354004,-1.4045050779925745,-1.5707266966449183,2.727741003036499,0.0,0.0,-0.0,0.0,0.0,0.0,-0.41355633994072327,-1.5683522454458365,1.4025218375662525,-1.4044198470086504,-1.5707516107684178,2.7276806399223346,4.207562722921371e-05,0.00024757001427751295,-0.00016409048398024372,0.0002633333922229651,-3.7691431148347156e-05,-3.1302667252455084e-05,-0.0002169028693614739,-6.312303702603207,-6.285570038461161,-0.962699638142828,1.7739542867836104e-05,-3.0755466478838995e-07,28.0,28.0,14.0,6.0,6.0,6.0
0.35080007899738863,1.0,1.579040552082176e-05,5.462853490987398e-05,-0.3163494648735796,0.016130330940391152,0.2227998260040374,-0.3163494648735796,0.016130330940391152,0.2227998260040374,-0.31635049982379876,0.016137347274456086,0.22281393404574576,-0.4135654608355921,-1.5683863798724573,1.4025440216064453,-1.4044926802264612,-1.5707624594317835,2.727705240249634,0.0,0.0,-0.0,0.0,0.0,0.0,-0.4135561797051755,-1.5683512783588334,1.4025212006085102,-1.4044188182050952,-1.5707517387608534,2.7276805517216447,4.005888694162563e-05,0.00024177175077549063,-0.00015923943557366864,0.0002572008887925401,-3.199810886676097e-05,-2.2050172461525435e-05,-0.00021625955775972616,-6.313509174076562,-6.285754847611295,-0.9627222931298884,1.121004049854431e-05,3.076417088722392e-07,28.0,28.0,14.0,6.0,6.0,6.0
0.3550989250019194,1.0,1.579040552082176e-05,5.462853490987398e-05,-0.3163494648735796,0.016130330940391152,0.2227998260040374,-0.3163494648735796,0.016130330940391152,0.2227998260040374,-0.31635049982379876,0.016137347274456086,0.22281393404574576,-0.4135654608355921,-1.5683863798724573,1.4025440216064453,-1.4044926802264612,-1.5707624594317835,2.727705240249634,0.0,0.0,-0.0,0.0,0.0,0.0,-0.4135560270525712,-1.568350333073301,1.4025205818907098,-1.4044178124597528,-1.5707518453463971,2.727680498310335,3.816315107129283e-05,0.00023632138308358965,-0.00015467945007148807,0.00025143633556794063,-2.6646385922069958e-05,-1.3352827358051565e-05,-0.00021625955775972616,-6.313509174076562,-6.285754847611295,-0.9627222931298884,1.121004049854431e-05,3.076417088722392e-07,28.0,28.0,14.0,6.0,6.0,6.0
0.3590989250019194,1.0,1.579040552082176e-05,5.462853490987398e-05,-0.3163494648735796,0.016130330940391152,0.2227998260040374,-0.3163494648735796,0.016130330940391152,0.2227998260040374,-0.31635049982379876,0.016137347274456086,0.22281393404574576,-0.4135654608355921,-1.5683863798724573,1.4025440216064453,-1.4044926802264612,-1.5707624594317835,2.727705240249634,0.0,0.0,-0.0,0.0,0.0,0.0,-0.4135558815279338,-1.5683494082811513,1.402519980318455,-1.4044168283891307,-1.5707519318094625,2.727680477601043,3.638115935318e-05,0.0002311980374532027,-0.00015039306369943832,0.0002460176555368171,-2.1615766354060406e-05,-5.177322960786125e-06,-0.00021625955775972616,-6.313509174076562,-6.285754847611295,-0.9627222931298884,1.121004049854431e-05,3.076417088722392e-07,28.0,28.0,14.0,6.0,6.0,6.0
0.3636945710254369,1.0,1.579040552082176e-05,5.462853490987398e-05,-0.3163494648735796,0.016130330940391152,0.2227998260040374,-0.3163494648735796,0.016130330940391152,0.2227998260040374,-0.31635049982379876,0.016137347274456086,0.22281393404574576,-0.4135654608355921,-1.5683863798724573,1.4025440216064453,-1.4044926802264612,-1.5707624594317835,2.727705240249634,0.0,0.0,-0.0,0.0,0.0,0.0,-0.41355574270358525,-1.568348502752781,1.4025193948630128,-1.4044158646927456,-1.5707519993573984,2.727680487631648,3.470608713815394e-05,0.000226382092560639,-0.00014636386050971158,0.00024092409630756102,-1.6886983960131425e-05,2.5076511726433876e-06,-0.00021625955775972616,-6.313509174076562,-6.285754847611295,-0.9627222931298884,1.121004049854431e-05,3.076417088722392e-07,28.0,28.0,14.0,6.0,6.0,6.0
0.3676945710254369,1.0,2.2947255232311915e-05,8.776762188753046e-05,-0.3163494648735796,0.016130330940391152,0.2227998260040374,-0.3163494648735796,0.016130330940391152,0.2227998260040374,-0.3163580872328803,0.01613797067297644,0.2228196720597869,-0.4135654608355921,-1.5683863798724573,1.402531623840332,-1.4045169989215296,-1.5707505385028284,2.727753162384033,0.0,0.0,-0.0,0.0,0.0,0.0,-0.413555605378545,-1.5683475940037856,1.4025188017424182,-1.4044148763734519,-1.57075206285319,2.7276804761500926,3.4331260056764365e-05,0.00022718724886093601,-0.00014828014865259692,0.0002470798234586544,-1.5873947854759913e-05,-2.870388867727159e-06,-0.0002879103229557552,-6.313106882023943,-6.285653763301284,-0.9627020504859444,1.2469908657116457e-05,-3.106434801681317e-07,28.0,28.0,14.0,6.0,6.0,6.0
0.3724849170472009,1.0,2.2947255232311915e-05,8.776762188753046e-05,-0.3163494648735796,0.016130330940391152,0.2227998260040374,-0.3163494648735796,0.016130330940391152,0.2227998260040374,-0.3163580872328803,0.01613797067297644,0.2228196720597869,-0.4135654608355921,-1.5683863798724573,1.402531623840332,-1.4045169989215296,-1.5707505385028284,2.727753162384033,0.0,0.0,-0.0,0.0,0.0,0.0,-0.4135554694628546,-1.5683466822274026,1.4025182014165802,-1.404413864908624,-1.5707521225399657,2.7276804444471066,3.3978922600258166e-05,0.0002279440957832152,-0.00015008145950690913,0.00025286620698068213,-1.492169391571069e-05,-7.925746505675475e-06,-0.0002879103229557552,-6.313106882023943,-6.285653763301284,-0.9627020504859444,1.2469908657116457e-05,-3.106434801681317e-07,28.0,28.0,14.0,6.0,6.0,6.0
0.3764849170472009,1.0,1.655875742887413e-05,3.969300711626171e-05,-0.3163494648735796,0.016130330940391152,0.2227998260040374,-0.3163494648735796,0.016130330940391152,0.2227998260040374,-0.3163457720183623,0.016145281551047382,0.2228059116025238,-0.4136131445514124,-1.5683863798724573,1.4025678634643555,-1.4044812361346644,-1.5707386175738733,2.727717161178589,0.0,0.0,-0.0,0.0,0.0,0.0,-0.41355530264326373,-1.568345802789158,1.4025176255259306,-1.4044129106352392,-1.5707521923878334,2.72768041250633,4.1704897710441044e-05,0.00021985956117961776,-0.00014397266238169336,0.00023856834618499098,-1.7461966930276618e-05,-7.985194149109935e-06,0.0004462571694592075,-6.314161769679817,-6.2859265018287775,-0.9627461231858787,2.4727680083343105e-05,-4.6141740509905115e-07,28.0,28.0,14.0,6.0,6.0,6.0
0.38095472002867625,1.0,1.655875742887413e-05,3.969300711626171e-05,-0.3163494648735796,0.016130330940391152,0.2227998260040374,-0.3163494648735796,0.016130330940391152,0.2227998260040374,-0.3163457720183623,0.016145281551047382,0.2228059116025238,-0.4136131445514124,-1.5683863798724573,1.4025678634643555,-1.4044812361346644,-1.5707386175738733,2.727717161178589,0.0,0.0,-0.0,0.0,0.0,0.0,-0.4135551067740065,-1.5683449537487633,1.4025170726043583,-1.4044120101218112,-1.5707522717871276,2.72768038034203,4.896731431401295e-05,0.00021226009865223615,-0.00013823039308399052,0.0002251283570370413,-1.9849823563968587e-05,-8.041074933938327e-06,0.0004462571694592075,-6.314161769679817,-6.2859265018287775,-0.9627461231858787,2.4727680083343105e-05,-4.6141740509905115e-07,28.0,28.0,14.0,6.0,6.0,6.0
0.38495472002867626,1.0,1.655875742887413e-05,3.969300711626171e-05,-0.3163494648735796,0.016130330940391152,0.2227998260040374,-0.3163494648735796,0.016130330940391152,0.2227998260040374,-0.3163457720183623,0.016145281551047382,0.2228059116025238,-0.4136131445514124,-1.5683863798724573,1.4025678634643555,-1.4044812361346644,-1.5707386175738733,2.727717161178589,0.0,0.0,-0.0,0.0,0.0,0.0,-0.4135548835980628,-1.5683441332823478,1.4025165412737186,-1.4044111601427423,-1.5707523601647628,2.7276803479676186,5.579398592137054e-05,0.00020511660387649745,-0.00013283265994414986,0.0002124947672379686,-2.209440879963904e-05,-8.093602871677015e-06,0.0004462571694592075,-6.314161769679817,-6.2859265018287775,-0.9627461231858787,2.4727680083343105e-05,-4.6141740509905115e-07,28.0,28.0,14.0,6.0,6.0,6.0
0.38953849404677765,1.0,1.655875742887413e-05,3.969300711626171e-05,-0.3163494648735796,0.016130330940391152,0.2227998260040374,-0.3163494648735796,0.016130330940391152,0.2227998260040374,-0.3163457720183623,0.016145281551047382,0.2228059116025238,-0.4136131445514124,-1.5683863798724573,1.4025678634643555,-1.4044812361346644,-1.5707386175738733,2.727717161178589,0.0,0.0,-0.0,0.0,0.0,0.0,-0.41355463475383386,-1.5683433396754727,1.4025160302385555,-1.404410357665971,-1.5707524569820386,2.727680315395702,6.221105723228668e-05,0.00019840171878730307,-0.00012775879079269964,0.00020061919282684027,-2.4204318921169266e-05,-8.142979133151383e-06,0.0004462571694592075,-6.314161769679817,-6.2859265018287775,-0.9627461231858787,2.4727680083343105e-05,-4.6141740509905115e-07,28.0,28.0,14.0,6.0,6.0,6.0
0.39353849404677765,1.0,1.0730424122464497e-05,3.405631621973842e-05,-0.3163494648735796,0.016130330940391152,0.2227998260040374,-0.3163494648735796,0.016130330940391152,0.2227998260040374,-0.31634531716675435,0.016120645476858764,0.22279779368366345,-0.41352922121156865,-1.5683625380145472,1.4025678634643555,-1.404468838368551,-1.5707505385028284,2.727741003036499,0.0,0.0,-0.0,0.0,0.0,0.0,-0.41355441481433053,-1.5683426061417458,1.4025155679146837,-1.4044096363939038,-1.5707525479853284,2.727680298819163,5.4984875834184116e-05,0.00018338343172137758,-0.00011558096797899229,0.00018031801680263443,-2.2750822464942456e-05,-4.144134653734951e-06,-0.00013897919675775789,-6.314798716563704,-6.286087529439134,-0.962777232461544,4.128539179898676e-06,3.1375540302895166e-07,28.0,28.0,14.0,6.0,6.0,6.0
0.398178066045046,1.0,1.0730424122464497e-05,3.405631621973842e-05,-0.3163494648735796,0.016130330940391152,0.2227998260040374,-0.3163494648735796,0.016130330940391152,0.2227998260040374,-0.31634531716675435,0.016120645476858764,0.22279779368366345,-0.41352922121156865,-1.5683625380145472,1.4025678634643555,-1.404468838368551,-1.5707505385028284,2.727741003036499,0.0,0.0,-0.0,0.0,0.0,0.0,-0.41355422204526926,-1.5683419290767784,1.4025151513794256,-1.4044089914542583,-1.5707526335234716,2.7276802972782797,4.819226531996771e-05,0.00016926624187940762,-0.00010413381453410739,0.00016123491133988096,-2.1384535796089253e-05,-3.852208430835048e-07,-0.00013897919675775789,-6.314798716563704,-6.286087529439134,-0.962777232461544,4.128539179898676e-06,3.1375540302895166e-07,28.0,28.0,14.0,6.0,6.0,6.0
0.402178066045046,1.0,2.2201818552145275e-05,7.38807596742359e-05,-0.3163494648735796,0.016130330940391152,0.2227998260040374,-0.3163494648735796,0.016130330940391152,0.2227998260040374,-0.31635803733510676,0.016144102851185324,0.2228149841082548,-0.4136012236224573,-1.568373982106344,1.402531623840332,-1.4045050779925745,-1.5707266966449183,2.727729082107544,0.0,0.0,-0.0,0.0,0.0,0.0,-0.41355400383583135,-1.5683412503187708,1.402514730817679,-1.4044083293069658,-1.5707527413992823,2.7276802916368172,5.455235947332037e-05,0.00016968950189110308,-0.00010514043664837088,0.0001655368231584278,-2.6968952684814107e-05,-1.4103655609792274e-06,0.00027630134198187756,-6.313810852543654,-6.285757671105072,-0.9627130428074558,2.3240213750347908e-05,-4.6138097341962293e-07,28.0,28.0,14.0,6.0,6.0,6.0
0.40662768706260266,1.0,2.2201818552145275e-05,7.38807596742359e-05,-0.3163494648735796,0.016130330940391152,0.2227998260040374,-0.3163494648735796,0.016130330940391152,0.2227998260040374,-0.31635803733510676,0.016144102851185324,0.2228149841082548,-0.4136012236224573,-1.568373982106344,1.402531623840332,-1.4045050779925745,-1.5707266966449183,2.727729082107544,0.0,0.0,-0.0,0.0,0.0,0.0,-0.41355376171243946,-1.5683405699693056,1.4025143064710333,-1.4044076509844847,-1.5707528702725007,2.727680282140811,6.053084797747187e-05,0.0001700873663020968,-0.00010608666143577856,0.00016958062026786183,-3.221830456021547e-05,-2.3740015958012064e-06,0.00027630134198187756,-6.313810852543654,-6.285757671105072,-0.9627130428074558,2.3240213750347908e-05,-4.6138097341962293e-07,28.0,28.0,14.0,6.0,6.0,6.0
0.41062768706260266,1.0,2.2201818552145275e-05,7.38807596742359e-05,-0.3163494648735796,0.016130330940391152,0.2227998260040374,-0.3163494648735796,0.016130330940391152,0.2227998260040374,-0.31635803733510676,0.016144102851185324,0.2228149841082548,-0.4136012236224573,-1.568373982106344,1.402531623840332,-1.4045050779925745,-1.5707266966449183,2.727729082107544,0.0,0.0,-0.0,0.0,0.0,0.0,-0.4135534971099308,-1.5683398881238702,1.4025138785665823,-1.4044069574573266,-1.570753018883282,2.7276802690215334,6.615062717137428e-05,0.0001704613588484309,-0.00010697611273594177,0.0001733817895507298,-3.715269532309275e-05,-3.279819468533867e-06,0.00027630134198187756,-6.313810852543654,-6.285757671105072,-0.9627130428074558,2.3240213750347908e-05,-4.6138097341962293e-07,28.0,28.0,14.0,6.0,6.0,6.0
0.41532187007041665,1.0,2.2201818552145275e-05,7.38807596742359e-05,-0.3163494648735796,0.016130330940391152,0.2227998260040374,-0.3163494648735796,0.016130330940391152,0.2227998260040374,-0.31635803733510676,0.016144102851185324,0.2228149841082548,-0.4136012236224573,-1.568373982106344,1.402531623840332,-1.4045050779925745,-1.5707266966449183,2.727729082107544,0.0,0.0,-0.0,0.0,0.0,0.0,-0.4135532113770523,-1.568339204872223,1.4025134473177945,-1.4044062496377718,-1.5707531860473725,2.72768025249638,7.143321961364254e-05,0.00017081291184198495,-0.0001078121969580952,0.0001769548886766257,-4.1791022640197395e-05,-4.131288268902568e-06,0.00027630134198187756,-6.313810852543654,-6.285757671105072,-0.9627130428074558,2.3240213750347908e-05,-4.6138097341962293e-07,28.0,28.0,14.0,6.0,6.0,6.0
0.41932187007041666,1.0,3.572992661266577e-05,0.00012555351643335594,-0.3163494648735796,0.016130330940391152,0.2227998260040374,-0.3163494648735796,0.016130330940391152,0.2227998260040374,-0.3163532413031015,0.016133137367604793,0.22283524478721958,-0.4135654608355921,-1.5684340635882776,1.402519702911377,-1.4044926802264612,-1.5707386175738733,2.7276930809020996,0.0,0.0,-0.0,0.0,0.0,0.0,-0.4135529311655446,-1.5683384572930823,1.4025129773914935,-1.404405487225576,-1.5707533569156096,2.7276802900579082,7.005287693361656e-05,0.00018689478514887127,-0.00011748157524567032,0.0001906030489668854,-4.271705930284768e-05,9.390381987088326e-06,-0.0005604292226794884,-6.311380179464062,-6.285262900630137,-0.962657411963905,1.3725272035443838e-05,4.645818792214198e-07,28.0,28.0,14.0,6.0,6.0,6.0
0.4239851870690474,1.0,3.572992661266577e-05,0.00012555351643335594,-0.3163494648735796,0.016130330940391152,0.2227998260040374,-0.3163494648735796,0.016130330940391152,0.2227998260040374,-0.3163532413031015,0.016133137367604793,0.22283524478721958,-0.4135654608355921,-1.5684340635882776,1.402519702911377,-1.4044926802264612,-1.5707386175738733,2.7276930809020996,0.0,0.0,-0.0,0.0,0.0,0.0,-0.41355265614412534,-1.568337649246098,1.40251247110833,-1.4044046734962974,-1.5707535312657446,2.7276803784609163,6.875535481439212e-05,0.0002020117460573444,-0.00012657079083599093,0.0002034323196397295,-4.3587533765738946e-05,2.2100752027719765e-05,-0.0005604292226794884,-6.311380179464062,-6.285262900630137,-0.962657411963905,1.3725272035443838e-05,4.645818792214198e-07,28.0,28.0,14.0,6.0,6.0,6.0
0.4279851870690474,1.0,3.572992661266577e-05,0.00012555351643335594,-0.3163494648735796,0.016130330940391152,0.2227998260040374,-0.3163494648735796,0.016130330940391152,0.2227998260040374,-0.3163532413031015,0.016133137367604793,0.22283524478721958,-0.4135654608355921,-1.5684340635882776,1.402519702911377,-1.4044926802264612,-1.5707386175738733,2.7276930809020996,0.0,0.0,-0.0,0.0,0.0,0.0,-0.41355238600138927,-1.5683367843593408,1.4025119306497162,-1.404403811528961,-1.5707537088888637,2.727680514654916,6.753568402232115e-05,0.00021622168931130912,-0.00013511465349089232,0.00021549183407220296,-4.4405779760856734e-05,3.404849986591332e-05,-0.0005604292226794884,-6.311380179464062,-6.285262900630137,-0.962657411963905,1.3725272035443838e-05,4.645818792214198e-07,28.0,28.0,14.0,6.0,6.0,6.0
0.43258083306346107,1.0,1.770955482500967e-05,7.648205885966709e-05,-0.3163494648735796,0.016130330940391152,0.2227998260040374,-0.3163494648735796,0.016130330940391152,0.2227998260040374,-0.3163509140280058,0.01613096692003238,0.2228174647061848,-0.413553539906637,-1.5683983008014124,1.4025440216064453,-1.4044926802264612,-1.5707505385028284,2.7276930809020996,0.0,0.0,-0.0,0.0,0.0,0.0,-0.41355213208533087,-1.568335919945587,1.4025113915090037,-1.4044029529493378,-1.5707538758551283,2.7276806978654617,6.347901460559185e-05,0.00021610343840491745,-0.00013478517810710142,0.00021464490577736094,-4.174156614881661e-05,4.580263645887003e-05,-0.0003603627330198089,-6.313016764071191,-6.2856679991741,-0.9627133324043118,9.723490205937669e-06,6.1834575924299e-07,28.0,28.0,14.0,6.0,6.0,6.0
0.43658083306346107,1.0,1.770955482500967e-05,7.648205885966709e-05,-0.3163494648735796,0.016130330940391152,0.2227998260040374,-0.3163494648735796,0.016130330940391152,0.2227998260040374,-0.3163509140280058,0.01613096692003238,0.2228174647061848,-0.413553539906637,-1.5683983008014124,1.4025440216064453,-1.4044926802264612,-1.5707505385028284,2.7276930809020996,0.0,0.0,-0.0,0.0,0.0,0.0,-0.41355189342234944,-1.5683350559764568,1.4025108536071187,-1.4044020975541651,-1.5707540328039498,2.727680925271561,5.966574535386631e-05,0.00021599228255290927,-0.00013447547124633796,0.00021384879318020944,-3.9237205353498885e-05,5.685152485624934e-05,-0.0003603627330198089,-6.313016764071191,-6.2856679991741,-0.9627133324043118,9.723490205937669e-06,6.1834575924299e-07,28.0,28.0,14.0,6.0,6.0,6.0
0.44123702605557646,1.0,1.770955482500967e-05,7.648205885966709e-05,-0.3163494648735796,0.016130330940391152,0.2227998260040374,-0.3163494648735796,0.016130330940391152,0.2227998260040374,-0.3163509140280058,0.01613096692003238,0.2228174647061848,-0.413553539906637,-1.5683983008014124,1.4025440216064453,-1.4044926802264612,-1.5707505385028284,2.7276930809020996,0.0,0.0,-0.0,0.0,0.0,0.0,-0.41355166909726043,-1.5683341924252727,1.4025103168697315,-1.4044012451523757,-1.5707541803363745,2.7276811942214807,5.6081272257244304e-05,0.00021588779605202158,-0.00013418434679722034,0.00021310044733888702,-3.688310620590023e-05,6.723747994978588e-05,-0.0003603627330198089,-6.313016764071191,-6.2856679991741,-0.9627133324043118,9.723490205937669e-06,6.1834575924299e-07,28.0,28.0,14.0,6.0,6.0,6.0
0.44523702605557647,1.0,1.8441066275573745e-05,6.881740213979293e-05,-0.3163494648735796,0.016130330940391152,0.2227998260040374,-0.3163494648735796,0.016130330940391152,0.2227998260040374,-0.3163523897155916,0.01614433058288756,0.22281146766347915,-0.4136012236224573,-1.5683863798724573,1.4025559425354004,-1.4045050779925745,-1.5707386175738733,2.727741003036499,0.0,0.0,-0.0,0.0,0.0,0.0,-0.4135514260319202,-1.5683333397216177,1.402509780631023,-1.404400397685207,-1.570754332756237,2.7276814243021943,6.076633506100827e-05,0.00021317591375880546,-0.00013405967715716632,0.00021186679216344983,-3.810496562051777e-05,5.7520178402823606e-05,0.00021620570679497706,-6.3137241068924,-6.285826915874851,-0.9627275522209723,2.197757939271818e-05,-6.15202145397765e-07,28.0,28.0,14.0,6.0,6.0,6.0
0.4498849090600854,1.0,1.8441066275573745e-05,6.881740213979293e-05,-0.3163494648735796,0.016130330940391152,0.2227998260040374,-0.3163494648735796,0.016130330940391152,0.2227998260040374,-0.3163523897155916,0.01614433058288756,0.22281146766347915,-0.4136012236224573,-1.5683863798724573,1.4025559425354004,-1.4045050779925745,-1.5707386175738733,2.727741003036499,0.0,0.0,-0.0,0.0,0.0,0.0,-0.4135511653507438,-1.5683324972146402,1.402509244861072,-1.404399554856582,-1.570754489770291,2.727681617845854,6.51702940965464e-05,0.0002106267444031823,-0.00013394248769551552,0.00021070715629853886,-3.925351347025826e-05,4.838591494867907e-05,0.00021620570679497706,-6.3137241068924,-6.285826915874851,-0.9627275522209723,2.197757939271818e-05,-6.15202145397765e-07,28.0,28.0,14.0,6.0,6.0,6.0
0.4538849090600854,1.0,1.8441066275573745e-05,6.881740213979293e-05,-0.3163494648735796,0.016130330940391152,0.2227998260040374,-0.3163494648735796,0.016130330940391152,0.2227998260040374,-0.3163523897155916,0.01614433058288756,0.22281146766347915,-0.4136012236224573,-1.5683863798724573,1.4025559425354004,-1.4045050779925745,-1.5707386175738733,2.727741003036499,0.0,0.0,-0.0,0.0,0.0,0.0,-0.41355088811068147,-1.5683316642925393,1.4025087095317537,-1.4043987163881877,-1.5707546511028847,2.7276817770446833,6.931001558995225e-05,0.00020823052520889653,-0.00013383232960156378,0.00020961709858552255,-4.033314844901432e-05,3.97997073017832e-05,0.00021620570679497706,-6.3137241068924,-6.285826915874851,-0.9627275522209723,2.197757939271818e-05,-6.15202145397765e-07,28.0,28.0,14.0,6.0,6.0,6.0
0.45846868304908295,1.0,1.504372833515265e-05,5.245959671740254e-05,-0.3163494648735796,0.016130330940391152,0.2227998260040374,-0.3163494648735796,0.016130330940391152,0.2227998260040374,-0.31635288645367,0.016136837269007717,0.22281295133221768,-0.41357738176454717,-1.568373982106344,1.402531623840332,-1.4044812361346644,-1.5707386175738733,2.7276811599731445,0.0,0.0,-0.0,0.0,0.0,0.0,-0.4135506090036644,-1.5683308536984861,1.4025081975745972,-1.4043979053885427,-1.570754816491261,2.7276819866660826,6.977675426858312e-05,0.00020264851329343468,-0.00012798928909343982,0.0002027499112472073,-4.134709409571306e-05,5.2405349870674245e-05,8.679348983154203e-05,-6.313922056046463,-6.285773861903846,-0.9627225074181083,1.6484639579719332e-05,4.645261868804674e-07,28.0,28.0,14.0,6.0,6.0,6.0
0.46246868304908295,1.0,1.504372833515265e-05,5.245959671740254e-05,-0.3163494648735796,0.016130330940391152,0.2227998260040374,-0.3163494648735796,0.016130330940391152,0.2227998260040374,-0.31635288645367,0.016136837269007717,0.22281295133221768,-0.41357738176454717,-1.568373982106344,1.402531623840332,-1.4044812361346644,-1.5707386175738733,2.7276811599731445,0.0,0.0,-0.0,0.0,0.0,0.0,-0.4135503281417099,-1.5683300640927977,1.4025077075872732,-1.404397120209522,-1.570754985692073,2.7276822436846984,7.021548862649613e-05,0.00019740142209290052,-0.00012249683101580328,0.00019629475514919097,-4.230020300360988e-05,6.425465388543183e-05,8.679348983154203e-05,-6.313922056046463,-6.285773861903846,-0.9627225074181083,1.6484639579719332e-05,4.645261868804674e-07,28.0,28.0,14.0,6.0,6.0,6.0
0.4669895360409284,1.0,1.504372833515265e-05,5.245959671740254e-05,-0.3163494648735796,0.016130330940391152,0.2227998260040374,-0.3163494648735796,0.016130330940391152,0.2227998260040374,-0.31635288645367,0.016136837269007717,0.22281295133221768,-0.41357738176454717,-1.568373982106344,1.402531623840332,-1.4044812361346644,-1.5707386175738733,2.7276811599731445,0.0,0.0,-0.0,0.0,0.0,0.0,-0.4135500456301142,-1.5683292942161722,1.4025072382515915,-1.4043963593018884,-1.5707551584765747,2.727682545256697,7.062789892293438e-05,0.00019246915636439842,-0.00011733392042282494,0.0001902269084170556,-4.319612537703289e-05,7.539299965930396e-05,8.679348983154203e-05,-6.313922056046463,-6.285773861903846,-0.9627225074181083,1.6484639579719332e-05,4.645261868804674e-07,28.0,28.0,14.0,6.0,6.0,6.0
0.4709895360409284,1.0,2.4503516760987838e-05,0.00010006108109732999,-0.3163494648735796,0.016130330940391152,0.2227998260040374,-0.3163494648735796,0.016130330940391152,0.2227998260040374,-0.3163590670733755,0.016127466283692223,0.22282218699316428,-0.4135654608355921,-1.5683983008014124,1.402531623840332,-1.4045050779925745,-1.57070237794985,2.727705240249634,0.0,0.0,-0.0,0.0,0.0,0.0,-0.4135497538200809,-1.5683284972344627,1.4025067453705349,-1.4043955684428997,-1.5707553763669615,2.72768288244699,7.295250832328467e-05,0.00019924542738643862,-0.00012322026417953461,0.00019771474719679796,-5.4472596737112546e-05,8.429757323793009e-05,-0.00012057494512355284,-6.312758279845717,-6.285578084285931,-0.962695756598449,1.7570007806062223e-05,3.07693288232321e-07,28.0,28.0,14.0,6.0,6.0,6.0
0.4756825320490172,1.0,2.4503516760987838e-05,0.00010006108109732999,-0.3163494648735796,0.016130330940391152,0.2227998260040374,-0.3163494648735796,0.016130330940391152,0.2227998260040374,-0.3163590670733755,0.016127466283692223,0.22282218699316428,-0.4135654608355921,-1.5683983008014124,1.402531623840332,-1.4045050779925745,-1.57070237794985,2.727705240249634,0.0,0.0,-0.0,0.0,0.0,0.0,-0.41354945326951625,-1.568327674773974,1.4025062303568256,-1.4043947494296372,-1.5707556366568807,2.7276832531184794,7.513764115961394e-05,0.0002056151221471564,-0.00012875342731084172,0.00020475331564975577,-6.507247981558743e-05,9.266787240183865e-05,-0.00012057494512355284,-6.312758279845717,-6.285578084285931,-0.962695756598449,1.7570007806062223e-05,3.07693288232321e-07,28.0,28.0,14.0,6.0,6.0,6.0
0.47968253204901723,1.0,2.4503516760987838e-05,0.00010006108109732999,-0.3163494648735796,0.016130330940391152,0.2227998260040374,-0.3163494648735796,0.016130330940391152,0.2227998260040374,-0.3163590670733755,0.016127466283692223,0.22282218699316428,-0.4135654608355921,-1.5683983008014124,1.402531623840332,-1.4045050779925745,-1.57070237794985,2.727705240249634,0.0,0.0,-0.0,0.0,0.0,0.0,-0.41354914450285213,-1.568326828363433,1.402505694538423,-1.404393903951357,-1.5707559368023603,2.7276836552622936,7.719166602576344e-05,0.00021160263522223112,-0.0001339546006542704,0.0002113695699955361,-7.50363699093538e-05,0.0001005359536159127,-0.00012057494512355284,-6.312758279845717,-6.285578084285931,-0.962695756598449,1.7570007806062223e-05,3.07693288232321e-07,28.0,28.0,14.0,6.0,6.0,6.0
0.48428292706096565,1.0,3.1780275458178495e-05,0.0001225070020683101,-0.3163494648735796,0.016130330940391152,0.2227998260040374,-0.3163494648735796,0.016130330940391152,0.2227998260040374,-0.31635576459896825,0.016136951322850337,0.22283026397217456,-0.4135654608355921,-1.5684221426593226,1.402531623840332,-1.4045169989215296,-1.5707505385028284,2.727705240249634,0.0,0.0,-0.0,0.0,0.0,0.0,-0.41354884744432,-1.5683259361769508,1.4025051212650335,-1.4043929977731098,-1.5707562189420696,2.72768406756117,7.426463303194013e-05,0.0002230466205412007,-0.00014331834740397036,0.0002265445618375045,-7.053492733670768e-05,0.00010307471911944042,-0.0005614170795959932,-6.311790005924358,-6.285402501437991,-0.9626720672586211,1.2464049816880164e-05,3.076881914740445e-07,28.0,28.0,14.0,6.0,6.0,6.0
0.48828292706096565,1.0,3.1780275458178495e-05,0.0001225070020683101,-0.3163494648735796,0.016130330940391152,0.2227998260040374,-0.3163494648735796,0.016130330940391152,0.2227998260040374,-0.31635576459896825,0.016136951322850337,0.22283026397217456,-0.4135654608355921,-1.5684221426593226,1.402531623840332,-1.4045169989215296,-1.5707505385028284,2.727705240249634,0.0,0.0,-0.0,0.0,0.0,0.0,-0.413548561391432,-1.5683250009610838,1.4025045127839562,-1.4043920345368932,-1.5707564841563548,2.7276844894058048,7.151322201774622e-05,0.00023380396674103207,-0.00015212026934868835,0.00024080905416895475,-6.630357131842033e-05,0.00010546115869275648,-0.0005614170795959932,-6.311790005924358,-6.285402501437991,-0.9626720672586211,1.2464049816880164e-05,3.076881914740445e-07,28.0,28.0,14.0,6.0,6.0,6.0
0.4927313610787971,1.0,3.1780275458178495e-05,0.0001225070020683101,-0.3163494648735796,0.016130330940391152,0.2227998260040374,-0.3163494648735796,0.016130330940391152,0.2227998260040374,-0.31635576459896825,0.016136951322850337,0.22283026397217456,-0.4135654608355921,-1.5684221426593226,1.402531623840332,-1.4045169989215296,-1.5707505385028284,2.727705240249634,0.0,0.0,-0.0,0.0,0.0,0.0,-0.4135482856838493,-1.5683240252975952,1.4025038712076523,-1.4043910176661853,-1.5707567334607415,2.7276849202234525,6.892689566440394e-05,0.00024391587216887357,-0.00016039407597672324,0.000254217676960518,-6.232609666123021e-05,0.00010770441189167358,-0.0005614170795959932,-6.311790005924358,-6.285402501437991,-0.9626720672586211,1.2464049816880164e-05,3.076881914740445e-07,28.0,28.0,14.0,6.0,6.0,6.0
0.4967313610787971,1.0,2.9883697511572743e-05,0.00012425904011861946,-0.3163494648735796,0.016130330940391152,0.2227998260040374,-0.3163494648735796,0.016130330940391152,0.2227998260040374,-0.31635468311329873,0.016129914505426914,0.22282924762760098,-0.413553539906637,-1.5684221426593226,1.402531623840332,-1.4045050779925745,-1.5707386175738733,2.7276811599731445,0.0,0.0,-0.0,0.0,0.0,0.0,-0.4135480217425912,-1.56832301562553,1.4025032053261488,-1.4043899669037807,-1.570756981538984,2.7276853989066394,6.59853145304564e-05,0.00025241801633709766,-0.00016647037589007828,0.00026269060113499616,-6.201956057752126e-05,0.0001196707966708332,-0.0005748333765899743,-6.311840538184805,-6.285409745566976,-0.962676800009657,1.0980236052667732e-05,7.721914092774264e-07,28.0,28.0,14.0,6.0,6.0,6.0
0.5013958650771531,1.0,2.9883697511572743e-05,0.00012425904011861946,-0.3163494648735796,0.016130330940391152,0.2227998260040374,-0.3163494648735796,0.016130330940391152,0.2227998260040374,-0.31635468311329873,0.016129914505426914,0.22282924762760098,-0.413553539906637,-1.5684221426593226,1.402531623840332,-1.4045050779925745,-1.5707386175738733,2.7276811599731445,0.0,0.0,-0.0,0.0,0.0,0.0,-0.41354776886167816,-1.5683219739854024,1.4025025165977576,-1.4043888842831813,-1.5707572284646505,2.727685922583433,6.32202282645457e-05,0.0002604100318552283,-0.00017218209780863202,0.0002706551498590056,-6.173141665883484e-05,0.00013091919836324324,-0.0005748333765899743,-6.311840538184805,-6.285409745566976,-0.962676800009657,1.0980236052667732e-05,7.721914092774264e-07,28.0,28.0,14.0,6.0,6.0,6.0
0.5053958650771531,1.0,2.9883697511572743e-05,0.00012425904011861946,-0.3163494648735796,0.016130330940391152,0.2227998260040374,-0.3163494648735796,0.016130330940391152,0.2227998260040374,-0.31635468311329873,0.016129914505426914,0.22282924762760098,-0.413553539906637,-1.5684221426593226,1.402531623840332,-1.4045050779925745,-1.5707386175738733,2.7276811599731445,0.0,0.0,-0.0,0.0,0.0,0.0,-0.4135475263774895,-1.5683209022952966,1.402501806393292,-1.4043877717158786,-1.570757474306896,2.727686488554217,6.062104717458965e-05,0.0002679225264422711,-0.00017755111641207252,0.0002781418256595745,-6.146056137526962e-05,0.0001414926959541087,-0.0005748333765899743,-6.311840538184805,-6.285409745566976,-0.962676800009657,1.0980236052667732e-05,7.721914092774264e-07,28.0,28.0,14.0,6.0,6.0,6.0
0.5096032970852686,1.0,2.9883697511572743e-05,0.00012425904011861946,-0.3163494648735796,0.016130330940391152,0.2227998260040374,-0.3163494648735796,0.016130330940391152,0.2227998260040374,-0.31635468311329873,0.016129914505426914,0.22282924762760098,-0.413553539906637,-1.5684221426593226,1.402531623840332,-1.4045050779925745,-1.5707386175738733,2.7276811599731445,0.0,0.0,-0.0,0.0,0.0,0.0,-0.41354729366622167,-1.5683198023582112,1.4025010760013163,-1.404386630998675,-1.5707577191307256,2.7276870942813516,5.8177816950030955e-05,0.00027498427135409136,-0.0001825979938993066,0.00028517930091210924,-6.120595740871831e-05,0.0001514317836895222,-0.0005748333765899743,-6.311840538184805,-6.285409745566976,-0.962676800009657,1.0980236052667732e-05,7.721914092774264e-07,28.0,28.0,14.0,6.0,6.0,6.0
0.5136032970852686,1.0,1.6833651182255656e-05,8.025959084119829e-05,-0.3163494648735796,0.016130330940391152,0.2227998260040374,-0.3163494648735796,0.016130330940391152,0.2227998260040374,-0.31634768271057184,0.016131846839535755,0.22281649626968983,-0.41357738176454717,-1.5684102217303675,1.4025559425354004,-1.4044812361346644,-1.5707266966449183,2.7276575565338135,0.0,0.0,-0.0,0.0,0.0,0.0,-0.41354705161788813,-1.5683187116859418,1.4025003556819389,-1.4043855262470337,-1.5707579767314568,2.7276877556284918,6.051208338241437e-05,0.0002726680673281201,-0.00018007984434503788,0.0002761879103440707,-6.440018280454003e-05,0.00016533678502782495,-4.725643140375904e-05,-6.312950645234966,-6.285674478425714,-0.9627170307924218,1.7743436020831646e-05,7.690788640983375e-07,28.0,28.0,14.0,6.0,6.0,6.0
0.5181051540651826,1.0,1.6833651182255656e-05,8.025959084119829e-05,-0.3163494648735796,0.016130330940391152,0.2227998260040374,-0.3163494648735796,0.016130330940391152,0.2227998260040374,-0.31634768271057184,0.016131846839535755,0.22281649626968983,-0.41357738176454717,-1.5684102217303675,1.4025559425354004,-1.4044812361346644,-1.5707266966449183,2.7276575565338135,0.0,0.0,-0.0,0.0,0.0,0.0,-0.41354680079271283,-1.5683176297225996,1.4024996448308038,-1.404384455303021,-1.5707582463424754,2.727688469258437,6.270629382885478e-05,0.00027049083554370705,-0.0001777127837640253,0.0002677360032101145,-6.740275467661244e-05,0.00017840748628582953,-4.725643140375904e-05,-6.312950645234966,-6.285674478425714,-0.9627170307924218,1.7743436020831646e-05,7.690788640983375e-07,28.0,28.0,14.0,6.0,6.0,6.0
0.5221051540651827,1.0,1.3132587105405977e-05,6.996213723717976e-05,-0.3163494648735796,0.016130330940391152,0.2227998260040374,-0.3163494648735796,0.016130330940391152,0.2227998260040374,-0.3163495090702732,0.01613035033666301,0.2228129585024485,-0.413553539906637,-1.5683863798724573,1.4025440216064453,-1.4044812361346644,-1.5707505385028284,2.7276811599731445,0.0,0.0,-0.0,0.0,0.0,0.0,-0.41354656502864673,-1.5683165802177115,1.4024989630968476,-1.4043834258079926,-1.570758499777362,2.7276892089981963,5.89410165200555e-05,0.00026237622201564365,-0.00017043348906675443,0.00025737375707176046,-6.335872168178658e-05,0.00018493493983076894,-0.00023128330997779732,-6.313555554126238,-6.285761684491529,-0.9627268771884961,9.726264687921601e-06,7.721405495025776e-07,28.0,28.0,14.0,6.0,6.0,6.0
0.5268017120619772,1.0,1.3132587105405977e-05,6.996213723717976e-05,-0.3163494648735796,0.016130330940391152,0.2227998260040374,-0.3163494648735796,0.016130330940391152,0.2227998260040374,-0.3163495090702732,0.01613035033666301,0.2228129585024485,-0.413553539906637,-1.5683863798724573,1.4025440216064453,-1.4044812361346644,-1.5707505385028284,2.7276811599731445,0.0,0.0,-0.0,0.0,0.0,0.0,-0.41354634342202334,-1.5683155612237702,1.4024983087330394,-1.4043824352750098,-1.5707587380066848,2.727689973281181,5.5401655849784184e-05,0.00025474848529926405,-0.00016359095205131983,0.00024763324570170766,-5.9557330666650276e-05,0.000191070746163012,-0.00023128330997779732,-6.313555554126238,-6.285761684491529,-0.9627268771884961,9.726264687921601e-06,7.721405495025776e-07,28.0,28.0,14.0,6.0,6.0,6.0
0.5308017120619772,1.0,1.3132587105405977e-05,6.996213723717976e-05,-0.3163494648735796,0.016130330940391152,0.2227998260040374,-0.3163494648735796,0.016130330940391152,0.2227998260040374,-0.3163495090702732,0.01613035033666301,0.2228129585024485,-0.413553539906637,-1.5683863798724573,1.4025440216064453,-1.4044812361346644,-1.5707505385028284,2.7276811599731445,0.0,0.0,-0.0,0.0,0.0,0.0,-0.41354613512339605,-1.5683145709101192,1.4024976800971702,-1.4043814813663498,-1.5707589619427773,2.7276907606347973,5.207465681972914e-05,0.0002475784127858672,-0.00015715896725681128,0.00023847716501385803,-5.598402311242215e-05,0.00019683840411532046,-0.00023128330997779732,-6.313555554126238,-6.285761684491529,-0.9627268771884961,9.726264687921601e-06,7.721405495025776e-07,28.0,28.0,14.0,6.0,6.0,6.0
0.5355754380503206,1.0,1.3132587105405977e-05,6.996213723717976e-05,-0.3163494648735796,0.016130330940391152,0.2227998260040374,-0.3163494648735796,0.016130330940391152,0.2227998260040374,-0.3163495090702732,0.01613035033666301,0.2228129585024485,-0.413553539906637,-1.5683863798724573,1.4025440216064453,-1.4044812361346644,-1.5707505385028284,2.7276811599731445,0.0,0.0,-0.0,0.0,0.0,0.0,-0.41354593933428513,-1.5683136075559407,1.4024970756455641,-1.404380561884553,-1.5707591724432333,2.727691569674808,4.89472777314774e-05,0.0002408385446232742,-0.00015111290154997325,0.00022987044916727937,-5.2625114011447715e-05,0.0002022600025904904,-0.00023128330997779732,-6.313555554126238,-6.285761684491529,-0.9627268771884961,9.726264687921601e-06,7.721405495025776e-07,28.0,28.0,14.0,6.0,6.0,6.0
0.5395754380503206,1.0,4.523384401362072e-06,7.383623861578779e-05,-0.3163494648735796,0.016130330940391152,0.2227998260040374,-0.3163494648735796,0.016130330940391152,0.2227998260040374,-0.3163504113528753,0.016126482289647467,0.22279764585018078,-0.4135654608355921,-1.5683501402484339,1.4025559425354004,-1.404468838368551,-1.5707147757159632,2.7276692390441895,0.0,0.0,-0.0,0.0,0.0,0.0,-0.41354573401443656,-1.5683127150687084,1.4024965259138362,-1.4043797309661668,-1.5707594115046548,2.72769242039021,5.132996213592516e-05,0.00022312180809427805,-0.00013743293198031236,0.00020772959657624425,-5.9765355392708515e-05,0.0002126788505091544,0.0003998532265460147,-6.315217734845764,-6.2861042647477055,-0.9627722753835968,1.6270162809951324e-05,7.720991834412785e-07,28.0,28.0,14.0,6.0,6.0,6.0
0.5440749210598881,1.0,4.523384401362072e-06,7.383623861578779e-05,-0.3163494648735796,0.016130330940391152,0.2227998260040374,-0.3163494648735796,0.016130330940391152,0.2227998260040374,-0.3163504113528753,0.016126482289647467,0.22279764585018078,-0.4135654608355921,-1.5683501402484339,1.4025559425354004,-1.404468838368551,-1.5707147757159632,2.7276692390441895,0.0,0.0,-0.0,0.0,0.0,0.0,-0.41354551973569464,-1.5683118891964054,1.4024960276187939,-1.404378983297386,-1.570759677413384,2.7276933102804803,5.3569685476106054e-05,0.00020646807575702168,-0.00012457376058483112,0.00018691719514067124,-6.647718229109366e-05,0.00022247256755269856,0.0003998532265460147,-6.315217734845764,-6.2861042647477055,-0.9627722753835968,1.6270162809951324e-05,7.720991834412785e-07,28.0,28.0,14.0,6.0,6.0,6.0
0.5480749210598881,1.0,2.532536910204944e-05,8.56032686813093e-05,-0.3163494648735796,0.016130330940391152,0.2227998260040374,-0.3163494648735796,0.016130330940391152,0.2227998260040374,-0.3163615814618762,0.016140653429945043,0.22281952394346302,-0.41357738176454717,-1.568373982106344,1.402519702911377,-1.4045169989215296,-1.5707386175738733,2.727705240249634,0.0,0.0,-0.0,0.0,0.0,0.0,-0.4135452998209353,-1.5683110604048007,1.4024955213257555,-1.4043781984049084,-1.5707599411035424,2.7276941790024125,5.497868983626298e-05,0.00020719790115873707,-0.00012657325960220483,0.00019622311944240422,-6.592253961569511e-05,0.0002171804830709705,-7.590173614930508e-05,-6.31343049303897,-6.285666467180814,-0.9626992032165286,1.6481032909689165e-05,1.5386466138080698e-07,28.0,28.0,14.0,6.0,6.0,6.0
0.5526302030391528,1.0,2.532536910204944e-05,8.56032686813093e-05,-0.3163494648735796,0.016130330940391152,0.2227998260040374,-0.3163494648735796,0.016130330940391152,0.2227998260040374,-0.3163615814618762,0.016140653429945043,0.22281952394346302,-0.41357738176454717,-1.568373982106344,1.402519702911377,-1.4045169989215296,-1.5707386175738733,2.727705240249634,0.0,0.0,-0.0,0.0,0.0,0.0,-0.4135450746083196,-1.5683102288690527,1.4024950075146008,-1.4043773785221552,-1.5707602027082443,2.727695027826107,5.630315393481049e-05,0.00020788393703634952,-0.00012845278867853612,0.00020497068828603321,-6.540117550082048e-05,0.0002122059236581461,-7.590173614930508e-05,-6.31343049303897,-6.285666467180814,-0.9626992032165286,1.6481032909689165e-05,1.5386466138080698e-07,28.0,28.0,14.0,6.0,6.0,6.0
0.5566302030391528,1.0,2.532536910204944e-05,8.56032686813093e-05,-0.3163494648735796,0.016130330940391152,0.2227998260040374,-0.3163494648735796,0.016130330940391152,0.2227998260040374,-0.3163615814618762,0.016140653429945043,0.22281952394346302,-0.41357738176454717,-1.568373982106344,1.402519702911377,-1.4045169989215296,-1.5707386175738733,2.727705240249634,0.0,0.0,-0.0,0.0,0.0,0.0,-0.4135448444157188,-1.5683093947538096,1.4024944866364166,-1.4043765257485432,-1.5707604623526172,2.727695857945458,5.754815018744515e-05,0.00020852881076130524,-0.00013021954601028751,0.00021319340299904446,-6.491109323283832e-05,0.00020752983781009116,-7.590173614930508e-05,-6.31343049303897,-6.285666467180814,-0.9626992032165286,1.6481032909689165e-05,1.5386466138080698e-07,28.0,28.0,14.0,6.0,6.0,6.0
0.5612721500264017,1.0,2.532536910204944e-05,8.56032686813093e-05,-0.3163494648735796,0.016130330940391152,0.2227998260040374,-0.3163494648735796,0.016130330940391152,0.2227998260040374,-0.3163615814618762,0.016140653429945043,0.22281952394346302,-0.41357738176454717,-1.568373982106344,1.402519702911377,-1.4045169989215296,-1.5707386175738733,2.727705240249634,0.0,0.0,-0.0,0.0,0.0,0.0,-0.4135446095419322,-1.5683085582138414,1.402493959115225,-1.404375642057524,-1.5707607201542808,2.7276966704827266,5.871844666492173e-05,0.0002091349920627636,-0.00013188029790213383,0.00022092275482927504,-6.44504159009351e-05,0.00020313431711291952,-7.590173614930508e-05,-6.31343049303897,-6.285666467180814,-0.9626992032165286,1.6481032909689165e-05,1.5386466138080698e-07,28.0,28.0,14.0,6.0,6.0,6.0
0.5652721500264017,1.0,1.1829361744106114e-05,7.09313460924701e-05,-0.3163494648735796,0.016130330940391152,0.2227998260040374,-0.3163494648735796,0.016130330940391152,0.2227998260040374,-0.31634919881282386,0.016125055369677406,0.22281041049101558,-0.41352922121156865,-1.5683863798724573,1.4025559425354004,-1.4044926802264612,-1.5707624594317835,2.727705240249634,0.0,0.0,-0.0,0.0,0.0,0.0,-0.4135444075568907,-1.568307741912835,1.402493445495862,-1.4043747824109198,-1.5707609487527243,2.727697484685553,5.0496260361859926e-05,0.00020407525160700613,-0.0001284048407326155,0.00021491165101647952,-5.7149610870148686e-05,0.00020355070658366965,-0.0004987331924859698,-6.3135365645897705,-6.285823525637941,-0.962737642260957,2.859137853046827e-06,7.752136512722623e-07,28.0,28.0,14.0,6.0,6.0,6.0
0.5699425900420176,1.0,1.1829361744106114e-05,7.09313460924701e-05,-0.3163494648735796,0.016130330940391152,0.2227998260040374,-0.3163494648735796,0.016130330940391152,0.2227998260040374,-0.31634919881282386,0.016125055369677406,0.22281041049101558,-0.41352922121156865,-1.5683863798724573,1.4025559425354004,-1.4044926802264612,-1.5707624594317835,2.727705240249634,0.0,0.0,-0.0,0.0,0.0,0.0,-0.41354423648726973,-1.5683069446364528,1.402492944944218,-1.4043739453660662,-1.5707611499001408,2.7276983004540036,4.2767405236981835e-05,0.00019931909557859413,-0.0001251379109932683,0.00020926121343245173,-5.0286854141209454e-05,0.00020394211268617477,-0.0004987331924859698,-6.3135365645897705,-6.285823525637941,-0.962737642260957,2.859137853046827e-06,7.752136512722623e-07,28.0,28.0,14.0,6.0,6.0,6.0
0.5739425900420176,1.0,2.0538317025045784e-05,9.381310033664708e-05,-0.3163494648735796,0.016130330940391152,0.2227998260040374,-0.3163494648735796,0.016130330940391152,0.2227998260040374,-0.3163571061581507,0.01612660568350689,0.22281852241271582,-0.4135654608355921,-1.5683983008014124,1.4025440216064453,-1.4045050779925745,-1.57070237794985,2.7276930809020996,0.0,0.0,-0.0,0.0,0.0,0.0,-0.41354404943001394,-1.568306128352744,1.402492424956604,-1.4043730930004628,-1.5707613944518197,2.7276991349995523,4.676431394746705e-05,0.00020407092718673596,-0.00012999690351136003,0.0002130914008556698,-6.113791972451129e-05,0.0002086363871534046,-7.556710932008418e-05,-6.312945075728898,-6.285657506227982,-0.9627084526172921,1.7571254627277327e-05,4.6456687788097566e-07,28.0,28.0,14.0,6.0,6.0,6.0
0.5788385980441237,1.0,2.0538317025045784e-05,9.381310033664708e-05,-0.3163494648735796,0.016130330940391152,0.2227998260040374,-0.3163494648735796,0.016130330940391152,0.2227998260040374,-0.3163571061581507,0.01612660568350689,0.22281852241271582,-0.4135654608355921,-1.5683983008014124,1.4025440216064453,-1.4045050779925745,-1.57070237794985,2.7276930809020996,0.0,0.0,-0.0,0.0,0.0,0.0,-0.4135438473443814,-1.5683052942021485,1.402491886699178,-1.4043722262333547,-1.5707616798035051,2.7276999871955727,5.052140813532315e-05,0.00020853764889838927,-0.00013456435647836624,0.00021669177703349481,-7.133792137281502e-05,0.00021304900515260066,-7.556710932008418e-05,-6.312945075728898,-6.285657506227982,-0.9627084526172921,1.7571254627277327e-05,4.6456687788097566e-07,28.0,28.0,14.0,6.0,6.0,6.0
0.5828385980441237,1.0,2.0538317025045784e-05,9.381310033664708e-05,-0.3163494648735796,0.016130330940391152,0.2227998260040374,-0.3163494648735796,0.016130330940391152,0.2227998260040374,-0.3163571061581507,0.01612660568350689,0.22281852241271582,-0.4135654608355921,-1.5683983008014124,1.4025440216064453,-1.4045050779925745,-1.57070237794985,2.7276930809020996,0.0,0.0,-0.0,0.0,0.0,0.0,-0.4135436311320747,-1.5683044432566793,1.4024913312681289,-1.404371345928832,-1.5707620035071967,2.727700855983037,5.405307667190789e-05,0.00021273636730734339,-0.0001388577622673521,0.0002200761306406503,-8.092592292222053e-05,0.00021719686607184495,-7.556710932008418e-05,-6.312945075728898,-6.285657506227982,-0.9627084526172921,1.7571254627277327e-05,4.6456687788097566e-07,28.0,28.0,14.0,6.0,6.0,6.0
0.5871754350247795,1.0,2.0538317025045784e-05,9.381310033664708e-05,-0.3163494648735796,0.016130330940391152,0.2227998260040374,-0.3163494648735796,0.016130330940391152,0.2227998260040374,-0.3163571061581507,0.01612660568350689,0.22281852241271582,-0.4135654608355921,-1.5683983008014124,1.4025440216064453,-1.4045050779925745,-1.57070237794985,2.7276930809020996,0.0,0.0,-0.0,0.0,0.0,0.0,-0.4135434016406943,-1.5683035765240287,1.402490759693874,-1.4043704528991399,-1.5707623632617742,2.727701740366458,5.737284509629754e-05,0.00021668316261176025,-0.00014289356370899878,0.00022325742303137648,-8.99386443786617e-05,0.00022109585533593458,-7.556710932008418e-05,-6.312945075728898,-6.285657506227982,-0.9627084526172921,1.7571254627277327e-05,4.6456687788097566e-07,28.0,28.0,14.0,6.0,6.0,6.0
0.5911754350247795,1.0,2.2600417264694917e-05,6.172209185836895e-05,-0.3163494648735796,0.016130330940391152,0.2227998260040374,-0.3163494648735796,0.016130330940391152,0.2227998260040374,-0.3163529708778625,0.01613958087543105,0.22282014657234303,-0.41357738176454717,-1.5683863798724573,1.402519702911377,-1.4044812361346644,-1.5707505385028284,2.727705240249634,0.0,0.0,-0.0,0.0,0.0,-0.0003834952076431364,-0.41354317223174036,-1.568302716634601,1.4024902044435896,-1.4043695708955415,-1.5707627014364045,2.727702580699073,5.735223848769514e-05,0.0002149723569349169,-0.00013881257107788364,0.00022050089959093762,-8.454365758800391e-05,0.00021008315379729002,-0.00010597872866272478,-6.3132892976738555,-6.285610953103614,-0.9626999071939678,1.5218745817280702e-05,9.785125001069316e-07,28.0,28.0,14.0,6.0,6.0,6.0
0.595786515013315,1.0,2.2600417264694917e-05,6.172209185836895e-05,-0.3163494648735796,0.016130330940391152,0.2227998260040374,-0.3163494648735796,0.016130330940391152,0.2227998260040374,-0.3163529708778625,0.01613958087543105,0.22282014657234303,-0.41357738176454717,-1.5683863798724573,1.402519702911377,-1.4044812361346644,-1.5707505385028284,2.727705240249634,0.0,0.0,-0.0,0.0,0.0,-0.0003834952076431364,-0.4135429429002673,-1.5683018631778027,1.4024896645378375,-1.4043686992564712,-1.5707630193258846,2.7277033796239305,5.7332868275608875e-05,0.00021336419959868416,-0.0001349764380046354,0.0002179097675569251,-7.94723700047856e-05,0.00019973121435096415,-0.00010597872866272478,-6.3132892976738555,-6.285610953103614,-0.9626999071939678,1.5218745817280702e-05,9.785125001069316e-07,28.0,28.0,14.0,6.0,6.0,6.0
0.599786515013315,1.0,2.2600417264694917e-05,6.172209185836895e-05,-0.3163494648735796,0.016130330940391152,0.2227998260040374,-0.3163494648735796,0.016130330940391152,0.2227998260040374,-0.3163529708778625,0.01613958087543105,0.22282014657234303,-0.41357738176454717,-1.5683863798724573,1.402519702911377,-1.4044812361346644,-1.5707505385028284,2.727705240249634,0.0,0.0,-0.0,0.0,0.0,-0.0003834952076431364,-0.41354271364162615,-1.568301015767676,1.402489139055946,-1.4043678373600574,-1.5707633181473233,2.7277041396254957,5.731466027624779e-05,0.0002118525317026254,-0.00013137047291578207,0.00021547410344495332,-7.470535967656038e-05,0.0001900003912714178,-0.00010597872866272478,-6.3132892976738555,-6.285610953103614,-0.9626999071939678,1.5218745817280702e-05,9.785125001069316e-07,28.0,28.0,14.0,6.0,6.0,6.0
0.6045507429956927,1.0,6.957429477723058e-06,6.865060217565271e-05,-0.3163494648735796,0.016130330940391152,0.2227998260040374,-0.3163494648735796,0.016130330940391152,0.2227998260040374,-0.31634313538300135,0.0161298510583459,0.2228026743521867,-0.41357738176454717,-1.568373982106344,1.4025559425354004,-1.404444996510641,-1.5707266966449183,2.7276575565338135,0.0,0.0,-0.0,0.0,0.0,-0.0003834952076431364,-0.4135424748204018,-1.5683002208680046,1.4024886658742413,-1.4043670742941925,-1.5707636265028362,2.7277049276021836,5.9705306086555426e-05,0.00019872491782740647,-0.00011829542615725885,0.0001907664662378234,-7.7088878237342e-05,0.00019699417193517365,0.0003496362617712516,-6.314601236255621,-6.285960551882761,-0.9627586536620533,1.7752166970208563e-05,1.59369299747035e-06,28.0,28.0,14.0,6.0,6.0,6.0
0.6085507429956927,1.0,6.957429477723058e-06,6.865060217565271e-05,-0.3163494648735796,0.016130330940391152,0.2227998260040374,-0.3163494648735796,0.016130330940391152,0.2227998260040374,-0.31634313538300135,0.0161298510583459,0.2228026743521867,-0.41357738176454717,-1.568373982106344,1.4025559425354004,-1.404444996510641,-1.5707266966449183,2.7276575565338135,0.0,0.0,-0.0,0.0,0.0,-0.0003834952076431364,-0.4135422270103492,-1.5682994753281614,1.4024882418547124,-1.4043664041290433,-1.5707639438203789,2.7277057418754866,6.19525131482446e-05,0.00018638496078470068,-0.00010600488220424702,0.00016754128726312125,-7.932938568447672e-05,0.00020356832575910415,0.0003496362617712516,-6.314601236255621,-6.285960551882761,-0.9627586536620533,1.7752166970208563e-05,1.59369299747035e-06,28.0,28.0,14.0,6.0,6.0,6.0
0.6129552499910353,1.0,6.957429477723058e-06,6.865060217565271e-05,-0.3163494648735796,0.016130330940391152,0.2227998260040374,-0.3163494648735796,0.016130330940391152,0.2227998260040374,-0.31634313538300135,0.0161298510583459,0.2228026743521867,-0.41357738176454717,-1.568373982106344,1.4025559425354004,-1.404444996510641,-1.5707266966449183,2.7276575565338135,0.0,0.0,-0.0,0.0,0.0,-0.0003834952076431364,-0.41354197075079807,-1.5682987761865568,1.4024878640476288,-1.4043658212905672,-1.5707642695622297,2.727706580867608,6.406488778623244e-05,0.00017478540116455725,-9.44517708884159e-05,0.00014570961902690124,-8.143546268478336e-05,0.0002097480303535988,0.0003496362617712516,-6.314601236255621,-6.285960551882761,-0.9627586536620533,1.7752166970208563e-05,1.59369299747035e-06,28.0,28.0,14.0,6.0,6.0,6.0
0.6169552499910353,1.0,2.7950354917008738e-05,7.730644304074898e-05,-0.3163494648735796,0.016130330940391152,0.2227998260040374,-0.3163494648735796,0.016130330940391152,0.2227998260040374,-0.3163528079014802,0.016144514132803055,0.22282367728403343,-0.4136012236224573,-1.5683983008014124,1.402519702911377,-1.4044812361346644,-1.5707386175738733,2.7276692390441895,0.0,0.0,-0.0,0.0,0.0,-0.0003834952076431364,-0.4135416976729349,-1.568298058572863,1.4024874797292826,-1.4043652211880646,-1.5707645895016011,2.7277074110463024,6.826946579315386e-05,0.00017940342344494728,-9.607958654424832e-05,0.0001500256256329192,-7.998484283666374e-05,0.00020754467357884224,7.12168923915556e-05,-6.312947114935521,-6.285531694265582,-0.9626878464303369,2.1974040945986337e-05,1.13540991578311e-06,28.0,28.0,14.0,6.0,6.0,6.0
0.6215283399638722,1.0,2.7950354917008738e-05,7.730644304074898e-05,-0.3163494648735796,0.016130330940391152,0.2227998260040374,-0.3163494648735796,0.016130330940391152,0.2227998260040374,-0.3163528079014802,0.016144514132803055,0.22282367728403343,-0.4136012236224573,-1.5683983008014124,1.402519702911377,-1.4044812361346644,-1.5707386175738733,2.7276692390441895,0.0,0.0,-0.0,0.0,0.0,-0.0003834952076431364,-0.41354140878585843,-1.5682973235954054,1.4024870892903496,-1.4043646048573772,-1.5707649039866418,2.7277082329403752,7.222176911966001e-05,0.00018374436438851392,-9.76097332607308e-05,0.00015408267184257606,-7.862126017943131e-05,0.00020547351821057107,7.12168923915556e-05,-6.312947114935521,-6.285531694265582,-0.9626878464303369,2.1974040945986337e-05,1.13540991578311e-06,28.0,28.0,14.0,6.0,6.0,6.0
0.6255283399638722,1.0,2.7950354917008738e-05,7.730644304074898e-05,-0.3163494648735796,0.016130330940391152,0.2227998260040374,-0.3163494648735796,0.016130330940391152,0.2227998260040374,-0.3163528079014802,0.016144514132803055,0.22282367728403343,-0.4136012236224573,-1.5683983008014124,1.402519702911377,-1.4044812361346644,-1.5707386175738733,2.7276692390441895,0.0,0.0,-0.0,0.0,0.0,-0.0003834952076431364,-0.41354110503812147,-1.5682965722960098,1.4024866930980648,-1.4043639732721962,-1.5707652133446117,2.727709047046904,7.593693424657578e-05,0.00018782484887546657,-9.904807117422433e-05,0.00015789629527965352,-7.733949248163281e-05,0.00020352663216439618,7.12168923915556e-05,-6.312947114935521,-6.285531694265582,-0.9626878464303369,2.1974040945986337e-05,1.13540991578311e-06,28.0,28.0,14.0,6.0,6.0,6.0
0.6305335699559658,1.0,1.9659845242093086e-05,6.915398856291118e-05,-0.3163494648735796,0.016130330940391152,0.2227998260040374,-0.3163494648735796,0.016130330940391152,0.2227998260040374,-0.3163518890093472,0.016140255144965185,0.2228166231241565,-0.41358930269350225,-1.5683863798724573,1.402531623840332,-1.4044812361346644,-1.5707386175738733,2.7276575565338135,0.0,0.0,-0.0,0.0,0.0,-0.0003834952076431364,-0.4135407941662892,-1.5682958248831496,1.4024863026097822,-1.404363346689546,-1.57076551788024,2.7277098741795403,7.771795806405142e-05,0.00018685321505462359,-9.762207065833832e-05,0.00015664566254498477,-7.613390704789874e-05,0.0002067831590027231,9.826246620129014e-05,-6.313515610769027,-6.285689287334497,-0.9627110808209193,1.9229869776387363e-05,1.4399349979384013e-06,28.0,28.0,14.0,6.0,6.0,6.0
0.6345335699559658,1.0,1.9659845242093086e-05,6.915398856291118e-05,-0.3163494648735796,0.016130330940391152,0.2227998260040374,-0.3163494648735796,0.016130330940391152,0.2227998260040374,-0.3163518890093472,0.016140255144965185,0.2228166231241565,-0.41358930269350225,-1.5683863798724573,1.402531623840332,-1.4044812361346644,-1.5707386175738733,2.7276575565338135,0.0,0.0,-0.0,0.0,0.0,-0.0003834952076431364,-0.4135404765978074,-1.5682950811236325,1.4024859174832616,-1.404362724809275,-1.570765817882867,2.7277107135567173,7.939212045247852e-05,0.00018593987926303118,-9.628163017340546e-05,0.00015547006777439612,-7.500065674018871e-05,0.00020984429423075043,9.826246620129014e-05,-6.313515610769027,-6.285689287334497,-0.9627110808209193,1.9229869776387363e-05,1.4399349979384013e-06,28.0,28.0,14.0,6.0,6.0,6.0
0.6392253799538596,1.0,1.9659845242093086e-05,6.915398856291118e-05,-0.3163494648735796,0.016130330940391152,0.2227998260040374,-0.3163494648735796,0.016130330940391152,0.2227998260040374,-0.3163518890093472,0.016140255144965185,0.2228166231241565,-0.41358930269350225,-1.5683863798724573,1.402531623840332,-1.4044812361346644,-1.5707386175738733,2.7276575565338135,0.0,0.0,-0.0,0.0,0.0,-0.0003834952076431364,-0.41354015273447503,-1.568294340798258,1.402485537396797,-1.4043621073492403,-1.5707661136244728,2.7277115644437626,8.096583309759999e-05,0.00018508134361893433,-9.502161611756858e-05,0.0001543650086900428,-7.393540145094129e-05,0.0002127217613450961,9.826246620129014e-05,-6.313515610769027,-6.285689287334497,-0.9627110808209193,1.9229869776387363e-05,1.4399349979384013e-06,28.0,28.0,14.0,6.0,6.0,6.0
0.6432253799538596,1.0,3.223632125220958e-05,0.00014719012232374256,-0.3163494648735796,0.016130330940391152,0.2227998260040374,-0.3163494648735796,0.016130330940391152,0.2227998260040374,-0.3163573451017871,0.016123217242372572,0.2228302641004262,-0.41352922121156865,-1.5684221426593226,1.402531623840332,-1.4045169989215296,-1.5707386175738733,2.7276811599731445,0.0,0.0,-0.0,0.0,0.0,-0.0003834952076431364,-0.4135398575061603,-1.5682935461814966,1.4024851083685863,-1.4043614155214772,-1.5707664053488692,2.7277124336201184,7.380707868804758e-05,0.00019865419029282052,-0.00010725705269291612,0.00017295694075919682,-7.293109912932958e-05,0.0002172940889579248,-0.000834189541491299,-6.311634417450195,-6.285394244273152,-0.9626752074477586,5.374888224988604e-06,1.910636960478881e-06,28.0,28.0,14.0,6.0,6.0,6.0
0.6479314359275161,1.0,3.223632125220958e-05,0.00014719012232374256,-0.3163494648735796,0.016130330940391152,0.2227998260040374,-0.3163494648735796,0.016130330940391152,0.2227998260040374,-0.3163573451017871,0.016123217242372572,0.2228302641004262,-0.41352922121156865,-1.5684221426593226,1.402531623840332,-1.4045169989215296,-1.5707386175738733,2.7276811599731445,0.0,0.0,-0.0,0.0,0.0,-0.0003834952076431364,-0.41353958919476214,-1.568292700530832,1.402484633335134,-1.4043606537880495,-1.570766693297089,2.727713319988426,6.707784954306832e-05,0.00021141266616627355,-0.0001187583630737428,0.00019043335690420158,-7.198705494701458e-05,0.00022159207691398378,-0.000834189541491299,-6.311634417450195,-6.285394244273152,-0.9626752074477586,5.374888224988604e-06,1.910636960478881e-06,28.0,28.0,14.0,6.0,6.0,6.0
0.6519314359275161,1.0,3.223632125220958e-05,0.00014719012232374256,-0.3163494648735796,0.016130330940391152,0.2227998260040374,-0.3163494648735796,0.016130330940391152,0.2227998260040374,-0.3163573451017871,0.016123217242372572,0.2228302641004262,-0.41352922121156865,-1.5684221426593226,1.402531623840332,-1.4045169989215296,-1.5707386175738733,2.7276811599731445,0.0,0.0,-0.0,0.0,0.0,-0.0003834952076431364,-0.41353934618526556,-1.568291806908298,1.4024841150567546,-1.4043598263432973,-1.5707669776957027,2.7277142225171684,6.0752374146787815e-05,0.00022340563348731938,-0.00012956959483171988,0.00020686118808050605,-7.109965341563847e-05,0.00022563218559267922,-0.000834189541491299,-6.311634417450195,-6.285394244273152,-0.9626752074477586,5.374888224988604e-06,1.910636960478881e-06,28.0,28.0,14.0,6.0,6.0,6.0
0.6565579499392773,1.0,3.0833692330854926e-05,7.681183647502746e-05,-0.3163494648735796,0.016130330940391152,0.2227998260040374,-0.3163494648735796,0.016130330940391152,0.2227998260040374,-0.31634687738956163,0.016146175221543175,0.2228261505223423,-0.41358930269350225,-1.5684102217303675,1.402519702911377,-1.404468838368551,-1.5707743803607386,2.7276930809020996,0.0,0.0,-0.0,0.0,0.0,-0.0003834952076431364,-0.41353910683829664,-1.5682909066003685,1.402483605806601,-1.4043590038564053,-1.5707672175782674,2.7277150774130194,5.9836742231561905e-05,0.0002250769823856567,-0.00012731253839070352,0.0002056217229865916,-5.9970641158405756e-05,0.00021372396280321592,-0.0002478585612235581,-6.312576347608862,-6.28545785962624,-0.962682734990453,1.5437678347281438e-05,9.815843742883227e-07,28.0,28.0,14.0,6.0,6.0,6.0
0.6605579499392773,1.0,3.0833692330854926e-05,7.681183647502746e-05,-0.3163494648735796,0.016130330940391152,0.2227998260040374,-0.3163494648735796,0.016130330940391152,0.2227998260040374,-0.31634687738956163,0.016146175221543175,0.2228261505223423,-0.41358930269350225,-1.5684102217303675,1.402519702911377,-1.404468838368551,-1.5707743803607386,2.7276930809020996,0.0,0.0,-0.0,0.0,0.0,-0.0003834952076431364,-0.41353887093410374,-1.5682900000081672,1.4024831050429798,-1.4043581860299021,-1.570767415615746,2.727715887533953,5.897604823124955e-05,0.0002266480503500938,-0.00012519090533614816,0.00020445662579831198,-4.950936963660701e-05,0.00020253023338112045,-0.0002478585612235581,-6.312576347608862,-6.28545785962624,-0.962682734990453,1.5437678347281438e-05,9.815843742883227e-07,28.0,28.0,14.0,6.0,6.0,6.0
0.665142910928,1.0,3.0833692330854926e-05,7.681183647502746e-05,-0.3163494648735796,0.016130330940391152,0.2227998260040374,-0.3163494648735796,0.016130330940391152,0.2227998260040374,-0.31634687738956163,0.016146175221543175,0.2228261505223423,-0.41358930269350225,-1.5684102217303675,1.402519702911377,-1.404468838368551,-1.5707743803607386,2.7276930809020996,0.0,0.0,-0.0,0.0,0.0,-0.0003834952076431364,-0.41353863826612025,-1.5682890875087503,1.4024826122566987,-1.4043573725841645,-1.5707675743188436,2.727716655566464,5.8166995870955936e-05,0.00022812485423666468,-0.00012319657026486612,0.00020336143444132915,-3.967577440611619e-05,0.00019200812772435068,-0.0002478585612235581,-6.312576347608862,-6.28545785962624,-0.962682734990453,1.5437678347281438e-05,9.815843742883227e-07,28.0,28.0,14.0,6.0,6.0,6.0
0.669142910928,1.0,2.6626816907622275e-05,8.56032686813093e-05,-0.3163494648735796,0.016130330940391152,0.2227998260040374,-0.3163494648735796,0.016130330940391152,0.2227998260040374,-0.31635537174351097,0.016137928040375015,0.22282465301227602,-0.41357738176454717,-1.5683983008014124,1.402519702911377,-1.4044926802264612,-1.5707386175738733,2.727705240249634,0.0,0.0,-0.0,0.0,0.0,-0.0003834952076431364,-0.4135384010707335,-1.568288163422974,1.4024821112695491,-1.4043565398603512,-1.5707677372353803,2.7277173913290733,5.929884669916711e-05,0.0002310214440627716,-0.00012524678737190105,0.00020818095332894603,-4.072913415618591e-05,0.00018394065232836245,-0.00018099620242830155,-6.312747135226453,-6.285516704528633,-0.962686361811879,1.6478599771369255e-05,9.785327558837304e-07,28.0,28.0,14.0,6.0,6.0,6.0
0.6734690629320688,1.0,2.6626816907622275e-05,8.56032686813093e-05,-0.3163494648735796,0.016130330940391152,0.2227998260040374,-0.3163494648735796,0.016130330940391152,0.2227998260040374,-0.31635537174351097,0.016137928040375015,0.22282465301227602,-0.41357738176454717,-1.5683983008014124,1.402519702911377,-1.4044926802264612,-1.5707386175738733,2.727705240249634,0.0,0.0,-0.0,0.0,0.0,-0.0003834952076431364,-0.41353815961958756,-1.5682872284460199,1.4024816025735833,-1.404355689015147,-1.5707679041125495,2.7277180967579753,6.036278647768561e-05,0.0002337442384993121,-0.00012717399145251388,0.00021271130108330591,-4.171929232125146e-05,0.0001763572254561335,-0.00018099620242830155,-6.312747135226453,-6.285516704528633,-0.962686361811879,1.6478599771369255e-05,9.785327558837304e-07,28.0,28.0,14.0,6.0,6.0,6.0
0.6774690629320688,1.0,2.6626816907622275e-05,8.56032686813093e-05,-0.3163494648735796,0.016130330940391152,0.2227998260040374,-0.3163494648735796,0.016130330940391152,0.2227998260040374,-0.31635537174351097,0.016137928040375015,0.22282465301227602,-0.41357738176454717,-1.5683983008014124,1.402519702911377,-1.4044926802264612,-1.5707386175738733,2.727705240249634,0.0,0.0,-0.0,0.0,0.0,-0.0003834952076431364,-0.4135379141680281,-1.5682862832313589,1.4024810866313302,-1.404354821135835,-1.5707680747127135,2.727718773673192,6.1362889869493e-05,0.00023630366526966018,-0.00012898556328828993,0.0002169698279724042,-4.265004099641307e-05,0.0001692288041962383,-0.00018099620242830155,-6.312747135226453,-6.285516704528633,-0.962686361811879,1.6478599771369255e-05,9.785327558837304e-07,28.0,28.0,14.0,6.0,6.0,6.0
0.6821133839478719,1.0,1.914738278779349e-05,8.071668392133107e-05,-0.3163494648735796,0.016130330940391152,0.2227998260040374,-0.3163494648735796,0.016130330940391152,0.2227998260040374,-0.31634928574586363,0.016139520983072274,0.22281662282803488,-0.4135654608355921,-1.5683863798724573,1.402531623840332,-1.4044812361346644,-1.5707743803607386,2.7276692390441895,0.0,0.0,-0.0,0.0,0.0,-0.0003834952076431364,-0.4135376862190675,-1.5682853602242228,1.402480590291239,-1.4043539724647016,-1.5707682076204752,2.7277194577300996,5.698724015136856e-05,0.00023075178401106577,-0.00012408502283353017,0.0002121677833693015,-3.32269404440897e-05,0.00017101422689098922,-0.000278657252470999,-6.313425578023545,-6.285685923138555,-0.9627131494012862,9.947102051119445e-06,1.596808505216183e-06,28.0,28.0,14.0,6.0,6.0,6.0
0.6861133839478719,1.0,1.914738278779349e-05,8.071668392133107e-05,-0.3163494648735796,0.016130330940391152,0.2227998260040374,-0.3163494648735796,0.016130330940391152,0.2227998260040374,-0.31634928574586363,0.016139520983072274,0.22281662282803488,-0.4135654608355921,-1.5683863798724573,1.402531623840332,-1.4044812361346644,-1.5707743803607386,2.7276692390441895,0.0,0.0,-0.0,0.0,0.0,-0.0003834952076431364,-0.4135374747225498,-1.5682844580921602,1.4024801123771797,-1.4043531418492559,-1.5707683050973789,2.7277201485001963,5.287412941633158e-05,0.00022553301562798703,-0.00011947851480605598,0.00020765386144238498,-2.436922592490573e-05,0.00017269252422405507,-0.000278657252470999,-6.313425578023545,-6.285685923138555,-0.9627131494012862,9.947102051119445e-06,1.596808505216183e-06,28.0,28.0,14.0,6.0,6.0,6.0
0.6907600799235518,1.0,1.914738278779349e-05,8.071668392133107e-05,-0.3163494648735796,0.016130330940391152,0.2227998260040374,-0.3163494648735796,0.016130330940391152,0.2227998260040374,-0.31634928574586363,0.016139520983072274,0.22281662282803488,-0.4135654608355921,-1.5683863798724573,1.402531623840332,-1.4044812361346644,-1.5707743803607386,2.7276692390441895,0.0,0.0,-0.0,0.0,0.0,-0.0003834952076431364,-0.4135372786913285,-1.5682835755826667,1.4024796517835907,-1.4043523282061565,-1.570768369269276,2.727720845580691,4.900780532539682e-05,0.00022062737334789303,-0.00011514839726023025,0.00020341077483108344,-1.60429742768728e-05,0.00017427012371713695,-0.000278657252470999,-6.313425578023545,-6.285685923138555,-0.9627131494012862,9.947102051119445e-06,1.596808505216183e-06,28.0,28.0,14.0,6.0,6.0,6.0
0.6947600799235518,1.0,1.9129778302169166e-05,7.113091734153907e-05,-0.3163494648735796,0.016130330940391152,0.2227998260040374,-0.3163494648735796,0.016130330940391152,0.2227998260040374,-0.31635261161262007,0.016124995591446124,0.22281792518918303,-0.41354114214052373,-1.568373982106344,1.4025077819824219,-1.404456917439596,-1.5707386175738733,2.7276930809020996,0.0,0.0,-0.0,0.0,0.0,-0.0003834952076431364,-0.4135370967509154,-1.5682827186913217,1.402479224215216,-1.4043515549187529,-1.5707684433185738,2.7277215495879306,4.5485103281775136e-05,0.0002142228362544711,-0.00010689209365023045,0.00019332185090033095,-1.851232447880633e-05,0.00017600180984866503,-0.00024530580280501487,-6.313622753835427,-6.285634541636805,-0.9627087807342362,8.132293093361704e-06,1.6029634368860709e-06,28.0,28.0,14.0,6.0,6.0,6.0
0.6991206599255095,1.0,1.9129778302169166e-05,7.113091734153907e-05,-0.3163494648735796,0.016130330940391152,0.2227998260040374,-0.3163494648735796,0.016130330940391152,0.2227998260040374,-0.31635261161262007,0.016124995591446124,0.22281792518918303,-0.41354114214052373,-1.568373982106344,1.4025077819824219,-1.404456917439596,-1.5707386175738733,2.7276930809020996,0.0,0.0,-0.0,0.0,0.0,-0.0003834952076431364,-0.41353692805586195,-1.5682818858810361,1.4024788276905429,-1.4043508195657033,-1.5707685266526286,2.72772226010631,4.217376336077075e-05,0.00020820257138665449,-9.913116825683064e-05,0.0001838382624054236,-2.083351366862385e-05,0.00017762959481230144,-0.00024530580280501487,-6.313622753835427,-6.285634541636805,-0.9627087807342362,8.132293093361704e-06,1.6029634368860709e-06,28.0,28.0,14.0,6.0,6.0,6.0
0.7031206599255095,1.0,1.9129778302169166e-05,7.113091734153907e-05,-0.3163494648735796,0.016130330940391152,0.2227998260040374,-0.3163494648735796,0.016130330940391152,0.2227998260040374,-0.31635261161262007,0.016124995591446124,0.22281792518918303,-0.41354114214052373,-1.568373982106344,1.4025077819824219,-1.404456917439596,-1.5707386175738733,2.7276930809020996,0.0,0.0,-0.0,0.0,0.0,-0.0003834952076431364,-0.4135367718114466,-1.5682810757069465,1.4024784603469493,-1.4043501198709465,-1.5707686187143546,2.7277229767451607,3.9061103835026634e-05,0.00020254352241090687,-9.183589838703481e-05,0.00017492368922021072,-2.3015431507052318e-05,0.00017915971267811967,-0.00024530580280501487,-6.313622753835427,-6.285634541636805,-0.9627087807342362,8.132293093361704e-06,1.6029634368860709e-06,28.0,28.0,14.0,6.0,6.0,6.0
0.7076284539413176,1.0,1.9129778302169166e-05,7.113091734153907e-05,-0.3163494648735796,0.016130330940391152,0.2227998260040374,-0.3163494648735796,0.016130330940391152,0.2227998260040374,-0.31635261161262007,0.016124995591446124,0.22281792518918303,-0.41354114214052373,-1.568373982106344,1.4025077819824219,-1.404456917439596,-1.5707386175738733,2.7276930809020996,0.0,0.0,-0.0,0.0,0.0,-0.0003834952076431364,-0.41353662727063106,-1.568280286810881,1.4024781204335706,-1.4043494536949848,-1.5707687189800916,2.7277236991372544,3.6135203880827164e-05,0.00019722401637370412,-8.497834470942675e-05,0.0001665439904261106,-2.5066434275175076e-05,0.00018059802347198878,-0.00024530580280501487,-6.313622753835427,-6.285634541636805,-0.9627087807342362,8.132293093361704e-06,1.6029634368860709e-06,28.0,28.0,14.0,6.0,6.0,6.0
0.7116284539413176,1.0,7.591807423266692e-06,0.00013428130634508264,-0.3163494648735796,0.016130330940391152,0.2227998260040374,-0.3163494648735796,0.016130330940391152,0.2227998260040374,-0.3163448268703201,0.0161258433107269,0.22280382420934894,-0.41352922121156865,-1.5683625380145472,1.4025440216064453,-1.404456917439596,-1.5707743803607386,2.7276337146759033,0.0,0.0,-0.0,0.0,0.0,-0.0003834952076431364,-0.4135365149930603,-1.5682795559287424,1.4024778281048256,-1.4043488577308088,-1.570768785764544,2.72772448779842,2.8069392686310117e-05,0.0001827205346527246,-7.308218623368196e-05,0.00014899104402149805,-1.669611310428265e-05,0.00019716529145949842,-0.00029662945554800185,-6.314550221428402,-6.285946276643691,-0.9627565188201993,1.6015710854926823e-06,2.522709713370692e-06,28.0,28.0,14.0,6.0,6.0,6.0
0.7161623659383043,1.0,7.591807423266692e-06,0.00013428130634508264,-0.3163494648735796,0.016130330940391152,0.2227998260040374,-0.3163494648735796,0.016130330940391152,0.2227998260040374,-0.3163448268703201,0.0161258433107269,0.22280382420934894,-0.41352922121156865,-1.5683625380145472,1.4025440216064453,-1.404456917439596,-1.5707743803607386,2.7276337146759033,0.0,0.0,-0.0,0.0,0.0,-0.0003834952076431364,-0.4135364330429397,-1.568278879579695,1.4024775805056364,-1.4043483277657112,-1.5707688210765889,2.7277253387525136,2.048753016346409e-05,0.00016908726183500388,-6.189979726648186e-05,0.00013249127440116224,-8.828011203643772e-06,0.0002127385233677575,-0.00029662945554800185,-6.314550221428402,-6.285946276643691,-0.9627565188201993,1.6015710854926823e-06,2.522709713370692e-06,28.0,28.0,14.0,6.0,6.0,6.0
0.7201623659383043,1.0,2.8651973747169415e-05,9.908405876044898e-05,-0.3163494648735796,0.016130330940391152,0.2227998260040374,-0.3163494648735796,0.016130330940391152,0.2227998260040374,-0.31634920281920903,0.016135220554953075,0.22282805645916215,-0.41357738176454717,-1.5684340635882776,1.4025440216064453,-1.4044926802264612,-1.5707386175738733,2.7276930809020996,0.0,0.0,-0.0,0.0,0.0,-0.0003834952076431364,-0.4135363375308705,-1.5682781511263653,1.402477287570764,-1.4043477522680012,-1.5707688680059377,2.7277261664603745,2.3878017299405083e-05,0.00018211333238992195,-7.32337180822728e-05,0.00014387442749382246,-1.1732337219932864e-05,0.00020692696521661723,-0.0003654805701892736,-6.311796657111202,-6.285421229630559,-0.9626812835654323,1.6474754492188082e-05,1.1354251611695043e-06,28.0,28.0,14.0,6.0,6.0,6.0
0.724938465926098,1.0,2.8651973747169415e-05,9.908405876044898e-05,-0.3163494648735796,0.016130330940391152,0.2227998260040374,-0.3163494648735796,0.016130330940391152,0.2227998260040374,-0.31634920281920903,0.016135220554953075,0.22282805645916215,-0.41357738176454717,-1.5684340635882776,1.4025440216064453,-1.4044926802264612,-1.5707386175738733,2.7276930809020996,0.0,0.0,-0.0,0.0,0.0,-0.0003834952076431364,-0.41353622927056966,-1.5682773736950104,1.4024769520203495,-1.4043471339696356,-1.5707689258555524,2.7277269723167765,2.706507520718962e-05,0.00019435783871154494,-8.388760364911628e-05,0.00015457459140092307,-1.4462403675244612e-05,0.0002014641005545454,-0.0003654805701892736,-6.311796657111202,-6.285421229630559,-0.9626812835654323,1.6474754492188082e-05,1.1354251611695043e-06,28.0,28.0,14.0,6.0,6.0,6.0
0.728938465926098,1.0,2.8651973747169415e-05,9.908405876044898e-05,-0.3163494648735796,0.016130330940391152,0.2227998260040374,-0.3163494648735796,0.016130330940391152,0.2227998260040374,-0.31634920281920903,0.016135220554953075,0.22282805645916215,-0.41357738176454717,-1.5684340635882776,1.4025440216064453,-1.4044926802264612,-1.5707386175738733,2.7276930809020996,0.0,0.0,-0.0,0.0,0.0,-0.0003834952076431364,-0.4135361090269311,-1.568276550224312,1.4024765764113252,-1.4043464754386537,-1.570768993970217,2.7277277576328074,3.0060909640507084e-05,0.00020586767465387054,-9.390225608194915e-05,0.00016463274547359763,-1.7028666143237654e-05,0.00019632900777219787,-0.0003654805701892736,-6.311796657111202,-6.285421229630559,-0.9626812835654323,1.6474754492188082e-05,1.1354251611695043e-06,28.0,28.0,14.0,6.0,6.0,6.0
0.7334759389222603,1.0,2.8651973747169415e-05,9.908405876044898e-05,-0.3163494648735796,0.016130330940391152,0.2227998260040374,-0.3163494648735796,0.016130330940391152,0.2227998260040374,-0.31634920281920903,0.016135220554953075,0.22282805645916215,-0.41357738176454717,-1.5684340635882776,1.4025440216064453,-1.4044926802264612,-1.5707386175738733,2.7276930809020996,0.0,0.0,-0.0,0.0,0.0,-0.0003834952076431364,-0.4135359775189551,-1.56827568347663,1.4024761631472078,-1.4043457790890124,-1.5707690717340284,2.7277285236408897,3.28769940078255e-05,0.0002166869204396566,-0.00010331602936881205,0.0001740874103019117,-1.9440952863151115e-05,0.00019150202055679118,-0.0003654805701892736,-6.311796657111202,-6.285421229630559,-0.9626812835654323,1.6474754492188082e-05,1.1354251611695043e-06,28.0,28.0,14.0,6.0,6.0,6.0
0.7374759389222603,1.0,1.193495015713113e-05,4.0111595486639636e-05,-0.3163494648735796,0.016130330940391152,0.2227998260040374,-0.3163494648735796,0.016130330940391152,0.2227998260040374,-0.3163446094635653,0.01612148386601282,0.2228061976053895,-0.41354114214052373,-1.568373982106344,1.4025440216064453,-1.404444996510641,-1.5707386175738733,2.727717161178589,0.0,0.0,-0.0,0.0,0.0,-0.0003834952076431364,-0.41353585622212935,-1.5682748664730077,1.4024757956005498,-1.4043451619874914,-1.5707691585588734,2.727729264708176,3.0324206443933444e-05,0.0002042509055762548,-9.188666447632187e-05,0.00015427538022286285,-2.170621129397659e-05,0.0001852668215431406,-7.313990302532762e-05,-6.314272771910898,-6.28587705687763,-0.9627495893509286,8.136354969848364e-06,1.2922379201770506e-06,28.0,28.0,14.0,6.0,6.0,6.0
0.741955238949275,1.0,1.193495015713113e-05,4.0111595486639636e-05,-0.3163494648735796,0.016130330940391152,0.2227998260040374,-0.3163494648735796,0.016130330940391152,0.2227998260040374,-0.3163446094635653,0.01612148386601282,0.2228061976053895,-0.41354114214052373,-1.568373982106344,1.4025440216064453,-1.404444996510641,-1.5707386175738733,2.727717161178589,0.0,0.0,-0.0,0.0,0.0,-0.0003834952076431364,-0.41353574452378483,-1.5682740962288013,1.4024754710283038,-1.4043446193792035,-1.5707692539010902,2.727729982331114,2.792458613387491e-05,0.0001925610516046571,-8.114306147738111e-05,0.00013565207194855692,-2.383555421895254e-05,0.00017940573447030906,-7.313990302532762e-05,-6.314272771910898,-6.28587705687763,-0.9627495893509286,8.136354969848364e-06,1.2922379201770506e-06,28.0,28.0,14.0,6.0,6.0,6.0
0.745955238949275,1.0,2.5987459170494128e-05,9.658564406432314e-05,-0.3163494648735796,0.016130330940391152,0.2227998260040374,-0.3163494648735796,0.016130330940391152,0.2227998260040374,-0.31635448799064747,0.016127122348314708,0.2228251206925302,-0.413553539906637,-1.5683863798724573,1.4024958610534668,-1.404456917439596,-1.5707266966449183,2.7276692390441895,0.0,0.0,-0.0,0.0,0.0,-0.0003834952076431364,-0.41353562992973025,-1.5682733229015506,1.4024751576280232,-1.4043440811311763,-1.570769370984411,2.7277307307578105,2.8648513651152195e-05,0.00019333181266632503,-7.835007015295028e-05,0.00013456200681815733,-2.927083019431744e-05,0.00018710667420822523,-0.00021792207014591634,-6.313035320243447,-6.285473130167427,-0.9626851053402408,1.2249037835266715e-05,1.7506405630839269e-06,28.0,28.0,14.0,6.0,6.0,6.0
0.7506434869584631,1.0,2.5987459170494128e-05,9.658564406432314e-05,-0.3163494648735796,0.016130330940391152,0.2227998260040374,-0.3163494648735796,0.016130330940391152,0.2227998260040374,-0.31635448799064747,0.016127122348314708,0.2228251206925302,-0.413553539906637,-1.5683863798724573,1.4024958610534668,-1.404456917439596,-1.5707266966449183,2.7276692390441895,0.0,0.0,-0.0,0.0,0.0,-0.0003834952076431364,-0.4135355126137082,-1.5682725466762384,1.40247485472939,-1.404343546981794,-1.5707695085043696,2.7277315081400406,2.932900551739284e-05,0.0001940563280642929,-7.572465830798531e-05,0.00013353734559558173,-3.4379989611160444e-05,0.00019434555756186642,-0.00021792207014591634,-6.313035320243447,-6.285473130167427,-0.9626851053402408,1.2249037835266715e-05,1.7506405630839269e-06,28.0,28.0,14.0,6.0,6.0,6.0
0.7546434869584631,1.0,2.5987459170494128e-05,9.658564406432314e-05,-0.3163494648735796,0.016130330940391152,0.2227998260040374,-0.3163494648735796,0.016130330940391152,0.2227998260040374,-0.31635448799064747,0.016127122348314708,0.2228251206925302,-0.413553539906637,-1.5683863798724573,1.4024958610534668,-1.404456917439596,-1.5707266966449183,2.7276692390441895,0.0,0.0,-0.0,0.0,0.0,-0.0003834952076431364,-0.4135353927390367,-1.5682717677267481,1.4024745617023053,-1.4043430166851378,-1.5707696652347674,2.7277323127404722,2.9968667871659047e-05,0.00019473737253838269,-7.325677117371823e-05,0.00013257416404636066,-3.918259946299287e-05,0.00020115010791428914,-0.00021792207014591634,-6.313035320243447,-6.285473130167427,-0.9626851053402408,1.2249037835266715e-05,1.7506405630839269e-06,28.0,28.0,14.0,6.0,6.0,6.0
0.7590456189648251,1.0,2.5987459170494128e-05,9.658564406432314e-05,-0.3163494648735796,0.016130330940391152,0.2227998260040374,-0.3163494648735796,0.016130330940391152,0.2227998260040374,-0.31635448799064747,0.016127122348314708,0.2228251206925302,-0.413553539906637,-1.5683863798724573,1.4024958610534668,-1.404456917439596,-1.5707266966449183,2.7276692390441895,0.0,0.0,-0.0,0.0,0.0,-0.0003834952076431364,-0.41353527045923477,-1.5682709862165307,1.4024742779544763,-1.4043424900100443,-1.5707698400229781,2.7277331429260134,3.056995048466928e-05,0.00019537755434402709,-7.093695726750719e-05,0.00013166877339009287,-4.3697052723715346e-05,0.0002075463852455665,-0.00021792207014591634,-6.313035320243447,-6.285473130167427,-0.9626851053402408,1.2249037835266715e-05,1.7506405630839269e-06,28.0,28.0,14.0,6.0,6.0,6.0
0.7630456189648251,1.0,2.4036606253725164e-05,7.064941463315518e-05,-0.3163494648735796,0.016130330940391152,0.2227998260040374,-0.3163494648735796,0.016130330940391152,0.2227998260040374,-0.31635637472659117,0.016134512554461435,0.22282246505161724,-0.4135654608355921,-1.568373982106344,1.4024958610534668,-1.404468838368551,-1.5707386175738733,2.7276930809020996,0.0,0.0,-0.0,0.0,0.0,-0.0003834952076431364,-0.41353514387146234,-1.5682702118089928,1.4024740054193467,-1.4043419602626397,-1.5707700180573108,2.727733958010391,3.1646943109671916e-05,0.0001936018844948677,-6.813378241295363e-05,0.00013243685113443167,-4.450858315548289e-05,0.00020377109445955292,-0.00010989338720823207,-6.313441297337585,-6.285552987210027,-0.962690766137325,1.3734955593499765e-05,1.2892098619332723e-06,28.0,28.0,14.0,6.0,6.0,6.0
0.7678300289693292,1.0,2.4036606253725164e-05,7.064941463315518e-05,-0.3163494648735796,0.016130330940391152,0.2227998260040374,-0.3163494648735796,0.016130330940391152,0.2227998260040374,-0.31635637472659117,0.016134512554461435,0.22282246505161724,-0.4135654608355921,-1.568373982106344,1.4024958610534668,-1.404468838368551,-1.5707386175738733,2.7276930809020996,0.0,0.0,-0.0,0.0,0.0,-0.0003834952076431364,-0.4135350132341976,-1.5682694440779734,1.4024737434241545,-1.4043414276272628,-1.5707701991429979,2.727734758899676,3.265931617717439e-05,0.0001919327548366579,-6.549879804967329e-05,0.00013315884421411013,-4.5271421761344376e-05,0.00020022232112070013,-0.00010989338720823207,-6.313441297337585,-6.285552987210027,-0.962690766137325,1.3734955593499765e-05,1.2892098619332723e-06,28.0,28.0,14.0,6.0,6.0,6.0
0.7718300289693292,1.0,2.386109226393022e-05,8.429639967008143e-05,-0.3163494648735796,0.016130330940391152,0.2227998260040374,-0.3163494648735796,0.016130330940391152,0.2227998260040374,-0.31634444138747814,0.016135837358775804,0.22282249306533763,-0.41357738176454717,-1.5684221426593226,1.4025440216064453,-1.404468838368551,-1.5707505385028284,2.7276575565338135,0.0,0.0,-0.0,0.0,0.0,-0.0003834952076431364,-0.41353487675404177,-1.568268657355185,1.4024734661126015,-1.4043408923318765,-1.5707703693700552,2.727735575673514,3.4120038964602336e-05,0.00019668069712774883,-6.932788827440715e-05,0.00013382384653747535,-4.2556764361317076e-05,0.00020419345954015067,-0.0002494591560105773,-6.312446959248976,-6.285526236182205,-0.9626986771211058,1.5215836327217358e-05,1.5937463107679884e-06,28.0,28.0,14.0,6.0,6.0,6.0
0.7764458579753994,1.0,2.386109226393022e-05,8.429639967008143e-05,-0.3163494648735796,0.016130330940391152,0.2227998260040374,-0.3163494648735796,0.016130330940391152,0.2227998260040374,-0.31634444138747814,0.016135837358775804,0.22282249306533763,-0.41357738176454717,-1.5684221426593226,1.4025440216064453,-1.404468838368551,-1.5707505385028284,2.7276575565338135,0.0,0.0,-0.0,0.0,0.0,-0.0003834952076431364,-0.4135347347815682,-1.5682678527801335,1.4024731744036691,-1.4043403545360817,-1.5707705293900007,2.727736407378833,3.549311838478461e-05,0.0002011437628813743,-7.292723308565698e-05,0.00013444894872143866,-4.000498640529141e-05,0.0002079263296544342,-0.0002494591560105773,-6.312446959248976,-6.285526236182205,-0.9626986771211058,1.5215836327217358e-05,1.5937463107679884e-06,28.0,28.0,14.0,6.0,6.0,6.0
0.7804458579753994,1.0,2.386109226393022e-05,8.429639967008143e-05,-0.3163494648735796,0.016130330940391152,0.2227998260040374,-0.3163494648735796,0.016130330940391152,0.2227998260040374,-0.31634444138747814,0.016135837358775804,0.22282249306533763,-0.41357738176454717,-1.5684221426593226,1.4025440216064453,-1.404468838368551,-1.5707505385028284,2.7276575565338135,0.0,0.0,-0.0,0.0,0.0,-0.0003834952076431364,-0.41353458764631607,-1.5682670314239546,1.4024728691612003,-1.4043398143899026,-1.5707706798152612,2.7277372531197432,3.678381303975594e-05,0.00020533904468978222,-7.631061720823182e-05,0.00013503654477436418,-3.7606315126627286e-05,0.00021143522756186068,-0.0002494591560105773,-6.312446959248976,-6.285526236182205,-0.9626986771211058,1.5215836327217358e-05,1.5937463107679884e-06,28.0,28.0,14.0,6.0,6.0,6.0
0.7849251589919444,1.0,2.386109226393022e-05,8.429639967008143e-05,-0.3163494648735796,0.016130330940391152,0.2227998260040374,-0.3163494648735796,0.016130330940391152,0.2227998260040374,-0.31634444138747814,0.016135837358775804,0.22282249306533763,-0.41357738176454717,-1.5684221426593226,1.4025440216064453,-1.404468838368551,-1.5707505385028284,2.7276575565338135,0.0,0.0,-0.0,0.0,0.0,-0.0003834952076431364,-0.413534435658052,-1.5682661942935163,1.4024725511972072,-1.4043392720343624,-1.5707708212215177,2.7277381120541095,3.799706601542899e-05,0.00020928260958968567,-7.949099828345217e-05,0.00013558888506411416,-3.535156412468301e-05,0.0002147335915948416,-0.0002494591560105773,-6.312446959248976,-6.285526236182205,-0.9626986771211058,1.5215836327217358e-05,1.5937463107679884e-06,28.0,28.0,14.0,6.0,6.0,6.0
0.7889251589919444,1.0,2.4940090071410588e-05,0.0001243477679992687,-0.3163494648735796,0.016130330940391152,0.2227998260040374,-0.3163494648735796,0.016130330940391152,0.2227998260040374,-0.3163364166313966,0.016122152615515715,0.22281944401797701,-0.41352922121156865,-1.5684221426593226,1.4025440216064453,-1.4044330755816858,-1.5707743803607386,2.7276456356048584,0.0,0.0,-0.0,0.0,0.0,-0.0003834952076431364,-0.41353431639947963,-1.5682653654699443,1.4024722528163895,-1.404338777204104,-1.5707709266786045,2.727739015312993,2.9814643088486454e-05,0.00020720589298601976,-7.459520438487334e-05,0.00012370756458094268,-2.6364271691409656e-05,0.00022581472085185007,-0.0006715729082319615,-6.3125633733278494,-6.285548188083876,-0.9627139526281556,1.5936509791400343e-06,2.3689167508291494e-06,28.0,28.0,14.0,6.0,6.0,6.0
0.7935255540038928,1.0,2.4940090071410588e-05,0.0001243477679992687,-0.3163494648735796,0.016130330940391152,0.2227998260040374,-0.3163494648735796,0.016130330940391152,0.2227998260040374,-0.3163364166313966,0.016122152615515715,0.22281944401797701,-0.41352922121156865,-1.5684221426593226,1.4025440216064453,-1.4044330755816858,-1.5707743803607386,2.7276456356048584,0.0,0.0,-0.0,0.0,0.0,-0.0003834952076431364,-0.4135342279068175,-1.5682645444548269,1.4024719728437571,-1.4043383270476106,-1.5707709983434717,2.727739960236922,2.2123165537160468e-05,0.00020525377937857377,-6.999315812020923e-05,0.0001125391233267615,-1.79162168041327e-05,0.00023623098235343802,-0.0006715729082319615,-6.3125633733278494,-6.285548188083876,-0.9627139526281556,1.5936509791400343e-06,2.3689167508291494e-06,28.0,28.0,14.0,6.0,6.0,6.0
0.7975255540038928,1.0,2.4940090071410588e-05,0.0001243477679992687,-0.3163494648735796,0.016130330940391152,0.2227998260040374,-0.3163494648735796,0.016130330940391152,0.2227998260040374,-0.3163364166313966,0.016122152615515715,0.22281944401797701,-0.41352922121156865,-1.5684221426593226,1.4025440216064453,-1.4044330755816858,-1.5707743803607386,2.7276456356048584,0.0,0.0,-0.0,0.0,0.0,-0.0003834952076431364,-0.41353416833411094,-1.5682637307796565,1.4024717101748185,-1.4043379188844565,-1.5707710382436526,2.7277409443259946,1.489317663891404e-05,0.00020341879258757456,-6.566723463142497e-05,0.00010204078854783118,-9.975045210092365e-06,0.00024602226816493073,-0.0006715729082319615,-6.3125633733278494,-6.285548188083876,-0.9627139526281556,1.5936509791400343e-06,2.3689167508291494e-06,28.0,28.0,14.0,6.0,6.0,6.0
0.8018137150027327,1.0,1.8796059041232655e-05,9.948106953918494e-05,-0.3163494648735796,0.016130330940391152,0.2227998260040374,-0.3163494648735796,0.016130330940391152,0.2227998260040374,-0.31634402633403724,0.016118521450548012,0.2228133998786785,-0.41354114214052373,-1.5683983008014124,1.4025440216064453,-1.404444996510641,-1.5707266966449183,2.7276575565338135,0.0,0.0,-0.0,0.0,0.0,-0.0003834952076431364,-0.41353410985876393,-1.568262934924041,1.4024714637372704,-1.4043375529667088,-1.5707711032068403,2.7277419638513885,1.4618836753442732e-05,0.00019896390391641,-6.160938702112015e-05,9.147943689454861e-05,-1.6240796910171008e-05,0.00025488134848385835,-0.00020525749905137282,-6.313373916751955,-6.285705630522909,-0.9627292041252149,9.3950005348998e-06,2.0612980418709426e-06,28.0,28.0,14.0,6.0,6.0,6.0
0.8058137150027327,1.0,1.8796059041232655e-05,9.948106953918494e-05,-0.3163494648735796,0.016130330940391152,0.2227998260040374,-0.3163494648735796,0.016130330940391152,0.2227998260040374,-0.31634402633403724,0.016118521450548012,0.2228133998786785,-0.41354114214052373,-1.5683983008014124,1.4025440216064453,-1.404444996510641,-1.5707266966449183,2.7276575565338135,0.0,0.0,-0.0,0.0,0.0,-0.0003834952076431364,-0.4135340524149349,-1.5682621558188066,1.4024712325572293,-1.4043372267596435,-1.5707711917292544,2.7277430166869245,1.4360957261099703e-05,0.00019477630856551534,-5.7795010267433616e-05,8.155176634046299e-05,-2.213060350824493e-05,0.0002632088839836503,-0.00020525749905137282,-6.313373916751955,-6.285705630522909,-0.9627292041252149,9.3950005348998e-06,2.0612980418709426e-06,28.0,28.0,14.0,6.0,6.0,6.0
0.8106515500065874,1.0,1.8796059041232655e-05,9.948106953918494e-05,-0.3163494648735796,0.016130330940391152,0.2227998260040374,-0.3163494648735796,0.016130330940391152,0.2227998260040374,-0.31634402633403724,0.016118521450548012,0.2228133998786785,-0.41354114214052373,-1.5683983008014124,1.4025440216064453,-1.404444996510641,-1.5707266966449183,2.7276575565338135,0.0,0.0,-0.0,0.0,0.0,-0.0003834952076431364,-0.41353399594073276,-1.5682613924589308,1.4024710157192448,-1.4043369378806194,-1.5707713023973413,2.727744100833994,1.4118550538297255e-05,0.00019083996893567434,-5.420949611896828e-05,7.221975601962251e-05,-2.766702171043442e-05,0.00027103676735345476,-0.00020525749905137282,-6.313373916751955,-6.285705630522909,-0.9627292041252149,9.3950005348998e-06,2.0612980418709426e-06,28.0,28.0,14.0,6.0,6.0,6.0
0.8146515500065874,1.0,2.389628108578595e-05,0.00010420364874069206,-0.3163494648735796,0.016130330940391152,0.2227998260040374,-0.3163494648735796,0.016130330940391152,0.2227998260040374,-0.31634567623322524,0.01614230913436491,0.22282015335809843,-0.413553539906637,-1.5683983008014124,1.402531623840332,-1.4044812361346644,-1.570810619984762,2.7276811599731445,0.0,0.0,-0.0,0.0,0.0,-0.0003834952076431364,-0.4135339671003128,-1.568260634146112,1.402470798375067,-1.4043366238307382,-1.5707713372265975,2.727745146220446,7.210104987473729e-06,0.000189578204673539,-5.433604445329011e-05,7.851247029534643e-05,-8.707314062258333e-06,0.0002613466129734562,-0.0006415059680330097,-6.312946806679244,-6.28560137060584,-0.9627041937329681,3.3592983354249054e-06,1.596799537404338e-06,28.0,28.0,14.0,6.0,6.0,6.0
0.8190703030067965,1.0,2.389628108578595e-05,0.00010420364874069206,-0.3163494648735796,0.016130330940391152,0.2227998260040374,-0.3163494648735796,0.016130330940391152,0.2227998260040374,-0.31634567623322524,0.01614230913436491,0.22282015335809843,-0.413553539906637,-1.5683983008014124,1.402531623840332,-1.4044812361346644,-1.570810619984762,2.7276811599731445,0.0,0.0,-0.0,0.0,0.0,-0.0003834952076431364,-0.41353396423564814,-1.568259880577527,1.4024705805550675,-1.4043362861202513,-1.570771300767353,2.7277461551719173,7.161661696996141e-07,0.0001883921462671318,-5.4454999887552635e-05,8.442762171452692e-05,9.114811127027186e-06,0.0002522378678562576,-0.0006415059680330097,-6.312946806679244,-6.28560137060584,-0.9627041937329681,3.3592983354249054e-06,1.596799537404338e-06,28.0,28.0,14.0,6.0,6.0,6.0
0.8230703030067965,1.0,2.389628108578595e-05,0.00010420364874069206,-0.3163494648735796,0.016130330940391152,0.2227998260040374,-0.3163494648735796,0.016130330940391152,0.2227998260040374,-0.31634567623322524,0.01614230913436491,0.22282015335809843,-0.413553539906637,-1.5683983008014124,1.402531623840332,-1.4044812361346644,-1.570810619984762,2.7276811599731445,0.0,0.0,-0.0,0.0,0.0,-0.0003834952076431364,-0.4135339857881934,-1.5682591314685215,1.4024703622877954,-1.404335926168795,-1.5707711972969178,2.727747129874507,-5.388136319008053e-06,0.000187277251365109,-5.456681799575941e-05,8.998786404855657e-05,2.5867608804955577e-05,0.0002436756474460909,-0.0006415059680330097,-6.312946806679244,-6.28560137060584,-0.9627041937329681,3.3592983354249054e-06,1.596799537404338e-06,28.0,28.0,14.0,6.0,6.0,6.0
0.8276362690313257,1.0,2.2065424284436096e-05,0.00013272556549184778,-0.3163494648735796,0.016130330940391152,0.2227998260040374,-0.3163494648735796,0.016130330940391152,0.2227998260040374,-0.3163429136375823,0.016116884231356078,0.22281604791119672,-0.41352922121156865,-1.5683983008014124,1.402531623840332,-1.4044330755816858,-1.5707386175738733,2.7276337146759033,0.0,0.0,-0.0,0.0,0.0,-0.0003834952076431364,-0.413534015229968,-1.5682583982940868,1.402470166598516,-1.404335612043273,-1.570771113759492,2.7277481701160307,-7.360443664102107e-06,0.00018329360868729863,-4.8922319855310414e-05,7.853138048852282e-05,2.0884356483648765e-05,0.00026006038085933203,-0.0003722853561486202,-6.313244411014258,-6.2856345847163695,-0.9627212412298404,5.3846159811055246e-06,2.5227232021971144e-06,28.0,28.0,14.0,6.0,6.0,6.0
0.8316362690313257,1.0,2.2065424284436096e-05,0.00013272556549184778,-0.3163494648735796,0.016130330940391152,0.2227998260040374,-0.3163494648735796,0.016130330940391152,0.2227998260040374,-0.3163429136375823,0.016116884231356078,0.22281604791119672,-0.41352922121156865,-1.5683983008014124,1.402531623840332,-1.4044330755816858,-1.5707386175738733,2.7276337146759033,0.0,0.0,-0.0,0.0,0.0,-0.0003834952076431364,-0.4135340520876183,-1.5682576800981485,1.4024699921325496,-1.4043353409941293,-1.5707710489590947,2.727749271964152,-9.214412568490517e-06,0.00017954898457015687,-4.361649160328836e-05,6.77622859420911e-05,1.620009930162036e-05,0.0002754620302677787,-0.0003722853561486202,-6.313244411014258,-6.2856345847163695,-0.9627212412298404,5.3846159811055246e-06,2.5227232021971144e-06,28.0,28.0,14.0,6.0,6.0,6.0
0.8361761170455724,1.0,2.2065424284436096e-05,0.00013272556549184778,-0.3163494648735796,0.016130330940391152,0.2227998260040374,-0.3163494648735796,0.016130330940391152,0.2227998260040374,-0.3163429136375823,0.016116884231356078,0.22281604791119672,-0.41352922121156865,-1.5683983008014124,1.402531623840332,-1.4044330755816858,-1.5707386175738733,2.7276337146759033,0.0,0.0,-0.0,0.0,0.0,-0.0003834952076431364,-0.41353409591619167,-1.5682569759819969,1.4024698376164975,-1.404335110436781,-1.5707710017715044,2.7277504317224746,-1.0957143338615622e-05,0.00017602903790004364,-3.862901304638763e-05,5.763933706844528e-05,1.179689755051366e-05,0.0002899395807117186,-0.0003722853561486202,-6.313244411014258,-6.2856345847163695,-0.9627212412298404,5.3846159811055246e-06,2.5227232021971144e-06,28.0,28.0,14.0,6.0,6.0,6.0
0.8401761170455724,1.0,2.5170468410581635e-05,3.62506940444761e-05,-0.3163494648735796,0.016130330940391152,0.2227998260040374,-0.3163494648735796,0.016130330940391152,0.2227998260040374,-0.31634325348183356,0.016140320512231913,0.22282207863415213,-0.4136012236224573,-1.5683983008014124,1.4025077819824219,-1.4044211546527308,-1.5707386175738733,2.7276692390441895,0.0,0.0,-0.0,0.0,0.0,-0.0003834952076431364,-0.41353410491367326,-1.5682562787672898,1.4024697063975837,-1.4043349150790765,-1.57077097115544,2.7277515634292206,-2.2493704009543776e-06,0.00017430367676685743,-3.2804728441392526e-05,4.883942611800035e-05,7.654016076635257e-06,0.00028292668648755893,0.00022868498750133862,-6.3132916070185106,-6.285507468841607,-0.9626942830650571,2.1977149001869928e-05,1.1353777676962076e-06,28.0,28.0,14.0,6.0,6.0,6.0
0.8446269250628542,1.0,2.5170468410581635e-05,3.62506940444761e-05,-0.3163494648735796,0.016130330940391152,0.2227998260040374,-0.3163494648735796,0.016130330940391152,0.2227998260040374,-0.31634325348183356,0.016140320512231913,0.22282207863415213,-0.4136012236224573,-1.5683983008014124,1.4025077819824219,-1.4044211546527308,-1.5707386175738733,2.7276692390441895,0.0,0.0,-0.0,0.0,0.0,-0.0003834952076431364,-0.4135340811699286,-1.5682555880399405,1.4024695970779801,-1.404334752809037,-1.57077095611661,2.7277526687674842,5.935936160447194e-06,0.00017268183730166238,-2.7329900912697124e-05,4.056750982458212e-05,3.7597074911895574e-06,0.00027633456591684885,0.00022868498750133862,-6.3132916070185106,-6.285507468841607,-0.9626942830650571,2.1977149001869928e-05,1.1353777676962076e-06,28.0,28.0,14.0,6.0,6.0,6.0
0.8486269250628542,1.0,2.5170468410581635e-05,3.62506940444761e-05,-0.3163494648735796,0.016130330940391152,0.2227998260040374,-0.3163494648735796,0.016130330940391152,0.2227998260040374,-0.31634325348183356,0.016140320512231913,0.22282207863415213,-0.4136012236224573,-1.5683983008014124,1.4025077819824219,-1.4044211546527308,-1.5707386175738733,2.7276692390441895,0.0,0.0,-0.0,0.0,0.0,-0.0003834952076431364,-0.4135340266494313,-1.5682549034107076,1.402469508343728,-1.404334621641403,-1.5707709557203804,2.7277537493193744,1.363012432816467e-05,0.00017115730820437903,-2.2183563035723446e-05,3.279190850876898e-05,9.90574208706001e-08,0.0002701379725803814,0.00022868498750133862,-6.3132916070185106,-6.285507468841607,-0.9626942830650571,2.1977149001869928e-05,1.1353777676962076e-06,28.0,28.0,14.0,6.0,6.0,6.0
0.8532130740699362,1.0,2.5170468410581635e-05,3.62506940444761e-05,-0.3163494648735796,0.016130330940391152,0.2227998260040374,-0.3163494648735796,0.016130330940391152,0.2227998260040374,-0.31634325348183356,0.016140320512231913,0.22282207863415213,-0.4136012236224573,-1.5683983008014124,1.4025077819824219,-1.4044211546527308,-1.5707386175738733,2.7276692390441895,0.0,0.0,-0.0,0.0,0.0,-0.0003834952076431364,-0.41353394319878645,-1.568254224513704,1.4024694389597063,-1.4043345197100299,-1.570770969088195,2.7277548065720736,2.08626612058191e-05,0.00016972425085293267,-1.7346005431368188e-05,2.5482843271904627e-05,-3.34195364522922e-06,0.000264313174844102,0.00022868498750133862,-6.3132916070185106,-6.285507468841607,-0.9626942830650571,2.1977149001869928e-05,1.1353777676962076e-06,28.0,28.0,14.0,6.0,6.0,6.0
0.8572130740699362,1.0,1.5137081128626851e-05,8.422699170471438e-05,-0.3163494648735796,0.016130330940391152,0.2227998260040374,-0.3163494648735796,0.016130330940391152,0.2227998260040374,-0.316339837560079,0.016129961315097283,0.22281150116729095,-0.4135654608355921,-1.5683863798724573,1.402531623840332,-1.4044211546527308,-1.5707505385028284,2.7276456356048584,0.0,0.0,-0.0,0.0,0.0,-0.0003834952076431364,-0.41353385790815894,-1.5682535786972378,1.4024694032967715,-1.4043344742916277,-1.5707709816555862,2.7277558849592345,2.1322656880289136e-05,0.00016145411655913385,-8.915733715193577e-06,1.1354600546146302e-05,-3.141847806590077e-06,0.00026959679020216454,3.0362623306755603e-05,-6.313942956764749,-6.2857369494733835,-0.9627317911658698,1.2476600688180824e-05,1.9013215090560565e-06,28.0,28.0,14.0,6.0,6.0,6.0
0.861855021086289,1.0,1.5137081128626851e-05,8.422699170471438e-05,-0.3163494648735796,0.016130330940391152,0.2227998260040374,-0.3163494648735796,0.016130330940391152,0.2227998260040374,-0.316339837560079,0.016129961315097283,0.22281150116729095,-0.4135654608355921,-1.5683863798724573,1.402531623840332,-1.4044211546527308,-1.5707505385028284,2.7276456356048584,0.0,0.0,-0.0,0.0,0.0,-0.0003834952076431364,-0.4135337708879477,-1.5682529639764766,1.4024693993316584,-1.4043344819954182,-1.5707709934705794,2.7277569832127893,2.175505281429097e-05,0.00015368019032296296,-9.91278301989443e-07,-1.925947616066524e-06,-2.953748318269283e-06,0.00027456338863874333,3.0362623306755603e-05,-6.313942956764749,-6.2857369494733835,-0.9627317911658698,1.2476600688180824e-05,1.9013215090560565e-06,28.0,28.0,14.0,6.0,6.0,6.0
0.865855021086289,1.0,1.8787306745441576e-05,0.00012975605017194616,-0.3163494648735796,0.016130330940391152,0.2227998260040374,-0.3163494648735796,0.016130330940391152,0.2227998260040374,-0.316331452150826,0.016125132355561022,0.22279860968602325,-0.413553539906637,-1.568373982106344,1.4025559425354004,-1.4043973127948206,-1.5707624594317835,2.7276337146759033,0.0,0.0,-0.0,0.0,0.0,-0.00035952674807049334,-0.41353369388955624,-1.5682524193185512,1.4024694590804199,-1.4043346024654866,-1.5707709908433036,2.7277581171089365,1.9249597856013636e-05,0.00013616448136319315,1.4937190399576208e-05,-3.0117517078593254e-05,6.568189517831921e-07,0.0002834740367834601,0.00013172003044155815,-6.314927211548058,-6.285998607390813,-0.9627755164074165,8.472073301202772e-06,2.157366658031678e-06,28.0,28.0,14.0,6.0,6.0,6.0
0.8705587020709649,1.0,1.8787306745441576e-05,0.00012975605017194616,-0.3163494648735796,0.016130330940391152,0.2227998260040374,-0.3163494648735796,0.016130330940391152,0.2227998260040374,-0.316331452150826,0.016125132355561022,0.22279860968602325,-0.413553539906637,-1.568373982106344,1.4025559425354004,-1.4043973127948206,-1.5707624594317835,2.7276337146759033,0.0,0.0,-0.0,0.0,0.0,-0.00035952674807049334,-0.41353362631167545,-1.5682519405196915,1.4024695787202237,-1.4043348289358561,-1.570770974640295,2.7277592845091205,1.6894470195232943e-05,0.00011969971494100953,2.9909950979047918e-05,-5.661759237336838e-05,4.050752185632519e-06,0.0002918500460394939,0.00013172003044155815,-6.314927211548058,-6.285998607390813,-0.9627755164074165,8.472073301202772e-06,2.157366658031678e-06,28.0,28.0,14.0,6.0,6.0,6.0
0.8745587020709649,1.0,1.8787306745441576e-05,0.00012975605017194616,-0.3163494648735796,0.016130330940391152,0.2227998260040374,-0.3163494648735796,0.016130330940391152,0.2227998260040374,-0.316331452150826,0.016125132355561022,0.22279860968602325,-0.413553539906637,-1.568373982106344,1.4025559425354004,-1.4043973127948206,-1.5707624594317835,2.7276337146759033,0.0,0.0,-0.0,0.0,0.0,-0.00035952674807049334,-0.41353356758907467,-1.5682515236283534,1.4024697546576075,-1.4043351550465089,-1.5707709456760972,2.7277604834030993,1.468065019409909e-05,0.00010422283450415693,4.3984345923751325e-05,-8.1527663150457e-05,7.2410494254508865e-06,0.00029972349474016567,0.00013172003044155815,-6.314927211548058,-6.285998607390813,-0.9627755164074165,8.472073301202772e-06,2.157366658031678e-06,28.0,28.0,14.0,6.0,6.0,6.0
0.8790819290622607,1.0,1.8787306745441576e-05,0.00012975605017194616,-0.3163494648735796,0.016130330940391152,0.2227998260040374,-0.3163494648735796,0.016130330940391152,0.2227998260040374,-0.316331452150826,0.016125132355561022,0.22279860968602325,-0.413553539906637,-1.568373982106344,1.4025559425354004,-1.4043973127948206,-1.5707624594317835,2.7276337146759033,0.0,0.0,-0.0,0.0,0.0,-0.00035952674807049334,-0.41353351719043707,-1.5682511649300859,1.402469983514716,-1.4043355748190276,-1.5707709047163818,2.727761711901245,1.2599659393033269e-05,8.967456689351548e-05,5.721427717177253e-05,-0.0001049431296809203,1.023992883088015e-05,0.0003071245365187971,0.00013172003044155815,-6.314927211548058,-6.285998607390813,-0.9627755164074165,8.472073301202772e-06,2.157366658031678e-06,28.0,28.0,14.0,6.0,6.0,6.0
0.8830819290622607,1.0,1.8771439499377044e-05,0.0001104474450227259,-0.3163494648735796,0.016130330940391152,0.2227998260040374,-0.3163494648735796,0.016130330940391152,0.2227998260040374,-0.31633449281702775,0.01611975070838793,0.22280385876416467,-0.41354114214052373,-1.5683625380145472,1.402519702911377,-1.4043729940997522,-1.5707505385028284,2.7276692390441895,0.0,0.0,-0.0,0.0019174760673195124,0.0,-0.00035952674807049334,-0.4135334769344513,-1.568250865140592,1.402470280646339,-1.4043360043740563,-1.57077086620921,2.727762939267829,1.0063996447644986e-05,7.494737350052844e-05,7.428290571644648e-05,-0.00010738875716612931,9.626792989222105e-06,0.0003068416460042333,5.616374165902038e-05,-6.31561125928553,-6.286635386323229,-0.9630710384357356,6.879790704024645e-06,1.8587839079127416e-06,28.0,28.0,14.0,6.0,6.0,6.0
0.8876289000643887,1.0,1.8771439499377044e-05,0.0001104474450227259,-0.3163494648735796,0.016130330940391152,0.2227998260040374,-0.3163494648735796,0.016130330940391152,0.2227998260040374,-0.31633449281702775,0.01611975070838793,0.22280385876416467,-0.41354114214052373,-1.5683625380145472,1.402519702911377,-1.4043729940997522,-1.5707505385028284,2.7276692390441895,0.0,0.0,-0.0,0.0019174760673195124,0.0,-0.00035952674807049334,-0.41353344621255816,-1.568250620725345,1.4024706419560051,-1.4043364431246443,-1.5707708300074288,2.7277641655707447,7.68047327898e-06,6.110381171112061e-05,9.032741654844e-05,-0.00010968764700222577,9.050445298063542e-06,0.00030657572892054335,5.616374165902038e-05,-6.31561125928553,-6.286635386323229,-0.9630710384357356,6.879790704024645e-06,1.8587839079127416e-06,28.0,28.0,14.0,6.0,6.0,6.0
0.8916289000643887,1.0,3.711041790786215e-05,0.00016401107524735204,-0.3163494648735796,0.016130330940391152,0.2227998260040374,-0.3163494648735796,0.016130330940391152,0.2227998260040374,-0.31631698816036596,0.016113371601269875,0.22279392456076447,-0.413553539906637,-1.568373982106344,1.4025440216064453,-1.4043009916888636,-1.5707386175738733,2.7276930809020996,0.0,0.0,-0.0,0.0019174760673195124,0.0,-0.00033555831760168076,-0.4135334125078698,-1.5682504637921928,1.4024711114859707,-1.4043370007424405,-1.5707708097037765,2.727765362222165,8.426172098231206e-06,3.9233288066522013e-05,0.0001173824913687257,-0.00013940444905839437,5.075913061546555e-06,0.0002991628550395728,0.0004642394807046758,-6.316233168533587,-6.286775441398506,-0.9631076105333976,1.1005651978494624e-05,1.3395527668742833e-06,28.0,28.0,14.0,6.0,6.0,6.0
0.8965272820659451,1.0,3.711041790786215e-05,0.00016401107524735204,-0.3163494648735796,0.016130330940391152,0.2227998260040374,-0.3163494648735796,0.016130330940391152,0.2227998260040374,-0.31631698816036596,0.016113371601269875,0.22279392456076447,-0.413553539906637,-1.568373982106344,1.4025440216064453,-1.4043009916888636,-1.5707386175738733,2.7276930809020996,0.0,0.0,-0.0,0.0019174760673195124,0.0,-0.00033555831760168076,-0.41353337599935386,-1.5682503890922095,1.4024716827430175,-1.4043376700954124,-1.5707708043443653,2.7277665310011794,9.12712898832734e-06,1.8674995840599332e-05,0.00014281426169979427,-0.00016733824299119287,1.3398527592205868e-06,0.00029219475359146046,0.0004642394807046758,-6.316233168533587,-6.286775441398506,-0.9631076105333976,1.1005651978494624e-05,1.3395527668742833e-06,28.0,28.0,14.0,6.0,6.0,6.0
0.9005272820659451,1.0,3.711041790786215e-05,0.00016401107524735204,-0.3163494648735796,0.016130330940391152,0.2227998260040374,-0.3163494648735796,0.016130330940391152,0.2227998260040374,-0.31631698816036596,0.016113371601269875,0.22279392456076447,-0.413553539906637,-1.568373982106344,1.4025440216064453,-1.4043009916888636,-1.5707386175738733,2.7276930809020996,0.0,0.0,-0.0,0.0019174760673195124,0.0,-0.00033555831760168076,-0.41353333685524,-1.5682503916914048,1.4024723496235207,-1.4043384444794496,-1.570770813032541,2.727767673580132,9.786028465017704e-06,-6.497988517679898e-07,0.00016672012581099872,-0.00019359600928802348,-2.172043924965823e-06,0.00028564473823023485,0.0004642394807046758,-6.316233168533587,-6.286775441398506,-0.9631076105333976,1.1005651978494624e-05,1.3395527668742833e-06,28.0,28.0,14.0,6.0,6.0,6.0
0.9050896860726647,1.0,3.711041790786215e-05,0.00016401107524735204,-0.3163494648735796,0.016130330940391152,0.2227998260040374,-0.3163494648735796,0.016130330940391152,0.2227998260040374,-0.31631698816036596,0.016113371601269875,0.22279392456076447,-0.413553539906637,-1.568373982106344,1.4025440216064453,-1.4043009916888636,-1.5707386175738733,2.7276930809020996,0.0,0.0,-0.0,0.0019174760673195124,0.0,-0.00033555831760168076,-0.4135332952336641,-1.5682504669518282,1.402473106390073,-1.404339317592688,-1.5707708349254483,2.727768791531027,1.0405393973106647e-05,-1.8815105862593274e-05,0.0001891916380755309,-0.00021827830960704427,-5.473226808101049e-06,0.0002794877237906828,0.0004642394807046758,-6.316233168533587,-6.286775441398506,-0.9631076105333976,1.1005651978494624e-05,1.3395527668742833e-06,28.0,28.0,14.0,6.0,6.0,6.0
0.9090896860726647,1.0,3.3286664110826925e-05,9.628460229744675e-05,-0.3163494648735796,0.016130330940391152,0.2227998260040374,-0.3163494648735796,0.016130330940391152,0.2227998260040374,-0.3163259943897112,0.016114617573195923,0.2228174393082702,-0.413553539906637,-1.5684102217303675,1.4025077819824219,-1.404325310383932,-1.5707266966449183,2.7276692390441895,0.0,0.0,-0.0,0.0019174760673195124,0.0,-0.0003115898580290377,-0.4135332465008925,-1.5682505372418687,1.402473893387692,-1.4043401910438353,-1.5707708829611382,2.7277699197299823,1.2183192902089598e-05,-1.7572510097756766e-05,0.0001967494047098176,-0.00021836278684981422,-1.2008922452792905e-05,0.00028204973874719323,2.8349225945836994e-05,-6.3141370592815855,-6.286266878589308,-0.9630325853720778,1.2257766861125185e-05,1.5956390736825408e-06,28.0,28.0,14.0,6.0,6.0,6.0
0.9137862440985631,1.0,3.3286664110826925e-05,9.628460229744675e-05,-0.3163494648735796,0.016130330940391152,0.2227998260040374,-0.3163494648735796,0.016130330940391152,0.2227998260040374,-0.3163259943897112,0.016114617573195923,0.2228174393082702,-0.413553539906637,-1.5684102217303675,1.4025077819824219,-1.404325310383932,-1.5707266966449183,2.7276692390441895,0.0,0.0,-0.0,0.0019174760673195124,0.0,-0.0003115898580290377,-0.41353319108359693,-1.568250602859749,1.4024747088025133,-1.4043410648126171,-1.5707709555710436,2.7277710575621135,1.3854323895333571e-05,-1.640447007881045e-05,0.0002038537053460471,-0.00021844219545801797,-1.815247635880325e-05,0.0002844580328063131,2.8349225945836994e-05,-6.3141370592815855,-6.286266878589308,-0.9630325853720778,1.2257766861125185e-05,1.5956390736825408e-06,28.0,28.0,14.0,6.0,6.0,6.0
0.9177862440985631,1.0,3.3286664110826925e-05,9.628460229744675e-05,-0.3163494648735796,0.016130330940391152,0.2227998260040374,-0.3163494648735796,0.016130330940391152,0.2227998260040374,-0.3163259943897112,0.016114617573195923,0.2228174393082702,-0.413553539906637,-1.5684102217303675,1.4025077819824219,-1.404325310383932,-1.5707266966449183,2.7276692390441895,0.0,0.0,-0.0,0.0019174760673195124,0.0,-0.0003115898580290377,-0.4135331293828488,-1.5682506640857987,1.402475550929505,-1.4043419388799754,-1.5707710512807118,2.72777220444943,1.5425187028982906e-05,-1.530651246100091e-05,0.00021053174794410283,-0.0002185168395497295,-2.3927417030452973e-05,0.0002867218292218857,2.8349225945836994e-05,-6.3141370592815855,-6.286266878589308,-0.9630325853720778,1.2257766861125185e-05,1.5956390736825408e-06,28.0,28.0,14.0,6.0,6.0,6.0
0.922568281093147,1.0,2.4314050530083e-05,9.087875548054289e-05,-0.3163494648735796,0.016130330940391152,0.2227998260040374,-0.3163494648735796,0.016130330940391152,0.2227998260040374,-0.31632593490033817,0.016127715027936095,0.22280536409165527,-0.41357738176454717,-1.5683863798724573,1.402531623840332,-1.404349152241842,-1.5707505385028284,2.7276811599731445,0.0,0.0,-0.0,0.0019174760673195124,0.0,-0.0003115898580290377,-0.4135330576747281,-1.5682507515730484,1.4024764267262357,-1.4043428188473406,-1.5707711412503857,2.7277733227500023,1.792703018540784e-05,-2.1871812413637815e-05,0.00021894918266137444,-0.0002199918413177115,-2.2492418491937648e-05,0.0002795751430198285,0.00032353849262242625,-6.315273140445617,-6.286572641852197,-0.9630675158881403,1.523048181504507e-05,1.1343067304539503e-06,28.0,28.0,14.0,6.0,6.0,6.0
0.926568281093147,1.0,2.4314050530083e-05,9.087875548054289e-05,-0.3163494648735796,0.016130330940391152,0.2227998260040374,-0.3163494648735796,0.016130330940391152,0.2227998260040374,-0.31632593490033817,0.016127715027936095,0.22280536409165527,-0.41357738176454717,-1.5683863798724573,1.402531623840332,-1.404349152241842,-1.5707505385028284,2.7276811599731445,0.0,0.0,-0.0,0.0019174760673195124,0.0,-0.0003115898580290377,-0.4135329765596771,-1.568250863745826,1.402477334172521,-1.4043437043607125,-1.5707712258244653,2.7277744141790343,2.0278762752447278e-05,-2.8043194369116504e-05,0.00022686157129560975,-0.00022137834297961457,-2.1143519865733243e-05,0.0002728572579898948,0.00032353849262242625,-6.315273140445617,-6.286572641852197,-0.9630675158881403,1.523048181504507e-05,1.1343067304539503e-06,28.0,28.0,14.0,6.0,6.0,6.0
0.9310653890846301,1.0,2.4314050530083e-05,9.087875548054289e-05,-0.3163494648735796,0.016130330940391152,0.2227998260040374,-0.3163494648735796,0.016130330940391152,0.2227998260040374,-0.31632593490033817,0.016127715027936095,0.22280536409165527,-0.41357738176454717,-1.5683863798724573,1.402531623840332,-1.404349152241842,-1.5707505385028284,2.7276811599731445,0.0,0.0,-0.0,0.0019174760673195124,0.0,-0.0003115898580290377,-0.4135328866021116,-1.5682509991229996,1.4024782713693875,-1.4043445950873308,-1.5707713053266859,2.727775480348819,2.248939136546435e-05,-3.384429340726647e-05,0.00023429921661179094,-0.00022268165454180343,-1.98755551571011e-05,0.00026654244606175707,0.00032353849262242625,-6.315273140445617,-6.286572641852197,-0.9630675158881403,1.523048181504507e-05,1.1343067304539503e-06,28.0,28.0,14.0,6.0,6.0,6.0
0.9350653890846301,1.0,3.2232107823253654e-05,0.00017811215319328447,-0.3163494648735796,0.016130330940391152,0.2227998260040374,-0.3163494648735796,0.016130330940391152,0.2227998260040374,-0.3163191167986599,0.016124722624403502,0.22279052815938494,-0.41357738176454717,-1.5683501402484339,1.402531623840332,-1.4043009916888636,-1.5707505385028284,2.7276575565338135,0.0,0.0,-0.0,0.0016298546688631177,0.0,-0.00028762139845639467,-0.41353278831275797,-1.568251220902136,1.4024792999935944,-1.4043456005906956,-1.570771380057502,2.727776551136381,2.4572338408833987e-05,-5.544478407806663e-05,0.00025715605174862007,-0.00025137584122192423,-1.8682704070618344e-05,0.0002676968905414588,0.0007691538060612853,-6.3169300496228935,-6.286753563616262,-0.9630656650516907,1.5239463076797436e-05,1.3872844305224966e-06,28.0,28.0,14.0,6.0,6.0,6.0
0.9396194840932734,1.0,3.2232107823253654e-05,0.00017811215319328447,-0.3163494648735796,0.016130330940391152,0.2227998260040374,-0.3163494648735796,0.016130330940391152,0.2227998260040374,-0.3163191167986599,0.016124722624403502,0.22279052815938494,-0.41357738176454717,-1.5683501402484339,1.402531623840332,-1.4043009916888636,-1.5707505385028284,2.7276575565338135,0.0,0.0,-0.0,0.0016298546688631177,0.0,-0.00028762139845639467,-0.41353268219152345,-1.5682515238991173,1.4024804145595016,-1.4043467139842023,-1.5707714503031982,2.7277776262646545,2.6530308629601447e-05,-7.574924530861878e-05,0.0002786414767772395,-0.00027834837670123773,-1.7561424049324555e-05,0.00026878206835237846,0.0007691538060612853,-6.3169300496228935,-6.286753563616262,-0.9630656650516907,1.5239463076797436e-05,1.3872844305224966e-06,28.0,28.0,14.0,6.0,6.0,6.0
0.9436194840932735,1.0,3.2232107823253654e-05,0.00017811215319328447,-0.3163494648735796,0.016130330940391152,0.2227998260040374,-0.3163494648735796,0.016130330940391152,0.2227998260040374,-0.3163191167986599,0.016124722624403502,0.22279052815938494,-0.41357738176454717,-1.5683501402484339,1.402531623840332,-1.4043009916888636,-1.5707505385028284,2.7276575565338135,0.0,0.0,-0.0,0.0016298546688631177,0.0,-0.00028762139845639467,-0.4135325687083209,-1.5682519032408728,1.4024816099106068,-1.4043479287944425,-1.5707715163328815,2.7277787054731966,2.837080063712286e-05,-9.48354388653378e-05,0.0002988377763041417,-0.0003037025600517924,-1.6507420829308392e-05,0.00026980213549464293,0.0007691538060612853,-6.3169300496228935,-6.286753563616262,-0.9630656650516907,1.5239463076797436e-05,1.3872844305224966e-06,28.0,28.0,14.0,6.0,6.0,6.0
0.9484406980741773,1.0,2.4531768985276995e-05,0.00012513985597155717,-0.3163494648735796,0.016130330940391152,0.2227998260040374,-0.3163494648735796,0.016130330940391152,0.2227998260040374,-0.31632549103999325,0.01612522277218983,0.2228008106919812,-0.413553539906637,-1.5683625380145472,1.402519702911377,-1.404337231312887,-1.5707743803607386,2.7276811599731445,0.0,0.0,-0.0,0.001342233270406723,0.0,-0.00028762139845639467,-0.4135324716340802,-1.5682523202005598,1.402482846855939,-1.404349182799942,-1.5707715509394393,2.727779765461166,2.426856017774028e-05,-0.0001042399217261176,0.000309236333029929,-0.0003135013748328483,-8.651639476824984e-06,0.0002649969923360212,0.00019571281351711675,-6.3157864878737895,-6.286439040379622,-0.9629867344919942,7.21257545209569e-06,1.3905099663304248e-06,28.0,28.0,14.0,6.0,6.0,6.0
0.9524406980741773,1.0,2.4531768985276995e-05,0.00012513985597155717,-0.3163494648735796,0.016130330940391152,0.2227998260040374,-0.3163494648735796,0.016130330940391152,0.2227998260040374,-0.31632549103999325,0.01612522277218983,0.2228008106919812,-0.413553539906637,-1.5683625380145472,1.402519702911377,-1.404337231312887,-1.5707743803607386,2.7276811599731445,0.0,0.0,-0.0,0.001342233270406723,0.0,-0.00028762139845639467,-0.4135323899842636,-1.5682527725211022,1.4024841228998444,-1.404350473648985,-1.5707715560082594,2.727780807381797,2.0412454145920655e-05,-0.0001130801356152506,0.00031901097635216903,-0.0003227122607270408,-1.26720500549058e-06,0.0002604801577669168,0.00019571281351711675,-6.3157864878737895,-6.286439040379622,-0.9629867344919942,7.21257545209569e-06,1.3905099663304248e-06,28.0,28.0,14.0,6.0,6.0,6.0
0.9572322320851967,1.0,2.4531768985276995e-05,0.00012513985597155717,-0.3163494648735796,0.016130330940391152,0.2227998260040374,-0.3163494648735796,0.016130330940391152,0.2227998260040374,-0.31632549103999325,0.01612522277218983,0.2228008106919812,-0.413553539906637,-1.5683625380145472,1.402519702911377,-1.404337231312887,-1.5707743803607386,2.7276811599731445,0.0,0.0,-0.0,0.001342233270406723,0.0,-0.00028762139845639467,-0.4135323228334057,-1.5682532580808488,1.4024854356964087,-1.4043517991309589,-1.5707715333116057,2.7277818323191303,1.678771447601021e-05,-0.00012138993667103563,0.00032819914107507463,-0.0003313704934675818,5.67416339756376e-06,0.0002562343332719587,0.00019571281351711675,-6.3157864878737895,-6.286439040379622,-0.9629867344919942,7.21257545209569e-06,1.3905099663304248e-06,28.0,28.0,14.0,6.0,6.0,6.0
0.9612322320851967,1.0,2.986832382448042e-05,9.07758315734023e-05,-0.3163494648735796,0.016130330940391152,0.2227998260040374,-0.3163494648735796,0.016130330940391152,0.2227998260040374,-0.3163225620650328,0.016142064973970863,0.2228053638841667,-0.4136012236224573,-1.5683863798724573,1.402531623840332,-1.404349152241842,-1.5707863012896937,2.7276930809020996,0.0,0.0,-0.0,0.0011504855938255787,0.0,-0.0002636529679875821,-0.41353224671722205,-1.568253750995751,1.4024867604054518,-1.4043531401652742,-1.5707714707968068,2.7277827963722032,1.902904591299359e-05,-0.00012322872554043534,0.00033117726079532294,-0.0003352585788653882,1.5628699725233688e-05,0.00024101326823942383,0.00039771118007322453,-6.315122634604629,-6.286271152471473,-0.9629396828205266,1.6935158884464003e-05,5.699807576335502e-07,28.0,28.0,14.0,6.0,6.0,6.0
0.9658409370847516,1.0,2.986832382448042e-05,9.07758315734023e-05,-0.3163494648735796,0.016130330940391152,0.2227998260040374,-0.3163494648735796,0.016130330940391152,0.2227998260040374,-0.3163225620650328,0.016142064973970863,0.2228053638841667,-0.4136012236224573,-1.5683863798724573,1.402531623840332,-1.404349152241842,-1.5707863012896937,2.7276930809020996,0.0,0.0,-0.0,0.0011504855938255787,0.0,-0.0002636529679875821,-0.4135321621736322,-1.5682542508244994,1.4024880963122253,-1.4043544958187908,-1.5707713708529514,2.7277837031940715,2.1135897463757973e-05,-0.00012495718707767107,0.00033397669333235636,-0.00033891337913932626,2.498596387324342e-05,0.00022670546710884106,0.00039771118007322453,-6.315122634604629,-6.286271152471473,-0.9629396828205266,1.6935158884464003e-05,5.699807576335502e-07,28.0,28.0,14.0,6.0,6.0,6.0
0.9698409370847516,1.0,2.986832382448042e-05,9.07758315734023e-05,-0.3163494648735796,0.016130330940391152,0.2227998260040374,-0.3163494648735796,0.016130330940391152,0.2227998260040374,-0.3163225620650328,0.016142064973970863,0.2228053638841667,-0.4136012236224573,-1.5683863798724573,1.402531623840332,-1.404349152241842,-1.5707863012896937,2.7276930809020996,0.0,0.0,-0.0,0.0011504855938255787,0.0,-0.0002636529679875821,-0.4135320697082805,-1.5682547571522631,1.4024894427448649,-1.4043558652143564,-1.5707712357257826,2.727784556218608,2.311633792147649e-05,-0.00012658194092267263,0.0003366081599171678,-0.000342348891396828,3.378179217237257e-05,0.00021325613404609326,0.00039771118007322453,-6.315122634604629,-6.286271152471473,-0.9629396828205266,1.6935158884464003e-05,5.699807576335502e-07,28.0,28.0,14.0,6.0,6.0,6.0
0.9743950310747609,1.0,3.519646325874111e-05,8.559667997259025e-05,-0.3163494648735796,0.016130330940391152,0.2227998260040374,-0.3163494648735796,0.016130330940391152,0.2227998260040374,-0.31631611585073605,0.016126112088739233,0.2228102584051053,-0.41357738176454717,-1.5684221426593226,1.4025440216064453,-1.404325310383932,-1.5707624594317835,2.727705240249634,0.0,0.0,-0.0,0.0010066749528050423,0.0,-0.0002636529679875821,-0.4135319738945978,-1.5682552450511167,1.4024907880791646,-1.4043572685385246,-1.5707710949801506,2.727785368034918,2.3953420682361402e-05,-0.00012197471335886431,0.0003363335749164864,-0.0003508310420298914,3.5186408020083064e-05,0.000202954077509127,0.00014801391624750393,-6.314044712888947,-6.2860560228633,-0.9629082869940447,1.3963482875679737e-05,7.20651541867888e-07,28.0,28.0,14.0,6.0,6.0,6.0
0.9783950310747609,1.0,3.519646325874111e-05,8.559667997259025e-05,-0.3163494648735796,0.016130330940391152,0.2227998260040374,-0.3163494648735796,0.016130330940391152,0.2227998260040374,-0.31631611585073605,0.016126112088739233,0.2228102584051053,-0.41357738176454717,-1.5684221426593226,1.4025440216064453,-1.404325310383932,-1.5707624594317835,2.727705240249634,0.0,0.0,-0.0,0.0010066749528050423,0.0,-0.0002636529679875821,-0.41353187493348387,-1.5682557156267944,1.4024921323810247,-1.4043587037555791,-1.570770948953163,2.7277861411154953,2.474027847759322e-05,-0.00011764391944888449,0.0003360754650158459,-0.00035880426362497103,3.6506746916930926e-05,0.00019327014436437874,0.00014801391624750393,-6.314044712888947,-6.2860560228633,-0.9629082869940447,1.3963482875679737e-05,7.20651541867888e-07,28.0,28.0,14.0,6.0,6.0,6.0
0.9826915030507375,1.0,3.519646325874111e-05,8.559667997259025e-05,-0.3163494648735796,0.016130330940391152,0.2227998260040374,-0.3163494648735796,0.016130330940391152,0.2227998260040374,-0.31631611585073605,0.016126112088739233,0.2228102584051053,-0.41357738176454717,-1.5684221426593226,1.4025440216064453,-1.404325310383932,-1.5707624594317835,2.727705240249634,0.0,0.0,-0.0,0.0010066749528050423,0.0,-0.0002636529679875821,-0.41353177301378463,-1.5682561699186872,1.4024934757123915,-1.404360168951947,-1.570770797961701,2.7277868777844843,2.5479924805111127e-05,-0.00011357297317350344,0.00033583284170924385,-0.00036629909192434585,3.7747865479967915e-05,0.00018416724720831537,0.00014801391624750393,-6.314044712888947,-6.2860560228633,-0.9629082869940447,1.3963482875679737e-05,7.20651541867888e-07,28.0,28.0,14.0,6.0,6.0,6.0
0.9866915030507375,1.0,2.9215345730683378e-05,0.0001357307177321792,-0.3163494648735796,0.016130330940391152,0.2227998260040374,-0.3163494648735796,0.016130330940391152,0.2227998260040374,-0.3163203743340079,0.016128390291595646,0.22280169972115624,-0.413553539906637,-1.5683863798724573,1.4025440216064453,-1.404349152241842,-1.5707982222186487,2.7276575565338135,0.0,0.0,-0.0,0.0008868326549418271,0.0,-0.0002636529679875821,-0.41353169643038606,-1.5682566421782311,1.4024948336352712,-1.404361664031723,-1.5707706011082962,2.7277876345046144,1.9145849641988954e-05,-0.00011806488596208344,0.00033948071994265277,-0.00037376994401726993,4.921335116458735e-05,0.00018918003253726672,-3.305777311118364e-05,-6.315022856009758,-6.286235080299963,-0.9629132831622519,4.68355128469012e-06,1.643595969360996e-06,28.0,28.0,14.0,6.0,6.0,6.0
0.9910710790355228,1.0,2.9215345730683378e-05,0.0001357307177321792,-0.3163494648735796,0.016130330940391152,0.2227998260040374,-0.3163494648735796,0.016130330940391152,0.2227998260040374,-0.3163203743340079,0.016128390291595646,0.22280169972115624,-0.413553539906637,-1.5683863798724573,1.4025440216064453,-1.404349152241842,-1.5707982222186487,2.7276575565338135,0.0,0.0,-0.0,0.0008868326549418271,0.0,-0.0002636529679875821,-0.4135316436631101,-1.568257131327367,1.4024962052741732,-1.404363187201903,-1.5707703611446655,2.7277884100728174,1.3191818988654112e-05,-0.00012228728398334864,0.00034290972548205715,-0.0003807925449846186,5.999090770812962e-05,0.000193892050746481,-3.305777311118364e-05,-6.315022856009758,-6.286235080299963,-0.9629132831622519,4.68355128469012e-06,1.643595969360996e-06,28.0,28.0,14.0,6.0,6.0,6.0
0.9950710790355228,1.0,2.9215345730683378e-05,0.0001357307177321792,-0.3163494648735796,0.016130330940391152,0.2227998260040374,-0.3163494648735796,0.016130330940391152,0.2227998260040374,-0.3163203743340079,0.016128390291595646,0.22280169972115624,-0.413553539906637,-1.5683863798724573,1.4025440216064453,-1.404349152241842,-1.5707982222186487,2.7276575565338135,0.0,0.0,-0.0,0.0008868326549418271,0.0,-0.0002636529679875821,-0.41353161328298943,-1.5682576363527194,1.402497589806136,-1.4043647367770624,-1.570770080657422,2.727789203358209,7.595030174519361e-06,-0.00012625633812333791,0.00034613299068909724,-0.00038739378989392635,7.012181085905936e-05,0.0001983213478631424,-3.305777311118364e-05,-6.315022856009758,-6.286235080299963,-0.9629132831622519,4.68355128469012e-06,1.643595969360996e-06,28.0,28.0,14.0,6.0,6.0,6.0
0.9995052670484879,1.0,2.732171189690154e-05,0.0001267825998463531,-0.3163494648735796,0.016130330940391152,0.2227998260040374,-0.3163494648735796,0.016130330940391152,0.2227998260040374,-0.31632264417944034,0.01613553913893862,0.22279979478298026,-0.41358930269350225,-1.5683625380145472,1.402519702911377,-1.404325310383932,-1.5707743803607386,2.7276692390441895,0.0,0.0,-0.0,0.0008149273344315588,0.0,-0.00023968450841493905,-0.41353157376676647,-1.5682581775653053,1.4024990134129662,-1.404366347216752,-1.5707697895447192,2.727789989972285,9.879055742663035e-06,-0.00013530314648017112,0.00035590170757419395,-0.0004026099224072641,7.277817571261124e-05,0.00019665351906068894,0.0005723885318584625,-6.315861443623495,-6.2862450745671214,-0.9629008650182882,1.5455256582807996e-05,9.79829041843735e-07,28.0,28.0,14.0,6.0,6.0,6.0
1.0035052670484879,1.0,2.732171189690154e-05,0.0001267825998463531,-0.3163494648735796,0.016130330940391152,0.2227998260040374,-0.3163494648735796,0.016130330940391152,0.2227998260040374,-0.31632264417944034,0.01613553913893862,0.22279979478298026,-0.41358930269350225,-1.5683625380145472,1.402519702911377,-1.404325310383932,-1.5707743803607386,2.7276692390441895,0.0,0.0,-0.0,0.0008149273344315588,0.0,-0.00023968450841493905,-0.41353152566260737,-1.5682587527938907,1.402500473750172,-1.4043680148690998,-1.5707694884440846,2.727790770315325,1.2026039776718089e-05,-0.00014380714633559433,0.0003650843014461848,-0.00041691308696980157,7.527515867495e-05,0.0001950857599863827,0.0005723885318584625,-6.315861443623495,-6.2862450745671214,-0.9629008650182882,1.5455256582807996e-05,9.79829041843735e-07,28.0,28.0,14.0,6.0,6.0,6.0
1.0081626480589625,1.0,2.732171189690154e-05,0.0001267825998463531,-0.3163494648735796,0.016130330940391152,0.2227998260040374,-0.3163494648735796,0.016130330940391152,0.2227998260040374,-0.31632264417944034,0.01613553913893862,0.22279979478298026,-0.41358930269350225,-1.5683625380145472,1.402519702911377,-1.404325310383932,-1.5707743803607386,2.7276692390441895,0.0,0.0,-0.0,0.0008149273344315588,0.0,-0.00023968450841493905,-0.4135314694857883,-1.5682593599975154,1.4025019686139308,-1.4043697363013463,-1.5707691779547939,2.727791544763591,1.404420476872984e-05,-0.00015180090619969214,0.00037371593968585625,-0.0004303580616585868,7.762232265954844e-05,0.00019361206645653482,0.0005723885318584625,-6.315861443623495,-6.2862450745671214,-0.9629008650182882,1.5455256582807996e-05,9.79829041843735e-07,28.0,28.0,14.0,6.0,6.0,6.0
1.0121626480589625,1.0,2.4468642447816514e-05,0.0001270775727753614,-0.3163494648735796,0.016130330940391152,0.2227998260040374,-0.3163494648735796,0.016130330940391152,0.2227998260040374,-0.3163271242656955,0.016120526483654214,0.22280169264023644,-0.413553539906637,-1.568373982106344,1.402531623840332,-1.404349152241842,-1.5707505385028284,2.7276575565338135,0.0,0.0,-0.0,0.0007190534961409867,0.0,-0.00023968450841493905,-0.4135314166705207,-1.5682599741952463,1.40250346712861,-1.4043714802452125,-1.570768886090964,2.727792357379532,1.3203816903315e-05,-0.00015354943270441232,0.00037462866980267925,-0.00043598596656373845,7.296595746821463e-05,0.000203153985284868,0.00023818347235668092,-6.31522205774035,-6.286173063516491,-0.9628834636417455,9.736743522346186e-06,1.5919502963652953e-06,28.0,28.0,14.0,6.0,6.0,6.0
1.0169019450598866,1.0,2.4468642447816514e-05,0.0001270775727753614,-0.3163494648735796,0.016130330940391152,0.2227998260040374,-0.3163494648735796,0.016130330940391152,0.2227998260040374,-0.3163271242656955,0.016120526483654214,0.22280169264023644,-0.413553539906637,-1.568373982106344,1.402531623840332,-1.404349152241842,-1.5707505385028284,2.7276575565338135,0.0,0.0,-0.0,0.0007190534961409867,0.0,-0.00023968450841493905,-0.41353136701511145,-1.5682605949674369,1.4025049690751545,-1.4043732453500013,-1.5707686117350674,2.727793205873088,1.241385230982505e-05,-0.00015519304761884927,0.0003754866361124929,-0.00044127619717458096,6.858897418836087e-05,0.00021212338898350116,0.00023818347235668092,-6.31522205774035,-6.286173063516491,-0.9628834636417455,9.736743522346186e-06,1.5919502963652953e-06,28.0,28.0,14.0,6.0,6.0,6.0
1.0209019450598866,1.0,2.4468642447816514e-05,0.0001270775727753614,-0.3163494648735796,0.016130330940391152,0.2227998260040374,-0.3163494648735796,0.016130330940391152,0.2227998260040374,-0.3163271242656955,0.016120526483654214,0.22280169264023644,-0.413553539906637,-1.568373982106344,1.402531623840332,-1.404349152241842,-1.5707505385028284,2.7276575565338135,0.0,0.0,-0.0,0.0007190534961409867,0.0,-0.00023968450841493905,-0.4135313203299691,-1.5682612219196195,1.4025064742476523,-1.4043750303460572,-1.5707683538366277,2.727794088091602,1.1671285591944498e-05,-0.00015673804563842,0.0003762931244437177,-0.0004462490139487729,6.447460990529832e-05,0.00022055462846021635,0.00023818347235668092,-6.31522205774035,-6.286173063516491,-0.9628834636417455,9.736743522346186e-06,1.5919502963652953e-06,28.0,28.0,14.0,6.0,6.0,6.0
1.0254453540733088,1.0,2.4468642447816514e-05,0.0001270775727753614,-0.3163494648735796,0.016130330940391152,0.2227998260040374,-0.3163494648735796,0.016130330940391152,0.2227998260040374,-0.3163271242656955,0.016120526483654214,0.22280169264023644,-0.413553539906637,-1.568373982106344,1.402531623840332,-1.404349152241842,-1.5707505385028284,2.7276575565338135,0.0,0.0,-0.0,0.0007190534961409867,0.0,-0.00023968450841493905,-0.4135312764368776,-1.5682618546809945,1.4025079824525462,-1.404376834039904,-1.5707681114081977,2.727795002011576,1.0973272877136778e-05,-0.0001581903437768165,0.000377051223475069,-0.0004509234617165134,6.060710747921953e-05,0.00022847999356832862,0.00023818347235668092,-6.31522205774035,-6.286173063516491,-0.9628834636417455,9.736743522346186e-06,1.5919502963652953e-06,28.0,28.0,14.0,6.0,6.0,6.0
1.0294453540733088,1.0,2.8652093658665167e-05,0.0001474701683273777,-0.3163494648735796,0.016130330940391152,0.2227998260040374,-0.3163494648735796,0.016130330940391152,0.2227998260040374,-0.3163217556075357,0.01613129388071289,0.22279260023125724,-0.41357738176454717,-1.5683501402484339,1.402531623840332,-1.404325310383932,-1.5707743803607386,2.7276930809020996,0.0,0.0,-0.0,0.0006711166352033615,0.0,-0.00023968450841493905,-0.41353123106253636,-1.5682625357068323,1.4025095337531093,-1.4043787099614762,-1.5707678560698672,2.727795881444841,1.134358530695147e-05,-0.0001702564594347279,0.00038782514079230415,-0.0004689803930311095,6.383458259713362e-05,0.00021985831619259803,0.0006076876965169588,-6.316398646755098,-6.286348242867523,-0.9629009137640602,1.271091850179793e-05,8.260165858765611e-07,28.0,28.0,14.0,6.0,6.0,6.0
1.03411104507139,1.0,2.8652093658665167e-05,0.0001474701683273777,-0.3163494648735796,0.016130330940391152,0.2227998260040374,-0.3163494648735796,0.016130330940391152,0.2227998260040374,-0.3163217556075357,0.01613129388071289,0.22279260023125724,-0.41357738176454717,-1.5683501402484339,1.402531623840332,-1.404325310383932,-1.5707743803607386,2.7276930809020996,0.0,0.0,-0.0,0.0006711166352033615,0.0,-0.00023968450841493905,-0.4135311842958204,-1.5682632621012649,1.4025111255636016,-1.40438065377711,-1.5707675885962304,2.727796728460599,1.169167899097728e-05,-0.0001815986081531646,0.00039795262307050516,-0.0004859539084668298,6.686840920797286e-05,0.0002117539394594113,0.0006076876965169588,-6.316398646755098,-6.286348242867523,-0.9629009137640602,1.271091850179793e-05,8.260165858765611e-07,28.0,28.0,14.0,6.0,6.0,6.0
1.03811104507139,1.0,2.59938218558645e-05,8.759801950394715e-05,-0.3163494648735796,0.016130330940391152,0.2227998260040374,-0.3163494648735796,0.016130330940391152,0.2227998260040374,-0.3163241351437048,0.016128482967445373,0.22280536392378522,-0.4135654608355921,-1.5683863798724573,1.402531623840332,-1.404349152241842,-1.5707743803607386,2.727717161178589,0.0,0.0,-0.0,0.0006231797160580754,0.0,-0.00021571606339421123,-0.41353114308991235,-1.568263979216231,1.4025127103142359,-1.4043826013127683,-1.5707673097140207,2.727797525278002,1.0301477013942176e-05,-0.0001792787414997278,0.0003961876585546198,-0.0004868839145827043,6.972055244049034e-05,0.00019920435070208694,0.00014596171902904958,-6.314789749706697,-6.286051079500074,-0.9628563193037143,9.956148531967768e-06,6.176185656306449e-07,28.0,28.0,14.0,6.0,6.0,6.0
1.0426449570683767,1.0,2.59938218558645e-05,8.759801950394715e-05,-0.3163494648735796,0.016130330940391152,0.2227998260040374,-0.3163494648735796,0.016130330940391152,0.2227998260040374,-0.3163241351437048,0.016128482967445373,0.22280536392378522,-0.4135654608355921,-1.5683863798724573,1.402531623840332,-1.404349152241842,-1.5707743803607386,2.727717161178589,0.0,0.0,-0.0,0.0006231797160580754,0.0,-0.00021571606339421123,-0.4135311071111637,-1.5682646876084982,1.4025142884286035,-1.4043845523452496,-1.5707670201077524,2.7277982749089507,8.994687155529178e-06,-0.0001770980668454972,0.00039452859190968755,-0.0004877581203316263,7.240156707905678e-05,0.00018740773727020206,0.00014596171902904958,-6.314789749706697,-6.286051079500074,-0.9628563193037143,9.956148531967768e-06,6.176185656306449e-07,28.0,28.0,14.0,6.0,6.0,6.0
1.0466449570683767,1.0,2.59938218558645e-05,8.759801950394715e-05,-0.3163494648735796,0.016130330940391152,0.2227998260040374,-0.3163494648735796,0.016130330940391152,0.2227998260040374,-0.3163241351437048,0.016128482967445373,0.22280536392378522,-0.4135654608355921,-1.5683863798724573,1.402531623840332,-1.404349152241842,-1.5707743803607386,2.727717161178589,0.0,0.0,-0.0,0.0006231797160580754,0.0,-0.00021571606339421123,-0.41353107604594497,-1.568265387801429,1.4025158603048806,-1.4043865066647445,-1.570766720420869,2.7277989801846334,7.766304688620959e-06,-0.00017504823267052043,0.0003929690692634512,-0.000488579873735613,7.492172083930923e-05,0.00017631892064423027,0.00014596171902904958,-6.314789749706697,-6.286051079500074,-0.9628563193037143,9.956148531967768e-06,6.176185656306449e-07,28.0,28.0,14.0,6.0,6.0,6.0
1.0513047120783017,1.0,2.59938218558645e-05,8.759801950394715e-05,-0.3163494648735796,0.016130330940391152,0.2227998260040374,-0.3163494648735796,0.016130330940391152,0.2227998260040374,-0.3163241351437048,0.016128482967445373,0.22280536392378522,-0.4135654608355921,-1.5683863798724573,1.402531623840332,-1.404349152241842,-1.5707743803607386,2.727717161178589,0.0,0.0,-0.0,0.0006231797160580754,0.0,-0.00021571606339421123,-0.4135310495994443,-1.5682660802869832,1.4025174263173525,-1.4043884640740323,-1.5707664112582076,2.7277996437663656,6.611625169727233e-06,-0.00017312138854604228,0.0003915031179759891,-0.0004893523219353605,7.729066537394653e-05,0.00016589543301581678,0.00014596171902904958,-6.314789749706697,-6.286051079500074,-0.9628563193037143,9.956148531967768e-06,6.176185656306449e-07,28.0,28.0,14.0,6.0,6.0,6.0
1.0553047120783017,1.0,3.314451368650256e-05,0.00018895195012975905,-0.3163494648735796,0.016130330940391152,0.2227998260040374,-0.3163494648735796,0.016130330940391152,0.2227998260040374,-0.31632114459269906,0.016127170484014307,0.2227828987480917,-0.4135654608355921,-1.5683382193194788,1.4025559425354004,-1.404337231312887,-1.5707743803607386,2.7276456356048584,0.0,0.0,-0.0,0.0005752427969127893,0.0,-0.00021571606339421123,-0.41353102747319487,-1.5682668369266095,1.4025190362857782,-1.4043905019526814,-1.5707660931825782,2.7278003505734287,5.531562359650205e-06,-0.00018915990658141334,0.0004024921064350856,-0.0005094696622770488,7.951890735236591e-05,0.00017670176578101328,0.0006423313778289505,-6.317017370341995,-6.286536385741286,-0.9629174186804833,9.966404034596154e-06,1.5404355046778874e-06,28.0,28.0,14.0,6.0,6.0,6.0
1.059971590076108,1.0,3.314451368650256e-05,0.00018895195012975905,-0.3163494648735796,0.016130330940391152,0.2227998260040374,-0.3163494648735796,0.016130330940391152,0.2227998260040374,-0.31632114459269906,0.016127170484014307,0.2227828987480917,-0.4135654608355921,-1.5683382193194788,1.4025559425354004,-1.404337231312887,-1.5707743803607386,2.7276456356048584,0.0,0.0,-0.0,0.0005752427969127893,0.0,-0.00021571606339421123,-0.4135310094079816,-1.5682676538710636,1.4025206875728007,-1.4043926154725301,-1.570765766728759,2.727801098012303,4.516303318177799e-06,-0.00020423611353466214,0.0004128217555866363,-0.0005283799621982357,8.161345481208012e-05,0.000186859718580298,0.0006423313778289505,-6.317017370341995,-6.286536385741286,-0.9629174186804833,9.966404034596154e-06,1.5404355046778874e-06,28.0,28.0,14.0,6.0,6.0,6.0
1.063971590076108,1.0,2.1967088165438798e-05,0.00011308766027468344,-0.3163494648735796,0.016130330940391152,0.2227998260040374,-0.3163494648735796,0.016130330940391152,0.2227998260040374,-0.31632798819704,0.01613132275480809,0.22280433395606053,-0.41357738176454717,-1.5683625380145472,1.4025077819824219,-1.404337231312887,-1.5707624594317835,2.7276575565338135,0.0,0.0,-0.0,0.0005273059359751642,0.0,-0.00021571606339421123,-0.4135309835176453,-1.5682684736633208,1.402522348542839,-1.40439474360481,-1.570765446134149,2.7278018678234073,6.472584086209634e-06,-0.00020494806429786458,0.00041524250959765245,-0.0005320330699708281,8.014865248436086e-05,0.00019245277605181647,0.0004443239127503747,-6.315426571217431,-6.2860396480362795,-0.9628388315293186,1.3968988704582863e-05,1.232831427008464e-06,28.0,28.0,14.0,6.0,6.0,6.0
1.0682751850981735,1.0,2.1967088165438798e-05,0.00011308766027468344,-0.3163494648735796,0.016130330940391152,0.2227998260040374,-0.3163494648735796,0.016130330940391152,0.2227998260040374,-0.31632798819704,0.01613132275480809,0.22280433395606053,-0.41357738176454717,-1.5683625380145472,1.4025077819824219,-1.404337231312887,-1.5707624594317835,2.7276575565338135,0.0,0.0,-0.0,0.0005273059359751642,0.0,-0.00021571606339421123,-0.41353095027169323,-1.5682692961325129,1.4025240186149126,-1.4043968854727753,-1.5707651310471957,2.7278026586644075,8.311488008159557e-06,-0.00020561729801527487,0.00041751801836800766,-0.000535466991277065,7.877173829630474e-05,0.00019771025007504385,0.0004443239127503747,-6.315426571217431,-6.2860396480362795,-0.9628388315293186,1.3968988704582863e-05,1.232831427008464e-06,28.0,28.0,14.0,6.0,6.0,6.0
1.0722751850981735,1.0,2.1967088165438798e-05,0.00011308766027468344,-0.3163494648735796,0.016130330940391152,0.2227998260040374,-0.3163494648735796,0.016130330940391152,0.2227998260040374,-0.31632798819704,0.01613132275480809,0.22280433395606053,-0.41357738176454717,-1.5683625380145472,1.4025077819824219,-1.404337231312887,-1.5707624594317835,2.7276575565338135,0.0,0.0,-0.0,0.0005273059359751642,0.0,-0.00021571606339421123,-0.4135309101114625,-1.5682701211180237,1.402525697242899,-1.4043990402522846,-1.5707648211374399,2.72780346927351,1.0040057694792485e-05,-0.00020624637770964055,0.0004196569966121415,-0.0005386948773049275,7.7477438959532e-05,0.00020265227565687758,0.0004443239127503747,-6.315426571217431,-6.2860396480362795,-0.9628388315293186,1.3968988704582863e-05,1.232831427008464e-06,28.0,28.0,14.0,6.0,6.0,6.0
1.0768055351064545,1.0,2.1967088165438798e-05,0.00011308766027468344,-0.3163494648735796,0.016130330940391152,0.2227998260040374,-0.3163494648735796,0.016130330940391152,0.2227998260040374,-0.31632798819704,0.01613132275480809,0.22280433395606053,-0.41357738176454717,-1.5683625380145472,1.4025077819824219,-1.404337231312887,-1.5707624594317835,2.7276575565338135,0.0,0.0,-0.0,0.0005273059359751642,0.0,-0.00021571606339421123,-0.41353086345180967,-1.5682709484688742,1.4025273839134436,-1.4044012071686454,-1.5707645160942496,2.727804298464629,1.1664913200227438e-05,-0.00020683771262234427,0.00042166763616162736,-0.0005417290901711184,7.626079758296562e-05,0.00020729777970380128,0.0004443239127503747,-6.315426571217431,-6.2860396480362795,-0.9628388315293186,1.3968988704582863e-05,1.232831427008464e-06,28.0,28.0,14.0,6.0,6.0,6.0
1.0808055351064545,1.0,1.5278456034327327e-05,0.00010229753631357108,-0.3163494648735796,0.016130330940391152,0.2227998260040374,-0.3163494648735796,0.016130330940391152,0.2227998260040374,-0.31633548754796714,0.01612419681526047,0.2227991641155296,-0.413553539906637,-1.5683382193194788,1.4025077819824219,-1.4043610731707972,-1.5707505385028284,2.727705240249634,0.0,0.0,-0.0,0.0005033374764025211,0.0,-0.00021571606339421123,-0.4135308195730382,-1.5682717899817504,1.4025290762054667,-1.4044033733136274,-1.5707642293528343,2.7278051087673365,1.0969692861941233e-05,-0.00021037821909291574,0.0004230730057850781,-0.000541536245496481,7.168535384151242e-05,0.00020257567689074813,0.0003913127786967147,-6.316002405214732,-6.286174546390731,-0.9628499542728947,9.73975193286944e-06,9.251954198433281e-07,28.0,28.0,14.0,6.0,6.0,6.0
1.085478349092417,1.0,1.5278456034327327e-05,0.00010229753631357108,-0.3163494648735796,0.016130330940391152,0.2227998260040374,-0.3163494648735796,0.016130330940391152,0.2227998260040374,-0.31633548754796714,0.01612419681526047,0.2227991641155296,-0.413553539906637,-1.5683382193194788,1.4025077819824219,-1.4043610731707972,-1.5707505385028284,2.727705240249634,0.0,0.0,-0.0,0.0005033374764025211,0.0,-0.00021571606339421123,-0.41353077830829527,-1.568272644806931,1.4025307737816797,-1.4044055387335135,-1.5707639598150875,2.7278059013149374,1.0316185743952199e-05,-0.0002137062951752529,0.0004243940532311218,-0.0005413549715023218,6.738443672454641e-05,0.00019813690024647815,0.0003913127786967147,-6.316002405214732,-6.286174546390731,-0.9628499542728947,9.73975193286944e-06,9.251954198433281e-07,28.0,28.0,14.0,6.0,6.0,6.0
1.089478349092417,1.0,3.1886810629918455e-05,0.0001517839682948992,-0.3163494648735796,0.016130330940391152,0.2227998260040374,-0.3163494648735796,0.016130330940391152,0.2227998260040374,-0.316320754247086,0.016120437445964513,0.22279010039935068,-0.413553539906637,-1.5683625380145472,1.4025559425354004,-1.404337231312887,-1.5707624594317835,2.7276930809020996,0.0,0.0,-0.0,0.00045540055725723505,0.0,-0.0001917476038215682,-0.4135307443049854,-1.5682735253168831,1.402532486976342,-1.4044077581794023,-1.5707636927179105,2.7278066875255615,8.500827472090747e-06,-0.00022012748799570776,0.00042829866556716234,-0.0005548614722060305,6.677429426297169e-05,0.0001965526560860684,0.00040793008774484604,-6.316027666973798,-6.286314258327375,-0.9628784215552741,8.478363675945033e-06,1.0305376691794972e-06,28.0,28.0,14.0,6.0,6.0,6.0
1.0936026781103578,1.0,3.1886810629918455e-05,0.0001517839682948992,-0.3163494648735796,0.016130330940391152,0.2227998260040374,-0.3163494648735796,0.016130330940391152,0.2227998260040374,-0.316320754247086,0.016120437445964513,0.22279010039935068,-0.413553539906637,-1.5683625380145472,1.4025559425354004,-1.404337231312887,-1.5707624594317835,2.7276930809020996,0.0,0.0,-0.0,0.00045540055725723505,0.0,-0.0001917476038215682,-0.41353071712742256,-1.56827442997052,1.4025342148523468,-1.4044100284097338,-1.570763427914869,2.727807467779428,6.794390696540984e-06,-0.0002261634092469353,0.00043196900116304046,-0.0005675575828675166,6.620076034909145e-05,0.00019506346657528322,0.00040793008774484604,-6.316027666973798,-6.286314258327375,-0.9628784215552741,8.478363675945033e-06,1.0305376691794972e-06,28.0,28.0,14.0,6.0,6.0,6.0
1.0976026781103578,1.0,3.1886810629918455e-05,0.0001517839682948992,-0.3163494648735796,0.016130330940391152,0.2227998260040374,-0.3163494648735796,0.016130330940391152,0.2227998260040374,-0.316320754247086,0.016120437445964513,0.22279010039935068,-0.413553539906637,-1.5683625380145472,1.4025559425354004,-1.404337231312887,-1.5707624594317835,2.7276930809020996,0.0,0.0,-0.0,0.00045540055725723505,0.0,-0.0001917476038215682,-0.41353069636606204,-1.568275357319221,1.4025359565288131,-1.4044123463774414,-1.5707631652683152,2.727808242433942,5.190340127524206e-06,-0.00023183717522308922,0.00043541911662316586,-0.0005794919268893136,6.566163847004403e-05,0.00019366362843514516,0.00040793008774484604,-6.316027666973798,-6.286314258327375,-0.9628784215552741,8.478363675945033e-06,1.0305376691794972e-06,28.0,28.0,14.0,6.0,6.0,6.0
1.1021354031076194,1.0,3.1886810629918455e-05,0.0001517839682948992,-0.3163494648735796,0.016130330940391152,0.2227998260040374,-0.3163494648735796,0.016130330940391152,0.2227998260040374,-0.316320754247086,0.016120437445964513,0.22279010039935068,-0.413553539906637,-1.5683625380145472,1.4025559425354004,-1.404337231312887,-1.5707624594317835,2.7276930809020996,0.0,0.0,-0.0,0.00045540055725723505,0.0,-0.0001917476038215682,-0.41353068163593165,-1.5682763060012819,1.4025377111777138,-1.4044147092182824,-1.5707629046488596,2.727809011825064,3.682532592648435e-06,-0.0002371705152406739,0.00043866222515568374,-0.0005907102102698027,6.515486390373945e-05,0.0001923477805834154,0.00040793008774484604,-6.316027666973798,-6.286314258327375,-0.9628784215552741,8.478363675945033e-06,1.0305376691794972e-06,28.0,28.0,14.0,6.0,6.0,6.0
1.1061354031076194,1.0,3.233645166425065e-05,8.680339655701291e-05,-0.3163494648735796,0.016130330940391152,0.2227998260040374,-0.3163494648735796,0.016130330940391152,0.2227998260040374,-0.31632306725086545,0.016144993291586696,0.22281139436946615,-0.4136012236224573,-1.5683863798724573,1.4025077819824219,-1.404337231312887,-1.5707982222186487,2.7276811599731445,0.0,0.0,-0.0,0.00043143212678842247,0.0,-0.0001917476038215682,-0.41353065960474167,-1.5682772302164492,1.4025394580307717,-1.4044170569889494,-1.5707626047566983,2.7278097480393124,5.507797490648805e-06,-0.00023105379180566075,0.00043671326447615,-0.0005869426667704907,7.497304033603599e-05,0.00018405356200374955,0.00031727826152782153,-6.3146263121674435,-6.285840352252572,-0.9628010633866643,1.567112058808854e-05,5.692004084972908e-07,28.0,28.0,14.0,6.0,6.0,6.0
1.1105541571264625,1.0,3.233645166425065e-05,8.680339655701291e-05,-0.3163494648735796,0.016130330940391152,0.2227998260040374,-0.3163494648735796,0.016130330940391152,0.2227998260040374,-0.31632306725086545,0.016144993291586696,0.22281139436946615,-0.4136012236224573,-1.5683863798724573,1.4025077819824219,-1.404337231312887,-1.5707982222186487,2.7276811599731445,0.0,0.0,-0.0,0.00043143212678842247,0.0,-0.0001917476038215682,-0.4135306307105557,-1.5682781314327363,1.4025411975557376,-1.4044193905936528,-1.5707622679481936,2.7278104530672986,7.223546494769153e-06,-0.00022530407177674837,0.0004348812414373883,-0.0005834011758811374,8.420212618239474e-05,0.00017625699653886368,0.00031727826152782153,-6.3146263121674435,-6.285840352252572,-0.9628010633866643,1.567112058808854e-05,5.692004084972908e-07,28.0,28.0,14.0,6.0,6.0,6.0
1.1145541571264626,1.0,3.233645166425065e-05,8.680339655701291e-05,-0.3163494648735796,0.016130330940391152,0.2227998260040374,-0.3163494648735796,0.016130330940391152,0.2227998260040374,-0.31632306725086545,0.016144993291586696,0.22281139436946615,-0.4136012236224573,-1.5683863798724573,1.4025077819824219,-1.404337231312887,-1.5707982222186487,2.7276811599731445,0.0,0.0,-0.0,0.00043143212678842247,0.0,-0.0001917476038215682,-0.41353059536515346,-1.5682790110300762,1.4025429301922967,-1.4044217108823507,-1.570761896438326,2.7278111287801985,8.83635055864228e-06,-0.00021989933494957075,0.00043315913978095224,-0.0005800721744451453,9.287746687797196e-05,0.00016892822500187094,0.00031727826152782153,-6.3146263121674435,-6.285840352252572,-0.9628010633866643,1.567112058808854e-05,5.692004084972908e-07,28.0,28.0,14.0,6.0,6.0,6.0
1.1190512661074759,1.0,3.114629211403263e-05,0.0001026285519461873,-0.3163494648735796,0.016130330940391152,0.2227998260040374,-0.3163494648735796,0.016130330940391152,0.2227998260040374,-0.3163198171800949,0.016123881374173598,0.2228068622586585,-0.4135654608355921,-1.5683983008014124,1.402531623840332,-1.404325310383932,-1.5707624594317835,2.7276930809020996,0.0,0.0,-0.0,0.0004074636672157794,0.0,-0.0001917476038215682,-0.41353056008996075,-1.5682798693384903,1.4025446541213316,-1.4044240460091169,-1.5707615334900014,2.727811798269689,8.81879818138629e-06,-0.00021457710351011726,0.0004309822587419697,-0.0005837816915398046,9.07370812037406e-05,0.00016737237266801678,0.0001948973097096071,-6.314482077751037,-6.285900780486025,-0.9628183527996784,1.1218616685315521e-05,8.767573411248104e-07,28.0,28.0,14.0,6.0,6.0,6.0
1.1230512661074759,1.0,3.114629211403263e-05,0.0001026285519461873,-0.3163494648735796,0.016130330940391152,0.2227998260040374,-0.3163494648735796,0.016130330940391152,0.2227998260040374,-0.3163198171800949,0.016123881374173598,0.2228068622586585,-0.4135654608355921,-1.5683983008014124,1.402531623840332,-1.404325310383932,-1.5707624594317835,2.7276930809020996,0.0,0.0,-0.0,0.0004074636672157794,0.0,-0.0001917476038215682,-0.41353052488076497,-1.568280707635314,1.4025463698652938,-1.4044263950836673,-1.5707611785895266,2.727812461909175,8.80229894676566e-06,-0.00020957420595703097,0.0004289359905653261,-0.0005872686376087844,8.872511866996311e-05,0.00016590987147419386,0.0001948973097096071,-6.314482077751037,-6.285900780486025,-0.9628183527996784,1.1218616685315521e-05,8.767573411248104e-07,28.0,28.0,14.0,6.0,6.0,6.0
1.12784161311877,1.0,3.114629211403263e-05,0.0001026285519461873,-0.3163494648735796,0.016130330940391152,0.2227998260040374,-0.3163494648735796,0.016130330940391152,0.2227998260040374,-0.3163198171800949,0.016123881374173598,0.2228068622586585,-0.4135654608355921,-1.5683983008014124,1.402531623840332,-1.404325310383932,-1.5707624594317835,2.7276930809020996,0.0,0.0,-0.0,0.0004074636672157794,0.0,-0.0001917476038215682,-0.4135304897336063,-1.5682815271212431,1.4025480779152877,-1.404428757269135,-1.570760831254031,2.7278131200496563,8.786789666222269e-06,-0.00020487148225712987,0.00042701249847928107,-0.0005905463669136254,8.683387388821228e-05,0.00016453512035200033,0.0001948973097096071,-6.314482077751037,-6.285900780486025,-0.9628183527996784,1.1218616685315521e-05,8.767573411248104e-07,28.0,28.0,14.0,6.0,6.0,6.0
1.13184161311877,1.0,3.145318748878798e-05,0.0001744330797169526,-0.3163494648735796,0.016130330940391152,0.2227998260040374,-0.3163494648735796,0.016130330940391152,0.2227998260040374,-0.31632092700662384,0.01613634332204073,0.22278804702192012,-0.41357738176454717,-1.5683262983905237,1.402519702911377,-1.4043133894549769,-1.5707982222186487,2.727705240249634,0.0,0.0,-0.0,0.0003834952076431364,0.0,-0.0001917476038215682,-0.4135304621837029,-1.5682824140876248,1.402549846184131,-1.4044311981255613,-1.5707604498463446,2.7278137377377174,6.887475849067966e-06,-0.00022174159541410364,0.0004420672108574382,-0.0006102141065748148,9.535192165903928e-05,0.00015442201524337005,0.0006862115877958217,-6.317109995396889,-6.286335310567905,-0.9628652258580473,1.0188396342755363e-05,5.660968630098772e-07,28.0,28.0,14.0,6.0,6.0,6.0
1.136331599111902,1.0,3.145318748878798e-05,0.0001744330797169526,-0.3163494648735796,0.016130330940391152,0.2227998260040374,-0.3163494648735796,0.016130330940391152,0.2227998260040374,-0.31632092700662384,0.01613634332204073,0.22278804702192012,-0.41357738176454717,-1.5683262983905237,1.402519702911377,-1.4043133894549769,-1.5707982222186487,2.727705240249634,0.0,0.0,-0.0,0.0003834952076431364,0.0,-0.0001917476038215682,-0.4135304417752194,-1.568283364485632,1.402551671058693,-1.4044337129326887,-1.5707600364107983,2.727814317400503,5.102120860942921e-06,-0.000237599501781659,0.00045621864049290593,-0.0006287017818563328,0.00010335888656361666,0.00014491569644125757,0.0006862115877958217,-6.317109995396889,-6.286335310567905,-0.9628652258580473,1.0188396342755363e-05,5.660968630098772e-07,28.0,28.0,14.0,6.0,6.0,6.0
1.140331599111902,1.0,3.145318748878798e-05,0.0001744330797169526,-0.3163494648735796,0.016130330940391152,0.2227998260040374,-0.3163494648735796,0.016130330940391152,0.2227998260040374,-0.31632092700662384,0.01613634332204073,0.22278804702192012,-0.41357738176454717,-1.5683262983905237,1.402519702911377,-1.4043133894549769,-1.5707982222186487,2.727705240249634,0.0,0.0,-0.0,0.0003834952076431364,0.0,-0.0001917476038215682,-0.4135304280796707,-1.568284374509367,1.4025535491426304,-1.4044362972534752,-1.570759592869064,2.7278148613195303,3.423887172105379e-06,-0.000252505933767161,0.0004695209843502456,-0.0006460801966209597,0.0001108854335739194,0.00013597975676727186,0.0006862115877958217,-6.317109995396889,-6.286335310567905,-0.9628652258580473,1.0188396342755363e-05,5.660968630098772e-07,28.0,28.0,14.0,6.0,6.0,6.0
1.1449509891171479,1.0,3.145318748878798e-05,0.0001744330797169526,-0.3163494648735796,0.016130330940391152,0.2227998260040374,-0.3163494648735796,0.016130330940391152,0.2227998260040374,-0.31632092700662384,0.01613634332204073,0.22278804702192012,-0.41357738176454717,-1.5683262983905237,1.402519702911377,-1.4043133894549769,-1.5707982222186487,2.727705240249634,0.0,0.0,-0.0,0.0003834952076431364,0.0,-0.0001917476038215682,-0.4135304206942807,-1.5682854405812865,1.4025554772433808,-1.4044389469171012,-1.570759121027513,2.7278153716394242,1.8463475045980893e-06,-0.0002665179798335329,0.00048202518757614485,-0.000662415906499709,0.00011796038776360397,0.00012757997347372527,0.0006862115877958217,-6.317109995396889,-6.286335310567905,-0.9628652258580473,1.0188396342755363e-05,5.660968630098772e-07,28.0,28.0,14.0,6.0,6.0,6.0
1.1489509891171479,1.0,2.5960495722533608e-05,0.00014839033324277442,-0.3163494648735796,0.016130330940391152,0.2227998260040374,-0.3163494648735796,0.016130330940391152,0.2227998260040374,-0.3163293145151589,0.016141173351729918,0.22278756417260662,-0.41358930269350225,-1.5683143774615687,1.402519702911377,-1.404349152241842,-1.5707863012896937,2.727717161178589,0.0,0.0003451456723269075,-0.0,0.0003834952076431364,0.0,-0.00016777915880084038,-0.41353040755539805,-1.5682865342659515,1.4025574315259146,-1.4044416181793327,-1.5707586363182697,2.727815835747479,3.2847206595176017e-06,-0.00027342116624908626,0.0004885706334460414,-0.0006678155578307764,0.00012117731079665968,0.00011602701367593296,0.0013025398189977768,-6.319178358057065,-6.287134536182316,-0.9629804090302192,1.4209006700788259e-05,2.0691639860714248e-07,28.0,28.0,14.0,6.0,6.0,6.0
1.1536071821092633,1.0,2.5960495722533608e-05,0.00014839033324277442,-0.3163494648735796,0.016130330940391152,0.2227998260040374,-0.3163494648735796,0.016130330940391152,0.2227998260040374,-0.3163293145151589,0.016141173351729918,0.22278756417260662,-0.41358930269350225,-1.5683143774615687,1.402519702911377,-1.404349152241842,-1.5707863012896937,2.727717161178589,0.0,0.0003451456723269075,-0.0,0.0003834952076431364,0.0,-0.00016777915880084038,-0.41353038900823236,-1.5682876539065975,1.4025594104193249,-1.404444309744253,-1.570758139513396,2.727816256416405,4.636791425141943e-06,-0.0002799101614797064,0.0004947233525637441,-0.0006728912300819796,0.00012420121844773207,0.00010516723146600819,0.0013025398189977768,-6.319178358057065,-6.287134536182316,-0.9629804090302192,1.4209006700788259e-05,2.0691639860714248e-07,28.0,28.0,14.0,6.0,6.0,6.0
1.1576071821092633,1.0,3.285007637883103e-05,0.00017203886048561859,-0.3163494648735796,0.016130330940391152,0.2227998260040374,-0.3163494648735796,0.016130330940391152,0.2227998260040374,-0.3163224235793469,0.016138148883978107,0.22278289155151046,-0.41358930269350225,-1.5683262983905237,1.4025440216064453,-1.404337231312887,-1.5707863012896937,2.7276930809020996,0.0,0.0003451456723269075,-0.0,0.00035952674807049334,0.0,-0.00016777915880084038,-0.41353036537664056,-1.568288803808483,1.4025614168821852,-1.4044470481290026,-1.5707576313364398,2.727816663993167,5.907897945346455e-06,-0.00028747547138463487,0.0005016157150872683,-0.0006845961874289681,0.00012704423906986613,0.00010189419056719947,0.0013403733158469555,-6.319201635610482,-6.287207294132276,-0.9629950809295618,1.4209748098396208e-05,5.176015192283369e-07,28.0,28.0,14.0,6.0,6.0,6.0
1.161938083101763,1.0,3.285007637883103e-05,0.00017203886048561859,-0.3163494648735796,0.016130330940391152,0.2227998260040374,-0.3163494648735796,0.016130330940391152,0.2227998260040374,-0.3163224235793469,0.016138148883978107,0.22278289155151046,-0.41358930269350225,-1.5683262983905237,1.4025440216064453,-1.404337231312887,-1.5707863012896937,2.7276930809020996,0.0,0.0003451456723269075,-0.0,0.00035952674807049334,0.0,-0.00016777915880084038,-0.41353033696568825,-1.5682899821559337,1.4025634492603285,-1.404449830524392,-1.570757112469726,2.7278170592632955,7.102738074338697e-06,-0.00029458686269526765,0.0005080945358593811,-0.0006955988473351371,0.00012971667845467215,9.881753212231927e-05,0.0013403733158469555,-6.319201635610482,-6.287207294132276,-0.9629950809295618,1.4209748098396208e-05,5.176015192283369e-07,28.0,28.0,14.0,6.0,6.0,6.0
1.165938083101763,1.0,3.285007637883103e-05,0.00017203886048561859,-0.3163494648735796,0.016130330940391152,0.2227998260040374,-0.3163494648735796,0.016130330940391152,0.2227998260040374,-0.3163224235793469,0.016138148883978107,0.22278289155151046,-0.41358930269350225,-1.5683262983905237,1.4025440216064453,-1.404337231312887,-1.5707863012896937,2.7276930809020996,0.0,0.0003451456723269075,-0.0,0.00035952674807049334,0.0,-0.00016777915880084038,-0.4135303040621371,-1.5682911872422158,1.402565505998838,-1.4044526542897826,-1.57075658355464,2.7278174429651885,8.225887795591405e-06,-0.00030127157052726246,0.0005141846273851671,-0.0007059413476469362,0.0001322287714763898,9.592547318413188e-05,0.0013403733158469555,-6.319201635610482,-6.287207294132276,-0.9629950809295618,1.4209748098396208e-05,5.176015192283369e-07,28.0,28.0,14.0,6.0,6.0,6.0
1.1706251441112259,1.0,3.285007637883103e-05,0.00017203886048561859,-0.3163494648735796,0.016130330940391152,0.2227998260040374,-0.3163494648735796,0.016130330940391152,0.2227998260040374,-0.3163224235793469,0.016138148883978107,0.22278289155151046,-0.41358930269350225,-1.5683262983905237,1.4025440216064453,-1.404337231312887,-1.5707863012896937,2.7276930809020996,0.0,0.0003451456723269075,-0.0,0.00035952674807049334,0.0,-0.00016777915880084038,-0.41353026693554296,-1.5682924174629993,1.4025675856360917,-1.4044555169429744,-1.5707560451940843,2.72781781579294,9.28164853356895e-06,-0.00030755519588933757,0.000519909313419406,-0.0007156632979400272,0.00013459013891680438,9.320693778223572e-05,0.0013403733158469555,-6.319201635610482,-6.287207294132276,-0.9629950809295618,1.4209748098396208e-05,5.176015192283369e-07,28.0,28.0,14.0,6.0,6.0,6.0
1.1746251441112259,1.0,2.8311695996156938e-05,8.002697165267242e-05,-0.3163494648735796,0.016130330940391152,0.2227998260040374,-0.3163494648735796,0.016130330940391152,0.2227998260040374,-0.3163259139721595,0.01614238740319511,0.22280990315031668,-0.41358930269350225,-1.5683863798724573,1.402519702911377,-1.4043610731707972,-1.5707982222186487,2.7276811599731445,0.0,0.0003451456723269075,-0.0,0.00033555831760168076,0.0,-0.00016777915880084038,-0.41353023067886235,-1.5682935829123585,1.402569621604884,-1.404458315851888,-1.570755484224369,2.7278181872941554,9.0641701467219e-06,-0.0002913623398275579,0.0005089921980324869,-0.0006997272283736684,0.00014024242884681164,9.287530393587569e-05,0.0006598975386484124,-6.316409985040259,-6.286599562240151,-0.9629085090075142,1.2933463142855159e-05,6.714716253297258e-07,28.0,28.0,14.0,6.0,6.0,6.0
1.1793893731122376,1.0,2.8311695996156938e-05,8.002697165267242e-05,-0.3163494648735796,0.016130330940391152,0.2227998260040374,-0.3163494648735796,0.016130330940391152,0.2227998260040374,-0.3163259139721595,0.01614238740319511,0.22280990315031668,-0.41358930269350225,-1.5683863798724573,1.402519702911377,-1.4043610731707972,-1.5707982222186487,2.7276811599731445,0.0,0.0003451456723269075,-0.0,0.00033555831760168076,0.0,-0.00016777915880084038,-0.4135301952399005,-1.568294687476579,1.4025716165253221,-1.4044610548411798,-1.5707549020020435,2.727818557548428,8.859740463085674e-06,-0.000276141055129485,0.0004987301095687829,-0.0006847473229812912,0.00014555558138101848,9.256356812029725e-05,0.0006598975386484124,-6.316409985040259,-6.286599562240151,-0.9629085090075142,1.2933463142855159e-05,6.714716253297258e-07,28.0,28.0,14.0,6.0,6.0,6.0
1.1833893731122376,1.0,3.151391086397621e-05,0.00017944782894230285,-0.3163494648735796,0.016130330940391152,0.2227998260040374,-0.3163494648735796,0.016130330940391152,0.2227998260040374,-0.3163235115136347,0.016136437150001418,0.22278302529304925,-0.4135654608355921,-1.5683143774615687,1.402531623840332,-1.404337231312887,-1.570810619984762,2.727753162384033,0.0,0.0003451456723269075,-0.0,0.00033555831760168076,0.0,-0.00016777915880084038,-0.4135301792337678,-1.5682958343143236,1.402573649334393,-1.4044638385808275,-1.570754285526363,2.72781885248129,4.001533169541785e-06,-0.00028670943614702654,0.0005082022677306774,-0.0006959349119022384,0.0001541189201242895,7.373321552560215e-05,0.001062655666886779,-6.319352445792963,-6.2871981090598865,-0.9629905207957761,6.1387815819385815e-06,5.0085888224925424e-08,28.0,28.0,14.0,6.0,6.0,6.0
1.187843742128695,1.0,3.151391086397621e-05,0.00017944782894230285,-0.3163494648735796,0.016130330940391152,0.2227998260040374,-0.3163494648735796,0.016130330940391152,0.2227998260040374,-0.3163235115136347,0.016136437150001418,0.22278302529304925,-0.4135654608355921,-1.5683143774615687,1.402531623840332,-1.404337231312887,-1.570810619984762,2.727753162384033,0.0,0.0003451456723269075,-0.0,0.00033555831760168076,0.0,-0.00016777915880084038,-0.41353018149449455,-1.5682970208891809,1.4025757177587785,-1.4044666643858095,-1.5707536368525288,2.7278190766120263,-5.651816863894699e-07,-0.0002966437143035156,0.0005171060964028582,-0.0007064512454879289,0.00016216845854296423,5.603268408658875e-05,0.001062655666886779,-6.319352445792963,-6.2871981090598865,-0.9629905207957761,6.1387815819385815e-06,5.0085888224925424e-08,28.0,28.0,14.0,6.0,6.0,6.0
1.191843742128695,1.0,3.151391086397621e-05,0.00017944782894230285,-0.3163494648735796,0.016130330940391152,0.2227998260040374,-0.3163494648735796,0.016130330940391152,0.2227998260040374,-0.3163235115136347,0.016136437150001418,0.22278302529304925,-0.4135654608355921,-1.5683143774615687,1.402531623840332,-1.404337231312887,-1.570810619984762,2.727753162384033,0.0,0.0003451456723269075,-0.0,0.00033555831760168076,0.0,-0.00016777915880084038,-0.4135302009260692,-1.568298244816924,1.40257781966156,-1.4044695297322056,-1.5707529579124302,2.7278192341887646,-4.85789365096485e-06,-0.00030598193577061533,0.0005254756953547081,-0.0007163365990584779,0.00016973502465651849,3.939418453391616e-05,0.001062655666886779,-6.319352445792963,-6.2871981090598865,-0.9629905207957761,6.1387815819385815e-06,5.0085888224925424e-08,28.0,28.0,14.0,6.0,6.0,6.0
1.1964144571125512,1.0,3.151391086397621e-05,0.00017944782894230285,-0.3163494648735796,0.016130330940391152,0.2227998260040374,-0.3163494648735796,0.016130330940391152,0.2227998260040374,-0.3163235115136347,0.016136437150001418,0.22278302529304925,-0.4135654608355921,-1.5683143774615687,1.402531623840332,-1.404337231312887,-1.570810619984762,2.727753162384033,0.0,0.0003451456723269075,-0.0,0.00033555831760168076,0.0,-0.00016777915880084038,-0.4135302364982408,-1.5682995038563798,1.4025799530340335,-1.4044724322475313,-1.570752250522043,2.7278193292047446,-8.893042897665706e-06,-0.0003147598639496891,0.0005333431183694471,-0.000725628831414794,0.00017684759680325948,2.3753994954403925e-05,0.001062655666886779,-6.319352445792963,-6.2871981090598865,-0.9629905207957761,6.1387815819385815e-06,5.0085888224925424e-08,28.0,28.0,14.0,6.0,6.0,6.0
1.2004144571125512,1.0,2.8497740343558206e-05,0.0001233717216513218,-0.3163494648735796,0.016130330940391152,0.2227998260040374,-0.3163494648735796,0.016130330940391152,0.2227998260040374,-0.31632496101540514,0.016144783975769333,0.2227981551037978,-0.41358930269350225,-1.5683501402484339,1.402519702911377,-1.404349152241842,-1.570810619984762,2.727705240249634,0.0,0.0003451456723269075,-0.0,0.0003115898580290377,0.0,-0.00016777915880084038,-0.41353027356013033,-1.5683007444338788,1.4025820779812899,-1.4044753156664374,-1.570751516387551,2.7278194068385964,-9.265472388003778e-06,-0.0003101443747280009,0.0005312368141016273,-0.000720854726514105,0.00018353362302008576,1.9408462947217238e-05,0.0009209305736901176,-6.317843866230356,-6.286855522717375,-0.9629386503904384,1.1626158395658645e-05,3.6079066480097184e-07,28.0,28.0,14.0,6.0,6.0,6.0
1.2051691881075972,1.0,2.8497740343558206e-05,0.0001233717216513218,-0.3163494648735796,0.016130330940391152,0.2227998260040374,-0.3163494648735796,0.016130330940391152,0.2227998260040374,-0.31632496101540514,0.016144783975769333,0.2227981551037978,-0.41358930269350225,-1.5683501402484339,1.402519702911377,-1.404349152241842,-1.570810619984762,2.727705240249634,0.0,0.0003451456723269075,-0.0,0.0003115898580290377,0.0,-0.00016777915880084038,-0.4135303120223548,-1.5683019676571381,1.4025841950088422,-1.404478181134709,-1.5707507571136003,2.727819468133248,-9.615556108921567e-06,-0.000305805814859614,0.0005292568880898767,-0.0007163670679074574,0.00018981848766390247,1.5323662860461753e-05,0.0009209305736901176,-6.317843866230356,-6.286855522717375,-0.9629386503904384,1.1626158395658645e-05,3.6079066480097184e-07,28.0,28.0,14.0,6.0,6.0,6.0
1.2091691881075972,1.0,3.028746998948931e-05,0.00015310351651998298,-0.3163494648735796,0.016130330940391152,0.2227998260040374,-0.3163494648735796,0.016130330940391152,0.2227998260040374,-0.3163242223130608,0.016143942447643535,0.22279008583734808,-0.4136131445514124,-1.5683382193194788,1.402531623840332,-1.404337231312887,-1.5707743803607386,2.727729082107544,0.0,0.0003451456723269075,-0.0,0.0003115898580290377,0.0,-0.00016777915880084038,-0.4135303234732547,-1.5683031932084674,1.402586317869708,-1.4044810655508855,-1.570750015952791,2.727819487466805,-2.862724975085226e-06,-0.0003063878323367823,0.0005307152164189537,-0.000721104044170836,0.00018529020232621683,4.833389220571e-06,0.0014747800710803085,-6.31865634712101,-6.2870293368409955,-0.9629624682583489,2.0965052535046558e-05,-2.54535651581044e-07,28.0,28.0,14.0,6.0,6.0,6.0
1.2135713211034895,1.0,3.028746998948931e-05,0.00015310351651998298,-0.3163494648735796,0.016130330940391152,0.2227998260040374,-0.3163494648735796,0.016130330940391152,0.2227998260040374,-0.3163242223130608,0.016143942447643535,0.22279008583734808,-0.4136131445514124,-1.5683382193194788,1.402531623840332,-1.404337231312887,-1.5707743803607386,2.727729082107544,0.0,0.0003451456723269075,-0.0,0.0003115898580290377,0.0,-0.00016777915880084038,-0.41353030953350955,-1.5683044209481825,1.4025884462138882,-1.404483967778093,-1.5707492918183346,2.727819467356933,3.484936290720934e-06,-0.00030693492876532054,0.000532086045048286,-0.000725556801858412,0.00018103361410879231,-5.027468000926308e-06,0.0014747800710803085,-6.31865634712101,-6.2870293368409955,-0.9629624682583489,2.0965052535046558e-05,-2.54535651581044e-07,28.0,28.0,14.0,6.0,6.0,6.0
1.2175713211034895,1.0,3.028746998948931e-05,0.00015310351651998298,-0.3163494648735796,0.016130330940391152,0.2227998260040374,-0.3163494648735796,0.016130330940391152,0.2227998260040374,-0.3163242223130608,0.016143942447643535,0.22279008583734808,-0.4136131445514124,-1.5683382193194788,1.402531623840332,-1.404337231312887,-1.5707743803607386,2.727729082107544,0.0,0.0003451456723269075,-0.0,0.0003115898580290377,0.0,-0.00016777915880084038,-0.41353027172655804,-1.5683056507449802,1.402590579712384,-1.4044868867476692,-1.57074858368865,2.727819410170238,9.451737880578726e-06,-0.00030744919940814647,0.0005333746239598585,-0.0007297423940847333,0.00017703242118441328,-1.4296673789133777e-05,0.0014747800710803085,-6.31865634712101,-6.2870293368409955,-0.9629624682583489,2.0965052535046558e-05,-2.54535651581044e-07,28.0,28.0,14.0,6.0,6.0,6.0
1.2222203911077236,1.0,3.028746998948931e-05,0.00015310351651998298,-0.3163494648735796,0.016130330940391152,0.2227998260040374,-0.3163494648735796,0.016130330940391152,0.2227998260040374,-0.3163242223130608,0.016143942447643535,0.22279008583734808,-0.4136131445514124,-1.5683382193194788,1.402531623840332,-1.404337231312887,-1.5707743803607386,2.727729082107544,0.0,0.0003451456723269075,-0.0,0.0003115898580290377,0.0,-0.00016777915880084038,-0.41353021148443253,-1.5683068824754354,1.4025927180559365,-1.4044898214550723,-1.5707478906034507,2.727819318131329,1.506053137504505e-05,-0.00030793261381240283,0.0005345858881367365,-0.0007336768507774753,0.000173271299835497,-2.30097272300488e-05,0.0014747800710803085,-6.31865634712101,-6.2870293368409955,-0.9629624682583489,2.0965052535046558e-05,-2.54535651581044e-07,28.0,28.0,14.0,6.0,6.0,6.0
1.2262203911077236,1.0,3.230117206117804e-05,0.0001711964651871515,-0.3163494648735796,0.016130330940391152,0.2227998260040374,-0.3163494648735796,0.016130330940391152,0.2227998260040374,-0.3163268474864543,0.016137383992366323,0.2227778698209906,-0.41358930269350225,-1.5683143774615687,1.4025559425354004,-1.4043610731707972,-1.5707743803607386,2.727729082107544,0.0,0.0003451456723269075,-0.0,0.00021571606339421123,0.0,-0.00016777915880084038,-0.41353014384745357,-1.568308142313108,1.4025948652476208,-1.4044927815681532,-1.5707472116556511,2.7278192071026135,1.6909244739977643e-05,-0.0003149594181656103,0.0005367979210432577,-0.0007400282702226547,0.00016973694986404715,-2.7757178870859187e-05,0.0014539171939066719,-6.319559924877643,-6.287288319596648,-0.9629863005711239,1.5474611858890744e-05,5.307538436950567e-08,28.0,28.0,14.0,6.0,6.0,6.0
1.2310487290951428,1.0,3.230117206117804e-05,0.0001711964651871515,-0.3163494648735796,0.016130330940391152,0.2227998260040374,-0.3163494648735796,0.016130330940391152,0.2227998260040374,-0.3163268474864543,0.016137383992366323,0.2227778698209906,-0.41358930269350225,-1.5683143774615687,1.4025559425354004,-1.4043610731707972,-1.5707743803607386,2.727729082107544,0.0,0.0003451456723269075,-0.0,0.00021571606339421123,0.0,-0.00016777915880084038,-0.41353006925931235,-1.568309428571565,1.4025970207565486,-1.4044957655625712,-1.5707465459970076,2.72781907822348,1.8647035303014282e-05,-0.0003215646142576253,0.0005388772319753877,-0.0007459986045011233,0.0001664146608908843,-3.221978341322095e-05,0.0014539171939066719,-6.319559924877643,-6.287288319596648,-0.9629863005711239,1.5474611858890744e-05,5.307538436950567e-08,28.0,28.0,14.0,6.0,6.0,6.0
1.2350487290951428,1.0,3.23351810456664e-05,0.0001855191878311591,-0.3163494648735796,0.016130330940391152,0.2227998260040374,-0.3163494648735796,0.016130330940391152,0.2227998260040374,-0.3163217007915849,0.01613668292930506,0.22278451679370231,-0.41357738176454717,-1.5683143774615687,1.402519702911377,-1.4043133894549769,-1.5707982222186487,2.727717161178589,0.0,0.0003451456723269075,-0.0,0.00021571606339421123,0.0,-0.00014381069922819734,-0.41353000460241657,-1.5683107500782472,1.4025992180090971,-1.4044988087002241,-1.570745865368592,2.727818944713306,1.6164223948862235e-05,-0.0003303766704999677,0.0005493131371655288,-0.0007607844132412037,0.000170157103901115,-3.3377543559581984e-05,0.0012655901261647206,-6.319386676152737,-6.28709624962653,-0.9629650209480342,1.0200654509206116e-05,3.0920209910889724e-07,28.0,28.0,14.0,6.0,6.0,6.0
1.239467482095352,1.0,3.23351810456664e-05,0.0001855191878311591,-0.3163494648735796,0.016130330940391152,0.2227998260040374,-0.3163494648735796,0.016130330940391152,0.2227998260040374,-0.3163217007915849,0.01613668292930506,0.22278451679370231,-0.41357738176454717,-1.5683143774615687,1.402519702911377,-1.4043133894549769,-1.5707982222186487,2.727717161178589,0.0,0.0003451456723269075,-0.0,0.00021571606339421123,0.0,-0.00014381069922819734,-0.4135299492808915,-1.5683121047182607,1.4026014545006493,-1.404501907432518,-1.5707451706685907,2.7278188068499536,1.3830381275959311e-05,-0.00033866000336776956,0.0005591228880442614,-0.0007746830734568792,0.00017367500033073187,-3.4465838097161356e-05,0.0012655901261647206,-6.319386676152737,-6.28709624962653,-0.9629650209480342,1.0200654509206116e-05,3.0920209910889724e-07,28.0,28.0,14.0,6.0,6.0,6.0
1.243467482095352,1.0,3.23351810456664e-05,0.0001855191878311591,-0.3163494648735796,0.016130330940391152,0.2227998260040374,-0.3163494648735796,0.016130330940391152,0.2227998260040374,-0.3163217007915849,0.01613668292930506,0.22278451679370231,-0.41357738176454717,-1.5683143774615687,1.402519702911377,-1.4043133894549769,-1.5707982222186487,2.727717161178589,0.0,0.0003451456723269075,-0.0,0.00021571606339421123,0.0,-0.00014381069922819734,-0.4135299027346148,-1.5683134905036058,1.4026037278768648,-1.4045050584237742,-1.5707444627412988,2.7278186648946137,1.1636569163430562e-05,-0.00034644633626350335,0.00056834405387027,-0.0007877478140596142,0.00017698182297457173,-3.548883496248597e-05,0.0012655901261647206,-6.319386676152737,-6.28709624962653,-0.9629650209480342,1.0200654509206116e-05,3.0920209910889724e-07,28.0,28.0,14.0,6.0,6.0,6.0
1.2481034930944448,1.0,3.23351810456664e-05,0.0001855191878311591,-0.3163494648735796,0.016130330940391152,0.2227998260040374,-0.3163494648735796,0.016130330940391152,0.2227998260040374,-0.3163217007915849,0.01613668292930506,0.22278451679370231,-0.41357738176454717,-1.5683143774615687,1.402519702911377,-1.4043133894549769,-1.5707982222186487,2.727717161178589,0.0,0.0003451456723269075,-0.0,0.00021571606339421123,0.0,-0.00014381069922819734,-0.4135298644370717,-1.5683149055655625,1.4026060359246637,-1.404508258538455,-1.5707437423803536,2.7278185190928057,9.574385777653539e-06,-0.0003537654891854931,0.0005770119497467182,-0.0008000286702261851,0.0001800902362597812,-3.6450452015891105e-05,0.0012655901261647206,-6.319386676152737,-6.28709624962653,-0.9629650209480342,1.0200654509206116e-05,3.0920209910889724e-07,28.0,28.0,14.0,6.0,6.0,6.0
1.2521034930944448,1.0,3.5798715060321344e-05,0.0001813365355587953,-0.3163494648735796,0.016130330940391152,0.2227998260040374,-0.3163494648735796,0.016130330940391152,0.2227998260040374,-0.3163213413585215,0.01613882260042049,0.2227793685454784,-0.4136012236224573,-1.5683262983905237,1.4025559425354004,-1.404337231312887,-1.5707743803607386,2.7276930809020996,0.0,0.0003451456723269075,-0.0,0.00021571606339421123,0.0,-0.00014381069922819734,-0.41352981057868665,-1.5683163371248712,1.4026083516688235,-1.4045114915060906,-1.5707430377921612,2.72781839326708,1.3464596260739796e-05,-0.0003578898271378153,0.0005789360399476402,-0.0008082419088855513,0.0001761470481227364,-3.145643142469419e-05,0.0015494471468991179,-6.319379051633025,-6.2872278237906745,-0.9629826677645136,1.8221487176455035e-05,3.122217853540438e-07,28.0,28.0,14.0,6.0,6.0,6.0
1.256526996101719,1.0,3.5798715060321344e-05,0.0001813365355587953,-0.3163494648735796,0.016130330940391152,0.2227998260040374,-0.3163494648735796,0.016130330940391152,0.2227998260040374,-0.3163213413585215,0.01613882260042049,0.2227793685454784,-0.4136012236224573,-1.5683262983905237,1.4025559425354004,-1.404337231312887,-1.5707743803607386,2.7276930809020996,0.0,0.0003451456723269075,-0.0,0.00021571606339421123,0.0,-0.00014381069922819734,-0.4135297420931102,-1.5683177841916904,1.4026106746475624,-1.4045147553555035,-1.5707423480303562,2.727818286218872,1.7121394114840878e-05,-0.0003617667048129982,0.0005807446847365069,-0.0008159623532253554,0.0001724404512739143,-2.6762052068969096e-05,0.0015494471468991179,-6.319379051633025,-6.2872278237906745,-0.9629826677645136,1.8221487176455035e-05,3.122217853540438e-07,28.0,28.0,14.0,6.0,6.0,6.0
1.260526996101719,1.0,3.5798715060321344e-05,0.0001813365355587953,-0.3163494648735796,0.016130330940391152,0.2227998260040374,-0.3163494648735796,0.016130330940391152,0.2227998260040374,-0.3163213413585215,0.01613882260042049,0.2227793685454784,-0.4136012236224573,-1.5683262983905237,1.4025559425354004,-1.404337231312887,-1.5707743803607386,2.7276930809020996,0.0,0.0003451456723269075,-0.0,0.00021571606339421123,0.0,-0.00014381069922819734,-0.41352965985797385,-1.5683192458355697,1.4026130044268057,-1.4045180482337871,-1.5707416722053553,2.72781819682153,2.0558784097695896e-05,-0.0003654109698276701,0.0005824448108380416,-0.0008232195709047712,0.00016895625023602152,-2.2349335474587504e-05,0.0015494471468991179,-6.319379051633025,-6.2872278237906745,-0.9629826677645136,1.8221487176455035e-05,3.122217853540438e-07,28.0,28.0,14.0,6.0,6.0,6.0
1.2654704911068553,1.0,2.5894192810682696e-05,0.00015223558090303685,-0.3163494648735796,0.016130330940391152,0.2227998260040374,-0.3163494648735796,0.016130330940391152,0.2227998260040374,-0.3163289557091574,0.016135602734761428,0.22278492326670032,-0.41358930269350225,-1.5683262983905237,1.4025440216064453,-1.4043610731707972,-1.5707624594317835,2.727753162384033,0.0,0.0003451456723269075,-0.0,0.00021571606339421123,0.0,2.3968450477696024e-05,-0.41352956674686187,-1.5683207003665818,1.4026153182637608,-1.4045213256918896,-1.5707410232127725,2.7278180745413114,2.3277777992008413e-05,-0.0003636327530253339,0.0005784592387788664,-0.0008193645255932986,0.00016224814567112296,-3.057005461932347e-05,0.0013744833521776689,-6.3189379595629855,-6.287127634275945,-0.9629641059189183,1.6735136544244297e-05,-6.699670693698014e-07,28.0,28.0,14.0,6.0,6.0,6.0
1.2694704911068553,1.0,2.5894192810682696e-05,0.00015223558090303685,-0.3163494648735796,0.016130330940391152,0.2227998260040374,-0.3163494648735796,0.016130330940391152,0.2227998260040374,-0.3163289557091574,0.016135602734761428,0.22278492326670032,-0.41358930269350225,-1.5683262983905237,1.4025440216064453,-1.4043610731707972,-1.5707624594317835,2.727753162384033,0.0,0.0003451456723269075,-0.0,0.00021571606339421123,0.0,2.3968450477696024e-05,-0.4135294634123329,-1.5683221482114986,1.402617617114965,-1.4045245886550215,-1.570740399442663,2.727817921351189,2.5833632252662176e-05,-0.0003619612292311378,0.0005747128010432417,-0.0008157407830005145,0.00015594252738011831,-3.8297530615375277e-05,0.0013744833521776689,-6.3189379595629855,-6.287127634275945,-0.9629641059189183,1.6735136544244297e-05,-6.699670693698014e-07,28.0,28.0,14.0,6.0,6.0,6.0
1.2738275101096375,1.0,2.5894192810682696e-05,0.00015223558090303685,-0.3163494648735796,0.016130330940391152,0.2227998260040374,-0.3163494648735796,0.016130330940391152,0.2227998260040374,-0.3163289557091574,0.016135602734761428,0.22278492326670032,-0.41358930269350225,-1.5683262983905237,1.4025440216064453,-1.4043610731707972,-1.5707624594317835,2.727753162384033,0.0,0.0003451456723269075,-0.0,0.00021571606339421123,0.0,2.3968450477696024e-05,-0.4135293504677918,-1.568323589771486,1.402619901879563,-1.4045278379928814,-1.5707397993816783,2.727817739105757,2.8236135257676714e-05,-0.00036038999686459355,0.0005711911495717545,-0.0008123344649632974,0.00015001524618657395,-4.5561358051663974e-05,0.0013744833521776689,-6.3189379595629855,-6.287127634275945,-0.9629641059189183,1.6735136544244297e-05,-6.699670693698014e-07,28.0,28.0,14.0,6.0,6.0,6.0
1.2778275101096375,1.0,4.286141462928022e-05,0.0002197721686815195,-0.3163494648735796,0.016130330940391152,0.2227998260040374,-0.3163494648735796,0.016130330940391152,0.2227998260040374,-0.316317539935317,0.016128295022792137,0.222771299626411,-0.4135654608355921,-1.5683143774615687,1.4025678634643555,-1.404325310383932,-1.5707863012896937,2.727705240249634,0.0,0.0003451456723269075,-0.0,0.00021571606339421123,0.0,2.3968450477696024e-05,-0.4135292517953089,-1.5683250739343584,1.4026222181120596,-1.4045311531014282,-1.5707391941404436,2.7278175889115346,2.466812072088047e-05,-0.0003710407181105429,0.0005790581241096531,-0.0008287771367047482,0.0001513103086701406,-3.7548555650876324e-05,0.0013483452524087176,-6.319954821242484,-6.287391302164154,-0.9630116615941483,8.719606064583343e-06,2.559857594984149e-07,28.0,28.0,14.0,6.0,6.0,6.0
1.2823578601179184,1.0,4.286141462928022e-05,0.0002197721686815195,-0.3163494648735796,0.016130330940391152,0.2227998260040374,-0.3163494648735796,0.016130330940391152,0.2227998260040374,-0.316317539935317,0.016128295022792137,0.222771299626411,-0.4135654608355921,-1.5683143774615687,1.4025678634643555,-1.404325310383932,-1.5707863012896937,2.727705240249634,0.0,0.0003451456723269075,-0.0,0.00021571606339421123,0.0,2.3968450477696024e-05,-0.4135291665385607,-1.5683265981439427,1.4026245639243802,-1.4045345300344207,-1.570738584029774,2.727817468845449,2.1314187056292005e-05,-0.00038105239608173533,0.0005864530801752779,-0.0008442332481417119,0.00015252766740469324,-3.0016521394135934e-05,0.0013483452524087176,-6.319954821242484,-6.287391302164154,-0.9630116615941483,8.719606064583343e-06,2.559857594984149e-07,28.0,28.0,14.0,6.0,6.0,6.0
1.2863578601179184,1.0,4.286141462928022e-05,0.0002197721686815195,-0.3163494648735796,0.016130330940391152,0.2227998260040374,-0.3163494648735796,0.016130330940391152,0.2227998260040374,-0.316317539935317,0.016128295022792137,0.222771299626411,-0.4135654608355921,-1.5683143774615687,1.4025678634643555,-1.404325310383932,-1.5707863012896937,2.727705240249634,0.0,0.0003451456723269075,-0.0,0.00021571606339421123,0.0,2.3968450477696024e-05,-0.41352909389260306,-1.5683281599974361,1.4026269375417357,-1.4045379650823924,-1.5707379693418355,2.727817377099812,1.8161489411578847e-05,-0.0003904633733746562,0.0005934043388769651,-0.0008587619928924579,0.0001536719846151727,-2.2936409192799966e-05,0.0013483452524087176,-6.319954821242484,-6.287391302164154,-0.9630116615941483,8.719606064583343e-06,2.559857594984149e-07,28.0,28.0,14.0,6.0,6.0,6.0
1.2911351471345411,1.0,2.9336046488860286e-05,0.00013796377368179342,-0.3163494648735796,0.016130330940391152,0.2227998260040374,-0.3163494648735796,0.016130330940391152,0.2227998260040374,-0.31633474337518624,0.016153973687766665,0.22279061179733317,-0.4136131445514124,-1.5683143774615687,1.402519702911377,-1.4043849150287073,-1.5707982222186487,2.727753162384033,0.0,0.0003451456723269075,-0.0,0.00021571606339421123,0.0,2.3968450477696024e-05,-0.4135290105159654,-1.568329703258962,1.4026292857627582,-1.4045413330766319,-1.5707373366346482,2.727817224423766,2.0844159411245975e-05,-0.0003858153814983423,0.0005870552556089497,-0.0008419985598809229,0.0001581767968539023,-3.8169011519094916e-05,0.0013489132553762462,-6.318912843151075,-6.287041650943637,-0.9629397424307891,1.843801144685933e-05,-9.774975946630116e-07,28.0,28.0,14.0,6.0,6.0,6.0
1.2951351471345411,1.0,2.9336046488860286e-05,0.00013796377368179342,-0.3163494648735796,0.016130330940391152,0.2227998260040374,-0.3163494648735796,0.016130330940391152,0.2227998260040374,-0.31633474337518624,0.016153973687766665,0.22279061179733317,-0.4136131445514124,-1.5683143774615687,1.402519702911377,-1.4043849150287073,-1.5707982222186487,2.727753162384033,0.0,0.0003451456723269075,-0.0,0.00021571606339421123,0.0,2.3968450477696024e-05,-0.41352891705248856,-1.5683312290440385,1.4026316101112275,-1.4045446380403632,-1.5707366869893669,2.7278170144731355,2.3365869210933075e-05,-0.0003814462691346073,0.0005810871173370152,-0.00082624093285008,0.00016241132035830813,-5.248765770581217e-05,0.0013489132553762462,-6.318912843151075,-6.287041650943637,-0.9629397424307891,1.843801144685933e-05,-9.774975946630116e-07,28.0,28.0,14.0,6.0,6.0,6.0
1.2991351471345411,1.0,2.9336046488860286e-05,0.00013796377368179342,-0.3163494648735796,0.016130330940391152,0.2227998260040374,-0.3163494648735796,0.016130330940391152,0.2227998260040374,-0.31633474337518624,0.016153973687766665,0.22279061179733317,-0.4136131445514124,-1.5683143774615687,1.402519702911377,-1.4043849150287073,-1.5707982222186487,2.727753162384033,0.0,0.0003451456723269075,-0.0,0.00021571606339421123,0.0,2.3968450477696024e-05,-0.41352881410738285,-1.5683327384012526,1.402633912019497,-1.404547883755417,-1.570736021422277,2.727816750684395,2.5736276422638948e-05,-0.0003773393035126964,0.0005754770673613968,-0.0008114287634410876,0.0001663917724524496,-6.594718512132639e-05,0.0013489132553762462,-6.318912843151075,-6.287041650943637,-0.9629397424307891,1.843801144685933e-05,-9.774975946630116e-07,28.0,28.0,14.0,6.0,6.0,6.0
1.3031351471345411,1.0,4.32596679657655e-05,0.00019788200913353892,-0.3163494648735796,0.016130330940391152,0.2227998260040374,-0.3163494648735796,0.016130330940391152,0.2227998260040374,-0.3163239346334937,0.0161453740026984,0.22276830915155998,-0.4136012236224573,-1.5683024565326136,1.4025797843933105,-1.4043729940997522,-1.5707982222186487,2.727705240249634,0.0,0.0003451456723269075,-0.0,0.00021571606339421123,0.0,2.3968450477696024e-05,-0.41352870908446815,-1.5683342828266154,1.4026362216116044,-1.4045511487013151,-1.5707353408841431,2.7278164983898128,2.625572867133846e-05,-0.00038610634069140574,0.0005773980268293237,-0.0008162364744993748,0.00017013453346939223,-6.307364551194389e-05,0.0015907278264225173,-6.320310932143971,-6.287518092472207,-0.9630159697263392,1.5697868378384295e-05,-2.0540223141747762e-07,28.0,28.0,14.0,6.0,6.0,6.0
1.3072179231294436,1.0,4.32596679657655e-05,0.00019788200913353892,-0.3163494648735796,0.016130330940391152,0.2227998260040374,-0.3163494648735796,0.016130330940391152,0.2227998260040374,-0.3163239346334937,0.0161453740026984,0.22276830915155998,-0.4136012236224573,-1.5683024565326136,1.4025797843933105,-1.4043729940997522,-1.5707982222186487,2.727705240249634,0.0,0.0003451456723269075,-0.0,0.00021571606339421123,0.0,2.3968450477696024e-05,-0.413528602108413,-1.568335860216038,1.4026385384265194,-1.4045544317242067,-1.570734646273228,2.7278162568997395,2.6744013785116e-05,-0.0003943473556393925,0.0005792037287291751,-0.0008207557228941648,0.0001736527288253183,-6.0372518279124333e-05,0.0015907278264225173,-6.320310932143971,-6.287518092472207,-0.9630159697263392,1.5697868378384295e-05,-2.0540223141747762e-07,28.0,28.0,14.0,6.0,6.0,6.0
1.3112179231294436,1.0,4.32596679657655e-05,0.00019788200913353892,-0.3163494648735796,0.016130330940391152,0.2227998260040374,-0.3163494648735796,0.016130330940391152,0.2227998260040374,-0.3163239346334937,0.0161453740026984,0.22276830915155998,-0.4136012236224573,-1.5683024565326136,1.4025797843933105,-1.4043729940997522,-1.5707982222186487,2.727705240249634,0.0,0.0003451456723269075,-0.0,0.00021571606339421123,0.0,2.3968450477696024e-05,-0.41352849329640584,-1.5683374685916767,1.4026408620308735,-1.4045577317394722,-1.570733938433898,2.7278160255659047,2.720300179206689e-05,-0.0004020939096905001,0.0005809010885150353,-0.0008250038163852675,0.0001769598324598888,-5.783345868027395e-05,0.0015907278264225173,-6.320310932143971,-6.287518092472207,-0.9630159697263392,1.5697868378384295e-05,-2.0540223141747762e-07,28.0,28.0,14.0,6.0,6.0,6.0
1.3157245301455265,1.0,4.32596679657655e-05,0.00019788200913353892,-0.3163494648735796,0.016130330940391152,0.2227998260040374,-0.3163494648735796,0.016130330940391152,0.2227998260040374,-0.3163239346334937,0.0161453740026984,0.22276830915155998,-0.4136012236224573,-1.5683024565326136,1.4025797843933105,-1.4043729940997522,-1.5707982222186487,2.727705240249634,0.0,0.0003451456723269075,-0.0,0.00021571606339421123,0.0,2.3968450477696024e-05,-0.41352838275860376,-1.5683391060943586,1.4026431920173004,-1.4045610477275692,-1.5707332181598586,2.727815803778934,2.7634450518600724e-05,-0.0004093756704985412,0.000582496606713744,-0.000828997024266904,0.0001800685098763851,-5.5446742657354597e-05,0.0015907278264225173,-6.320310932143971,-6.287518092472207,-0.9630159697263392,1.5697868378384295e-05,-2.0540223141747762e-07,28.0,28.0,14.0,6.0,6.0,6.0
1.3197245301455265,1.0,1.598083515317512e-05,0.0001254356667092421,-0.3163494648735796,0.016130330940391152,0.2227998260040374,-0.3163494648735796,0.016130330940391152,0.2227998260040374,-0.3163399725714137,0.016139289142399857,0.22279060462081385,-0.41357738176454717,-1.5683024565326136,1.4025077819824219,-1.4043849150287073,-1.5707743803607386,2.7277767658233643,0.0,0.00032597093377262354,-0.0,0.00021571606339421123,0.0,2.3968450477696024e-05,-0.41352827470463943,-1.5683407238523572,1.4026455016778916,-1.4045643037958413,-1.5707325136542036,2.727815531932069,2.7013491078116303e-05,-0.00040443949966898315,0.0005774151478043867,-0.0008140170680131642,0.000176126413733233,-6.796171623317561e-05,0.001156721601076272,-6.318909947343974,-6.28699895615703,-0.9629341113945256,1.2723067998216656e-05,-8.206573278296584e-07,28.0,28.0,14.0,6.0,6.0,6.0
1.3241599041395826,1.0,1.598083515317512e-05,0.0001254356667092421,-0.3163494648735796,0.016130330940391152,0.2227998260040374,-0.3163494648735796,0.016130330940391152,0.2227998260040374,-0.3163399725714137,0.016139289142399857,0.22279060462081385,-0.41357738176454717,-1.5683024565326136,1.4025077819824219,-1.4043849150287073,-1.5707743803607386,2.7277767658233643,0.0,0.00032597093377262354,-0.0,0.00021571606339421123,0.0,2.3968450477696024e-05,-0.4135281689854826,-1.5683423230503535,1.4026477922321974,-1.4045675035394778,-1.57073182397083,2.7278152130289035,2.6429789204060946e-05,-0.00039979949908919857,0.0005726385764295909,-0.0007999359091346488,0.00017242084335867004,-7.972579139444737e-05,0.001156721601076272,-6.318909947343974,-6.28699895615703,-0.9629341113945256,1.2723067998216656e-05,-8.206573278296584e-07,28.0,28.0,14.0,6.0,6.0,6.0
1.3281599041395826,1.0,1.598083515317512e-05,0.0001254356667092421,-0.3163494648735796,0.016130330940391152,0.2227998260040374,-0.3163494648735796,0.016130330940391152,0.2227998260040374,-0.3163399725714137,0.016139289142399857,0.22279060462081385,-0.41357738176454717,-1.5683024565326136,1.4025077819824219,-1.4043849150287073,-1.5707743803607386,2.7277767658233643,0.0,0.00032597093377262354,-0.0,0.00021571606339421123,0.0,2.3968450477696024e-05,-0.41352806546104487,-1.5683439048019476,1.4026500648265947,-1.404570650337957,-1.5707311482204014,2.727814849892815,2.588110944244891e-05,-0.00039543789854420107,0.0005681485993372828,-0.0007866996197888443,0.00016893760720658086,-9.078402204604282e-05,0.001156721601076272,-6.318909947343974,-6.28699895615703,-0.9629341113945256,1.2723067998216656e-05,-8.206573278296584e-07,28.0,28.0,14.0,6.0,6.0,6.0
1.3328232201486832,1.0,2.745855184899206e-05,0.00014896797210574728,-0.3163494648735796,0.016130330940391152,0.2227998260040374,-0.3163494648735796,0.016130330940391152,0.2227998260040374,-0.31632423395137843,0.0161367542111601,0.22279110165723376,-0.4135654608355921,-1.5683382193194788,1.402531623840332,-1.404349152241842,-1.570810619984762,2.72776460647583,0.0,0.0003067961661145091,-0.0,0.00021571606339421123,0.0,2.3968450477696024e-05,-0.41352798546928765,-1.5683454698876702,1.4026523318210424,-1.404573787310973,-1.5707304438272165,2.727814451445544,1.999793930775365e-05,-0.0003912714306451042,0.0005667486119375093,-0.0007842432540239556,0.0001760982962003961,-9.961181784648036e-05,0.0007911861992243018,-6.318119204048381,-6.2868893310577825,-0.9629341581891468,6.133289576266212e-06,-5.099020180211897e-07,28.0,28.0,14.0,6.0,6.0,6.0
1.3368232201486832,1.0,2.745855184899206e-05,0.00014896797210574728,-0.3163494648735796,0.016130330940391152,0.2227998260040374,-0.3163494648735796,0.016130330940391152,0.2227998260040374,-0.31632423395137843,0.0161367542111601,0.22279110165723376,-0.4135654608355921,-1.5683382193194788,1.402531623840332,-1.404349152241842,-1.570810619984762,2.72776460647583,0.0,0.0003067961661145091,-0.0,0.00021571606339421123,0.0,2.3968450477696024e-05,-0.41352792759825013,-1.5683470193074736,1.4026545935515375,-1.4045769150480538,-1.5707297125098412,2.7278140198057605,1.4467759381140105e-05,-0.00038735495081995317,0.0005654326237817222,-0.0007819342702049603,0.00018282934385458242,-0.00010790994589889164,0.0007911861992243018,-6.318119204048381,-6.2868893310577825,-0.9629341581891468,6.133289576266212e-06,-5.099020180211897e-07,28.0,28.0,14.0,6.0,6.0,6.0
1.341415305173025,1.0,2.745855184899206e-05,0.00014896797210574728,-0.3163494648735796,0.016130330940391152,0.2227998260040374,-0.3163494648735796,0.016130330940391152,0.2227998260040374,-0.31632423395137843,0.0161367542111601,0.22279110165723376,-0.4135654608355921,-1.5683382193194788,1.402531623840332,-1.404349152241842,-1.570810619984762,2.72776460647583,0.0,0.0003067961661145091,-0.0,0.00021571606339421123,0.0,2.3968450477696024e-05,-0.4135278905206891,-1.5683485540013127,1.4026568503339172,-1.4045800341033554,-1.5707289558837265,2.7278135569650153,9.269390250123373e-06,-0.00038367345978431117,0.0005641955949152823,-0.0007797638254151046,0.00018915652864951756,-0.00011571018626815825,0.0007911861992243018,-6.318119204048381,-6.2868893310577825,-0.9629341581891468,6.133289576266212e-06,-5.099020180211897e-07,28.0,28.0,14.0,6.0,6.0,6.0
1.345415305173025,1.0,2.8531283408646898e-05,0.00011946441692973929,-0.3163494648735796,0.016130330940391152,0.2227998260040374,-0.3163494648735796,0.016130330940391152,0.2227998260040374,-0.3163303448474274,0.016149336429972464,0.22279048522791026,-0.4136131445514124,-1.5683382193194788,1.4025440216064453,-1.4043849150287073,-1.5707863012896937,2.727717161178589,0.0,0.00028762139845639467,-0.0,0.00021571606339421123,0.0,2.3968450477696024e-05,-0.4135278357821737,-1.5683500590405386,1.4026590731058233,-1.404583105453597,-1.570728203481177,2.727813101729855,1.368462884777646e-05,-0.00037625980648868897,0.0005556929765340964,-0.000767837560450276,0.0001881006373942946,-0.00011380879009621203,0.001228732472863069,-6.3180820949053285,-6.286905249795074,-0.9629251031053293,1.9697612223372738e-05,-5.130172403223098e-07,28.0,28.0,14.0,6.0,6.0,6.0
1.349849492167356,1.0,2.8531283408646898e-05,0.00011946441692973929,-0.3163494648735796,0.016130330940391152,0.2227998260040374,-0.3163494648735796,0.016130330940391152,0.2227998260040374,-0.3163303448474274,0.016149336429972464,0.22279048522791026,-0.4136131445514124,-1.5683382193194788,1.4025440216064453,-1.4043849150287073,-1.5707863012896937,2.727717161178589,0.0,0.00028762139845639467,-0.0,0.00021571606339421123,0.0,2.3968450477696024e-05,-0.4135277644423612,-1.5683515362044282,1.4026612639078844,-1.4045861319610826,-1.5707274550487784,2.7278126536439444,1.783495312957036e-05,-0.00036929097239080414,0.0005477005152557818,-0.0007566268713833371,0.000187108099614385,-0.00011202147769458258,0.001228732472863069,-6.3180820949053285,-6.286905249795074,-0.9629251031053293,1.9697612223372738e-05,-5.130172403223098e-07,28.0,28.0,14.0,6.0,6.0,6.0
1.353849492167356,1.0,2.8531283408646898e-05,0.00011946441692973929,-0.3163494648735796,0.016130330940391152,0.2227998260040374,-0.3163494648735796,0.016130330940391152,0.2227998260040374,-0.3163303448474274,0.016149336429972464,0.22279048522791026,-0.4136131445514124,-1.5683382193194788,1.4025440216064453,-1.4043849150287073,-1.5707863012896937,2.727717161178589,0.0,0.00028762139845639467,-0.0,0.00021571606339421123,0.0,2.3968450477696024e-05,-0.4135276774973294,-1.5683529871655015,1.402663424658291,-1.4045891163163773,-1.570726710348322,2.7278122122783284,2.173625795445663e-05,-0.0003627402683387924,0.000540187601654166,-0.0007460888236604145,0.00018617511410126998,-0.0001103414040370509,0.001228732472863069,-6.3180820949053285,-6.286905249795074,-0.9629251031053293,1.9697612223372738e-05,-5.130172403223098e-07,28.0,28.0,14.0,6.0,6.0,6.0
1.3583430391596636,1.0,1.2428618824763537e-05,0.00010283001673497761,-0.3163494648735796,0.016130330940391152,0.2227998260040374,-0.3163494648735796,0.016130330940391152,0.2227998260040374,-0.31633911652398655,0.016135420624203183,0.22279519163835432,-0.41354114214052373,-1.5683143774615687,1.4025077819824219,-1.4043973127948206,-1.570810619984762,2.727753162384033,0.0,0.00026844663079828024,-0.0,0.00021571606339421123,0.0,2.3968450477696024e-05,-0.41352762707543855,-1.5683544197832242,1.4026655638614045,-1.404592033830548,-1.57072594113419,2.7278117675104703,1.2605472707686884e-05,-0.0003581544306788009,0.0005348007783800853,-0.0007293785426844243,0.00019230353301384658,-0.00011119196453560751,0.0004526522925742299,-6.317905063758722,-6.286774371514427,-0.9629038702238678,5.262049586774092e-07,-4.846768176199413e-08,28.0,28.0,14.0,6.0,6.0,6.0
1.3623430391596636,1.0,1.2428618824763537e-05,0.00010283001673497761,-0.3163494648735796,0.016130330940391152,0.2227998260040374,-0.3163494648735796,0.016130330940391152,0.2227998260040374,-0.31633911652398655,0.016135420624203183,0.22279519163835432,-0.41354114214052373,-1.5683143774615687,1.4025077819824219,-1.4043973127948206,-1.570810619984762,2.727753162384033,0.0,0.00026844663079828024,-0.0,0.00021571606339421123,0.0,2.3968450477696024e-05,-0.4135276109853003,-1.5683558351581974,1.4026676828100626,-1.4045948885140622,-1.570725148877203,2.7278113195445046,4.022534575723324e-06,-0.0003538437432784089,0.0005297371645024495,-0.0007136708785669936,0.00019806424679166858,-0.00011199149140425072,0.0004526522925742299,-6.317905063758722,-6.286774371514427,-0.9629038702238678,5.262049586774092e-07,-4.846768176199413e-08,28.0,28.0,14.0,6.0,6.0,6.0
1.366717866156018,1.0,1.2428618824763537e-05,0.00010283001673497761,-0.3163494648735796,0.016130330940391152,0.2227998260040374,-0.3163494648735796,0.016130330940391152,0.2227998260040374,-0.31633911652398655,0.016135420624203183,0.22279519163835432,-0.41354114214052373,-1.5683143774615687,1.4025077819824219,-1.4043973127948206,-1.570810619984762,2.727753162384033,0.0,0.00026844663079828024,-0.0,0.00021571606339421123,0.0,2.3968450477696024e-05,-0.41352762716700936,-1.5683572343249859,1.4026697827195325,-1.4045976841367593,-1.570724334959932,2.727810868572318,-4.045427268322422e-06,-0.0003497916971220404,0.0005249773674574718,-0.0006989056742966087,0.00020347931774282127,-0.00011274304666077534,0.0004526522925742299,-6.317905063758722,-6.286774371514427,-0.9629038702238678,5.262049586774092e-07,-4.846768176199413e-08,28.0,28.0,14.0,6.0,6.0,6.0
1.370717866156018,1.0,2.911115708146024e-05,0.00012864453382323773,-0.3163494648735796,0.016130330940391152,0.2227998260040374,-0.3163494648735796,0.016130330940391152,0.2227998260040374,-0.31633825675579424,0.016157181687399033,0.22280076139029414,-0.4136012236224573,-1.5683382193194788,1.402519702911377,-1.4044211546527308,-1.570822540913717,2.7277886867523193,0.0,0.00024927189224399626,-0.0,0.00021571606339421123,0.0,2.3968450477696024e-05,-0.4135276439698714,-1.5683585891097387,1.4026718331359012,-1.4046003815240957,-1.5707234869643505,2.727810334351643,-4.20071551075957e-06,-0.0003386961882327998,0.0005126040921735433,-0.0006743468340765677,0.00021199889538316922,-0.00013355516866904823,0.0006941742000115249,-6.317149258082829,-6.28663446163472,-0.9628769707134094,1.3104818227536099e-05,-1.2819902247245216e-06,28.0,28.0,14.0,6.0,6.0,6.0
1.3751283101581508,1.0,2.911115708146024e-05,0.00012864453382323773,-0.3163494648735796,0.016130330940391152,0.2227998260040374,-0.3163494648735796,0.016130330940391152,0.2227998260040374,-0.31633825675579424,0.016157181687399033,0.22280076139029414,-0.4136012236224573,-1.5683382193194788,1.402519702911377,-1.4044211546527308,-1.570822540913717,2.7277886867523193,0.0,0.00024927189224399626,-0.0,0.00021571606339421123,0.0,2.3968450477696024e-05,-0.4135276613566172,-1.5683599021753782,1.4026738370287548,-1.4046029865701928,-1.570722606935157,2.7278097218773896,-4.346686458650489e-06,-0.00032826640987691357,0.0005009732134066504,-0.0006512615242697292,0.00022000729836509628,-0.00015311856335682475,0.0006941742000115249,-6.317149258082829,-6.28663446163472,-0.9628769707134094,1.3104818227536099e-05,-1.2819902247245216e-06,28.0,28.0,14.0,6.0,6.0,6.0
1.3791283101581508,1.0,2.911115708146024e-05,0.00012864453382323773,-0.3163494648735796,0.016130330940391152,0.2227998260040374,-0.3163494648735796,0.016130330940391152,0.2227998260040374,-0.31633825675579424,0.016157181687399033,0.22280076139029414,-0.4136012236224573,-1.5683382193194788,1.402519702911377,-1.4044211546527308,-1.570822540913717,2.7277886867523193,0.0,0.00024927189224399626,-0.0,0.00021571606339421123,0.0,2.3968450477696024e-05,-0.41352767929221385,-1.568361176025051,1.4026757971895043,-1.404605504815525,-1.5707216967943682,2.727809035844772,-4.483899149667953e-06,-0.00031846241822238054,0.0004900401873657711,-0.000629561333051301,0.00022753519716810772,-0.00017150815436333468,0.0006941742000115249,-6.317149258082829,-6.28663446163472,-0.9628769707134094,1.3104818227536099e-05,-1.2819902247245216e-06,28.0,28.0,14.0,6.0,6.0,6.0
1.384119294145378,1.0,2.911115708146024e-05,0.00012864453382323773,-0.3163494648735796,0.016130330940391152,0.2227998260040374,-0.3163494648735796,0.016130330940391152,0.2227998260040374,-0.31633825675579424,0.016157181687399033,0.22280076139029414,-0.4136012236224573,-1.5683382193194788,1.402519702911377,-1.4044211546527308,-1.570822540913717,2.7277886867523193,0.0,0.00024927189224399626,-0.0,0.00021571606339421123,0.0,2.3968450477696024e-05,-0.41352769774373016,-1.5683624130117153,1.4026777162420758,-1.4046079414681383,-1.57072075834868,2.7278082806672925,-4.612879079224369e-06,-0.0003092466660671195,0.0004797631428873445,-0.0006091631533059785,0.0002346114220429385,-0.00018879436990945403,0.0006941742000115249,-6.317149258082829,-6.28663446163472,-0.9628769707134094,1.3104818227536099e-05,-1.2819902247245216e-06,28.0,28.0,14.0,6.0,6.0,6.0
1.388119294145378,1.0,1.9043704593667686e-05,0.00010460034171242479,-0.3163494648735796,0.016130330940391152,0.2227998260040374,-0.3163494648735796,0.016130330940391152,0.2227998260040374,-0.3163426057372489,0.016145857922032616,0.22279119305699982,-0.41357738176454717,-1.5683143774615687,1.402531623840332,-1.4044330755816858,-1.5707982222186487,2.7277767658233643,0.0,0.00023009712458588183,-0.0,0.00021571606339421123,0.0,2.3968450477696024e-05,-0.4135277205694133,-1.5683636378312618,1.402679603226388,-1.40461031389058,-1.5707198213007514,2.7278074978031794,-5.706420780398304e-06,-0.0003062048865942223,0.00047174607803965015,-0.0005931056104322514,0.00023426198214004915,-0.00019571602826569208,0.0007488512320295783,-6.317890453855787,-6.286820383122452,-0.9629010080888432,1.0190305879212134e-05,-8.206031136683665e-07,28.0,28.0,14.0,6.0,6.0,6.0
1.392119294145378,1.0,1.9043704593667686e-05,0.00010460034171242479,-0.3163494648735796,0.016130330940391152,0.2227998260040374,-0.3163494648735796,0.016130330940391152,0.2227998260040374,-0.3163426057372489,0.016145857922032616,0.22279119305699982,-0.41357738176454717,-1.5683143774615687,1.402531623840332,-1.4044330755816858,-1.5707982222186487,2.7277767658233643,0.0,0.00023009712458588183,-0.0,0.00021571606339421123,0.0,2.3968450477696024e-05,-0.4135277475068132,-1.5683648512137174,1.4026814600665363,-1.4046126259366607,-1.570718885566717,2.7278066889136308,-6.734349979501803e-06,-0.000303345613889699,0.00046421003708281745,-0.000578011520130948,0.00023393350863133318,-0.00020222238712055586,0.0007488512320295783,-6.317890453855787,-6.286820383122452,-0.9629010080888432,1.0190305879212134e-05,-8.206031136683665e-07,28.0,28.0,14.0,6.0,6.0,6.0
1.396119294145378,1.0,1.356361409212421e-05,0.00010871967477390228,-0.3163494648735796,0.016130330940391152,0.2227998260040374,-0.3163494648735796,0.016130330940391152,0.2227998260040374,-0.31634007721188956,0.016131986749605882,0.22279017708020737,-0.41352922121156865,-1.5683143774615687,1.402531623840332,-1.4044211546527308,-1.570810619984762,2.7278006076812744,0.0,0.00023009712458588183,-0.0,-0.0006231797160580754,0.0,2.3968450477696024e-05,-0.4135278109865548,-1.5683660623883386,1.4026832998420264,-1.4046149379591746,-1.5707179367806565,2.7278058508970564,-1.586993539395742e-05,-0.0003027936553002008,0.0004599438725593183,-0.0005780056284545671,0.0002371965150975564,-0.00020950414354495918,0.000323751331508388,-6.317510498936483,-6.286483986929196,-0.9627713266251845,-2.2215082221746897e-06,-5.068442760397915e-07,28.0,28.0,14.0,6.0,6.0,6.0
1.4007125661403412,1.0,1.356361409212421e-05,0.00010871967477390228,-0.3163494648735796,0.016130330940391152,0.2227998260040374,-0.3163494648735796,0.016130330940391152,0.2227998260040374,-0.31634007721188956,0.016131986749605882,0.22279017708020737,-0.41352922121156865,-1.5683143774615687,1.402531623840332,-1.4044211546527308,-1.570810619984762,2.7278006076812744,0.0,0.00023009712458588183,-0.0,-0.0006231797160580754,0.0,2.3968450477696024e-05,-0.4135279088160975,-1.5683672714875956,1.4026851235767381,-1.4046172499595357,-1.5707169757256918,2.727804985501078,-2.44573856835457e-05,-0.00030227481422607247,0.00045593367790722905,-0.000578000090278769,0.00024026374117580622,-0.0002163489945838983,0.000323751331508388,-6.317510498936483,-6.286483986929196,-0.9627713266251845,-2.2215082221746897e-06,-5.068442760397915e-07,28.0,28.0,14.0,6.0,6.0,6.0
1.4047125661403412,1.0,1.356361409212421e-05,0.00010871967477390228,-0.3163494648735796,0.016130330940391152,0.2227998260040374,-0.3163494648735796,0.016130330940391152,0.2227998260040374,-0.31634007721188956,0.016131986749605882,0.22279017708020737,-0.41352922121156865,-1.5683143774615687,1.402531623840332,-1.4044211546527308,-1.570810619984762,2.7278006076812744,0.0,0.00023009712458588183,-0.0,-0.0006231797160580754,0.0,2.3968450477696024e-05,-0.41352803893445333,-1.5683684786360101,1.402686932233118,-1.4046195619390733,-1.570716003137957,2.7278040943684596,-3.252958895575869e-05,-0.00030178710361639186,0.00045216409493426516,-0.0005779948843935188,0.00024314693368936106,-0.0002227831545605011,0.000323751331508388,-6.317510498936483,-6.286483986929196,-0.9627713266251845,-2.2215082221746897e-06,-5.068442760397915e-07,28.0,28.0,14.0,6.0,6.0,6.0
1.4093224581396213,1.0,1.356361409212421e-05,0.00010871967477390228,-0.3163494648735796,0.016130330940391152,0.2227998260040374,-0.3163494648735796,0.016130330940391152,0.2227998260040374,-0.31634007721188956,0.016131986749605882,0.22279017708020737,-0.41352922121156865,-1.5683143774615687,1.402531623840332,-1.4044211546527308,-1.570810619984762,2.7278006076812744,0.0,0.00023009712458588183,-0.0,-0.0006231797160580754,0.0,2.3968450477696024e-05,-0.4135281994042935,-1.5683696839506327,1.4026887267158656,-1.4046218738990368,-1.5707150197094184,2.7278031790434,-4.011746003163889e-05,-0.00030132865564329206,0.00044862068693967913,-0.0005779899908613836,0.0002458571346521026,-0.00022883126493850772,0.000323751331508388,-6.317510498936483,-6.286483986929196,-0.9627713266251845,-2.2215082221746897e-06,-5.068442760397915e-07,28.0,28.0,14.0,6.0,6.0,6.0
1.4133224581396213,1.0,2.6045513729873053e-05,0.00010591952712773174,-0.3163494648735796,0.016130330940391152,0.2227998260040374,-0.3163494648735796,0.016130330940391152,0.2227998260040374,-0.31633371271893296,0.01614862514420237,0.22279005049809886,-0.41358930269350225,-1.5683382193194788,1.4025559425354004,-1.4044211546527308,-1.570810619984762,2.727729082107544,0.0,0.0002109223569277674,-0.0,-0.0006231797160580754,0.0,2.3968450477696024e-05,-0.41352835387919684,-1.5683708750446286,1.4026904942829777,-1.4046241862120774,-1.5707140260995498,2.727802288686359,-3.861872584576241e-05,-0.00029777349898875525,0.0004418917779892627,-0.0005780782601763866,0.00024840246713559306,-0.00022258926029609862,0.000742945400682845,-6.317146042502752,-6.286443634842289,-0.9627645121479161,1.1622646359939125e-05,-3.591885960604374e-07,28.0,28.0,14.0,6.0,6.0,6.0
1.4175975611228502,1.0,2.6045513729873053e-05,0.00010591952712773174,-0.3163494648735796,0.016130330940391152,0.2227998260040374,-0.3163494648735796,0.016130330940391152,0.2227998260040374,-0.31633371271893296,0.01614862514420237,0.22279005049809886,-0.41358930269350225,-1.5683382193194788,1.4025559425354004,-1.4044211546527308,-1.570810619984762,2.727729082107544,0.0,0.0002109223569277674,-0.0,-0.0006231797160580754,0.0,2.3968450477696024e-05,-0.41352850271885966,-1.5683720527712355,1.402692236549392,-1.4046264988570107,-1.5707130229192312,2.727801421799255,-3.720991571103852e-05,-0.00029443165173349063,0.00043556660357587133,-0.0005781612333324894,0.00025079507967007414,-0.0002167217759322341,0.000742945400682845,-6.317146042502752,-6.286443634842289,-0.9627645121479161,1.1622646359939125e-05,-3.591885960604374e-07,28.0,28.0,14.0,6.0,6.0,6.0
1.4215975611228502,1.0,2.6045513729873053e-05,0.00010591952712773174,-0.3163494648735796,0.016130330940391152,0.2227998260040374,-0.3163494648735796,0.016130330940391152,0.2227998260040374,-0.31633371271893296,0.01614862514420237,0.22279005049809886,-0.41358930269350225,-1.5683382193194788,1.4025559425354004,-1.4044211546527308,-1.570810619984762,2.727729082107544,0.0,0.0002109223569277674,-0.0,-0.0006231797160580754,0.0,2.3968450477696024e-05,-0.4135286462613964,-1.5683732179324967,1.4026939550331503,-1.4046288118139232,-1.5707120107426893,2.7278005769738924,-3.5885634184398063e-05,-0.00029129031531354186,0.0004296209396272834,-0.000578239228099226,0.0002530441354524863,-0.00021120634063020142,0.000742945400682845,-6.317146042502752,-6.286443634842289,-0.9627645121479161,1.1622646359939125e-05,-3.591885960604374e-07,28.0,28.0,14.0,6.0,6.0,6.0
1.426373662129278,1.0,2.0317784916876113e-05,9.355730579025153e-05,-0.3163494648735796,0.016130330940391152,0.2227998260040374,-0.3163494648735796,0.016130330940391152,0.2227998260040374,-0.31633416722136093,0.016142154333265987,0.22279358087782156,-0.41357738176454717,-1.5683501402484339,1.4025559425354004,-1.4044211546527308,-1.5707982222186487,2.727753162384033,0.0,0.0001917476038215682,-0.0,-0.0006231797160580754,0.0,2.3968450477696024e-05,-0.41352878668351206,-1.5683743569532784,1.4026956399711927,-1.4046311154005566,-1.5707110043862218,2.727799737021045,-3.5105528911448754e-05,-0.0002847551954217193,0.00042123451058705743,-0.0005758966583409615,0.0002515891168987498,-0.000209988211845544,0.0005746233047404754,-6.316548219138544,-6.286315392837725,-0.9627490351683582,1.0186419640824718e-05,-5.160658095217067e-07,28.0,28.0,14.0,6.0,6.0,6.0
1.430373662129278,1.0,2.0317784916876113e-05,9.355730579025153e-05,-0.3163494648735796,0.016130330940391152,0.2227998260040374,-0.3163494648735796,0.016130330940391152,0.2227998260040374,-0.31633416722136093,0.016142154333265987,0.22279358087782156,-0.41357738176454717,-1.5683501402484339,1.4025559425354004,-1.4044211546527308,-1.5707982222186487,2.727753162384033,0.0,0.0001917476038215682,-0.0,-0.0006231797160580754,0.0,2.3968450477696024e-05,-0.41352892417243187,-1.5683754714020093,1.4026972933762618,-1.4046334101791278,-1.570710003500624,2.727798901648362,-3.43722299548764e-05,-0.0002786121827234061,0.000413351267289245,-0.0005736946427681929,0.00025022139945823745,-0.000208843170787966,0.0005746233047404754,-6.316548219138544,-6.286315392837725,-0.9627490351683582,1.0186419640824718e-05,-5.160658095217067e-07,28.0,28.0,14.0,6.0,6.0,6.0
1.4347378051094717,1.0,2.0317784916876113e-05,9.355730579025153e-05,-0.3163494648735796,0.016130330940391152,0.2227998260040374,-0.3163494648735796,0.016130330940391152,0.2227998260040374,-0.31633416722136093,0.016142154333265987,0.22279358087782156,-0.41357738176454717,-1.5683501402484339,1.4025559425354004,-1.4044211546527308,-1.5707982222186487,2.727753162384033,0.0,0.0001917476038215682,-0.0,-0.0006231797160580754,0.0,2.3968450477696024e-05,-0.4135290589041476,-1.5683765627530124,1.4026989171403361,-1.4046356966781204,-1.5707090077576438,2.7277980705810334,-3.368292893569838e-05,-0.00027283775078699166,0.0004059410185893013,-0.0005716247481297904,0.00024893574506415587,-0.0002077668321938427,0.0005746233047404754,-6.316548219138544,-6.286315392837725,-0.9627490351683582,1.0186419640824718e-05,-5.160658095217067e-07,28.0,28.0,14.0,6.0,6.0,6.0
1.4387378051094717,1.0,3.285711078503406e-05,0.00011559374085277349,-0.3163494648735796,0.016130330940391152,0.2227998260040374,-0.3163494648735796,0.016130330940391152,0.2227998260040374,-0.31634134201722197,0.016151973683109486,0.22277647647253543,-0.41358930269350225,-1.5683024565326136,1.4025797843933105,-1.404468838368551,-1.570810619984762,2.727729082107544,0.0,0.0001917476038215682,-0.0,-0.0006231797160580754,0.0,2.3968450477696024e-05,-0.4135291891753621,-1.5683776742737807,1.402700519380182,-1.404637967296005,-1.5707080025729596,2.727797259435699,-3.256780361857003e-05,-0.00027788019206515164,0.0004005599614919538,-0.0005676544711404346,0.0002512961710233157,-0.00020278633357606493,0.0009164050194284395,-6.3183008721148965,-6.286764802998853,-0.9627975902797204,1.1626247576464748e-05,-3.591916059613494e-07,28.0,28.0,14.0,6.0,6.0,6.0
1.4427956500938168,1.0,3.285711078503406e-05,0.00011559374085277349,-0.3163494648735796,0.016130330940391152,0.2227998260040374,-0.3163494648735796,0.016130330940391152,0.2227998260040374,-0.31634134201722197,0.016151973683109486,0.22277647647253543,-0.41358930269350225,-1.5683024565326136,1.4025797843933105,-1.404468838368551,-1.570810619984762,2.727729082107544,0.0,0.0001917476038215682,-0.0,-0.0006231797160580754,0.0,2.3968450477696024e-05,-0.41352931525370534,-1.5683788047541283,1.4027021013872534,-1.404640222985648,-1.570706988513074,2.7277964670170394,-3.1519585820469385e-05,-0.00028262008686662205,0.0003955017678204471,-0.0005639224107704402,0.00025351497142492595,-0.00019810466487535386,0.0009164050194284395,-6.3183008721148965,-6.286764802998853,-0.9627975902797204,1.1626247576464748e-05,-3.591916059613494e-07,28.0,28.0,14.0,6.0,6.0,6.0
1.4467956500938168,1.0,3.285711078503406e-05,0.00011559374085277349,-0.3163494648735796,0.016130330940391152,0.2227998260040374,-0.3163494648735796,0.016130330940391152,0.2227998260040374,-0.31634134201722197,0.016151973683109486,0.22277647647253543,-0.41358930269350225,-1.5683024565326136,1.4025797843933105,-1.404468838368551,-1.570810619984762,2.727729082107544,0.0,0.0001917476038215682,-0.0,-0.0006231797160580754,0.0,2.3968450477696024e-05,-0.4135294373907497,-1.5683799530564801,1.4027036643755164,-1.4046424646427442,-1.5707059661104987,2.7277956922014543,-3.053426109025477e-05,-0.00028707558798000423,0.00039074706576923087,-0.0005604142740226455,0.0002556006438024396,-0.00019370389629668543,0.0009164050194284395,-6.3183008721148965,-6.286764802998853,-0.9627975902797204,1.1626247576464748e-05,-3.591916059613494e-07,28.0,28.0,14.0,6.0,6.0,6.0
1.4513758620941086,1.0,3.285711078503406e-05,0.00011559374085277349,-0.3163494648735796,0.016130330940391152,0.2227998260040374,-0.3163494648735796,0.016130330940391152,0.2227998260040374,-0.31634134201722197,0.016151973683109486,0.22277647647253543,-0.41358930269350225,-1.5683024565326136,1.4025797843933105,-1.404468838368551,-1.570810619984762,2.727729082107544,0.0,0.0001917476038215682,-0.0,-0.0006231797160580754,0.0,2.3968450477696024e-05,-0.41352955582297307,-1.5683811181115161,1.4027052094860997,-1.4046446931092462,-1.5707049358657954,2.727794933932759,-2.960805584385304e-05,-0.0002912637590265835,0.00038627764584108756,-0.0005571166254797184,0.00025756117583730246,-0.00018956717383273713,0.0009164050194284395,-6.3183008721148965,-6.286764802998853,-0.9627975902797204,1.1626247576464748e-05,-3.591916059613494e-07,28.0,28.0,14.0,6.0,6.0,6.0
1.4553758620941086,1.0,1.7618457025761026e-05,7.863822088450325e-05,-0.3163494648735796,0.016130330940391152,0.2227998260040374,-0.3163494648735796,0.016130330940391152,0.2227998260040374,-0.3163378173451367,0.01614104978636976,0.22279208963214694,-0.41357738176454717,-1.5683501402484339,1.4025678634643555,-1.404444996510641,-1.5707863012896937,2.727753162384033,0.0,0.00017257283616345376,-0.0,-0.0006231797160580754,0.0,2.3968450477696024e-05,-0.41352966783803513,-1.5683822495666493,1.402706713415841,-1.4046468938949883,-1.5707039262542775,2.7277941801472765,-2.80037655172329e-05,-0.00028286378327841,0.00037598243537275436,-0.0005501964355444398,0.00025240287950602626,-0.0001884463706558145,0.0005656896124526854,-6.316411170915444,-6.286329108563659,-0.9627473264821905,1.1448110764902183e-05,-5.16055582563826e-07,28.0,28.0,14.0,6.0,6.0,6.0
1.4597874930668628,1.0,1.7618457025761026e-05,7.863822088450325e-05,-0.3163494648735796,0.016130330940391152,0.2227998260040374,-0.3163494648735796,0.016130330940391152,0.2227998260040374,-0.3163378173451367,0.01614104978636976,0.22279208963214694,-0.41357738176454717,-1.5683501402484339,1.4025678634643555,-1.404444996510641,-1.5707863012896937,2.727753162384033,0.0,0.00017257283616345376,-0.0,-0.0006231797160580754,0.0,2.3968450477696024e-05,-0.41352977382096556,-1.5683833494378736,1.4027081786355913,-1.4046490686608164,-1.5707029360379536,2.7277934305760136,-2.6495732610209967e-05,-0.00027496780607512693,0.00036630493753252115,-0.0005436914570052778,0.0002475540809546266,-0.0001873928156695072,0.0005656896124526854,-6.316411170915444,-6.286329108563659,-0.9627473264821905,1.1448110764902183e-05,-5.16055582563826e-07,28.0,28.0,14.0,6.0,6.0,6.0
1.4637874930668628,1.0,2.7715577152332065e-05,7.878178114071373e-05,-0.3163494648735796,0.016130330940391152,0.2227998260040374,-0.3163494648735796,0.016130330940391152,0.2227998260040374,-0.31635114597563446,0.016154611008155014,0.22281308516774218,-0.4136012236224573,-1.5683625380145472,1.402519702911377,-1.4044812361346644,-1.5707863012896937,2.727753162384033,0.0,0.00017257283616345376,-0.0,-0.0014141385909169912,0.0,2.3968450477696024e-05,-0.4135298604521918,-1.5683843620678184,1.4027095619557386,-1.4046511574829086,-1.5707019640549442,2.727792671183793,-2.1657806560368894e-05,-0.0002531574862017858,0.0003458300368175073,-0.0005222055230282591,0.0002429957523275674,-0.00018984805512495387,0.000411737194162151,-6.314744185738879,-6.28558923682283,-0.9625446165996618,1.693435951848465e-05,-8.236208344918373e-07,28.0,28.0,14.0,6.0,6.0,6.0
1.4683487110633875,1.0,2.7715577152332065e-05,7.878178114071373e-05,-0.3163494648735796,0.016130330940391152,0.2227998260040374,-0.3163494648735796,0.016130330940391152,0.2227998260040374,-0.31635114597563446,0.016154611008155014,0.22281308516774218,-0.4136012236224573,-1.5683625380145472,1.402519702911377,-1.4044812361346644,-1.5707863012896937,2.727753162384033,0.0,0.00017257283616345376,-0.0,-0.0014141385909169912,0.0,2.3968450477696024e-05,-0.4135299288928161,-1.5683852926909605,1.4027108682902591,-1.4046531655178889,-1.5707010092112506,2.727791902559872,-1.7110156073518283e-05,-0.00023265578552084516,0.0003265836301453943,-0.0005020087450898616,0.00023871092341813175,-0.00019215598021307372,0.000411737194162151,-6.314744185738879,-6.28558923682283,-0.9625446165996618,1.693435951848465e-05,-8.236208344918373e-07,28.0,28.0,14.0,6.0,6.0,6.0
1.4723487110633875,1.0,2.7715577152332065e-05,7.878178114071373e-05,-0.3163494648735796,0.016130330940391152,0.2227998260040374,-0.3163494648735796,0.016130330940391152,0.2227998260040374,-0.31635114597563446,0.016154611008155014,0.22281308516774218,-0.4136012236224573,-1.5683625380145472,1.402519702911377,-1.4044812361346644,-1.5707863012896937,2.727753162384033,0.0,0.00017257283616345376,-0.0,-0.0014141385909169912,0.0,2.3968450477696024e-05,-0.41352998023427456,-1.568386146227708,1.4027121022582907,-1.4046550976129841,-1.5707000704785137,2.727791125258153,-1.2835364615878709e-05,-0.00021338418688076095,0.000308492007873608,-0.00048302377382776794,0.00023468318424326224,-0.00019432542979590638,0.000411737194162151,-6.314744185738879,-6.28558923682283,-0.9625446165996618,1.693435951848465e-05,-8.236208344918373e-07,28.0,28.0,14.0,6.0,6.0,6.0
1.4770939440524677,1.0,2.7715577152332065e-05,7.878178114071373e-05,-0.3163494648735796,0.016130330940391152,0.2227998260040374,-0.3163494648735796,0.016130330940391152,0.2227998260040374,-0.31635114597563446,0.016154611008155014,0.22281308516774218,-0.4136012236224573,-1.5683625380145472,1.402519702911377,-1.4044812361346644,-1.5707863012896937,2.727753162384033,0.0,0.00017257283616345376,-0.0,-0.0014141385909169912,0.0,2.3968450477696024e-05,-0.41353001550251717,-1.5683869273032447,1.4027132682018224,-1.4046569583245876,-1.570699146890076,2.7277903397993035,-8.81706064569751e-06,-0.0001952688841590818,0.00029148588293812893,-0.00046517790084139984,0.0002308971094188849,-0.0001963647124037691,0.000411737194162151,-6.314744185738879,-6.28558923682283,-0.9625446165996618,1.693435951848465e-05,-8.236208344918373e-07,28.0,28.0,14.0,6.0,6.0,6.0
1.4810939440524677,1.0,1.5761778521491455e-05,2.9003853801417838e-05,-0.3163494648735796,0.016130330940391152,0.2227998260040374,-0.3163494648735796,0.016130330940391152,0.2227998260040374,-0.3163564725901222,0.01614382429887628,0.22279567210853898,-0.41357738176454717,-1.5683382193194788,1.4025678634643555,-1.4045284430133265,-1.5707624594317835,2.727741003036499,0.0,0.00017257283616345376,-0.0,-0.0014141385909169912,0.0,2.3968450477696024e-05,-0.41353003974010977,-1.5683876628962403,1.402714357091834,-1.4046587452987924,-1.5706982649931993,2.7277895840672857,-6.0593981505005865e-06,-0.00018389824893030586,0.00027222250288410065,-0.0004467435511843549,0.00022047421917149976,-0.00018893300446326828,0.000508772291790537,-6.315846519852072,-6.286021406568533,-0.9626017377870354,1.3969739945194128e-05,-3.590626021495881e-07,28.0,28.0,14.0,6.0,6.0,6.0
1.4853631100580102,1.0,1.5761778521491455e-05,2.9003853801417838e-05,-0.3163494648735796,0.016130330940391152,0.2227998260040374,-0.3163494648735796,0.016130330940391152,0.2227998260040374,-0.3163564725901222,0.01614382429887628,0.22279567210853898,-0.41357738176454717,-1.5683382193194788,1.4025678634643555,-1.4045284430133265,-1.5707624594317835,2.727741003036499,0.0,0.00017257283616345376,-0.0,-0.0014141385909169912,0.0,2.3968450477696024e-05,-0.4135300536088914,-1.5683883557356475,1.4027153735515365,-1.4046604629598425,-1.5706974222863899,2.7277888562784898,-3.467195405015479e-06,-0.00017320985181525647,0.00025411492563331403,-0.0004294152625067326,0.00021067670233895772,-0.00018194719899919753,0.000508772291790537,-6.315846519852072,-6.286021406568533,-0.9626017377870354,1.3969739945194128e-05,-3.590626021495881e-07,28.0,28.0,14.0,6.0,6.0,6.0
1.4893631100580103,1.0,1.5761778521491455e-05,2.9003853801417838e-05,-0.3163494648735796,0.016130330940391152,0.2227998260040374,-0.3163494648735796,0.016130330940391152,0.2227998260040374,-0.3163564725901222,0.01614382429887628,0.22279567210853898,-0.41357738176454717,-1.5683382193194788,1.4025678634643555,-1.4045284430133265,-1.5707624594317835,2.727741003036499,0.0,0.00017257283616345376,-0.0,-0.0014141385909169912,0.0,2.3968450477696024e-05,-0.41353005773099066,-1.5683890083866816,1.4027163219267487,-1.404662115466527,-1.5706966164182439,2.7277881547563223,-1.0305248242594775e-06,-0.00016316275852711005,0.00023709380301757462,-0.0004131266711497677,0.0002014670365163682,-0.00017538054186297102,0.000508772291790537,-6.315846519852072,-6.286021406568533,-0.9626017377870354,1.3969739945194128e-05,-3.590626021495881e-07,28.0,28.0,14.0,6.0,6.0,6.0
1.4940525450669235,1.0,2.1637267998746814e-05,7.863429312830621e-05,-0.3163494648735796,0.016130330940391152,0.2227998260040374,-0.3163494648735796,0.016130330940391152,0.2227998260040374,-0.3163483796689499,0.01615120686429696,0.2227942412481394,-0.41357738176454717,-1.5683143774615687,1.402531623840332,-1.404468838368551,-1.570810619984762,2.727753162384033,0.0,0.00015339808305725455,-0.0,-0.0014141385909169912,0.0,2.3968450477696024e-05,-0.41353007209812864,-1.5683896713385237,1.4027172716373748,-1.4046637792723473,-1.570695789711838,2.727787444508986,-3.591784493831087e-06,-0.00016573796052251656,0.00023742765653901558,-0.00041595145504564034,0.0002066766014473077,-0.00017756183417545887,0.0005122854438706905,-6.316606858821324,-6.2859694533182715,-0.9625965898472569,8.872823697573847e-06,-5.160896825129939e-07,28.0,28.0,14.0,6.0,6.0,6.0
1.4980525450669235,1.0,2.1637267998746814e-05,7.863429312830621e-05,-0.3163494648735796,0.016130330940391152,0.2227998260040374,-0.3163494648735796,0.016130330940391152,0.2227998260040374,-0.3163483796689499,0.01615120686429696,0.2227942412481394,-0.41357738176454717,-1.5683143774615687,1.402531623840332,-1.404468838368551,-1.570810619984762,2.727753162384033,0.0,0.00015339808305725455,-0.0,-0.0014141385909169912,0.0,2.3968450477696024e-05,-0.413530096095603,-1.5683903439731253,1.4027182226032902,-1.404665453699355,-1.5706949434174682,2.72778672605999,-5.9993685832284005e-06,-0.0001681586503981987,0.00023774147884917009,-0.00041860675190776063,0.00021157359248239087,-0.00017961224894919744,0.0005122854438706905,-6.316606858821324,-6.2859694533182715,-0.9625965898472569,8.872823697573847e-06,-5.160896825129939e-07,28.0,28.0,14.0,6.0,6.0,6.0
1.5026944920832763,1.0,2.1637267998746814e-05,7.863429312830621e-05,-0.3163494648735796,0.016130330940391152,0.2227998260040374,-0.3163494648735796,0.016130330940391152,0.2227998260040374,-0.3163483796689499,0.01615120686429696,0.2227942412481394,-0.41357738176454717,-1.5683143774615687,1.402531623840332,-1.404468838368551,-1.570810619984762,2.727753162384033,0.0,0.00015339808305725455,-0.0,-0.0014141385909169912,0.0,2.3968450477696024e-05,-0.4135301291455935,-1.5683910257095208,1.4027191747491774,-1.4046671381102789,-1.570694078710412,2.7277859999014344,-8.262497627261875e-06,-0.00017043409888133987,0.00023803647182071532,-0.0004211027309581537,0.00021617676405536902,-0.0001815396388365117,0.0005122854438706905,-6.316606858821324,-6.2859694533182715,-0.9625965898472569,8.872823697573847e-06,-5.160896825129939e-07,28.0,28.0,14.0,6.0,6.0,6.0
1.5066944920832763,1.0,2.333678623509683e-05,8.986962588510281e-05,-0.3163494648735796,0.016130330940391152,0.2227998260040374,-0.3163494648735796,0.016130330940391152,0.2227998260040374,-0.31635338325900064,0.016152886413601644,0.2227952980380784,-0.4136012236224573,-1.5683143774615687,1.402531623840332,-1.4044812361346644,-1.5707743803607386,2.7277767658233643,0.0,0.00015339808305725455,-0.0,-0.0014141385909169912,0.0,2.3968450477696024e-05,-0.4135301423918088,-1.5683917027720296,1.4027201118446775,-1.4046688146933148,-1.5706932384385925,2.727785240152966,-3.3115538290702147e-06,-0.00016926562719171253,0.00023427387502265724,-0.00041914575899040427,0.00021006795489001258,-0.00018993711711880976,0.0008503927680045414,-6.316588564831724,-6.285962011635538,-0.9625906726533402,1.8205191862248378e-05,-1.1281525379194432e-06,28.0,28.0,14.0,6.0,6.0,6.0
1.5110681320799055,1.0,2.333678623509683e-05,8.986962588510281e-05,-0.3163494648735796,0.016130330940391152,0.2227998260040374,-0.3163494648735796,0.016130330940391152,0.2227998260040374,-0.31635338325900064,0.016152886413601644,0.2227952980380784,-0.4136012236224573,-1.5683143774615687,1.402531623840332,-1.4044812361346644,-1.5707743803607386,2.7277767658233643,0.0,0.00015339808305725455,-0.0,-0.0014141385909169912,0.0,2.3968450477696024e-05,-0.41353013702247543,-1.5683923754410847,1.4027210347928136,-1.404670483918136,-1.5706924211358955,2.727784448829979,1.3423333412299453e-06,-0.00016816726380346284,0.00023073703403248263,-0.00041730620534071984,0.00020432567427457752,-0.00019783074670416995,0.0008503927680045414,-6.316588564831724,-6.285962011635538,-0.9625906726533402,1.8205191862248378e-05,-1.1281525379194432e-06,28.0,28.0,14.0,6.0,6.0,6.0
1.5150681320799055,1.0,2.333678623509683e-05,8.986962588510281e-05,-0.3163494648735796,0.016130330940391152,0.2227998260040374,-0.3163494648735796,0.016130330940391152,0.2227998260040374,-0.31635338325900064,0.016152886413601644,0.2227952980380784,-0.4136012236224573,-1.5683143774615687,1.402531623840332,-1.4044812361346644,-1.5707743803607386,2.7277767658233643,0.0,0.00015339808305725455,-0.0,-0.0014141385909169912,0.0,2.3968450477696024e-05,-0.4135301141545263,-1.5683930439802936,1.4027219444424277,-1.4046721462262357,-1.5706916254241734,2.727783627826945,5.716987281312096e-06,-0.00016713480221850814,0.0002274124035017185,-0.00041557702491001647,0.00019892793049606857,-0.00020525075851440854,0.0008503927680045414,-6.316588564831724,-6.285962011635538,-0.9625906726533402,1.8205191862248378e-05,-1.1281525379194432e-06,28.0,28.0,14.0,6.0,6.0,6.0
1.5195426841080195,1.0,2.074828340703688e-05,7.08035632452866e-05,-0.3163494648735796,0.016130330940391152,0.2227998260040374,-0.3163494648735796,0.016130330940391152,0.2227998260040374,-0.31635500751324125,0.016150260013312635,0.2227982127891074,-0.4135654608355921,-1.5683262983905237,1.4025440216064453,-1.4045169989215296,-1.570810619984762,2.72776460647583,0.0,0.00015339808305725455,-0.0,-0.0014141385909169912,0.0,2.3968450477696024e-05,-0.41353011001404794,-1.5683936902651485,1.402722814721209,-1.4046737529022664,-1.5706908082600857,2.7277827989555297,1.0351195856065898e-06,-0.00016157121373837365,0.00021756969531347057,-0.0004016690076735186,0.00020429102194028786,-0.00020721785391065583,0.00019835892960650298,-6.315884455236387,-6.285920776652035,-0.962585388210354,6.121383657698563e-06,-5.099276736089185e-07,28.0,28.0,14.0,6.0,6.0,6.0
1.5235426841080195,1.0,2.074828340703688e-05,7.08035632452866e-05,-0.3163494648735796,0.016130330940391152,0.2227998260040374,-0.3163494648735796,0.016130330940391152,0.2227998260040374,-0.31635500751324125,0.016150260013312635,0.2227982127891074,-0.4135654608355921,-1.5683262983905237,1.4025440216064453,-1.4045169989215296,-1.570810619984762,2.72776460647583,0.0,0.00015339808305725455,-0.0,-0.0014141385909169912,0.0,2.3968450477696024e-05,-0.41353012347739215,-1.5683943156309108,1.4027236479914074,-1.4046753072841522,-1.570689970930774,2.7277819626878355,-3.365836048356585e-06,-0.00015634144056704723,0.00020831754961651752,-0.00038859547147121064,0.00020933232789785398,-0.00020906692358312826,0.00019835892960650298,-6.315884455236387,-6.285920776652035,-0.962585388210354,6.121383657698563e-06,-5.099276736089185e-07,28.0,28.0,14.0,6.0,6.0,6.0
1.5279602501085034,1.0,2.074828340703688e-05,7.08035632452866e-05,-0.3163494648735796,0.016130330940391152,0.2227998260040374,-0.3163494648735796,0.016130330940391152,0.2227998260040374,-0.31635500751324125,0.016150260013312635,0.2227982127891074,-0.4135654608355921,-1.5683262983905237,1.4025440216064453,-1.4045169989215296,-1.570810619984762,2.72776460647583,0.0,0.00015339808305725455,-0.0,-0.0014141385909169912,0.0,2.3968450477696024e-05,-0.41353015348832955,-1.568394921332726,1.402724446473538,-1.404676812509542,-1.570689114646152,2.727781119467639,-7.50273434428197e-06,-0.0001514254537860004,0.00019962053266138165,-0.00037630634744104113,0.00021407115549796612,-0.00021080504907525235,0.00019835892960650298,-6.315884455236387,-6.285920776652035,-0.962585388210354,6.121383657698563e-06,-5.099276736089185e-07,28.0,28.0,14.0,6.0,6.0,6.0
1.5319602501085035,1.0,2.7251997943952576e-05,9.043365325935113e-05,-0.3163494648735796,0.016130330940391152,0.2227998260040374,-0.3163494648735796,0.016130330940391152,0.2227998260040374,-0.31634348446183136,0.01615009918297473,0.22278204616566874,-0.41358930269350225,-1.5683262983905237,1.4025917053222656,-1.4044926802264612,-1.5707982222186487,2.727753162384033,0.0,0.00013422331539914012,-0.0,-0.0014141385909169912,0.0,2.3968450477696024e-05,-0.41353018033832845,-1.568395544646177,1.4027252368766028,-1.4046783439019863,-1.5706882548303525,2.7277802741434796,-6.712499718537679e-06,-0.00015582836274987915,0.00019760076618889188,-0.00038284811111503534,0.00021495394984070027,-0.0002113310399304271,0.0006972055202708303,-6.316806392559003,-6.286210409751122,-0.9626331649935687,1.2933998060213451e-05,-6.698744645556184e-07,28.0,28.0,14.0,6.0,6.0,6.0
1.536561832120177,1.0,2.7251997943952576e-05,9.043365325935113e-05,-0.3163494648735796,0.016130330940391152,0.2227998260040374,-0.3163494648735796,0.016130330940391152,0.2227998260040374,-0.31634348446183136,0.01615009918297473,0.22278204616566874,-0.41358930269350225,-1.5683262983905237,1.4025917053222656,-1.4044926802264612,-1.5707982222186487,2.727753162384033,0.0,0.00013422331539914012,-0.0,-0.0014141385909169912,0.0,2.3968450477696024e-05,-0.4135302042170451,-1.5683961845145657,1.4027260196853455,-1.4046798998914622,-1.5706873916952464,2.727779426841594,-5.969679170338047e-06,-0.0001599670971759252,0.0001957021857047515,-0.00038899736896858987,0.00021578377652287036,-0.00021182547133429135,0.0006972055202708303,-6.316806392559003,-6.286210409751122,-0.9626331649935687,1.2933998060213451e-05,-6.698744645556184e-07,28.0,28.0,14.0,6.0,6.0,6.0
1.540561832120177,1.0,2.7251997943952576e-05,9.043365325935113e-05,-0.3163494648735796,0.016130330940391152,0.2227998260040374,-0.3163494648735796,0.016130330940391152,0.2227998260040374,-0.31634348446183136,0.01615009918297473,0.22278204616566874,-0.41358930269350225,-1.5683262983905237,1.4025917053222656,-1.4044926802264612,-1.5707982222186487,2.727753162384033,0.0,0.00013422331539914012,-0.0,-0.0014141385909169912,0.0,2.3968450477696024e-05,-0.4135302253027565,-1.568396839944596,1.4027267953554257,-1.4046814790021476,-1.570686525439992,2.7277785776806467,-5.271427855030392e-06,-0.00016385750753640846,0.00019391752004965955,-0.00039477767135093114,0.00021656381360411024,-0.00021229023685392375,0.0006972055202708303,-6.316806392559003,-6.286210409751122,-0.9626331649935687,1.2933998060213451e-05,-6.698744645556184e-07,28.0,28.0,14.0,6.0,6.0,6.0
1.5453414940966765,1.0,2.7251997943952576e-05,9.043365325935113e-05,-0.3163494648735796,0.016130330940391152,0.2227998260040374,-0.3163494648735796,0.016130330940391152,0.2227998260040374,-0.31634348446183136,0.01615009918297473,0.22278204616566874,-0.41358930269350225,-1.5683262983905237,1.4025917053222656,-1.4044926802264612,-1.5707982222186487,2.727753162384033,0.0,0.00013422331539914012,-0.0,-0.0014141385909169912,0.0,2.3968450477696024e-05,-0.413530243763043,-1.568397510002569,1.402727564315163,-1.40468307984677,-1.5706856562517981,2.7277777267721808,-4.6150716186411966e-06,-0.00016751449327526274,0.0001922399343338731,-0.0004002111555903319,0.00021729704846047573,-0.0002127271164423782,0.0006972055202708303,-6.316806392559003,-6.286210409751122,-0.9626331649935687,1.2933998060213451e-05,-6.698744645556184e-07,28.0,28.0,14.0,6.0,6.0,6.0
1.5493414940966765,1.0,3.0452396749180295e-05,8.34396611997543e-05,-0.3163494648735796,0.016130330940391152,0.2227998260040374,-0.3163494648735796,0.016130330940391152,0.2227998260040374,-0.31635905446043083,0.016159231449672233,0.22280021182146406,-0.4136131445514124,-1.5683382193194788,1.4025559425354004,-1.4045403639422815,-1.5707743803607386,2.727753162384033,0.0,0.00013422331539914012,-0.0,-0.001342233270406723,0.0,2.3968450477696024e-05,-0.41353023646124015,-1.5683981328980967,1.4027282711093436,-1.4046845928835825,-1.5706848117680074,2.7277768700515512,1.8254507055333495e-06,-0.00015572388187291492,0.00017669854512408282,-0.0003782592031114589,0.0002111209476854878,-0.00021418015737834943,0.0006372634926876007,-6.315530469900483,-6.285889022093421,-0.9625814866821161,2.0945898826347725e-05,-9.773969667605e-07,28.0,28.0,14.0,6.0,6.0,6.0
1.5540570470867685,1.0,3.0452396749180295e-05,8.34396611997543e-05,-0.3163494648735796,0.016130330940391152,0.2227998260040374,-0.3163494648735796,0.016130330940391152,0.2227998260040374,-0.31635905446043083,0.016159231449672233,0.22280021182146406,-0.4136131445514124,-1.5683382193194788,1.4025559425354004,-1.4045403639422815,-1.5707743803607386,2.727753162384033,0.0,0.00013422331539914012,-0.0,-0.001342233270406723,0.0,2.3968450477696024e-05,-0.4135302049430734,-1.5683987114609252,1.4027289194679007,-1.4046860233810536,-1.5706839905063557,2.727776007867488,7.879541690257423e-06,-0.00014464070715470797,0.00016208963926687994,-0.00035762436778131833,0.00020531541295699916,-0.00021554601585816238,0.0006372634926876007,-6.315530469900483,-6.285889022093421,-0.9625814866821161,2.0945898826347725e-05,-9.773969667605e-07,28.0,28.0,14.0,6.0,6.0,6.0
1.5580570470867685,1.0,2.2395367793829722e-05,8.792167992588214e-05,-0.3163494648735796,0.016130330940391152,0.2227998260040374,-0.3163494648735796,0.016130330940391152,0.2227998260040374,-0.3163520097860855,0.016148944380433156,0.22278763519730604,-0.4135654608355921,-1.5683143774615687,1.4025678634643555,-1.4045169989215296,-1.570810619984762,2.7277886867523193,0.0,0.00013422331539914012,-0.0,-0.0011504855938255787,0.0,2.3968450477696024e-05,-0.413530192662438,-1.5683992995565583,1.4027295574443581,-1.40468742853338,-1.5706831493274753,2.7277751125531418,3.0701588495149587e-06,-0.0001470239082545113,0.00015949411434804513,-0.0003512880815506582,0.00021029472007497705,-0.00022382858657675722,0.00034202478526763295,-6.316666987916651,-6.286221817600667,-0.9626565059995592,6.124340804523064e-06,-8.206207828714379e-07,28.0,28.0,14.0,6.0,6.0,6.0
1.5627619151002734,1.0,2.2395367793829722e-05,8.792167992588214e-05,-0.3163494648735796,0.016130330940391152,0.2227998260040374,-0.3163494648735796,0.016130330940391152,0.2227998260040374,-0.3163520097860855,0.016148944380433156,0.22278763519730604,-0.4135654608355921,-1.5683143774615687,1.4025678634643555,-1.4045169989215296,-1.570810619984762,2.7277886867523193,0.0,0.00013422331539914012,-0.0,-0.0011504855938255787,0.0,2.3968450477696024e-05,-0.4135301984650821,-1.5683998966130275,1.4027301856616419,-1.40468880986127,-1.5706822894264003,2.7277741860963296,-1.4506610207829583e-06,-0.00014926411728832643,0.00015705432092434038,-0.00034533197249383773,0.00021497526876587626,-0.00023161420305223637,0.00034202478526763295,-6.316666987916651,-6.286221817600667,-0.9626565059995592,6.124340804523064e-06,-8.206207828714379e-07,28.0,28.0,14.0,6.0,6.0,6.0
1.5667619151002734,1.0,2.2395367793829722e-05,8.792167992588214e-05,-0.3163494648735796,0.016130330940391152,0.2227998260040374,-0.3163494648735796,0.016130330940391152,0.2227998260040374,-0.3163520097860855,0.016148944380433156,0.22278763519730604,-0.4135654608355921,-1.5683143774615687,1.4025678634643555,-1.4045169989215296,-1.570810619984762,2.7277886867523193,0.0,0.00013422331539914012,-0.0,-0.0011504855938255787,0.0,2.3968450477696024e-05,-0.4135302212660089,-1.5684005020926826,1.4027308047053022,-1.40469016879419,-1.5706814119264623,2.7277732303655995,-5.700231698862999e-06,-0.00015136991378011266,0.00015476091510605795,-0.00033973322998042646,0.00021937498453532153,-0.00023893268253918676,0.00034202478526763295,-6.316666987916651,-6.286221817600667,-0.9626565059995592,6.124340804523064e-06,-8.206207828714379e-07,28.0,28.0,14.0,6.0,6.0,6.0
1.571216285106261,1.0,2.2395367793829722e-05,8.792167992588214e-05,-0.3163494648735796,0.016130330940391152,0.2227998260040374,-0.3163494648735796,0.016130330940391152,0.2227998260040374,-0.3163520097860855,0.016148944380433156,0.22278763519730604,-0.4135654608355921,-1.5683143774615687,1.4025678634643555,-1.4045169989215296,-1.570810619984762,2.7277886867523193,0.0,0.00013422331539914012,-0.0,-0.0011504855938255787,0.0,2.3968450477696024e-05,-0.41353026004532145,-1.5684011154901325,1.4027314151257568,-1.404691506675838,-1.5706805178835928,2.7277722471173864,-9.694828136258239e-06,-0.0001533493624823917,0.00015260511363687245,-0.0003344704120178199,0.00022351071735860007,-0.0002458120532569201,0.00034202478526763295,-6.316666987916651,-6.286221817600667,-0.9626565059995592,6.124340804523064e-06,-8.206207828714379e-07,28.0,28.0,14.0,6.0,6.0,6.0
1.575216285106261,1.0,3.1528439974935655e-05,0.00011957651074973335,-0.3163494648735796,0.016130330940391152,0.2227998260040374,-0.3163494648735796,0.016130330940391152,0.2227998260040374,-0.316344045101076,0.01616127978344613,0.2227972111031176,-0.41358930269350225,-1.5683501402484339,1.4025678634643555,-1.4045050779925745,-1.5708463827716272,2.7277767658233643,0.0,0.00013422331539914012,-0.0,-0.0010066749528050423,0.0,2.3968450477696024e-05,-0.4135303145746206,-1.5684017101400487,1.402732006260846,-1.4046928054253296,-1.5706795671040783,2.7277712235403544,-1.3632324777026949e-05,-0.00014866247903712345,0.00014778377227493838,-0.0003246873728695109,0.00023769487862063305,-0.0002558942579842786,0.00015641787824130623,-6.315613316218434,-6.286045507124288,-0.9626517468893719,7.825891096175739e-06,-9.744871675221296e-07,28.0,28.0,14.0,6.0,6.0,6.0
1.5797098320985685,1.0,3.1528439974935655e-05,0.00011957651074973335,-0.3163494648735796,0.016130330940391152,0.2227998260040374,-0.3163494648735796,0.016130330940391152,0.2227998260040374,-0.316344045101076,0.01616127978344613,0.2227972111031176,-0.41358930269350225,-1.5683501402484339,1.4025678634643555,-1.4045050779925745,-1.5708463827716272,2.7277767658233643,0.0,0.00013422331539914012,-0.0,-0.0010066749528050423,0.0,2.3968450477696024e-05,-0.41353038390890706,-1.5684022871672831,1.4027325792676915,-1.4046940673905939,-1.5706785629921174,2.7277701620542327,-1.7333571619349536e-05,-0.0001442568085985713,0.00014325171139472037,-0.0003154913160701005,0.000251027990206944,-0.0002653715304279955,0.00015641787824130623,-6.315613316218434,-6.286045507124288,-0.9626517468893719,7.825891096175739e-06,-9.744871675221296e-07,28.0,28.0,14.0,6.0,6.0,6.0
1.5837098320985685,1.0,3.0467060643684313e-05,7.347042877284993e-05,-0.3163494648735796,0.016130330940391152,0.2227998260040374,-0.3163494648735796,0.016130330940391152,0.2227998260040374,-0.3163506118365647,0.016158232293750647,0.22278764237810397,-0.4136131445514124,-1.5683262983905237,1.4025797843933105,-1.4045169989215296,-1.5707863012896937,2.727741003036499,0.0,0.00011504856229294091,-0.0,-0.0008868326549418271,0.0,2.3968450477696024e-05,-0.4135304292221531,-1.5684028633929061,1.402733135066298,-1.404695301464304,-1.5706775779517956,2.7277691166037115,-1.1328311508855543e-05,-0.0001440564057305871,0.00013894965162916493,-0.0003085184275537808,0.00024626008044579644,-0.0002613626303088458,0.0007988354082117074,-6.316585375376244,-6.286287964997874,-0.9626912941138926,1.968815104558977e-05,-8.205765653435952e-07,28.0,28.0,14.0,6.0,6.0,6.0
1.5883470300973865,1.0,3.0467060643684313e-05,7.347042877284993e-05,-0.3163494648735796,0.016130330940391152,0.2227998260040374,-0.3163494648735796,0.016130330940391152,0.2227998260040374,-0.3163506118365647,0.016158232293750647,0.22278764237810397,-0.4136131445514124,-1.5683262983905237,1.4025797843933105,-1.4045169989215296,-1.5707863012896937,2.727741003036499,0.0,0.00011504856229294091,-0.0,-0.0008868326549418271,0.0,2.3968450477696024e-05,-0.4135304519556211,-1.5684034388650143,1.4027336746891597,-1.4046965093199535,-1.5706766108388146,2.727768086226655,-5.683367004991189e-06,-0.000143868027034682,0.00013490571544954281,-0.0003019639123484404,0.00024177824527031773,-0.0002575942641968451,0.0007988354082117074,-6.316585375376244,-6.286287964997874,-0.9626912941138926,1.968815104558977e-05,-8.205765653435952e-07,28.0,28.0,14.0,6.0,6.0,6.0
1.5923470300973865,1.0,3.0467060643684313e-05,7.347042877284993e-05,-0.3163494648735796,0.016130330940391152,0.2227998260040374,-0.3163494648735796,0.016130330940391152,0.2227998260040374,-0.3163506118365647,0.016158232293750647,0.22278764237810397,-0.4136131445514124,-1.5683262983905237,1.4025797843933105,-1.4045169989215296,-1.5707863012896937,2.727741003036499,0.0,0.00011504856229294091,-0.0,-0.0008868326549418271,0.0,2.3968450477696024e-05,-0.4135304534640978,-1.5684040136288186,1.4027341991068214,-1.4046976925306258,-1.5706756605775338,2.7277670700186545,-3.7711917135869764e-07,-0.00014369095106053117,0.000131104415440698,-0.00029580266805542035,0.00023756532020536772,-0.00025405200005156444,0.0007988354082117074,-6.316585375376244,-6.286287964997874,-0.9626912941138926,1.968815104558977e-05,-8.205765653435952e-07,28.0,28.0,14.0,6.0,6.0,6.0
1.596980667097029,1.0,3.0467060643684313e-05,7.347042877284993e-05,-0.3163494648735796,0.016130330940391152,0.2227998260040374,-0.3163494648735796,0.016130330940391152,0.2227998260040374,-0.3163506118365647,0.016158232293750647,0.22278764237810397,-0.4136131445514124,-1.5683262983905237,1.4025797843933105,-1.4045169989215296,-1.5707863012896937,2.727741003036499,0.0,0.00011504856229294091,-0.0,-0.0008868326549418271,0.0,2.3968450477696024e-05,-0.4135304350210826,-1.5684045877268171,1.4027347092315952,-1.4046988525750195,-1.5706747261568512,2.7277660671295676,4.610753792255844e-06,-0.0001435244996448294,0.0001275311934323839,-0.0002900110984199815,0.00023360517064431472,-0.0002507222717550006,0.0007988354082117074,-6.316585375376244,-6.286287964997874,-0.9626912941138926,1.968815104558977e-05,-8.205765653435952e-07,28.0,28.0,14.0,6.0,6.0,6.0
1.600980667097029,1.0,2.548057388383536e-05,8.126824742306094e-05,-0.3163494648735796,0.016130330940391152,0.2227998260040374,-0.3163494648735796,0.016130330940391152,0.2227998260040374,-0.3163491279191466,0.016150386135161024,0.22278411182986557,-0.4135654608355921,-1.5683143774615687,1.4025797843933105,-1.4045169989215296,-1.570822540913717,2.727741003036499,0.0,0.00011504856229294091,-0.0,-0.0008149273344315588,0.0,2.3968450477696024e-05,-0.4135304398373007,-1.5684051810226405,1.402735221721467,-1.404699997102656,-1.570673764878522,2.727765089677272,-1.2040545281658823e-06,-0.0001483239558475646,0.0001281224679576094,-0.0002861319090850638,0.00024031958230304054,-0.00024436307393857005,0.0002940409838050329,-6.316858756150898,-6.286392230443722,-0.9627172179400294,4.861554005842619e-06,-2.0539429713198167e-07,28.0,28.0,14.0,6.0,6.0,6.0
1.6055406971042983,1.0,2.548057388383536e-05,8.126824742306094e-05,-0.3163494648735796,0.016130330940391152,0.2227998260040374,-0.3163494648735796,0.016130330940391152,0.2227998260040374,-0.3163491279191466,0.016150386135161024,0.22278411182986557,-0.4135654608355921,-1.5683143774615687,1.4025797843933105,-1.4045169989215296,-1.570822540913717,2.727741003036499,0.0,0.00011504856229294091,-0.0,-0.0008149273344315588,0.0,2.3968450477696024e-05,-0.4135304665171981,-1.5684057923644192,1.402735736434531,-1.4047011270445404,-1.570672778354005,2.7277641361355602,-6.6699743493623045e-06,-0.00015283544467813569,0.00012867826601132139,-0.0002824854711102412,0.0002466311292622428,-0.00023838542799112534,0.0002940409838050329,-6.316858756150898,-6.286392230443722,-0.9627172179400294,4.861554005842619e-06,-2.0539429713198167e-07,28.0,28.0,14.0,6.0,6.0,6.0
1.6095406971042983,1.0,3.28499811917942e-05,8.272284585461565e-05,-0.3163494648735796,0.016130330940391152,0.2227998260040374,-0.3163494648735796,0.016130330940391152,0.2227998260040374,-0.31635015781383813,0.016149172460563063,0.2227729254795869,-0.41357738176454717,-1.5683143774615687,1.402627944946289,-1.4045527617083948,-1.5707982222186487,2.72776460647583,0.0,0.00011504856229294091,0.0010546118719503284,-0.0008149273344315588,0.0,2.3968450477696024e-05,-0.41353049707829515,-1.5684064226313947,1.4027362816817304,-1.404702233418596,-1.5706717961107062,2.727763180816543,-7.640274267380526e-06,-0.0001575667438548759,0.00013631179983442562,-0.0002765935138448636,0.00024556082475274166,-0.00023882975435847616,0.0006425774845177399,-6.3195908090351605,-6.2887284576813345,-0.9631782258257462,1.0190132198526866e-05,-6.637121059743711e-07,28.0,28.0,14.0,6.0,6.0,6.0
1.6142847430936533,1.0,3.28499811917942e-05,8.272284585461565e-05,-0.3163494648735796,0.016130330940391152,0.2227998260040374,-0.3163494648735796,0.016130330940391152,0.2227998260040374,-0.31635015781383813,0.016149172460563063,0.2227729254795869,-0.41357738176454717,-1.5683143774615687,1.402627944946289,-1.4045527617083948,-1.5707982222186487,2.72776460647583,0.0,0.00011504856229294091,0.0010546118719503284,-0.0008149273344315588,0.0,2.3968450477696024e-05,-0.4135305312877199,-1.568407070688055,1.402736855631017,-1.404703317638892,-1.5706708178917521,2.7277622238268586,-8.552356190317654e-06,-0.0001620141650810117,0.0001434873216281436,-0.0002710550740154086,0.00024455473851381056,-0.00023924742114378594,0.0006425774845177399,-6.3195908090351605,-6.2887284576813345,-0.9631782258257462,1.0190132198526866e-05,-6.637121059743711e-07,28.0,28.0,14.0,6.0,6.0,6.0
1.6182847430936533,1.0,3.28499811917942e-05,8.272284585461565e-05,-0.3163494648735796,0.016130330940391152,0.2227998260040374,-0.3163494648735796,0.016130330940391152,0.2227998260040374,-0.31635015781383813,0.016149172460563063,0.2227729254795869,-0.41357738176454717,-1.5683143774615687,1.402627944946289,-1.4045527617083948,-1.5707982222186487,2.72776460647583,0.0,0.00011504856229294091,0.0010546118719503284,-0.0008149273344315588,0.0,2.3968450477696024e-05,-0.4135305689265727,-1.5684077354670192,1.4027374565602653,-1.4047043810346542,-1.5706698434556823,2.727761265266747,-9.409713197878553e-06,-0.00016619474103357935,0.00015023231211423851,-0.0002658489405757209,0.00024360901744921535,-0.00023964002792197712,0.0006425774845177399,-6.3195908090351605,-6.2887284576813345,-0.9631782258257462,1.0190132198526866e-05,-6.637121059743711e-07,28.0,28.0,14.0,6.0,6.0,6.0
1.6227129950893584,1.0,3.28499811917942e-05,8.272284585461565e-05,-0.3163494648735796,0.016130330940391152,0.2227998260040374,-0.3163494648735796,0.016130330940391152,0.2227998260040374,-0.31635015781383813,0.016149172460563063,0.2227729254795869,-0.41357738176454717,-1.5683143774615687,1.402627944946289,-1.4045527617083948,-1.5707982222186487,2.72776460647583,0.0,0.00011504856229294091,0.0010546118719503284,-0.0008149273344315588,0.0,2.3968450477696024e-05,-0.41353060978908784,-1.568408415964949,1.402738082850678,-1.4047054248553548,-1.5706688725755238,2.727760305230434,-1.02156287849858e-05,-0.00017012448242899295,0.00015657260317116775,-0.00026095517514241446,0.00024272003964849587,-0.00024000907829347686,0.0006425774845177399,-6.3195908090351605,-6.2887284576813345,-0.9631782258257462,1.0190132198526866e-05,-6.637121059743711e-07,28.0,28.0,14.0,6.0,6.0,6.0
1.6267129950893584,1.0,4.2393342575236244e-05,0.00010776043600511138,-0.3163494648735796,0.016130330940391152,0.2227998260040374,-0.3163494648735796,0.016130330940391152,0.2227998260040374,-0.3163419705578307,0.0161505837388733,0.22276334512027893,-0.4136012236224573,-1.5683382193194788,1.4026875495910645,-1.4045642058001917,-1.5707863012896937,2.72776460647583,0.0,0.00011504856229294091,0.009179916232824326,-0.0008149273344315588,0.0,2.3968450477696024e-05,-0.4135306350976048,-1.5684091084095664,1.402739110255065,-1.4047064684070676,-1.5706679187774615,2.7277593349247424,-6.327129238098006e-06,-0.0001731111543428733,0.00025685109675916307,-0.0002608879282324058,0.00023844951559514216,-0.00024257642280016629,0.0014868206880791724,-6.337148553537468,-6.304789042472254,-0.966478452047284,1.698358280236835e-05,-9.715259702861785e-07,28.0,28.0,14.0,6.0,6.0,6.0
1.6312908330901998,1.0,4.2393342575236244e-05,0.00010776043600511138,-0.3163494648735796,0.016130330940391152,0.2227998260040374,-0.3163494648735796,0.016130330940391152,0.2227998260040374,-0.3163419705578307,0.0161505837388733,0.22276334512027893,-0.4136012236224573,-1.5683382193194788,1.4026875495910645,-1.4045642058001917,-1.5707863012896937,2.72776460647583,0.0,0.00011504856229294091,0.009179916232824326,-0.0008149273344315588,0.0,2.3968450477696024e-05,-0.41353064578536347,-1.5684098120840702,1.402740514706588,-1.4047075117059322,-1.5706669810365694,2.727758354965836,-2.6719396640234807e-06,-0.0001759186259419208,0.00035111288073187864,-0.00026082471613699773,0.0002344352229849897,-0.00024498972663645433,0.0014868206880791724,-6.337148553537468,-6.304789042472254,-0.966478452047284,1.698358280236835e-05,-9.715259702861785e-07,28.0,28.0,14.0,6.0,6.0,6.0
1.6352908330901998,1.0,4.2393342575236244e-05,0.00010776043600511138,-0.3163494648735796,0.016130330940391152,0.2227998260040374,-0.3163494648735796,0.016130330940391152,0.2227998260040374,-0.3163419705578307,0.0161505837388733,0.22276334512027893,-0.4136012236224573,-1.5683382193194788,1.4026875495910645,-1.4045642058001917,-1.5707863012896937,2.72776460647583,0.0,0.00011504856229294091,0.009179916232824326,-0.0008149273344315588,0.0,2.3968450477696024e-05,-0.4135306427296093,-1.568410526314667,1.4027422735824187,-1.4047085547671192,-1.5706660583894176,2.727757365932907,7.639385356065736e-07,-0.00017855764924502548,0.0004397189576662314,-0.0002607652967673141,0.00023066178793144639,-0.0002472582322425651,0.0014868206880791724,-6.337148553537468,-6.304789042472254,-0.966478452047284,1.698358280236835e-05,-9.715259702861785e-07,28.0,28.0,14.0,6.0,6.0,6.0
1.6401132340999327,1.0,5.85712551701484e-05,0.00015208638762253914,-0.3163494648735796,0.016130330940391152,0.2227998260040374,-0.3163494648735796,0.016130330940391152,0.2227998260040374,-0.31633697921296017,0.016137975384293707,0.22274311390049217,-0.41357738176454717,-1.5683262983905237,1.402747631072998,-1.404576603566305,-1.5707743803607386,2.7277886867523193,0.0,0.00011504856229294091,0.004793690051883459,-0.0008149273344315588,0.0,2.3968450477696024e-05,-0.4135306356745879,-1.5684112859292796,1.4027441604546267,-1.404709636154826,-1.5706651636565534,2.7277563591757805,1.7637553461578757e-06,-0.0001899036531138035,0.0004717180520009794,-0.000270346926697633,0.0002236832160401249,-0.00025168928168081077,0.0012816811762194273,-6.328808915117083,-6.296684047433358,-0.9647859038381287,1.2743950805601627e-05,-9.74644181660217e-07,28.0,28.0,14.0,6.0,6.0,6.0
1.6441132340999327,1.0,5.85712551701484e-05,0.00015208638762253914,-0.3163494648735796,0.016130330940391152,0.2227998260040374,-0.3163494648735796,0.016130330940391152,0.2227998260040374,-0.31633697921296017,0.016137975384293707,0.22274311390049217,-0.41357738176454717,-1.5683262983905237,1.402747631072998,-1.404576603566305,-1.5707743803607386,2.7277886867523193,0.0,0.00011504856229294091,0.004793690051883459,-0.0008149273344315588,0.0,2.3968450477696024e-05,-0.4135306248602553,-1.5684120882048667,1.4027461676434294,-1.4047107535694612,-1.5706642951631196,2.727755335757908,2.7035831480760997e-06,-0.00020056889675045483,0.0005017972006756426,-0.0002793536588321327,0.00021712335846228273,-0.0002558544681527617,0.0012816811762194273,-6.328808915117083,-6.296684047433358,-0.9647859038381287,1.2743950805601627e-05,-9.74644181660217e-07,28.0,28.0,14.0,6.0,6.0,6.0
1.64847144010244,1.0,5.85712551701484e-05,0.00015208638762253914,-0.3163494648735796,0.016130330940391152,0.2227998260040374,-0.3163494648735796,0.016130330940391152,0.2227998260040374,-0.31633697921296017,0.016137975384293707,0.22274311390049217,-0.41357738176454717,-1.5683262983905237,1.402747631072998,-1.404576603566305,-1.5707743803607386,2.7277886867523193,0.0,0.00011504856229294091,0.004793690051883459,-0.0008149273344315588,0.0,2.3968450477696024e-05,-0.4135306105121702,-1.5684129305817698,1.4027482879298312,-1.4047119048494094,-1.5706634513347502,2.7277542966789343,3.58702128187923e-06,-0.00021059422576890708,0.0005300716004298259,-0.00028781998703856246,0.00021095709233911108,-0.00025976974343639553,0.0012816811762194273,-6.328808915117083,-6.296684047433358,-0.9647859038381287,1.2743950805601627e-05,-9.74644181660217e-07,28.0,28.0,14.0,6.0,6.0,6.0
1.65247144010244,1.0,4.749108458887148e-05,0.00011336915866431913,-0.3163494648735796,0.016130330940391152,0.2227998260040374,-0.3163494648735796,0.016130330940391152,0.2227998260040374,-0.3163346649911125,0.016136959693125487,0.22275518940211056,-0.41357738176454717,-1.5683501402484339,1.402723789215088,-1.4045527617083948,-1.5707743803607386,2.727741003036499,0.0,0.00011504856229294091,0.002996056340634823,-0.0008149273344315588,0.0,2.3968450477696024e-05,-0.413530592871541,-1.568413784565772,1.402750422891819,-1.4047130812400876,-1.5706626306861695,2.7277532977813097,4.410157308521671e-06,-0.0002134960005609475,0.0005337404969450478,-0.0002940976695346537,0.00020516214518078487,-0.00024972440609859697,0.000964384691450126,-6.3239000843925215,-6.292877565696309,-0.9640265605593472,1.2730255175366526e-05,-3.5931455749139035e-07,28.0,28.0,14.0,6.0,6.0,6.0
1.6571691850989598,1.0,4.749108458887148e-05,0.00011336915866431913,-0.3163494648735796,0.016130330940391152,0.2227998260040374,-0.3163494648735796,0.016130330940391152,0.2227998260040374,-0.3163346649911125,0.016136959693125487,0.22275518940211056,-0.41357738176454717,-1.5683501402484339,1.402723789215088,-1.4045527617083948,-1.5707743803607386,2.727741003036499,0.0,0.00011504856229294091,0.002996056340634823,-0.0008149273344315588,0.0,2.3968450477696024e-05,-0.41353057213592026,-1.5684146494604474,1.4027525716488578,-1.4047142812348519,-1.5706618318265901,2.7277523366541536,5.183905173565565e-06,-0.00021622366886546552,0.0005371892596693564,-0.00029999869108097944,0.00019971489485195825,-0.00024028178900106632,0.000964384691450126,-6.3239000843925215,-6.292877565696309,-0.9640265605593472,1.2730255175366526e-05,-3.5931455749139035e-07,28.0,28.0,14.0,6.0,6.0,6.0
1.6611691850989598,1.0,4.749108458887148e-05,0.00011336915866431913,-0.3163494648735796,0.016130330940391152,0.2227998260040374,-0.3163494648735796,0.016130330940391152,0.2227998260040374,-0.3163346649911125,0.016136959693125487,0.22275518940211056,-0.41357738176454717,-1.5683501402484339,1.402723789215088,-1.4045527617083948,-1.5707743803607386,2.727741003036499,0.0,0.00011504856229294091,0.002996056340634823,-0.0008149273344315588,0.0,2.3968450477696024e-05,-0.41353054849100757,-1.5684155246111557,1.4027547333732444,-1.4047155034174572,-1.570661053448672,2.727751411031238,5.9112281667068254e-06,-0.00021878767707171246,0.0005404310966302065,-0.00030554565133452565,0.0001945944795428612,-0.00023140572892938748,0.000964384691450126,-6.3239000843925215,-6.292877565696309,-0.9640265605593472,1.2730255175366526e-05,-3.5931455749139035e-07,28.0,28.0,14.0,6.0,6.0,6.0
1.6658657430957544,1.0,4.761007769696095e-05,0.0001296474997507345,-0.3163494648735796,0.016130330940391152,0.2227998260040374,-0.3163494648735796,0.016130330940391152,0.2227998260040374,-0.31633919438234337,0.01614665863973852,0.22275629850994344,-0.4136012236224573,-1.5683382193194788,1.4027113914489746,-1.4045642058001917,-1.5707743803607386,2.7277767658233643,0.0,9.58738019107841e-05,0.002181129064410925,-0.0008149273344315588,0.0,2.3968450477696024e-05,-0.4135305084145835,-1.5684164108718903,1.4027568656842404,-1.4047167296839163,-1.5706602943299879,2.7277504638147,1.0019106023243059e-05,-0.00022156518361783067,0.0005330777489756884,-0.0003065666147414826,0.00018977967105258386,-0.0002368041345269744,0.0011022157108547678,-6.322288810447643,-6.291245793223627,-0.9636842497861151,1.822033129603055e-05,-1.128312903305997e-06,28.0,28.0,14.0,6.0,6.0,6.0
1.6698657430957544,1.0,4.761007769696095e-05,0.0001296474997507345,-0.3163494648735796,0.016130330940391152,0.2227998260040374,-0.3163494648735796,0.016130330940391152,0.2227998260040374,-0.31633919438234337,0.01614665863973852,0.22275629850994344,-0.4136012236224573,-1.5683382193194788,1.4027113914489746,-1.4045642058001917,-1.5707743803607386,2.7277767658233643,0.0,9.58738019107841e-05,0.002181129064410925,-0.0008149273344315588,0.0,2.3968450477696024e-05,-0.41353045289253865,-1.5684173075760495,1.4027589703466492,-1.4047179597891977,-1.5706595533149836,2.7277494963001567,1.3880511208387117e-05,-0.00022417603977118177,0.0005261656021804413,-0.0003075263203440221,0.00018525375107172315,-0.0002418786357887061,0.0011022157108547678,-6.322288810447643,-6.291245793223627,-0.9636842497861151,1.822033129603055e-05,-1.128312903305997e-06,28.0,28.0,14.0,6.0,6.0,6.0
1.674342669094215,1.0,4.761007769696095e-05,0.0001296474997507345,-0.3163494648735796,0.016130330940391152,0.2227998260040374,-0.3163494648735796,0.016130330940391152,0.2227998260040374,-0.31633919438234337,0.01614665863973852,0.22275629850994344,-0.4136012236224573,-1.5683382193194788,1.4027113914489746,-1.4045642058001917,-1.5707743803607386,2.7277767658233643,0.0,9.58738019107841e-05,0.002181129064410925,-0.0008149273344315588,0.0,2.3968450477696024e-05,-0.4135303828516103,-1.5684182140970278,1.402761049019386,-1.4047191935029721,-1.5706588293174384,2.727748509705489,1.7510232082422535e-05,-0.0002266302445553318,0.0005196681841929091,-0.0003084284436104093,0.00018099938628971408,-0.00024664866697473393,0.0011022157108547678,-6.322288810447643,-6.291245793223627,-0.9636842497861151,1.822033129603055e-05,-1.128312903305997e-06,28.0,28.0,14.0,6.0,6.0,6.0
1.678342669094215,1.0,4.66982499750278e-05,0.00010392686446952879,-0.3163494648735796,0.016130330940391152,0.2227998260040374,-0.3163494648735796,0.016130330940391152,0.2227998260040374,-0.3163450001167667,0.01614201241216853,0.2227548333855934,-0.413553539906637,-1.5683143774615687,1.4026994705200195,-1.40458852449526,-1.570810619984762,2.727753162384033,0.0,9.58738019107841e-05,0.0017257285071536899,-0.001390170189552009,0.0,2.3968450477696024e-05,-0.41353034118411786,-1.5684191437471096,1.402763085235503,-1.4047204338693147,-1.5706580795672005,2.727747545275539,1.0416873110920138e-05,-0.0002324125204257487,0.0005090540292376488,-0.00031009158561092913,0.0001874375594685808,-0.00024110748755805104,0.0005497571710880495,-6.321406774866396,-6.29018778416041,-0.9634112988085693,3.385240804248071e-06,-2.084303123849208e-07,28.0,28.0,14.0,6.0,6.0,6.0
1.6827721080896452,1.0,4.66982499750278e-05,0.00010392686446952879,-0.3163494648735796,0.016130330940391152,0.2227998260040374,-0.3163494648735796,0.016130330940391152,0.2227998260040374,-0.3163450001167667,0.01614201241216853,0.2227548333855934,-0.413553539906637,-1.5683143774615687,1.4026994705200195,-1.40458852449526,-1.570810619984762,2.727753162384033,0.0,9.58738019107841e-05,0.0017257285071536899,-0.001390170189552009,0.0,2.3968450477696024e-05,-0.4135303261876551,-1.5684200951385485,1.4027650815423973,-1.404721680489071,-1.5706573056094315,2.727746601680423,3.749115677707885e-06,-0.00023784785974394058,0.0004990767235797041,-0.00031165493909141777,0.00019348944225671552,-0.00023589877890636913,0.0005497571710880495,-6.321406774866396,-6.29018778416041,-0.9634112988085693,3.385240804248071e-06,-2.084303123849208e-07,28.0,28.0,14.0,6.0,6.0,6.0
1.6867721080896452,1.0,4.66982499750278e-05,0.00010392686446952879,-0.3163494648735796,0.016130330940391152,0.2227998260040374,-0.3163494648735796,0.016130330940391152,0.2227998260040374,-0.3163450001167667,0.01614201241216853,0.2227548333855934,-0.413553539906637,-1.5683143774615687,1.4026994705200195,-1.40458852449526,-1.570810619984762,2.727753162384033,0.0,9.58738019107841e-05,0.0017257285071536899,-0.001390170189552009,0.0,2.3968450477696024e-05,-0.41353033626196034,-1.5684210669668632,1.4027670403346224,-1.4047229329870363,-1.5706565088965831,2.727745677670052,-2.5185763095116327e-06,-0.00024295707870304096,0.000489698056261236,-0.0003131244913630771,0.00019917821207756216,-0.00023100259277378813,0.0005497571710880495,-6.321406774866396,-6.29018778416041,-0.9634112988085693,3.385240804248071e-06,-2.084303123849208e-07,28.0,28.0,14.0,6.0,6.0,6.0
1.6914947840967223,1.0,4.66982499750278e-05,0.00010392686446952879,-0.3163494648735796,0.016130330940391152,0.2227998260040374,-0.3163494648735796,0.016130330940391152,0.2227998260040374,-0.3163450001167667,0.01614201241216853,0.2227548333855934,-0.413553539906637,-1.5683143774615687,1.4026994705200195,-1.40458852449526,-1.570810619984762,2.727753162384033,0.0,9.58738019107841e-05,0.0017257285071536899,-0.001390170189552009,0.0,2.3968450477696024e-05,-0.41353036990278746,-1.5684220580058412,1.4027689638630583,-1.4047241910105184,-1.5706556907939604,2.727744772069341,-8.410206777497979e-06,-0.0002477597445245953,0.0004808821089818761,-0.00031450587049843687,0.000204525655709158,-0.00022640017780916198,0.0005497571710880495,-6.321406774866396,-6.29018778416041,-0.9634112988085693,3.385240804248071e-06,-2.084303123849208e-07,28.0,28.0,14.0,6.0,6.0,6.0
1.6954947840967223,1.0,5.563614992376114e-05,0.0001458622175330431,-0.3163494648735796,0.016130330940391152,0.2227998260040374,-0.3163494648735796,0.016130330940391152,0.2227998260040374,-0.31634614529581917,0.016149709530827516,0.22274777956501865,-0.4136012236224573,-1.5683024565326136,1.4027113914489746,-1.40458852449526,-1.5707743803607386,2.7277886867523193,0.0,9.58738019107841e-05,0.0014141385909169912,-0.001390170189552009,0.0,2.3968450477696024e-05,-0.4135303836709009,-1.5684230794826295,1.4027708433175075,-1.404725473327774,-1.5706548943353589,2.7277438299446652,-3.4420283552071147e-06,-0.0002553691970718645,0.00046986361230981293,-0.0003205793139086547,0.0001991146503580662,-0.00023553116888046786,0.0012562766061688167,-6.321542997470594,-6.289748335967272,-0.9633041362571271,1.822042866604069e-05,-1.2820631494402835e-06,28.0,28.0,14.0,6.0,6.0,6.0
1.6998423061121728,1.0,5.563614992376114e-05,0.0001458622175330431,-0.3163494648735796,0.016130330940391152,0.2227998260040374,-0.3163494648735796,0.016130330940391152,0.2227998260040374,-0.31634614529581917,0.016149709530827516,0.22274777956501865,-0.4136012236224573,-1.5683024565326136,1.4027113914489746,-1.40458852449526,-1.5707743803607386,2.7277886867523193,0.0,9.58738019107841e-05,0.0014141385909169912,-0.001390170189552009,0.0,2.3968450477696024e-05,-0.41353037875866344,-1.5684241295709593,1.4027726813424093,-1.404726778481177,-1.5706541182221376,2.7277428534874635,1.2280593617462974e-06,-0.0002625220824662975,0.0004595062254380735,-0.00032628835071425944,0.00019402830532803988,-0.00024411430048749537,0.0012562766061688167,-6.321542997470594,-6.289748335967272,-0.9633041362571271,1.822042866604069e-05,-1.2820631494402835e-06,28.0,28.0,14.0,6.0,6.0,6.0
1.7038423061121728,1.0,4.6851772767567034e-05,7.425160855853091e-05,-0.3163494648735796,0.016130330940391152,0.2227998260040374,-0.3163494648735796,0.016130330940391152,0.2227998260040374,-0.3163455997438395,0.0161483210237419,0.22275673881006297,-0.41358930269350225,-1.5683382193194788,1.402723789215088,-1.4046123663531702,-1.5707863012896937,2.727729082107544,0.0,9.58738019107841e-05,0.0011984225129708648,-0.001390170189552009,0.0,2.3968450477696024e-05,-0.41353036796598364,-1.5684251638106907,1.4027744296033748,-1.4047280530166075,-1.5706533474966506,2.727741915476293,2.6981699506730303e-06,-0.0002585599328613489,0.00043706524140759546,-0.0003186338576442433,0.00019268137173297456,-0.0002345027926788797,0.0007713110727790305,-6.319692796952146,-6.289133072539618,-0.9631938116466954,1.4201290085191138e-05,-3.5917861416344614e-07,28.0,28.0,14.0,6.0,6.0,6.0
1.7083845281258698,1.0,4.6851772767567034e-05,7.425160855853091e-05,-0.3163494648735796,0.016130330940391152,0.2227998260040374,-0.3163494648735796,0.016130330940391152,0.2227998260040374,-0.3163455997438395,0.0161483210237419,0.22275673881006297,-0.41358930269350225,-1.5683382193194788,1.402723789215088,-1.4046123663531702,-1.5707863012896937,2.727729082107544,0.0,9.58738019107841e-05,0.0011984225129708648,-0.001390170189552009,0.0,2.3968450477696024e-05,-0.413530351645688,-1.5684261831527397,1.4027760934862405,-1.4047292987711442,-1.570652581835634,2.727741013604392,4.080073904264159e-06,-0.00025483551223269714,0.0004159707164189461,-0.0003114386341584281,0.00019141525415361315,-0.00022546797533878093,0.0007713110727790305,-6.319692796952146,-6.289133072539618,-0.9631938116466954,1.4201290085191138e-05,-3.5917861416344614e-07,28.0,28.0,14.0,6.0,6.0,6.0
1.7123845281258698,1.0,4.6851772767567034e-05,7.425160855853091e-05,-0.3163494648735796,0.016130330940391152,0.2227998260040374,-0.3163494648735796,0.016130330940391152,0.2227998260040374,-0.3163455997438395,0.0161483210237419,0.22275673881006297,-0.41358930269350225,-1.5683382193194788,1.402723789215088,-1.4046123663531702,-1.5707863012896937,2.727729082107544,0.0,9.58738019107841e-05,0.0011984225129708648,-0.001390170189552009,0.0,2.3968450477696024e-05,-0.4135303301294335,-1.568427188490967,1.4027776780536922,-1.4047305174716405,-1.5706518209352196,2.727740145703404,5.37906362063982e-06,-0.0002513345568417645,0.00039614186292961565,-0.00030467512408176187,0.00019022510362901344,-0.0002169752470390881,0.0007713110727790305,-6.319692796952146,-6.289133072539618,-0.9631938116466954,1.4201290085191138e-05,-3.5917861416344614e-07,28.0,28.0,14.0,6.0,6.0,6.0
1.7170988941162366,1.0,4.6851772767567034e-05,7.425160855853091e-05,-0.3163494648735796,0.016130330940391152,0.2227998260040374,-0.3163494648735796,0.016130330940391152,0.2227998260040374,-0.3163455997438395,0.0161483210237419,0.22275673881006297,-0.41358930269350225,-1.5683382193194788,1.402723789215088,-1.4046123663531702,-1.5707863012896937,2.727729082107544,0.0,9.58738019107841e-05,0.0011984225129708648,-0.001390170189552009,0.0,2.3968450477696024e-05,-0.4135303037289777,-1.5684281806656022,1.4027791880646547,-1.4047317107413388,-1.570651064509771,2.727739309735074,6.600113954032942e-06,-0.0002480436587742878,0.00037750274064964507,-0.0002983174246096956,0.00018910636213588972,-0.00020899208243737685,0.0007713110727790305,-6.319692796952146,-6.289133072539618,-0.9631938116466954,1.4201290085191138e-05,-3.5917861416344614e-07,28.0,28.0,14.0,6.0,6.0,6.0
1.7210988941162366,1.0,4.898832300914068e-05,8.067375275389428e-05,-0.3163494648735796,0.016130330940391152,0.2227998260040374,-0.3163494648735796,0.016130330940391152,0.2227998260040374,-0.31634783958855284,0.01614815501232903,0.22275422428587477,-0.41357738176454717,-1.5683262983905237,1.402723789215088,-1.4046242872821253,-1.5707982222186487,2.727741003036499,0.0,9.58738019107841e-05,0.0010306433541700244,-0.001390170189552009,0.0,2.3968450477696024e-05,-0.413530284394134,-1.5684291694925248,1.4027806220164678,-1.404732873155449,-1.5706502985592228,2.7277384921262664,4.833710935632377e-06,-0.0002472067306637348,0.00035848795324215036,-0.0002906035275129836,0.00019148763705934015,-0.00020440220192011955,0.0006492723805011559,-6.319619087819832,-6.288877171886886,-0.9631337166849229,1.0190404189743397e-05,-3.5917712089212115e-07,28.0,28.0,14.0,6.0,6.0,6.0
1.7258916151269812,1.0,4.898832300914068e-05,8.067375275389428e-05,-0.3163494648735796,0.016130330940391152,0.2227998260040374,-0.3163494648735796,0.016130330940391152,0.2227998260040374,-0.31634783958855284,0.01614815501232903,0.22275422428587477,-0.41357738176454717,-1.5683262983905237,1.402723789215088,-1.4046242872821253,-1.5707982222186487,2.727741003036499,0.0,9.58738019107841e-05,0.0010306433541700244,-0.001390170189552009,0.0,2.3968450477696024e-05,-0.41353027170096557,-1.5684301551725977,1.40278198447268,-1.404734006565306,-1.5706495236550808,2.7277376917754093,3.1732920983358465e-06,-0.00024642001823981495,0.00034061405307910534,-0.00028335246424207437,0.0001937260354873836,-0.0002000877142338977,0.0006492723805011559,-6.319619087819832,-6.288877171886886,-0.9631337166849229,1.0190404189743397e-05,-3.5917712089212115e-07,28.0,28.0,14.0,6.0,6.0,6.0
1.7298916151269812,1.0,4.205689516666709e-05,4.3908986483624247e-05,-0.3163494648735796,0.016130330940391152,0.2227998260040374,-0.3163494648735796,0.016130330940391152,0.2227998260040374,-0.3163561568306128,0.016137123464232805,0.22275886429311137,-0.4135654608355921,-1.5683262983905237,1.4027113914489746,-1.4046357313739222,-1.5707505385028284,2.727753162384033,0.0,9.58738019107841e-05,0.0009108011145144701,-0.001390170189552009,0.0,2.3968450477696024e-05,-0.4135302528821535,-1.568431116637996,1.4027832541612508,-1.4047350866998132,-1.5706487952500183,2.7277369197428443,4.704703011161175e-06,-0.00024036634962905314,0.00031742214267180193,-0.00027003362679575086,0.00018210126563364008,-0.00019300814127669005,0.0006672176911722593,-6.319010364391441,-6.2885492513552155,-0.9630703426549327,1.2496162133315929e-05,-3.622190247837951e-07,28.0,28.0,14.0,6.0,6.0,6.0
1.734538311131765,1.0,4.205689516666709e-05,4.3908986483624247e-05,-0.3163494648735796,0.016130330940391152,0.2227998260040374,-0.3163494648735796,0.016130330940391152,0.2227998260040374,-0.3163561568306128,0.016137123464232805,0.22275886429311137,-0.4135654608355921,-1.5683262983905237,1.4027113914489746,-1.4046357313739222,-1.5707505385028284,2.727753162384033,0.0,9.58738019107841e-05,0.0009108011145144701,-0.001390170189552009,0.0,2.3968450477696024e-05,-0.41353022830523645,-1.5684320553416007,1.4027844366482385,-1.4047361167554915,-1.5706481105540904,2.7277361743294737,6.144229269216984e-06,-0.00023467590113493701,0.00029562174688893675,-0.00025751391959620676,0.0001711739819711212,-0.00018635334269691487,0.0006672176911722593,-6.319010364391441,-6.2885492513552155,-0.9630703426549327,1.2496162133315929e-05,-3.622190247837951e-07,28.0,28.0,14.0,6.0,6.0,6.0
1.738538311131765,1.0,4.205689516666709e-05,4.3908986483624247e-05,-0.3163494648735796,0.016130330940391152,0.2227998260040374,-0.3163494648735796,0.016130330940391152,0.2227998260040374,-0.3163561568306128,0.016137123464232805,0.22275886429311137,-0.4135654608355921,-1.5683262983905237,1.4027113914489746,-1.4046357313739222,-1.5707505385028284,2.727753162384033,0.0,9.58738019107841e-05,0.0009108011145144701,-0.001390170189552009,0.0,2.3968450477696024e-05,-0.41353019831570065,-1.5684329726491189,1.4027855371657378,-1.4047370997370707,-1.570647466944749,2.7277354539381458,7.497383951789444e-06,-0.00022932687955046788,0.00027512937485304345,-0.0002457453948286353,0.00016090233532835345,-0.0001800978320319262,0.0006672176911722593,-6.319010364391441,-6.2885492513552155,-0.9630703426549327,1.2496162133315929e-05,-3.622190247837951e-07,28.0,28.0,14.0,6.0,6.0,6.0
1.7432123131360866,1.0,4.205689516666709e-05,4.3908986483624247e-05,-0.3163494648735796,0.016130330940391152,0.2227998260040374,-0.3163494648735796,0.016130330940391152,0.2227998260040374,-0.3163561568306128,0.016137123464232805,0.22275886429311137,-0.4135654608355921,-1.5683262983905237,1.4027113914489746,-1.4046357313739222,-1.5707505385028284,2.727753162384033,0.0,9.58738019107841e-05,0.0009108011145144701,-0.001390170189552009,0.0,2.3968450477696024e-05,-0.4135301632383032,-1.5684338698443159,1.4027865606319183,-1.404738038468997,-1.570646861956799,2.727734757067538,8.769349353407557e-06,-0.0002242987992610669,0.00025586654513930375,-0.0002346829815471181,0.00015124698748415175,-0.00017421765200683687,0.0006672176911722593,-6.319010364391441,-6.2885492513552155,-0.9630703426549327,1.2496162133315929e-05,-3.622190247837951e-07,28.0,28.0,14.0,6.0,6.0,6.0
1.7472123131360866,1.0,4.3276069572665e-05,8.007115086440604e-05,-0.3163494648735796,0.016130330940391152,0.2227998260040374,-0.3163494648735796,0.016130330940391152,0.2227998260040374,-0.3163512170174674,0.016148079906932785,0.22276039603604147,-0.41358930269350225,-1.5683262983905237,1.4026994705200195,-1.4046123663531702,-1.5707743803607386,2.72776460647583,0.0,9.58738019107841e-05,0.0008149273344315588,-0.001390170189552009,0.0,2.3968450477696024e-05,-0.41353011928682276,-1.5684347584753917,1.4027875268826626,-1.404738958256656,-1.5706462658193336,2.7277340457478285,1.0987870107587543e-05,-0.00022215776897187083,0.00024156268610228064,-0.00022994691479680864,0.00014903436636921468,-0.00017782992739189964,0.0008012886881873858,-6.318934681079689,-6.288312319628403,-0.9630247846158301,1.5463354994499973e-05,-8.175069077533315e-07,28.0,28.0,14.0,6.0,6.0,6.0
1.7515788301157307,1.0,4.3276069572665e-05,8.007115086440604e-05,-0.3163494648735796,0.016130330940391152,0.2227998260040374,-0.3163494648735796,0.016130330940391152,0.2227998260040374,-0.3163512170174674,0.016148079906932785,0.22276039603604147,-0.41358930269350225,-1.5683262983905237,1.4026994705200195,-1.4046123663531702,-1.5707743803607386,2.72776460647583,0.0,9.58738019107841e-05,0.0008149273344315588,-0.001390170189552009,0.0,2.3968450477696024e-05,-0.4135300669937043,-1.5684356390561938,1.4027884393508971,-1.4047398602367043,-1.5706456780013236,2.7277333208459633,1.307327961651673e-05,-0.00022014520050002656,0.0002281170586074789,-0.00022549501205151775,0.00014695450252117385,-0.00018122546625385863,0.0008012886881873858,-6.318934681079689,-6.288312319628403,-0.9630247846158301,1.5463354994499973e-05,-8.175069077533315e-07,28.0,28.0,14.0,6.0,6.0,6.0
1.7555788301157307,1.0,4.862009510714391e-05,7.173945505139005e-05,-0.3163494648735796,0.016130330940391152,0.2227998260040374,-0.3163494648735796,0.016130330940391152,0.2227998260040374,-0.31635416499955465,0.01613510017488419,0.2227516692094348,-0.413553539906637,-1.5683143774615687,1.402723789215088,-1.4046357313739222,-1.5707624594317835,2.7277767658233643,0.0,9.58738019107841e-05,0.0007430219557136297,-0.0012463594321161509,0.0,2.3968450477696024e-05,-0.4135300226026862,-1.5684365234245132,1.4027892913320938,-1.4047407355704549,-1.5706451117264988,2.727732594625033,1.1097754539659986e-05,-0.0002210920798664617,0.0002129952991491768,-0.00021883343766771442,0.0001415687062121229,-0.0001815552326700634,0.0006261993490167067,-6.319276295704377,-6.2884408817976585,-0.9630502167868679,8.487131775039579e-06,-5.129692261350954e-07,28.0,28.0,14.0,6.0,6.0,6.0
1.7602492691127125,1.0,4.862009510714391e-05,7.173945505139005e-05,-0.3163494648735796,0.016130330940391152,0.2227998260040374,-0.3163494648735796,0.016130330940391152,0.2227998260040374,-0.31635416499955465,0.01613510017488419,0.2227516692094348,-0.413553539906637,-1.5683143774615687,1.402723789215088,-1.4046357313739222,-1.5707624594317835,2.7277767658233643,0.0,9.58738019107841e-05,0.0007430219557136297,-0.0012463594321161509,0.0,2.3968450477696024e-05,-0.41352998563964233,-1.5684374113530992,1.402790086455475,-1.4047415858566858,-1.570644565702268,2.7277318671641804,9.240760967414647e-06,-0.0002219821464709107,0.00019878084525837278,-0.00021257155774693929,0.000136506057681615,-0.00018186521310129588,0.0006261993490167067,-6.319276295704377,-6.2884408817976585,-0.9630502167868679,8.487131775039579e-06,-5.129692261350954e-07,28.0,28.0,14.0,6.0,6.0,6.0
1.7642492691127125,1.0,4.862009510714391e-05,7.173945505139005e-05,-0.3163494648735796,0.016130330940391152,0.2227998260040374,-0.3163494648735796,0.016130330940391152,0.2227998260040374,-0.31635416499955465,0.01613510017488419,0.2227516692094348,-0.413553539906637,-1.5683143774615687,1.402723789215088,-1.4046357313739222,-1.5707624594317835,2.7277767658233643,0.0,9.58738019107841e-05,0.0007430219557136297,-0.0012463594321161509,0.0,2.3968450477696024e-05,-0.4135299556588943,-1.5684383026283355,1.4027908281325094,-1.4047424125982484,-1.5706440387135958,2.7277311385378016,7.495187009504027e-06,-0.00022281880907909277,0.00018541925860101702,-0.00020668539062141067,0.00013174716806293757,-0.00018215659470665441,0.0006261993490167067,-6.319276295704377,-6.2884408817976585,-0.9630502167868679,8.487131775039579e-06,-5.129692261350954e-07,28.0,28.0,14.0,6.0,6.0,6.0
1.7689387041216258,1.0,4.862009510714391e-05,7.173945505139005e-05,-0.3163494648735796,0.016130330940391152,0.2227998260040374,-0.3163494648735796,0.016130330940391152,0.2227998260040374,-0.31635416499955465,0.01613510017488419,0.2227516692094348,-0.413553539906637,-1.5683143774615687,1.402723789215088,-1.4046357313739222,-1.5707624594317835,2.7277767658233643,0.0,9.58738019107841e-05,0.0007430219557136297,-0.0012463594321161509,0.0,2.3968450477696024e-05,-0.4135299322415043,-1.5684391970494231,1.402791519569978,-1.4047432172078225,-1.5706435296183485,2.727730408815828,5.854347489068045e-06,-0.00022360527193078392,0.0001728593671431026,-0.00020115239352341377,0.0001272738118213808,-0.00018243049341569144,0.0006261993490167067,-6.319276295704377,-6.2884408817976585,-0.9630502167868679,8.487131775039579e-06,-5.129692261350954e-07,28.0,28.0,14.0,6.0,6.0,6.0
1.7729387041216258,1.0,3.957341760179663e-05,3.996489765659005e-05,-0.3163494648735796,0.016130330940391152,0.2227998260040374,-0.3163494648735796,0.016130330940391152,0.2227998260040374,-0.31634659012707816,0.016139486974691274,0.22276143384013466,-0.41357738176454717,-1.5683625380145472,1.402735710144043,-1.4046242872821253,-1.5707624594317835,2.727729082107544,0.0,7.669904152862728e-05,0.0006711166352033615,-0.0010785802733153105,0.0,2.3968450477696024e-05,-0.41352990130852496,-1.5684400549781066,1.4027921349692598,-1.4047439794211432,-1.5706430373453792,2.727729719215134,7.733244838708295e-06,-0.00021448217083401718,0.00015384982046099654,-0.00019055333015013275,0.00012306824231390028,-0.00017240017349405312,0.000517395450864716,-6.317679156040877,-6.288079754170193,-0.9630156316668362,1.3974639532626111e-05,-2.0534484027953537e-07,28.0,28.0,14.0,6.0,6.0,6.0
1.7773313391115524,1.0,3.957341760179663e-05,3.996489765659005e-05,-0.3163494648735796,0.016130330940391152,0.2227998260040374,-0.3163494648735796,0.016130330940391152,0.2227998260040374,-0.31634659012707816,0.016139486974691274,0.22276143384013466,-0.41357738176454717,-1.5683625380145472,1.402735710144043,-1.4046242872821253,-1.5707624594317835,2.727729082107544,0.0,7.669904152862728e-05,0.0006711166352033615,-0.0010785802733153105,0.0,2.3968450477696024e-05,-0.4135298633108916,-1.5684408786039299,1.4027926788926461,-1.4047447017819854,-1.5706425608853514,2.7277290673284433,9.49940834737013e-06,-0.00020590645580305646,0.00013598084657981686,-0.00018059021057924862,0.0001191150069768686,-0.0001629716727677131,0.000517395450864716,-6.317679156040877,-6.288079754170193,-0.9630156316668362,1.3974639532626111e-05,-2.0534484027953537e-07,28.0,28.0,14.0,6.0,6.0,6.0
1.7813313391115524,1.0,5.955874453887578e-05,0.00011430057868239619,-0.3163494648735796,0.016130330940391152,0.2227998260040374,-0.3163494648735796,0.016130330940391152,0.2227998260040374,-0.3163481213415207,0.016140159010949937,0.22274109911069417,-0.41357738176454717,-1.5683143774615687,1.4027595520019531,-1.4046357313739222,-1.5707624594317835,2.7277767658233643,0.0,7.669904152862728e-05,0.0006231797160580754,-0.0009587380336597562,0.0,2.3968450477696024e-05,-0.41352981864894434,-1.5684417289815715,1.402793185084453,-1.4047454234257566,-1.5706420992932772,2.727728395984397,1.1165486806544346e-05,-0.00021259441041986964,0.00012654795170160012,-0.00018041094279104647,0.00011539801854069976,-0.00016783601158481065,0.0009272606827513821,-6.319649127926155,-6.2885153804001686,-0.9630772462629599,1.3983745312880431e-05,-8.206155644322794e-07,28.0,28.0,14.0,6.0,6.0,6.0
1.78600534009724,1.0,5.955874453887578e-05,0.00011430057868239619,-0.3163494648735796,0.016130330940391152,0.2227998260040374,-0.3163494648735796,0.016130330940391152,0.2227998260040374,-0.3163481213415207,0.016140159010949937,0.22274109911069417,-0.41357738176454717,-1.5683143774615687,1.4027595520019531,-1.4046357313739222,-1.5707624594317835,2.7277767658233643,0.0,7.669904152862728e-05,0.0006231797160580754,-0.0009587380336597562,0.0,2.3968450477696024e-05,-0.41352976772254213,-1.5684426045059225,1.4027936558085752,-1.404746144395481,-1.5706416516770796,2.727727706350437,1.2731600558168107e-05,-0.00021888108775967402,0.00011768103051607637,-0.00018024243107013645,0.00011190404941070105,-0.00017240849007288235,0.0009272606827513821,-6.319649127926155,-6.2885153804001686,-0.9630772462629599,1.3983745312880431e-05,-8.206155644322794e-07,28.0,28.0,14.0,6.0,6.0,6.0
1.79000534009724,1.0,5.955874453887578e-05,0.00011430057868239619,-0.3163494648735796,0.016130330940391152,0.2227998260040374,-0.3163494648735796,0.016130330940391152,0.2227998260040374,-0.3163481213415207,0.016140159010949937,0.22274109911069417,-0.41357738176454717,-1.5683143774615687,1.4027595520019531,-1.4046357313739222,-1.5707624594317835,2.7277767658233643,0.0,7.669904152862728e-05,0.0006231797160580754,-0.0009587380336597562,0.0,2.3968450477696024e-05,-0.4135297109075522,-1.5684435036681803,1.4027940931930736,-1.4047468647316013,-1.5706412171982058,2.7277269995239575,1.4203747484694444e-05,-0.00022479056445909014,0.00010934612460168405,-0.00018008403005248104,0.00010861971842850227,-0.00017670661985166972,0.0009272606827513821,-6.319649127926155,-6.2885153804001686,-0.9630772462629599,1.3983745312880431e-05,-8.206155644322794e-07,28.0,28.0,14.0,6.0,6.0,6.0
1.7946947751061533,1.0,5.955874453887578e-05,0.00011430057868239619,-0.3163494648735796,0.016130330940391152,0.2227998260040374,-0.3163494648735796,0.016130330940391152,0.2227998260040374,-0.3163481213415207,0.016140159010949937,0.22274109911069417,-0.41357738176454717,-1.5683143774615687,1.4027595520019531,-1.4046357313739222,-1.5707624594317835,2.7277767658233643,0.0,7.669904152862728e-05,0.0006231797160580754,-0.0009587380336597562,0.0,2.3968450477696024e-05,-0.4135296485572898,-1.5684444250500704,1.4027944992383257,-1.4047475844721335,-1.5706407950684167,2.7277262765365102,1.5587565595629202e-05,-0.0002303454725565413,0.00010151131304215527,-0.00017993513309588494,0.00010553244730523542,-0.00018074686184372987,0.0009272606827513821,-6.319649127926155,-6.2885153804001686,-0.9630772462629599,1.3983745312880431e-05,-8.206155644322794e-07,28.0,28.0,14.0,6.0,6.0,6.0
1.7986947751061533,1.0,5.012188698505761e-05,8.138146375196131e-05,-0.3163494648735796,0.016130330940391152,0.2227998260040374,-0.3163494648735796,0.016130330940391152,0.2227998260040374,-0.31635632820992765,0.01613834782490378,0.2227508277619074,-0.41357738176454717,-1.5683024565326136,1.4027113914489746,-1.4046242872821253,-1.5707386175738733,2.727753162384033,0.0,7.669904152862728e-05,0.0005752427969127893,-0.0008388957940042019,0.0,2.3968450477696024e-05,-0.41352957139573904,-1.5684453567812109,1.402794877962423,-1.4047482843148373,-1.5706404120038868,2.7277255751582037,1.929038769026856e-05,-0.00023293278513371405,9.468102435121951e-05,-0.00017496067592240902,9.576613248054728e-05,-0.0001753445766401867,0.0009823605774174889,-6.31939300265392,-6.288254128927521,-0.9630418610061351,1.650946464663539e-05,-5.160685365884304e-07,28.0,28.0,14.0,6.0,6.0,6.0
1.8026947751061533,1.0,5.012188698505761e-05,8.138146375196131e-05,-0.3163494648735796,0.016130330940391152,0.2227998260040374,-0.3163494648735796,0.016130330940391152,0.2227998260040374,-0.31635632820992765,0.01613834782490378,0.2227508277619074,-0.41357738176454717,-1.5683024565326136,1.4027113914489746,-1.4046242872821253,-1.5707386175738733,2.727753162384033,0.0,7.669904152862728e-05,0.0005752427969127893,-0.0008388957940042019,0.0,2.3968450477696024e-05,-0.4135294803115772,-1.5684462982406466,1.402795231004635,-1.404748965453582,-1.5706400656607007,2.7277248940924896,2.2771040459229557e-05,-0.00023536485895625644,8.82605529817399e-05,-0.00017028468617934163,8.658579654534041e-05,-0.00017026642854885615,0.0009823605774174889,-6.31939300265392,-6.288254128927521,-0.9630418610061351,1.650946464663539e-05,-5.160685365884304e-07,28.0,28.0,14.0,6.0,6.0,6.0
1.8066947751061533,1.0,5.012188698505761e-05,8.138146375196131e-05,-0.3163494648735796,0.016130330940391152,0.2227998260040374,-0.3163494648735796,0.016130330940391152,0.2227998260040374,-0.31635632820992765,0.01613834782490378,0.2227508277619074,-0.41357738176454717,-1.5683024565326136,1.4027113914489746,-1.4046242872821253,-1.5707386175738733,2.727753162384033,0.0,7.669904152862728e-05,0.0005752427969127893,-0.0008388957940042019,0.0,2.3968450477696024e-05,-0.41352937614016094,-1.5684472488446801,1.4027955599058746,-1.4047496290106054,-1.5706397538355776,2.7277242321206123,2.6042854062052894e-05,-0.0002376510083494463,8.222530989442908e-05,-0.0001658892558208583,7.795628076624597e-05,-0.0001654929693430054,0.0009823605774174889,-6.31939300265392,-6.288254128927521,-0.9630418610061351,1.650946464663539e-05,-5.160685365884304e-07,28.0,28.0,14.0,6.0,6.0,6.0
1.8112785490951508,1.0,5.242971907908971e-05,9.035833160413688e-05,-0.3163494648735796,0.016130330940391152,0.2227998260040374,-0.3163494648735796,0.016130330940391152,0.2227998260040374,-0.31634843071624263,0.016139145730429197,0.2227481529410558,-0.4135654608355921,-1.5683262983905237,1.402747631072998,-1.4046357313739222,-1.5707743803607386,2.7277767658233643,0.0,7.669904152862728e-05,0.0005512743955478072,-0.0007669904152862728,0.0,2.3968450477696024e-05,-0.41352928094161073,-1.568448201616013,1.4027958516710206,-1.4047502668314054,-1.5706394332672517,2.7277235533623116,2.3799637551203495e-05,-0.00023819283322391787,7.294128649243052e-05,-0.00015945520001140235,8.014208145368247e-05,-0.00016968957521829215,0.0006208099390445342,-6.318893994159678,-6.288290144142075,-0.963058628642683,9.96931148025776e-06,-6.668014258932535e-07,28.0,28.0,14.0,6.0,6.0,6.0
1.8152785490951509,1.0,5.242971907908971e-05,9.035833160413688e-05,-0.3163494648735796,0.016130330940391152,0.2227998260040374,-0.3163494648735796,0.016130330940391152,0.2227998260040374,-0.31634843071624263,0.016139145730429197,0.2227481529410558,-0.4135654608355921,-1.5683262983905237,1.402747631072998,-1.4046357313739222,-1.5707743803607386,2.7277767658233643,0.0,7.669904152862728e-05,0.0005512743955478072,-0.0007669904152862728,0.0,2.3968450477696024e-05,-0.4135291941775546,-1.5684491564246075,1.4027961085282386,-1.4047508804601556,-1.5706391044803154,2.7277228588247726,2.169101403100506e-05,-0.00023870214860592117,6.421430449455188e-05,-0.00015340718755051376,8.219673409987278e-05,-0.0001736343847410617,0.0006208099390445342,-6.318893994159678,-6.288290144142075,-0.963058628642683,9.96931148025776e-06,-6.668014258932535e-07,28.0,28.0,14.0,6.0,6.0,6.0
1.8197899041101344,1.0,5.242971907908971e-05,9.035833160413688e-05,-0.3163494648735796,0.016130330940391152,0.2227998260040374,-0.3163494648735796,0.016130330940391152,0.2227998260040374,-0.31634843071624263,0.016139145730429197,0.2227481529410558,-0.4135654608355921,-1.5683262983905237,1.402747631072998,-1.4046357313739222,-1.5707743803607386,2.7277767658233643,0.0,7.669904152862728e-05,0.0005512743955478072,-0.0007669904152862728,0.0,2.3968450477696024e-05,-0.41352911534192294,-1.5684501131482278,1.4027963325720043,-1.4047514713483789,-1.570638767967885,2.72772214945475,1.970890792201853e-05,-0.00023918090506500425,5.601094141654595e-05,-0.00014772205583727852,8.412810758729167e-05,-0.00017734250569246505,0.0006208099390445342,-6.318893994159678,-6.288290144142075,-0.963058628642683,9.96931148025776e-06,-6.668014258932535e-07,28.0,28.0,14.0,6.0,6.0,6.0
1.8237899041101344,1.0,4.6385411999349923e-05,7.693192884409743e-05,-0.3163494648735796,0.016130330940391152,0.2227998260040374,-0.3163494648735796,0.016130330940391152,0.2227998260040374,-0.31635958995683344,0.016138630183660924,0.22275532643441473,-0.4135654608355921,-1.5683024565326136,1.4026994705200195,-1.4046357313739222,-1.5707505385028284,2.7277886867523193,0.0,7.669904152862728e-05,0.0005033374764025211,-0.0006950850947760046,0.0,2.3968450477696024e-05,-0.4135290343468276,-1.568451068177658,1.4027965282006292,-1.4047520176177726,-1.570638451652209,2.7277214220224644,2.0248773842009718e-05,-0.00023875735752684494,4.890715621772569e-05,-0.0001365673484191575,7.907891901958064e-05,-0.00018185807142005487,0.000730464247190063,-6.31896067552882,-6.288083409274747,-0.963021825150487,1.2496208464947277e-05,-8.206021076449986e-07,28.0,28.0,14.0,6.0,6.0,6.0
1.8284995211120703,1.0,4.6385411999349923e-05,7.693192884409743e-05,-0.3163494648735796,0.016130330940391152,0.2227998260040374,-0.3163494648735796,0.016130330940391152,0.2227998260040374,-0.31635958995683344,0.016138630183660924,0.22275532643441473,-0.4135654608355921,-1.5683024565326136,1.4026994705200195,-1.4046357313739222,-1.5707505385028284,2.7277886867523193,0.0,7.669904152862728e-05,0.0005033374764025211,-0.0006950850947760046,0.0,2.3968450477696024e-05,-0.41352895132183637,-1.5684520216145494,1.4027966971190218,-1.4047525219454664,-1.5706381543214818,2.7277206776116514,2.075624780680143e-05,-0.0002383592228409752,4.222959813083464e-05,-0.00012608192344612371,7.433268176593228e-05,-0.0001861027032039893,0.000730464247190063,-6.31896067552882,-6.288083409274747,-0.963021825150487,1.2496208464947277e-05,-8.206021076449986e-07,28.0,28.0,14.0,6.0,6.0,6.0
1.8324995211120703,1.0,4.6385411999349923e-05,7.693192884409743e-05,-0.3163494648735796,0.016130330940391152,0.2227998260040374,-0.3163494648735796,0.016130330940391152,0.2227998260040374,-0.31635958995683344,0.016138630183660924,0.22275532643441473,-0.4135654608355921,-1.5683024565326136,1.4026994705200195,-1.4046357313739222,-1.5707505385028284,2.7277886867523193,0.0,7.669904152862728e-05,0.0005033374764025211,-0.0006950850947760046,0.0,2.3968450477696024e-05,-0.41352886638874303,-1.5684529735544543,1.402796840929796,-1.4047529868479622,-1.5706378748366068,2.727719917241023,2.1233273333705643e-05,-0.00023798497623625763,3.595269352915706e-05,-0.00011622562397147198,6.987121874750281e-05,-0.00019009265708088766,0.000730464247190063,-6.31896067552882,-6.288083409274747,-0.963021825150487,1.2496208464947277e-05,-8.206021076449986e-07,28.0,28.0,14.0,6.0,6.0,6.0
1.8370714231247556,1.0,6.350689555606443e-05,0.00011382451914594121,-0.3163494648735796,0.016130330940391152,0.2227998260040374,-0.3163494648735796,0.016130330940391152,0.2227998260040374,-0.31634789859120455,0.016142767801247796,0.2227375684981869,-0.41357738176454717,-1.5683024565326136,1.4027595520019531,-1.4046357313739222,-1.5707743803607386,2.727741003036499,0.0,7.669904152862728e-05,0.0004793690168298781,-0.0006471481756307185,0.0,2.3968450477696024e-05,-0.4135287824118805,-1.5684539597801062,1.4027969752302,-1.4047534611360954,-1.57063758467015,2.727719180315562,2.0994215629918068e-05,-0.0002465564129428767,3.3575101047008586e-05,-0.00011857203332015252,7.254161419920102e-05,-0.0001842313652687879,0.000944362476842367,-6.31988714093163,-6.288444324484424,-0.9630805351337093,1.2721121687033001e-05,-3.592021024875217e-07,28.0,28.0,14.0,6.0,6.0,6.0
1.8410714231247556,1.0,6.350689555606443e-05,0.00011382451914594121,-0.3163494648735796,0.016130330940391152,0.2227998260040374,-0.3163494648735796,0.016130330940391152,0.2227998260040374,-0.31634789859120455,0.016142767801247796,0.2227375684981869,-0.41357738176454717,-1.5683024565326136,1.4027595520019531,-1.4046357313739222,-1.5707743803607386,2.727741003036499,0.0,7.669904152862728e-05,0.0004793690168298781,-0.0006471481756307185,0.0,2.3968450477696024e-05,-0.413528699333875,-1.56845497823436,1.4027971005908566,-1.4047539442467278,-1.5706372844630063,2.7277184654285582,2.0769501388357746e-05,-0.00025461356344709865,3.134016411378902e-05,-0.00012077765810791223,7.505178592379732e-05,-0.00017872175096541413,0.000944362476842367,-6.31988714093163,-6.288444324484424,-0.9630805351337093,1.2721121687033001e-05,-3.592021024875217e-07,28.0,28.0,14.0,6.0,6.0,6.0
1.8454070731056862,1.0,6.350689555606443e-05,0.00011382451914594121,-0.3163494648735796,0.016130330940391152,0.2227998260040374,-0.3163494648735796,0.016130330940391152,0.2227998260040374,-0.31634789859120455,0.016142767801247796,0.2227375684981869,-0.41357738176454717,-1.5683024565326136,1.4027595520019531,-1.4046357313739222,-1.5707743803607386,2.727741003036499,0.0,7.669904152862728e-05,0.0004793690168298781,-0.0006471481756307185,0.0,2.3968450477696024e-05,-0.41352861710079497,-1.5684560269834997,1.4027972175481502,-1.4047544356505095,-1.570636974817617,2.727717771257704,2.0558270001291045e-05,-0.0002621872849210673,2.9239323396562628e-05,-0.00012285094540840635,7.741134734491785e-05,-0.0001735427135202428,0.000944362476842367,-6.31988714093163,-6.288444324484424,-0.9630805351337093,1.2721121687033001e-05,-3.592021024875217e-07,28.0,28.0,14.0,6.0,6.0,6.0
1.8494070731056862,1.0,4.010674646971713e-05,3.521553312926536e-05,-0.3163494648735796,0.016130330940391152,0.2227998260040374,-0.3163494648735796,0.016130330940391152,0.2227998260040374,-0.31636306248122464,0.016141711471699568,0.22276385185101252,-0.413553539906637,-1.5683382193194788,1.402723789215088,-1.4046958128558558,-1.5707743803607386,2.727753162384033,0.0,7.669904152862728e-05,0.00045540055725723505,-0.0005992112564854324,0.0,2.3968450477696024e-05,-0.4135285493982977,-1.568457015343386,1.4027972468899246,-1.4047547912820477,-1.5706366562919143,2.727717096283736,1.692562431345807e-05,-0.0002470899715795436,7.335443588554479e-06,-8.890788455239958e-05,7.963142565485927e-05,-0.0001687434920616188,0.00012295760709545259,-6.317371977642678,-6.2878794889022425,-0.9629956082483958,7.21343022866475e-06,-2.084133528498727e-07,28.0,28.0,14.0,6.0,6.0,6.0
1.8542472821089913,1.0,4.010674646971713e-05,3.521553312926536e-05,-0.3163494648735796,0.016130330940391152,0.2227998260040374,-0.3163494648735796,0.016130330940391152,0.2227998260040374,-0.31636306248122464,0.016141711471699568,0.22276385185101252,-0.413553539906637,-1.5683382193194788,1.402723789215088,-1.4046958128558558,-1.5707743803607386,2.727753162384033,0.0,7.669904152862728e-05,0.00045540055725723505,-0.0005992112564854324,0.0,2.3968450477696024e-05,-0.4135284953545482,-1.5684579469373743,1.4027971938731107,-1.4047550192876772,-1.5706363294187173,2.72771643935484,1.3510937366895071e-05,-0.00023289849703851125,-1.3254203430973177e-05,-5.700140734775322e-05,8.17182992662042e-05,-0.00016423222389051225,0.00012295760709545259,-6.317371977642678,-6.2878794889022425,-0.9629956082483958,7.21343022866475e-06,-2.084133528498727e-07,28.0,28.0,14.0,6.0,6.0,6.0
1.8582472821089913,1.0,4.010674646971713e-05,3.521553312926536e-05,-0.3163494648735796,0.016130330940391152,0.2227998260040374,-0.3163494648735796,0.016130330940391152,0.2227998260040374,-0.31636306248122464,0.016141711471699568,0.22276385185101252,-0.413553539906637,-1.5683382193194788,1.402723789215088,-1.4046958128558558,-1.5707743803607386,2.727753162384033,0.0,7.669904152862728e-05,0.00045540055725723505,-0.0005992112564854324,0.0,2.3968450477696024e-05,-0.41352845415002165,-1.5684588251714182,1.4027970634392242,-1.4047551273249523,-1.5706359946988755,2.7277157993883128,1.0301131637125854e-05,-0.00021955851096994088,-3.2608471629329175e-05,-2.700931877538564e-05,8.367996046086844e-05,-0.00015999163180967208,0.00012295760709545259,-6.317371977642678,-6.2878794889022425,-0.9629956082483958,7.21343022866475e-06,-2.084133528498727e-07,28.0,28.0,14.0,6.0,6.0,6.0
1.862544942132431,1.0,4.010674646971713e-05,3.521553312926536e-05,-0.3163494648735796,0.016130330940391152,0.2227998260040374,-0.3163494648735796,0.016130330940391152,0.2227998260040374,-0.31636306248122464,0.016141711471699568,0.22276385185101252,-0.413553539906637,-1.5683382193194788,1.402723789215088,-1.4046958128558558,-1.5707743803607386,2.727753162384033,0.0,7.669904152862728e-05,0.00045540055725723505,-0.0005992112564854324,0.0,2.3968450477696024e-05,-0.41352842501436465,-1.5684596532471144,1.4027968602332892,-1.4047551225919743,-1.5706356526031875,2.727715175366412,7.2839142511427885e-06,-0.00020701892406548472,-5.0801483735783814e-05,1.1832444826398878e-06,8.552392198385282e-05,-0.00015600547525368232,0.00012295760709545259,-6.317371977642678,-6.2878794889022425,-0.9629956082483958,7.21343022866475e-06,-2.084133528498727e-07,28.0,28.0,14.0,6.0,6.0,6.0
1.866544942132431,1.0,4.069891958643e-05,5.3095566152102025e-05,-0.3163494648735796,0.016130330940391152,0.2227998260040374,-0.3163494648735796,0.016130330940391152,0.2227998260040374,-0.31635278757457097,0.016144913532092773,0.222761974851705,-0.41357738176454717,-1.5683625380145472,1.402747631072998,-1.4046719709979456,-1.5707743803607386,2.72776460647583,0.0,7.669904152862728e-05,0.00043143212678842247,-0.0005992112564854324,0.0,2.3968450477696024e-05,-0.4135283935212892,-1.56846043242813,1.4027965914678693,-1.4047550445120418,-1.570635303579609,2.7277145393848823,7.873268876049913e-06,-0.00019479525385766936,-6.719135498970437e-05,1.9519983116420118e-05,8.725589461848551e-05,-0.00015899538238479385,0.0003168176431308738,-6.3170920768626555,-6.287840348502391,-0.9629953296822472,1.2707629090370056e-05,-6.636958286969273e-07,28.0,28.0,14.0,6.0,6.0,6.0
1.8711904511374895,1.0,4.069891958643e-05,5.3095566152102025e-05,-0.3163494648735796,0.016130330940391152,0.2227998260040374,-0.3163494648735796,0.016130330940391152,0.2227998260040374,-0.31635278757457097,0.016144913532092773,0.222761974851705,-0.41357738176454717,-1.5683625380145472,1.402747631072998,-1.4046719709979456,-1.5707743803607386,2.72776460647583,0.0,7.669904152862728e-05,0.00043143212678842247,-0.0005992112564854324,0.0,2.3968450477696024e-05,-0.4135283598122403,-1.5684611656481453,1.4027962610765334,-1.404754897485972,-1.5706349480438135,2.727713892161302,8.42726222346261e-06,-0.00018330500386232293,-8.259783396838969e-05,3.6756517432173536e-05,8.888394889504024e-05,-0.00016180589508803868,0.0003168176431308738,-6.3170920768626555,-6.287840348502391,-0.9629953296822472,1.2707629090370056e-05,-6.636958286969273e-07,28.0,28.0,14.0,6.0,6.0,6.0
1.8751904511374895,1.0,5.4195837444592735e-05,6.154050405224109e-05,-0.3163494648735796,0.016130330940391152,0.2227998260040374,-0.3163494648735796,0.016130330940391152,0.2227998260040374,-0.31636097783745104,0.016144244279150458,0.2227487274770157,-0.41358930269350225,-1.5683143774615687,1.402747631072998,-1.4046838919269007,-1.5707386175738733,2.727753162384033,0.0,7.669904152862728e-05,0.0004074636672157794,-0.0005992112564854324,0.0,2.3968450477696024e-05,-0.41352830273172636,-1.5684618953272875,1.4027958920124557,-1.4047547081192746,-1.5706346275795586,2.7277132551095833,1.4270128480364921e-05,-0.00018241978555629895,-9.226601941805977e-05,4.7341674339609685e-05,8.01160637384834e-05,-0.00015926292964793835,0.0009125084328359672,-6.318749621648248,-6.288122293081059,-0.963021333480506,1.9252750801166567e-05,-6.69862475265047e-07,28.0,28.0,14.0,6.0,6.0,6.0
1.8799451821325355,1.0,5.4195837444592735e-05,6.154050405224109e-05,-0.3163494648735796,0.016130330940391152,0.2227998260040374,-0.3163494648735796,0.016130330940391152,0.2227998260040374,-0.31636097783745104,0.016144244279150458,0.2227487274770157,-0.41358930269350225,-1.5683143774615687,1.402747631072998,-1.4046838919269007,-1.5707386175738733,2.727753162384033,0.0,7.669904152862728e-05,0.0004074636672157794,-0.0005992112564854324,0.0,2.3968450477696024e-05,-0.4135282236820353,-1.5684626216780089,1.4027954865960006,-1.4047544789523874,-1.5706343400825518,2.7277126276194146,1.976242276185309e-05,-0.00018158768034863643,-0.00010135411374074964,5.729172183259966e-05,7.187425169131995e-05,-0.00015687254213424403,0.0009125084328359672,-6.318749621648248,-6.288122293081059,-0.963021333480506,1.9252750801166567e-05,-6.69862475265047e-07,28.0,28.0,14.0,6.0,6.0,6.0
1.8839451821325355,1.0,5.4195837444592735e-05,6.154050405224109e-05,-0.3163494648735796,0.016130330940391152,0.2227998260040374,-0.3163494648735796,0.016130330940391152,0.2227998260040374,-0.31636097783745104,0.016144244279150458,0.2227487274770157,-0.41358930269350225,-1.5683143774615687,1.402747631072998,-1.4046838919269007,-1.5707386175738733,2.727753162384033,0.0,7.669904152862728e-05,0.0004074636672157794,-0.0005992112564854324,0.0,2.3968450477696024e-05,-0.4135281239813177,-1.5684633449000147,1.402795047008311,-1.4047542123733214,-1.5706340835747583,2.727712009117103,2.492517938645197e-05,-0.00018080550145343366,-0.00010989692240407812,6.664476647601023e-05,6.412694836698632e-05,-0.00015462557787137136,0.0009125084328359672,-6.318749621648248,-6.288122293081059,-0.963021333480506,1.9252750801166567e-05,-6.69862475265047e-07,28.0,28.0,14.0,6.0,6.0,6.0
1.8883413781216376,1.0,5.4195837444592735e-05,6.154050405224109e-05,-0.3163494648735796,0.016130330940391152,0.2227998260040374,-0.3163494648735796,0.016130330940391152,0.2227998260040374,-0.31636097783745104,0.016144244279150458,0.2227487274770157,-0.41358930269350225,-1.5683143774615687,1.402747631072998,-1.4046838919269007,-1.5707386175738733,2.727753162384033,0.0,7.669904152862728e-05,0.0004074636672157794,-0.0005992112564854324,0.0,2.3968450477696024e-05,-0.4135280048686353,-1.568464065181028,1.402794575299661,-1.4047539106268077,-1.5706338561968254,2.7277113990633772,2.977817061357492e-05,-0.00018007025329194303,-0.0001179271625476069,7.543662844081618e-05,5.68444832421127e-05,-0.00015251343146427106,0.0009125084328359672,-6.318749621648248,-6.288122293081059,-0.963021333480506,1.9252750801166567e-05,-6.69862475265047e-07,28.0,28.0,14.0,6.0,6.0,6.0
1.8923413781216376,1.0,3.733547013133366e-05,7.618580617012907e-05,-0.3163494648735796,0.016130330940391152,0.2227998260040374,-0.3163494648735796,0.016130330940391152,0.2227998260040374,-0.3163597391865762,0.016143700628801994,0.22276651493599428,-0.41358930269350225,-1.5683625380145472,1.402735710144043,-1.4046838919269007,-1.5707386175738733,2.7277767658233643,0.0,7.669904152862728e-05,0.0003834952076431364,-0.0005992112564854324,0.0,2.3968450477696024e-05,-0.41352786753101534,-1.5684647239543577,1.4027940339714327,-1.4047535271037015,-1.5706336561992356,2.727710769737439,3.4334404980877426e-05,-0.00016469333243707325,-0.00013533205703465025,9.588077652901669e-05,4.999939742946819e-05,-0.00015733148445284842,0.0005001679689946528,-6.316745039691589,-6.28766097890635,-0.9629591252890574,1.9243178916220173e-05,-9.743604076315738e-07,28.0,28.0,14.0,6.0,6.0,6.0
1.8968871621240404,1.0,3.733547013133366e-05,7.618580617012907e-05,-0.3163494648735796,0.016130330940391152,0.2227998260040374,-0.3163494648735796,0.016130330940391152,0.2227998260040374,-0.3163597391865762,0.016143700628801994,0.22276651493599428,-0.41358930269350225,-1.5683625380145472,1.402735710144043,-1.4046838919269007,-1.5707386175738733,2.7277767658233643,0.0,7.669904152862728e-05,0.0003834952076431364,-0.0005992112564854324,0.0,2.3968450477696024e-05,-0.4135277130619542,-1.568465324910465,1.4027934272008011,-1.4047530667105985,-1.5706334819391685,2.727710122295622,3.861726528614178e-05,-0.00015023902683349567,-0.000151692657852471,0.00011509827573192517,4.3565016765582345e-05,-0.00016186045426211116,0.0005001679689946528,-6.316745039691589,-6.28766097890635,-0.9629591252890574,1.9243178916220173e-05,-9.743604076315738e-07,28.0,28.0,14.0,6.0,6.0,6.0
1.9008871621240404,1.0,5.169188992039842e-05,5.504607943943693e-05,-0.3163494648735796,0.016130330940391152,0.2227998260040374,-0.3163494648735796,0.016130330940391152,0.2227998260040374,-0.3163602957484434,0.016153213857911845,0.222754758102833,-0.4136012236224573,-1.5683143774615687,1.402723789215088,-1.4046719709979456,-1.5707624594317835,2.727741003036499,0.0,7.669904152862728e-05,0.00035952674807049334,-0.0005992112564854324,0.0,2.3968450477696024e-05,-0.4135275452319175,-1.5684659284617142,1.402792805123745,-1.404752579930644,-1.5706333044168848,2.727709482548111,4.195750917735471e-05,-0.00015088781229652013,-0.0001555192640157657,0.00012169498861553432,4.438057093283089e-05,-0.00015993687771752543,0.0008607542552692627,-6.318447885938554,-6.287890087358388,-0.9629803196071296,1.9471269264780093e-05,-6.667769183576911e-07,28.0,28.0,14.0,6.0,6.0,6.0
1.905476872130298,1.0,5.169188992039842e-05,5.504607943943693e-05,-0.3163494648735796,0.016130330940391152,0.2227998260040374,-0.3163494648735796,0.016130330940391152,0.2227998260040374,-0.3163602957484434,0.016153213857911845,0.222754758102833,-0.4136012236224573,-1.5683143774615687,1.402723789215088,-1.4046719709979456,-1.5707624594317835,2.727741003036499,0.0,7.669904152862728e-05,0.00035952674807049334,-0.0005992112564854324,0.0,2.3968450477696024e-05,-0.41352736484256375,-1.5684665344523967,1.4027921686586498,-1.4047520683470491,-1.5706331238281173,2.727708850033248,4.509733843509486e-05,-0.00015149767063176312,-0.00015911627380926272,0.0001278958987261269,4.5147191850044524e-05,-0.00015812871576561483,0.0008607542552692627,-6.318447885938554,-6.287890087358388,-0.9629803196071296,1.9471269264780093e-05,-6.667769183576911e-07,28.0,28.0,14.0,6.0,6.0,6.0
1.909476872130298,1.0,5.169188992039842e-05,5.504607943943693e-05,-0.3163494648735796,0.016130330940391152,0.2227998260040374,-0.3163494648735796,0.016130330940391152,0.2227998260040374,-0.3163602957484434,0.016153213857911845,0.222754758102833,-0.4136012236224573,-1.5683143774615687,1.402723789215088,-1.4046719709979456,-1.5707624594317835,2.727741003036499,0.0,7.669904152862728e-05,0.00035952674807049334,-0.0005992112564854324,0.0,2.3968450477696024e-05,-0.413527172647452,-1.5684671427361465,1.4027915186687976,-1.4047515334480323,-1.5706329403568553,2.727708224317074,4.804877793737061e-05,-0.00015207093746689155,-0.00016249746301514993,0.00013372475423008396,4.5867815512225336e-05,-0.00015642904353081887,0.0008607542552692627,-6.318447885938554,-6.287890087358388,-0.9629803196071296,1.9471269264780093e-05,-6.667769183576911e-07,28.0,28.0,14.0,6.0,6.0,6.0
1.9143194561225836,1.0,5.169188992039842e-05,5.504607943943693e-05,-0.3163494648735796,0.016130330940391152,0.2227998260040374,-0.3163494648735796,0.016130330940391152,0.2227998260040374,-0.3163602957484434,0.016153213857911845,0.222754758102833,-0.4136012236224573,-1.5683143774615687,1.402723789215088,-1.4046719709979456,-1.5707624594317835,2.727741003036499,0.0,7.669904152862728e-05,0.00035952674807049334,-0.0005992112564854324,0.0,2.3968450477696024e-05,-0.4135269693549277,-1.5684677531753797,1.402790855965674,-1.4047509766325186,-1.5706327541760483,2.7277076049916675,5.08231310695098e-05,-0.00015260980829191225,-0.0001656757808686839,0.00013920387840380357,4.65452017546753e-05,-0.00015483135163011068,0.0008607542552692627,-6.318447885938554,-6.287890087358388,-0.9629803196071296,1.9471269264780093e-05,-6.667769183576911e-07,28.0,28.0,14.0,6.0,6.0,6.0
1.9183194561225836,1.0,4.667904095935081e-05,4.258558952990194e-05,-0.3163494648735796,0.016130330940391152,0.2227998260040374,-0.3163494648735796,0.016130330940391152,0.2227998260040374,-0.3163677977000499,0.016146088234418342,0.22275989421189835,-0.41357738176454717,-1.5683382193194788,1.402747631072998,-1.4047320524798792,-1.5707505385028284,2.727741003036499,0.0,5.752428114647046e-05,0.00033555831760168076,-0.0005992112564854324,0.0,2.3968450477696024e-05,-0.41352676454453385,-1.5684683195505258,1.4027901190788574,-1.404750315955272,-1.5706325791718976,2.727707010225873,5.1202598467645296e-05,-0.0001415937865351255,-0.00018422170417765947,0.00016516931164445016,4.375103766412454e-05,-0.00014869144857612043,0.0003760122733322861,-6.317144619114736,-6.28772949857375,-0.962952030357362,1.5233247414216921e-05,-3.5911776360270723e-07,28.0,28.0,14.0,6.0,6.0,6.0
1.922761953104521,1.0,4.667904095935081e-05,4.258558952990194e-05,-0.3163494648735796,0.016130330940391152,0.2227998260040374,-0.3163494648735796,0.016130330940391152,0.2227998260040374,-0.3163677977000499,0.016146088234418342,0.22275989421189835,-0.41357738176454717,-1.5683382193194788,1.402747631072998,-1.4047320524798792,-1.5707505385028284,2.727741003036499,0.0,5.752428114647046e-05,0.00033555831760168076,-0.0005992112564854324,0.0,2.3968450477696024e-05,-0.4135265583073426,-1.5684688445054302,1.402789312459369,-1.4047495576479965,-1.570632414673804,2.7277064385461145,5.155929782189266e-05,-0.00013123872608374594,-0.0002016548720880965,0.00018957681889065795,4.112452341900682e-05,-0.0001429199397053696,0.0003760122733322861,-6.317144619114736,-6.28772949857375,-0.962952030357362,1.5233247414216921e-05,-3.5911776360270723e-07,28.0,28.0,14.0,6.0,6.0,6.0
1.926761953104521,1.0,3.939716560730752e-05,5.024017045688661e-05,-0.3163494648735796,0.016130330940391152,0.2227998260040374,-0.3163494648735796,0.016130330940391152,0.2227998260040374,-0.31635885885791704,0.016146020815518313,0.2227649301943369,-0.41358930269350225,-1.568373982106344,1.4027595520019531,-1.404708210621969,-1.5707505385028284,2.727741003036499,0.0,0.0,0.00033555831760168076,-0.0005992112564854324,0.0,2.3968450477696024e-05,-0.4135263438894133,-1.56846931298095,1.4027884336877623,-1.4047487212838448,-1.5706322600532263,2.727705881673869,5.360448232016741e-05,-0.00011711887995110327,-0.00021969290169476457,0.00020909103795410414,3.8655144442161155e-05,-0.0001392180614226625,0.00025290695441711604,-6.315949653491452,-6.2874537991554895,-0.9629210606504288,1.7975339344803637e-05,-5.129206745107293e-07,28.0,28.0,14.0,6.0,6.0,6.0
1.9314454521252782,1.0,3.939716560730752e-05,5.024017045688661e-05,-0.3163494648735796,0.016130330940391152,0.2227998260040374,-0.3163494648735796,0.016130330940391152,0.2227998260040374,-0.31635885885791704,0.016146020815518313,0.2227649301943369,-0.41358930269350225,-1.568373982106344,1.4027595520019531,-1.404708210621969,-1.5707505385028284,2.727741003036499,0.0,0.0,0.00033555831760168076,-0.0005992112564854324,0.0,2.3968450477696024e-05,-0.4135261217815903,-1.5684697283658482,1.4027874870931643,-1.4047478115462293,-1.5706321147175135,2.7277053387206855,5.552695574854568e-05,-0.00010384622458641917,-0.00023664864952503256,0.00022743440387374358,3.633392820392623e-05,-0.00013573829583691786,0.00025290695441711604,-6.315949653491452,-6.2874537991554895,-0.9629210606504288,1.7975339344803637e-05,-5.129206745107293e-07,28.0,28.0,14.0,6.0,6.0,6.0
1.9354454521252782,1.0,3.939716560730752e-05,5.024017045688661e-05,-0.3163494648735796,0.016130330940391152,0.2227998260040374,-0.3163494648735796,0.016130330940391152,0.2227998260040374,-0.31635885885791704,0.016146020815518313,0.2227649301943369,-0.41358930269350225,-1.568373982106344,1.4027595520019531,-1.404708210621969,-1.5707505385028284,2.727741003036499,0.0,0.0,0.00033555831760168076,-0.0005992112564854324,0.0,2.3968450477696024e-05,-0.4135258924452672,-1.5684700938455625,1.4027864767449543,-1.4047468328375579,-1.5706319781095737,2.7277048088514206,5.7334080771221244e-05,-9.136992854361611e-05,-0.00025258705248548446,0.00024467716783820465,3.41519849399854e-05,-0.0001324673161863179,0.00025290695441711604,-6.315949653491452,-6.2874537991554895,-0.9629210606504288,1.7975339344803637e-05,-5.129206745107293e-07,28.0,28.0,14.0,6.0,6.0,6.0
1.9400897741015077,1.0,3.939716560730752e-05,5.024017045688661e-05,-0.3163494648735796,0.016130330940391152,0.2227998260040374,-0.3163494648735796,0.016130330940391152,0.2227998260040374,-0.31635885885791704,0.016146020815518313,0.2227649301943369,-0.41358930269350225,-1.568373982106344,1.4027595520019531,-1.404708210621969,-1.5707505385028284,2.727741003036499,0.0,0.0,0.00033555831760168076,-0.0005992112564854324,0.0,2.3968450477696024e-05,-0.41352565631415406,-1.5684704124144035,1.4027854064683491,-1.404745789296094,-1.5706318497057405,2.7277042912810394,5.903277829253628e-05,-7.964221026338124e-05,-0.00026756915126830924,0.00026088536596479805,3.2100958271881016e-05,-0.00012939259531475394,0.00025290695441711604,-6.315949653491452,-6.2874537991554895,-0.9629210606504288,1.7975339344803637e-05,-5.129206745107293e-07,28.0,28.0,14.0,6.0,6.0,6.0
1.9440897741015077,1.0,3.0490550112570596e-05,9.856218954613788e-05,-0.3163494648735796,0.016130330940391152,0.2227998260040374,-0.3163494648735796,0.016130330940391152,0.2227998260040374,-0.3163650877584245,0.016147605418802412,0.22278014882154318,-0.41357738176454717,-1.5683863798724573,1.402723789215088,-1.404719654713766,-1.5707624594317835,2.727741003036499,0.0,0.0,0.0003115898580290377,-0.0005992112564854324,0.0,2.3968450477696024e-05,-0.41352542546900123,-1.5684706510225193,1.4027842565527546,-1.40474462987445,-1.5706317152801337,2.7277037873321075,5.771128821068362e-05,-5.9652028951363555e-05,-0.00028747889863566835,0.0002898554110327471,3.360640173183903e-05,-0.00012598723300124472,-0.0001733457478240915,-6.314756240029168,-6.287079063566639,-0.9628618962833942,1.3958624374217155e-05,-3.590892011844938e-07,28.0,28.0,14.0,6.0,6.0,6.0
1.9480897741015077,1.0,3.0490550112570596e-05,9.856218954613788e-05,-0.3163494648735796,0.016130330940391152,0.2227998260040374,-0.3163494648735796,0.016130330940391152,0.2227998260040374,-0.3163650877584245,0.016147605418802412,0.22278014882154318,-0.41357738176454717,-1.5683863798724573,1.402723789215088,-1.404719654713766,-1.5707624594317835,2.727741003036499,0.0,0.0,0.0003115898580290377,-0.0005992112564854324,0.0,2.3968450477696024e-05,-0.4135251995926511,-1.5684708144675534,1.40278303177651,-1.4047433615254363,-1.5706315751940594,2.7277032961873378,5.646908753374213e-05,-4.0861258518066926e-05,-0.0003061940611609859,0.00031708725339661925,3.502151858419956e-05,-0.00012278619242654605,-0.0001733457478240915,-6.314756240029168,-6.287079063566639,-0.9628618962833942,1.3958624374217155e-05,-3.590892011844938e-07,28.0,28.0,14.0,6.0,6.0,6.0
1.9520897741015077,1.0,3.0490550112570596e-05,9.856218954613788e-05,-0.3163494648735796,0.016130330940391152,0.2227998260040374,-0.3163494648735796,0.016130330940391152,0.2227998260040374,-0.3163650877584245,0.016147605418802412,0.22278014882154318,-0.41357738176454717,-1.5683863798724573,1.402723789215088,-1.404719654713766,-1.5707624594317835,2.727741003036499,0.0,0.0,0.0003115898580290377,-0.0005992112564854324,0.0,2.3968450477696024e-05,-0.4135249783869755,-1.5684709072592906,1.4027817366312543,-1.4047419907846954,-1.5706314297871458,2.7277028170784807,5.530141889741712e-05,-2.31979343107681e-05,-0.0003237863139347844,0.00034268518521865906,3.635172842541846e-05,-0.00011977721428632931,-0.0001733457478240915,-6.314756240029168,-6.287079063566639,-0.9628618962833942,1.3958624374217155e-05,-3.590892011844938e-07,28.0,28.0,14.0,6.0,6.0,6.0
1.9568361940903132,1.0,4.139687890466172e-05,3.911292260554071e-05,-0.3163494648735796,0.016130330940391152,0.2227998260040374,-0.3163494648735796,0.016130330940391152,0.2227998260040374,-0.31636517416436527,0.01614608606896739,0.22276491618178626,-0.41358930269350225,-1.5683501402484339,1.402735710144043,-1.404708210621969,-1.5707386175738733,2.727717161178589,0.0,0.0,0.0003115898580290377,-0.0005992112564854324,0.0,2.3968450477696024e-05,-0.4135247450874556,-1.5684709808800144,1.4027804088326539,-1.4047405786861202,-1.5706313068430071,2.727702379499675,5.832487996495169e-05,-1.840518091641456e-05,-0.0003319496501071647,0.00035302464380530276,3.073603466377696e-05,-0.00010939470140095644,0.0004002321711258427,-6.316413292633489,-6.287421224925036,-0.9629069999362537,1.92404090974392e-05,-2.0529104028429122e-07,28.0,28.0,14.0,6.0,6.0,6.0
1.9608361940903132,1.0,4.139687890466172e-05,3.911292260554071e-05,-0.3163494648735796,0.016130330940391152,0.2227998260040374,-0.3163494648735796,0.016130330940391152,0.2227998260040374,-0.31636517416436527,0.01614608606896739,0.22276491618178626,-0.41358930269350225,-1.5683501402484339,1.402735710144043,-1.404708210621969,-1.5707386175738733,2.727717161178589,0.0,0.0,0.0003115898580290377,-0.0005992112564854324,0.0,2.3968450477696024e-05,-0.41352450041972216,-1.5684710364799852,1.4027790503399094,-1.4047391277111807,-1.570631205013877,2.727701980959118,6.116693336843418e-05,-1.3899992725722234e-05,-0.00033962318610920216,0.00036274373487674784,2.545728252783395e-05,-9.963513928870595e-05,0.0004002321711258427,-6.316413292633489,-6.287421224925036,-0.9629069999362537,1.92404090974392e-05,-2.0529104028429122e-07,28.0,28.0,14.0,6.0,6.0,6.0
1.9652062730877669,1.0,4.139687890466172e-05,3.911292260554071e-05,-0.3163494648735796,0.016130330940391152,0.2227998260040374,-0.3163494648735796,0.016130330940391152,0.2227998260040374,-0.31636517416436527,0.01614608606896739,0.22276491618178626,-0.41358930269350225,-1.5683501402484339,1.402735710144043,-1.404708210621969,-1.5707386175738733,2.727717161178589,0.0,0.0,0.0003115898580290377,-0.0005992112564854324,0.0,2.3968450477696024e-05,-0.4135242450658679,-1.5684710751404485,1.4027776629946695,-1.4047376401924587,-1.5706311230328551,2.7277016191145145,6.383846356770772e-05,-9.665115826471447e-06,-0.00034683630995111734,0.0003718796804839062,2.049525552004752e-05,-9.046115090319048e-05,0.0004002321711258427,-6.316413292633489,-6.287421224925036,-0.9629069999362537,1.92404090974392e-05,-2.0529104028429122e-07,28.0,28.0,14.0,6.0,6.0,6.0
1.9692062730877669,1.0,5.566821722202219e-05,4.505464100775603e-05,-0.3163494648735796,0.016130330940391152,0.2227998260040374,-0.3163494648735796,0.016130330940391152,0.2227998260040374,-0.3163639146115139,0.01614167742836356,0.2227472768585353,-0.41357738176454717,-1.5683143774615687,1.4027595520019531,-1.404708210621969,-1.5707386175738733,2.727753162384033,0.0,0.0,0.00028762139845639467,-0.0005992112564854324,0.0,2.3968450477696024e-05,-0.413523986499766,-1.5684711493222105,1.4027762785029747,-1.4047361666457545,-1.5706310597070121,2.7277012571913297,6.464152545983536e-05,-1.8545440534470014e-05,-0.0003461229237316652,0.0003683866760383513,1.5831460762663332e-05,-9.048079620456447e-05,0.0006515497529861044,-6.317987460684212,-6.28777575798736,-0.9629527915059858,1.6501200710929383e-05,-5.16021236185429e-07,28.0,28.0,14.0,6.0,6.0,6.0
1.973798358083005,1.0,5.566821722202219e-05,4.505464100775603e-05,-0.3163494648735796,0.016130330940391152,0.2227998260040374,-0.3163494648735796,0.016130330940391152,0.2227998260040374,-0.3163639146115139,0.01614167742836356,0.2227472768585353,-0.41357738176454717,-1.5683143774615687,1.4027595520019531,-1.404708210621969,-1.5707386175738733,2.727753162384033,0.0,0.0,0.00028762139845639467,-0.0005992112564854324,0.0,2.3968450477696024e-05,-0.41352372491415146,-1.5684712568939936,1.402774896693612,-1.404734706232747,-1.5706310139170374,2.7277008951942787,6.539640363843535e-05,-2.6892945759988668e-05,-0.00034545234068538013,0.0003651032518595297,1.1447493690722196e-05,-9.0499262787856e-05,0.0006515497529861044,-6.317987460684212,-6.28777575798736,-0.9629527915059858,1.6501200710929383e-05,-5.16021236185429e-07,28.0,28.0,14.0,6.0,6.0,6.0
1.977798358083005,1.0,5.566821722202219e-05,4.505464100775603e-05,-0.3163494648735796,0.016130330940391152,0.2227998260040374,-0.3163494648735796,0.016130330940391152,0.2227998260040374,-0.3163639146115139,0.01614167742836356,0.2227472768585353,-0.41357738176454717,-1.5683143774615687,1.4027595520019531,-1.404708210621969,-1.5707386175738733,2.727753162384033,0.0,0.0,0.00028762139845639467,-0.0005992112564854324,0.0,2.3968450477696024e-05,-0.41352346049019495,-1.5684713958523964,1.4027735174056415,-1.4047332581654146,-1.5706309846107789,2.727700533127793,6.610598912631933e-05,-3.47396006719762e-05,-0.0003448219926218722,0.00036201683313143737,7.326564643097528e-06,-9.051662137615005e-05,0.0006515497529861044,-6.317987460684212,-6.28777575798736,-0.9629527915059858,1.6501200710929383e-05,-5.16021236185429e-07,28.0,28.0,14.0,6.0,6.0,6.0
1.982659937068588,1.0,5.566821722202219e-05,4.505464100775603e-05,-0.3163494648735796,0.016130330940391152,0.2227998260040374,-0.3163494648735796,0.016130330940391152,0.2227998260040374,-0.3163639146115139,0.01614167742836356,0.2227472768585353,-0.41357738176454717,-1.5683143774615687,1.4027595520019531,-1.404708210621969,-1.5707386175738733,2.727753162384033,0.0,0.0,0.00028762139845639467,-0.0005992112564854324,0.0,2.3968450477696024e-05,-0.413523193398197,-1.5684715643142215,1.4027721404877798,-1.4047318217030165,-1.5706309707992134,2.727700170996039,6.677299948493029e-05,-4.2115456289244485e-05,-0.00034422946544217475,0.00035911559952703063,3.4528913383303404e-06,-9.053293844914646e-05,0.0006515497529861044,-6.317987460684212,-6.28777575798736,-0.9629527915059858,1.6501200710929383e-05,-5.16021236185429e-07,28.0,28.0,14.0,6.0,6.0,6.0
1.986659937068588,1.0,4.3209708929460504e-05,4.271885620303629e-05,-0.3163494648735796,0.016130330940391152,0.2227998260040374,-0.3163494648735796,0.016130330940391152,0.2227998260040374,-0.3163634595156461,0.016128353089824122,0.2227589932102763,-0.413553539906637,-1.5683625380145472,1.4027714729309082,-1.404719654713766,-1.5707147757159632,2.727741003036499,0.0,0.0,0.00028762139845639467,-0.0005992112564854324,0.0,2.3968450477696024e-05,-0.4135229279069615,-1.5684717038347769,1.4027707188078606,-1.4047303509309899,-1.5706309990063714,2.727699846166951,6.63728088784105e-05,-3.4880138829723716e-05,-0.00035541997980796035,0.0003676930066552794,-7.051789502243913e-06,-8.120727200698715e-05,0.00018305361223829085,-6.316187044652868,-6.287497807010512,-0.9629231463164067,1.3525294257045535e-05,-5.146791892431538e-08,28.0,28.0,14.0,6.0,6.0,6.0
1.9908994230751422,1.0,4.3209708929460504e-05,4.271885620303629e-05,-0.3163494648735796,0.016130330940391152,0.2227998260040374,-0.3163494648735796,0.016130330940391152,0.2227998260040374,-0.3163634595156461,0.016128353089824122,0.2227589932102763,-0.413553539906637,-1.5683625380145472,1.4027714729309082,-1.404719654713766,-1.5707147757159632,2.727741003036499,0.0,0.0,0.00028762139845639467,-0.0005992112564854324,0.0,2.3968450477696024e-05,-0.4135226639204427,-1.5684718161505384,1.4027692550516073,-1.4047288479079125,-1.5706310667111294,2.727699556402369,6.599662970828188e-05,-2.807894041777419e-05,-0.0003659390633117988,0.00037575576935583324,-1.6926189492383712e-05,-7.244114555135739e-05,0.00018305361223829085,-6.316187044652868,-6.287497807010512,-0.9629231463164067,1.3525294257045535e-05,-5.146791892431538e-08,28.0,28.0,14.0,6.0,6.0,6.0
1.9948994230751422,1.0,4.9559407959998795e-05,6.102546027580137e-05,-0.3163494648735796,0.016130330940391152,0.2227998260040374,-0.3163494648735796,0.016130330940391152,0.2227998260040374,-0.3163593232804897,0.01614737385935937,0.22275434539670214,-0.4136012236224573,-1.5683501402484339,1.4027714729309082,-1.404708210621969,-1.5707386175738733,2.727753162384033,0.0,0.0,0.0002636529679875821,-0.0005992112564854324,0.0,2.3968450477696024e-05,-0.41352238354858795,-1.5684719267199139,1.4027677728521388,-1.4047273404506913,-1.57063114409424,2.727699248459471,7.009296367754067e-05,-2.7642343850319658e-05,-0.00037054986712657906,0.00037686430533647103,-1.934577766228406e-05,-7.698572448881797e-05,0.0006347810096030503,-6.316898666461354,-6.287559246554971,-0.9629233203848699,2.19905950023198e-05,-8.236194917178724e-07,28.0,28.0,14.0,6.0,6.0,6.0
1.999416714078282,1.0,4.9559407959998795e-05,6.102546027580137e-05,-0.3163494648735796,0.016130330940391152,0.2227998260040374,-0.3163494648735796,0.016130330940391152,0.2227998260040374,-0.3163593232804897,0.01614737385935937,0.22275434539670214,-0.4136012236224573,-1.5683501402484339,1.4027714729309082,-1.404708210621969,-1.5707386175738733,2.727753162384033,0.0,0.0,0.0002636529679875821,-0.0005992112564854324,0.0,2.3968450477696024e-05,-0.4135220877745175,-1.5684720356476862,1.402766273316048,-1.4047258288253746,-1.570631230575002,2.727698923428956,7.394351760864393e-05,-2.7231943076912398e-05,-0.00037488402271247244,0.0003779063291582706,-2.162019054199039e-05,-8.125762869003091e-05,0.0006347810096030503,-6.316898666461354,-6.287559246554971,-0.9629233203848699,2.19905950023198e-05,-8.236194917178724e-07,28.0,28.0,14.0,6.0,6.0,6.0
