t,bf,pos_err,rot_err,pd_x,pd_y,pd_z,pd_ref_x,pd_ref_y,pd_ref_z,p_x,p_y,p_z,q0,q1,q2,q3,q4,q5,dq0,dq1,dq2,dq3,dq4,dq5,q_servo0,q_servo1,q_servo2,q_servo3,q_servo4,q_servo5,dq_des0,dq_des1,dq_des2,dq_des3,dq_des4,dq_des5,tau0,tau1,tau2,tau3,tau4,tau5,tau_lim0,tau_lim1,tau_lim2,tau_lim3,tau_lim4,tau_lim5
0.0,1.0,1.7910347733645074e-05,4.972142156806128e-05,-0.3499460250264615,0.00013809226454893393,0.22382557675114534,-0.3499460250264615,0.00013809226454893393,0.22382557675114534,-0.3499506359440995,0.00015334001546883017,0.22383376369724023,-0.3270815054522913,-1.4199746290790003,1.235978603363037,-1.3860209623919886,-1.5710986296283167,2.7379491329193115,0.0,0.0,-0.0,0.0,0.0,0.0,-0.3270815005133386,-1.4199746134668232,1.2359785905325544,-1.3860209234377656,-1.5710986016300412,2.737949110392956,1.2347381723057651e-06,3.9030442601533585e-06,-3.2076206734501696e-06,9.738555712041075e-06,6.999568872312074e-06,-5.631588871951577e-06,2.771177464328886e-06,-8.03546465091998,-6.2687717151195,-0.9626718412689856,-5.5508403992371834e-05,-3.077527414420628e-07,28.0,28.0,14.0,6.0,6.0,6.0
0.004,1.0,1.7910347733645074e-05,4.972142156806128e-05,-0.3499460250264615,0.00013809226454893393,0.22382557675114534,-0.3499460250264615,0.00013809226454893393,0.22382557675114534,-0.3499506359440995,0.00015334001546883017,0.22383376369724023,-0.3270815054522913,-1.4199746290790003,1.235978603363037,-1.3860209623919886,-1.5710986296283167,2.7379491329193115,0.0,0.0,-0.0,0.0,0.0,0.0,-0.3270814909317704,-1.4199745831791997,1.235978565641418,-1.3860208478665732,-1.5710985473133867,2.7379490666918262,2.3953920542731844e-06,7.571905864697516e-06,-6.222784106493329e-06,1.8892798081359687e-05,1.3579163612285422e-05,-1.092528241158606e-05,2.771177464328886e-06,-8.03546465091998,-6.2687717151195,-0.9626718412689856,-5.5508403992371834e-05,-3.077527414420628e-07,28.0,28.0,14.0,6.0,6.0,6.0
0.008,1.0,1.3947485734858216e-05,4.336976246074087e-05,-0.3499460250264615,0.00013809226454893393,0.22382557675114534,-0.3499460250264615,0.00013809226454893393,0.22382557675114534,-0.3499419788226809,0.00014884780373740272,0.22383348111513338,-0.32706958452333623,-1.4199984709369105,1.2360029220581055,-1.3860090414630335,-1.5711105505572718,2.7379369735717773,0.0,0.0,-0.0,0.0,0.0,0.0,-0.3270814881377762,-1.4199745343458694,1.235978528865174,-1.386020756364252,-1.5710984545240634,2.7379490196752427,6.984985462222464e-07,1.2208332586260001e-05,-9.194061016892692e-06,2.2875580295229485e-05,2.319733082685866e-05,-1.1754145919566643e-05,-0.0002387802807143042,-8.034995647337574,-6.268748096181046,-0.9626784186320045,-5.984789698374455e-05,2.9851414904199845e-09,28.0,28.0,14.0,6.0,6.0,6.0
0.01328471200959757,1.0,1.3947485734858216e-05,4.336976246074087e-05,-0.3499460250264615,0.00013809226454893393,0.22382557675114534,-0.3499460250264615,0.00013809226454893393,0.22382557675114534,-0.3499419788226809,0.00014884780373740272,0.22383348111513338,-0.32706958452333623,-1.4199984709369105,1.2360029220581055,-1.3860090414630335,-1.5711105505572718,2.7379369735717773,0.0,0.0,-0.0,0.0,0.0,0.0,-0.3270814917241016,-1.4199744680795745,1.2359784809169287,-1.3860206498866696,-1.5710983255704314,2.737948969542132,-8.965813513456354e-07,1.656657370452874e-05,-1.1987061312668093e-05,2.6619395576267096e-05,3.223840800855751e-05,-1.2533277617068392e-05,-0.0002387802807143042,-8.034995647337574,-6.268748096181046,-0.9626784186320045,-5.984789698374455e-05,2.9851414904199845e-09,28.0,28.0,14.0,6.0,6.0,6.0
0.01728471200959757,1.0,1.3947485734858216e-05,4.336976246074087e-05,-0.3499460250264615,0.00013809226454893393,0.22382557675114534,-0.3499460250264615,0.00013809226454893393,0.22382557675114534,-0.3499419788226809,0.00014884780373740272,0.22383348111513338,-0.32706958452333623,-1.4199984709369105,1.2360029220581055,-1.3860090414630335,-1.5711105505572718,2.7379369735717773,0.0,0.0,-0.0,0.0,0.0,0.0,-0.32708150130792746,-1.4199743854262932,1.2359784224670023,-1.3860205293323418,-1.5710981626223492,2.7379489164794863,-2.3959564550594445e-06,2.066332035570135e-05,-1.461248159069697e-05,3.013858194044245e-05,4.0737020559354423e-05,-1.3265661412720037e-05,-0.0002387802807143042,-8.034995647337574,-6.268748096181046,-0.9626784186320045,-5.984789698374455e-05,2.9851414904199845e-09,28.0,28.0,14.0,6.0,6.0,6.0
0.021866537991911173,1.0,1.3947485734858216e-05,4.336976246074087e-05,-0.3499460250264615,0.00013809226454893393,0.22382557675114534,-0.3499460250264615,0.00013809226454893393,0.22382557675114534,-0.3499419788226809,0.00014884780373740272,0.22383348111513338,-0.32706958452333623,-1.4199984709369105,1.2360029220581055,-1.3860090414630335,-1.5711105505572718,2.7379369735717773,0.0,0.0,-0.0,0.0,0.0,0.0,-0.32708151652940365,-1.4199742873692442,1.2359783541454956,-1.3860203955458732,-1.5710979677194838,2.7379488606630775,-3.805369052550425e-06,2.4514262207803605e-05,-1.7080376652044114e-05,3.344661712276729e-05,4.8725716357103524e-05,-1.3954102180632581e-05,-0.0002387802807143042,-8.034995647337574,-6.268748096181046,-0.9626784186320045,-5.984789698374455e-05,2.9851414904199845e-09,28.0,28.0,14.0,6.0,6.0,6.0
0.025866537991911173,1.0,1.8336793043835257e-05,6.488355727636337e-05,-0.3499460250264615,0.00013809226454893393,0.22382557675114534,-0.3499460250264615,0.00013809226454893393,0.22382557675114534,-0.34994720680473757,0.00015479373052924272,0.22383305354279331,-0.3270815054522913,-1.4199984709369105,1.2360148429870605,-1.386045281087057,-1.5711105505572718,2.737901210784912,0.0,0.0,-0.0,0.0,0.0,0.0,-0.3270815301992978,-1.4199741615409966,1.2359782484042308,-1.3860202064627554,-1.5710977427843387,2.737948836575433,-3.4174735407980444e-06,3.1457061897712386e-05,-2.6435316193181938e-05,4.727077943215315e-05,5.6233786280491605e-05,-6.021911032007262e-06,-0.0001890946894105917,-8.034914353738682,-6.268794234431652,-0.9626782894835458,-5.677430831760072e-05,3.105094736052795e-07,28.0,28.0,14.0,6.0,6.0,6.0
0.030282140007708222,1.0,1.8336793043835257e-05,6.488355727636337e-05,-0.3499460250264615,0.00013809226454893393,0.22382557675114534,-0.3499460250264615,0.00013809226454893393,0.22382557675114534,-0.34994720680473757,0.00015479373052924272,0.22383305354279331,-0.3270815054522913,-1.4199984709369105,1.2360148429870605,-1.386045281087057,-1.5711105505572718,2.737901210784912,0.0,0.0,-0.0,0.0,0.0,0.0,-0.32708154241070486,-1.4199740096078222,1.2359781074883933,-1.3860199654007874,-1.5710974896188505,2.7379488423128278,-3.052851759750807e-06,3.798329360622664e-05,-3.522895936185149e-05,6.026549200297586e-05,6.329137200847639e-05,1.4343486477005385e-06,-0.0001890946894105917,-8.034914353738682,-6.268794234431652,-0.9626782894835458,-5.677430831760072e-05,3.105094736052795e-07,28.0,28.0,14.0,6.0,6.0,6.0
0.034282140007708226,1.0,1.2893904709882743e-05,5.383915124007996e-05,-0.3499460250264615,0.00013809226454893393,0.22382557675114534,-0.3499460250264615,0.00013809226454893393,0.22382557675114534,-0.34994873229738765,0.00013901068083267863,0.2238381497370409,-0.32705766359438115,-1.4199984709369105,1.2359905242919922,-1.3860209623919886,-1.5710743109332483,2.7379250526428223,0.0,0.0,-0.0,0.0,0.0,0.0,-0.327081553902756,-1.4199738269218247,1.2359779401962327,-1.3860196883768015,-1.5710972516430746,2.7379488754331236,-2.873012785092879e-06,4.5671499351546255e-05,-4.1823040162099336e-05,6.925599649871228e-05,5.949394398668815e-05,8.280073994394391e-06,-0.0002704648655545555,-8.034627158714834,-6.268649222630107,-0.9626631194517016,-5.9084214871566055e-05,3.105206235116647e-07,28.0,28.0,14.0,6.0,6.0,6.0
0.03915248201112263,1.0,1.2893904709882743e-05,5.383915124007996e-05,-0.3499460250264615,0.00013809226454893393,0.22382557675114534,-0.3499460250264615,0.00013809226454893393,0.22382557675114534,-0.34994873229738765,0.00013901068083267863,0.2238381497370409,-0.32705766359438115,-1.4199984709369105,1.2359905242919922,-1.3860209623919886,-1.5710743109332483,2.7379250526428223,0.0,0.0,-0.0,0.0,0.0,0.0,-0.3270815647186126,-1.4199736153281737,1.2359777481103282,-1.3860193775485186,-1.571097027945628,2.737948934293347,-2.703964148914426e-06,5.289841275214669e-05,-4.8021476114332306e-05,7.770707072470451e-05,5.59243616462072e-05,1.4715055820286612e-05,-0.0002704648655545555,-8.034627158714834,-6.268649222630107,-0.9626631194517016,-5.9084214871566055e-05,3.105206235116647e-07,28.0,28.0,14.0,6.0,6.0,6.0
0.043152482011122636,1.0,1.2893904709882743e-05,5.383915124007996e-05,-0.3499460250264615,0.00013809226454893393,0.22382557675114534,-0.3499460250264615,0.00013809226454893393,0.22382557675114534,-0.34994873229738765,0.00013901068083267863,0.2238381497370409,-0.32705766359438115,-1.4199984709369105,1.2359905242919922,-1.3860209623919886,-1.5710743109332483,2.7379250526428223,0.0,0.0,-0.0,0.0,0.0,0.0,-0.3270815748988463,-1.4199733765613283,1.2359775327183047,-1.3860190349441965,-1.571096817669811,2.737949017349102,-2.5450584309066808e-06,5.9691711348711104e-05,-5.38480059094313e-05,8.56510804971372e-05,5.2568954246155105e-05,2.07639387366253e-05,-0.0002704648655545555,-8.034627158714834,-6.268649222630107,-0.9626631194517016,-5.9084214871566055e-05,3.105206235116647e-07,28.0,28.0,14.0,6.0,6.0,6.0
0.04824603700637818,1.0,1.2893904709882743e-05,5.383915124007996e-05,-0.3499460250264615,0.00013809226454893393,0.22382557675114534,-0.3499460250264615,0.00013809226454893393,0.22382557675114534,-0.34994873229738765,0.00013901068083267863,0.2238381497370409,-0.32705766359438115,-1.4199984709369105,1.2359905242919922,-1.3860209623919886,-1.5710743109332483,2.7379250526428223,0.0,0.0,-0.0,0.0,0.0,0.0,-0.3270815844815945,-1.41997311225168,1.235977295418529,-1.3860186624703978,-1.5710966200103258,2.737949123148657,-2.3956870559794e-06,6.607741202948166e-05,-5.932494391682435e-05,9.311844968322394e-05,4.941487129010614e-05,2.6449888677983666e-05,-0.0002704648655545555,-8.034627158714834,-6.268649222630107,-0.9626631194517016,-5.9084214871566055e-05,3.105206235116647e-07,28.0,28.0,14.0,6.0,6.0,6.0
0.052246037006378185,1.0,1.062513412612741e-05,3.997784101925644e-05,-0.3499460250264615,0.00013809226454893393,0.22382557675114534,-0.3499460250264615,0.00013809226454893393,0.22382557675114534,-0.3499448621075302,0.00012763132647219602,0.22382702929006462,-0.3270214239703577,-1.4199865500079554,1.2360148429870605,-1.3860209623919886,-1.5710862318622034,2.7379491329193115,0.0,0.0,-0.0,0.0,0.0,0.0,-0.32708161862548224,-1.4199728526199296,1.2359770576585782,-1.3860182950998712,-1.5710964204672844,2.737949239212255,-8.53597193409244e-06,6.490793762135917e-05,-5.943998769629818e-05,9.18426316744475e-05,4.988576036633514e-05,2.9015899508052447e-05,-0.0005407220415444565,-8.035332776669556,-6.268898914523295,-0.9627024986472217,-6.969452553198837e-05,4.6753427963061414e-07,28.0,28.0,14.0,6.0,6.0,6.0
0.056899101016577344,1.0,1.062513412612741e-05,3.997784101925644e-05,-0.3499460250264615,0.00013809226454893393,0.22382557675114534,-0.3499460250264615,0.00013809226454893393,0.22382557675114534,-0.3499448621075302,0.00012763132647219602,0.22382702929006462,-0.3270214239703577,-1.4199865500079554,1.2360148429870605,-1.3860209623919886,-1.5710862318622034,2.7379491329193115,0.0,0.0,-0.0,0.0,0.0,0.0,-0.3270816758568411,-1.419972597385403,1.2359768194660627,-1.3860179325264201,-1.5710962191537,2.7379493649240536,-1.4307839719518699e-05,6.380863167772403e-05,-5.9548128849003576e-05,9.064336274619763e-05,5.032839609799041e-05,3.14279496883171e-05,-0.0005407220415444565,-8.035332776669556,-6.268898914523295,-0.9627024986472217,-6.969452553198837e-05,4.6753427963061414e-07,28.0,28.0,14.0,6.0,6.0,6.0
0.06089910101657735,1.0,1.1468223103143223e-05,6.0880141583215075e-05,-0.3499460250264615,0.00013809226454893393,0.22382557675114534,-0.3499460250264615,0.00013809226454893393,0.22382557675114534,-0.3499385606779702,0.00014613309162789966,0.22382223777785554,-0.32705766359438115,-1.4199627081500452,1.2359905242919922,-1.3859732786761683,-1.5711224714862269,2.7379610538482666,0.0,0.0,-0.0,0.0,0.0,0.0,-0.3270817469983532,-1.4199723918329836,1.235976643225754,-1.3860176456434696,-1.571095974455985,2.7379494520152297,-1.778537802417496e-05,5.138810484361783e-05,-4.4060077197700084e-05,7.172073759911033e-05,6.117442876604708e-05,2.177279405557863e-05,-7.794917719399905e-05,-8.036451932335314,-6.2689900649406365,-0.9627123038745257,-6.418150581660629e-05,-1.5367107183279524e-07,28.0,28.0,14.0,6.0,6.0,6.0
0.06596772302221508,1.0,1.1468223103143223e-05,6.0880141583215075e-05,-0.3499460250264615,0.00013809226454893393,0.22382557675114534,-0.3499460250264615,0.00013809226454893393,0.22382557675114534,-0.3499385606779702,0.00014613309162789966,0.22382223777785554,-0.32705766359438115,-1.4199627081500452,1.2359905242919922,-1.3859732786761683,-1.5711224714862269,2.7379610538482666,0.0,0.0,-0.0,0.0,0.0,0.0,-0.3270818312154093,-1.4199722329817452,1.2359765252205195,-1.3860174299095898,-1.571095688977187,2.7379495028030205,-2.105426403055185e-05,3.9712809619557995e-05,-2.95013086454748e-05,5.393346996084826e-05,7.136969947402034e-05,1.2696947760804469e-05,-7.794917719399905e-05,-8.036451932335314,-6.2689900649406365,-0.9627123038745257,-6.418150581660629e-05,-1.5367107183279524e-07,28.0,28.0,14.0,6.0,6.0,6.0
0.06996772302221509,1.0,1.1468223103143223e-05,6.0880141583215075e-05,-0.3499460250264615,0.00013809226454893393,0.22382557675114534,-0.3499460250264615,0.00013809226454893393,0.22382557675114534,-0.3499385606779702,0.00014613309162789966,0.22382223777785554,-0.32705766359438115,-1.4199627081500452,1.2359905242919922,-1.3859732786761683,-1.5711224714862269,2.7379610538482666,0.0,0.0,-0.0,0.0,0.0,0.0,-0.3270819277234768,-1.4199721180296168,1.2359764619562548,-1.3860172810558362,-1.5710953651641713,2.7379495194656296,-2.412701687654612e-05,2.8738032108941755e-05,-1.5816066206383033e-05,3.721343838088191e-05,8.09532539395152e-05,4.165652243716758e-06,-7.794917719399905e-05,-8.036451932335314,-6.2689900649406365,-0.9627123038745257,-6.418150581660629e-05,-1.5367107183279524e-07,28.0,28.0,14.0,6.0,6.0,6.0
0.07503990800608883,1.0,1.1709058735077758e-05,3.6237001522228394e-05,-0.3499460250264615,0.00013809226454893393,0.22382557675114534,-0.3499460250264615,0.00013809226454893393,0.22382557675114534,-0.34994200325972996,0.00013828301396451425,0.2238365717983703,-0.32706958452333623,-1.4200108687030237,1.2360029220581055,-1.3859971205340784,-1.5710623900042933,2.737913131713867,0.0,0.0,-0.0,0.0,0.0,0.0,-0.3270820073034848,-1.419971973967493,1.235976379007519,-1.3860171256602027,-1.5710950745131578,2.737949574006366,-1.9895002005692963e-05,3.6015530945387624e-05,-2.0737183912595858e-05,3.884890837377861e-05,7.266275338486377e-05,1.3635184099597062e-05,-4.850058455644517e-05,-8.034606819254668,-6.268655929253475,-0.9626701802093371,-5.47456023176752e-05,3.1060806189281916e-07,28.0,28.0,14.0,6.0,6.0,6.0
0.07903990800608883,1.0,1.1709058735077758e-05,3.6237001522228394e-05,-0.3499460250264615,0.00013809226454893393,0.22382557675114534,-0.3499460250264615,0.00013809226454893393,0.22382557675114534,-0.34994200325972996,0.00013828301396451425,0.2238365717983703,-0.32706958452333623,-1.4200108687030237,1.2360029220581055,-1.3859971205340784,-1.5710623900042933,2.737913131713867,0.0,0.0,-0.0,0.0,0.0,0.0,-0.3270820709711169,-1.4199718025419736,1.2359762775553809,-1.386016964115202,-1.5710948150344264,2.7379496641525423,-1.5916908027090996e-05,4.2856379851646744e-05,-2.5363034556435913e-05,4.038625016710151e-05,6.486968286349142e-05,2.2536544044124545e-05,-4.850058455644517e-05,-8.034606819254668,-6.268655929253475,-0.9626701802093371,-5.47456023176752e-05,3.1060806189281916e-07,28.0,28.0,14.0,6.0,6.0,6.0
0.08367160101537595,1.0,1.1709058735077758e-05,3.6237001522228394e-05,-0.3499460250264615,0.00013809226454893393,0.22382557675114534,-0.3499460250264615,0.00013809226454893393,0.22382557675114534,-0.34994200325972996,0.00013828301396451425,0.2238365717983703,-0.32706958452333623,-1.4200108687030237,1.2360029220581055,-1.3859971205340784,-1.5710623900042933,2.737913131713867,0.0,0.0,-0.0,0.0,0.0,0.0,-0.32708211968111567,-1.4199716053948623,1.2359761587100442,-1.3860167967897963,-1.57109458485764,2.737949787767832,-1.2177499687205146e-05,4.928677782353032e-05,-2.9711334161645566e-05,4.183135145282503e-05,5.754419657340142e-05,3.090382239198038e-05,-4.850058455644517e-05,-8.034606819254668,-6.268655929253475,-0.9626701802093371,-5.47456023176752e-05,3.1060806189281916e-07,28.0,28.0,14.0,6.0,6.0,6.0
0.08767160101537595,1.0,1.4826543414813144e-05,6.194359477809114e-05,-0.3499460250264615,0.00013809226454893393,0.22382557675114534,-0.3499460250264615,0.00013809226454893393,0.22382557675114534,-0.3499398124506716,0.00013025749238245154,0.22381462930227425,-0.327033821736471,-1.4199507872210901,1.2360029220581055,-1.3859732786761683,-1.5710862318622034,2.7379610538482666,0.0,0.0,-0.0,0.0,0.0,0.0,-0.3270821834565836,-1.4199714682917894,1.2359761014268484,-1.3860167143643385,-1.5710943547550968,2.7379498997106384,-1.5943866976628828e-05,3.42757682078043e-05,-1.4320798935443906e-05,2.0606364429533597e-05,5.7525635803888314e-05,2.798570165325316e-05,-1.3642513077077538e-05,-8.03700121132309,-6.269160941985889,-0.9627384492526966,-6.649058859530204e-05,1.5402683698716806e-07,28.0,28.0,14.0,6.0,6.0,6.0
0.09270223003672438,1.0,1.4826543414813144e-05,6.194359477809114e-05,-0.3499460250264615,0.00013809226454893393,0.22382557675114534,-0.3499460250264615,0.00013809226454893393,0.22382557675114534,-0.3499398124506716,0.00013025749238245154,0.22381462930227425,-0.327033821736471,-1.4199507872210901,1.2360029220581055,-1.3859732786761683,-1.5710862318622034,2.7379610538482666,0.0,0.0,-0.0,0.0,0.0,0.0,-0.3270822613935925,-1.4199713876301128,1.2359761020120652,-1.3860167117448319,-1.5710941247223422,2.737950000681311,-1.9484252228687086e-05,2.0165419169021847e-05,1.4630417718565183e-07,6.548766276396508e-07,5.750818868054599e-05,2.524266815884957e-05,-1.3642513077077538e-05,-8.03700121132309,-6.269160941985889,-0.9627384492526966,-6.649058859530204e-05,1.5402683698716806e-07,28.0,28.0,14.0,6.0,6.0,6.0
0.09670223003672439,1.0,1.4826543414813144e-05,6.194359477809114e-05,-0.3499460250264615,0.00013809226454893393,0.22382557675114534,-0.3499460250264615,0.00013809226454893393,0.22382557675114534,-0.3499398124506716,0.00013025749238245154,0.22381462930227425,-0.327033821736471,-1.4199507872210901,1.2360029220581055,-1.3859732786761683,-1.5710862318622034,2.7379610538482666,0.0,0.0,-0.0,0.0,0.0,0.0,-0.32708235264244995,-1.4199713600233486,1.2359761569935896,-1.3860167841429194,-1.5710938947551887,2.737950091338178,-2.281221436562185e-05,6.901691072566342e-06,1.3745381103057437e-05,-1.809952190614066e-05,5.749178838460421e-05,2.2664216674110198e-05,-1.3642513077077538e-05,-8.03700121132309,-6.269160941985889,-0.9627384492526966,-6.649058859530204e-05,1.5402683698716806e-07,28.0,28.0,14.0,6.0,6.0,6.0
0.10156069901608865,1.0,1.4611448583530318e-05,7.669737537212196e-05,-0.3499460250264615,0.00013809226454893393,0.22382557675114534,-0.3499460250264615,0.00013809226454893393,0.22382557675114534,-0.3499475555108732,0.00012764991251742826,0.22383568166733622,-0.327033821736471,-1.4199865500079554,1.235978603363037,-1.3859971205340784,-1.5710623900042933,2.737901210784912,0.0,0.0,-0.0,0.0,0.0,0.0,-0.3270824478364429,-1.4199713119932862,1.235976199106124,-1.386016836698636,-1.5710936923059369,2.7379502498075095,-2.3798498241108847e-05,1.2007515604224848e-05,1.0528133595247894e-05,-1.3138929182152599e-05,5.0612312979077784e-05,3.9617332836215644e-05,-0.0003399472642220283,-8.03500484894401,-6.268684240736222,-0.9626718992938722,-6.396948310181362e-05,9.258422700562039e-07,28.0,28.0,14.0,6.0,6.0,6.0
0.10556069901608865,1.0,1.4611448583530318e-05,7.669737537212196e-05,-0.3499460250264615,0.00013809226454893393,0.22382557675114534,-0.3499460250264615,0.00013809226454893393,0.22382557675114534,-0.3499475555108732,0.00012764991251742826,0.22383568166733622,-0.327033821736471,-1.4199865500079554,1.235978603363037,-1.3859971205340784,-1.5710623900042933,2.737901210784912,0.0,0.0,-0.0,0.0,0.0,0.0,-0.3270825467388632,-1.4199712447653234,1.2359762291218077,-1.3860168706025242,-1.5710935157235124,2.7379504720205574,-2.4725605084066624e-05,1.6806990663983845e-05,7.503920937906924e-06,-8.47597202160382e-06,4.414560609788294e-05,5.555326202859476e-05,-0.0003399472642220283,-8.03500484894401,-6.268684240736222,-0.9626718992938722,-6.396948310181362e-05,9.258422700562039e-07,28.0,28.0,14.0,6.0,6.0,6.0
0.11042985300114382,1.0,1.4611448583530318e-05,7.669737537212196e-05,-0.3499460250264615,0.00013809226454893393,0.22382557675114534,-0.3499460250264615,0.00013809226454893393,0.22382557675114534,-0.3499475555108732,0.00012764991251742826,0.22383568166733622,-0.327033821736471,-1.4199865500079554,1.235978603363037,-1.3859971205340784,-1.5710623900042933,2.737901210784912,0.0,0.0,-0.0,0.0,0.0,0.0,-0.3270826491272053,-1.4199711594913345,1.2359762477664518,-1.3860168869736933,-1.571093363455906,2.7379507541526995,-2.5597085516446933e-05,2.13184972201573e-05,4.6611610400064125e-06,-4.092792290687967e-06,3.806690162955979e-05,7.053303546943113e-05,-0.0003399472642220283,-8.03500484894401,-6.268684240736222,-0.9626718992938722,-6.396948310181362e-05,9.258422700562039e-07,28.0,28.0,14.0,6.0,6.0,6.0
0.11442985300114382,1.0,1.1653092451790903e-05,3.822512951036524e-05,-0.3499460250264615,0.00013809226454893393,0.22382557675114534,-0.3499460250264615,0.00013809226454893393,0.22382557675114534,-0.34993728505049865,0.00014308325852649788,0.2238314501967248,-0.32705766359438115,-1.4199984709369105,1.2360029220581055,-1.3859851996051233,-1.5711105505572718,2.7379369735717773,0.0,0.0,-0.0,0.0,0.0,0.0,-0.3270827584352156,-1.419971072000431,1.2359762727841865,-1.3860169171975685,-1.5710931785884785,2.7379510203015145,-2.7327002578722095e-05,2.1872725876208672e-05,6.254433719053285e-06,-7.555968770926723e-06,4.621685686865199e-05,6.653720370991733e-05,-0.00028660242526601864,-8.035158638727577,-6.268768612969809,-0.9626868453722133,-6.292193740064317e-05,1.5688476547105867e-07,28.0,28.0,14.0,6.0,6.0,6.0
0.11952459598565478,1.0,1.1653092451790903e-05,3.822512951036524e-05,-0.3499460250264615,0.00013809226454893393,0.22382557675114534,-0.3499460250264615,0.00013809226454893393,0.22382557675114534,-0.34993728505049865,0.00014308325852649788,0.2238314501967248,-0.32705766359438115,-1.4199984709369105,1.2360029220581055,-1.3859851996051233,-1.5711105505572718,2.7379369735717773,0.0,0.0,-0.0,0.0,0.0,0.0,-0.3270828742477141,-1.4199709824256277,1.2359763037926268,-1.386016960442987,-1.5710929630772192,2.737951271426002,-2.8953124617260747e-05,2.239370081289696e-05,7.752110037357345e-06,-1.0811354662351152e-05,5.387781479339865e-05,6.278112185597436e-05,-0.00028660242526601864,-8.035158638727577,-6.268768612969809,-0.9626868453722133,-6.292193740064317e-05,1.5688476547105867e-07,28.0,28.0,14.0,6.0,6.0,6.0
0.12352459598565478,1.0,1.2216796110764783e-05,1.6525031691102913e-05,-0.3499460250264615,0.00013809226454893393,0.22382557675114534,-0.3499460250264615,0.00013809226454893393,0.22382557675114534,-0.34993584249272014,0.0001320208469439315,0.22382852700572484,-0.32705766359438115,-1.4200108687030237,1.2360267639160156,-1.3859851996051233,-1.5710623900042933,2.7379491329193115,0.0,0.0,-0.0,0.0,0.0,0.0,-0.32708297882174414,-1.4199708817497787,1.235976327048445,-1.3860170248666572,-1.5710927742250211,2.737951511772814,-2.6143507511966897e-05,2.5168962232970586e-05,5.813954563952701e-06,-1.6105917544846616e-05,4.7213049507328525e-05,6.0086703016500415e-05,-4.734049568681204e-05,-8.035048196070946,-6.26882239577482,-0.9626991933479391,-5.7819646195624194e-05,4.0166026049261e-11,28.0,28.0,14.0,6.0,6.0,6.0
0.12827026998507796,1.0,1.2216796110764783e-05,1.6525031691102913e-05,-0.3499460250264615,0.00013809226454893393,0.22382557675114534,-0.3499460250264615,0.00013809226454893393,0.22382557675114534,-0.34993584249272014,0.0001320208469439315,0.22382852700572484,-0.32705766359438115,-1.4200108687030237,1.2360267639160156,-1.3859851996051233,-1.5710623900042933,2.7379491329193115,0.0,0.0,-0.0,0.0,0.0,0.0,-0.32708307283161386,-1.4199707706389468,1.2359763430167987,-1.386017109197884,-1.5710926104323406,2.7379517419886112,-2.3502467432990676e-05,2.7777707967839797e-05,3.992088418952336e-06,-2.1082806654392353e-05,4.0948170138422605e-05,5.75539493073949e-05,-4.734049568681204e-05,-8.035048196070946,-6.26882239577482,-0.9626991933479391,-5.7819646195624194e-05,4.0166026049261e-11,28.0,28.0,14.0,6.0,6.0,6.0
0.13227026998507796,1.0,1.2216796110764783e-05,1.6525031691102913e-05,-0.3499460250264615,0.00013809226454893393,0.22382557675114534,-0.3499460250264615,0.00013809226454893393,0.22382557675114534,-0.34993584249272014,0.0001320208469439315,0.22382852700572484,-0.32705766359438115,-1.4200108687030237,1.2360267639160156,-1.3859851996051233,-1.5710623900042933,2.7379491329193115,0.0,0.0,-0.0,0.0,0.0,0.0,-0.3270831569111729,-1.419970649719231,1.2359763521349356,-1.3860172122422136,-1.5710924701956064,2.7379519626812545,-2.101988975875303e-05,3.0229928958616856e-05,2.279534242651992e-06,-2.5761082417365345e-05,3.505918353165104e-05,5.517316082083572e-05,-4.734049568681204e-05,-8.035048196070946,-6.26882239577482,-0.9626991933479391,-5.7819646195624194e-05,4.0166026049261e-11,28.0,28.0,14.0,6.0,6.0,6.0
0.1373519519853872,1.0,1.2216796110764783e-05,1.6525031691102913e-05,-0.3499460250264615,0.00013809226454893393,0.22382557675114534,-0.3499460250264615,0.00013809226454893393,0.22382557675114534,-0.34993584249272014,0.0001320208469439315,0.22382852700572484,-0.32705766359438115,-1.4200108687030237,1.2360267639160156,-1.3859851996051233,-1.5710623900042933,2.7379491329193115,0.0,0.0,-0.0,0.0,0.0,0.0,-0.32708323165623987,-1.4199705195791643,1.235976354813869,-1.3860173328768601,-1.571092352101462,2.737952174422133,-1.8686266744969642e-05,3.253501668994729e-05,6.697333169296691e-07,-3.0158661634559957e-05,2.9523536121285775e-05,5.293521964347009e-05,-4.734049568681204e-05,-8.035048196070946,-6.26882239577482,-0.9626991933479391,-5.7819646195624194e-05,4.0166026049261e-11,28.0,28.0,14.0,6.0,6.0,6.0
0.1413519519853872,1.0,1.0060839257982882e-05,6.124512121967483e-05,-0.3499460250264615,0.00013809226454893393,0.22382557675114534,-0.3499460250264615,0.00013809226454893393,0.22382557675114534,-0.3499432007087456,0.00013975122969883688,0.22383508945584202,-0.32705766359438115,-1.4200108687030237,1.2360148429870605,-1.3860209623919886,-1.5710862318622034,2.737901210784912,0.0,0.0,-0.0,0.0,0.0,0.0,-0.3270833062250841,-1.4199703588713868,1.235976321438564,-1.38601740702694,-1.5710922273641286,2.7379524243566213,-1.8642211058455888e-05,4.017694436284981e-05,-8.343826238604371e-06,-1.8537519980440394e-05,3.118433336028766e-05,6.248362205185716e-05,-0.00033579262223422797,-8.034544193533506,-6.268709910589769,-0.9626759700688123,-6.03479688230801e-05,6.181777800908668e-07,28.0,28.0,14.0,6.0,6.0,6.0
0.14646212998265407,1.0,1.0060839257982882e-05,6.124512121967483e-05,-0.3499460250264615,0.00013809226454893393,0.22382557675114534,-0.3499460250264615,0.00013809226454893393,0.22382557675114534,-0.3499432007087456,0.00013975122969883688,0.22383508945584202,-0.32705766359438115,-1.4200108687030237,1.2360148429870605,-1.3860209623919886,-1.5710862318622034,2.737901210784912,0.0,0.0,-0.0,0.0,0.0,0.0,-0.3270833806282789,-1.4199701694299613,1.235976254172275,-1.3860174374815273,-1.5710920963821975,2.7379527101931025,-1.8600798713132957e-05,4.736035637537818e-05,-1.6816572220806366e-05,-7.613646825568006e-06,3.2745482764949435e-05,7.145912031574101e-05,-0.00033579262223422797,-8.034544193533506,-6.268709910589769,-0.9626759700688123,-6.03479688230801e-05,6.181777800908668e-07,28.0,28.0,14.0,6.0,6.0,6.0
0.15046212998265407,1.0,1.1717827134528966e-05,4.5176669025178575e-05,-0.3499460250264615,0.00013809226454893393,0.22382557675114534,-0.3499460250264615,0.00013809226454893393,0.22382557675114534,-0.34994006483418516,0.00014140918564050416,0.22383510468981307,-0.32705766359438115,-1.4199984709369105,1.2359905242919922,-1.3859851996051233,-1.5710986296283167,2.737913131713867,0.0,0.0,-0.0,0.0,0.0,0.0,-0.32708345933729127,-1.4199699751994388,1.2359761923047383,-1.3860174693561749,-1.5710919452520888,2.737953011582948,-1.9677253087560994e-05,4.855763063562825e-05,-1.5466884154869094e-05,-7.968661873106689e-06,3.7782527154346906e-05,7.534746133946573e-05,-0.00027256803559322595,-8.034954578692737,-6.2686858806410735,-0.9626742148095057,-6.165901223431889e-05,4.64455541244322e-07,28.0,28.0,14.0,6.0,6.0,6.0
0.15511519399285323,1.0,1.1717827134528966e-05,4.5176669025178575e-05,-0.3499460250264615,0.00013809226454893393,0.22382557675114534,-0.3499460250264615,0.00013809226454893393,0.22382557675114534,-0.34994006483418516,0.00014140918564050416,0.22383510468981307,-0.32705766359438115,-1.4199984709369105,1.2359905242919922,-1.3859851996051233,-1.5710986296283167,2.737913131713867,0.0,0.0,-0.0,0.0,0.0,0.0,-0.32708354209377205,-1.419969776467165,1.235976135512029,-1.386017502565679,-1.5710917751826934,2.7379533275929555,-2.068912019952335e-05,4.968306844026331e-05,-1.4198177372888057e-05,-8.30237601779305e-06,4.2517348880380524e-05,7.900250190176696e-05,-0.00027256803559322595,-8.034954578692737,-6.2686858806410735,-0.9626742148095057,-6.165901223431889e-05,4.64455541244322e-07,28.0,28.0,14.0,6.0,6.0,6.0
0.15911519399285323,1.0,1.1717827134528966e-05,4.5176669025178575e-05,-0.3499460250264615,0.00013809226454893393,0.22382557675114534,-0.3499460250264615,0.00013809226454893393,0.22382557675114534,-0.34994006483418516,0.00014140918564050416,0.22383510468981307,-0.32705766359438115,-1.4199984709369105,1.2359905242919922,-1.3859851996051233,-1.5710986296283167,2.737913131713867,0.0,0.0,-0.0,0.0,0.0,0.0,-0.32708362865487317,-1.4199695735032452,1.235976083489657,-1.3860175370299481,-1.5710915873103681,2.7379536573459156,-2.1640275284767966e-05,5.074097997662027e-05,-1.3005592997825882e-05,-8.61606731379823e-06,4.696808130285213e-05,8.243824003033012e-05,-0.00027256803559322595,-8.034954578692737,-6.2686858806410735,-0.9626742148095057,-6.165901223431889e-05,4.64455541244322e-07,28.0,28.0,14.0,6.0,6.0,6.0
0.1642123119954486,1.0,1.1717827134528966e-05,4.5176669025178575e-05,-0.3499460250264615,0.00013809226454893393,0.22382557675114534,-0.3499460250264615,0.00013809226454893393,0.22382557675114534,-0.34994006483418516,0.00014140918564050416,0.22383510468981307,-0.32705766359438115,-1.4199984709369105,1.2359905242919922,-1.3859851996051233,-1.5710986296283167,2.737913131713867,0.0,0.0,-0.0,0.0,0.0,0.0,-0.32708371879231746,-1.4199693665615778,1.2359760359514023,-1.3860175726736967,-1.571091382703289,2.737954000017251,-2.25343610648979e-05,5.1735416820795814e-05,-1.1884563685267439e-05,-8.910937132043098e-06,5.115176977997543e-05,8.56678338711795e-05,-0.00027256803559322595,-8.034954578692737,-6.2686858806410735,-0.9626742148095057,-6.165901223431889e-05,4.64455541244322e-07,28.0,28.0,14.0,6.0,6.0,6.0
0.16821231199544862,1.0,2.1117477437214883e-05,4.0018488149308344e-05,-0.3499460250264615,0.00013809226454893393,0.22382557675114534,-0.3499460250264615,0.00013809226454893393,0.22382557675114534,-0.34994485146853244,0.00015816694115752003,0.2238191286526536,-0.3270934263812464,-1.4199627081500452,1.2360148429870605,-1.3860209623919886,-1.5711105505572718,2.737901210784912,0.0,0.0,-0.0,0.0,0.0,0.0,-0.32708379601173854,-1.419969191532739,1.2359760020246384,-1.386017611173115,-1.5710911486510781,2.7379543436454155,-1.9304855268769282e-05,4.3757209681948936e-05,-8.48169095984607e-06,-9.624854552862239e-06,5.851305272112473e-05,8.59070411565339e-05,0.0002976212848753045,-8.036564492214959,-6.2691119876831625,-0.962719180248871,-5.3694711945732136e-05,1.5693048465549137e-07,28.0,28.0,14.0,6.0,6.0,6.0
0.17330230599152863,1.0,2.1117477437214883e-05,4.0018488149308344e-05,-0.3499460250264615,0.00013809226454893393,0.22382557675114534,-0.3499460250264615,0.00013809226454893393,0.22382557675114534,-0.34994485146853244,0.00015816694115752003,0.2238191286526536,-0.3270934263812464,-1.4199627081500452,1.2360148429870605,-1.3860209623919886,-1.5711105505572718,2.737901210784912,0.0,0.0,-0.0,0.0,0.0,0.0,-0.3270838610882178,-1.4199690465019592,1.235975980892676,-1.3860176523568628,-1.5710908869204434,2.7379546881729997,-1.626911982040838e-05,3.625769497143287e-05,-5.282990597949983e-06,-1.0295936928432232e-05,6.543265868580507e-05,8.613189600476704e-05,0.0002976212848753045,-8.036564492214959,-6.2691119876831625,-0.962719180248871,-5.3694711945732136e-05,1.5693048465549137e-07,28.0,28.0,14.0,6.0,6.0,6.0
0.17730230599152863,1.0,2.0166901749473598e-05,5.124186300352638e-05,-0.3499460250264615,0.00013809226454893393,0.22382557675114534,-0.3499460250264615,0.00013809226454893393,0.22382557675114534,-0.3499430813644583,0.00014922184535536186,0.2238421348673201,-0.32706958452333623,-1.4199984709369105,1.235966682434082,-1.3859851996051233,-1.5711105505572718,2.7379369735717773,0.0,0.0,-0.0,0.0,0.0,0.0,-0.32708392847601087,-1.4199688830497443,1.235975957640235,-1.3860176730754428,-1.5710905991616975,2.737955006088442,-1.6846948264908152e-05,4.086305374607533e-05,-5.813110263717702e-06,-5.179644970022151e-06,7.19396865033747e-05,7.947886057383522e-05,-0.00029302832364211395,-8.034623611642555,-6.268531877304047,-0.9626489014431908,-5.9847167303093964e-05,2.9377756475912964e-09,28.0,28.0,14.0,6.0,6.0,6.0
0.18191262698126964,1.0,2.0166901749473598e-05,5.124186300352638e-05,-0.3499460250264615,0.00013809226454893393,0.22382557675114534,-0.3499460250264615,0.00013809226454893393,0.22382557675114534,-0.3499430813644583,0.00014922184535536186,0.2238421348673201,-0.32706958452333623,-1.4199984709369105,1.235966682434082,-1.3859851996051233,-1.5711105505572718,2.7379369735717773,0.0,0.0,-0.0,0.0,0.0,0.0,-0.3270839980364389,-1.4199687022813803,1.2359759323945438,-1.386017674556765,-1.5710902869365269,2.7379552989884712,-1.739010700273794e-05,4.519209099423925e-05,-6.311422749539358e-06,-3.70330529116676e-07,7.805629265189015e-05,7.32250072687593e-05,-0.00029302832364211395,-8.034623611642555,-6.268531877304047,-0.9626489014431908,-5.9847167303093964e-05,2.9377756475912964e-09,28.0,28.0,14.0,6.0,6.0,6.0
0.18591262698126965,1.0,2.0166901749473598e-05,5.124186300352638e-05,-0.3499460250264615,0.00013809226454893393,0.22382557675114534,-0.3499460250264615,0.00013809226454893393,0.22382557675114534,-0.3499430813644583,0.00014922184535536186,0.2238421348673201,-0.32706958452333623,-1.4199984709369105,1.235966682434082,-1.3859851996051233,-1.5711105505572718,2.7379369735717773,0.0,0.0,-0.0,0.0,0.0,0.0,-0.32708406963914377,-1.4199685052358362,1.235975905275198,-1.3860176579550647,-1.571089951712917,2.7379555683740118,-1.790067621629794e-05,4.926138600751333e-05,-6.7798364862117145e-06,4.150425045334471e-06,8.380590243149467e-05,6.734638516198794e-05,-0.00029302832364211395,-8.034623611642555,-6.268531877304047,-0.9626489014431908,-5.9847167303093964e-05,2.9377756475912964e-09,28.0,28.0,14.0,6.0,6.0,6.0
0.19107385996566162,1.0,2.1895588284795833e-05,5.556485764261095e-05,-0.3499460250264615,0.00013809226454893393,0.22382557675114534,-0.3499460250264615,0.00013809226454893393,0.22382557675114534,-0.34994114495540635,0.0001348816572216569,0.22384667873430864,-0.3270457426654261,-1.4200227896319788,1.235978603363037,-1.3859851996051233,-1.5710862318622034,2.7379369735717773,0.0,0.0,-0.0,0.0,0.0,0.0,-0.32708414811474223,-1.4199682681021621,1.2359758539822698,-1.386017612454083,-1.5710896228681872,2.737955838168168,-1.9618899619641294e-05,5.928341852590409e-05,-1.2823232045039554e-05,1.1375245434253228e-05,8.221118247078772e-05,6.744853912257778e-05,-0.0005696149504568674,-8.033767678362802,-6.268405494076534,-0.9626397205308916,-6.34231897062254e-05,3.105151184863529e-07,28.0,28.0,14.0,6.0,6.0,6.0
0.19507385996566162,1.0,2.1895588284795833e-05,5.556485764261095e-05,-0.3499460250264615,0.00013809226454893393,0.22382557675114534,-0.3499460250264615,0.00013809226454893393,0.22382557675114534,-0.34994114495540635,0.0001348816572216569,0.22384667873430864,-0.3270457426654261,-1.4200227896319788,1.235978603363037,-1.3859851996051233,-1.5710862318622034,2.7379369735717773,0.0,0.0,-0.0,0.0,0.0,0.0,-0.3270842330508607,-1.4199679932856457,1.2359757799661744,-1.3860175397877768,-1.5710893000196045,2.7379561083464234,-2.123402961878405e-05,6.87041290931914e-05,-1.8504023870337725e-05,1.8166576599836862e-05,8.07121457077232e-05,6.754456384553222e-05,-0.0005696149504568674,-8.033767678362802,-6.268405494076534,-0.9626397205308916,-6.34231897062254e-05,3.105151184863529e-07,28.0,28.0,14.0,6.0,6.0,6.0
0.19965805994742558,1.0,2.1895588284795833e-05,5.556485764261095e-05,-0.3499460250264615,0.00013809226454893393,0.22382557675114534,-0.3499460250264615,0.00013809226454893393,0.22382557675114534,-0.34994114495540635,0.0001348816572216569,0.22384667873430864,-0.3270457426654261,-1.4200227896319788,1.235978603363037,-1.3859851996051233,-1.5710862318622034,2.7379369735717773,0.0,0.0,-0.0,0.0,0.0,0.0,-0.327084324059868,-1.4199676830472576,1.2359756845903016,-1.386017441586065,-1.5710889828074,2.7379563788857317,-2.2752251817978238e-05,7.755959702644148e-05,-2.3843968186118004e-05,2.4550427895485477e-05,7.930305115044255e-05,6.763482708510941e-05,-0.0005696149504568674,-8.033767678362802,-6.268405494076534,-0.9626397205308916,-6.34231897062254e-05,3.105151184863529e-07,28.0,28.0,14.0,6.0,6.0,6.0
0.20365805994742558,1.0,2.075220052812348e-05,7.591917158836643e-05,-0.3499460250264615,0.00013809226454893393,0.22382557675114534,-0.3499460250264615,0.00013809226454893393,0.22382557675114534,-0.3499525483534769,0.00013613292366920036,0.22384517932788225,-0.3270457426654261,-1.4199984709369105,1.235966682434082,-1.3860209623919886,-1.5710743109332483,2.7379369735717773,0.0,0.0,-0.0,0.0,0.0,0.0,-0.3270844164804286,-1.4199673385684435,1.2359755529918772,-1.3860172772620134,-1.5710886846226377,2.7379566540610574,-2.310514014371342e-05,8.611970352439227e-05,-3.2899606103052585e-05,4.108101294449927e-05,7.4546190546366e-05,6.879383143378975e-05,-0.0004885247952585145,-8.034192355956932,-6.268488652129105,-0.9626398708000661,-6.215997394431556e-05,3.1043505800987697e-07,28.0,28.0,14.0,6.0,6.0,6.0
0.20869462495693014,1.0,2.075220052812348e-05,7.591917158836643e-05,-0.3499460250264615,0.00013809226454893393,0.22382557675114534,-0.3499460250264615,0.00013809226454893393,0.22382557675114534,-0.3499525483534769,0.00013613292366920036,0.22384517932788225,-0.3270457426654261,-1.4199984709369105,1.235966682434082,-1.3860209623919886,-1.5710743109332483,2.7379369735717773,0.0,0.0,-0.0,0.0,0.0,0.0,-0.32708451022784923,-1.419966961903629,1.2359753873442543,-1.386017050782962,-1.5710884043236715,2.7379569335942393,-2.343685516990449e-05,9.416620363246603e-05,-4.141190574497109e-05,5.661976289057223e-05,7.007474157853403e-05,6.988329552154928e-05,-0.0004885247952585145,-8.034192355956932,-6.268488652129105,-0.9626398708000661,-6.215997394431556e-05,3.1043505800987697e-07,28.0,28.0,14.0,6.0,6.0,6.0
0.21269462495693015,1.0,2.075220052812348e-05,7.591917158836643e-05,-0.3499460250264615,0.00013809226454893393,0.22382557675114534,-0.3499460250264615,0.00013809226454893393,0.22382557675114534,-0.3499525483534769,0.00013613292366920036,0.22384517932788225,-0.3270457426654261,-1.4199984709369105,1.235966682434082,-1.3860209623919886,-1.5710743109332483,2.7379369735717773,0.0,0.0,-0.0,0.0,0.0,0.0,-0.3270846052225184,-1.4199665549839742,1.2359751896903846,-1.3860167658782105,-1.5710881408373534,2.7379572172238062,-2.3748667294524094e-05,0.00010172991373405535,-4.9413467408374486e-05,7.122618783988081e-05,6.587157954877199e-05,7.090739176404325e-05,-0.0004885247952585145,-8.034192355956932,-6.268488652129105,-0.9626398708000661,-6.215997394431556e-05,3.1043505800987697e-07,28.0,28.0,14.0,6.0,6.0,6.0
0.21735599997336985,1.0,1.2314689240752568e-05,4.3505006196181444e-05,-0.3499460250264615,0.00013809226454893393,0.22382557675114534,-0.3499460250264615,0.00013809226454893393,0.22382557675114534,-0.3499518232660357,0.0001400592629753292,0.2238362614554523,-0.32705766359438115,-1.4199746290790003,1.235966682434082,-1.3860090414630335,-1.5710743109332483,2.7379250526428223,0.0,0.0,-0.0,0.0,0.0,0.0,-0.32708469452432565,-1.419966152709203,1.2359749930418262,-1.3860164652446334,-1.5710878931602574,2.7379575115692574,-2.23254518066545e-05,0.0001005686928006861,-4.916213959947313e-05,7.515839428087907e-05,6.191927396368055e-05,7.358636273987386e-05,-0.00013580617553917869,-8.035270768108605,-6.2686972548646205,-0.9626654584850142,-5.908176332870379e-05,3.1056337993870756e-07,28.0,28.0,14.0,6.0,6.0,6.0
0.22135599997336985,1.0,1.2314689240752568e-05,4.3505006196181444e-05,-0.3499460250264615,0.00013809226454893393,0.22382557675114534,-0.3499460250264615,0.00013809226454893393,0.22382557675114534,-0.3499518232660357,0.0001400592629753292,0.2238362614554523,-0.32705766359438115,-1.4199746290790003,1.235966682434082,-1.3860090414630335,-1.5710743109332483,2.7379250526428223,0.0,0.0,-0.0,0.0,0.0,0.0,-0.32708477847484263,-1.4199657548006224,1.2359747973382604,-1.38601614982596,-1.5710876603438306,2.737957815987639,-2.0987629248057083e-05,9.9477145123319e-05,-4.892589145910585e-05,7.885466833541742e-05,5.820410671369458e-05,7.610459545715463e-05,-0.00013580617553917869,-8.035270768108605,-6.2686972548646205,-0.9626654584850142,-5.908176332870379e-05,3.1056337993870756e-07,28.0,28.0,14.0,6.0,6.0,6.0
0.22642580897873277,1.0,1.2314689240752568e-05,4.3505006196181444e-05,-0.3499460250264615,0.00013809226454893393,0.22382557675114534,-0.3499460250264615,0.00013809226454893393,0.22382557675114534,-0.3499518232660357,0.0001400592629753292,0.2238362614554523,-0.32705766359438115,-1.4199746290790003,1.235966682434082,-1.3860090414630335,-1.5710743109332483,2.7379250526428223,0.0,0.0,-0.0,0.0,0.0,0.0,-0.3270848573951468,-1.4199653609962612,1.2359746025229876,-1.3860158205092963,-1.5710874414964326,2.737958129874576,-1.973007604297551e-05,9.845109030659392e-05,-4.870381820716061e-05,8.232916594668348e-05,5.471184949870778e-05,7.847173421139855e-05,-0.00013580617553917869,-8.035270768108605,-6.2686972548646205,-0.9626654584850142,-5.908176332870379e-05,3.1056337993870756e-07,28.0,28.0,14.0,6.0,6.0,6.0
0.23042580897873277,1.0,1.4301905968236785e-05,3.6083093372989455e-05,-0.3499460250264615,0.00013809226454893393,0.22382557675114534,-0.3499460250264615,0.00013809226454893393,0.22382557675114534,-0.34993536759883254,0.00014398782110175496,0.22383307382814843,-0.32706958452333623,-1.4199984709369105,1.2359905242919922,-1.3859613577472132,-1.5710986296283167,2.737913131713867,0.0,0.0,-0.0,0.0,0.0,0.0,-0.32708493349233364,-1.41996498765404,1.2359744415745817,-1.3860155494855328,-1.5710872077773603,2.737958450756518,-1.9024296710414325e-05,9.333555534036801e-05,-4.023710146261259e-05,6.775594083526263e-05,5.8429768075059106e-05,8.022048549584914e-05,-6.224564657907439e-05,-8.03521749068192,-6.268712224976447,-0.962680571983341,-5.858255562465279e-05,3.107362590523949e-07,28.0,28.0,14.0,6.0,6.0,6.0
0.23548730796738537,1.0,1.4301905968236785e-05,3.6083093372989455e-05,-0.3499460250264615,0.00013809226454893393,0.22382557675114534,-0.3499460250264615,0.00013809226454893393,0.22382557675114534,-0.34993536759883254,0.00014398782110175496,0.22383307382814843,-0.32706958452333623,-1.4199984709369105,1.2359905242919922,-1.3859613577472132,-1.5710986296283167,2.737913131713867,0.0,0.0,-0.0,0.0,0.0,0.0,-0.3270850069357902,-1.41996463354623,1.2359743124610307,-1.386015333257096,-1.5710869600789141,2.7379587782137644,-1.836086413780681e-05,8.852695247211565e-05,-3.227838772273745e-05,5.405710923052704e-05,6.192461153682935e-05,8.186431170323271e-05,-6.224564657907439e-05,-8.03521749068192,-6.268712224976447,-0.962680571983341,-5.858255562465279e-05,3.107362590523949e-07,28.0,28.0,14.0,6.0,6.0,6.0
0.23948730796738538,1.0,1.4301905968236785e-05,3.6083093372989455e-05,-0.3499460250264615,0.00013809226454893393,0.22382557675114534,-0.3499460250264615,0.00013809226454893393,0.22382557675114534,-0.34993536759883254,0.00014398782110175496,0.22383307382814843,-0.32706958452333623,-1.4199984709369105,1.2359905242919922,-1.3859613577472132,-1.5710986296283167,2.737913131713867,0.0,0.0,-0.0,0.0,0.0,0.0,-0.3270850778847403,-1.4199642975187667,1.2359742132722435,-1.3860151685362658,-1.5710866992398567,2.7379591118517976,-1.7737237519555744e-05,8.400686577595843e-05,-2.479719680725482e-05,4.118020752207558e-05,6.520976439089339e-05,8.340950833817326e-05,-6.224564657907439e-05,-8.03521749068192,-6.268712224976447,-0.962680571983341,-5.858255562465279e-05,3.107362590523949e-07,28.0,28.0,14.0,6.0,6.0,6.0
0.24416886794543835,1.0,1.9238864671875978e-05,0.00010748527263801713,-0.3499460250264615,0.00013809226454893393,0.22382557675114534,-0.3499460250264615,0.00013809226454893393,0.22382557675114534,-0.3499370788922283,0.00012237420185992712,0.2238190160269895,-0.3270214239703577,-1.4199746290790003,1.2360148429870605,-1.3859732786761683,-1.5710743109332483,2.737889051437378,0.0,0.0,-0.0,0.0,0.0,0.0,-0.3270851654067151,-1.419964007734181,1.2359741549531704,-1.3860150774544684,-1.5710864540360168,2.737959515603497,-2.188049370408176e-05,7.244614642895416e-05,-1.4579768258406562e-05,2.2770449379067663e-05,6.130095995587495e-05,0.00010093792482745482,-0.00022673322256499596,-8.036215768862506,-6.269042025215596,-0.9627287405645082,-6.842781007663651e-05,1.2429442775832235e-06,28.0,28.0,14.0,6.0,6.0,6.0
0.24816886794543835,1.0,1.9238864671875978e-05,0.00010748527263801713,-0.3499460250264615,0.00013809226454893393,0.22382557675114534,-0.3499460250264615,0.00013809226454893393,0.22382557675114534,-0.3499370788922283,0.00012237420185992712,0.2238190160269895,-0.3270214239703577,-1.4199746290790003,1.2360148429870605,-1.3859732786761683,-1.5710743109332483,2.737889051437378,0.0,0.0,-0.0,0.0,0.0,0.0,-0.32708526850733316,-1.4199637614179001,1.2359741350516287,-1.3860150555933615,-1.5710862235292815,2.737959985262042,-2.5775154517536217e-05,6.157907024277012e-05,-4.975385422489201e-06,5.465276724640218e-06,5.762668378695762e-05,0.0001174146363273795,-0.00022673322256499596,-8.036215768862506,-6.269042025215596,-0.9627287405645082,-6.842781007663651e-05,1.2429442775832235e-06,28.0,28.0,14.0,6.0,6.0,6.0
0.2531425059332979,1.0,1.9238864671875978e-05,0.00010748527263801713,-0.3499460250264615,0.00013809226454893393,0.22382557675114534,-0.3499460250264615,0.00013809226454893393,0.22382557675114534,-0.3499370788922283,0.00012237420185992712,0.2238190160269895,-0.3270214239703577,-1.4199746290790003,1.2360148429870605,-1.3859732786761683,-1.5710743109332483,2.737889051437378,0.0,0.0,-0.0,0.0,0.0,0.0,-0.3270853862518759,-1.4199635559618256,1.2359741512625664,-1.3860150987997037,-1.5710860068378247,2.7379605168730228,-2.9436135682183405e-05,5.136401862775714e-05,4.05273444327312e-06,-1.080158557052158e-05,5.417286418817533e-05,0.0001329027451373087,-0.00022673322256499596,-8.036215768862506,-6.269042025215596,-0.9627287405645082,-6.842781007663651e-05,1.2429442775832235e-06,28.0,28.0,14.0,6.0,6.0,6.0
0.2571425059332979,1.0,1.129504204238838e-05,7.671450072013915e-05,-0.3499460250264615,0.00013809226454893393,0.22382557675114534,-0.3499460250264615,0.00013809226454893393,0.22382557675114534,-0.3499402339245325,0.00013612768750154568,0.2238160803544491,-0.32705766359438115,-1.4199627081500452,1.2360148429870605,-1.3859851996051233,-1.5710743109332483,2.737889051437378,0.0,0.0,-0.0,0.0,0.0,0.0,-0.32708549692182703,-1.419963395647193,1.235974201261124,-1.3860151962771312,-1.5710858031469102,2.7379610858111345,-2.7667487783434712e-05,4.007865814134515e-05,1.2499639392505564e-05,-2.4369356875935233e-05,5.092272865915111e-05,0.00014223452796116153,0.0002166248561487285,-8.036722129266126,-6.269136139057764,-0.9627333602176803,-5.907839267394205e-05,7.753663369779268e-07,28.0,28.0,14.0,6.0,6.0,6.0
0.26223487494746234,1.0,1.129504204238838e-05,7.671450072013915e-05,-0.3499460250264615,0.00013809226454893393,0.22382557675114534,-0.3499460250264615,0.00013809226454893393,0.22382557675114534,-0.3499402339245325,0.00013612768750154568,0.2238160803544491,-0.32705766359438115,-1.4199627081500452,1.2360148429870605,-1.3859851996051233,-1.5710743109332483,2.737889051437378,0.0,0.0,-0.0,0.0,0.0,0.0,-0.32708560094166206,-1.419963277765516,1.235974283020044,-1.3860153447693788,-1.571085611676505,2.73796168983675,-2.600495875861094e-05,2.947041928411788e-05,2.043973004478406e-05,-3.7123061903024065e-05,4.786760126186834e-05,0.0001510064038155832,0.0002166248561487285,-8.036722129266126,-6.269136139057764,-0.9627333602176803,-5.907839267394205e-05,7.753663369779268e-07,28.0,28.0,14.0,6.0,6.0,6.0
0.26623487494746234,1.0,1.0563377760078361e-05,3.607578203424645e-05,-0.3499460250264615,0.00013809226454893393,0.22382557675114534,-0.3499460250264615,0.00013809226454893393,0.22382557675114534,-0.3499401438967425,0.00014560819889294314,0.22382104817588738,-0.32706958452333623,-1.4199746290790003,1.2360148429870605,-1.3859971205340784,-1.5710986296283167,2.7379491329193115,0.0,0.0,-0.0,0.0,0.0,0.0,-0.3270857006239409,-1.4199631841441174,1.2359743787661548,-1.3860155135206491,-1.571085403692681,2.737962241983957,-2.4920569707572833e-05,2.340534963719823e-05,2.393652769498236e-05,-4.218781756533778e-05,5.1995956050164945e-05,0.00013803680178880076,9.045279210809385e-05,-8.036212614484779,-6.269031865124014,-0.96271717527674,-5.858180301473131e-05,-1.537192815302076e-07,28.0,28.0,14.0,6.0,6.0,6.0
0.2709496789504775,1.0,1.0563377760078361e-05,3.607578203424645e-05,-0.3499460250264615,0.00013809226454893393,0.22382557675114534,-0.3499460250264615,0.00013809226454893393,0.22382557675114534,-0.3499401438967425,0.00014560819889294314,0.22382104817588738,-0.32706958452333623,-1.4199746290790003,1.2360148429870605,-1.3859971205340784,-1.5710986296283167,2.7379491329193115,0.0,0.0,-0.0,0.0,0.0,0.0,-0.32708579622891687,-1.4199631133273807,1.2359744876602248,-1.3860157013154006,-1.5710851801862427,2.7379627453654605,-2.3901243999597017e-05,1.770418416909376e-05,2.722351748616876e-05,-4.6948687887912666e-05,5.587660955116376e-05,0.00012584537588362525,9.045279210809385e-05,-8.036212614484779,-6.269031865124014,-0.96271717527674,-5.858180301473131e-05,-1.537192815302076e-07,28.0,28.0,14.0,6.0,6.0,6.0
0.2749496789504775,1.0,1.0563377760078361e-05,3.607578203424645e-05,-0.3499460250264615,0.00013809226454893393,0.22382557675114534,-0.3499460250264615,0.00013809226454893393,0.22382557675114534,-0.3499401438967425,0.00014560819889294314,0.22382104817588738,-0.32706958452333623,-1.4199746290790003,1.2360148429870605,-1.3859971205340784,-1.5710986296283167,2.7379491329193115,0.0,0.0,-0.0,0.0,0.0,0.0,-0.32708588800122823,-1.4199630639470262,1.2359746089133763,-1.3860159070110245,-1.5710849420885473,2.7379632029072027,-2.2943077834099748e-05,1.2345088629075556e-05,3.031328788988398e-05,-5.142390599113306e-05,5.9524423842102645e-05,0.00011438543553276027,9.045279210809385e-05,-8.036212614484779,-6.269031865124014,-0.96271717527674,-5.858180301473131e-05,-1.537192815302076e-07,28.0,28.0,14.0,6.0,6.0,6.0
0.2800337359397673,1.0,1.0563377760078361e-05,3.607578203424645e-05,-0.3499460250264615,0.00013809226454893393,0.22382557675114534,-0.3499460250264615,0.00013809226454893393,0.22382557675114534,-0.3499401438967425,0.00014560819889294314,0.22382104817588738,-0.32706958452333623,-1.4199746290790003,1.2360148429870605,-1.3859971205340784,-1.5710986296283167,2.7379491329193115,0.0,0.0,-0.0,0.0,0.0,0.0,-0.3270859761708348,-1.419963034716871,1.2359747417840645,-1.3860161295334685,-1.5710846902750701,2.737963617359569,-2.2042401638532315e-05,7.307538821458445e-06,3.321767206937628e-05,-5.5630611008160226e-05,6.29533692755852e-05,0.00010361309160294719,9.045279210809385e-05,-8.036212614484779,-6.269031865124014,-0.96271717527674,-5.858180301473131e-05,-1.537192815302076e-07,28.0,28.0,14.0,6.0,6.0,6.0
0.28403373593976733,1.0,2.0083766616585202e-05,4.2094580353606556e-05,-0.3499460250264615,0.00013809226454893393,0.22382557675114534,-0.3499460250264615,0.00013809226454893393,0.22382557675114534,-0.3499482863765482,0.00015671521828524885,0.22383274819252277,-0.3270934263812464,-1.4199746290790003,1.235978603363037,-1.3860090414630335,-1.5710986296283167,2.737889051437378,0.0,0.0,-0.0,0.0,0.0,0.0,-0.3270860472547714,-1.4199629981120423,1.2359748642452009,-1.3860163173897073,-1.5710844255778054,2.7379640467557724,-1.7770984153243723e-05,9.151207169977888e-06,3.0615284064642716e-05,-4.6964059714479366e-05,6.617431619009279e-05,0.00010734905084206139,0.00017170077570191294,-8.035621069705257,-6.268786338817827,-0.9626745024052084,-5.243252596880032e-05,3.1367866114789095e-07,28.0,28.0,14.0,6.0,6.0,6.0
0.2885751929592808,1.0,2.0083766616585202e-05,4.2094580353606556e-05,-0.3499460250264615,0.00013809226454893393,0.22382557675114534,-0.3499460250264615,0.00013809226454893393,0.22382557675114534,-0.3499482863765482,0.00015671521828524885,0.22383274819252277,-0.3270934263812464,-1.4199746290790003,1.235978603363037,-1.3860090414630335,-1.5710986296283167,2.737889051437378,0.0,0.0,-0.0,0.0,0.0,0.0,-0.3270861022781783,-1.4199629545750205,1.2359749769213582,-1.3860164726597133,-1.5710841487697802,2.7379644901991824,-1.375585171707245e-05,1.0884255417586166e-05,2.8169039340193162e-05,-3.881750149841936e-05,6.920200628972993e-05,0.00011086085252682873,0.00017170077570191294,-8.035621069705257,-6.268786338817827,-0.9626745024052084,-5.243252596880032e-05,3.1367866114789095e-07,28.0,28.0,14.0,6.0,6.0,6.0
0.2925751929592808,1.0,2.0810457622212052e-05,7.729334152903743e-05,-0.3499460250264615,0.00013809226454893393,0.22382557675114534,-0.3499460250264615,0.00013809226454893393,0.22382557675114534,-0.3499478716905796,0.00013610163956432638,0.22384620930770655,-0.32705766359438115,-1.4200227896319788,1.2359905242919922,-1.3860209623919886,-1.5710623900042933,2.7379250526428223,0.0,0.0,-0.0,0.0,0.0,0.0,-0.32708614972747696,-1.419962844590854,1.2359750244794583,-1.3860165458483382,-1.5710839022988468,2.7379649390486636,-1.1862324657883606e-05,2.749604162968686e-05,1.1889525013873489e-05,-1.829715621409612e-05,6.16177333524959e-05,0.00011221237026731495,-0.00039660902187449107,-8.033682809096137,-6.268450620898445,-0.9626397318347814,-5.782361161005674e-05,3.104389743180129e-07,28.0,28.0,14.0,6.0,6.0,6.0
0.2975975109743887,1.0,2.0810457622212052e-05,7.729334152903743e-05,-0.3499460250264615,0.00013809226454893393,0.22382557675114534,-0.3499460250264615,0.00013809226454893393,0.22382557675114534,-0.3499478716905796,0.00013610163956432638,0.22384620930770655,-0.32705766359438115,-1.4200227896319788,1.2359905242919922,-1.3860209623919886,-1.5710623900042933,2.7379250526428223,0.0,0.0,-0.0,0.0,0.0,0.0,-0.32708619005711387,-1.4199626721463714,1.2359750108265846,-1.3860165418804649,-1.5710836843447795,2.7379653929798513,-1.0082409222246092e-05,4.311112066906151e-05,-3.413218452867008e-06,9.919683531677234e-07,5.448851679149592e-05,0.00011348279694337201,-0.00039660902187449107,-8.033682809096137,-6.268450620898445,-0.9626397318347814,-5.782361161005674e-05,3.104389743180129e-07,28.0,28.0,14.0,6.0,6.0,6.0
0.3015975109743887,1.0,2.0810457622212052e-05,7.729334152903743e-05,-0.3499460250264615,0.00013809226454893393,0.22382557675114534,-0.3499460250264615,0.00013809226454893393,0.22382557675114534,-0.3499478716905796,0.00013610163956432638,0.22384620930770655,-0.32705766359438115,-1.4200227896319788,1.2359905242919922,-1.3860209623919886,-1.5710623900042933,2.7379250526428223,0.0,0.0,-0.0,0.0,0.0,0.0,-0.3270862236942687,-1.4199624409891916,1.2359749396353954,-1.3860164653854832,-1.5710834931965667,2.7379658516878433,-8.409288712746829e-06,5.778929496607368e-05,-1.779779731160307e-05,1.912374544639574e-05,4.7787053224155926e-05,0.00011467699801886564,-0.00039660902187449107,-8.033682809096137,-6.268450620898445,-0.9626397318347814,-5.782361161005674e-05,3.104389743180129e-07,28.0,28.0,14.0,6.0,6.0,6.0
0.30668869298882795,1.0,1.0228736458552902e-05,2.7090606122135362e-05,-0.3499460250264615,0.00013809226454893393,0.22382557675114534,-0.3499460250264615,0.00013809226454893393,0.22382557675114534,-0.3499459616344004,0.00013651560639896812,0.2238356830452269,-0.3270457426654261,-1.4199865500079554,1.235978603363037,-1.3859971205340784,-1.5710862318622034,2.7379610538482666,0.0,0.0,-0.0,0.0,0.0,0.0,-0.3270862664701041,-1.4199622057181995,1.235974867950502,-1.3860163786926671,-1.5710832997830937,2.7379662717166093,-1.0693958849293868e-05,5.8817747987098525e-05,-1.792122333287933e-05,2.1673204008470155e-05,4.835336827085117e-05,0.00010500719147731619,-0.0003315075895510436,-8.0350626438943,-6.268688639001729,-0.962670870759303,-6.342040041072937e-05,-8.914902212349706e-11,28.0,28.0,14.0,6.0,6.0,6.0
0.31068869298882795,1.0,1.0228736458552902e-05,2.7090606122135362e-05,-0.3499460250264615,0.00013809226454893393,0.22382557675114534,-0.3499460250264615,0.00013809226454893393,0.22382557675114534,-0.3499459616344004,0.00013651560639896812,0.2238356830452269,-0.3270457426654261,-1.4199865500079554,1.235978603363037,-1.3859971205340784,-1.5710862318622034,2.7379610538482666,0.0,0.0,-0.0,0.0,0.0,0.0,-0.3270863178362992,-1.4199619665802243,1.2359747958015268,-1.3860162824138869,-1.571083104240276,2.7379666553869026,-1.2841548777648084e-05,5.9784493826861885e-05,-1.8037243792879016e-05,2.4069695056820106e-05,4.888570441474469e-05,9.59175733282597e-05,-0.0003315075895510436,-8.0350626438943,-6.268688639001729,-0.962670870759303,-6.342040041072937e-05,-8.914902212349706e-11,28.0,28.0,14.0,6.0,6.0,6.0
0.3152455849919935,1.0,1.0228736458552902e-05,2.7090606122135362e-05,-0.3499460250264615,0.00013809226454893393,0.22382557675114534,-0.3499460250264615,0.00013809226454893393,0.22382557675114534,-0.3499459616344004,0.00013651560639896812,0.2238356830452269,-0.3270457426654261,-1.4199865500079554,1.235978603363037,-1.3859971205340784,-1.5710862318622034,2.7379610538482666,0.0,0.0,-0.0,0.0,0.0,0.0,-0.32708637727743245,-1.4199617238072846,1.2359747232163147,-1.3860161771243003,-1.5710829066958745,2.7379670048802316,-1.4860283310301048e-05,6.069323491623944e-05,-1.8146303025278717e-05,2.632239664226906e-05,4.938610039000461e-05,8.737333226814661e-05,-0.0003315075895510436,-8.0350626438943,-6.268688639001729,-0.962670870759303,-6.342040041072937e-05,-8.914902212349706e-11,28.0,28.0,14.0,6.0,6.0,6.0
0.3192455849919935,1.0,5.630703076991585e-06,5.37438633792462e-05,-0.3499460250264615,0.00013809226454893393,0.22382557675114534,-0.3499460250264615,0.00013809226454893393,0.22382557675114534,-0.3499412427003499,0.00013763657596920932,0.2238285138452912,-0.3270457426654261,-1.4199865500079554,1.2360029220581055,-1.3859971205340784,-1.5710986296283167,2.737913131713867,0.0,0.0,-0.0,0.0,0.0,0.0,-0.32708644877120613,-1.4199614930244526,1.2359746600157997,-1.3860160857624175,-1.571082692992619,2.7379673729911507,-1.7873443425114427e-05,5.7695707967690707e-05,-1.5800128780473784e-05,2.2840470685768568e-05,5.342581388388368e-05,9.20277297708811e-05,-0.00030432728043872895,-8.035459273261221,-6.268850227898833,-0.9626956424768106,-6.473360658238062e-05,6.183104888571333e-07,28.0,28.0,14.0,6.0,6.0,6.0
0.32428808697918443,1.0,5.630703076991585e-06,5.37438633792462e-05,-0.3499460250264615,0.00013809226454893393,0.22382557675114534,-0.3499460250264615,0.00013809226454893393,0.22382557675114534,-0.3499412427003499,0.00013763657596920932,0.2238285138452912,-0.3270457426654261,-1.4199865500079554,1.2360029220581055,-1.3859971205340784,-1.5710986296283167,2.737913131713867,0.0,0.0,-0.0,0.0,0.0,0.0,-0.3270865315944619,-1.4199612735123222,1.2359746056368996,-1.3860160074925765,-1.5710824641000407,2.7379677586026046,-2.0705813933039002e-05,5.4878032636054895e-05,-1.3594724990357145e-05,1.9567460286658104e-05,5.722314456813001e-05,9.640286342345153e-05,-0.00030432728043872895,-8.035459273261221,-6.268850227898833,-0.9626956424768106,-6.473360658238062e-05,6.183104888571333e-07,28.0,28.0,14.0,6.0,6.0,6.0
0.32828808697918443,1.0,5.630703076991585e-06,5.37438633792462e-05,-0.3499460250264615,0.00013809226454893393,0.22382557675114534,-0.3499460250264615,0.00013809226454893393,0.22382557675114534,-0.3499412427003499,0.00013763657596920932,0.2238285138452912,-0.3270457426654261,-1.4199865500079554,1.2360029220581055,-1.3859971205340784,-1.5710986296283167,2.737913131713867,0.0,0.0,-0.0,0.0,0.0,0.0,-0.32708662506743075,-1.4199610645946508,1.235974559550318,-1.3860159415292543,-1.571082220929499,2.7379681606645607,-2.3368242210488103e-05,5.2229417824317236e-05,-1.1521645427647506e-05,1.649083051149427e-05,6.079263541132155e-05,0.00010051548905686773,-0.00030432728043872895,-8.035459273261221,-6.268850227898833,-0.9626956424768106,-6.473360658238062e-05,6.183104888571333e-07,28.0,28.0,14.0,6.0,6.0,6.0
0.33294233798910877,1.0,1.771550960180476e-05,4.0164697245346e-05,-0.3499460250264615,0.00013809226454893393,0.22382557675114534,-0.3499460250264615,0.00013809226454893393,0.22382557675114534,-0.3499368774698175,0.00015128932585973298,0.22383306000315603,-0.3270815054522913,-1.4200108687030237,1.2360148429870605,-1.3859971205340784,-1.5711105505572718,2.737913131713867,0.0,0.0,-0.0,0.0,0.0,0.0,-0.3270867122909905,-1.4199608470042366,1.2359745060519967,-1.3860158762891306,-1.5710819506223335,2.737968553251662,-2.180588994185531e-05,5.439760354780435e-05,-1.337458032741912e-05,1.6310030913213468e-05,6.757679136544536e-05,9.814677540858079e-05,-0.00012007114602725396,-8.034865064123172,-6.2687406832995265,-0.9626813003902019,-5.6772995513449275e-05,1.5683751458909135e-07,28.0,28.0,14.0,6.0,6.0,6.0
0.3369423379891088,1.0,1.771550960180476e-05,4.0164697245346e-05,-0.3499460250264615,0.00013809226454893393,0.22382557675114534,-0.3499460250264615,0.00013809226454893393,0.22382557675114534,-0.3499368774698175,0.00015128932585973298,0.22383306000315603,-0.3270815054522913,-1.4200108687030237,1.2360148429870605,-1.3859971205340784,-1.5711105505572718,2.737913131713867,0.0,0.0,-0.0,0.0,0.0,0.0,-0.32708679364010573,-1.4199606212614442,1.2359744455866402,-1.3860158117288135,-1.5710816548067417,2.7379689369324005,-2.033727880934049e-05,5.643569812788224e-05,-1.5116339133204436e-05,1.6140079290829512e-05,7.395389796232174e-05,9.592018457919106e-05,-0.00012007114602725396,-8.034865064123172,-6.2687406832995265,-0.9626813003902019,-5.6772995513449275e-05,1.5683751458909135e-07,28.0,28.0,14.0,6.0,6.0,6.0
0.3418886679983699,1.0,1.771550960180476e-05,4.0164697245346e-05,-0.3499460250264615,0.00013809226454893393,0.22382557675114534,-0.3499460250264615,0.00013809226454893393,0.22382557675114534,-0.3499368774698175,0.00015128932585973298,0.22383306000315603,-0.3270815054522913,-1.4200108687030237,1.2360148429870605,-1.3859971205340784,-1.5711105505572718,2.737913131713867,0.0,0.0,-0.0,0.0,0.0,0.0,-0.32708686946724314,-1.4199603878554161,1.2359743785722705,-1.3860157478075144,-1.571081335013229,2.7379693122411575,-1.8956784344776552e-05,5.835150703315546e-05,-1.6753592410642633e-05,1.5980324765788595e-05,7.994837816338555e-05,9.382718919956471e-05,-0.00012007114602725396,-8.034865064123172,-6.2687406832995265,-0.9626813003902019,-5.6772995513449275e-05,1.5683751458909135e-07,28.0,28.0,14.0,6.0,6.0,6.0
0.3458886679983699,1.0,1.5584385499266283e-05,4.284691508688666e-05,-0.3499460250264615,0.00013809226454893393,0.22382557675114534,-0.3499460250264615,0.00013809226454893393,0.22382557675114534,-0.3499467435711684,0.0001508528492601002,0.22383449438775618,-0.3270934263812464,-1.4199984709369105,1.2360029220581055,-1.3860209623919886,-1.5710743109332483,2.7379369735717773,0.0,0.0,-0.0,0.0,0.0,0.0,-0.32708692019377833,-1.4199601352878104,1.2359742843784236,-1.3860156485049266,-1.5710810344206707,2.737969658391204,-1.2681633804245753e-05,6.314190144193582e-05,-2.3548461757474165e-05,2.4825646940350493e-05,7.514813962212984e-05,8.653751156443689e-05,0.000163252658142905,-8.034977148494391,-6.268739939245861,-0.9626726425090966,-4.985829368218293e-05,-3.0466911997973714e-07,28.0,28.0,14.0,6.0,6.0,6.0
0.3505001759878361,1.0,1.5584385499266283e-05,4.284691508688666e-05,-0.3499460250264615,0.00013809226454893393,0.22382557675114534,-0.3499460250264615,0.00013809226454893393,0.22382557675114534,-0.3499467435711684,0.0001508528492601002,0.22383449438775618,-0.3270934263812464,-1.4199984709369105,1.2360029220581055,-1.3860209623919886,-1.5710743109332483,2.7379369735717773,0.0,0.0,-0.0,0.0,0.0,0.0,-0.3270869473257475,-1.4199598647083216,1.2359741646358677,-1.3860155159439276,-1.5710807518770091,2.737969977132062,-6.782992296146802e-06,6.764487218618935e-05,-2.9935638943495806e-05,3.3140249784438675e-05,7.063591539334946e-05,7.968521458741674e-05,0.000163252658142905,-8.034977148494391,-6.268739939245861,-0.9626726425090966,-4.985829368218293e-05,-3.0466911997973714e-07,28.0,28.0,14.0,6.0,6.0,6.0
0.3545001759878361,1.0,1.5584385499266283e-05,4.284691508688666e-05,-0.3499460250264615,0.00013809226454893393,0.22382557675114534,-0.3499460250264615,0.00013809226454893393,0.22382557675114534,-0.3499467435711684,0.0001508528492601002,0.22383449438775618,-0.3270934263812464,-1.4199984709369105,1.2360029220581055,-1.3860209623919886,-1.5710743109332483,2.7379369735717773,0.0,0.0,-0.0,0.0,0.0,0.0,-0.3270869522788246,-1.4199595771976627,1.2359740208775258,-1.3860153521200218,-1.5710804862993106,2.7379702701082835,-1.2382692785337877e-06,7.187766468578767e-05,-3.593958549835615e-05,4.095597645788157e-05,6.639442461829592e-05,7.32440554290178e-05,0.000163252658142905,-8.034977148494391,-6.268739939245861,-0.9626726425090966,-4.985829368218293e-05,-3.0466911997973714e-07,28.0,28.0,14.0,6.0,6.0,6.0
0.35953436597925625,1.0,2.443919635748679e-05,6.288841202405237e-05,-0.3499460250264615,0.00013809226454893393,0.22382557675114534,-0.3499460250264615,0.00013809226454893393,0.22382557675114534,-0.3499439263657407,0.0001525141465925942,0.2238451950910368,-0.3270934263812464,-1.4200227896319788,1.2359905242919922,-1.3860090414630335,-1.5710862318622034,2.737901210784912,0.0,0.0,-0.0,0.0,0.0,0.0,-0.32708694068806565,-1.4199592484390422,1.2359738425592104,-1.3860151437051937,-1.5710802229413399,2.737970575760568,2.897689741639843e-06,8.218965514348022e-05,-4.457957884713085e-05,5.2103707032206076e-05,6.583949266638173e-05,7.641307111364927e-05,-9.04752064105331e-05,-8.033946994013405,-6.268472555315324,-0.9626403310832411,-5.112325365701173e-05,1.566630666516995e-07,28.0,28.0,14.0,6.0,6.0,6.0
0.36353436597925626,1.0,2.443919635748679e-05,6.288841202405237e-05,-0.3499460250264615,0.00013809226454893393,0.22382557675114534,-0.3499460250264615,0.00013809226454893393,0.22382557675114534,-0.3499439263657407,0.0001525141465925942,0.2238451950910368,-0.3270934263812464,-1.4200227896319788,1.2359905242919922,-1.3860090414630335,-1.5710862318622034,2.737901210784912,0.0,0.0,-0.0,0.0,0.0,0.0,-0.32708691354610075,-1.4199588809073376,1.23597363175452,-1.3860148933748986,-1.5710799616699134,2.7379708933283515,6.785491220603056e-06,9.188292617371121e-05,-5.270117259497908e-05,6.25825737720711e-05,6.531785663158241e-05,7.939194585720286e-05,-9.04752064105331e-05,-8.033946994013405,-6.268472555315324,-0.9626403310832411,-5.112325365701173e-05,1.566630666516995e-07,28.0,28.0,14.0,6.0,6.0,6.0
0.36863504498102717,1.0,2.443919635748679e-05,6.288841202405237e-05,-0.3499460250264615,0.00013809226454893393,0.22382557675114534,-0.3499460250264615,0.00013809226454893393,0.22382557675114534,-0.3499439263657407,0.0001525141465925942,0.2238451950910368,-0.3270934263812464,-1.4200227896319788,1.2359905242919922,-1.3860090414630335,-1.5710862318622034,2.737901210784912,0.0,0.0,-0.0,0.0,0.0,0.0,-0.3270868717860023,-1.4199584769289337,1.235973390412637,-1.3860146036440646,-1.5710797023598384,2.737971222096704,1.0440024610828476e-05,0.00010099460094212835,-6.033547071795642e-05,7.243270850754423e-05,6.482751875887105e-05,8.219208811614324e-05,-9.04752064105331e-05,-8.033946994013405,-6.268472555315324,-0.9626403310832411,-5.112325365701173e-05,1.566630666516995e-07,28.0,28.0,14.0,6.0,6.0,6.0
0.3726350449810272,1.0,1.1332989025996827e-05,8.128277892472455e-05,-0.3499460250264615,0.00013809226454893393,0.22382557675114534,-0.3499460250264615,0.00013809226454893393,0.22382557675114534,-0.3499390678256856,0.0001341770380499741,0.22381753280938216,-0.3270457426654261,-1.4199746290790003,1.2360267639160156,-1.3859971205340784,-1.5710862318622034,2.737889051437378,0.0,0.0,-0.0,0.0,0.0,0.0,-0.32708684367502333,-1.4199581187798647,1.2359731835557475,-1.386014370901342,-1.5710794448743126,2.737971602941975,7.027744742090704e-06,8.953726727305234e-05,-5.171422241426932e-05,5.8185680664046895e-05,6.437138144519503e-05,9.521131775585935e-05,-6.079337489421511e-05,-8.03630104502168,-6.2691040965914855,-0.9627313822355777,-6.341843230280626e-05,9.291348648349536e-07,28.0,28.0,14.0,6.0,6.0,6.0
0.37726911198976465,1.0,1.1332989025996827e-05,8.128277892472455e-05,-0.3499460250264615,0.00013809226454893393,0.22382557675114534,-0.3499460250264615,0.00013809226454893393,0.22382557675114534,-0.3499390678256856,0.0001341770380499741,0.22381753280938216,-0.3270457426654261,-1.4199746290790003,1.2360267639160156,-1.3859971205340784,-1.5710862318622034,2.737889051437378,0.0,0.0,-0.0,0.0,0.0,0.0,-0.32708682839421666,-1.4199578037103702,1.2359730091147514,-1.386014191727444,-1.5710791891038631,2.7379720327395494,3.820201665477198e-06,7.87673736241209e-05,-4.361024900880345e-05,4.479347449115939e-05,6.39426123703396e-05,0.00010744939361719249,-6.079337489421511e-05,-8.03630104502168,-6.2691040965914855,-0.9627313822355777,-6.341843230280626e-05,9.291348648349536e-07,28.0,28.0,14.0,6.0,6.0,6.0
0.38126911198976465,1.0,1.0727785073021323e-05,2.919232938169982e-05,-0.3499460250264615,0.00013809226454893393,0.22382557675114534,-0.3499460250264615,0.00013809226454893393,0.22382557675114534,-0.3499448538076382,0.00014865653213967677,0.22382702929006462,-0.3270815054522913,-1.4199865500079554,1.2360148429870605,-1.3860209623919886,-1.5710862318622034,2.7379491329193115,0.0,0.0,-0.0,0.0,0.0,0.0,-0.3270868046215944,-1.4199574962615231,1.235972830302207,-1.3860140060248631,-1.571078934959735,2.737972418692199,5.943155564069344e-06,7.686221178227081e-05,-4.470313609969838e-05,4.6425645190033374e-05,6.353603203135035e-05,9.648816245390152e-05,0.00010980733983998081,-8.035584536805784,-6.268913584955275,-0.9626972837600606,-5.419522736316736e-05,-3.076607473874817e-07,28.0,28.0,14.0,6.0,6.0,6.0
0.38631161298742533,1.0,1.0727785073021323e-05,2.919232938169982e-05,-0.3499460250264615,0.00013809226454893393,0.22382557675114534,-0.3499460250264615,0.00013809226454893393,0.22382557675114534,-0.3499448538076382,0.00014865653213967677,0.22382702929006462,-0.3270815054522913,-1.4199865500079554,1.2360148429870605,-1.3860209623919886,-1.5710862318622034,2.7379491329193115,0.0,0.0,-0.0,0.0,0.0,0.0,-0.3270867728666655,-1.4199571959760846,1.2359726473804071,-1.3860138141853204,-1.571078682344349,2.7379727634306197,7.938732228745962e-06,7.507135965093173e-05,-4.5730449965139616e-05,4.795988564697492e-05,6.315384651270045e-05,8.6184605160408e-05,0.00010980733983998081,-8.035584536805784,-6.268913584955275,-0.9626972837600606,-5.419522736316736e-05,-3.076607473874817e-07,28.0,28.0,14.0,6.0,6.0,6.0
0.39031161298742534,1.0,1.0727785073021323e-05,2.919232938169982e-05,-0.3499460250264615,0.00013809226454893393,0.22382557675114534,-0.3499460250264615,0.00013809226454893393,0.22382557675114534,-0.3499448538076382,0.00014865653213967677,0.22382702929006462,-0.3270815054522913,-1.4199865500079554,1.2360148429870605,-1.3860209623919886,-1.5710862318622034,2.7379491329193115,0.0,0.0,-0.0,0.0,0.0,0.0,-0.3270867336083683,-1.41995690242425,1.235972460595907,-1.3860136165770338,-1.5710784311659804,2.7379730694276647,9.814574293541983e-06,7.338795864747299e-05,-4.669612499865438e-05,4.940207167649997e-05,6.279459212516956e-05,7.64992613045241e-05,0.00010980733983998081,-8.035584536805784,-6.268913584955275,-0.9626972837600606,-5.419522736316736e-05,-3.076607473874817e-07,28.0,28.0,14.0,6.0,6.0,6.0
0.39491599697037616,1.0,1.0727785073021323e-05,2.919232938169982e-05,-0.3499460250264615,0.00013809226454893393,0.22382557675114534,-0.3499460250264615,0.00013809226454893393,0.22382557675114534,-0.3499448538076382,0.00014865653213967677,0.22382702929006462,-0.3270815054522913,-1.4199865500079554,1.2360148429870605,-1.3860209623919886,-1.5710862318622034,2.7379491329193115,0.0,0.0,-0.0,0.0,0.0,0.0,-0.327086687296905,-1.4199566152020031,1.235972270180469,-1.3860134135461277,-1.5710781813384085,2.737973339007817,1.1577865834450243e-05,7.180556170422177e-05,-4.7603859530158255e-05,5.075772654425352e-05,6.24568930008905e-05,6.739503807999322e-05,0.00010980733983998081,-8.035584536805784,-6.268913584955275,-0.9626972837600606,-5.419522736316736e-05,-3.076607473874817e-07,28.0,28.0,14.0,6.0,6.0,6.0
0.39891599697037616,1.0,1.4978960225710601e-05,6.594582584819137e-05,-0.3499460250264615,0.00013809226454893393,0.22382557675114534,-0.3499460250264615,0.00013809226454893393,0.22382557675114534,-0.34994590317881047,0.00015124105464042617,0.22383275057311994,-0.32705766359438115,-1.4199746290790003,1.235978603363037,-1.3860090414630335,-1.571134392415182,2.7379369735717773,0.0,0.0,-0.0,0.0,0.0,0.0,-0.3270866654165056,-1.4199563423207597,1.2359720960827365,-1.3860132024790506,-1.5710778773067111,2.737973584769198,5.470099844605179e-06,6.822031082837257e-05,-4.352443310742797e-05,5.2766769267901674e-05,7.600792436410057e-05,6.144034522990531e-05,-0.0003970011042632092,-8.035482996284163,-6.26877985182335,-0.9626776189564836,-6.544753976273208e-05,1.56788116474251e-07,28.0,28.0,14.0,6.0,6.0,6.0
0.40401073998399095,1.0,1.4978960225710601e-05,6.594582584819137e-05,-0.3499460250264615,0.00013809226454893393,0.22382557675114534,-0.3499460250264615,0.00013809226454893393,0.22382557675114534,-0.34994590317881047,0.00015124105464042617,0.22383275057311994,-0.32705766359438115,-1.4199746290790003,1.235978603363037,-1.3860090414630335,-1.571134392415182,2.7379369735717773,0.0,0.0,-0.0,0.0,0.0,0.0,-0.32708666650130636,-1.4199560829200597,1.2359719373236475,-1.386012983857973,-1.5710775223231357,2.737973808140934,-2.712001858491812e-07,6.485017500507432e-05,-3.968977227006151e-05,5.465526942813094e-05,8.874589384551803e-05,5.5842933950822676e-05,-0.0003970011042632092,-8.035482996284163,-6.26877985182335,-0.9626776189564836,-6.544753976273208e-05,1.56788116474251e-07,28.0,28.0,14.0,6.0,6.0,6.0
0.40801073998399096,1.0,1.5747043217986556e-05,4.33790897373572e-05,-0.3499460250264615,0.00013809226454893393,0.22382557675114534,-0.3499460250264615,0.00013809226454893393,0.22382557675114534,-0.34994866663627816,0.00013064388916296854,0.22383919706581848,-0.327033821736471,-1.4199865500079554,1.235966682434082,-1.3859971205340784,-1.5710743109332483,2.7379491329193115,0.0,0.0,-0.0,0.0,0.0,0.0,-0.32708668123899065,-1.419955812558806,1.2359717773659111,-1.3860127524170645,-1.571077188628728,2.737974031858206,-3.684421067430679e-06,6.759031340731745e-05,-3.998943411897206e-05,5.786022709151749e-05,8.342360190099529e-05,5.5929318089555624e-05,-0.0004446054987217939,-8.034816338464275,-6.26860615254466,-0.9626597608266866,-6.52328357869669e-05,3.0748709841662837e-07,28.0,28.0,14.0,6.0,6.0,6.0
0.41307698799017833,1.0,1.5747043217986556e-05,4.33790897373572e-05,-0.3499460250264615,0.00013809226454893393,0.22382557675114534,-0.3499460250264615,0.00013809226454893393,0.22382557675114534,-0.34994866663627816,0.00013064388916296854,0.22383919706581848,-0.327033821736471,-1.4199865500079554,1.235966682434082,-1.3859971205340784,-1.5710743109332483,2.7379491329193115,0.0,0.0,-0.0,0.0,0.0,0.0,-0.32708670881038543,-1.419955531894632,1.235971616281446,-1.3860125089255153,-1.5710768749461381,2.737974255900283,-6.892848696117287e-06,7.0166043505426e-05,-4.027111625694797e-05,6.087288729510085e-05,7.84206474731439e-05,5.60105191799646e-05,-0.0004446054987217939,-8.034816338464275,-6.26860615254466,-0.9626597608266866,-6.52328357869669e-05,3.0748709841662837e-07,28.0,28.0,14.0,6.0,6.0,6.0
0.41707698799017834,1.0,1.5747043217986556e-05,4.33790897373572e-05,-0.3499460250264615,0.00013809226454893393,0.22382557675114534,-0.3499460250264615,0.00013809226454893393,0.22382557675114534,-0.34994866663627816,0.00013064388916296854,0.22383919706581848,-0.327033821736471,-1.4199865500079554,1.235966682434082,-1.3859971205340784,-1.5710743109332483,2.7379491329193115,0.0,0.0,-0.0,0.0,0.0,0.0,-0.3270867484454681,-1.4199552415457128,1.2359714541378561,-1.3860122541063638,-1.571076580074657,2.7379744802476758,-9.908770667082699e-06,7.258722979764805e-05,-4.0535897466645336e-05,6.37047878864692e-05,7.371787031096361e-05,5.608684820494903e-05,-0.0004446054987217939,-8.034816338464275,-6.26860615254466,-0.9626597608266866,-6.52328357869669e-05,3.0748709841662837e-07,28.0,28.0,14.0,6.0,6.0,6.0
0.4217181790054312,1.0,1.5747043217986556e-05,4.33790897373572e-05,-0.3499460250264615,0.00013809226454893393,0.22382557675114534,-0.3499460250264615,0.00013809226454893393,0.22382557675114534,-0.34994866663627816,0.00013064388916296854,0.22383919706581848,-0.327033821736471,-1.4199865500079554,1.235966682434082,-1.3859971205340784,-1.5710743109332483,2.7379491329193115,0.0,0.0,-0.0,0.0,0.0,0.0,-0.32708679942041735,-1.4199549420931332,1.2359712909986889,-1.386011988639266,-1.5710763028856178,2.7379747048820655,-1.2743737319790185e-05,7.486314491233676e-05,-4.078479180376086e-05,6.636677444235545e-05,6.929725977851413e-05,5.61585974884344e-05,-0.0004446054987217939,-8.034816338464275,-6.26860615254466,-0.9626597608266866,-6.52328357869669e-05,3.0748709841662837e-07,28.0,28.0,14.0,6.0,6.0,6.0
0.4257181790054312,1.0,9.24474341891386e-06,5.637677055747146e-05,-0.3499460250264615,0.00013809226454893393,0.22382557675114534,-0.3499460250264615,0.00013809226454893393,0.22382557675114534,-0.34993890903254826,0.00014363417921695027,0.22382354818186606,-0.32705766359438115,-1.4199746290790003,1.2360029220581055,-1.3859851996051233,-1.5711105505572718,2.737913131713867,0.0,0.0,-0.0,0.0,0.0,0.0,-0.3270868603905464,-1.4199546798746674,1.2359711658346157,-1.386011775483189,-1.5710760005924613,2.7379749444576125,-1.5242532264602977e-05,6.555461643074877e-05,-3.129101830089622e-05,5.328901921566917e-05,7.557328913577734e-05,5.9893886712856566e-05,-0.00010374187080850427,-8.036080630786154,-6.26896259127543,-0.9627097690507663,-6.291984401810066e-05,4.64593039366723e-07,28.0,28.0,14.0,6.0,6.0,6.0
0.43087703700084257,1.0,9.24474341891386e-06,5.637677055747146e-05,-0.3499460250264615,0.00013809226454893393,0.22382557675114534,-0.3499460250264615,0.00013809226454893393,0.22382557675114534,-0.34993890903254826,0.00014363417921695027,0.22382354818186606,-0.32705766359438115,-1.4199746290790003,1.2360029220581055,-1.3859851996051233,-1.5711105505572718,2.737913131713867,0.0,0.0,-0.0,0.0,0.0,0.0,-0.3270869307561445,-1.4199544526562689,1.235971076367131,-1.3860116114994718,-1.5710756747014345,2.7379751980778466,-1.7591399512727e-05,5.680459965805607e-05,-2.2366871208203468e-05,4.099592930258406e-05,8.147275673160476e-05,6.34050585838134e-05,-0.00010374187080850427,-8.036080630786154,-6.26896259127543,-0.9627097690507663,-6.291984401810066e-05,4.64593039366723e-07,28.0,28.0,14.0,6.0,6.0,6.0
0.43487703700084257,1.0,1.990616241454373e-05,0.00011170161702135704,-0.3499460250264615,0.00013809226454893393,0.22382557675114534,-0.3499460250264615,0.00013809226454893393,0.22382557675114534,-0.34995228989184257,0.0001301508325214333,0.22384272144190323,-0.3270214239703577,-1.4199984709369105,1.235978603363037,-1.3860333601581019,-1.5710862318622034,2.737901210784912,0.0,0.0,-0.0,0.0,0.0,0.0,-0.3270870220480782,-1.4199541880542963,1.2359709455264642,-1.3860113781564778,-1.5710753546215932,2.7379755082874255,-2.2822983429751475e-05,6.615049312312024e-05,-3.271016666402715e-05,5.8335748509529494e-05,8.001996031835655e-05,7.755239476116933e-05,-0.0008106464531001157,-8.034176077837897,-6.268550108913001,-0.962650281696501,-6.969683269227955e-05,1.0856229759856482e-06,28.0,28.0,14.0,6.0,6.0,6.0
0.439830489997985,1.0,1.990616241454373e-05,0.00011170161702135704,-0.3499460250264615,0.00013809226454893393,0.22382557675114534,-0.3499460250264615,0.00013809226454893393,0.22382557675114534,-0.34995228989184257,0.0001301508325214333,0.22384272144190323,-0.3270214239703577,-1.4199984709369105,1.235978603363037,-1.3860333601581019,-1.5710862318622034,2.737901210784912,0.0,0.0,-0.0,0.0,0.0,0.0,-0.3270871330107675,-1.4199538883117644,1.2359707757950067,-1.3860110796157636,-1.5710750400042663,2.7379758716909888,-2.774067231175448e-05,7.493563298028056e-05,-4.243286439250141e-05,7.46351785640582e-05,7.865433168990325e-05,9.08508907678839e-05,-0.0008106464531001157,-8.034176077837897,-6.268550108913001,-0.962650281696501,-6.969683269227955e-05,1.0856229759856482e-06,28.0,28.0,14.0,6.0,6.0,6.0
0.443830489997985,1.0,1.990616241454373e-05,0.00011170161702135704,-0.3499460250264615,0.00013809226454893393,0.22382557675114534,-0.3499460250264615,0.00013809226454893393,0.22382557675114534,-0.34995228989184257,0.0001301508325214333,0.22384272144190323,-0.3270214239703577,-1.4199984709369105,1.235978603363037,-1.3860333601581019,-1.5710862318622034,2.737901210784912,0.0,0.0,-0.0,0.0,0.0,0.0,-0.3270872624639669,-1.4199535555371066,1.2359705695062058,-1.3860107197891924,-1.5710747305217032,2.737976285096897,-3.236329986083731e-05,8.319366444601127e-05,-5.157220025726722e-05,8.995664281531518e-05,7.737064077915715e-05,0.00010335147701419562,-0.0008106464531001157,-8.034176077837897,-6.268550108913001,-0.962650281696501,-6.969683269227955e-05,1.0856229759856482e-06,28.0,28.0,14.0,6.0,6.0,6.0
0.4486557139919607,1.0,1.3437669934358126e-05,3.814252533402505e-05,-0.3499460250264615,0.00013809226454893393,0.22382557675114534,-0.3499460250264615,0.00013809226454893393,0.22382557675114534,-0.34994485514006585,0.0001498236056882462,0.2238191286526536,-0.32706958452333623,-1.4199627081500452,1.2360148429870605,-1.3860209623919886,-1.5711105505572718,2.7379369735717773,0.0,0.0,-0.0,0.0,0.0,0.0,-0.32708739034807527,-1.419953262265726,1.2359703864093252,-1.3860103865609745,-1.571074397877568,2.7379766677747672,-3.197102708467352e-05,7.331784510857286e-05,-4.577422012216965e-05,8.330705448335128e-05,8.316103378394703e-05,9.566946758748209e-05,3.993175191097634e-05,-8.03646458395421,-6.269106166015521,-0.9627212500224405,-5.984516840723951e-05,3.121773727519481e-09,28.0,28.0,14.0,6.0,6.0,6.0
0.4526557139919607,1.0,1.3437669934358126e-05,3.814252533402505e-05,-0.3499460250264615,0.00013809226454893393,0.22382557675114534,-0.3499460250264615,0.00013809226454893393,0.22382557675114534,-0.34994485514006585,0.0001498236056882462,0.2238191286526536,-0.32706958452333623,-1.4199627081500452,1.2360148429870605,-1.3860209623919886,-1.5711105505572718,2.7379369735717773,0.0,0.0,-0.0,0.0,0.0,0.0,-0.32708751675723796,-1.4199530061274264,1.23597022511285,-1.3860100783352087,-1.5710740434615553,2.737977021568282,-3.160229067507957e-05,6.403457493138075e-05,-4.0324118795177934e-05,7.705644145130521e-05,8.860400320844952e-05,8.844837872637137e-05,3.993175191097634e-05,-8.03646458395421,-6.269106166015521,-0.9627212500224405,-5.984516840723951e-05,3.121773727519481e-09,28.0,28.0,14.0,6.0,6.0,6.0
0.4574939980097117,1.0,1.3437669934358126e-05,3.814252533402505e-05,-0.3499460250264615,0.00013809226454893393,0.22382557675114534,-0.3499460250264615,0.00013809226454893393,0.22382557675114534,-0.34994485514006585,0.0001498236056882462,0.2238191286526536,-0.32706958452333623,-1.4199627081500452,1.2360148429870605,-1.3860209623919886,-1.5711105505572718,2.7379369735717773,0.0,0.0,-0.0,0.0,0.0,0.0,-0.32708764177995175,-1.4199527848942226,1.2359700843087558,-1.386009793611748,-1.5710736685799775,2.737977348210503,-3.1255678450061246e-05,5.5308300964820163e-05,-3.5201023547805725e-05,7.118086520118192e-05,9.372039446748185e-05,8.166055519692729e-05,3.993175191097634e-05,-8.03646458395421,-6.269106166015521,-0.9627212500224405,-5.984516840723951e-05,3.121773727519481e-09,28.0,28.0,14.0,6.0,6.0,6.0
0.4614939980097117,1.0,1.766584140161503e-05,3.988981569621422e-05,-0.3499460250264615,0.00013809226454893393,0.22382557675114534,-0.3499460250264615,0.00013809226454893393,0.22382557675114534,-0.34994514442928965,0.00014875513053466775,0.22383963412607874,-0.3270815054522913,-1.4199984709369105,1.235978603363037,-1.3859971205340784,-1.5710862318622034,2.7379369735717773,0.0,0.0,-0.0,0.0,0.0,0.0,-0.3270877499004199,-1.4199525455905508,1.2359699367566064,-1.3860095003889725,-1.571073302471031,2.7379776511970717,-2.7030117029481274e-05,5.982591794296215e-05,-3.688803736213662e-05,7.330569382548234e-05,9.152723664857523e-05,7.574664222348026e-05,-3.619071584307814e-05,-8.034751510385554,-6.268600384089513,-0.9626563043755806,-5.4195798453674765e-05,-1.5086507797199205e-07,28.0,28.0,14.0,6.0,6.0,6.0
0.46654243601416256,1.0,1.766584140161503e-05,3.988981569621422e-05,-0.3499460250264615,0.00013809226454893393,0.22382557675114534,-0.3499460250264615,0.00013809226454893393,0.22382557675114534,-0.34994514442928965,0.00014875513053466775,0.22383963412607874,-0.3270815054522913,-1.4199984709369105,1.235978603363037,-1.3859971205340784,-1.5710862318622034,2.7379369735717773,0.0,0.0,-0.0,0.0,0.0,0.0,-0.3270878421327771,-1.4199522893006393,1.235969782861285,-1.3860091991768415,-1.5710729446083578,2.7379779319473276,-2.30580892941361e-05,6.407247790241562e-05,-3.8473830347607664e-05,7.530303273232474e-05,8.9465668298803e-05,7.018756402844005e-05,-3.619071584307814e-05,-8.034751510385554,-6.268600384089513,-0.9626563043755806,-5.4195798453674765e-05,-1.5086507797199205e-07,28.0,28.0,14.0,6.0,6.0,6.0
0.47054243601416257,1.0,2.0048799544217958e-05,6.289961416392598e-05,-0.3499460250264615,0.00013809226454893393,0.22382557675114534,-0.3499460250264615,0.00013809226454893393,0.22382557675114534,-0.34994867876950564,0.00014889230410298885,0.2238422582126116,-0.3270934263812464,-1.4200108687030237,1.2359905242919922,-1.3860209623919886,-1.5710623900042933,2.737901210784912,0.0,0.0,-0.0,0.0,0.0,0.0,-0.327087903991397,-1.4199519925678268,1.2359695901072214,-1.3860088540271172,-1.5710726219607904,2.7379782346995163,-1.546465496953589e-05,7.41832031155077e-05,-4.8188515885458335e-05,8.628743111566924e-05,8.06618918265728e-05,7.568804718226708e-05,8.18833481436581e-05,-8.034293670802304,-6.268556347632799,-0.9626480915747807,-4.859672328822954e-05,1.5667237957419444e-07,28.0,28.0,14.0,6.0,6.0,6.0
0.4751990620130675,1.0,2.0048799544217958e-05,6.289961416392598e-05,-0.3499460250264615,0.00013809226454893393,0.22382557675114534,-0.3499460250264615,0.00013809226454893393,0.22382557675114534,-0.34994867876950564,0.00014889230410298885,0.2238422582126116,-0.3270934263812464,-1.4200108687030237,1.2359905242919922,-1.3860209623919886,-1.5710623900042933,2.737901210784912,0.0,0.0,-0.0,0.0,0.0,0.0,-0.3270879372987038,-1.4199516578186875,1.2359693608259403,-1.3860084675760547,-1.5710723324154228,2.7379785581335216,-8.326826704411688e-06,8.368728481581424e-05,-5.732032029103797e-05,9.661276559601308e-05,7.238634194267641e-05,8.085850134686449e-05,8.18833481436581e-05,-8.034293670802304,-6.268556347632799,-0.9626480915747807,-4.859672328822954e-05,1.5667237957419444e-07,28.0,28.0,14.0,6.0,6.0,6.0
0.4791990620130675,1.0,2.0048799544217958e-05,6.289961416392598e-05,-0.3499460250264615,0.00013809226454893393,0.22382557675114534,-0.3499460250264615,0.00013809226454893393,0.22382557675114534,-0.34994867876950564,0.00014889230410298885,0.2238422582126116,-0.3270934263812464,-1.4200108687030237,1.2359905242919922,-1.3860209623919886,-1.5710623900042933,2.737901210784912,0.0,0.0,-0.0,0.0,0.0,0.0,-0.32708794376777633,-1.419951287334201,1.2359690972090747,-1.3860080423017347,-1.5710720739861226,2.7379789010084346,-1.6172681351949411e-06,9.26211216141024e-05,-6.590421643228282e-05,0.00010631858000753628,6.460732505181381e-05,8.571872826158604e-05,8.18833481436581e-05,-8.034293670802304,-6.268556347632799,-0.9626480915747807,-4.859672328822954e-05,1.5667237957419444e-07,28.0,28.0,14.0,6.0,6.0,6.0
0.4842475000175184,1.0,2.0048799544217958e-05,6.289961416392598e-05,-0.3499460250264615,0.00013809226454893393,0.22382557675114534,-0.3499460250264615,0.00013809226454893393,0.22382557675114534,-0.34994867876950564,0.00014889230410298885,0.2238422582126116,-0.3270934263812464,-1.4200108687030237,1.2359905242919922,-1.3860209623919886,-1.5710623900042933,2.737901210784912,0.0,0.0,-0.0,0.0,0.0,0.0,-0.32708792500890865,-1.4199508832584882,1.2359688013167593,-1.3860075805335526,-1.571071844805926,2.737979262157801,4.689716919868802e-06,0.00010101892820449326,-7.397307880505298e-05,0.0001154420455543681,5.729504917440296e-05,9.028734156142431e-05,8.18833481436581e-05,-8.034293670802304,-6.268556347632799,-0.9626480915747807,-4.859672328822954e-05,1.5667237957419444e-07,28.0,28.0,14.0,6.0,6.0,6.0
0.4882475000175184,1.0,1.427307376584892e-05,5.244803599868974e-05,-0.3499460250264615,0.00013809226454893393,0.22382557675114534,-0.3499460250264615,0.00013809226454893393,0.22382557675114534,-0.34994674026230227,0.00013571781312750453,0.22383963274818805,-0.32705766359438115,-1.4199984709369105,1.235978603363037,-1.3859971205340784,-1.5710623900042933,2.737913131713867,0.0,0.0,-0.0,0.0,0.0,0.0,-0.3270879030919956,-1.4199504680061543,1.2359685032038357,-1.3860071201845854,-1.571071643105458,2.7379796473949174,5.479228267278848e-06,0.00010381308347472571,-7.452823092536248e-05,0.00011508724179546632,5.042511697789037e-05,9.630927907813304e-05,-0.00017324166539136294,-8.034643749729792,-6.268593072467978,-0.9626583675267316,-5.7820166777471863e-05,4.643747605643746e-07,28.0,28.0,14.0,6.0,6.0,6.0
0.4934039840134794,1.0,1.427307376584892e-05,5.244803599868974e-05,-0.3499460250264615,0.00013809226454893393,0.22382557675114534,-0.3499460250264615,0.00013809226454893393,0.22382557675114534,-0.34994674026230227,0.00013571781312750453,0.22383963274818805,-0.32705766359438115,-1.4199984709369105,1.235978603363037,-1.3859971205340784,-1.5710623900042933,2.737913131713867,0.0,0.0,-0.0,0.0,0.0,0.0,-0.32708787820651986,-1.4199500422477966,1.23596820300354,-1.3860066611696804,-1.5710714672359352,2.7379800552745186,6.22136893384429e-06,0.00010643958942874422,-7.505007391845341e-05,0.00011475372626209864,4.396738071316854e-05,0.00010196990034383925,-0.00017324166539136294,-8.034643749729792,-6.268593072467978,-0.9626583675267316,-5.7820166777471863e-05,4.643747605643746e-07,28.0,28.0,14.0,6.0,6.0,6.0
0.4974039840134794,1.0,2.9195113687944845e-05,8.452333219495635e-05,-0.3499460250264615,0.00013809226454893393,0.22382557675114534,-0.3499460250264615,0.00013809226454893393,0.22382557675114534,-0.3499383334602451,0.00014761110023754861,0.2238520830945281,-0.32706958452333623,-1.420046631489889,1.2359905242919922,-1.3859971205340784,-1.5711105505572718,2.737913131713867,0.0,0.0,-0.0,0.0,0.0,0.0,-0.3270878610458237,-1.4199495676809644,1.2359678723403333,-1.3860061721184682,-1.5710712601863699,2.7379804601916784,4.290174031312633e-06,0.00011864170808257729,-8.266580163401004e-05,0.00012226280303771742,5.176239130112788e-05,0.00010122928997411184,-0.0006148295605927915,-8.03303956601945,-6.26828597890182,-0.9626231781464774,-5.98516844174795e-05,3.104165086038981e-07,28.0,28.0,14.0,6.0,6.0,6.0
0.501920507024741,1.0,2.9195113687944845e-05,8.452333219495635e-05,-0.3499460250264615,0.00013809226454893393,0.22382557675114534,-0.3499460250264615,0.00013809226454893393,0.22382557675114534,-0.3499383334602451,0.00014761110023754861,0.2238520830945281,-0.32706958452333623,-1.420046631489889,1.2359905242919922,-1.3859971205340784,-1.5711105505572718,2.737913131713867,0.0,0.0,-0.0,0.0,0.0,0.0,-0.3270878511464204,-1.4199490472341658,1.2359675130419905,-1.3860056548331274,-1.571071023827565,2.7379808623241435,2.474850822932874e-06,0.00013011169961718038,-8.982458568663325e-05,0.00012932133520679906,5.908970125380967e-05,0.00010053311622656808,-0.0006148295605927915,-8.03303956601945,-6.26828597890182,-0.9626231781464774,-5.98516844174795e-05,3.104165086038981e-07,28.0,28.0,14.0,6.0,6.0,6.0
0.505920507024741,1.0,2.9195113687944845e-05,8.452333219495635e-05,-0.3499460250264615,0.00013809226454893393,0.22382557675114534,-0.3499460250264615,0.00013809226454893393,0.22382557675114534,-0.3499383334602451,0.00014761110023754861,0.2238520830945281,-0.32706958452333623,-1.420046631489889,1.2359905242919922,-1.3859971205340784,-1.5711105505572718,2.737913131713867,0.0,0.0,-0.0,0.0,0.0,0.0,-0.3270878480726324,-1.4199484836601992,1.2359671268266197,-1.3860051110077056,-1.5710707599180744,2.737981261838995,7.684470070559011e-07,0.00014089349165970729,-9.655384269609908e-05,0.00013595635544573582,6.597737260933055e-05,9.987871290387694e-05,-0.0006148295605927915,-8.03303956601945,-6.26828597890182,-0.9626231781464774,-5.98516844174795e-05,3.104165086038981e-07,28.0,28.0,14.0,6.0,6.0,6.0
0.5109392620325091,1.0,2.9195113687944845e-05,8.452333219495635e-05,-0.3499460250264615,0.00013809226454893393,0.22382557675114534,-0.3499460250264615,0.00013809226454893393,0.22382557675114534,-0.3499383334602451,0.00014761110023754861,0.2238520830945281,-0.32706958452333623,-1.420046631489889,1.2359905242919922,-1.3859971205340784,-1.5711105505572718,2.737913131713867,0.0,0.0,-0.0,0.0,0.0,0.0,-0.32708785141492275,-1.4199478795466944,1.2359667153092426,-1.3860045422346077,-1.5710704701109397,2.73798165889329,-8.355725798684534e-07,0.00015102837617968256,-0.00010287934428499696,0.00014219327447033636,7.245178368352018e-05,9.926357378054727e-05,-0.0006148295605927915,-8.03303956601945,-6.26828597890182,-0.9626231781464774,-5.98516844174795e-05,3.104165086038981e-07,28.0,28.0,14.0,6.0,6.0,6.0
0.5149392620325091,1.0,6.984249332115993e-06,5.8990853502700586e-05,-0.3499460250264615,0.00013809226454893393,0.22382557675114534,-0.3499460250264615,0.00013809226454893393,0.22382557675114534,-0.3499514549040836,0.00013692852603521167,0.22382981253683562,-0.327033821736471,-1.4199627081500452,1.235978603363037,-1.3860209623919886,-1.5710986296283167,2.7379250526428223,0.0,0.0,-0.0,0.0,0.0,0.0,-0.327087877028569,-1.419947309448449,1.235966326110333,-1.3860039794351275,-1.5710701696762714,2.7379820648590707,-6.403411566861309e-06,0.00014252456139010313,-9.729972740202736e-05,0.00014069987001141392,7.510866705306232e-05,0.00010149144512575922,-0.0004222470944880862,-8.03572582110821,-6.2688570565102415,-0.9626874424857521,-6.780827352884282e-05,6.182193960156933e-07,28.0,28.0,14.0,6.0,6.0,6.0
0.5195899510246238,1.0,6.984249332115993e-06,5.8990853502700586e-05,-0.3499460250264615,0.00013809226454893393,0.22382557675114534,-0.3499460250264615,0.00013809226454893393,0.22382557675114534,-0.3499514549040836,0.00013692852603521167,0.22382981253683562,-0.327033821736471,-1.4199627081500452,1.235978603363037,-1.3860209623919886,-1.5710986296283167,2.7379250526428223,0.0,0.0,-0.0,0.0,0.0,0.0,-0.3270879235772899,-1.419946771324547,1.235965957890783,-1.3860034222508482,-1.5710698592517218,2.7379824792016474,-1.1637180214634594e-05,0.00013453097548789847,-9.205488753203594e-05,0.00013929606982002684,7.760613742043193e-05,0.00010358564419025845,-0.0004222470944880862,-8.03572582110821,-6.2688570565102415,-0.9626874424857521,-6.780827352884282e-05,6.182193960156933e-07,28.0,28.0,14.0,6.0,6.0,6.0
0.5235899510246238,1.0,2.412593461455555e-05,7.222729791261794e-05,-0.3499460250264615,0.00013809226454893393,0.22382557675114534,-0.3499460250264615,0.00013809226454893393,0.22382557675114534,-0.34993636603693473,0.00014956074318909593,0.22384447750880285,-0.32706958452333623,-1.4200347105609339,1.2360029220581055,-1.3859971205340784,-1.5711224714862269,2.737913131713867,0.0,0.0,-0.0,0.0,0.0,0.0,-0.3270879778531518,-1.4199462132554712,1.2359655797653237,-1.3860028632823107,-1.571069511991704,2.737982885905418,-1.3568965474655564e-05,0.00013951726896061617,-9.453136478135448e-05,0.0001397421343623675,8.681500447513133e-05,0.00010167594261095918,-0.000537584176486884,-8.033704615386375,-6.2684657086110365,-0.9626472728745983,-6.11134682441701e-05,3.1050571514583754e-07,28.0,28.0,14.0,6.0,6.0,6.0
0.5286514490237462,1.0,2.412593461455555e-05,7.222729791261794e-05,-0.3499460250264615,0.00013809226454893393,0.22382557675114534,-0.3499460250264615,0.00013809226454893393,0.22382557675114534,-0.34993636603693473,0.00014956074318909593,0.22384447750880285,-0.32706958452333623,-1.4200347105609339,1.2360029220581055,-1.3859971205340784,-1.5711224714862269,2.737913131713867,0.0,0.0,-0.0,0.0,0.0,0.0,-0.3270880393925263,-1.419945636437932,1.2359651923283101,-1.3860023026365706,-1.571069130106346,2.7379832854287107,-1.5384843619075273e-05,0.00014420438482497084,-9.68592533957139e-05,0.0001401614350321677,9.547133950654876e-05,9.988082312641787e-05,-0.000537584176486884,-8.033704615386375,-6.2684657086110365,-0.9626472728745983,-6.11134682441701e-05,3.1050571514583754e-07,28.0,28.0,14.0,6.0,6.0,6.0
0.5326514490237462,1.0,2.412593461455555e-05,7.222729791261794e-05,-0.3499460250264615,0.00013809226454893393,0.22382557675114534,-0.3499460250264615,0.00013809226454893393,0.22382557675114534,-0.34993636603693473,0.00014956074318909593,0.22384447750880285,-0.32706958452333623,-1.4200347105609339,1.2360029220581055,-1.3859971205340784,-1.5711224714862269,2.737913131713867,0.0,0.0,-0.0,0.0,0.0,0.0,-0.32708810775960256,-1.419945041996837,1.2359647961384355,-1.38600174041426,-1.5710687156731682,2.737983678202354,-1.70917690748298e-05,0.00014861027373746423,-9.904746869321177e-05,0.0001405555776617799,0.00010360829443608116,9.819341081094903e-05,-0.000537584176486884,-8.033704615386375,-6.2684657086110365,-0.9626472728745983,-6.11134682441701e-05,3.1050571514583754e-07,28.0,28.0,14.0,6.0,6.0,6.0
0.5369091390105898,1.0,2.412593461455555e-05,7.222729791261794e-05,-0.3499460250264615,0.00013809226454893393,0.22382557675114534,-0.3499460250264615,0.00013809226454893393,0.22382557675114534,-0.34993636603693473,0.00014956074318909593,0.22384447750880285,-0.32706958452333623,-1.4200347105609339,1.2360029220581055,-1.3859971205340784,-1.5711224714862269,2.737913131713867,0.0,0.0,-0.0,0.0,0.0,0.0,-0.32708818254471855,-1.4199444309895997,1.2359643917208711,-1.386001176709973,-1.5710682706450398,2.737984064631327,-1.8696279003239056e-05,0.000152751809315208,-0.00010110439107285975,0.00014092607173361537,0.00011125703206984161,9.660724323440833e-05,-0.000537584176486884,-8.033704615386375,-6.2684657086110365,-0.9626472728745983,-6.11134682441701e-05,3.1050571514583754e-07,28.0,28.0,14.0,6.0,6.0,6.0
0.5409091390105898,1.0,1.1487143018673309e-05,6.456293986189291e-05,-0.3499460250264615,0.00013809226454893393,0.22382557675114534,-0.3499460250264615,0.00013809226454893393,0.22382557675114534,-0.34993780106033634,0.0001322969505172276,0.22382003282012325,-0.327033821736471,-1.4199746290790003,1.2360148429870605,-1.3859851996051233,-1.5710986296283167,2.7379250526428223,0.0,0.0,-0.0,0.0,0.0,0.0,-0.32708827530742096,-1.4199438803959608,1.235964040964757,-1.386000693662358,-1.5710678243028686,2.737984460615667,-2.319067559856975e-05,0.00013764840973917996,-8.768902855690179e-05,0.0001207619037434301,0.00011158554283086868,9.899608495249876e-05,-0.00025647077084442536,-8.036169231397576,-6.269034851690093,-0.9627239756164689,-6.780702813438815e-05,6.184443062392469e-07,28.0,28.0,14.0,6.0,6.0,6.0
0.5452451920213646,1.0,1.1487143018673309e-05,6.456293986189291e-05,-0.3499460250264615,0.00013809226454893393,0.22382557675114534,-0.3499460250264615,0.00013809226454893393,0.22382557675114534,-0.34993780106033634,0.0001322969505172276,0.22382003282012325,-0.327033821736471,-1.4199746290790003,1.2360148429870605,-1.3859851996051233,-1.5710986296283167,2.7379250526428223,0.0,0.0,-0.0,0.0,0.0,0.0,-0.32708838496905457,-1.4199433865911042,1.2359637406504058,-1.3860002864320147,-1.5710673767254968,2.737984865582052,-2.7415408398180604e-05,0.0001234512141377136,-7.507858779190131e-05,0.00010180758583265594,0.00011189434294623412,0.00010124159616750377,-0.00025647077084442536,-8.036169231397576,-6.269034851690093,-0.9627239756164689,-6.780702813438815e-05,6.184443062392469e-07,28.0,28.0,14.0,6.0,6.0,6.0
0.5492451920213646,1.0,7.950833604573404e-06,6.008196238489507e-05,-0.3499460250264615,0.00013809226454893393,0.22382557675114534,-0.3499460250264615,0.00013809226454893393,0.22382557675114534,-0.3499440449824058,0.00014537650206700205,0.223823079740067,-0.32705766359438115,-1.4199746290790003,1.2360148429870605,-1.3860209623919886,-1.5711105505572718,2.737901210784912,0.0,0.0,-0.0,0.0,0.0,0.0,-0.32708850110789667,-1.4199429286702505,1.2359634588474244,-1.3859998978749757,-1.5710669142672617,2.73798528839985,-2.9034710527006982e-05,0.00011448021341882293,-7.045074535899069e-05,9.713925976573264e-05,0.00011561455876719421,0.00010570444949751732,-0.00018119925803777585,-8.035953622169565,-6.26900627166812,-0.9627108231057513,-6.292147583613329e-05,6.183105463315733e-07,28.0,28.0,14.0,6.0,6.0,6.0
0.5539172530330254,1.0,7.950833604573404e-06,6.008196238489507e-05,-0.3499460250264615,0.00013809226454893393,0.22382557675114534,-0.3499460250264615,0.00013809226454893393,0.22382557675114534,-0.3499440449824058,0.00014537650206700205,0.223823079740067,-0.32705766359438115,-1.4199746290790003,1.2360148429870605,-1.3860209623919886,-1.5711105505572718,2.737901210784912,0.0,0.0,-0.0,0.0,0.0,0.0,-0.3270886233353148,-1.4199425044803595,1.2359631944451306,-1.3859995268708427,-1.5710664378210153,2.7379857279979762,-3.055685452810378e-05,0.0001060474727430657,-6.610057347205471e-05,9.275103326282474e-05,0.0001191115616388967,0.00010989953162773006,-0.00018119925803777585,-8.035953622169565,-6.26900627166812,-0.9627108231057513,-6.292147583613329e-05,6.183105463315733e-07,28.0,28.0,14.0,6.0,6.0,6.0
0.5579172530330254,1.0,7.950833604573404e-06,6.008196238489507e-05,-0.3499460250264615,0.00013809226454893393,0.22382557675114534,-0.3499460250264615,0.00013809226454893393,0.22382557675114534,-0.3499440449824058,0.00014537650206700205,0.223823079740067,-0.32705766359438115,-1.4199746290790003,1.2360148429870605,-1.3860209623919886,-1.5711105505572718,2.737901210784912,0.0,0.0,-0.0,0.0,0.0,0.0,-0.32708875128599435,-1.4199421119975735,1.235962946399483,-1.3859991723664413,-1.5710659482260378,2.7379861833696117,-3.198766988913477e-05,9.812069650785392e-05,-6.201141189833488e-05,8.862610035009132e-05,0.00012239874433829704,0.00011384290883013005,-0.00018119925803777585,-8.035953622169565,-6.26900627166812,-0.9627108231057513,-6.292147583613329e-05,6.183105463315733e-07,28.0,28.0,14.0,6.0,6.0,6.0
0.5630511770492888,1.0,7.950833604573404e-06,6.008196238489507e-05,-0.3499460250264615,0.00013809226454893393,0.22382557675114534,-0.3499460250264615,0.00013809226454893393,0.22382557675114534,-0.3499440449824058,0.00014537650206700205,0.223823079740067,-0.32705766359438115,-1.4199746290790003,1.2360148429870605,-1.3860209623919886,-1.5711105505572718,2.737901210784912,0.0,0.0,-0.0,0.0,0.0,0.0,-0.3270888846165397,-1.4199417493194662,1.235962713729083,-1.3859988333717876,-1.5710654462712534,2.7379866535683455,-3.33326363285039e-05,9.066952684675483e-05,-5.8167600019038246e-05,8.474866341212189e-05,0.00012548869607573336,0.00011754968340038603,-0.00018119925803777585,-8.035953622169565,-6.26900627166812,-0.9627108231057513,-6.292147583613329e-05,6.183105463315733e-07,28.0,28.0,14.0,6.0,6.0,6.0
0.5670511770492888,1.0,1.7818046746324267e-05,6.482501121744111e-05,-0.3499460250264615,0.00013809226454893393,0.22382557675114534,-0.3499460250264615,0.00013809226454893393,0.22382557675114534,-0.34993563170352243,0.00013417814150008627,0.2238395102097575,-0.327033821736471,-1.4200227896319788,1.2360029220581055,-1.3859851996051233,-1.5711105505572718,2.7379250526428223,0.0,0.0,-0.0,0.0,0.0,0.0,-0.32708903672840395,-1.419941373976996,1.235962481456887,-1.3859985075853056,-1.5710649326880721,2.737987123980803,-3.8027966072851965e-05,9.383561755898714e-05,-5.80680489787725e-05,8.144662051088864e-05,0.00012839579533937802,0.00011760311436733336,-0.0007317331937053761,-8.034118288844775,-6.268564927345769,-0.962665531779655,-6.907459956164755e-05,6.182175251510916e-07,28.0,28.0,14.0,6.0,6.0,6.0
0.5720093800534962,1.0,1.7818046746324267e-05,6.482501121744111e-05,-0.3499460250264615,0.00013809226454893393,0.22382557675114534,-0.3499460250264615,0.00013809226454893393,0.22382557675114534,-0.34993563170352243,0.00013417814150008627,0.2238395102097575,-0.327033821736471,-1.4200227896319788,1.2360029220581055,-1.3859851996051233,-1.5711105505572718,2.7379250526428223,0.0,0.0,-0.0,0.0,0.0,0.0,-0.3270892064947081,-1.4199409867300246,1.235962249559003,-1.385998194214505,-1.5710644081741976,2.737987594594161,-4.244157603253915e-05,9.681174282848551e-05,-5.79744710009227e-05,7.834270018372939e-05,0.000131128468647204,0.00011765333947626385,-0.0007317331937053761,-8.034118288844775,-6.268564927345769,-0.962665531779655,-6.907459956164755e-05,6.182175251510916e-07,28.0,28.0,14.0,6.0,6.0,6.0
0.5760093800534962,1.0,8.842863803194976e-06,2.6757540119254357e-05,-0.3499460250264615,0.00013809226454893393,0.22382557675114534,-0.3499460250264615,0.00013809226454893393,0.22382557675114534,-0.34994439933412397,0.00014171299065309488,0.22383347888422092,-0.32706958452333623,-1.4199984709369105,1.2360029220581055,-1.3860090414630335,-1.5710743109332483,2.7379250526428223,0.0,0.0,-0.0,0.0,0.0,0.0,-0.3270893592300456,-1.419940596096807,1.2359620108511802,-1.3859978780899536,-1.571063915135492,2.7379880578232734,-3.818383437957478e-05,9.76583043878419e-05,-5.967695573411736e-05,7.903113784957373e-05,0.0001232596763830848,0.00011580727805305642,-5.441595044370073e-05,-8.034983705181531,-6.268745827746392,-0.9626784078923236,-5.600808993251756e-05,1.5679930850063062e-07,28.0,28.0,14.0,6.0,6.0,6.0
0.5806256380500274,1.0,8.842863803194976e-06,2.6757540119254357e-05,-0.3499460250264615,0.00013809226454893393,0.22382557675114534,-0.3499460250264615,0.00013809226454893393,0.22382557675114534,-0.34994439933412397,0.00014171299065309488,0.22383347888422092,-0.32706958452333623,-1.4199984709369105,1.2360029220581055,-1.3860090414630335,-1.5710743109332483,2.7379250526428223,0.0,0.0,-0.0,0.0,0.0,0.0,-0.3270894959562745,-1.419940202280518,1.2359617657420146,-1.3859975593768765,-1.5710634516834454,2.7379885141111946,-3.4181557225788274e-05,9.84540722536369e-05,-6.127729138332033e-05,7.96782692554674e-05,0.00011586301165481275,0.00011407198031524144,-5.441595044370073e-05,-8.034983705181531,-6.268745827746392,-0.9626784078923236,-5.600808993251756e-05,1.5679930850063062e-07,28.0,28.0,14.0,6.0,6.0,6.0
0.5846256380500274,1.0,8.842863803194976e-06,2.6757540119254357e-05,-0.3499460250264615,0.00013809226454893393,0.22382557675114534,-0.3499460250264615,0.00013809226454893393,0.22382557675114534,-0.34994439933412397,0.00014171299065309488,0.22383347888422092,-0.32706958452333623,-1.4199984709369105,1.2360029220581055,-1.3860090414630335,-1.5710743109332483,2.7379250526428223,0.0,0.0,-0.0,0.0,0.0,0.0,-0.32708961763394134,-1.419939805472142,1.235961514615587,-1.3859972382305854,-1.5710630160428583,2.7379889638743964,-3.041941670122896e-05,9.920209404748421e-05,-6.278160689357113e-05,8.028657277700746e-05,0.00010891014681023702,0.00011244080044169536,-5.441595044370073e-05,-8.034983705181531,-6.268745827746392,-0.9626784078923236,-5.600808993251756e-05,1.5679930850063062e-07,28.0,28.0,14.0,6.0,6.0,6.0
0.5897346280580389,1.0,2.212464452179585e-05,6.520786618244966e-05,-0.3499460250264615,0.00013809226454893393,0.22382557675114534,-0.3499460250264615,0.00013809226454893393,0.22382557675114534,-0.34994031528200215,0.0001414941477124427,0.22384667949751558,-0.32705766359438115,-1.4200227896319788,1.235978603363037,-1.3859851996051233,-1.5710986296283167,2.737913131713867,0.0,0.0,-0.0,0.0,0.0,0.0,-0.3270897407925513,-1.4199393826813338,1.2359612552402064,-1.3859969068234193,-1.5710625785332821,2.737989419344268,-3.078965249642423e-05,0.000105697702035682,-6.484384510117983e-05,8.285179154456261e-05,0.00010937739404921147,0.00011386746786276575,-0.0005039740932696027,-8.033821712148962,-6.26840918270059,-0.9626386897855674,-6.166140050527366e-05,4.6431987624270214e-07,28.0,28.0,14.0,6.0,6.0,6.0
0.5937346280580389,1.0,2.212464452179585e-05,6.520786618244966e-05,-0.3499460250264615,0.00013809226454893393,0.22382557675114534,-0.3499460250264615,0.00013809226454893393,0.22382557675114534,-0.34994031528200215,0.0001414941477124427,0.22384667949751558,-0.32705766359438115,-1.4200227896319788,1.235978603363037,-1.3859851996051233,-1.5710986296283167,2.737913131713867,0.0,0.0,-0.0,0.0,0.0,0.0,-0.3270898653432479,-1.4199389354670395,1.2359609881108102,-1.3859965657710305,-1.5710621392668562,2.737989880178409,-3.1137674143907774e-05,0.00011180357354458794,-6.678234901633201e-05,8.526309718606445e-05,0.00010981660645384745,0.00011520853523857191,-0.0005039740932696027,-8.033821712148962,-6.26840918270059,-0.9626386897855674,-6.166140050527366e-05,4.6431987624270214e-07,28.0,28.0,14.0,6.0,6.0,6.0
0.598386505039409,1.0,2.212464452179585e-05,6.520786618244966e-05,-0.3499460250264615,0.00013809226454893393,0.22382557675114534,-0.3499460250264615,0.00013809226454893393,0.22382557675114534,-0.34994031528200215,0.0001414941477124427,0.22384667949751558,-0.32705766359438115,-1.4200227896319788,1.235978603363037,-1.3859851996051233,-1.5710986296283167,2.737913131713867,0.0,0.0,-0.0,0.0,0.0,0.0,-0.32708999120250587,-1.4199384652946685,1.2359607136926394,-1.3859962156521326,-1.5710616983489918,2.7379903460549633,-3.146481449254231e-05,0.0001175430927629595,-6.860454269657507e-05,8.752972448907618e-05,0.00011022946611420526,0.00011646913857182971,-0.0005039740932696027,-8.033821712148962,-6.26840918270059,-0.9626386897855674,-6.166140050527366e-05,4.6431987624270214e-07,28.0,28.0,14.0,6.0,6.0,6.0
0.602386505039409,1.0,1.1740817576346863e-05,6.996728492297625e-05,-0.3499460250264615,0.00013809226454893393,0.22382557675114534,-0.3499460250264615,0.00013809226454893393,0.22382557675114534,-0.34993497532255735,0.0001381275879703167,0.22382954532686564,-0.3270457426654261,-1.4200108687030237,1.2360267639160156,-1.3859971205340784,-1.5711105505572718,2.737901210784912,0.0,0.0,-0.0,0.0,0.0,0.0,-0.32709012942970056,-1.419938008688514,1.2359604492145277,-1.3859958941220252,-1.571061242145585,2.7379908329986495,-3.4556798669223725e-05,0.00011415153859050749,-6.611952793494567e-05,8.038252686947211e-05,0.00011405085171467285,0.00012173592160546714,-0.0004628741842517913,-8.034907616291509,-6.268810779571003,-0.9626965460419679,-6.599858784928101e-05,7.72117260229199e-07,28.0,28.0,14.0,6.0,6.0,6.0
0.6074444410498256,1.0,1.1740817576346863e-05,6.996728492297625e-05,-0.3499460250264615,0.00013809226454893393,0.22382557675114534,-0.3499460250264615,0.00013809226454893393,0.22382557675114534,-0.34993497532255735,0.0001381275879703167,0.22382954532686564,-0.3270457426654261,-1.4200108687030237,1.2360267639160156,-1.3859971205340784,-1.5711105505572718,2.737901210784912,0.0,0.0,-0.0,0.0,0.0,0.0,-0.32709027928275575,-1.4199375648346033,1.2359601940800715,-1.3859955994653808,-1.5710607715737683,2.7379913397454403,-3.746326379530426e-05,0.0001109634776684026,-6.378361405901405e-05,7.36641611070443e-05,0.00011764295417911239,0.00012668669765708633,-0.0004628741842517913,-8.034907616291509,-6.268810779571003,-0.9626965460419679,-6.599858784928101e-05,7.72117260229199e-07,28.0,28.0,14.0,6.0,6.0,6.0
0.6114444410498256,1.0,1.2536104038924426e-05,8.379980637486169e-05,-0.3499460250264615,0.00013809226454893393,0.22382557675114534,-0.3499460250264615,0.00013809226454893393,0.22382557675114534,-0.3499382414179671,0.0001324463260094051,0.22381753357258904,-0.327033821736471,-1.4199746290790003,1.2360267639160156,-1.3859971205340784,-1.5710986296283167,2.737901210784912,0.0,0.0,-0.0,0.0,0.0,0.0,-0.327090442609218,-1.4199371713635498,1.235959976798338,-1.3859953624719872,-1.5710603012200635,2.737991876294452,-4.083161556618961e-05,9.836776335462706e-05,-5.432043340112931e-05,5.9248348420626896e-05,0.00011758842619821643,0.00013413725293652526,-0.00025283961540135247,-8.036255174435153,-6.269101962253742,-0.9627324208175807,-6.780747517989182e-05,9.260614930325907e-07,28.0,28.0,14.0,6.0,6.0,6.0
0.6165249360504097,1.0,1.2536104038924426e-05,8.379980637486169e-05,-0.3499460250264615,0.00013809226454893393,0.22382557675114534,-0.3499460250264615,0.00013809226454893393,0.22382557675114534,-0.3499382414179671,0.0001324463260094051,0.22381753357258904,-0.327033821736471,-1.4199746290790003,1.2360267639160156,-1.3859971205340784,-1.5710986296283167,2.737901210784912,0.0,0.0,-0.0,0.0,0.0,0.0,-0.3270906186006829,-1.4199368252523823,1.2359597950981638,-1.385995179682049,-1.571059831071384,2.7379924408575516,-4.399786623082183e-05,8.652779189967805e-05,-4.5425043582717655e-05,4.569748449539454e-05,0.00011753716989617425,0.00014114077489919786,-0.00025283961540135247,-8.036255174435153,-6.269101962253742,-0.9627324208175807,-6.780747517989182e-05,9.260614930325907e-07,28.0,28.0,14.0,6.0,6.0,6.0
0.6205249360504097,1.0,1.2536104038924426e-05,8.379980637486169e-05,-0.3499460250264615,0.00013809226454893393,0.22382557675114534,-0.3499460250264615,0.00013809226454893393,0.22382557675114534,-0.3499382414179671,0.0001324463260094051,0.22381753357258904,-0.327033821736471,-1.4199746290790003,1.2360267639160156,-1.3859971205340784,-1.5710986296283167,2.737901210784912,0.0,0.0,-0.0,0.0,0.0,0.0,-0.3270908064972503,-1.4199365236595074,1.2359596468446552,-1.3859950478433596,-1.571059361115428,2.7379930317538936,-4.697414185557612e-05,7.5398218732026e-05,-3.7063377153410696e-05,3.295967240567613e-05,0.00011748898897225458,0.0001477240855441101,-0.00025283961540135247,-8.036255174435153,-6.269101962253742,-0.9627324208175807,-6.780747517989182e-05,9.260614930325907e-07,28.0,28.0,14.0,6.0,6.0,6.0
0.6252219300516884,1.0,1.2536104038924426e-05,8.379980637486169e-05,-0.3499460250264615,0.00013809226454893393,0.22382557675114534,-0.3499460250264615,0.00013809226454893393,0.22382557675114534,-0.3499382414179671,0.0001324463260094051,0.22381753357258904,-0.327033821736471,-1.4199746290790003,1.2360267639160156,-1.3859971205340784,-1.5710986296283167,2.737901210784912,0.0,0.0,-0.0,0.0,0.0,0.0,-0.32709100558461407,-1.4199362639138275,1.2359595300310124,-1.3859949638988434,-1.5710588913406325,2.737993647403484,-4.977184094284515e-05,6.493641995443305e-05,-2.9203410709862158e-05,2.098612904134082e-05,0.0001174436989037701,0.00015391239755032762,-0.00025283961540135247,-8.036255174435153,-6.269101962253742,-0.9627324208175807,-6.780747517989182e-05,9.260614930325907e-07,28.0,28.0,14.0,6.0,6.0,6.0
0.6292219300516884,1.0,1.1889662098461305e-05,6.055978939955052e-05,-0.3499460250264615,0.00013809226454893393,0.22382557675114534,-0.3499460250264615,0.00013809226454893393,0.22382557675114534,-0.3499386364876799,0.0001298585892219063,0.22382122012973674,-0.327033821736471,-1.4199627081500452,1.2359905242919922,-1.3859613577472132,-1.5710862318622034,2.7379369735717773,0.0,0.0,-0.0,0.0,0.0,0.0,-0.3270912107205105,-1.4199360544088448,1.2359594710183737,-1.3859949554951747,-1.5710584360148379,2.7379942495933896,-5.128397410405354e-05,5.2376245671890256e-05,-1.4753159719260478e-05,2.100917176681842e-06,0.0001138314486361591,0.00015054747641579086,-0.00011127502741745299,-8.036446561711722,-6.2689936908033745,-0.9627180574894649,-6.649135902905467e-05,4.646747776390388e-07,28.0,28.0,14.0,6.0,6.0,6.0
0.634264431049349,1.0,1.1889662098461305e-05,6.055978939955052e-05,-0.3499460250264615,0.00013809226454893393,0.22382557675114534,-0.3499460250264615,0.00013809226454893393,0.22382557675114534,-0.3499386364876799,0.0001298585892219063,0.22382122012973674,-0.327033821736471,-1.4199627081500452,1.2359905242919922,-1.3859613577472132,-1.5710862318622034,2.7379369735717773,0.0,0.0,-0.0,0.0,0.0,0.0,-0.3270914215420276,-1.4199358921301175,1.2359594663386786,-1.3859950180999026,-1.5710579942711043,2.7379948391311917,-5.270537927558942e-05,4.056968184630003e-05,-1.1699237880948972e-06,-1.56511819760976e-05,0.00011043593338460475,0.0001473844505493263,-0.00011127502741745299,-8.036446561711722,-6.2689936908033745,-0.9627180574894649,-6.649135902905467e-05,4.646747776390388e-07,28.0,28.0,14.0,6.0,6.0,6.0
0.638264431049349,1.0,1.4343496114057797e-05,6.166789706197844e-05,-0.3499460250264615,0.00013809226454893393,0.22382557675114534,-0.3499460250264615,0.00013809226454893393,0.22382557675114534,-0.34995866299172995,0.00013559009821638578,0.2238318820567122,-0.3270457426654261,-1.4199627081500452,1.235978603363037,-1.386045281087057,-1.5710623900042933,2.7379250526428223,0.0,0.0,-0.0,0.0,0.0,0.0,-0.32709162227864996,-1.4199357178091743,1.2359594309330348,-1.385995011697064,-1.5710575927566712,2.7379954322053783,-5.018415559366481e-05,4.358023581726425e-05,-8.85141096326666e-06,1.6007096147897686e-06,0.00010037860826699589,0.00014826854666865998,-0.00019151772053872581,-8.03554665061178,-6.26883381562349,-0.9626788585866637,-6.0894391515633285e-05,4.643311934869608e-07,28.0,28.0,14.0,6.0,6.0,6.0
0.6433579870632387,1.0,1.4343496114057797e-05,6.166789706197844e-05,-0.3499460250264615,0.00013809226454893393,0.22382557675114534,-0.3499460250264615,0.00013809226454893393,0.22382557675114534,-0.34995866299172995,0.00013559009821638578,0.2238318820567122,-0.3270457426654261,-1.4199627081500452,1.235978603363037,-1.386045281087057,-1.5710623900042933,2.7379250526428223,0.0,0.0,-0.0,0.0,0.0,0.0,-0.3270918135354713,-1.419935532168548,1.2359593666449993,-1.3859949404271132,-1.5710572290577807,2.7379960286037663,-4.781420533265568e-05,4.641015654997061e-05,-1.6072008907928118e-05,1.7817487710223893e-05,9.092472265644356e-05,0.00014909959702083363,-0.00019151772053872581,-8.03554665061178,-6.26883381562349,-0.9626788585866637,-6.0894391515633285e-05,4.643311934869608e-07,28.0,28.0,14.0,6.0,6.0,6.0
0.6473579870632387,1.0,1.4343496114057797e-05,6.166789706197844e-05,-0.3499460250264615,0.00013809226454893393,0.22382557675114534,-0.3499460250264615,0.00013809226454893393,0.22382557675114534,-0.34995866299172995,0.00013559009821638578,0.2238318820567122,-0.3270457426654261,-1.4199627081500452,1.235978603363037,-1.386045281087057,-1.5710623900042933,2.7379250526428223,0.0,0.0,-0.0,0.0,0.0,0.0,-0.32709199588127963,-1.4199353358874198,1.2359592752075155,-1.3859948081820768,-1.5710569009055,2.7379966281269037,-4.558645208730709e-05,4.907028203871459e-05,-2.2859370975909886e-05,3.3061259119931974e-05,8.203807018252436e-05,0.00014988078435187685,-0.00019151772053872581,-8.03554665061178,-6.26883381562349,-0.9626788585866637,-6.0894391515633285e-05,4.643311934869608e-07,28.0,28.0,14.0,6.0,6.0,6.0
0.65208822706854,1.0,1.4343496114057797e-05,6.166789706197844e-05,-0.3499460250264615,0.00013809226454893393,0.22382557675114534,-0.3499460250264615,0.00013809226454893393,0.22382557675114534,-0.34995866299172995,0.00013559009821638578,0.2238318820567122,-0.3270457426654261,-1.4199627081500452,1.235978603363037,-1.386045281087057,-1.5710623900042933,2.7379250526428223,0.0,0.0,-0.0,0.0,0.0,0.0,-0.3270921698507358,-1.4199351296042197,1.2359591582495502,-1.3859946186204597,-1.5710566061670326,2.7379972305873053,-4.349236403667942e-05,5.1570799998133937e-05,-2.9239491319812748e-05,4.7390404245057566e-05,7.368461685704031e-05,0.00015061510044305748,-0.00019151772053872581,-8.03554665061178,-6.26883381562349,-0.9626788585866637,-6.0894391515633285e-05,4.643311934869608e-07,28.0,28.0,14.0,6.0,6.0,6.0
0.65608822706854,1.0,1.585869214377314e-05,4.362724098144403e-05,-0.3499460250264615,0.00013809226454893393,0.22382557675114534,-0.3499460250264615,0.00013809226454893393,0.22382557675114534,-0.3499483746714914,0.00015257283981396722,0.22383160088799123,-0.3270815054522913,-1.4199865500079554,1.2360029220581055,-1.3860333601581019,-1.5710986296283167,2.7379250526428223,0.0,0.0,-0.0,0.0,0.0,0.0,-0.3270923284446517,-1.4199349132870223,1.235959021574664,-1.3859943943760125,-1.5710563011149759,2.7379978021126252,-3.9648478973593085e-05,5.407929937879619e-05,-3.416872150482462e-05,5.606111181294705e-05,7.62630141796141e-05,0.00014288133000658378,-4.0450429366022934e-05,-8.035285467816129,-6.268823355045445,-0.9626813029154853,-5.550972554688529e-05,2.940617752691361e-09,28.0,28.0,14.0,6.0,6.0,6.0
0.6610856100567619,1.0,1.585869214377314e-05,4.362724098144403e-05,-0.3499460250264615,0.00013809226454893393,0.22382557675114534,-0.3499460250264615,0.00013809226454893393,0.22382557675114534,-0.3499483746714914,0.00015257283981396722,0.22383160088799123,-0.3270815054522913,-1.4199865500079554,1.2360029220581055,-1.3860333601581019,-1.5710986296283167,2.7379250526428223,0.0,0.0,-0.0,0.0,0.0,0.0,-0.32709247258555973,-1.4199346875378671,1.2359588663658725,-1.3859941375297047,-1.5710559863681453,2.7379983445589686,-3.603522701429193e-05,5.643728879661871e-05,-3.8802197878735775e-05,6.421157692676317e-05,7.868670766283347e-05,0.00013561158579629849,-4.0450429366022934e-05,-8.035285467816129,-6.268823355045445,-0.9626813029154853,-5.550972554688529e-05,2.940617752691361e-09,28.0,28.0,14.0,6.0,6.0,6.0
0.6650856100567619,1.0,1.001257896326859e-05,4.967181780787859e-05,-0.3499460250264615,0.00013809226454893393,0.22382557675114534,-0.3499460250264615,0.00013809226454893393,0.22382557675114534,-0.34994280840729985,0.00014757409398830898,0.22382557977559014,-0.32705766359438115,-1.4199746290790003,1.2360029220581055,-1.3860090414630335,-1.5711224714862269,2.7379369735717773,0.0,0.0,-0.0,0.0,0.0,0.0,-0.32709262543048184,-1.4199344836497922,1.2359587302302035,-1.3859938975434472,-1.5710556350418017,2.737998851113636,-3.821123053213684e-05,5.097201872989823e-05,-3.403391722151963e-05,5.999656440622555e-05,8.783158589164296e-05,0.0001266386668790248,-0.0002453776302998544,-8.035871612675912,-6.26893990861141,-0.9627023819565547,-6.418419421218946e-05,1.56884765400385e-07,28.0,28.0,14.0,6.0,6.0,6.0
0.6702860240438024,1.0,1.001257896326859e-05,4.967181780787859e-05,-0.3499460250264615,0.00013809226454893393,0.22382557675114534,-0.3499460250264615,0.00013809226454893393,0.22382557675114534,-0.34994280840729985,0.00014757409398830898,0.22382557977559014,-0.32705766359438115,-1.4199746290790003,1.2360029220581055,-1.3860090414630335,-1.5711224714862269,2.7379369735717773,0.0,0.0,-0.0,0.0,0.0,0.0,-0.3270927864571772,-1.4199343003111329,1.23595861202327,-1.3859936734056366,-1.571055249330716,2.7379993239301283,-4.0256673838911056e-05,4.5834664867180986e-05,-2.9551733403736446e-05,5.6034452636920186e-05,9.642777142672388e-05,0.00011820412309678756,-0.0002453776302998544,-8.035871612675912,-6.26893990861141,-0.9627023819565547,-6.418419421218946e-05,1.56884765400385e-07,28.0,28.0,14.0,6.0,6.0,6.0
0.6742860240438024,1.0,1.001257896326859e-05,4.967181780787859e-05,-0.3499460250264615,0.00013809226454893393,0.22382557675114534,-0.3499460250264615,0.00013809226454893393,0.22382557675114534,-0.34994280840729985,0.00014757409398830898,0.22382557977559014,-0.32705766359438115,-1.4199746290790003,1.2360029220581055,-1.3860090414630335,-1.5711224714862269,2.7379369735717773,0.0,0.0,-0.0,0.0,0.0,0.0,-0.3270929551747394,-1.419934136288924,1.2359585106693476,-1.3859934641653664,-1.5710548312979726,2.737999765032736,-4.217939054727882e-05,4.100555223622678e-05,-2.5338480615020255e-05,5.231006757377315e-05,0.00010450818582969995,0.00011027565194148455,-0.0002453776302998544,-8.035871612675912,-6.26893990861141,-0.9627023819565547,-6.418419421218946e-05,1.56884765400385e-07,28.0,28.0,14.0,6.0,6.0,6.0
0.6790032030357982,1.0,8.17519105890521e-06,5.244324333156822e-05,-0.3499460250264615,0.00013809226454893393,0.22382557675114534,-0.3499460250264615,0.00013809226454893393,0.22382557675114534,-0.3499469256021919,0.0001451871360474154,0.22382953724488014,-0.32706958452333623,-1.4199984709369105,1.2360267639160156,-1.386045281087057,-1.5710862318622034,2.737901210784912,0.0,0.0,-0.0,0.0,0.0,0.0,-0.3270931112204429,-1.4199339507778013,1.2359583725475478,-1.3859932142287978,-1.5710544246231684,2.738000223691629,-3.9011425871594726e-05,4.637778067600097e-05,-3.4530449920867784e-05,6.248414214068337e-05,0.00010166870109382326,0.00011466472327422275,-0.0001497730545073329,-8.035048806787138,-6.268868624467199,-0.9626914579164367,-5.727260133957365e-05,4.6436924161319915e-07,28.0,28.0,14.0,6.0,6.0,6.0
0.6830032030357982,1.0,8.17519105890521e-06,5.244324333156822e-05,-0.3499460250264615,0.00013809226454893393,0.22382557675114534,-0.3499460250264615,0.00013809226454893393,0.22382557675114534,-0.3499469256021919,0.0001451871360474154,0.22382953724488014,-0.32706958452333623,-1.4199984709369105,1.2360267639160156,-1.386045281087057,-1.5710862318622034,2.737901210784912,0.0,0.0,-0.0,0.0,0.0,0.0,-0.3270932553545992,-1.4199337450670997,1.2359581998639435,-1.3859929260377089,-1.5710540286248267,2.7380006988534307,-3.6033539076451676e-05,5.142767540938871e-05,-4.317090106836446e-05,7.204777223357899e-05,9.899958544209917e-05,0.00011879045032699666,-0.0001497730545073329,-8.035048806787138,-6.268868624467199,-0.9626914579164367,-5.727260133957365e-05,4.6436924161319915e-07,28.0,28.0,14.0,6.0,6.0,6.0
0.6880219580435663,1.0,8.17519105890521e-06,5.244324333156822e-05,-0.3499460250264615,0.00013809226454893393,0.22382557675114534,-0.3499460250264615,0.00013809226454893393,0.22382557675114534,-0.3499469256021919,0.0001451871360474154,0.22382953724488014,-0.32706958452333623,-1.4199984709369105,1.2360267639160156,-1.386045281087057,-1.5710862318622034,2.737901210784912,0.0,0.0,-0.0,0.0,0.0,0.0,-0.32709338829190115,-1.419933520368794,1.235957994692243,-1.3859926018873707,-1.5710536426623598,2.738001189527966,-3.323432548901721e-05,5.617457645877319e-05,-5.1292925147011336e-05,8.103758452090086e-05,9.649061672947853e-05,0.00012266863375660415,-0.0001497730545073329,-8.035048806787138,-6.268868624467199,-0.9626914579164367,-5.727260133957365e-05,4.6436924161319915e-07,28.0,28.0,14.0,6.0,6.0,6.0
0.6920219580435663,1.0,9.081193021953513e-06,7.017131638563247e-05,-0.3499460250264615,0.00013809226454893393,0.22382557675114534,-0.3499460250264615,0.00013809226454893393,0.22382557675114534,-0.34994984672115537,0.0001390000750832619,0.2238337644612283,-0.327033821736471,-1.4199746290790003,1.235978603363037,-1.3860209623919886,-1.5711105505572718,2.7379250526428223,0.0,0.0,-0.0,0.0,0.0,0.0,-0.32709354002472585,-1.4199332956787407,1.2359577915252653,-1.3859922586166091,-1.5710532381124915,2.7380016791973194,-3.793320617408408e-05,5.617251329280932e-05,-5.0791744407465305e-05,8.581769042075476e-05,0.00010113746705263511,0.00012241733837917645,-0.0005745294276222416,-8.03526874987157,-6.2687608163055115,-0.9626759837320006,-6.907244219823519e-05,6.18171983203409e-07,28.0,28.0,14.0,6.0,6.0,6.0
0.6965693510512359,1.0,9.081193021953513e-06,7.017131638563247e-05,-0.3499460250264615,0.00013809226454893393,0.22382557675114534,-0.3499460250264615,0.00013809226454893393,0.22382557675114534,-0.34994984672115537,0.0001390000750832619,0.2238337644612283,-0.327033821736471,-1.4199746290790003,1.235978603363037,-1.3860209623919886,-1.5711105505572718,2.7379250526428223,0.0,0.0,-0.0,0.0,0.0,0.0,-0.32709370942534194,-1.419933070996445,1.2359575902427273,-1.3859918973726493,-1.5710528160904662,2.7380021679218025,-4.2350154018046946e-05,5.617057391680329e-05,-5.032063451229203e-05,9.031098996661742e-05,0.0001055055063564023,0.00012218112072439442,-0.0005745294276222416,-8.03526874987157,-6.2687608163055115,-0.9626759837320006,-6.907244219823519e-05,6.18171983203409e-07,28.0,28.0,14.0,6.0,6.0,6.0
0.7005693510512359,1.0,9.081193021953513e-06,7.017131638563247e-05,-0.3499460250264615,0.00013809226454893393,0.22382557675114534,-0.3499460250264615,0.00013809226454893393,0.22382557675114534,-0.34994984672115537,0.0001390000750832619,0.2238337644612283,-0.327033821736471,-1.4199746290790003,1.235978603363037,-1.3860209623919886,-1.5711105505572718,2.7379250526428223,0.0,0.0,-0.0,0.0,0.0,0.0,-0.3270938954336819,-1.4199328463214413,1.2359573907315624,-1.3859915192338832,-1.571052377644613,2.738002655758107,-4.6502084991372037e-05,5.6168750903357616e-05,-4.987779121082916e-05,9.453469153972834e-05,0.00010961146330194346,0.0001219590761288993,-0.0005745294276222416,-8.03526874987157,-6.2687608163055115,-0.9626759837320006,-6.907244219823519e-05,6.18171983203409e-07,28.0,28.0,14.0,6.0,6.0,6.0
0.7056925900618083,1.0,4.52188048264551e-06,1.686563953891889e-05,-0.3499460250264615,0.00013809226454893393,0.22382557675114534,-0.3499460250264615,0.00013809226454893393,0.22382557675114534,-0.34994295150818444,0.00013549448930970707,0.22382351460364663,-0.3270457426654261,-1.4199865500079554,1.2360267639160156,-1.3860209623919886,-1.5710862318622034,2.7379491329193115,0.0,0.0,-0.0,0.0,0.0,0.0,-0.3270940814328243,-1.4199326304076323,1.235957192005886,-1.3859911573212182,-1.571051951771986,2.7380031169058388,-4.6499785609555826e-05,5.3978452287474736e-05,-4.9681419107519354e-05,9.047816626390807e-05,0.00010646815673438045,0.00011528693288184842,-0.00023284238614017732,-8.035627098056466,-6.268983679212973,-0.9627125290218349,-6.342074187266193e-05,1.5380853635425407e-07,28.0,28.0,14.0,6.0,6.0,6.0
0.7096925900618083,1.0,4.52188048264551e-06,1.686563953891889e-05,-0.3499460250264615,0.00013809226454893393,0.22382557675114534,-0.3499460250264615,0.00013809226454893393,0.22382557675114534,-0.34994295150818444,0.00013549448930970707,0.22382351460364663,-0.3270457426654261,-1.4199865500079554,1.2360267639160156,-1.3860209623919886,-1.5710862318622034,2.7379491329193115,0.0,0.0,-0.0,0.0,0.0,0.0,-0.3270942674233211,-1.419932422729346,1.2359569940185686,-1.3859908106610883,-1.571051537718192,2.738003552966312,-4.649762419064859e-05,5.191957158854483e-05,-4.949682933040814e-05,8.666503250463703e-05,0.00010351344856087121,0.0001090151182296206,-0.00023284238614017732,-8.035627098056466,-6.268983679212973,-0.9627125290218349,-6.342074187266193e-05,1.5380853635425407e-07,28.0,28.0,14.0,6.0,6.0,6.0
0.7147766470510981,1.0,4.52188048264551e-06,1.686563953891889e-05,-0.3499460250264615,0.00013809226454893393,0.22382557675114534,-0.3499460250264615,0.00013809226454893393,0.22382557675114534,-0.34994295150818444,0.00013549448930970707,0.22382351460364663,-0.3270457426654261,-1.4199865500079554,1.2360267639160156,-1.3860209623919886,-1.5710862318622034,2.7379491329193115,0.0,0.0,-0.0,0.0,0.0,0.0,-0.32709445340569093,-1.4199322227924511,1.235956796725309,-1.3859904783383412,-1.5710511347741005,2.7380039654447614,-4.649559245687578e-05,4.9984223731550716e-05,-4.93233149399236e-05,8.308068677092225e-05,0.00010073602287777253,0.00010311961245652645,-0.00023284238614017732,-8.035627098056466,-6.268983679212973,-0.9627125290218349,-6.342074187266193e-05,1.5380853635425407e-07,28.0,28.0,14.0,6.0,6.0,6.0
0.7187766470510981,1.0,9.162463629911733e-06,3.6716473278799396e-05,-0.3499460250264615,0.00013809226454893393,0.22382557675114534,-0.3499460250264615,0.00013809226454893393,0.22382557675114534,-0.3499527980834197,0.0001403899606369777,0.22383130362043815,-0.32705766359438115,-1.4199746290790003,1.2359905242919922,-1.3860333601581019,-1.5710743109332483,2.7379491329193115,0.0,0.0,-0.0,0.0,0.0,0.0,-0.32709462823557295,-1.4199320148187318,1.2359565862962434,-1.3859901187258474,-1.5710507560062392,2.7380043531680474,-4.3707470501226345e-05,5.19934298595254e-05,-5.2607266358818864e-05,8.99031234380464e-05,9.469196534892155e-05,9.693082151922044e-05,-0.00012923185593471237,-8.035438420018524,-6.268831018384281,-0.9626822010403241,-5.908256530144182e-05,-1.3168955472987052e-10,28.0,28.0,14.0,6.0,6.0,6.0
0.7233228530590425,1.0,9.162463629911733e-06,3.6716473278799396e-05,-0.3499460250264615,0.00013809226454893393,0.22382557675114534,-0.3499460250264615,0.00013809226454893393,0.22382557675114534,-0.3499527980834197,0.0001403899606369777,0.22383130362043815,-0.32705766359438115,-1.4199746290790003,1.2359905242919922,-1.3860333601581019,-1.5710743109332483,2.7379491329193115,0.0,0.0,-0.0,0.0,0.0,0.0,-0.3270947925821164,-1.4199317992903973,1.2359563635195205,-1.3859897334609919,-1.5710503999640342,2.7380047176214797,-4.1086635862915875e-05,5.38820836198216e-05,-5.5694180692580404e-05,9.631621390514311e-05,8.901055127180162e-05,9.111335803815279e-05,-0.00012923185593471237,-8.035438420018524,-6.268831018384281,-0.9626822010403241,-5.908256530144182e-05,-1.3168955472987052e-10,28.0,28.0,14.0,6.0,6.0,6.0
0.7273228530590425,1.0,1.654120026079633e-05,2.9980121664282948e-05,-0.3499460250264615,0.00013809226454893393,0.22382557675114534,-0.3499460250264615,0.00013809226454893393,0.22382557675114534,-0.3499416422489665,0.0001298161970206541,0.22383921160625145,-0.3270457426654261,-1.4200108687030237,1.2359905242919922,-1.3859851996051233,-1.5710623900042933,2.7379491329193115,0.0,0.0,-0.0,0.0,0.0,0.0,-0.3270949496394883,-1.4199315604689953,1.235956137393466,-1.385989362270329,-1.5710500790078366,2.738005071368817,-3.9264342984953395e-05,5.970535051604785e-05,-5.653151365747423e-05,9.279766573928478e-05,8.023904940845164e-05,8.843683431963916e-05,-0.00031191025109426706,-8.034413258992554,-6.268579834149708,-0.9626633185342892,-6.089577907105666e-05,1.5372151213701574e-07,28.0,28.0,14.0,6.0,6.0,6.0
0.7324282820678785,1.0,1.654120026079633e-05,2.9980121664282948e-05,-0.3499460250264615,0.00013809226454893393,0.22382557675114534,-0.3499460250264615,0.00013809226454893393,0.22382557675114534,-0.3499416422489665,0.0001298161970206541,0.22383921160625145,-0.3270457426654261,-1.4200108687030237,1.2359905242919922,-1.3859851996051233,-1.5710623900042933,2.7379491329193115,0.0,0.0,-0.0,0.0,0.0,0.0,-0.32709509984503904,-1.4199312997521096,1.2359559081190394,-1.3859890043094072,-1.5710497910324859,2.738005415052425,-3.755138767966866e-05,6.517922139850053e-05,-5.731860664447443e-05,8.949023046337797e-05,7.199383765690266e-05,8.592090202423636e-05,-0.00031191025109426706,-8.034413258992554,-6.268579834149708,-0.9626633185342892,-6.089577907105666e-05,1.5372151213701574e-07,28.0,28.0,14.0,6.0,6.0,6.0
0.7364282820678785,1.0,1.654120026079633e-05,2.9980121664282948e-05,-0.3499460250264615,0.00013809226454893393,0.22382557675114534,-0.3499460250264615,0.00013809226454893393,0.22382557675114534,-0.3499416422489665,0.0001298161970206541,0.22383921160625145,-0.3270457426654261,-1.4200108687030237,1.2359905242919922,-1.3859851996051233,-1.5710623900042933,2.7379491329193115,0.0,0.0,-0.0,0.0,0.0,0.0,-0.3270952436098778,-1.4199310184534695,1.2359556758851433,-1.3859886587844419,-1.5710495340591315,2.7380057492761276,-3.594120969270101e-05,7.032466002800604e-05,-5.8058474052254617e-05,8.638124130402555e-05,6.424333861044662e-05,8.355592566655772e-05,-0.00031191025109426706,-8.034413258992554,-6.268579834149708,-0.9626633185342892,-6.089577907105666e-05,1.5372151213701574e-07,28.0,28.0,14.0,6.0,6.0,6.0
0.7415170880747031,1.0,1.654120026079633e-05,2.9980121664282948e-05,-0.3499460250264615,0.00013809226454893393,0.22382557675114534,-0.3499460250264615,0.00013809226454893393,0.22382557675114534,-0.3499416422489665,0.0001298161970206541,0.22383921160625145,-0.3270457426654261,-1.4200108687030237,1.2359905242919922,-1.3859851996051233,-1.5710623900042933,2.7379491329193115,0.0,0.0,-0.0,0.0,0.0,0.0,-0.32709538132044735,-1.41993071780798,1.2359554408693456,-1.385988324949276,-1.5710493062276534,2.738006074607519,-3.442764238495142e-05,7.516137233974123e-05,-5.875394941556799e-05,8.345879149423428e-05,5.695786950677794e-05,8.133284789033981e-05,-0.00031191025109426706,-8.034413258992554,-6.268579834149708,-0.9626633185342892,-6.089577907105666e-05,1.5372151213701574e-07,28.0,28.0,14.0,6.0,6.0,6.0
0.7455170880747031,1.0,8.842863803194976e-06,2.3839687830361827e-05,-0.3499460250264615,0.00013809226454893393,0.22382557675114534,-0.3499460250264615,0.00013809226454893393,0.22382557675114534,-0.34994439933412397,0.00014171299065309488,0.22383347888422092,-0.32706958452333623,-1.4199984709369105,1.2360029220581055,-1.3860090414630335,-1.5710743109332483,2.7379369735717773,0.0,0.0,-0.0,0.0,0.0,0.0,-0.32709550392349673,-1.4199304085802045,1.2359551992307414,-1.3859879895882297,-1.5710490920702371,2.7380063875385705,-3.065076234623922e-05,7.730694387734883e-05,-6.0409651069415724e-05,8.384026156862853e-05,5.353935408856445e-05,7.823276282845193e-05,-5.426366252517499e-05,-8.03498370523141,-6.268745827721377,-0.9626784078496432,-5.600809777451191e-05,2.9907147780277765e-09,28.0,28.0,14.0,6.0,6.0,6.0
0.7500347990752201,1.0,8.842863803194976e-06,2.3839687830361827e-05,-0.3499460250264615,0.00013809226454893393,0.22382557675114534,-0.3499460250264615,0.00013809226454893393,0.22382557675114534,-0.34994439933412397,0.00014171299065309488,0.22383347888422092,-0.32706958452333623,-1.4199984709369105,1.2360029220581055,-1.3860090414630335,-1.5710743109332483,2.7379369735717773,0.0,0.0,-0.0,0.0,0.0,0.0,-0.3270956123254772,-1.41993009128508,1.235954951366699,-1.3859876527928559,-1.5710488907664388,2.738006688813302,-2.7100495109849754e-05,7.932378112269998e-05,-6.196601062403259e-05,8.419884343855913e-05,5.0325949595443765e-05,7.531868287027732e-05,-5.426366252517499e-05,-8.03498370523141,-6.268745827721377,-0.9626784078496432,-5.600809777451191e-05,2.9907147780277765e-09,28.0,28.0,14.0,6.0,6.0,6.0
0.7540347990752201,1.0,1.766584140161503e-05,5.228946769515149e-05,-0.3499460250264615,0.00013809226454893393,0.22382557675114534,-0.3499460250264615,0.00013809226454893393,0.22382557675114534,-0.34994514442928965,0.00014875513053466775,0.22383963412607874,-0.3270815054522913,-1.4199984709369105,1.235978603363037,-1.3859971205340784,-1.5710862318622034,2.7379610538482666,0.0,0.0,-0.0,0.0,0.0,0.0,-0.32709570482277023,-1.4199297616835098,1.2359547031786253,-1.3859873106227678,-1.5710486878201027,2.738006940213638,-2.3124323261990697e-05,8.240039254400086e-05,-6.204701839967822e-05,8.554252202686259e-05,5.0736584034175876e-05,6.285008402801174e-05,-3.588368834412395e-05,-8.034751512876225,-6.2686003840527125,-0.9626563042947555,-5.419582250980821e-05,-4.615584371348382e-07,28.0,28.0,14.0,6.0,6.0,6.0
0.7591378530659716,1.0,1.766584140161503e-05,5.228946769515149e-05,-0.3499460250264615,0.00013809226454893393,0.22382557675114534,-0.3499460250264615,0.00013809226454893393,0.22382557675114534,-0.34994514442928965,0.00014875513053466775,0.22383963412607874,-0.3270815054522913,-1.4199984709369105,1.235978603363037,-1.3859971205340784,-1.5710862318622034,2.7379610538482666,0.0,0.0,-0.0,0.0,0.0,0.0,-0.32709578236965714,-1.4199294205138806,1.2359544546859624,-1.3859869634004482,-1.571048483329781,2.7380071447320424,-1.9386721725003183e-05,8.529240728002368e-05,-6.212316570878511e-05,8.680557989986784e-05,5.1122580406584064e-05,5.11296011162821e-05,-3.588368834412395e-05,-8.034751512876225,-6.2686003840527125,-0.9626563042947555,-5.419582250980821e-05,-4.615584371348382e-07,28.0,28.0,14.0,6.0,6.0,6.0
0.7631378530659716,1.0,1.766584140161503e-05,5.228946769515149e-05,-0.3499460250264615,0.00013809226454893393,0.22382557675114534,-0.3499460250264615,0.00013809226454893393,0.22382557675114534,-0.34994514442928965,0.00014875513053466775,0.22383963412607874,-0.3270815054522913,-1.4199984709369105,1.235978603363037,-1.3859971205340784,-1.5710862318622034,2.7379610538482666,0.0,0.0,-0.0,0.0,0.0,0.0,-0.32709584586316226,-1.4199290684702761,1.2359542059069857,-1.3859866114290311,-1.5710482773881131,2.7380073051814313,-1.5873376280234922e-05,8.801090113188514e-05,-6.21947441793456e-05,8.799285430049277e-05,5.148541699664776e-05,4.0112347179256235e-05,-3.588368834412395e-05,-8.034751512876225,-6.2686003840527125,-0.9626563042947555,-5.419582250980821e-05,-4.615584371348382e-07,28.0,28.0,14.0,6.0,6.0,6.0
0.7678158500657886,1.0,1.766584140161503e-05,5.228946769515149e-05,-0.3499460250264615,0.00013809226454893393,0.22382557675114534,-0.3499460250264615,0.00013809226454893393,0.22382557675114534,-0.34994514442928965,0.00014875513053466775,0.22383963412607874,-0.3270815054522913,-1.4199984709369105,1.235978603363037,-1.3859971205340784,-1.5710862318622034,2.7379610538482666,0.0,0.0,-0.0,0.0,0.0,0.0,-0.3270958961464885,-1.4199287062051347,1.235953956858874,-1.3859862549934623,-1.5710480700821796,2.738007424205945,-1.2570831562152755e-05,9.056628535263491e-05,-6.226202794167245e-05,8.910889223708021e-05,5.1826483391307635e-05,2.975612847845192e-05,-3.588368834412395e-05,-8.034751512876225,-6.2686003840527125,-0.9626563042947555,-5.419582250980821e-05,-4.615584371348382e-07,28.0,28.0,14.0,6.0,6.0,6.0
0.7718158500657886,1.0,1.5014466337090797e-05,3.9031543106317825e-05,-0.3499460250264615,0.00013809226454893393,0.22382557675114534,-0.3499460250264615,0.00013809226454893393,0.22382557675114534,-0.34994369521430324,0.0001524357214210039,0.22382179899789056,-0.3270934263812464,-1.4199507872210901,1.235978603363037,-1.3859732786761683,-1.5710862318622034,2.7379250526428223,0.0,0.0,-0.0,0.0,0.0,0.0,-0.32709592713548585,-1.4199284005225088,1.23595376976548,-1.385985972746849,-1.5710478614999668,2.738007538907836,-7.747249348544064e-06,7.642065648933427e-05,-4.6773348446983596e-05,7.056165331839751e-05,5.214555322688148e-05,2.8675472731412452e-05,0.0005403565603064486,-8.03685841870561,-6.269014684999213,-0.9627085082526381,-5.111477026817273e-05,-1.5060297072014242e-07,28.0,28.0,14.0,6.0,6.0,6.0
0.7768476660577583,1.0,1.5014466337090797e-05,3.9031543106317825e-05,-0.3499460250264615,0.00013809226454893393,0.22382557675114534,-0.3499460250264615,0.00013809226454893393,0.22382557675114534,-0.34994369521430324,0.0001524357214210039,0.22382179899789056,-0.3270934263812464,-1.4199507872210901,1.235978603363037,-1.3859732786761683,-1.5710862318622034,2.7379250526428223,0.0,0.0,-0.0,0.0,0.0,0.0,-0.3270959399878141,-1.4199281480274473,1.2359536409095213,-1.3859857602378542,-1.5710476517180514,2.7380076495464616,-3.213082067751896e-06,6.312376535783166e-05,-3.221398972197608e-05,5.312724873483577e-05,5.244547887232089e-05,2.7659656329195352e-05,0.0005403565603064486,-8.03685841870561,-6.269014684999213,-0.9627085082526381,-5.111477026817273e-05,-1.5060297072014242e-07,28.0,28.0,14.0,6.0,6.0,6.0
0.7808476660577583,1.0,1.0830296660429506e-05,4.491778011793209e-05,-0.3499460250264615,0.00013809226454893393,0.22382557675114534,-0.3499460250264615,0.00013809226454893393,0.22382557675114534,-0.3499491621936622,0.00012975008991656986,0.22383172993163278,-0.3270457426654261,-1.4199746290790003,1.235978603363037,-1.3859971205340784,-1.5710504690753382,2.7379250526428223,0.0,0.0,-0.0,0.0,0.0,0.0,-0.3270959503354362,-1.419927899823558,1.2359535181181556,-1.3859855553896958,-1.5710474819761262,2.7380077967535486,-2.5869055178493794e-06,6.205097229944056e-05,-3.069784143926071e-05,5.1212039583791476e-05,4.243548129119495e-05,3.680177172705713e-05,-5.8287053748248066e-05,-8.035511874708492,-6.268783401315191,-0.9626823243481714,-5.9629930294018694e-05,4.6445933746833134e-07,28.0,28.0,14.0,6.0,6.0,6.0
0.7859435960710983,1.0,1.0830296660429506e-05,4.491778011793209e-05,-0.3499460250264615,0.00013809226454893393,0.22382557675114534,-0.3499460250264615,0.00013809226454893393,0.22382557675114534,-0.3499491621936622,0.00012975008991656986,0.22383172993163278,-0.3270457426654261,-1.4199746290790003,1.235978603363037,-1.3859971205340784,-1.5710504690753382,2.7379250526428223,0.0,0.0,-0.0,0.0,0.0,0.0,-0.3270959583286345,-1.4199276556533706,1.2359534010275073,-1.385985357742724,-1.5710473498717918,2.7380079783349895,-1.998299560941014e-06,6.104254682455293e-05,-2.9272662053508265e-05,4.9411742981809836e-05,3.3026083564936565e-05,4.539536020104721e-05,-5.8287053748248066e-05,-8.035511874708492,-6.268783401315191,-0.9626823243481714,-5.9629930294018694e-05,4.6445933746833134e-07,28.0,28.0,14.0,6.0,6.0,6.0
0.7899435960710983,1.0,1.0830296660429506e-05,4.491778011793209e-05,-0.3499460250264615,0.00013809226454893393,0.22382557675114534,-0.3499460250264615,0.00013809226454893393,0.22382557675114534,-0.3499491621936622,0.00012975008991656986,0.22383172993163278,-0.3270457426654261,-1.4199746290790003,1.235978603363037,-1.3859971205340784,-1.5710504690753382,2.7379250526428223,0.0,0.0,-0.0,0.0,0.0,0.0,-0.3270959641086743,-1.419927415274863,1.2359532892955336,-1.3859851668648673,-1.571047253146793,2.738008192228323,-1.4450099614471503e-06,6.009462687815855e-05,-2.7932993430900967e-05,4.77194641759471e-05,2.4181249702253684e-05,5.347333336659787e-05,-5.8287053748248066e-05,-8.035511874708492,-6.268783401315191,-0.9626823243481714,-5.9629930294018694e-05,4.6445933746833134e-07,28.0,28.0,14.0,6.0,6.0,6.0
0.7945705390442166,1.0,2.6017062501305538e-05,0.00010462485919143866,-0.3499460250264615,0.00013809226454893393,0.22382557675114534,-0.3499460250264615,0.00013809226454893393,0.22382557675114534,-0.34992737960736314,0.00013710584134565536,0.2238074587253945,-0.32705766359438115,-1.4199746290790003,1.2360506057739258,-1.3859613577472132,-1.5710986296283167,2.7379846572875977,0.0,0.0,-0.0,0.0,0.0,0.0,-0.3270959782855226,-1.4199272455516105,1.2359532451553088,-1.3859851019387197,-1.571047134222451,2.738008343619047,-3.5442120830498832e-06,4.2430813154278096e-05,-1.1035056216288997e-05,1.623153688355417e-05,2.973108549049356e-05,3.7847681122323316e-05,0.000217452440507167,-8.03705940920221,-6.269300601983982,-0.9627657172819117,-6.16545537477061e-05,-4.5799259573937985e-07,28.0,28.0,14.0,6.0,6.0,6.0
0.7985705390442166,1.0,2.6017062501305538e-05,0.00010462485919143866,-0.3499460250264615,0.00013809226454893393,0.22382557675114534,-0.3499460250264615,0.00013809226454893393,0.22382557675114534,-0.34992737960736314,0.00013710584134565536,0.2238074587253945,-0.32705766359438115,-1.4199746290790003,1.2360506057739258,-1.3859613577472132,-1.5710986296283167,2.7379846572875977,0.0,0.0,-0.0,0.0,0.0,0.0,-0.3270960003553709,-1.4199271422442976,1.2359532645513278,-1.3859851554071787,-1.5710469944307266,2.7380084362573194,-5.517462077356452e-06,2.582682825383046e-05,4.849004765446254e-06,-1.3367114771295182e-05,3.4947931131439045e-05,2.3159568012705237e-05,0.000217452440507167,-8.03705940920221,-6.269300601983982,-0.9627657172819117,-6.16545537477061e-05,-4.5799259573937985e-07,28.0,28.0,14.0,6.0,6.0,6.0
0.8035679220324385,1.0,2.6017062501305538e-05,0.00010462485919143866,-0.3499460250264615,0.00013809226454893393,0.22382557675114534,-0.3499460250264615,0.00013809226454893393,0.22382557675114534,-0.34992737960736314,0.00013710584134565536,0.2238074587253945,-0.32705766359438115,-1.4199746290790003,1.2360506057739258,-1.3859613577472132,-1.5710986296283167,2.7379846572875977,0.0,0.0,-0.0,0.0,0.0,0.0,-0.3270960298446392,-1.4199271013679677,1.235953343671416,-1.385985320166568,-1.5710468350236624,2.738008473668286,-7.372317072004628e-06,1.0219082447409683e-05,1.978002208827739e-05,-4.1189847326853574e-05,3.98517660339278e-05,9.352741689664243e-06,0.000217452440507167,-8.03705940920221,-6.269300601983982,-0.9627657172819117,-6.16545537477061e-05,-4.5799259573937985e-07,28.0,28.0,14.0,6.0,6.0,6.0
0.8075679220324385,1.0,1.6466448090791253e-05,2.9684953245837722e-05,-0.3499460250264615,0.00013809226454893393,0.22382557675114534,-0.3499460250264615,0.00013809226454893393,0.22382557675114534,-0.3499388450243406,0.0001330394276510513,0.2238395073046718,-0.32705766359438115,-1.4200227896319788,1.2360029220581055,-1.3859851996051233,-1.5710623900042933,2.7379369735717773,0.0,0.0,-0.0,0.0,0.0,0.0,-0.3270960532840328,-1.419927020162125,1.2359533946658035,-1.385985466446517,-1.571046698909129,2.7380085271225085,-5.859848395308246e-06,2.030146067809488e-05,1.2748596834286532e-05,-3.656998726933249e-05,3.4028633372207214e-05,1.3363555636198856e-05,-0.00022823120118564805,-8.03420234037823,-6.268567740070445,-0.9626634486349611,-5.78214233976966e-05,1.5679941288270236e-07,28.0,28.0,14.0,6.0,6.0,6.0
0.8121687450453177,1.0,1.6466448090791253e-05,2.9684953245837722e-05,-0.3499460250264615,0.00013809226454893393,0.22382557675114534,-0.3499460250264615,0.00013809226454893393,0.22382557675114534,-0.3499388450243406,0.0001330394276510513,0.2238395073046718,-0.32705766359438115,-1.4200227896319788,1.2360029220581055,-1.3859851996051233,-1.5710623900042933,2.7379369735717773,0.0,0.0,-0.0,0.0,0.0,0.0,-0.32709607103654414,-1.41992690104654,1.2359534192220318,-1.3859855953557922,-1.5710465846895743,2.7380085956573916,-4.438127839213647e-06,2.977889621493897e-05,6.139057095535124e-06,-3.222731881526267e-05,2.855488867018986e-05,1.7133720745941394e-05,-0.00022823120118564805,-8.03420234037823,-6.268567740070445,-0.9626634486349611,-5.78214233976966e-05,1.5679941288270236e-07,28.0,28.0,14.0,6.0,6.0,6.0
0.8161687450453177,1.0,1.6466448090791253e-05,2.9684953245837722e-05,-0.3499460250264615,0.00013809226454893393,0.22382557675114534,-0.3499460250264615,0.00013809226454893393,0.22382557675114534,-0.3499388450243406,0.0001330394276510513,0.2238395073046718,-0.32705766359438115,-1.4200227896319788,1.2360029220581055,-1.3859851996051233,-1.5710623900042933,2.7379369735717773,0.0,0.0,-0.0,0.0,0.0,0.0,-0.3270960834433862,-1.4199267462957976,1.2359534189263908,-1.3859857079366342,-1.5710464910512996,2.7380086783680953,-3.101710516484724e-06,3.868768561957241e-05,-7.391025889119893e-08,-2.8145210468437043e-05,2.3409568650293546e-05,2.067767594909938e-05,-0.00022823120118564805,-8.03420234037823,-6.268567740070445,-0.9626634486349611,-5.78214233976966e-05,1.5679941288270236e-07,28.0,28.0,14.0,6.0,6.0,6.0
0.8213014820618558,1.0,4.24334337373269e-06,3.975802942439612e-05,-0.3499460250264615,0.00013809226454893393,0.22382557675114534,-0.3499460250264615,0.00013809226454893393,0.22382557675114534,-0.3499460424331738,0.00013654301555455535,0.2238216263729929,-0.3270457426654261,-1.4199627081500452,1.2360029220581055,-1.3860090414630335,-1.5710862318622034,2.7379250526428223,0.0,0.0,-0.0,0.0,0.0,0.0,-0.32709610625046864,-1.4199266162094266,1.2359534314407676,-1.3859858249028538,-1.5710463892981075,2.7380087864448135,-5.701770605712647e-06,3.252159275851292e-05,3.1285942237635916e-06,-2.9241554921263722e-05,2.5438298015297274e-05,2.7019179555650774e-05,-9.84986163367389e-05,-8.03627071333357,-6.26903171112136,-0.9627148669722203,-6.341831173180759e-05,4.645455679735339e-07,28.0,28.0,14.0,6.0,6.0,6.0
0.8253014820618558,1.0,4.24334337373269e-06,3.975802942439612e-05,-0.3499460250264615,0.00013809226454893393,0.22382557675114534,-0.3499460250264615,0.00013809226454893393,0.22382557675114534,-0.3499460424331738,0.00013654301555455535,0.2238216263729929,-0.3270457426654261,-1.4199627081500452,1.2360029220581055,-1.3860090414630335,-1.5710862318622034,2.7379250526428223,0.0,0.0,-0.0,0.0,0.0,0.0,-0.32709613883377703,-1.4199265093075648,1.2359534559965615,-1.3859859459913286,-1.571046279916893,2.738008918365585,-8.145827089586895e-06,2.672546546911699e-05,6.1389484374590944e-06,-3.02721187069208e-05,2.7345303618400776e-05,3.298019294580908e-05,-9.84986163367389e-05,-8.03627071333357,-6.26903171112136,-0.9627148669722203,-6.341831173180759e-05,4.645455679735339e-07,28.0,28.0,14.0,6.0,6.0,6.0
0.8304104730885014,1.0,4.24334337373269e-06,3.975802942439612e-05,-0.3499460250264615,0.00013809226454893393,0.22382557675114534,-0.3499460250264615,0.00013809226454893393,0.22382557675114534,-0.3499460424331738,0.00013654301555455535,0.2238216263729929,-0.3270457426654261,-1.4199627081500452,1.2360029220581055,-1.3860090414630335,-1.5710862318622034,2.7379250526428223,0.0,0.0,-0.0,0.0,0.0,0.0,-0.3270961806067378,-1.4199264241991416,1.2359534918712871,-1.3859860709547234,-1.5710461633653374,2.7380090726997675,-1.044324018442869e-05,2.1277105817084824e-05,8.968681398332867e-06,-3.1240848665438454e-05,2.913788888531807e-05,3.8583545532557895e-05,-9.84986163367389e-05,-8.03627071333357,-6.26903171112136,-0.9627148669722203,-6.341831173180759e-05,4.645455679735339e-07,28.0,28.0,14.0,6.0,6.0,6.0
0.8344104730885014,1.0,6.615651833806974e-06,1.686329591679477e-05,-0.3499460250264615,0.00013809226454893393,0.22382557675114534,-0.3499460250264615,0.00013809226454893393,0.22382557675114534,-0.3499464827890238,0.00013669239629619285,0.2238191271254587,-0.3270457426654261,-1.4199627081500452,1.2360148429870605,-1.3860209623919886,-1.5710862318622034,2.7379610538482666,0.0,0.0,-0.0,0.0,0.0,0.0,-0.32709623101742297,-1.419926359575437,1.2359535315348233,-1.3859861927108894,-1.5710460400739326,2.7380092066297155,-1.2602671297945445e-05,1.615592616791345e-05,9.91588408390649e-06,-3.0439041486781347e-05,3.0822851195274297e-05,3.348248697902524e-05,-9.408446051955892e-05,-8.03635666538661,-6.269098821680402,-0.962723312063127,-6.341869929561524e-05,4.361498831825862e-11,28.0,28.0,14.0,6.0,6.0,6.0
0.8389424311125189,1.0,6.615651833806974e-06,1.686329591679477e-05,-0.3499460250264615,0.00013809226454893393,0.22382557675114534,-0.3499460250264615,0.00013809226454893393,0.22382557675114534,-0.3499464827890238,0.00013669239629619285,0.2238191271254587,-0.3270457426654261,-1.4199627081500452,1.2360148429870605,-1.3860209623919886,-1.5710862318622034,2.7379610538482666,0.0,0.0,-0.0,0.0,0.0,0.0,-0.32709628954756914,-1.4199263142073677,1.2359535747598418,-1.3859863114522604,-1.5710459104470695,2.7380093213796832,-1.4632536544651194e-05,1.1342017297692357e-05,1.0806254608345694e-05,-2.9685342738843665e-05,3.240671576663315e-05,2.8687491938704546e-05,-9.408446051955892e-05,-8.03635666538661,-6.269098821680402,-0.962723312063127,-6.341869929561524e-05,4.361498831825862e-11,28.0,28.0,14.0,6.0,6.0,6.0
0.8429424311125189,1.0,1.42365237732538e-05,5.484603097295675e-05,-0.3499460250264615,0.00013809226454893393,0.22382557675114534,-0.3499460250264615,0.00013809226454893393,0.22382557675114534,-0.3499448279610364,0.0001475857998583174,0.22383611802387893,-0.3270934263812464,-1.4199984709369105,1.2359905242919922,-1.3859971205340784,-1.5710623900042933,2.7379610538482666,0.0,0.0,-0.0,0.0,0.0,0.0,-0.32709631971826214,-1.4199262425824795,1.2359535989043697,-1.3859864075587467,-1.5710458023397382,2.7380093991604926,-7.542673247377131e-06,1.7906222057846975e-05,6.036131979947893e-06,-2.402662159883108e-05,2.7026832807653655e-05,1.944520231983574e-05,0.00025915148804025074,-8.034986038314054,-6.268680638473024,-0.9626674045990509,-4.859423580124278e-05,-6.153195614027045e-07,28.0,28.0,14.0,6.0,6.0,6.0
0.8480727931109726,1.0,1.42365237732538e-05,5.484603097295675e-05,-0.3499460250264615,0.00013809226454893393,0.22382557675114534,-0.3499460250264615,0.00013809226454893393,0.22382557675114534,-0.3499448279610364,0.0001475857998583174,0.22383611802387893,-0.3270934263812464,-1.4199984709369105,1.2359905242919922,-1.3859971205340784,-1.5710623900042933,2.7379610538482666,0.0,0.0,-0.0,0.0,0.0,0.0,-0.32709632323106913,-1.4199261462761814,1.2359536051132365,-1.3859864823884416,-1.571045714460767,2.7380094421902927,-8.782017479395129e-07,2.4076574532392315e-05,1.5522167092539596e-06,-1.870742372721925e-05,2.1969742826212927e-05,1.0757450078099065e-05,0.00025915148804025074,-8.034986038314054,-6.268680638473024,-0.9626674045990509,-4.859423580124278e-05,-6.153195614027045e-07,28.0,28.0,14.0,6.0,6.0,6.0
0.8520727931109726,1.0,1.42365237732538e-05,5.484603097295675e-05,-0.3499460250264615,0.00013809226454893393,0.22382557675114534,-0.3499460250264615,0.00013809226454893393,0.22382557675114534,-0.3499448279610364,0.0001475857998583174,0.22383611802387893,-0.3270934263812464,-1.4199984709369105,1.2359905242919922,-1.3859971205340784,-1.5710623900042933,2.7379610538482666,0.0,0.0,-0.0,0.0,0.0,0.0,-0.3270963016854633,-1.419926026769358,1.235953594462582,-1.3859865372179525,-1.571045645596454,2.7380094525541447,5.3864014615318485e-06,2.9876705858464936e-05,-2.662663645198338e-06,-1.3707377727904127e-05,1.7216078243658642e-05,2.5909629708665896e-06,0.00025915148804025074,-8.034986038314054,-6.268680638473024,-0.9626674045990509,-4.859423580124278e-05,-6.153195614027045e-07,28.0,28.0,14.0,6.0,6.0,6.0
0.8567282321101524,1.0,1.42365237732538e-05,5.484603097295675e-05,-0.3499460250264615,0.00013809226454893393,0.22382557675114534,-0.3499460250264615,0.00013809226454893393,0.22382557675114534,-0.3499448279610364,0.0001475857998583174,0.22383611802387893,-0.3270934263812464,-1.4199984709369105,1.2359905242919922,-1.3859971205340784,-1.5710623900042933,2.7379610538482666,0.0,0.0,-0.0,0.0,0.0,0.0,-0.32709625658494934,-1.4199258854540409,1.2359535679639773,-1.3859865732472905,-1.5710455946059199,2.738009432212005,1.1275128478434929e-05,3.53288293049732e-05,-6.6246511783834976e-06,-9.007334488547913e-06,1.2747633536057615e-05,-5.085534909931937e-06,0.00025915148804025074,-8.034986038314054,-6.268680638473024,-0.9626674045990509,-4.859423580124278e-05,-6.153195614027045e-07,28.0,28.0,14.0,6.0,6.0,6.0
0.8607282321101524,1.0,1.1290931164325644e-05,7.201841430510697e-05,-0.3499460250264615,0.00013809226454893393,0.22382557675114534,-0.3499460250264615,0.00013809226454893393,0.22382557675114534,-0.3499475953732929,0.00014085345354972442,0.22381474185508268,-0.327033821736471,-1.419938866292135,1.2360029220581055,-1.3860209623919886,-1.5711224714862269,2.7379250526428223,0.0,0.0,-0.0,0.0,0.0,0.0,-0.327096245238621,-1.4199257943707555,1.2359535734947757,-1.3859866232551692,-1.571045491202137,2.7380094372478823,2.836582073592833e-06,2.2770821350556064e-05,1.3826996452026126e-06,-1.2501969657373551e-05,2.585094574193705e-05,1.258969289539045e-06,-0.000269564503832415,-8.037048214753236,-6.269213326930029,-0.9627351418555192,-7.033228988725677e-05,6.184033470158401e-07,28.0,28.0,14.0,6.0,6.0,6.0
0.8657600471125919,1.0,1.1290931164325644e-05,7.201841430510697e-05,-0.3499460250264615,0.00013809226454893393,0.22382557675114534,-0.3499460250264615,0.00013809226454893393,0.22382557675114534,-0.3499475953732929,0.00014085345354972442,0.22381474185508268,-0.327033821736471,-1.419938866292135,1.2360029220581055,-1.3860209623919886,-1.5711224714862269,2.7379250526428223,0.0,0.0,-0.0,0.0,0.0,0.0,-0.32709626562122723,-1.41992575050558,1.2359536091332135,-1.385986686402876,-1.5710453385299001,2.7380094661390952,-5.0956515469587375e-06,1.0966293873403952e-05,8.909609419373557e-06,-1.578692671606965e-05,3.8168059215463714e-05,7.222803237041769e-06,-0.000269564503832415,-8.037048214753236,-6.269213326930029,-0.9627351418555192,-7.033228988725677e-05,6.184033470158401e-07,28.0,28.0,14.0,6.0,6.0,6.0
0.8697600471125919,1.0,1.187292056923632e-05,5.045979403729379e-05,-0.3499460250264615,0.00013809226454893393,0.22382557675114534,-0.3499460250264615,0.00013809226454893393,0.22382557675114534,-0.349939353751442,0.00014679054340251162,0.2238301374832623,-0.3270815054522913,-1.4199865500079554,1.2359905242919922,-1.3859732786761683,-1.5710862318622034,2.7379729747772217,0.0,0.0,-0.0,0.0,0.0,0.0,-0.3270962753688016,-1.4199257107409655,1.2359536621981506,-1.3859867770445082,-1.5710451812985482,2.7380094477771975,-2.4368935853288053e-06,9.94115361117872e-06,1.3266234266915347e-05,-2.266040806731098e-05,3.9307838004351236e-05,-4.5904744148088725e-06,0.00018169699913959603,-8.035617891029213,-6.2687996343748456,-0.9626872991357697,-5.4193167007787964e-05,-6.151923324142719e-07,28.0,28.0,14.0,6.0,6.0,6.0
0.8744083621343601,1.0,1.187292056923632e-05,5.045979403729379e-05,-0.3499460250264615,0.00013809226454893393,0.22382557675114534,-0.3499460250264615,0.00013809226454893393,0.22382557675114534,-0.349939353751442,0.00014679054340251162,0.2238301374832623,-0.3270815054522913,-1.4199865500079554,1.2359905242919922,-1.3859732786761683,-1.5710862318622034,2.7379729747772217,0.0,0.0,-0.0,0.0,0.0,0.0,-0.327096275119446,-1.4199256748308784,1.235953731643997,-1.3859868935304305,-1.571045019781628,2.7380093849973757,6.233889860333107e-08,8.977521764687004e-06,1.736146162360463e-05,-2.9121480537477832e-05,4.037923006590551e-05,-1.5694955407548478e-05,0.00018169699913959603,-8.035617891029213,-6.2687996343748456,-0.9626872991357697,-5.4193167007787964e-05,-6.151923324142719e-07,28.0,28.0,14.0,6.0,6.0,6.0
0.8784083621343601,1.0,1.187292056923632e-05,5.045979403729379e-05,-0.3499460250264615,0.00013809226454893393,0.22382557675114534,-0.3499460250264615,0.00013809226454893393,0.22382557675114534,-0.349939353751442,0.00014679054340251162,0.2238301374832623,-0.3270815054522913,-1.4199865500079554,1.2359905242919922,-1.3859732786761683,-1.5710862318622034,2.7379729747772217,0.0,0.0,-0.0,0.0,0.0,0.0,-0.32709626547297627,-1.4199256425440472,1.2359538164878985,-1.3859870343099852,-1.5710448542362736,2.7380092804647056,2.4116174334995393e-06,8.07170782898479e-06,2.121097533889255e-05,-3.519488865943467e-05,4.1386338603766526e-05,-2.6133167540723704e-05,0.00018169699913959603,-8.035617891029213,-6.2687996343748456,-0.9626872991357697,-5.4193167007787964e-05,-6.151923324142719e-07,28.0,28.0,14.0,6.0,6.0,6.0
0.8834425531153105,1.0,1.187292056923632e-05,5.045979403729379e-05,-0.3499460250264615,0.00013809226454893393,0.22382557675114534,-0.3499460250264615,0.00013809226454893393,0.22382557675114534,-0.349939353751442,0.00014679054340251162,0.2238301374832623,-0.3270815054522913,-1.4199865500079554,1.2359905242919922,-1.3859732786761683,-1.5710862318622034,2.7379729747772217,0.0,0.0,-0.0,0.0,0.0,0.0,-0.32709624699321926,-1.4199256136630762,1.2359539158059714,-1.3859871979255542,-1.571044684904191,2.738009136684358,4.6199392563019746e-06,7.220242729424708e-06,2.48295182312632e-05,-4.09038922940741e-05,4.2333020629355886e-05,-3.5945086945908415e-05,0.00018169699913959603,-8.035617891029213,-6.2687996343748456,-0.9626872991357697,-5.4193167007787964e-05,-6.151923324142719e-07,28.0,28.0,14.0,6.0,6.0,6.0
0.8874425531153105,1.0,5.7371800571854586e-06,6.208839496933891e-05,-0.3499460250264615,0.00013809226454893393,0.22382557675114534,-0.3499460250264615,0.00013809226454893393,0.22382557675114534,-0.34994839930614974,0.00013317027433134475,0.22382382974133755,-0.327033821736471,-1.4199507872210901,1.235978603363037,-1.3859971205340784,-1.5710862318622034,2.737913131713867,0.0,0.0,-0.0,0.0,0.0,0.0,-0.32709624761908146,-1.419925608452998,1.2359540354720238,-1.3859873692674671,-1.571044511994257,2.738009052473127,-1.5646554535039462e-07,1.3025195377517035e-06,2.9916513077143017e-05,-4.283547820826022e-05,4.3227483487187255e-05,-2.1052807773490587e-05,-0.00018644397759982637,-8.036395687333894,-6.268976696496257,-0.9627062922402637,-6.649229290167058e-05,7.721609501245685e-07,28.0,28.0,14.0,6.0,6.0,6.0
0.8925432321170814,1.0,5.7371800571854586e-06,6.208839496933891e-05,-0.3499460250264615,0.00013809226454893393,0.22382557675114534,-0.3499460250264615,0.00013809226454893393,0.22382557675114534,-0.34994839930614974,0.00013317027433134475,0.22382382974133755,-0.327033821736471,-1.4199507872210901,1.235978603363037,-1.3859971205340784,-1.5710862318622034,2.737913131713867,0.0,0.0,-0.0,0.0,0.0,0.0,-0.3270962662042257,-1.419925625493559,1.2359541742651767,-1.385987547872143,-1.5710443357211428,2.7380090242568658,-4.6462860589036214e-06,-4.260140262420921e-06,3.469828823227005e-05,-4.4651168967595175e-05,4.406827857354874e-05,-7.0540653514178305e-06,-0.00018644397759982637,-8.036395687333894,-6.268976696496257,-0.9627062922402637,-6.649229290167058e-05,7.721609501245685e-07,28.0,28.0,14.0,6.0,6.0,6.0
0.8965432321170814,1.0,1.375191652515938e-05,6.111661445515846e-05,-0.3499460250264615,0.00013809226454893393,0.22382557675114534,-0.3499460250264615,0.00013809226454893393,0.22382557675114534,-0.3499346538014071,0.00014219063193751799,0.22381901825790182,-0.32705766359438115,-1.4199746290790003,1.2360148429870605,-1.3859732786761683,-1.5711105505572718,2.7379369735717773,0.0,0.0,-0.0,0.0,0.0,0.0,-0.32709629672350493,-1.4199256737873234,1.235954346908225,-1.3859877805863101,-1.5710441282897045,2.7380089986909173,-7.629819798914708e-06,-1.2073441068373662e-05,4.3160762052890185e-05,-5.817854177722673e-05,5.185785958721888e-05,-6.391487102269513e-06,-1.8230776036810384e-05,-8.036379549239262,-6.269053139181938,-0.9627256050506182,-6.291907421013328e-05,1.5706693870777446e-07,28.0,28.0,14.0,6.0,6.0,6.0
0.901183235113975,1.0,1.375191652515938e-05,6.111661445515846e-05,-0.3499460250264615,0.00013809226454893393,0.22382557675114534,-0.3499460250264615,0.00013809226454893393,0.22382557675114534,-0.3499346538014071,0.00014219063193751799,0.22381901825790182,-0.32705766359438115,-1.4199746290790003,1.2360148429870605,-1.3859732786761683,-1.5711105505572718,2.7379369735717773,0.0,0.0,-0.0,0.0,0.0,0.0,-0.327096338460871,-1.4199257514590986,1.2359545513701748,-1.385988064163399,-1.5710438915694416,2.738008975616263,-1.0434341514525129e-05,-1.9417943825969237e-05,5.111548744427312e-05,-7.089427221828039e-05,5.9180065740068804e-05,-5.768663548070094e-06,-1.8230776036810384e-05,-8.036379549239262,-6.269053139181938,-0.9627256050506182,-6.291907421013328e-05,1.5706693870777446e-07,28.0,28.0,14.0,6.0,6.0,6.0
0.905183235113975,1.0,1.375191652515938e-05,6.111661445515846e-05,-0.3499460250264615,0.00013809226454893393,0.22382557675114534,-0.3499460250264615,0.00013809226454893393,0.22382557675114534,-0.3499346538014071,0.00014219063193751799,0.22381901825790182,-0.32705766359438115,-1.4199746290790003,1.2360148429870605,-1.3859732786761683,-1.5711105505572718,2.7379369735717773,0.0,0.0,-0.0,0.0,0.0,0.0,-0.3270963907432387,-1.4199258567462043,1.235954785741892,-1.3859883955516343,-1.5710436273176835,2.7380089548834254,-1.3070591927198924e-05,-2.632177641810908e-05,5.859292931217307e-05,-8.284705883287083e-05,6.606293952374773e-05,-5.183209407122641e-06,-1.8230776036810384e-05,-8.036379549239262,-6.269053139181938,-0.9627256050506182,-6.291907421013328e-05,1.5706693870777446e-07,28.0,28.0,14.0,6.0,6.0,6.0
0.9102316731184259,1.0,1.375191652515938e-05,6.111661445515846e-05,-0.3499460250264615,0.00013809226454893393,0.22382557675114534,-0.3499460250264615,0.00013809226454893393,0.22382557675114534,-0.3499346538014071,0.00014219063193751799,0.22381901825790182,-0.32705766359438115,-1.4199746290790003,1.2360148429870605,-1.3859732786761683,-1.5711105505572718,2.7379369735717773,0.0,0.0,-0.0,0.0,0.0,0.0,-0.32709645293790796,-1.4199259879917205,1.2359550482287907,-1.3859887718823474,-1.57104333718632,2.7380089363518954,-1.554866731511229e-05,-3.281137905472053e-05,6.562172466799903e-05,-9.408267825058585e-05,7.253284088040593e-05,-4.632882514632035e-06,-1.8230776036810384e-05,-8.036379549239262,-6.269053139181938,-0.9627256050506182,-6.291907421013328e-05,1.5706693870777446e-07,28.0,28.0,14.0,6.0,6.0,6.0
0.9142316731184259,1.0,1.0302102617689195e-05,5.331498456644562e-05,-0.3499460250264615,0.00013809226454893393,0.22382557675114534,-0.3499460250264615,0.00013809226454893393,0.22382557675114534,-0.3499526949783707,0.0001445273204826418,0.22383007509695285,-0.32706958452333623,-1.4199865500079554,1.2360148429870605,-1.3860567251788538,-1.5710743109332483,2.7379610538482666,0.0,0.0,-0.0,0.0,0.0,0.0,-0.327096504557357,-1.4199260785269088,1.2359552464744439,-1.3859890550600613,-1.5710430644664617,2.738008898309975,-1.2904862267987538e-05,-2.2633797073903274e-05,4.956141327981157e-05,-7.079442847497837e-05,6.817996453626646e-05,-9.510480028641222e-06,-8.029803853045406e-05,-8.0352112462987,-6.268874797512792,-0.9626872278272934,-5.6009234796456866e-05,-3.077881585818147e-07,28.0,28.0,14.0,6.0,6.0,6.0
0.9193228541142311,1.0,1.0302102617689195e-05,5.331498456644562e-05,-0.3499460250264615,0.00013809226454893393,0.22382557675114534,-0.3499460250264615,0.00013809226454893393,0.22382557675114534,-0.3499526949783707,0.0001445273204826418,0.22383007509695285,-0.32706958452333623,-1.4199865500079554,1.2360148429870605,-1.3860567251788538,-1.5710743109332483,2.7379610538482666,0.0,0.0,-0.0,0.0,0.0,0.0,-0.3270965462360991,-1.419926130794389,1.2359553843333262,-1.385989250673956,-1.5710428081134187,2.738008841928288,-1.0419685523690271e-05,-1.3066870011935055e-05,3.4464720574915356e-05,-4.890347368590734e-05,6.408826077277536e-05,-1.4095421691809858e-05,-8.029803853045406e-05,-8.0352112462987,-6.268874797512792,-0.9626872278272934,-5.6009234796456866e-05,-3.077881585818147e-07,28.0,28.0,14.0,6.0,6.0,6.0
0.9233228541142311,1.0,1.064040214886181e-05,3.769729321553075e-05,-0.3499460250264615,0.00013809226454893393,0.22382557675114534,-0.3499460250264615,0.00013809226454893393,0.22382557675114534,-0.3499406585870864,0.00013365466181881276,0.2238175314314915,-0.32705766359438115,-1.4199746290790003,1.2360267639160156,-1.3859971205340784,-1.5710623900042933,2.7379491329193115,0.0,0.0,-0.0,0.0,0.0,0.0,-0.32709658111230294,-1.4199261973788455,1.235955529064364,-1.3859894734309752,-1.5710425808706254,2.738008793231563,-8.71905097422016e-06,-1.6646114139772998e-05,3.6182759430223744e-05,-5.568925480623326e-05,5.681069829130676e-05,-1.2174181381563583e-05,0.0001904687105603301,-8.036343150266262,-6.269105519384056,-0.9627303408830531,-5.7816620212910926e-05,1.2551876619266721e-10,28.0,28.0,14.0,6.0,6.0,6.0
0.9278619371342942,1.0,1.064040214886181e-05,3.769729321553075e-05,-0.3499460250264615,0.00013809226454893393,0.22382557675114534,-0.3499460250264615,0.00013809226454893393,0.22382557675114534,-0.3499406585870864,0.00013365466181881276,0.2238175314314915,-0.32705766359438115,-1.4199746290790003,1.2360267639160156,-1.3859971205340784,-1.5710623900042933,2.7379491329193115,0.0,0.0,-0.0,0.0,0.0,0.0,-0.32709660959412096,-1.41992627742126,1.2359556802552278,-1.3859897217025314,-1.571042380991467,2.738008751758701,-7.120454497718254e-06,-2.0010603619940662e-05,3.779771595421363e-05,-6.206788905933962e-05,4.9969789558726283e-05,-1.0368215489932084e-05,0.0001904687105603301,-8.036343150266262,-6.269105519384056,-0.9627303408830531,-5.7816620212910926e-05,1.2551876619266721e-10,28.0,28.0,14.0,6.0,6.0,6.0
0.9318619371342942,1.0,1.064040214886181e-05,3.769729321553075e-05,-0.3499460250264615,0.00013809226454893393,0.22382557675114534,-0.3499460250264615,0.00013809226454893393,0.22382557675114534,-0.3499406585870864,0.00013365466181881276,0.2238175314314915,-0.32705766359438115,-1.4199746290790003,1.2360267639160156,-1.3859971205340784,-1.5710623900042933,2.7379491329193115,0.0,0.0,-0.0,0.0,0.0,0.0,-0.3270966320652162,-1.419926370114155,1.2359558375183282,-1.3859899939577525,-1.5710422068341257,2.7380087170762706,-5.617773809806463e-06,-2.317322373129827e-05,3.9315775086764125e-05,-6.80638052572596e-05,4.353933535010063e-05,-8.670607551798476e-06,0.0001904687105603301,-8.036343150266262,-6.269105519384056,-0.9627303408830531,-5.7816620212910926e-05,1.2551876619266721e-10,28.0,28.0,14.0,6.0,6.0,6.0
0.9369946741217285,1.0,3.2923305044013e-06,2.644333547954132e-05,-0.3499460250264615,0.00013809226454893393,0.22382557675114534,-0.3499460250264615,0.00013809226454893393,0.22382557675114534,-0.34994331313222005,0.0001371722798457386,0.2238272011580892,-0.32705766359438115,-1.4199746290790003,1.2359905242919922,-1.3859851996051233,-1.5710743109332483,2.7379729747772217,0.0,0.0,-0.0,0.0,0.0,0.0,-0.32709665318645187,-1.4199264634914575,1.235956002475535,-1.3859902739425196,-1.571042043126478,2.7380086570105604,-5.280308909985203e-06,-2.334432563027635e-05,4.1239301675696654e-05,-6.999619176765857e-05,4.092691193438532e-05,-1.5016427520920066e-05,3.5206361058856995e-05,-8.035868572390795,-6.268878340512603,-0.9626971316838331,-5.908000012154588e-05,-3.0757614136207687e-07,28.0,28.0,14.0,6.0,6.0,6.0
0.9409946741217285,1.0,3.2923305044013e-06,2.644333547954132e-05,-0.3499460250264615,0.00013809226454893393,0.22382557675114534,-0.3499460250264615,0.00013809226454893393,0.22382557675114534,-0.34994331313222005,0.0001371722798457386,0.2238272011580892,-0.32705766359438115,-1.4199746290790003,1.2359905242919922,-1.3859851996051233,-1.5710743109332483,2.7379729747772217,0.0,0.0,-0.0,0.0,0.0,0.0,-0.3270966730388195,-1.4199265575121032,1.2359561746652017,-1.3859905611930599,-1.5710418892415423,2.738008573084567,-4.963091904153218e-06,-2.3505161415315744e-05,4.304741666929323e-05,-7.181263508743361e-05,3.847123392361293e-05,-2.098149829189436e-05,3.5206361058856995e-05,-8.035868572390795,-6.268878340512603,-0.9626971316838331,-5.908000012154588e-05,-3.0757614136207687e-07,28.0,28.0,14.0,6.0,6.0,6.0
0.9456607991161294,1.0,3.2923305044013e-06,2.644333547954132e-05,-0.3499460250264615,0.00013809226454893393,0.22382557675114534,-0.3499460250264615,0.00013809226454893393,0.22382557675114534,-0.34994331313222005,0.0001371722798457386,0.2238272011580892,-0.32705766359438115,-1.4199746290790003,1.2359905242919922,-1.3859851996051233,-1.5710743109332483,2.7379729747772217,0.0,0.0,-0.0,0.0,0.0,0.0,-0.3270966916984512,-1.4199266521374914,1.2359563536533806,-1.385990855273427,-1.571041744589956,2.738008466729908,-4.664907918671153e-06,-2.3656347053252776e-05,4.474704476327401e-05,-7.352009180802214e-05,3.616289659348688e-05,-2.65886648166102e-05,3.5206361058856995e-05,-8.035868572390795,-6.268878340512603,-0.9626971316838331,-5.908000012154588e-05,-3.0757614136207687e-07,28.0,28.0,14.0,6.0,6.0,6.0
0.9496607991161294,1.0,7.780831395085196e-06,1.192428124506789e-05,-0.3499460250264615,0.00013809226454893393,0.22382557675114534,-0.3499460250264615,0.00013809226454893393,0.22382557675114534,-0.34994249528920857,0.00013272264947998593,0.22382996417933682,-0.3270457426654261,-1.4199984709369105,1.2360148429870605,-1.3860090414630335,-1.5710743109332483,2.7379610538482666,0.0,0.0,-0.0,0.0,0.0,0.0,-0.3270967160997375,-1.4199267210085667,1.2359565048042285,-1.3859911209633562,-1.5710416086123262,2.7380083598952907,-6.100321575503961e-06,-1.7217768794964486e-05,3.778771194555532e-05,-6.642248229557077e-05,3.3994407461318775e-05,-2.6708654291006095e-05,-0.0002675258250992006,-8.03507622608858,-6.268818834465346,-0.9626926183144452,-6.21583513293542e-05,-4.2812698550091275e-11,28.0,28.0,14.0,6.0,6.0,6.0
0.9545394520966806,1.0,7.780831395085196e-06,1.192428124506789e-05,-0.3499460250264615,0.00013809226454893393,0.22382557675114534,-0.3499460250264615,0.00013809226454893393,0.22382557675114534,-0.34994249528920857,0.00013272264947998593,0.22382996417933682,-0.3270457426654261,-1.4199984709369105,1.2360148429870605,-1.3860090414630335,-1.5710743109332483,2.7379610538482666,0.0,0.0,-0.0,0.0,0.0,0.0,-0.32709674589817916,-1.4199267656705876,1.235956629787985,-1.3859913599662737,-1.5710414807882156,2.738008252609513,-7.4496104129268004e-06,-1.116550523217349e-05,3.1245939096899754e-05,-5.975072935386649e-05,3.195602767708076e-05,-2.6821444396938234e-05,-0.0002675258250992006,-8.03507622608858,-6.268818834465346,-0.9626926183144452,-6.21583513293542e-05,-4.2812698550091275e-11,28.0,28.0,14.0,6.0,6.0,6.0
0.9585394520966806,1.0,7.780831395085196e-06,1.192428124506789e-05,-0.3499460250264615,0.00013809226454893393,0.22382557675114534,-0.3499460250264615,0.00013809226454893393,0.22382557675114534,-0.34994249528920857,0.00013272264947998593,0.22382996417933682,-0.3270457426654261,-1.4199984709369105,1.2360148429870605,-1.3860090414630335,-1.5710743109332483,2.7379610538482666,0.0,0.0,-0.0,0.0,0.0,0.0,-0.32709678076994686,-1.4199267875760975,1.2359567301746754,-1.3859915738834,-1.5710413606284128,2.7380081448996445,-8.71794192010427e-06,-5.476377483149955e-06,2.509667261916352e-05,-5.347928158866446e-05,3.0039950679897023e-05,-2.6927467096514446e-05,-0.0002675258250992006,-8.03507622608858,-6.268818834465346,-0.9626926183144452,-6.21583513293542e-05,-4.2812698550091275e-11,28.0,28.0,14.0,6.0,6.0,6.0
0.9637363031054851,1.0,5.0545837514268156e-06,1.1930480498218058e-05,-0.3499460250264615,0.00013809226454893393,0.22382557675114534,-0.3499460250264615,0.00013809226454893393,0.22382557675114534,-0.3499456625296929,0.00013379706402667112,0.22382821657414442,-0.3270457426654261,-1.4199746290790003,1.2359905242919922,-1.3859971205340784,-1.5710743109332483,2.7379491329193115,0.0,0.0,-0.0,0.0,0.0,0.0,-0.3270968204040009,-1.4199268079289864,1.2359568312746034,-1.3859917813904494,-1.5710412476735607,2.7380080505306834,-9.908513508798379e-06,-5.088222254088341e-06,2.5274981990658706e-05,-5.187676234026317e-05,2.823871305784724e-05,-2.359224024191655e-05,-0.0001348035487019123,-8.035712144047721,-6.268863713948849,-0.9626944708430439,-6.215590193825179e-05,1.5380682642279438e-07,28.0,28.0,14.0,6.0,6.0,6.0
0.9677363031054851,1.0,5.0545837514268156e-06,1.1930480498218058e-05,-0.3499460250264615,0.00013809226454893393,0.22382557675114534,-0.3499460250264615,0.00013809226454893393,0.22382557675114534,-0.3499456625296929,0.00013379706402667112,0.22382821657414442,-0.3270457426654261,-1.4199746290790003,1.2359905242919922,-1.3859971205340784,-1.5710743109332483,2.7379491329193115,0.0,0.0,-0.0,0.0,0.0,0.0,-0.3270968645146041,-1.4199268268224117,1.2359569330449747,-1.3859919828720264,-1.5710411414913619,2.7380079687021754,-1.1027650802170841e-05,-4.723356338770423e-06,2.544259279986418e-05,-5.037039424676596e-05,2.6545549693120446e-05,-2.0457126998594527e-05,-0.0001348035487019123,-8.035712144047721,-6.268863713948849,-0.9626944708430439,-6.215590193825179e-05,1.5380682642279438e-07,28.0,28.0,14.0,6.0,6.0,6.0
0.9724499201087751,1.0,5.0545837514268156e-06,1.1930480498218058e-05,-0.3499460250264615,0.00013809226454893393,0.22382557675114534,-0.3499460250264615,0.00013809226454893393,0.22382557675114534,-0.3499456625296929,0.00013379706402667112,0.22382821657414442,-0.3270457426654261,-1.4199746290790003,1.2359905242919922,-1.3859971205340784,-1.5710743109332483,2.7379491329193115,0.0,0.0,-0.0,0.0,0.0,0.0,-0.32709691283316356,-1.4199268443439412,1.2359570354455625,-1.3859921786896594,-1.5710410416754574,2.738007898661693,-1.2079639857940957e-05,-4.3803823783715805e-06,2.5600146960517325e-05,-4.8954408238878574e-05,2.495397613027726e-05,-1.7510120549871826e-05,-0.0001348035487019123,-8.035712144047721,-6.268863713948849,-0.9626944708430439,-6.215590193825179e-05,1.5380682642279438e-07,28.0,28.0,14.0,6.0,6.0,6.0
0.9764499201087751,1.0,1.564854493734259e-05,7.051669382718932e-05,-0.3499460250264615,0.00013809226454893393,0.22382557675114534,-0.3499460250264615,0.00013809226454893393,0.22382557675114534,-0.34993862068106474,0.00015071403121645526,0.22382003205691642,-0.3270934263812464,-1.4199746290790003,1.2360148429870605,-1.3859851996051233,-1.5710862318622034,2.7379729747772217,0.0,0.0,-0.0,0.0,0.0,0.0,-0.3270969419785771,-1.419926882325095,1.2359571584478706,-1.3859924091865061,-1.5710409341345857,2.738007780432887,-7.286353388164222e-06,-9.495288462528945e-06,3.07505770479863e-05,-5.762421169335424e-05,2.6885217947422307e-05,-2.9557201578912235e-05,0.0004526749143707666,-8.036414923640471,-6.269048627982253,-0.9627187969088871,-5.1116932258155354e-05,-7.689117698988904e-07,28.0,28.0,14.0,6.0,6.0,6.0
0.9813558811261323,1.0,1.564854493734259e-05,7.051669382718932e-05,-0.3499460250264615,0.00013809226454893393,0.22382557675114534,-0.3499460250264615,0.00013809226454893393,0.22382557675114534,-0.34993862068106474,0.00015071403121645526,0.22382003205691642,-0.3270934263812464,-1.4199746290790003,1.2360148429870605,-1.3859851996051233,-1.5710862318622034,2.7379729747772217,0.0,0.0,-0.0,0.0,0.0,0.0,-0.3270969531012335,-1.4199269395382956,1.2359573008157958,-1.3859926722818139,-1.5710408193322447,2.7380076169070557,-2.780664106574092e-06,-1.430330018163687e-05,3.5591981330207137e-05,-6.577382694056136e-05,2.8700585255538652e-05,-4.088145774621022e-05,0.0004526749143707666,-8.036414923640471,-6.269048627982253,-0.9627187969088871,-5.1116932258155354e-05,-7.689117698988904e-07,28.0,28.0,14.0,6.0,6.0,6.0
0.9853558811261323,1.0,1.2318743414745678e-05,7.734714955483281e-05,-0.3499460250264615,0.00013809226454893393,0.22382557675114534,-0.3499460250264615,0.00013809226454893393,0.22382557675114534,-0.34994050596078163,0.0001384486252748567,0.22383658421953606,-0.327033821736471,-1.4200227896319788,1.2360267639160156,-1.3860333601581019,-1.5711224714862269,2.7379369735717773,0.0,0.0,-0.0,0.0,0.0,0.0,-0.32709699463598063,-1.4199269476797935,1.2359573885321138,-1.3859928631183303,-1.571040655942835,2.738007473588054,-1.0383686787010541e-05,-2.0353744744060993e-06,2.1929079479439814e-05,-4.7709129113064214e-05,4.08473524677604e-05,-3.5829750377580695e-05,-0.0008672552542636821,-8.034076933183393,-6.268676023508113,-0.9626748854696007,-7.033977214842558e-05,4.6431228497858773e-07,28.0,28.0,14.0,6.0,6.0,6.0
0.9904779321183454,1.0,1.2318743414745678e-05,7.734714955483281e-05,-0.3499460250264615,0.00013809226454893393,0.22382557675114534,-0.3499460250264615,0.00013809226454893393,0.22382557675114534,-0.34994050596078163,0.0001384486252748567,0.22383658421953606,-0.327033821736471,-1.4200227896319788,1.2360267639160156,-1.3860333601581019,-1.5711224714862269,2.7379369735717773,0.0,0.0,-0.0,0.0,0.0,0.0,-0.3270970647580931,-1.4199269096938907,1.2359574248759206,-1.385992986031583,-1.5710404468815804,2.7380073492634724,-1.75305281066208e-05,9.496475690390827e-06,9.08595173971853e-06,-3.072831315521689e-05,5.226531364724884e-05,-3.108114545106894e-05,-0.0008672552542636821,-8.034076933183393,-6.268676023508113,-0.9626748854696007,-7.033977214842558e-05,4.6431228497858773e-07,28.0,28.0,14.0,6.0,6.0,6.0
0.9944779321183455,1.0,1.2318743414745678e-05,7.734714955483281e-05,-0.3499460250264615,0.00013809226454893393,0.22382557675114534,-0.3499460250264615,0.00013809226454893393,0.22382557675114534,-0.34994050596078163,0.0001384486252748567,0.22383658421953606,-0.327033821736471,-1.4200227896319788,1.2360267639160156,-1.3860333601581019,-1.5711224714862269,2.7379369735717773,0.0,0.0,-0.0,0.0,0.0,0.0,-0.3270971617523289,-1.4199268283482314,1.2359574129295674,-1.3859930450969675,-1.5710401948887918,2.7380072427936453,-2.4248558947054445e-05,2.0336414845299937e-05,-2.9865883356194768e-06,-1.4766346154840405e-05,6.299819715596798e-05,-2.6617456820147885e-05,-0.0008672552542636821,-8.034076933183393,-6.268676023508113,-0.9626748854696007,-7.033977214842558e-05,4.6431228497858773e-07,28.0,28.0,14.0,6.0,6.0,6.0
0.9991036881208424,1.0,1.2318743414745678e-05,7.734714955483281e-05,-0.3499460250264615,0.00013809226454893393,0.22382557675114534,-0.3499460250264615,0.00013809226454893393,0.22382557675114534,-0.34994050596078163,0.0001384486252748567,0.22383658421953606,-0.327033821736471,-1.4200227896319788,1.2360267639160156,-1.3860333601581019,-1.5711224714862269,2.7379369735717773,0.0,0.0,-0.0,0.0,0.0,0.0,-0.3270972840063606,-1.4199267062444008,1.2359573555904633,-1.3859930441453563,-1.5710399025403612,2.7380071531072874,-3.056350793706207e-05,3.05259576509145e-05,-1.4334776006437203e-05,2.3790282551349282e-07,7.308710765416396e-05,-2.2421589507082094e-05,-0.0008672552542636821,-8.034076933183393,-6.268676023508113,-0.9626748854696007,-7.033977214842558e-05,4.6431228497858773e-07,28.0,28.0,14.0,6.0,6.0,6.0
1.0031036881208424,1.0,1.9062573911753287e-05,3.9031543106317825e-05,-0.3499460250264615,0.00013809226454893393,0.22382557675114534,-0.3499460250264615,0.00013809226454893393,0.22382557675114534,-0.3499295494611798,0.00014763634314236365,0.22382649764016846,-0.3270934263812464,-1.4200108687030237,1.2360267639160156,-1.3859613577472132,-1.5710862318622034,2.7379250526428223,0.0,0.0,-0.0,0.0,0.0,0.0,-0.32709738265917576,-1.419926592057166,1.2359573213911175,-1.385993103013472,-1.5710396140174234,2.7380070716095997,-2.4663203788487276e-05,2.8546808691086993e-05,-8.549836436086804e-06,-1.4717028920393346e-05,7.213073441794612e-05,-2.0374421980046583e-05,0.0002994291880491881,-8.035418876177525,-6.268856052796354,-0.962703486628324,-5.1118953974144845e-05,-1.5060297071991314e-07,28.0,28.0,14.0,6.0,6.0,6.0
1.0080868241146677,1.0,1.9062573911753287e-05,3.9031543106317825e-05,-0.3499460250264615,0.00013809226454893393,0.22382557675114534,-0.3499460250264615,0.00013809226454893393,0.22382557675114534,-0.3499295494611798,0.00014763634314236365,0.22382649764016846,-0.3270934263812464,-1.4200108687030237,1.2360267639160156,-1.3859613577472132,-1.5710862318622034,2.7379250526428223,0.0,0.0,-0.0,0.0,0.0,0.0,-0.3270974591268473,-1.4199264853115312,1.2359573089431446,-1.385993218112131,-1.5710393290904492,2.738006997809262,-1.9116917888826965e-05,2.6686408668849136e-05,-3.11199323995743e-06,-2.8774664761545773e-05,7.123174357590136e-05,-1.8450084504633205e-05,0.0002994291880491881,-8.035418876177525,-6.268856052796354,-0.962703486628324,-5.1118953974144845e-05,-1.5060297071991314e-07,28.0,28.0,14.0,6.0,6.0,6.0
1.0120868241146677,1.0,8.287643586074298e-06,4.2977847384814084e-05,-0.3499460250264615,0.00013809226454893393,0.22382557675114534,-0.3499460250264615,0.00013809226454893393,0.22382557675114534,-0.34993904885052807,0.000139897818122398,0.22382148309973748,-0.32706958452333623,-1.4199865500079554,1.2360267639160156,-1.3859971205340784,-1.5710743109332483,2.7379729747772217,0.0,0.0,-0.0,0.0,0.0,0.0,-0.32709752415002624,-1.4199263911612208,1.2359573044267647,-1.3859933547629857,-1.571039061264156,2.738006894094649,-1.625579473268464e-05,2.3537577623471157e-05,-1.1290950043750395e-06,-3.416271365726548e-05,6.695657327449241e-05,-2.5928653199762047e-05,0.00016756725823731747,-8.035936029586182,-6.269012186602278,-0.9627178473829846,-5.6005757860191286e-05,-4.613402097895267e-07,28.0,28.0,14.0,6.0,6.0,6.0
1.0173466040950738,1.0,8.287643586074298e-06,4.2977847384814084e-05,-0.3499460250264615,0.00013809226454893393,0.22382557675114534,-0.3499460250264615,0.00013809226454893393,0.22382557675114534,-0.34993904885052807,0.000139897818122398,0.22382148309973748,-0.32706958452333623,-1.4199865500079554,1.2360267639160156,-1.3859971205340784,-1.5710743109332483,2.7379729747772217,0.0,0.0,-0.0,0.0,0.0,0.0,-0.3270975784153821,-1.419926308850515,1.2359573073660821,-1.385993511672904,-1.5710388095125032,2.7380067622606177,-1.3566338965910853e-05,2.0577676440815857e-05,7.348293370724073e-07,-3.9227479619242e-05,6.293791319116801e-05,-3.295850777318316e-05,0.00016756725823731747,-8.035936029586182,-6.269012186602278,-0.9627178473829846,-5.6005757860191286e-05,-4.613402097895267e-07,28.0,28.0,14.0,6.0,6.0,6.0
1.0213466040950738,1.0,8.287643586074298e-06,4.2977847384814084e-05,-0.3499460250264615,0.00013809226454893393,0.22382557675114534,-0.3499460250264615,0.00013809226454893393,0.22382557675114534,-0.34993904885052807,0.000139897818122398,0.22382148309973748,-0.32706958452333623,-1.4199865500079554,1.2360267639160156,-1.3859971205340784,-1.5710743109332483,2.7379729747772217,0.0,0.0,-0.0,0.0,0.0,0.0,-0.3270976225683843,-1.4199262376690376,1.235957317313755,-1.3859936876263426,-1.5710385728710123,2.7380066039943336,-1.1038250545143494e-05,1.7795369329119874e-05,2.4869182180330073e-06,-4.398835962349993e-05,5.9160372712843074e-05,-3.9566571072199004e-05,0.00016756725823731747,-8.035936029586182,-6.269012186602278,-0.9627178473829846,-5.6005757860191286e-05,-4.613402097895267e-07,28.0,28.0,14.0,6.0,6.0,6.0
1.0261053391078025,1.0,1.872913961813629e-05,4.962396326163134e-05,-0.3499460250264615,0.00013809226454893393,0.22382557675114534,-0.3499460250264615,0.00013809226454893393,0.22382557675114534,-0.34994279253692034,0.0001291444073218423,0.22384170956036276,-0.32705766359438115,-1.4200108687030237,1.235978603363037,-1.3859732786761683,-1.571038548146383,2.7379729747772217,0.0,0.0,-0.0,0.0,0.0,0.0,-0.32709765119956885,-1.4199261303968507,1.235957311937584,-1.3859938501050766,-1.5710383916135267,2.7380064406303255,-7.157796135609334e-06,2.6818046748470542e-05,-1.3440427738249116e-06,-4.061968352339818e-05,4.5314371433066745e-05,-4.08410020461271e-05,-6.509654268778429e-05,-8.034369401972738,-6.268514145893783,-0.9626538337126748,-5.529415807961326e-05,-3.0770039978362586e-07,28.0,28.0,14.0,6.0,6.0,6.0
1.0301053391078026,1.0,1.872913961813629e-05,4.962396326163134e-05,-0.3499460250264615,0.00013809226454893393,0.22382557675114534,-0.3499460250264615,0.00013809226454893393,0.22382557675114534,-0.34994279253692034,0.0001291444073218423,0.22384170956036276,-0.32705766359438115,-1.4200108687030237,1.235978603363037,-1.3859732786761683,-1.571038548146383,2.7379729747772217,0.0,0.0,-0.0,0.0,0.0,0.0,-0.3270976652402448,-1.4199259891993965,1.2359572921569995,-1.3859939999175885,-1.5710382624170058,2.7380062724744567,-3.510168990647223e-06,3.529936352266017e-05,-4.945146106171356e-06,-3.7453127989302535e-05,3.229913023007699e-05,-4.2038967161619516e-05,-6.509654268778429e-05,-8.034369401972738,-6.268514145893783,-0.9626538337126748,-5.529415807961326e-05,-3.0770039978362586e-07,28.0,28.0,14.0,6.0,6.0,6.0
1.0343392831047535,1.0,1.872913961813629e-05,4.962396326163134e-05,-0.3499460250264615,0.00013809226454893393,0.22382557675114534,-0.3499460250264615,0.00013809226454893393,0.22382557675114534,-0.34994279253692034,0.0001291444073218423,0.22384170956036276,-0.32705766359438115,-1.4200108687030237,1.235978603363037,-1.3859732786761683,-1.571038548146383,2.7379729747772217,0.0,0.0,-0.0,0.0,0.0,0.0,-0.3270976655658427,-1.4199258161121913,1.2359572588362664,-1.3859941378238516,-1.571038182157792,2.738006099814239,-8.13994743828396e-08,4.327180129039842e-05,-8.330183238577013e-06,-3.447656578725263e-05,2.0064803499266623e-05,-4.3165054370182385e-05,-6.509654268778429e-05,-8.034369401972738,-6.268514145893783,-0.9626538337126748,-5.529415807961326e-05,-3.0770039978362586e-07,28.0,28.0,14.0,6.0,6.0,6.0
1.0383392831047535,1.0,7.598636703919557e-06,2.9205470050735093e-05,-0.3499460250264615,0.00013809226454893393,0.22382557675114534,-0.3499460250264615,0.00013809226454893393,0.22382557675114534,-0.34994284780937657,0.00013856953074356426,0.22383246273606638,-0.32706958452333623,-1.4199984709369105,1.2360029220581055,-1.3859971205340784,-1.5710623900042933,2.7379610538482666,0.0,0.0,-0.0,0.0,0.0,0.0,-0.3270976547299034,-1.4199256312351447,1.2359572147956852,-1.3859942631874946,-1.5710381204470258,2.7380059211897323,2.708984833932436e-06,4.6219261622193425e-05,-1.1010145310595426e-05,-3.1340910737738284e-05,1.5427691531730354e-05,-4.4656126632313916e-05,4.7366447626997636e-05,-8.035086251168364,-6.268756798228346,-0.9626821007919405,-5.474437143351732e-05,-3.076589708974931e-07,28.0,28.0,14.0,6.0,6.0,6.0
1.0432096241186377,1.0,7.598636703919557e-06,2.9205470050735093e-05,-0.3499460250264615,0.00013809226454893393,0.22382557675114534,-0.3499460250264615,0.00013809226454893393,0.22382557675114534,-0.34994284780937657,0.00013856953074356426,0.22383246273606638,-0.32706958452333623,-1.4199984709369105,1.2360029220581055,-1.3859971205340784,-1.5710623900042933,2.7379610538482666,0.0,0.0,-0.0,0.0,0.0,0.0,-0.32709763340211906,-1.4199254352756474,1.2359571606784465,-1.3859943767610745,-1.5710380761718008,2.7380057369587942,5.331946083748795e-06,4.898987433408073e-05,-1.3529309658292735e-05,-2.8393394991194802e-05,1.106880628224626e-05,-4.605773455871755e-05,4.7366447626997636e-05,-8.035086251168364,-6.268756798228346,-0.9626821007919405,-5.474437143351732e-05,-3.076589708974931e-07,28.0,28.0,14.0,6.0,6.0,6.0
1.0472096241186377,1.0,7.598636703919557e-06,2.9205470050735093e-05,-0.3499460250264615,0.00013809226454893393,0.22382557675114534,-0.3499460250264615,0.00013809226454893393,0.22382557675114534,-0.34994284780937657,0.00013856953074356426,0.22383246273606638,-0.32706958452333623,-1.4199984709369105,1.2360029220581055,-1.3859971205340784,-1.5710623900042933,2.7379610538482666,0.0,0.0,-0.0,0.0,0.0,0.0,-0.3270976022120004,-1.4199252288986464,1.23595709708915,-1.3859944792519954,-1.5710380482859843,2.73800554745781,7.797529658576174e-06,5.1594250283254795e-05,-1.5897324145128206e-05,-2.562273018944393e-05,6.971454147731213e-06,-4.7375246009536974e-05,4.7366447626997636e-05,-8.035086251168364,-6.268756798228346,-0.9626821007919405,-5.474437143351732e-05,-3.076589708974931e-07,28.0,28.0,14.0,6.0,6.0,6.0
1.0523281130930413,1.0,1.8426395445151992e-05,5.2284953524049394e-05,-0.3499460250264615,0.00013809226454893393,0.22382557675114534,-0.3499460250264615,0.00013809226454893393,0.22382557675114534,-0.3499487429044349,0.00015414830428033327,0.22383419932480791,-0.3270934263812464,-1.4199865500079554,1.2359905242919922,-1.3860209623919886,-1.5710862318622034,2.7379491329193115,0.0,0.0,-0.0,0.0,0.0,0.0,-0.3270975566356402,-1.4199250103340801,1.235957015166587,-1.3859945362816035,-1.571038008357605,2.738005344386057,1.1394090047153942e-05,5.4641141558969124e-05,-2.0480640760124834e-05,-1.425740202248082e-05,9.982094818870536e-06,-5.07679382595409e-05,0.00014794937359533954,-8.035241951535486,-6.26875569042988,-0.9626714814025442,-5.11204882332256e-05,-4.6155838205552345e-07,28.0,28.0,14.0,6.0,6.0,6.0
1.0563281130930413,1.0,1.8426395445151992e-05,5.2284953524049394e-05,-0.3499460250264615,0.00013809226454893393,0.22382557675114534,-0.3499460250264615,0.00013809226454893393,0.22382557675114534,-0.3499487429044349,0.00015414830428033327,0.22383419932480791,-0.3270934263812464,-1.4199865500079554,1.2359905242919922,-1.3860209623919886,-1.5710862318622034,2.7379491329193115,0.0,0.0,-0.0,0.0,0.0,0.0,-0.327097497536213,-1.4199247803132027,1.2359569160107535,-1.3859945505775777,-1.5710379571092168,2.738005128557781,1.4774856812417045e-05,5.750521935814059e-05,-2.4788958378221662e-05,-3.5739935455354974e-06,1.2812097049741499e-05,-5.395706897454459e-05,0.00014794937359533954,-8.035241951535486,-6.26875569042988,-0.9626714814025442,-5.11204882332256e-05,-4.6155838205552345e-07,28.0,28.0,14.0,6.0,6.0,6.0
1.0610239211132289,1.0,1.8426395445151992e-05,5.2284953524049394e-05,-0.3499460250264615,0.00013809226454893393,0.22382557675114534,-0.3499460250264615,0.00013809226454893393,0.22382557675114534,-0.3499487429044349,0.00015414830428033327,0.22383419932480791,-0.3270934263812464,-1.4199865500079554,1.2359905242919922,-1.3860209623919886,-1.5710862318622034,2.7379491329193115,0.0,0.0,-0.0,0.0,0.0,0.0,-0.3270974257251027,-1.4199245395233928,1.2359568006556458,-1.385994524703936,-1.5710378952200201,2.7380049007383738,1.7952777571764362e-05,6.0197452489361775e-05,-2.8838776939232684e-05,6.468410422793105e-06,1.5472299146760203e-05,-5.6954851846648054e-05,0.00014794937359533954,-8.035241951535486,-6.26875569042988,-0.9626714814025442,-5.11204882332256e-05,-4.6155838205552345e-07,28.0,28.0,14.0,6.0,6.0,6.0
1.0650239211132289,1.0,1.3286623673308455e-05,2.929124102488636e-05,-0.3499460250264615,0.00013809226454893393,0.22382557675114534,-0.3499460250264615,0.00013809226454893393,0.22382557675114534,-0.3499444047355155,0.00015122597070107733,0.2238267662000075,-0.3270815054522913,-1.4199627081500452,1.235978603363037,-1.3859851996051233,-1.5710986296283167,2.7379369735717773,0.0,0.0,-0.0,0.0,0.0,0.0,-0.32709735327282374,-1.4199243303831273,1.2359567210044686,-1.38599452514439,-1.5710378090469186,2.7380046780795633,1.8113069736334902e-05,5.228506639017059e-05,-1.9912794329576952e-05,-1.1011348781719824e-07,2.1543275405656407e-05,-5.566470267578761e-05,0.0002160872587061744,-8.036245067072953,-6.268903843815143,-0.9626943901403955,-5.550543976332109e-05,-1.506894637394475e-07,28.0,28.0,14.0,6.0,6.0,6.0
1.0699809371177111,1.0,1.3286623673308455e-05,2.929124102488636e-05,-0.3499460250264615,0.00013809226454893393,0.22382557675114534,-0.3499460250264615,0.00013809226454893393,0.22382557675114534,-0.3499444047355155,0.00015122597070107733,0.2238267662000075,-0.3270815054522913,-1.4199627081500452,1.235978603363037,-1.3859851996051233,-1.5710986296283167,2.7379369735717773,0.0,0.0,-0.0,0.0,0.0,0.0,-0.32709728021784623,-1.4199241509934335,1.235956674914986,-1.3859945503200939,-1.5710377000469462,2.7380044602717133,1.826374437103121e-05,4.4847423456930876e-05,-1.1522370676500564e-05,-6.293925963790883e-06,2.724999308901884e-05,-5.44519624551788e-05,0.0002160872587061744,-8.036245067072953,-6.268903843815143,-0.9626943901403955,-5.550543976332109e-05,-1.506894637394475e-07,28.0,28.0,14.0,6.0,6.0,6.0
1.0739809371177111,1.0,1.3286623673308455e-05,2.929124102488636e-05,-0.3499460250264615,0.00013809226454893393,0.22382557675114534,-0.3499460250264615,0.00013809226454893393,0.22382557675114534,-0.3499444047355155,0.00015122597070107733,0.2238267662000075,-0.3270815054522913,-1.4199627081500452,1.235978603363037,-1.3859851996051233,-1.5710986296283167,2.7379369735717773,0.0,0.0,-0.0,0.0,0.0,0.0,-0.3270972065963321,-1.4199239995692772,1.2359566603734962,-1.3859945987469326,-1.5710375695897154,2.738004247023767,1.840537852764574e-05,3.7856039099685544e-05,-3.6353724426087598e-06,-1.2106709691206148e-05,3.2614307711379526e-05,-5.331198664780651e-05,0.0002160872587061744,-8.036245067072953,-6.268903843815143,-0.9626943901403955,-5.550543976332109e-05,-1.506894637394475e-07,28.0,28.0,14.0,6.0,6.0,6.0
1.078626878140029,1.0,1.7523710709550234e-05,6.115168589559462e-05,-0.3499460250264615,0.00013809226454893393,0.22382557675114534,-0.3499460250264615,0.00013809226454893393,0.22382557675114534,-0.3499483039924707,0.00015516597035439392,0.2238287978256601,-0.3270815054522913,-1.4199627081500452,1.235978603363037,-1.3860090414630335,-1.5711105505572718,2.7379729747772217,0.0,0.0,-0.0,0.0,0.0,0.0,-0.3270971367416048,-1.4199238634825435,1.2359566570613614,-1.3859946340960108,-1.5710374052332634,2.7380039922898276,1.746368183227605e-05,3.402168342040509e-05,-8.280336746090319e-07,-8.837269552184506e-06,4.1089113027862513e-05,-6.368348479953981e-05,7.460220897227582e-05,-8.0360360573778,-6.268881162108008,-0.962687002974766,-5.676982271013536e-05,-6.15281625505671e-07,28.0,28.0,14.0,6.0,6.0,6.0
1.082626878140029,1.0,1.7523710709550234e-05,6.115168589559462e-05,-0.3499460250264615,0.00013809226454893393,0.22382557675114534,-0.3499460250264615,0.00013809226454893393,0.22382557675114534,-0.3499483039924707,0.00015516597035439392,0.2238287978256601,-0.3270815054522913,-1.4199627081500452,1.235978603363037,-1.3860090414630335,-1.5711105505572718,2.7379729747772217,0.0,0.0,-0.0,0.0,0.0,0.0,-0.327097070427657,-1.419923741812987,1.2359566643048205,-1.385994657151994,-1.5710372090115432,2.7380036985590555,1.657848693862854e-05,3.0417389081881463e-05,1.8108647673107125e-06,-5.763995821504164e-06,4.905543002535652e-05,-7.343269306216911e-05,7.460220897227582e-05,-8.0360360573778,-6.268881162108008,-0.962687002974766,-5.676982271013536e-05,-6.15281625505671e-07,28.0,28.0,14.0,6.0,6.0,6.0
1.0876907511572358,1.0,1.7523710709550234e-05,6.115168589559462e-05,-0.3499460250264615,0.00013809226454893393,0.22382557675114534,-0.3499460250264615,0.00013809226454893393,0.22382557675114534,-0.3499483039924707,0.00015516597035439392,0.2238287978256601,-0.3270815054522913,-1.4199627081500452,1.235978603363037,-1.3860090414630335,-1.5711105505572718,2.7379729747772217,0.0,0.0,-0.0,0.0,0.0,0.0,-0.32709700744204206,-1.4199236336955774,1.2359566814705378,-1.3859946686524682,-1.5710369828364712,2.73800336817126,1.5746403738599883e-05,2.7029352403669253e-05,4.291429302715273e-06,-2.875118514664643e-06,5.654376800300089e-05,-8.259694882904064e-05,7.460220897227582e-05,-8.0360360573778,-6.268881162108008,-0.962687002974766,-5.676982271013536e-05,-6.15281625505671e-07,28.0,28.0,14.0,6.0,6.0,6.0
1.0916907511572358,1.0,6.675601058077581e-06,2.9003440391041278e-05,-0.3499460250264615,0.00013809226454893393,0.22382557675114534,-0.3499460250264615,0.00013809226454893393,0.22382557675114534,-0.3499452345830834,0.00014461345118678404,0.22382676543680058,-0.32706958452333623,-1.4199627081500452,1.235978603363037,-1.3859851996051233,-1.5710862318622034,2.7379610538482666,0.0,0.0,-0.0,0.0,0.0,0.0,-0.32709694567274633,-1.4199235471466685,1.2359567239036138,-1.3859947038583451,-1.5710367565080914,2.7380030327036566,1.5442323933246687e-05,2.1637227232716435e-05,1.0608268988700248e-05,-8.801469195562295e-06,5.6582094969688466e-05,-8.386690086167783e-05,0.00015044873197262113,-8.036191025913284,-6.268900156318657,-0.9626954212709278,-5.726699206184781e-05,-3.075752032133845e-07,28.0,28.0,14.0,6.0,6.0,6.0
1.096746313168202,1.0,6.675601058077581e-06,2.9003440391041278e-05,-0.3499460250264615,0.00013809226454893393,0.22382557675114534,-0.3499460250264615,0.00013809226454893393,0.22382557675114534,-0.3499452345830834,0.00014461345118678404,0.22382676543680058,-0.32706958452333623,-1.4199627081500452,1.235978603363037,-1.3859851996051233,-1.5710862318622034,2.7379610538482666,0.0,0.0,-0.0,0.0,0.0,0.0,-0.3270968850467907,-1.4199234808721501,1.2359567900880069,-1.3859947613473005,-1.5710365300356022,2.7380026924610337,1.5156488916214685e-05,1.6568629572020786e-05,1.6546098293526127e-05,-1.4372238835606088e-05,5.6618122318374795e-05,-8.50606557723568e-05,0.00015044873197262113,-8.036191025913284,-6.268900156318657,-0.9626954212709278,-5.726699206184781e-05,-3.075752032133845e-07,28.0,28.0,14.0,6.0,6.0,6.0
1.100746313168202,1.0,1.155540506351758e-05,6.506873869259049e-05,-0.3499460250264615,0.00013809226454893393,0.22382557675114534,-0.3499460250264615,0.00013809226454893393,0.22382557675114534,-0.34994368955568267,0.00014826153962501417,0.2238206109876743,-0.3270815054522913,-1.4199627081500452,1.2360029220581055,-1.3859971205340784,-1.5710862318622034,2.7379846572875977,0.0,0.0,-0.0,0.0,0.0,0.0,-0.327096818638364,-1.4199234403975687,1.2359568754323547,-1.3859948441540906,-1.5710363034329013,2.7380023136629488,1.6602106681224504e-05,1.0118645377927922e-05,2.1336086978534818e-05,-2.070169753727659e-05,5.665067519578732e-05,-9.469952123663763e-05,0.00033013866243262617,-8.036527057941123,-6.269052158529553,-0.9627154575199652,-5.419189040973658e-05,-7.658793323760134e-07,28.0,28.0,14.0,6.0,6.0,6.0
1.1054623041709424,1.0,1.155540506351758e-05,6.506873869259049e-05,-0.3499460250264615,0.00013809226454893393,0.22382557675114534,-0.3499460250264615,0.00013809226454893393,0.22382557675114534,-0.34994368955568267,0.00014826153962501417,0.2238206109876743,-0.3270815054522913,-1.4199627081500452,1.2360029220581055,-1.3859971205340784,-1.5710862318622034,2.7379846572875977,0.0,0.0,-0.0,0.0,0.0,0.0,-0.3270967467944145,-1.4199234241749277,1.2359569787870601,-1.3859949507596454,-1.5710360767078018,2.7380018986227297,1.7960987380333732e-05,4.05566023548063e-06,2.5838676342442988e-05,-2.665138871684686e-05,5.66812749005551e-05,-0.0001037600547730616,0.00033013866243262617,-8.036527057941123,-6.269052158529553,-0.9627154575199652,-5.419189040973658e-05,-7.658793323760134e-07,28.0,28.0,14.0,6.0,6.0,6.0
1.1094623041709424,1.0,1.155540506351758e-05,6.506873869259049e-05,-0.3499460250264615,0.00013809226454893393,0.22382557675114534,-0.3499460250264615,0.00013809226454893393,0.22382557675114534,-0.34994368955568267,0.00014826153962501417,0.2238206109876743,-0.3270815054522913,-1.4199627081500452,1.2360029220581055,-1.3859971205340784,-1.5710862318622034,2.7379846572875977,0.0,0.0,-0.0,0.0,0.0,0.0,-0.3270966698410735,-1.4199234307491109,1.2359570990715014,-1.3859950797360392,-1.5710358498676473,2.7380014495149045,1.9238335237496408e-05,-1.6435457984198242e-06,3.0071110344516667e-05,-3.224409842564291e-05,5.6710038623036814e-05,-0.00011227695629730013,0.00033013866243262617,-8.036527057941123,-6.269052158529553,-0.9627154575199652,-5.419189040973658e-05,-7.658793323760134e-07,28.0,28.0,14.0,6.0,6.0,6.0
1.1144252561926846,1.0,1.155540506351758e-05,6.506873869259049e-05,-0.3499460250264615,0.00013809226454893393,0.22382557675114534,-0.3499460250264615,0.00013809226454893393,0.22382557675114534,-0.34994368955568267,0.00014826153962501417,0.2238206109876743,-0.3270815054522913,-1.4199627081500452,1.2360029220581055,-1.3859971205340784,-1.5710862318622034,2.7379846572875977,0.0,0.0,-0.0,0.0,0.0,0.0,-0.3270965880849046,-1.4199234587523089,1.2359572352698946,-1.3859952297410214,-1.5710356229193412,2.73800096838353,2.0439042223229323e-05,-7.0007994702862505e-06,3.404959830646592e-05,-3.75012455519112e-05,5.6737076522169625e-05,-0.00012028284373008436,0.00033013866243262617,-8.036527057941123,-6.269052158529553,-0.9627154575199652,-5.419189040973658e-05,-7.658793323760134e-07,28.0,28.0,14.0,6.0,6.0,6.0
1.1184252561926846,1.0,1.6715462554143295e-05,4.960858187024555e-05,-0.3499460250264615,0.00013809226454893393,0.22382557675114534,-0.3499460250264615,0.00013809226454893393,0.22382557675114534,-0.34994240909895785,0.00015054891664617,0.22383612016497653,-0.3270815054522913,-1.4199984709369105,1.2359905242919922,-1.3859971205340784,-1.5710986296283167,2.7379610538482666,0.0,0.0,-0.0,0.0,0.0,0.0,-0.3270965062981192,-1.419923462375461,1.2359573541838367,-1.385995356333745,-1.5710353815893991,2.7380004798576376,2.044669634495645e-05,-9.057880456056409e-07,2.972848548784798e-05,-3.164818089433879e-05,6.0332485516315416e-05,-0.00012213147303956592,-5.443132212017738e-05,-8.034948029255323,-6.2686799903646,-0.9626684491523836,-5.550917673377567e-05,-4.61516707074168e-07,28.0,28.0,14.0,6.0,6.0,6.0
1.122997583208606,1.0,1.6715462554143295e-05,4.960858187024555e-05,-0.3499460250264615,0.00013809226454893393,0.22382557675114534,-0.3499460250264615,0.00013809226454893393,0.22382557675114534,-0.34994240909895785,0.00015054891664617,0.22383612016497653,-0.3270815054522913,-1.4199984709369105,1.2359905242919922,-1.3859971205340784,-1.5710986296283167,2.7379610538482666,0.0,0.0,-0.0,0.0,0.0,0.0,-0.3270964244825543,-1.4199234430813703,1.2359574568503944,-1.3859954609189455,-1.5710351267407192,2.7379999843808993,2.0453891219379947e-05,4.823522693594132e-06,2.5666639438347115e-05,-2.6146300116220717e-05,6.371216997081247e-05,-0.0001238691845904786,-5.443132212017738e-05,-8.034948029255323,-6.2686799903646,-0.9626684491523836,-5.550917673377567e-05,-4.61516707074168e-07,28.0,28.0,14.0,6.0,6.0,6.0
1.126997583208606,1.0,1.379313249276965e-05,8.064933547215887e-05,-0.3499460250264615,0.00013809226454893393,0.22382557675114534,-0.3499460250264615,0.00013809226454893393,0.22382557675114534,-0.3499475398480517,0.00014850589025748777,0.22383449371358302,-0.3270934263812464,-1.4199984709369105,1.2360029220581055,-1.3860209623919886,-1.5710623900042933,2.7379846572875977,0.0,0.0,-0.0,0.0,0.0,0.0,-0.32709632273031175,-1.419923389720188,1.2359575197396342,-1.38599551965302,-1.5710349009242683,2.7379994613553307,2.543806064466546e-05,1.334029557363934e-05,1.572230997106625e-05,-1.4683518600737605e-05,5.6454112703332085e-05,-0.0001307563921363455,0.00022455185621568142,-8.034973216995695,-6.2687391961671635,-0.9626726394196757,-4.859525836233037e-05,-9.199007444122884e-07,28.0,28.0,14.0,6.0,6.0,6.0
1.1320139631982897,1.0,1.379313249276965e-05,8.064933547215887e-05,-0.3499460250264615,0.00013809226454893393,0.22382557675114534,-0.3499460250264615,0.00013809226454893393,0.22382557675114534,-0.3499475398480517,0.00014850589025748777,0.22383449371358302,-0.3270934263812464,-1.4199984709369105,1.2360029220581055,-1.3860209623919886,-1.5710623900042933,2.7379846572875977,0.0,0.0,-0.0,0.0,0.0,0.0,-0.3270962022375921,-1.4199233043359396,1.2359575452381952,-1.385995535287036,-1.5710347023981128,2.737998912433862,3.012317990443384e-05,2.1346062080881836e-05,6.374640271822237e-06,-3.9085039761834775e-06,4.9631538871900525e-05,-0.0001372303672294604,0.00022455185621568142,-8.034973216995695,-6.2687391961671635,-0.9626726394196757,-4.859525836233037e-05,-9.199007444122884e-07,28.0,28.0,14.0,6.0,6.0,6.0
1.1360139631982897,1.0,1.379313249276965e-05,8.064933547215887e-05,-0.3499460250264615,0.00013809226454893393,0.22382557675114534,-0.3499460250264615,0.00013809226454893393,0.22382557675114534,-0.3499475398480517,0.00014850589025748777,0.22383449371358302,-0.3270934263812464,-1.4199984709369105,1.2360029220581055,-1.3860209623919886,-1.5710623900042933,2.7379846572875977,0.0,0.0,-0.0,0.0,0.0,0.0,-0.3270960641288241,-1.4199231888500092,1.2359575355895183,-1.3859955104069968,-1.571034529524835,2.7379983391702467,3.452719200861612e-05,2.8871482597689782e-05,-2.412169245467135e-06,6.220009770897402e-06,4.321831947035486e-05,-0.0001433159038169884,0.00022455185621568142,-8.034973216995695,-6.2687391961671635,-0.9626726394196757,-4.859525836233037e-05,-9.199007444122884e-07,28.0,28.0,14.0,6.0,6.0,6.0
1.141136014190503,1.0,1.379313249276965e-05,8.064933547215887e-05,-0.3499460250264615,0.00013809226454893393,0.22382557675114534,-0.3499460250264615,0.00013809226454893393,0.22382557675114534,-0.3499475398480517,0.00014850589025748777,0.22383449371358302,-0.3270934263812464,-1.4199984709369105,1.2360029220581055,-1.3860209623919886,-1.5710623900042933,2.7379846572875977,0.0,0.0,-0.0,0.0,0.0,0.0,-0.32709590946097056,-1.4199230450684976,1.2359574929024375,-1.385995447443746,-1.571034380765262,2.737997743025014,3.866696338654747e-05,3.594537788348925e-05,-1.0671770191719145e-05,1.5740812693153427e-05,3.7189893232901936e-05,-0.00014903630820926474,0.00022455185621568142,-8.034973216995695,-6.2687391961671635,-0.9626726394196757,-4.859525836233037e-05,-9.199007444122884e-07,28.0,28.0,14.0,6.0,6.0,6.0
1.145136014190503,1.0,2.3684878711152925e-05,7.864573983024747e-05,-0.3499460250264615,0.00013809226454893393,0.22382557675114534,-0.3499460250264615,0.00013809226454893393,0.22382557675114534,-0.3499376083981852,0.00015153730588769967,0.22384316551777123,-0.3270815054522913,-1.4200227896319788,1.2359905242919922,-1.3859851996051233,-1.5711105505572718,2.7379846572875977,0.0,0.0,-0.0,0.0,0.0,0.0,-0.32709576344047575,-1.4199228686460594,1.235957435393809,-1.3859953698731609,-1.5710341992025996,2.7379971148920825,3.650512370735226e-05,4.4105609527115994e-05,-1.4377157115479277e-05,1.9392646254616956e-05,4.539066562161703e-05,-0.00015703323282144506,-0.0002610434188484695,-8.034118008957133,-6.268494589532966,-0.9626487657343857,-5.677383507035609e-05,-7.661069583243515e-07,28.0,28.0,14.0,6.0,6.0,6.0
1.1497439601912633,1.0,2.3684878711152925e-05,7.864573983024747e-05,-0.3499460250264615,0.00013809226454893393,0.22382557675114534,-0.3499460250264615,0.00013809226454893393,0.22382557675114534,-0.3499376083981852,0.00015153730588769967,0.22384316551777123,-0.3270815054522913,-1.4200227896319788,1.2359905242919922,-1.3859851996051233,-1.5711105505572718,2.7379846572875977,0.0,0.0,-0.0,0.0,0.0,0.0,-0.32709562554849814,-1.4199226615411504,1.2359573639529258,-1.3859952785716816,-1.571033986805033,2.737996456690715,3.4472994408908764e-05,5.177622727212513e-05,-1.7860220823813803e-05,2.2825369802392673e-05,5.3099391667009224e-05,-0.00016455034195689457,-0.0002610434188484695,-8.034118008957133,-6.268494589532966,-0.9626487657343857,-5.677383507035609e-05,-7.661069583243515e-07,28.0,28.0,14.0,6.0,6.0,6.0
1.1537439601912634,1.0,1.438204883782121e-05,4.305366075096808e-05,-0.3499460250264615,0.00013809226454893393,0.22382557675114534,-0.3499460250264615,0.00013809226454893393,0.22382557675114534,-0.3499348889360394,0.0001396533107083509,0.22383454301869504,-0.32705766359438115,-1.4200108687030237,1.2360029220581055,-1.3859732786761683,-1.5710986296283167,2.7379846572875977,0.0,0.0,-0.0,0.0,0.0,0.0,-0.32709550470074183,-1.4199224501439442,1.2359573015352945,-1.3859952136670772,-1.571033759144036,2.73799578828666,3.021193906886495e-05,5.284930153289143e-05,-1.5604407811955377e-05,1.622615110595828e-05,5.691524923458866e-05,-0.00016710101363987516,-0.0002799122205055928,-8.034781757165094,-6.268678710392957,-0.9626786169141177,-6.165935226616023e-05,-4.583513943313258e-07,28.0,28.0,14.0,6.0,6.0,6.0
1.1588042711906605,1.0,1.438204883782121e-05,4.305366075096808e-05,-0.3499460250264615,0.00013809226454893393,0.22382557675114534,-0.3499460250264615,0.00013809226454893393,0.22382557675114534,-0.3499348889360394,0.0001396533107083509,0.22383454301869504,-0.32705766359438115,-1.4200108687030237,1.2360029220581055,-1.3859732786761683,-1.5710986296283167,2.7379846572875977,0.0,0.0,-0.0,0.0,0.0,0.0,-0.32709539987455366,-1.4199222347119789,1.2359572475995202,-1.3859951735755351,-1.5710335171354146,2.73799511029208,2.6206547049223764e-05,5.385799133801175e-05,-1.3483943580808455e-05,1.0022885531309948e-05,6.050215534811333e-05,-0.00016949864502187692,-0.0002799122205055928,-8.034781757165094,-6.268678710392957,-0.9626786169141177,-6.165935226616023e-05,-4.583513943313258e-07,28.0,28.0,14.0,6.0,6.0,6.0
1.1628042711906605,1.0,1.438204883782121e-05,4.305366075096808e-05,-0.3499460250264615,0.00013809226454893393,0.22382557675114534,-0.3499460250264615,0.00013809226454893393,0.22382557675114534,-0.3499348889360394,0.0001396533107083509,0.22383454301869504,-0.32705766359438115,-1.4200108687030237,1.2360029220581055,-1.3859732786761683,-1.5710986296283167,2.7379846572875977,0.0,0.0,-0.0,0.0,0.0,0.0,-0.32709531010863946,-1.4199220154873398,1.2359572016366913,-1.3859951568082716,-1.5710332616400262,2.737994423282406,2.2441478550761048e-05,5.480615975482485e-05,-1.1490707203530348e-05,4.191815891140517e-06,6.387384709482652e-05,-0.00017175241852095856,-0.0002799122205055928,-8.034781757165094,-6.268678710392957,-0.9626786169141177,-6.165935226616023e-05,-4.583513943313258e-07,28.0,28.0,14.0,6.0,6.0,6.0
1.1680319931854033,1.0,2.1463708263515736e-05,6.564021889475551e-05,-0.3499460250264615,0.00013809226454893393,0.22382557675114534,-0.3499460250264615,0.00013809226454893393,0.22382557675114534,-0.3499368672536475,0.00015284093248808253,0.22383819827100346,-0.3270934263812464,-1.4200108687030237,1.2359905242919922,-1.3859732786761683,-1.5710986296283167,2.7379729747772217,0.0,0.0,-0.0,0.0,0.0,0.0,-0.327095213939276,-1.419921785873734,1.235957159373526,-1.3859951507171286,-1.5710329934804654,2.737993720618352,2.4042340872120814e-05,5.740340141295052e-05,-1.0565791330341359e-05,1.5227857513468843e-06,6.70398901920208e-05,-0.00017566601355812855,6.079464547072061e-05,-8.03473150306238,-6.268605460356284,-0.9626628856876839,-5.243386114348217e-05,-7.6909099446041e-07,28.0,28.0,14.0,6.0,6.0,6.0
1.1720319931854033,1.0,2.1463708263515736e-05,6.564021889475551e-05,-0.3499460250264615,0.00013809226454893393,0.22382557675114534,-0.3499460250264615,0.00013809226454893393,0.22382557675114534,-0.3499368672536475,0.00015284093248808253,0.22383819827100346,-0.3270934263812464,-1.4200108687030237,1.2359905242919922,-1.3859732786761683,-1.5710986296283167,2.7379729747772217,0.0,0.0,-0.0,0.0,0.0,0.0,-0.3270951117506702,-1.4199215464944999,1.2359571205880442,-1.385995154661539,-1.5710327134165827,2.7379930032391804,2.5547151454198996e-05,5.984480857158865e-05,-9.696370409543708e-06,-9.861025800591307e-07,7.001597070338341e-05,-0.00017934479289306832,6.079464547072061e-05,-8.03473150306238,-6.268605460356284,-0.9626628856876839,-5.243386114348217e-05,-7.6909099446041e-07,28.0,28.0,14.0,6.0,6.0,6.0
1.176681496167323,1.0,2.1463708263515736e-05,6.564021889475551e-05,-0.3499460250264615,0.00013809226454893393,0.22382557675114534,-0.3499460250264615,0.00013809226454893393,0.22382557675114534,-0.3499368672536475,0.00015284093248808253,0.22383819827100346,-0.3270934263812464,-1.4200108687030237,1.2359905242919922,-1.3859732786761683,-1.5710986296283167,2.7379729747772217,0.0,0.0,-0.0,0.0,0.0,0.0,-0.32709500390397656,-1.4199212979355746,1.2359570850715853,-1.3859951680393694,-1.571032422162637,2.7379922720277987,2.6961673401352487e-05,6.213973130070849e-05,-8.879114743993918e-06,-3.344457611580785e-06,7.281348638406427e-05,-0.00018280284546791172,6.079464547072061e-05,-8.03473150306238,-6.268605460356284,-0.9626628856876839,-5.243386114348217e-05,-7.6909099446041e-07,28.0,28.0,14.0,6.0,6.0,6.0
1.180681496167323,1.0,2.2144756722462862e-05,0.00010126797358379338,-0.3499460250264615,0.00013809226454893393,0.22382557675114534,-0.3499460250264615,0.00013809226454893393,0.22382557675114534,-0.34994748171150164,0.00015644221111995403,0.2238378872255404,-0.3270934263812464,-1.4199746290790003,1.2359542846679688,-1.3859851996051233,-1.5710986296283167,2.738008499145508,0.0,0.0,-0.0,0.0,0.0,0.0,-0.3270948907344694,-1.419921054906609,1.235957062812227,-1.3859951725707136,-1.5710321203895852,2.737991486894447,2.8292376787692277e-05,6.075724138836743e-05,-5.5648395826538445e-06,-1.1328360599702597e-06,7.544326296277276e-05,-0.00019628333795977418,0.00016355998601791692,-8.035441487684452,-6.268648954807326,-0.962657126098219,-5.24317673777335e-05,-1.2274852310137268e-06,28.0,28.0,14.0,6.0,6.0,6.0
1.1857441821557009,1.0,2.2144756722462862e-05,0.00010126797358379338,-0.3499460250264615,0.00013809226454893393,0.22382557675114534,-0.3499460250264615,0.00013809226454893393,0.22382557675114534,-0.34994748171150164,0.00015644221111995403,0.2238378872255404,-0.3270934263812464,-1.4199746290790003,1.2359542846679688,-1.3859851996051233,-1.5710986296283167,2.738008499145508,0.0,0.0,-0.0,0.0,0.0,0.0,-0.32709477256151753,-1.4199208170758055,1.2359570530145432,-1.3859951687863608,-1.5710318087285733,2.7379906510744436,2.9543237970851678e-05,5.9457700870766836e-05,-2.4494209309941754e-06,9.460881985436341e-07,7.791525294675874e-05,-0.0002089550009021249,0.00016355998601791692,-8.035441487684452,-6.268648954807326,-0.962657126098219,-5.24317673777335e-05,-1.2274852310137268e-06,28.0,28.0,14.0,6.0,6.0,6.0
1.1897441821557009,1.0,2.2144756722462862e-05,0.00010126797358379338,-0.3499460250264615,0.00013809226454893393,0.22382557675114534,-0.3499460250264615,0.00013809226454893393,0.22382557675114534,-0.34994748171150164,0.00015644221111995403,0.2238378872255404,-0.3270934263812464,-1.4199746290790003,1.2359542846679688,-1.3859851996051233,-1.5710986296283167,2.738008499145508,0.0,0.0,-0.0,0.0,0.0,0.0,-0.3270946496853276,-1.4199205841312743,1.2359570549308336,-1.3859951571852527,-1.5710314877728793,2.7379897676089873,3.071904748302152e-05,5.823613278422227e-05,4.790726015659135e-07,2.9002770015466944e-06,8.023892353170556e-05,-0.00022086636406793455,0.00016355998601791692,-8.035441487684452,-6.268648954807326,-0.962657126098219,-5.24317673777335e-05,-1.2274852310137268e-06,28.0,28.0,14.0,6.0,6.0,6.0
1.1945373491535434,1.0,2.7608907342295167e-05,9.459588104014667e-05,-0.3499460250264615,0.00013809226454893393,0.22382557675114534,-0.3499460250264615,0.00013809226454893393,0.22382557675114534,-0.34994583349714986,0.00015316119910136017,0.22384870989387634,-0.3270934263812464,-1.4200227896319788,1.235978603363037,-1.3860090414630335,-1.5710862318622034,2.7379729747772217,0.0,0.0,-0.0,0.0,0.0,0.0,-0.3270945179392022,-1.4199203001630685,1.2359570099778021,-1.385995081063127,-1.5710311723567247,2.7379888847299116,3.293653134422585e-05,7.099205145190533e-05,-1.123825786953213e-05,1.9030531423316267e-05,7.885403861653782e-05,-0.00022071976890446877,-0.00013414588889830513,-8.033754576505965,-6.268393724287591,-0.9626281892069376,-5.1123617088495345e-05,-7.693083414264119e-07,28.0,28.0,14.0,6.0,6.0,6.0
1.1985373491535434,1.0,2.7608907342295167e-05,9.459588104014667e-05,-0.3499460250264615,0.00013809226454893393,0.22382557675114534,-0.3499460250264615,0.00013809226454893393,0.22382557675114534,-0.34994583349714986,0.00015316119910136017,0.22384870989387634,-0.3270934263812464,-1.4200227896319788,1.235978603363037,-1.3860090414630335,-1.5710862318622034,2.7379729747772217,0.0,0.0,-0.0,0.0,0.0,0.0,-0.3270943778553375,-1.4199199682326085,1.235956920967608,-1.3859949442912447,-1.5710308621477376,2.7379880024020338,3.502096617375793e-05,8.29826149995274e-05,-2.225254851236429e-05,3.419297057977967e-05,7.755224679628014e-05,-0.0002205819694508109,-0.00013414588889830513,-8.033754576505965,-6.268393724287591,-0.9626281892069376,-5.1123617088495345e-05,-7.693083414264119e-07,28.0,28.0,14.0,6.0,6.0,6.0
1.2034634941429836,1.0,2.7608907342295167e-05,9.459588104014667e-05,-0.3499460250264615,0.00013809226454893393,0.22382557675114534,-0.3499460250264615,0.00013809226454893393,0.22382557675114534,-0.34994583349714986,0.00015316119910136017,0.22384870989387634,-0.3270934263812464,-1.4200227896319788,1.235978603363037,-1.3860090414630335,-1.5710862318622034,2.7379729747772217,0.0,0.0,-0.0,0.0,0.0,0.0,-0.32709422993399784,-1.4199195912176295,1.2359567905436812,-1.3859947505085912,-1.5710305568334877,2.737987120592282,3.698033491351808e-05,9.425374473429216e-05,-3.260598171662652e-05,4.844566338685526e-05,7.632856248523792e-05,-0.00022045243796437253,-0.00013414588889830513,-8.033754576505965,-6.268393724287591,-0.9626281892069376,-5.1123617088495345e-05,-7.693083414264119e-07,28.0,28.0,14.0,6.0,6.0,6.0
1.2074634941429836,1.0,1.796731448836156e-05,5.483360469366225e-05,-0.3499460250264615,0.00013809226454893393,0.22382557675114534,-0.3499460250264615,0.00013809226454893393,0.22382557675114534,-0.3499491145044471,0.0001542743809208723,0.22383274742931586,-0.3270934263812464,-1.4199746290790003,1.235978603363037,-1.3860090414630335,-1.5710862318622034,2.7379610538482666,0.0,0.0,-0.0,0.0,0.0,0.0,-0.3270940746260904,-1.419919225555117,1.2359566629964647,-1.385994546666224,-1.571030256122542,2.7379862530214965,3.882697685317167e-05,9.141562812392946e-05,-3.1886804128638e-05,5.09605918154559e-05,7.517773641809172e-05,-0.00021689269639437895,0.00023574987540959675,-8.0356169935047,-6.268785562385082,-0.9626744985211813,-5.1118951538286025e-05,-6.153233003616176e-07,28.0,28.0,14.0,6.0,6.0,6.0
1.2125392401551367,1.0,1.796731448836156e-05,5.483360469366225e-05,-0.3499460250264615,0.00013809226454893393,0.22382557675114534,-0.3499460250264615,0.00013809226454893393,0.22382557675114534,-0.3499491145044471,0.0001542743809208723,0.22383274742931586,-0.3270934263812464,-1.4199746290790003,1.235978603363037,-1.3860090414630335,-1.5710862318622034,2.7379610538482666,0.0,0.0,-0.0,0.0,0.0,0.0,-0.3270939123748093,-1.419918870563923,1.235956538153356,-1.3859943333677258,-1.5710299597387023,2.737985398835339,4.056282027644605e-05,8.874779851018854e-05,-3.121077719592878e-05,5.3324624538340504e-05,7.40959599149743e-05,-0.000213546539318585,0.00023574987540959675,-8.0356169935047,-6.268785562385082,-0.9626744985211813,-5.1118951538286025e-05,-6.153233003616176e-07,28.0,28.0,14.0,6.0,6.0,6.0
1.2165392401551367,1.0,2.0878596570341167e-05,7.837305644368161e-05,-0.3499460250264615,0.00013809226454893393,0.22382557675114534,-0.3499460250264615,0.00013809226454893393,0.22382557675114534,-0.349934276961701,0.00015457921712863496,0.22382046997488583,-0.3270934263812464,-1.4199865500079554,1.2360267639160156,-1.3859851996051233,-1.5711105505572718,2.7379729747772217,0.0,0.0,-0.0,0.0,0.0,0.0,-0.3270937523489557,-1.4199185557861032,1.2359564456978571,-1.3859941800497895,-1.5710296394173984,2.737984534744716,4.000646339729125e-05,7.869445497617326e-05,-2.311387471047993e-05,3.8329484107462686e-05,8.008032600422258e-05,-0.00021602265573452304,0.0002818373054463569,-8.036154380405192,-6.269031994084726,-0.9627194836484909,-5.369479538510542e-05,-7.689061575432239e-07,28.0,28.0,14.0,6.0,6.0,6.0
1.2211566841618628,1.0,2.0878596570341167e-05,7.837305644368161e-05,-0.3499460250264615,0.00013809226454893393,0.22382557675114534,-0.3499460250264615,0.00013809226454893393,0.22382557675114534,-0.349934276961701,0.00015457921712863496,0.22382046997488583,-0.3270934263812464,-1.4199865500079554,1.2360267639160156,-1.3859851996051233,-1.5711105505572718,2.7379729747772217,0.0,0.0,-0.0,0.0,0.0,0.0,-0.32709359441500396,-1.419918278808855,1.2359563836867116,-1.385994083113581,-1.5710292965948778,2.7379836613438955,3.948348793088574e-05,6.92443120541989e-05,-1.550278637415801e-05,2.4234052102437536e-05,8.570563012811595e-05,-0.00021835020516550478,0.0002818373054463569,-8.036154380405192,-6.269031994084726,-0.9627194836484909,-5.369479538510542e-05,-7.689061575432239e-07,28.0,28.0,14.0,6.0,6.0,6.0
1.2251566841618629,1.0,2.0878596570341167e-05,7.837305644368161e-05,-0.3499460250264615,0.00013809226454893393,0.22382557675114534,-0.3499460250264615,0.00013809226454893393,0.22382557675114534,-0.349934276961701,0.00015457921712863496,0.22382046997488583,-0.3270934263812464,-1.4199865500079554,1.2360267639160156,-1.3859851996051233,-1.5711105505572718,2.7379729747772217,0.0,0.0,-0.0,0.0,0.0,0.0,-0.32709343844744,-1.419918037364144,1.2359563502932582,-1.385994039176197,-1.5710289326212137,2.737982779191489,3.899189099246456e-05,6.036117770754302e-05,-8.348363338015401e-06,1.0984346017713895e-05,9.099341600457573e-05,-0.00022053810163062763,0.0002818373054463569,-8.036154380405192,-6.269031994084726,-0.9627194836484909,-5.369479538510542e-05,-7.689061575432239e-07,28.0,28.0,14.0,6.0,6.0,6.0
1.230273986165645,1.0,2.0878596570341167e-05,7.837305644368161e-05,-0.3499460250264615,0.00013809226454893393,0.22382557675114534,-0.3499460250264615,0.00013809226454893393,0.22382557675114534,-0.349934276961701,0.00015457921712863496,0.22382046997488583,-0.3270934263812464,-1.4199865500079554,1.2360267639160156,-1.3859851996051233,-1.5711105505572718,2.7379729747772217,0.0,0.0,-0.0,0.0,0.0,0.0,-0.3270932843282805,-1.4199178293200183,1.2359563438004355,-1.3859940450577077,-1.5710285487654747,2.7379818888125915,3.8529789870348656e-05,5.201103142168648e-05,-1.6232056840413495e-06,-1.4703777019263278e-06,9.596393472844793e-05,-0.0002225947243078431,0.0002818373054463569,-8.036154380405192,-6.269031994084726,-0.9627194836484909,-5.369479538510542e-05,-7.689061575432239e-07,28.0,28.0,14.0,6.0,6.0,6.0
1.234273986165645,1.0,1.890654445128441e-05,6.976033640012955e-05,-0.3499460250264615,0.00013809226454893393,0.22382557675114534,-0.3499460250264615,0.00013809226454893393,0.22382557675114534,-0.34995181803333597,0.00015257451535167693,0.2238362614554523,-0.3270934263812464,-1.4199746290790003,1.235966682434082,-1.3860090414630335,-1.5710743109332483,2.7379729747772217,0.0,0.0,-0.0,0.0,0.0,0.0,-0.32709311890192216,-1.4199176139280814,1.2359563267612501,-1.3859940177431807,-1.5710281879539447,2.7379810037462304,4.1356589578928445e-05,5.38479842125743e-05,-4.259796372225241e-06,6.828631786021043e-06,9.020288247871342e-05,-0.0002212665902365337,0.00025202102808844927,-8.03542063698492,-6.268705990547364,-0.9626623543905447,-4.9856137134920415e-05,-7.691727828601575e-07,28.0,28.0,14.0,6.0,6.0,6.0
1.2389139901811728,1.0,1.890654445128441e-05,6.976033640012955e-05,-0.3499460250264615,0.00013809226454893393,0.22382557675114534,-0.3499460250264615,0.00013809226454893393,0.22382557675114534,-0.34995181803333597,0.00015257451535167693,0.2238362614554523,-0.3270934263812464,-1.4199746290790003,1.235966682434082,-1.3860090414630335,-1.5710743109332483,2.7379729747772217,0.0,0.0,-0.0,0.0,0.0,0.0,-0.32709294284679696,-1.419917391629202,1.2359562998084836,-1.3859939592243777,-1.5710278488039713,2.7379801236736534,4.401378130499345e-05,5.5574719836008854e-05,-6.738191619118099e-06,1.4629700704691573e-05,8.478749336396299e-05,-0.0002200181442095029,0.00025202102808844927,-8.03542063698492,-6.268705990547364,-0.9626623543905447,-4.9856137134920415e-05,-7.691727828601575e-07,28.0,28.0,14.0,6.0,6.0,6.0
1.2429139901811728,1.0,1.656593481477079e-05,6.115168226454817e-05,-0.3499460250264615,0.00013809226454893393,0.22382557675114534,-0.3499460250264615,0.00013809226454893393,0.22382557675114534,-0.3499455846716479,0.00015424339395773596,0.22382923425066625,-0.3270815054522913,-1.4199746290790003,1.2359905242919922,-1.3860090414630335,-1.5711105505572718,2.7379729747772217,0.0,0.0,-0.0,0.0,0.0,0.0,-0.32709277670679265,-1.419917182123186,1.2359562780515314,-1.3859938940665448,-1.5710274882761917,2.7379792421222433,4.1535001077932416e-05,5.237650404479231e-05,-5.439238039344098e-06,1.6289458248909094e-05,9.013194489447586e-05,-0.00022038785252110382,2.7584612471180203e-05,-8.035767486027485,-6.2688630016562215,-0.9626876816005179,-5.6770723700310555e-05,-6.152816255057567e-07,28.0,28.0,14.0,6.0,6.0,6.0
1.248000421169913,1.0,1.656593481477079e-05,6.115168226454817e-05,-0.3499460250264615,0.00013809226454893393,0.22382557675114534,-0.3499460250264615,0.00013809226454893393,0.22382557675114534,-0.3499455846716479,0.00015424339395773596,0.22382923425066625,-0.3270815054522913,-1.4199746290790003,1.2359905242919922,-1.3860090414630335,-1.5711105505572718,2.7379729747772217,0.0,0.0,-0.0,0.0,0.0,0.0,-0.327092619887002,-1.419916984642461,1.2359562611786448,-1.3859938226680235,-1.5710271076532742,2.73797835918073,3.9204947664495046e-05,4.937018120104876e-05,-4.218221674356537e-06,1.784963034047356e-05,9.515572933315796e-05,-0.0002207353783340087,2.7584612471180203e-05,-8.035767486027485,-6.2688630016562215,-0.9626876816005179,-5.6770723700310555e-05,-6.152816255057567e-07,28.0,28.0,14.0,6.0,6.0,6.0
1.252000421169913,1.0,1.656593481477079e-05,6.115168226454817e-05,-0.3499460250264615,0.00013809226454893393,0.22382557675114534,-0.3499460250264615,0.00013809226454893393,0.22382557675114534,-0.3499455846716479,0.00015424339395773596,0.22382923425066625,-0.3270815054522913,-1.4199746290790003,1.2359905242919922,-1.3860090414630335,-1.5711105505572718,2.7379729747772217,0.0,0.0,-0.0,0.0,0.0,0.0,-0.32709247182821216,-1.41991679846551,1.2359562488967797,-1.3859937454032552,-1.5710267081409275,2.73797747493252,3.701469745586392e-05,4.654423772792982e-05,-3.0704662912682294e-06,1.9316192106544163e-05,9.987808670551913e-05,-0.00022106205259813926,2.7584612471180203e-05,-8.035767486027485,-6.2688630016562215,-0.9626876816005179,-5.6770723700310555e-05,-6.152816255057567e-07,28.0,28.0,14.0,6.0,6.0,6.0
1.2571307841870007,1.0,1.656593481477079e-05,6.115168226454817e-05,-0.3499460250264615,0.00013809226454893393,0.22382557675114534,-0.3499460250264615,0.00013809226454893393,0.22382557675114534,-0.3499455846716479,0.00015424339395773596,0.22382923425066625,-0.3270815054522913,-1.4199746290790003,1.2359905242919922,-1.3860090414630335,-1.5711105505572718,2.7379729747772217,0.0,0.0,-0.0,0.0,0.0,0.0,-0.3270923320047631,-1.4199166229141067,1.2359562409304747,-1.3859936626242144,-1.571026290872517,2.7379765894560144,3.4955862259750654e-05,4.3887850863198016e-05,-1.9915762311652205e-06,2.0694760166650528e-05,0.00010431710263553863,-0.000221369126406422,2.7584612471180203e-05,-8.035767486027485,-6.2688630016562215,-0.9626876816005179,-5.6770723700310555e-05,-6.152816255057567e-07,28.0,28.0,14.0,6.0,6.0,6.0
1.2611307841870008,1.0,2.348573339387801e-05,0.00010974858079479794,-0.3499460250264615,0.00013809226454893393,0.22382557675114534,-0.3499460250264615,0.00013809226454893393,0.22382557675114534,-0.3499498160383603,0.0001473342787023759,0.22384683217577575,-0.32705766359438115,-1.4200108687030237,1.235978603363037,-1.3860333601581019,-1.5711105505572718,2.738008499145508,0.0,0.0,-0.0,0.0,0.0,0.0,-0.3270922136532715,-1.419916397187501,1.235956180787255,-1.385993495121562,-1.5710258568991915,2.737975675637421,2.9587872907736822e-05,5.643165142146362e-05,-1.5035804914109175e-05,4.187566310707312e-05,0.00010849333137511918,-0.0002284546482864057,-0.0006360028244397471,-8.03385653965556,-6.268459616586827,-0.9626352225112004,-6.292593981412885e-05,-7.662910633991516e-07,28.0,28.0,14.0,6.0,6.0,6.0
1.2656805522127548,1.0,2.348573339387801e-05,0.00010974858079479794,-0.3499460250264615,0.00013809226454893393,0.22382557675114534,-0.3499460250264615,0.00013809226454893393,0.22382557675114534,-0.3499498160383603,0.0001473342787023759,0.22384683217577575,-0.32705766359438115,-1.4200108687030237,1.235978603363037,-1.3860333601581019,-1.5711105505572718,2.738008499145508,0.0,0.0,-0.0,0.0,0.0,0.0,-0.32709211548541983,-1.4199161242962053,1.2359560715977356,-1.3859932479787145,-1.571025407223246,2.7379747351772656,2.454196291684382e-05,6.822282394623329e-05,-2.729737987607649e-05,6.178571187107034e-05,0.0001124189863903249,-0.0002351150388535904,-0.0006360028244397471,-8.03385653965556,-6.268459616586827,-0.9626352225112004,-6.292593981412885e-05,-7.662910633991516e-07,28.0,28.0,14.0,6.0,6.0,6.0
1.2696805522127548,1.0,1.0976905956949662e-05,5.330905360522928e-05,-0.3499460250264615,0.00013809226454893393,0.22382557675114534,-0.3499460250264615,0.00013809226454893393,0.22382557675114534,-0.3499449261550312,0.0001460639676070076,0.2238181110364226,-0.3270815054522913,-1.4199627081500452,1.2360148429870605,-1.3860090414630335,-1.5710743109332483,2.7379729747772217,0.0,0.0,-0.0,0.0,0.0,0.0,-0.3270920094922302,-1.419915887541668,1.235955982822327,-1.3859930372221259,-1.5710249845378506,2.737973809928495,2.6498297408243767e-05,5.918863433437634e-05,-2.2193852117381466e-05,5.2689147173277996e-05,0.00010567134883048807,-0.0002313121926020735,0.000394628450365005,-8.0366090731004,-6.269118523511704,-0.9627238994945503,-5.292906321558273e-05,-6.15148744788633e-07,28.0,28.0,14.0,6.0,6.0,6.0
1.2747325522059114,1.0,1.0976905956949662e-05,5.330905360522928e-05,-0.3499460250264615,0.00013809226454893393,0.22382557675114534,-0.3499460250264615,0.00013809226454893393,0.22382557675114534,-0.3499449261550312,0.0001460639676070076,0.2238181110364226,-0.3270815054522913,-1.4199627081500452,1.2360148429870605,-1.3860090414630335,-1.5710743109332483,2.7379729747772217,0.0,0.0,-0.0,0.0,0.0,0.0,-0.32709189614322287,-1.4199156847556835,1.2359559132361828,-1.3859928606686205,-1.5710245872235724,2.7379728989784264,2.833725183015972e-05,5.069649609923082e-05,-1.7396536024208144e-05,4.413837635735319e-05,9.932856952424146e-05,-0.0002277375171256476,0.000394628450365005,-8.0366090731004,-6.269118523511704,-0.9627238994945503,-5.292906321558273e-05,-6.15148744788633e-07,28.0,28.0,14.0,6.0,6.0,6.0
1.2787325522059114,1.0,1.0976905956949662e-05,5.330905360522928e-05,-0.3499460250264615,0.00013809226454893393,0.22382557675114534,-0.3499460250264615,0.00013809226454893393,0.22382557675114534,-0.3499449261550312,0.0001460639676070076,0.2238181110364226,-0.3270815054522913,-1.4199627081500452,1.2360148429870605,-1.3860090414630335,-1.5710743109332483,2.7379729747772217,0.0,0.0,-0.0,0.0,0.0,0.0,-0.3270917758797469,-1.419915513900139,1.2359558616879471,-1.3859927162660133,-1.5710242137581445,2.7379720014691378,3.0065868986760714e-05,4.271388615819402e-05,-1.2887058896625221e-05,3.6100651790383876e-05,9.336635697636963e-05,-0.00022437732217780727,0.000394628450365005,-8.0366090731004,-6.269118523511704,-0.9627238994945503,-5.292906321558273e-05,-6.15148744788633e-07,28.0,28.0,14.0,6.0,6.0,6.0
1.2834865382011054,1.0,2.3897519174034616e-05,9.75291348181368e-05,-0.3499460250264615,0.00013809226454893393,0.22382557675114534,-0.3499460250264615,0.00013809226454893393,0.22382557675114534,-0.34994422874277525,0.00015222819696646245,0.2238447611250543,-0.32706958452333623,-1.4200108687030237,1.235978603363037,-1.3860090414630335,-1.5711224714862269,2.7379965782165527,0.0,0.0,-0.0,0.0,0.0,0.0,-0.3270916733510907,-1.4199153078951594,1.2359557842275715,-1.3859925271911093,-1.5710238072369997,2.737971078903181,2.56321640581175e-05,5.150124488848253e-05,-1.9365093921212616e-05,4.7268725971121734e-05,0.00010163028617180503,-0.00023064148919135083,-0.0004848953671554705,-8.034127619429164,-6.2684871637953785,-0.9626417329914487,-6.111240544658011e-05,-7.662027583860606e-07,28.0,28.0,14.0,6.0,6.0,6.0
1.2874865382011054,1.0,2.3897519174034616e-05,9.75291348181368e-05,-0.3499460250264615,0.00013809226454893393,0.22382557675114534,-0.3499460250264615,0.00013809226454893393,0.22382557675114534,-0.34994422874277525,0.00015222819696646245,0.2238447611250543,-0.32706958452333623,-1.4200108687030237,1.235978603363037,-1.3860090414630335,-1.5711224714862269,2.7379965782165527,0.0,0.0,-0.0,0.0,0.0,0.0,-0.32709158749316497,-1.419915068849711,1.2359556824097842,-1.3859922961242466,-1.5710233696434812,2.737970132783956,2.1464481425192873e-05,5.976136209495374e-05,-2.5454446844324767e-05,5.776671570101532e-05,0.00010939837961551431,-0.00023652980618408176,-0.0004848953671554705,-8.034127619429164,-6.2684871637953785,-0.9626417329914487,-6.111240544658011e-05,-7.662027583860606e-07,28.0,28.0,14.0,6.0,6.0,6.0
1.292302263199585,1.0,2.3897519174034616e-05,9.75291348181368e-05,-0.3499460250264615,0.00013809226454893393,0.22382557675114534,-0.3499460250264615,0.00013809226454893393,0.22382557675114534,-0.34994422874277525,0.00015222819696646245,0.2238447611250543,-0.32706958452333623,-1.4200108687030237,1.235978603363037,-1.3860090414630335,-1.5711224714862269,2.7379965782165527,0.0,0.0,-0.0,0.0,0.0,0.0,-0.32709151730572594,-1.419914798746222,1.2359555576960297,-1.3859920255849423,-1.5710229028419314,2.7379691645246593,1.7546859750243727e-05,6.752587226903666e-05,-3.117843859205019e-05,6.76348260471153e-05,0.00011670038745260104,-0.00024206482415724885,-0.0004848953671554705,-8.034127619429164,-6.2684871637953785,-0.9626417329914487,-6.111240544658011e-05,-7.662027583860606e-07,28.0,28.0,14.0,6.0,6.0,6.0
1.296302263199585,1.0,1.3719658655415748e-05,7.057564664404394e-05,-0.3499460250264615,0.00013809226454893393,0.22382557675114534,-0.3499460250264615,0.00013809226454893393,0.22382557675114534,-0.34994989675045657,0.00014513321801763805,0.22383669717205368,-0.3270815054522913,-1.4199865500079554,1.235978603363037,-1.3860090414630335,-1.5710623900042933,2.7379846572875977,0.0,0.0,-0.0,0.0,0.0,0.0,-0.327091433336224,-1.4199145161825766,1.2359554203614904,-1.3859917381043807,-1.5710224777852873,2.737968203964089,2.09923754973417e-05,7.064091135685877e-05,-3.433363483229128e-05,7.187014036800703e-05,0.00010626416102624335,-0.00024014014257893142,0.00013677112145483783,-8.035098177687058,-6.268684174440572,-0.9626640645915711,-5.1669212465407385e-05,-7.660938792822587e-07,28.0,28.0,14.0,6.0,6.0,6.0
1.3005124611775396,1.0,1.3719658655415748e-05,7.057564664404394e-05,-0.3499460250264615,0.00013809226454893393,0.22382557675114534,-0.3499460250264615,0.00013809226454893393,0.22382557675114534,-0.34994989675045657,0.00014513321801763805,0.22383669717205368,-0.3270815054522913,-1.4199865500079554,1.235978603363037,-1.3860090414630335,-1.5710623900042933,2.7379846572875977,0.0,0.0,-0.0,0.0,0.0,0.0,-0.3270913364115828,-1.4199142219063843,1.2359552711634132,-1.3859914346990374,-1.5710220919688545,2.7379672506403216,2.4231160299613795e-05,7.356904809941155e-05,-3.7299519298117904e-05,7.585133582964526e-05,9.645410818546712e-05,-0.00023833094189531302,0.00013677112145483783,-8.035098177687058,-6.268684174440572,-0.9626640645915711,-5.1669212465407385e-05,-7.660938792822587e-07,28.0,28.0,14.0,6.0,6.0,6.0
1.3045124611775396,1.0,1.3719658655415748e-05,7.057564664404394e-05,-0.3499460250264615,0.00013809226454893393,0.22382557675114534,-0.3499460250264615,0.00013809226454893393,0.22382557675114534,-0.34994989675045657,0.00014513321801763805,0.22383669717205368,-0.3270815054522913,-1.4199865500079554,1.235978603363037,-1.3860090414630335,-1.5710623900042933,2.7379846572875977,0.0,0.0,-0.0,0.0,0.0,0.0,-0.3270912273091107,-1.4199139166203978,1.2359551108136104,-1.3859911163243992,-1.5710217430382203,2.7379663041191487,2.7275618013749563e-05,7.632149663741116e-05,-4.0087450695994926e-05,7.959365956358521e-05,8.723265851513746e-05,-0.00023663029325271174,0.00013677112145483783,-8.035098177687058,-6.268684174440572,-0.9626640645915711,-5.1669212465407385e-05,-7.660938792822587e-07,28.0,28.0,14.0,6.0,6.0,6.0
1.3091904581773566,1.0,1.8489133333853797e-05,7.056943893225446e-05,-0.3499460250264615,0.00013809226454893393,0.22382557675114534,-0.3499460250264615,0.00013809226454893393,0.22382557675114534,-0.3499395969794378,0.00014687306268451234,0.22384052418728,-0.3270815054522913,-1.4200227896319788,1.2360029220581055,-1.3859971205340784,-1.5710862318622034,2.7379846572875977,0.0,0.0,-0.0,0.0,0.0,0.0,-0.3270911153570994,-1.4199135844420239,1.235954931063246,-1.3859907915161407,-1.5710214013218613,2.7379653553952896,2.7988002829681405e-05,8.304459347967194e-05,-4.4937591077022675e-05,8.120206460159108e-05,8.54290897530138e-05,-0.0002371809647684639,-0.00013150116807180944,-8.03420363543237,-6.268563338332686,-0.962657688998044,-5.4197700869011844e-05,-7.660994522925817e-07,28.0,28.0,14.0,6.0,6.0,6.0
1.3131904581773566,1.0,1.8489133333853797e-05,7.056943893225446e-05,-0.3499460250264615,0.00013809226454893393,0.22382557675114534,-0.3499460250264615,0.00013809226454893393,0.22382557675114534,-0.3499395969794378,0.00014687306268451234,0.22384052418728,-0.3270815054522913,-1.4200227896319788,1.2360029220581055,-1.3859971205340784,-1.5710862318622034,2.7379846572875977,0.0,0.0,-0.0,0.0,0.0,0.0,-0.32709100072652114,-1.4199132269848058,1.2359547330763538,-1.3859904606602793,-1.5710210663869209,2.7379644046009055,2.8657644556657336e-05,8.936430451139708e-05,-4.949672303518876e-05,8.27139653373166e-05,8.373373511661757e-05,-0.00023769859599327093,-0.00013150116807180944,-8.03420363543237,-6.268563338332686,-0.962657688998044,-5.4197700869011844e-05,-7.660994522925817e-07,28.0,28.0,14.0,6.0,6.0,6.0
1.3177794071766553,1.0,1.8489133333853797e-05,7.056943893225446e-05,-0.3499460250264615,0.00013809226454893393,0.22382557675114534,-0.3499460250264615,0.00013809226454893393,0.22382557675114534,-0.3499395969794378,0.00014687306268451234,0.22384052418728,-0.3270815054522913,-1.4200227896319788,1.2360029220581055,-1.3859971205340784,-1.5710862318622034,2.7379846572875977,0.0,0.0,-0.0,0.0,0.0,0.0,-0.32709088357809,-1.4199128457654744,1.2359545179471256,-1.3859901241196713,-1.5710207378265137,2.737963451860228,2.928710778001471e-05,9.53048328812187e-05,-5.378230707586487e-05,8.413515202889859e-05,8.214010175840511e-05,-0.00023818516934458954,-0.00013150116807180944,-8.03420363543237,-6.268563338332686,-0.962657688998044,-5.4197700869011844e-05,-7.660994522925817e-07,28.0,28.0,14.0,6.0,6.0,6.0
1.3217794071766553,1.0,3.1262909618930295e-05,0.00012820877008230867,-0.3499460250264615,0.00013809226454893393,0.22382557675114534,-0.3499460250264615,0.00013809226454893393,0.22382557675114534,-0.3499533420582939,0.00015570870752538334,0.22385034551170904,-0.3270934263812464,-1.4200108687030237,1.235966682434082,-1.3860333601581019,-1.5710862318622034,2.7379965782165527,0.0,0.0,-0.0,0.0,0.0,0.0,-0.3270907572192351,-1.4199124159472882,1.2359542544871511,-1.385989706529473,-1.5710204152600658,2.7379624766682715,3.1589713731488264e-05,0.00010745454656498437,-6.58649936111679e-05,0.00010439754955743306,8.064161201002059e-05,-0.0002437979891106079,-0.00016971557693515893,-8.03380596398676,-6.268388002512325,-0.9626199699738649,-5.1124082939138515e-05,-1.0739384524865626e-06,28.0,28.0,14.0,6.0,6.0,6.0
1.326186698157108,1.0,3.1262909618930295e-05,0.00012820877008230867,-0.3499460250264615,0.00013809226454893393,0.22382557675114534,-0.3499460250264615,0.00013809226454893393,0.22382557675114534,-0.3499533420582939,0.00015570870752538334,0.22385034551170904,-0.3270934263812464,-1.4200108687030237,1.235966682434082,-1.3860333601581019,-1.5710862318622034,2.7379965782165527,0.0,0.0,-0.0,0.0,0.0,0.0,-0.3270906222025818,-1.4199119404461784,1.2359539455962754,-1.38598921275266,-1.5710200983279392,2.7379614803721126,3.3754163325873404e-05,0.00011887527742772411,-7.722271895435274e-05,0.00012344420323425547,7.923303164653913e-05,-0.00024907403969066515,-0.00016971557693515893,-8.03380596398676,-6.268388002512325,-0.9626199699738649,-5.1124082939138515e-05,-1.0739384524865626e-06,28.0,28.0,14.0,6.0,6.0,6.0
1.330186698157108,1.0,3.1262909618930295e-05,0.00012820877008230867,-0.3499460250264615,0.00013809226454893393,0.22382557675114534,-0.3499460250264615,0.00013809226454893393,0.22382557675114534,-0.3499533420582939,0.00015570870752538334,0.22385034551170904,-0.3270934263812464,-1.4200108687030237,1.235966682434082,-1.3860333601581019,-1.5710862318622034,2.7379965782165527,0.0,0.0,-0.0,0.0,0.0,0.0,-0.327090479047598,-1.4199114220031206,1.2359535940003523,-1.3859886473604293,-1.5710197866920748,2.7379604642380038,3.578874594459544e-05,0.00012961076443869946,-8.789898077694649e-05,0.00014134805769046852,7.790896610486656e-05,-0.00025403352723591896,-0.00016971557693515893,-8.03380596398676,-6.268388002512325,-0.9626199699738649,-5.1124082939138515e-05,-1.0739384524865626e-06,28.0,28.0,14.0,6.0,6.0,6.0
1.3352778791529132,1.0,2.4425690417900847e-05,0.000103249562082047,-0.3499460250264615,0.00013809226454893393,0.22382557675114534,-0.3499460250264615,0.00013809226454893393,0.22382557675114534,-0.3499392947678267,0.00016151590129679966,0.2238272050056107,-0.3270934263812464,-1.4199746290790003,1.2359905242919922,-1.3859851996051233,-1.571134392415182,2.7379965782165527,0.0,0.0,-0.0,0.0,0.0,0.0,-0.3270903455655379,-1.4199109512294237,1.235953292727779,-1.3859881417476274,-1.5710194245757256,2.7379594121322217,3.3370515037107425e-05,0.00011769342423145894,-7.531814335022819e-05,0.0001264032004586775,9.052908725653465e-05,-0.0002630264455029878,0.00011684059503803105,-8.036038286342281,-6.2688908438763296,-0.9626940462800403,-5.622054837299781e-05,-1.0735383231822632e-06,28.0,28.0,14.0,6.0,6.0,6.0
1.3392778791529132,1.0,2.4425690417900847e-05,0.000103249562082047,-0.3499460250264615,0.00013809226454893393,0.22382557675114534,-0.3499460250264615,0.00013809226454893393,0.22382557675114534,-0.3499392947678267,0.00016151590129679966,0.2238272050056107,-0.3270934263812464,-1.4199746290790003,1.2359905242919922,-1.3859851996051233,-1.571134392415182,2.7379965782165527,0.0,0.0,-0.0,0.0,0.0,0.0,-0.327090221176026,-1.419910525264926,1.2359530387591544,-1.3859876923274888,-1.571019015007721,2.737958326213067,3.109737798406869e-05,0.00010649112443665284,-6.349215616911297e-05,0.0001123550346607939,0.00010239200113910267,-0.00027147978867403253,0.00011684059503803105,-8.036038286342281,-6.2688908438763296,-0.9626940462800403,-5.622054837299781e-05,-1.0735383231822632e-06,28.0,28.0,14.0,6.0,6.0,6.0
1.3442135231669532,1.0,2.4425690417900847e-05,0.000103249562082047,-0.3499460250264615,0.00013809226454893393,0.22382557675114534,-0.3499460250264615,0.00013809226454893393,0.22382557675114534,-0.3499392947678267,0.00016151590129679966,0.2238272050056107,-0.3270934263812464,-1.4199746290790003,1.2359905242919922,-1.3859851996051233,-1.571134392415182,2.7379965782165527,0.0,0.0,-0.0,0.0,0.0,0.0,-0.32709010533350935,-1.4199101414210755,1.2359528292562416,-1.3859872957284536,-1.5710185608351603,2.737957208509342,2.8960629154212283e-05,9.596096262953512e-05,-5.237572821886467e-05,9.914975881078334e-05,0.00011354314018871659,-0.00027942593125481456,0.00011684059503803105,-8.036038286342281,-6.2688908438763296,-0.9626940462800403,-5.622054837299781e-05,-1.0735383231822632e-06,28.0,28.0,14.0,6.0,6.0,6.0
1.3482135231669532,1.0,8.107009724220327e-06,6.0649655499959625e-05,-0.3499460250264615,0.00013809226454893393,0.22382557675114534,-0.3499460250264615,0.00013809226454893393,0.22382557675114534,-0.34995072632874685,0.0001438594483811039,0.22382879559474766,-0.32706958452333623,-1.4199627081500452,1.235978603363037,-1.3860090414630335,-1.5710743109332483,2.7379965782165527,0.0,0.0,-0.0,0.0,0.0,0.0,-0.3270899895878906,-1.419909780621169,1.2359526353611887,-1.385986911667873,-1.5710181339172145,2.7379560963316036,2.8936404690117303e-05,9.019997667127391e-05,-4.847376320754784e-05,9.60151451792425e-05,0.00010672948649698957,-0.00027804443461517216,0.00013034620995613564,-8.035974145408463,-6.2688759820716555,-0.9626880268892211,-5.600513188712905e-05,-7.660112066686823e-07,28.0,28.0,14.0,6.0,6.0,6.0
1.3528464021573314,1.0,8.107009724220327e-06,6.0649655499959625e-05,-0.3499460250264615,0.00013809226454893393,0.22382557675114534,-0.3499460250264615,0.00013809226454893393,0.22382557675114534,-0.34995072632874685,0.0001438594483811039,0.22382879559474766,-0.32706958452333623,-1.4199627081500452,1.235978603363037,-1.3860090414630335,-1.5710743109332483,2.7379965782165527,0.0,0.0,-0.0,0.0,0.0,0.0,-0.3270898739333558,-1.4199094414825695,1.2359524561375244,-1.3859865393934394,-1.5710177326186063,2.7379549893482924,2.8913633693868022e-05,8.478464987050837e-05,-4.4805916096910016e-05,9.30686083655941e-05,0.00010032465202676618,-0.0002767458277739083,0.00013034620995613564,-8.035974145408463,-6.2688759820716555,-0.9626880268892211,-5.600513188712905e-05,-7.660112066686823e-07,28.0,28.0,14.0,6.0,6.0,6.0
1.3568464021573314,1.0,8.107009724220327e-06,6.0649655499959625e-05,-0.3499460250264615,0.00013809226454893393,0.22382557675114534,-0.3499460250264615,0.00013809226454893393,0.22382557675114534,-0.34995072632874685,0.0001438594483811039,0.22382879559474766,-0.32706958452333623,-1.4199627081500452,1.235978603363037,-1.3860090414630335,-1.5710743109332483,2.7379965782165527,0.0,0.0,-0.0,0.0,0.0,0.0,-0.32708975836444,-1.4199091227055987,1.2359522907049652,-1.3859861781979843,-1.5710173554021758,2.737953887247743,2.8892228957393698e-05,7.969424267778875e-05,-4.135813981291046e-05,9.029886376076461e-05,9.430410762475619e-05,-0.00027552513734312026,0.00013034620995613564,-8.035974145408463,-6.2688759820716555,-0.9626880268892211,-5.600513188712905e-05,-7.660112066686823e-07,28.0,28.0,14.0,6.0,6.0,6.0
1.3618865291555418,1.0,2.657768202089462e-05,0.00011054029295172197,-0.3499460250264615,0.00013809226454893393,0.22382557675114534,-0.3499460250264615,0.00013809226454893393,0.22382557675114534,-0.3499351736089128,0.00015788885499657817,0.22381155124133514,-0.32711726823915654,-1.4199627081500452,1.2360267639160156,-1.3859732786761683,-1.5710862318622034,2.7379729747772217,0.0,0.0,-0.0,0.0,0.0,0.0,-0.3270896197376485,-1.4199088708350547,1.2359521862267888,-1.3859859243046606,-1.5710169871152482,2.7379527851343943,3.465669786629765e-05,6.296763597157454e-05,-2.611954406532152e-05,6.347333092891205e-05,9.207173192149201e-05,-0.0002755283371791636,0.0008876433853156742,-8.03727475560424,-6.269241981561919,-0.9627440226529421,-4.4964434246716316e-05,-1.0763978056962142e-06,28.0,28.0,14.0,6.0,6.0,6.0
1.3658865291555418,1.0,2.657768202089462e-05,0.00011054029295172197,-0.3499460250264615,0.00013809226454893393,0.22382557675114534,-0.3499460250264615,0.00013809226454893393,0.22382557675114534,-0.3499351736089128,0.00015788885499657817,0.22381155124133514,-0.32711726823915654,-1.4199627081500452,1.2360267639160156,-1.3859732786761683,-1.5710862318622034,2.7379729747772217,0.0,0.0,-0.0,0.0,0.0,0.0,-0.32708945943645396,-1.419908681856552,1.2359521390457326,-1.3859857712753403,-1.5710166272220532,2.737951683009014,4.007529864066737e-05,4.724462566773318e-05,-1.1795264062587917e-05,3.8257330066970646e-05,8.997329876042367e-05,-0.0002755313450250443,0.0008876433853156742,-8.03727475560424,-6.269241981561919,-0.9627440226529421,-4.4964434246716316e-05,-1.0763978056962142e-06,28.0,28.0,14.0,6.0,6.0,6.0
1.3705277201416908,1.0,2.657768202089462e-05,0.00011054029295172197,-0.3499460250264615,0.00013809226454893393,0.22382557675114534,-0.3499460250264615,0.00013809226454893393,0.22382557675114534,-0.3499351736089128,0.00015788885499657817,0.22381155124133514,-0.32711726823915654,-1.4199627081500452,1.2360267639160156,-1.3859732786761683,-1.5710862318622034,2.7379729747772217,0.0,0.0,-0.0,0.0,0.0,0.0,-0.3270892787613205,-1.4199085519965682,1.2359521457239693,-1.3859857130581832,-1.5710162752189667,2.7379505808723246,4.51687833685749e-05,3.246499598212231e-05,1.6695591399816707e-06,1.4554289256745722e-05,8.800077158901943e-05,-0.0002755341724001722,0.0008876433853156742,-8.03727475560424,-6.269241981561919,-0.9627440226529421,-4.4964434246716316e-05,-1.0763978056962142e-06,28.0,28.0,14.0,6.0,6.0,6.0
1.3745277201416908,1.0,9.928586298133627e-06,9.617246841119504e-05,-0.3499460250264615,0.00013809226454893393,0.22382557675114534,-0.3499460250264615,0.00013809226454893393,0.22382557675114534,-0.3499480052681202,0.0001471086097204775,0.22382923201975383,-0.3270815054522913,-1.4199746290790003,1.2359905242919922,-1.3860090414630335,-1.5710743109332483,2.738020658493042,0.0,0.0,-0.0,0.0,0.0,0.0,-0.32708909522139934,-1.4199084231243102,1.2359521482336244,-1.385985647091951,-1.5710159443446128,2.737949448705855,4.588498028211922e-05,3.2218064472486854e-05,6.274137759830629e-07,1.6491558076494947e-05,8.271858849534075e-05,-0.000283041617420684,0.00021271131874222324,-8.035755529674377,-6.268860732869487,-0.9626876706750723,-5.293082097485836e-05,-1.2305131020353888e-06,28.0,28.0,14.0,6.0,6.0,6.0
1.3795393511429435,1.0,9.928586298133627e-06,9.617246841119504e-05,-0.3499460250264615,0.00013809226454893393,0.22382557675114534,-0.3499460250264615,0.00013809226454893393,0.22382557675114534,-0.3499480052681202,0.0001471086097204775,0.22382923201975383,-0.3270815054522913,-1.4199746290790003,1.2359905242919922,-1.3860090414630335,-1.5710743109332483,2.738020658493042,0.0,0.0,-0.0,0.0,0.0,0.0,-0.32708890898857784,-1.4199082951805149,1.235952146824813,-1.3859855738415878,-1.5710156333312673,2.7379482883113924,4.655820538085088e-05,3.198594885342952e-05,-3.522028661756287e-07,1.831259076705922e-05,7.775333638728279e-05,-0.00029009861573996517,0.00021271131874222324,-8.035755529674377,-6.268860732869487,-0.9626876706750723,-5.293082097485836e-05,-1.2305131020353888e-06,28.0,28.0,14.0,6.0,6.0,6.0
1.3835393511429435,1.0,9.928586298133627e-06,9.617246841119504e-05,-0.3499460250264615,0.00013809226454893393,0.22382557675114534,-0.3499460250264615,0.00013809226454893393,0.22382557675114534,-0.3499480052681202,0.0001471086097204775,0.22382923201975383,-0.3270815054522913,-1.4199746290790003,1.2359905242919922,-1.3860090414630335,-1.5710743109332483,2.738020658493042,0.0,0.0,-0.0,0.0,0.0,0.0,-0.32708872022443,-1.4199081681094743,1.235952141732643,-1.3859854937441418,-1.5710153409872696,2.7379471013826158,4.719103697365864e-05,3.1767760171515635e-05,-1.2730425098047987e-06,2.0024361496189638e-05,7.30859994057083e-05,-0.00029673219416008945,0.00021271131874222324,-8.035755529674377,-6.268860732869487,-0.9626876706750723,-5.293082097485836e-05,-1.2305131020353888e-06,28.0,28.0,14.0,6.0,6.0,6.0
1.38810099213454,1.0,2.288339734298319e-05,0.0001159219053959095,-0.3499460250264615,0.00013809226454893393,0.22382557675114534,-0.3499460250264615,0.00013809226454893393,0.22382557675114534,-0.3499511841591597,0.00016031549963616332,0.22382735468421966,-0.3270934263812464,-1.4199627081500452,1.2359905242919922,-1.3860333601581019,-1.5711105505572718,2.738020658493042,0.0,0.0,-0.0,0.0,0.0,0.0,-0.3270885352840705,-1.4199080481299238,1.2359521295877,-1.3859853830722109,-1.5710150244607441,2.7379458695759618,4.623508986146192e-05,2.9994887640295662e-05,-3.0362356861525997e-06,2.766798271301569e-05,7.91316313447318e-05,-0.0003079516634516673,0.00016598623433000532,-8.036061254071997,-6.268939005693986,-0.9626905699800604,-5.3695730903045126e-05,-1.3843719016850714e-06,28.0,28.0,14.0,6.0,6.0,6.0
1.39210099213454,1.0,2.288339734298319e-05,0.0001159219053959095,-0.3499460250264615,0.00013809226454893393,0.22382557675114534,-0.3499460250264615,0.00013809226454893393,0.22382557675114534,-0.3499511841591597,0.00016031549963616332,0.22382735468421966,-0.3270934263812464,-1.4199627081500452,1.2359905242919922,-1.3860333601581019,-1.5711105505572718,2.738020658493042,0.0,0.0,-0.0,0.0,0.0,0.0,-0.3270883539380722,-1.419907934816374,1.235952110813151,-1.3859852436602642,-1.5710146852026428,2.7379445955841035,4.5336499575997e-05,2.8328387460948885e-05,-4.693637271919533e-06,3.4852986656832175e-05,8.481452536741387e-05,-0.00031849796458575046,0.00016598623433000532,-8.036061254071997,-6.268939005693986,-0.9626905699800604,-5.3695730903045126e-05,-1.3843719016850714e-06,28.0,28.0,14.0,6.0,6.0,6.0
1.397303781139665,1.0,2.288339734298319e-05,0.0001159219053959095,-0.3499460250264615,0.00013809226454893393,0.22382557675114534,-0.3499460250264615,0.00013809226454893393,0.22382557675114534,-0.3499511841591597,0.00016031549963616332,0.22382735468421966,-0.3270934263812464,-1.4199627081500452,1.2359905242919922,-1.3860333601581019,-1.5711105505572718,2.738020658493042,0.0,0.0,-0.0,0.0,0.0,0.0,-0.32708817597077333,-1.4199078277688648,1.235952085806772,-1.3859850772327027,-1.5710143245768597,2.737943281938153,4.4491824707659976e-05,2.6761877292362914e-05,-6.251594762540449e-06,4.1606890364019676e-05,9.015644574873502e-05,-0.00032841148765178866,0.00016598623433000532,-8.036061254071997,-6.268939005693986,-0.9626905699800604,-5.3695730903045126e-05,-1.3843719016850714e-06,28.0,28.0,14.0,6.0,6.0,6.0
1.401303781139665,1.0,2.200758111566309e-05,8.487601483923434e-05,-0.3499460250264615,0.00013809226454893393,0.22382557675114534,-0.3499460250264615,0.00013809226454893393,0.22382557675114534,-0.3499399579015752,0.00014816219832819314,0.22384418105322465,-0.32706958452333623,-1.4200227896319788,1.2359905242919922,-1.3859971205340784,-1.5711105505572718,2.7379965782165527,0.0,0.0,-0.0,0.0,0.0,0.0,-0.32708801490536843,-1.4199076793922185,1.235952034524115,-1.3859848847654697,-1.5710139438544928,2.737941972498224,4.026635122840053e-05,3.709416159527712e-05,-1.2820664271128767e-05,4.8116808259002355e-05,9.51805917342626e-05,-0.00032735998226231255,-0.0004305895954480955,-8.033961581536188,-6.268479964695076,-0.962646103942113,-5.984969539077132e-05,-7.66152557776873e-07,28.0,28.0,14.0,6.0,6.0,6.0
1.406405648159795,1.0,2.200758111566309e-05,8.487601483923434e-05,-0.3499460250264615,0.00013809226454893393,0.22382557675114534,-0.3499460250264615,0.00013809226454893393,0.22382557675114534,-0.3499399579015752,0.00014816219832819314,0.22384418105322465,-0.32706958452333623,-1.4200227896319788,1.2359905242919922,-1.3859971205340784,-1.5711105505572718,2.7379965782165527,0.0,0.0,-0.0,0.0,0.0,0.0,-0.3270878697277438,-1.4199074921661832,1.2359519585417567,-1.3859846678209453,-1.5710135442413369,2.737940667011955,3.6294406157896644e-05,4.6806508840016474e-05,-1.8995589609201784e-05,5.423613108028607e-05,9.990328896065852e-05,-0.00032637156719620504,-0.0004305895954480955,-8.033961581536188,-6.268479964695076,-0.962646103942113,-5.984969539077132e-05,-7.66152557776873e-07,28.0,28.0,14.0,6.0,6.0,6.0
1.410405648159795,1.0,2.1039273821235593e-05,8.779589672067023e-05,-0.3499460250264615,0.00013809226454893393,0.22382557675114534,-0.3499460250264615,0.00013809226454893393,0.22382557675114534,-0.3499435200816482,0.000153542946260515,0.2238396356532737,-0.3270815054522913,-1.4199984709369105,1.235978603363037,-1.3859971205340784,-1.5711105505572718,2.7379965782165527,0.0,0.0,-0.0,0.0,0.0,0.0,-0.32708773262301055,-1.4199072890304234,1.2359518768533282,-1.3859844390441576,-1.5710131268764091,2.7379393583705856,3.427618330473997e-05,5.078393994825336e-05,-2.0422107092427742e-05,5.7194196914789746e-05,0.00010434123192668255,-0.00032716034239496303,-0.00015924480303487615,-8.034759546400146,-6.268601908267141,-0.9626563117079396,-5.677244880299778e-05,-9.199137298563484e-07,28.0,28.0,14.0,6.0,6.0,6.0
1.4150527761818381,1.0,2.1039273821235593e-05,8.779589672067023e-05,-0.3499460250264615,0.00013809226454893393,0.22382557675114534,-0.3499460250264615,0.00013809226454893393,0.22382557675114534,-0.3499435200816482,0.000153542946260515,0.2238396356532737,-0.3270815054522913,-1.4199984709369105,1.235978603363037,-1.3859971205340784,-1.5711105505572718,2.7379965782165527,0.0,0.0,-0.0,0.0,0.0,0.0,-0.32708760310679524,-1.4199070709395227,1.235951789801194,-1.3859841991450423,-1.5710126928248158,2.7379380467634213,3.2379053822772705e-05,5.452272518999602e-05,-2.176303352666014e-05,5.99747787992232e-05,0.00010851289831474515,-0.0003279017910817955,-0.00015924480303487615,-8.034759546400146,-6.268601908267141,-0.9626563117079396,-5.677244880299778e-05,-9.199137298563484e-07,28.0,28.0,14.0,6.0,6.0,6.0
1.4190527761818381,1.0,2.1039273821235593e-05,8.779589672067023e-05,-0.3499460250264615,0.00013809226454893393,0.22382557675114534,-0.3499460250264615,0.00013809226454893393,0.22382557675114534,-0.3499435200816482,0.000153542946260515,0.2238396356532737,-0.3270815054522913,-1.4199984709369105,1.235978603363037,-1.3859971205340784,-1.5711105505572718,2.7379965782165527,0.0,0.0,-0.0,0.0,0.0,0.0,-0.3270874807237868,-1.4199068387907894,1.2359516977071765,-1.3859839487909393,-1.5710122430877569,2.73793673236841,3.0595752109723474e-05,5.803718331723413e-05,-2.3023504374838596e-05,6.258852577059066e-05,0.00011243426471952399,-0.0003285987528474181,-0.00015924480303487615,-8.034759546400146,-6.268601908267141,-0.9626563117079396,-5.677244880299778e-05,-9.199137298563484e-07,28.0,28.0,14.0,6.0,6.0,6.0
1.4241095251634257,1.0,2.1039273821235593e-05,8.779589672067023e-05,-0.3499460250264615,0.00013809226454893393,0.22382557675114534,-0.3499460250264615,0.00013809226454893393,0.22382557675114534,-0.3499435200816482,0.000153542946260515,0.2238396356532737,-0.3270815054522913,-1.4199984709369105,1.235978603363037,-1.3859971205340784,-1.5711105505572718,2.7379965782165527,0.0,0.0,-0.0,0.0,0.0,0.0,-0.3270873650459928,-1.4199065934276935,1.2359516008737885,-1.3859836886091477,-1.5710117786063604,2.737935415352822,2.8919448499457193e-05,6.134077395683796e-05,-2.4208346972126346e-05,6.504544792367605e-05,0.00011612034914001609,-0.0003292538969071033,-0.00015924480303487615,-8.034759546400146,-6.268601908267141,-0.9626563117079396,-5.677244880299778e-05,-9.199137298563484e-07,28.0,28.0,14.0,6.0,6.0,6.0
1.4281095251634257,1.0,6.400284620507194e-06,3.9178850973891806e-05,-0.3499460250264615,0.00013809226454893393,0.22382557675114534,-0.3499460250264615,0.00013809226454893393,0.22382557675114534,-0.3499420781360404,0.0001351982176041682,0.22382970109248776,-0.3270457426654261,-1.4199746290790003,1.235978603363037,-1.3859732786761683,-1.5710862318622034,2.7379965782165527,0.0,0.0,-0.0,0.0,0.0,0.0,-0.32708726745691263,-1.41990637111314,1.2359515362765874,-1.385983475319507,-1.5710113282608809,2.7379341252859724,2.4397270043509957e-05,5.557863834000905e-05,-1.6149300272801294e-05,5.332241013467514e-05,0.00011258636988145939,-0.0003225167124443571,-0.00015820463651939278,-8.0357365993993,-6.268809060330645,-0.9626897245966941,-6.341800852079513e-05,-4.5830774114813954e-07,28.0,28.0,14.0,6.0,6.0,6.0
1.432654544171645,1.0,6.400284620507194e-06,3.9178850973891806e-05,-0.3499460250264615,0.00013809226454893393,0.22382557675114534,-0.3499460250264615,0.00013809226454893393,0.22382557675114534,-0.3499420781360404,0.0001351982176041682,0.22382970109248776,-0.3270457426654261,-1.4199746290790003,1.235978603363037,-1.3859732786761683,-1.5710862318622034,2.7379965782165527,0.0,0.0,-0.0,0.0,0.0,0.0,-0.32708718687122346,-1.4199061704642166,1.2359515019814018,-1.3859833061084885,-1.5710108912031633,2.737932860550936,2.0146422294919556e-05,5.016223086018988e-05,-8.573796375435743e-06,4.2302754613014276e-05,0.0001092644293784161,-0.00031618375904937575,-0.00015820463651939278,-8.0357365993993,-6.268809060330645,-0.9626897245966941,-6.341800852079513e-05,-4.5830774114813954e-07,28.0,28.0,14.0,6.0,6.0,6.0
1.436654544171645,1.0,2.237963432973615e-05,0.0001310329083902655,-0.3499460250264615,0.00013809226454893393,0.22382557675114534,-0.3499460250264615,0.00013809226454893393,0.22382557675114534,-0.34994347170004336,0.0001509094223531877,0.22384374400252677,-0.3270815054522913,-1.4200108687030237,1.235978603363037,-1.3859971205340784,-1.5710986296283167,2.738044500350952,0.0,0.0,-0.0,0.0,0.0,0.0,-0.3270871061936076,-1.4199059388210657,1.2359514463021384,-1.3859831106373086,-1.5710104523671942,2.7379315392986503,2.0169403961408892e-05,5.791078774575426e-05,-1.3919815866642844e-05,4.886779499490548e-05,0.0001097089922678182,-0.0003303130714160906,-0.00019320066647211573,-8.034276183229832,-6.268500289287011,-0.962644386560142,-5.551064162445509e-05,-1.5382678999971611e-06,28.0,28.0,14.0,6.0,6.0,6.0
1.4418169631662319,1.0,2.237963432973615e-05,0.0001310329083902655,-0.3499460250264615,0.00013809226454893393,0.22382557675114534,-0.3499460250264615,0.00013809226454893393,0.22382557675114534,-0.34994347170004336,0.0001509094223531877,0.22384374400252677,-0.3270815054522913,-1.4200108687030237,1.235978603363037,-1.3859971205340784,-1.5710986296283167,2.738044500350952,0.0,0.0,-0.0,0.0,0.0,0.0,-0.3270870254295807,-1.4199056780433408,1.2359513705218417,-1.3859828904815767,-1.5710100118596686,2.73793016492015,2.0191006727908866e-05,6.519443121818478e-05,-1.8945074188377517e-05,5.503893295388322e-05,0.00011012688138385618,-0.00034359462504080255,-0.00019320066647211573,-8.034276183229832,-6.268500289287011,-0.962644386560142,-5.551064162445509e-05,-1.5382678999971611e-06,28.0,28.0,14.0,6.0,6.0,6.0
1.4458169631662319,1.0,2.237963432973615e-05,0.0001310329083902655,-0.3499460250264615,0.00013809226454893393,0.22382557675114534,-0.3499460250264615,0.00013809226454893393,0.22382557675114534,-0.34994347170004336,0.0001509094223531877,0.22384374400252677,-0.3270815054522913,-1.4200108687030237,1.235978603363037,-1.3859971205340784,-1.5710986296283167,2.738044500350952,0.0,0.0,-0.0,0.0,0.0,0.0,-0.32708694458432735,-1.4199053898791165,1.2359512758465736,-1.3859826471223662,-1.57100956978088,2.737928740603008,2.021131332841884e-05,7.204105608226947e-05,-2.366881701080811e-05,6.083980263532229e-05,0.00011051969715293188,-0.0003560792854480318,-0.00019320066647211573,-8.034276183229832,-6.268500289287011,-0.962644386560142,-5.551064162445509e-05,-1.5382678999971611e-06,28.0,28.0,14.0,6.0,6.0,6.0
1.4509651351664221,1.0,2.237963432973615e-05,0.0001310329083902655,-0.3499460250264615,0.00013809226454893393,0.22382557675114534,-0.3499460250264615,0.00013809226454893393,0.22382557675114534,-0.34994347170004336,0.0001509094223531877,0.22384374400252677,-0.3270815054522913,-1.4200108687030237,1.235978603363037,-1.3859971205340784,-1.5710986296283167,2.738044500350952,0.0,0.0,-0.0,0.0,0.0,0.0,-0.3270868636627212,-1.4199050759715828,1.2359511634100326,-1.3859823819518857,-1.571009126225104,2.737927269343543,2.0230401532898217e-05,7.847688345450908e-05,-2.8109135263892868e-05,6.629262013587502e-05,0.00011088894397586304,-0.00036781486623082725,-0.00019320066647211573,-8.034276183229832,-6.268500289287011,-0.962644386560142,-5.551064162445509e-05,-1.5382678999971611e-06,28.0,28.0,14.0,6.0,6.0,6.0
1.4549651351664221,1.0,1.8750219156315757e-05,0.00013217007602124917,-0.3499460250264615,0.00013809226454893393,0.22382557675114534,-0.3499460250264615,0.00013809226454893393,0.22382557675114534,-0.3499472603578466,0.00015675569184653743,0.2238242648226847,-0.32711726823915654,-1.4199627081500452,1.2359905242919922,-1.3859971205340784,-1.5710623900042933,2.738020658493042,0.0,0.0,-0.0,0.0,0.0,0.0,-0.32708674902669305,-1.4199047917802026,1.2359510722215823,-1.3859821494910938,-1.5710087230351975,2.737925773867444,2.8659007038570205e-05,7.104784503421967e-05,-2.2797112573026095e-05,5.811519795971354e-05,0.00010079747664256651,-0.00037386902475929713,0.0007928676241874801,-8.036468940816206,-6.268977424675467,-0.9626997203615497,-4.244013113735473e-05,-1.6918540724360448e-06,28.0,28.0,14.0,6.0,6.0,6.0
1.4595433991891338,1.0,1.8750219156315757e-05,0.00013217007602124917,-0.3499460250264615,0.00013809226454893393,0.22382557675114534,-0.3499460250264615,0.00013809226454893393,0.22382557675114534,-0.3499472603578466,0.00015675569184653743,0.2238242648226847,-0.32711726823915654,-1.4199627081500452,1.2359905242919922,-1.3859971205340784,-1.5710623900042933,2.738020658493042,0.0,0.0,-0.0,0.0,0.0,0.0,-0.32708660269910816,-1.4199045355220068,1.2359510010063373,-1.3859819477774094,-1.571008357789208,2.737924255627709,3.658189621390187e-05,6.406454891914762e-05,-1.7803811243611328e-05,5.042842111412175e-05,9.131149734926777e-05,-0.0003795599337760588,0.0007928676241874801,-8.036468940816206,-6.268977424675467,-0.9626997203615497,-4.244013113735473e-05,-1.6918540724360448e-06,28.0,28.0,14.0,6.0,6.0,6.0
1.4635433991891338,1.0,1.2573818777478028e-05,9.581292771830148e-05,-0.3499460250264615,0.00013809226454893393,0.22382557675114534,-0.3499460250264615,0.00013809226454893393,0.22382557675114534,-0.34994602731259705,0.00015060983669125372,0.22382676473308302,-0.3270934263812464,-1.4199627081500452,1.235978603363037,-1.3859851996051233,-1.5710743109332483,2.738008499145508,0.0,0.0,-0.0,0.0,0.0,0.0,-0.3270864445849441,-1.4199043076216373,1.235950957889581,-1.385981782189378,-1.5710080144724372,2.737922739459978,3.952854100799735e-05,5.6975092339603915e-05,-1.0779189049167532e-05,4.1397007825274917e-05,8.582919268463826e-05,-0.0003790419327091069,0.0004699150432064037,-8.036287009008309,-6.26890523409925,-0.9626933480857414,-4.985335450450387e-05,-1.227351356678531e-06,28.0,28.0,14.0,6.0,6.0,6.0
1.4685372211781802,1.0,1.2573818777478028e-05,9.581292771830148e-05,-0.3499460250264615,0.00013809226454893393,0.22382557675114534,-0.3499460250264615,0.00013809226454893393,0.22382557675114534,-0.34994602731259705,0.00015060983669125372,0.22382676473308302,-0.3270934263812464,-1.4199627081500452,1.235978603363037,-1.3859851996051233,-1.5710743109332483,2.738008499145508,0.0,0.0,-0.0,0.0,0.0,0.0,-0.3270862753913957,-1.4199041063776248,1.2359509411854044,-1.3859816505594607,-1.571007691769132,2.737921225239931,4.22983871144471e-05,5.0311003154832833e-05,-4.176044186390361e-06,3.29074793337589e-05,8.06758262998865e-05,-0.00037855501170617204,0.0004699150432064037,-8.036287009008309,-6.26890523409925,-0.9626933480857414,-4.985335450450387e-05,-1.227351356678531e-06,28.0,28.0,14.0,6.0,6.0,6.0
1.4725372211781802,1.0,1.2573818777478028e-05,9.581292771830148e-05,-0.3499460250264615,0.00013809226454893393,0.22382557675114534,-0.3499460250264615,0.00013809226454893393,0.22382557675114534,-0.34994602731259705,0.00015060983669125372,0.22382676473308302,-0.3270934263812464,-1.4199627081500452,1.235978603363037,-1.3859851996051233,-1.5710743109332483,2.738008499145508,0.0,0.0,-0.0,0.0,0.0,0.0,-0.32708609578322584,-1.4199039301905876,1.2359509493090524,-1.3859815508501705,-1.5710073884424844,2.7379197128507076,4.490204245450986e-05,4.4046759321148016e-05,2.0309119846201786e-06,2.4927322551733838e-05,7.583166189821985e-05,-0.0003780973059634133,0.0004699150432064037,-8.036287009008309,-6.26890523409925,-0.9626933480857414,-4.985335450450387e-05,-1.227351356678531e-06,28.0,28.0,14.0,6.0,6.0,6.0
1.4772270921624737,1.0,2.1804602943613328e-05,0.00011956825829051714,-0.3499460250264615,0.00013809226454893393,0.22382557675114534,-0.3499460250264615,0.00013809226454893393,0.22382557675114534,-0.3499483638930331,0.00015974727055918962,0.22382659219557255,-0.32711726823915654,-1.4199746290790003,1.2360029220581055,-1.3860209623919886,-1.5710743109332483,2.738008499145508,0.0,0.0,-0.0,0.0,0.0,0.0,-0.32708589268387844,-1.4199037579698812,1.2359509463872402,-1.3859814394431826,-1.5710071033379385,2.737918188418073,5.07748368462893e-05,4.305517661294954e-05,-7.304530485686945e-07,2.785174695947782e-05,7.127613647832804e-05,-0.00038110815863587365,0.0006055107663433957,-8.035999055934594,-6.268939733137638,-0.9626934970776175,-4.3705558542196166e-05,-1.535052236530871e-06,28.0,28.0,14.0,6.0,6.0,6.0
1.4812270921624737,1.0,2.1804602943613328e-05,0.00011956825829051714,-0.3499460250264615,0.00013809226454893393,0.22382557675114534,-0.3499460250264615,0.00013809226454893393,0.22382557675114534,-0.3499483638930331,0.00015974727055918962,0.22382659219557255,-0.32711726823915654,-1.4199746290790003,1.2360029220581055,-1.3860209623919886,-1.5710743109332483,2.738008499145508,0.0,0.0,-0.0,0.0,0.0,0.0,-0.32708566750282414,-1.4199035894775258,1.2359509330826954,-1.385981317040359,-1.5710068353621682,2.737916652664633,5.6295263574561965e-05,4.2123088867242974e-05,-3.326136179766235e-06,3.0600705902757165e-05,6.699394258362975e-05,-0.00038393836014798637,0.0006055107663433957,-8.035999055934594,-6.268939733137638,-0.9626934970776175,-4.3705558542196166e-05,-1.535052236530871e-06,28.0,28.0,14.0,6.0,6.0,6.0
1.486298089157092,1.0,2.1804602943613328e-05,0.00011956825829051714,-0.3499460250264615,0.00013809226454893393,0.22382557675114534,-0.3499460250264615,0.00013809226454893393,0.22382557675114534,-0.3499483638930331,0.00015974727055918962,0.22382659219557255,-0.32711726823915654,-1.4199746290790003,1.2360029220581055,-1.3860209623919886,-1.5710743109332483,2.738008499145508,0.0,0.0,-0.0,0.0,0.0,0.0,-0.32708542156496534,-1.4199034244898203,1.235950910018382,-1.3859811843014498,-1.571006583487447,2.7379151062696345,6.148446469913827e-05,4.12469263862788e-05,-5.766078323091923e-06,3.318472730943975e-05,6.296868032261335e-05,-0.0003865987495693723,0.0006055107663433957,-8.035999055934594,-6.268939733137638,-0.9626934970776175,-4.3705558542196166e-05,-1.535052236530871e-06,28.0,28.0,14.0,6.0,6.0,6.0
1.490298089157092,1.0,2.540512678548671e-05,9.712475821371058e-05,-0.3499460250264615,0.00013809226454893393,0.22382557675114534,-0.3499460250264615,0.00013809226454893393,0.22382557675114534,-0.34994229010297867,0.00014672475408945637,0.22384917655915085,-0.3270934263812464,-1.4200227896319788,1.235966682434082,-1.3859732786761683,-1.5710623900042933,2.7379965782165527,0.0,0.0,-0.0,0.0,0.0,0.0,-0.3270851655464756,-1.419903213293635,1.2359508644452342,-1.3859810357364888,-1.571006360465409,2.7379135816391917,6.400462243507006e-05,5.2799046372609976e-05,-1.1393286995024645e-05,3.7141240231380425e-05,5.575550949977444e-05,-0.0003811576107445276,6.484676854156393e-05,-8.033873686860638,-6.268348535315053,-0.962627130776738,-4.8596070530632604e-05,-1.073754526521274e-06,28.0,28.0,14.0,6.0,6.0,6.0
1.4953904581421527,1.0,2.540512678548671e-05,9.712475821371058e-05,-0.3499460250264615,0.00013809226454893393,0.22382557675114534,-0.3499460250264615,0.00013809226454893393,0.22382557675114534,-0.34994229010297867,0.00014672475408945637,0.22384917655915085,-0.3270934263812464,-1.4200227896319788,1.235966682434082,-1.3859732786761683,-1.5710623900042933,2.7379965782165527,0.0,0.0,-0.0,0.0,0.0,0.0,-0.32708490005219276,-1.4199029586614782,1.2359507977137816,-1.3859808722950393,-1.5710061645648932,2.737912077467431,6.637357070684594e-05,6.365803915976128e-05,-1.66828631466414e-05,4.086036237800466e-05,4.897512892630587e-05,-0.0003760429402491736,6.484676854156393e-05,-8.033873686860638,-6.268348535315053,-0.962627130776738,-4.8596070530632604e-05,-1.073754526521274e-06,28.0,28.0,14.0,6.0,6.0,6.0
1.4993904581421527,1.0,2.540512678548671e-05,9.712475821371058e-05,-0.3499460250264615,0.00013809226454893393,0.22382557675114534,-0.3499460250264615,0.00013809226454893393,0.22382557675114534,-0.34994229010297867,0.00014672475408945637,0.22384917655915085,-0.3270934263812464,-1.4200227896319788,1.235966682434082,-1.3859732786761683,-1.5710623900042933,2.7379965782165527,0.0,0.0,-0.0,0.0,0.0,0.0,-0.32708462565066443,-1.4199026631995086,1.2359507110935226,-1.3859806948696904,-1.5710059941586085,2.737910592526831,6.860038208231528e-05,7.38654923796835e-05,-2.1655064729161154e-05,4.435633719583144e-05,4.2601571187245404e-05,-0.0003712351499835408,6.484676854156393e-05,-8.033873686860638,-6.268348535315053,-0.962627130776738,-4.8596070530632604e-05,-1.073754526521274e-06,28.0,28.0,14.0,6.0,6.0,6.0
1.5040589571651077,1.0,1.3110181199503391e-05,0.00011065710464494314,-0.3499460250264615,0.00013809226454893393,0.22382557675114534,-0.3499460250264615,0.00013809226454893393,0.22382557675114534,-0.3499500147787521,0.000150407480425242,0.22382764899284538,-0.3270815054522913,-1.4199746290790003,1.2360029220581055,-1.3860333601581019,-1.5710862318622034,2.738032579421997,0.0,0.0,-0.0,0.0,0.0,0.0,-0.32708435830520594,-1.4199023742148749,1.235950610773361,-1.3859804924365742,-1.5710058202555917,2.737909082494669,6.683636462539054e-05,7.224615846911061e-05,-2.50800403800075e-05,5.060827908080283e-05,4.347575419204657e-05,-0.0003775080405218912,0.00011564320793874961,-8.035742385581672,-6.268919563243405,-0.9626927613137789,-5.419503073606087e-05,-1.3843663223634384e-06,28.0,28.0,14.0,6.0,6.0,6.0
1.5080589571651077,1.0,1.3110181199503391e-05,0.00011065710464494314,-0.3499460250264615,0.00013809226454893393,0.22382557675114534,-0.3499460250264615,0.00013809226454893393,0.22382557675114534,-0.3499500147787521,0.000150407480425242,0.22382764899284538,-0.3270815054522913,-1.4199746290790003,1.2360029220581055,-1.3860333601581019,-1.5710862318622034,2.738032579421997,0.0,0.0,-0.0,0.0,0.0,0.0,-0.32708409759245305,-1.4199020913189364,1.235950497575291,-1.3859802664961565,-1.5710056430656467,2.7379075488764384,6.51781882158813e-05,7.07239845931721e-05,-2.829951749180307e-05,5.648510445267593e-05,4.429748621655966e-05,-0.00038340455762794057,0.00011564320793874961,-8.035742385581672,-6.268919563243405,-0.9626927613137789,-5.419503073606087e-05,-1.3843663223634384e-06,28.0,28.0,14.0,6.0,6.0,6.0
1.513094334156253,1.0,1.3110181199503391e-05,0.00011065710464494314,-0.3499460250264615,0.00013809226454893393,0.22382557675114534,-0.3499460250264615,0.00013809226454893393,0.22382557675114534,-0.3499500147787521,0.000150407480425242,0.22382764899284538,-0.3270815054522913,-1.4199746290790003,1.2360029220581055,-1.3860333601581019,-1.5710862318622034,2.738032579421997,0.0,0.0,-0.0,0.0,0.0,0.0,-0.3270838431144435,-1.4199018141463717,1.2359503722719871,-1.3859800184588753,-1.5710054627859895,2.7379059930873035,6.36195023909426e-05,6.929314114978988e-05,-3.1325825976890904e-05,6.200932030223665e-05,4.506991431960197e-05,-0.000388947283707627,0.00011564320793874961,-8.035742385581672,-6.268919563243405,-0.9626927613137789,-5.419503073606087e-05,-1.3843663223634384e-06,28.0,28.0,14.0,6.0,6.0,6.0
1.517094334156253,1.0,6.608180401298357e-06,2.919482413015201e-05,-0.3499460250264615,0.00013809226454893393,0.22382557675114534,-0.3499460250264615,0.00013809226454893393,0.22382557675114534,-0.3499428793659511,0.00014381443454293967,0.22382456203998985,-0.32706958452333623,-1.4199746290790003,1.2360029220581055,-1.3859971205340784,-1.5710862318622034,2.7379610538482666,0.0,0.0,-0.0,0.0,0.0,0.0,-0.32708360134412523,-1.4199015621472473,1.2359502672971088,-1.3859798033028985,-1.5710052795991858,2.7379045057406084,6.0442579567906865e-05,6.299978112603402e-05,-2.6243719560229515e-05,5.3788994175414336e-05,4.579670091529973e-05,-0.0003718366737832296,0.00010915990003804637,-8.036016101900275,-6.268952261477792,-0.9627050308989846,-5.726829158797029e-05,-3.075734562577215e-07,28.0,28.0,14.0,6.0,6.0,6.0
1.5216761601676705,1.0,6.608180401298357e-06,2.919482413015201e-05,-0.3499460250264615,0.00013809226454893393,0.22382557675114534,-0.3499460250264615,0.00013809226454893393,0.22382557675114534,-0.3499428793659511,0.00014381443454293967,0.22382456203998985,-0.32706958452333623,-1.4199746290790003,1.2360029220581055,-1.3859971205340784,-1.5710862318622034,2.7379610538482666,0.0,0.0,-0.0,0.0,0.0,0.0,-0.32708337151903677,-1.4199013338111564,1.2359501814309506,-1.385979619055348,-1.5710050936796645,2.7379030827298068,5.745627211425328e-05,5.708402270370352e-05,-2.1466539528567812e-05,4.606188761620136e-05,4.647988031525563e-05,-0.000355752700454296,0.00010915990003804637,-8.036016101900275,-6.268952261477792,-0.9627050308989846,-5.726829158797029e-05,-3.075734562577215e-07,28.0,28.0,14.0,6.0,6.0,6.0
1.5256761601676705,1.0,6.608180401298357e-06,2.919482413015201e-05,-0.3499460250264615,0.00013809226454893393,0.22382557675114534,-0.3499460250264615,0.00013809226454893393,0.22382557675114534,-0.3499428793659511,0.00014381443454293967,0.22382456203998985,-0.32706958452333623,-1.4199746290790003,1.2360029220581055,-1.3859971205340784,-1.5710862318622034,2.7379610538482666,0.0,0.0,-0.0,0.0,0.0,0.0,-0.3270831529224643,-1.4199011277183171,1.2359501135269895,-1.3859794638617182,-1.5710049051913886,2.7379017201947446,5.464914310781891e-05,5.152320978671284e-05,-1.697599029880581e-05,3.879840745054117e-05,4.712206895121417e-05,-0.00034063376552509846,0.00010915990003804637,-8.036016101900275,-6.268952261477792,-0.9627050308989846,-5.726829158797029e-05,-3.075734562577215e-07,28.0,28.0,14.0,6.0,6.0,6.0
1.5309015071734327,1.0,2.55808369280132e-05,0.00016293839602214073,-0.3499460250264615,0.00013809226454893393,0.22382557675114534,-0.3499460250264615,0.00013809226454893393,0.22382557675114534,-0.34995062171505703,0.0001543840462283735,0.22384475558118272,-0.3271296660052698,-1.4200108687030237,1.235978603363037,-1.3860090414630335,-1.571026627217428,2.738020658493042,0.0,0.0,-0.0,0.0,0.0,0.0,-0.32708288888292597,-1.4199008719332795,1.2359500011186704,-1.385979261717859,-1.5710047829527298,2.7379003326246507,6.600988457953833e-05,6.394625937643167e-05,-2.8102079755984006e-05,5.053596480090085e-05,3.055966470200522e-05,-0.00034689252351134496,0.0006538685615247912,-8.034347779404428,-6.268495862482101,-0.9626364938340862,-3.5459063582051225e-05,-1.8520537171921934e-06,28.0,28.0,14.0,6.0,6.0,6.0
1.5349015071734327,1.0,2.55808369280132e-05,0.00016293839602214073,-0.3499460250264615,0.00013809226454893393,0.22382557675114534,-0.3499460250264615,0.00013809226454893393,0.22382557675114534,-0.34995062171505703,0.0001543840462283735,0.22384475558118272,-0.3271296660052698,-1.4200108687030237,1.235978603363037,-1.3860090414630335,-1.571026627217428,2.738020658493042,0.0,0.0,-0.0,0.0,0.0,0.0,-0.3270825821269997,-1.4199005694375755,1.235949846876255,-1.3859790154407843,-1.571004722988711,2.7378989215216265,7.66889815629546e-05,7.562392599076737e-05,-3.856060384573151e-05,6.156926871023895e-05,1.4991004707748808e-05,-0.00035277575601841665,0.0006538685615247912,-8.034347779404428,-6.268495862482101,-0.9626364938340862,-3.5459063582051225e-05,-1.8520537171921934e-06,28.0,28.0,14.0,6.0,6.0,6.0
1.5399701291790704,1.0,2.55808369280132e-05,0.00016293839602214073,-0.3499460250264615,0.00013809226454893393,0.22382557675114534,-0.3499460250264615,0.00013809226454893393,0.22382557675114534,-0.34995062171505703,0.0001543840462283735,0.22384475558118272,-0.3271296660052698,-1.4200108687030237,1.235978603363037,-1.3860090414630335,-1.571026627217428,2.738020658493042,0.0,0.0,-0.0,0.0,0.0,0.0,-0.32708223521766877,-1.419900223033845,1.2359496533097891,-1.3859787276784867,-1.5710047215628538,2.7378974882976483,8.672733272736588e-05,8.660093260824293e-05,-4.839161649009416e-05,7.194057438501676e-05,3.5646431314778134e-07,-0.000358305994575064,0.0006538685615247912,-8.034347779404428,-6.268495862482101,-0.9626364938340862,-3.5459063582051225e-05,-1.8520537171921934e-06,28.0,28.0,14.0,6.0,6.0,6.0
1.5439701291790704,1.0,2.6979135040161836e-05,0.00014452272516547653,-0.3499460250264615,0.00013809226454893393,0.22382557675114534,-0.3499460250264615,0.00013809226454893393,0.22382557675114534,-0.3499546316423744,0.00015991712119013443,0.22383889874508897,-0.3271415869342249,-1.4199746290790003,1.2359542846679688,-1.3859971205340784,-1.571026627217428,2.7379965782165527,0.0,0.0,-0.0,0.0,0.0,0.0,-0.3270818436990333,-1.4198998690077145,1.235949457348626,-1.3859784292907027,-1.5710047751692915,2.7378960551533056,9.787965887057636e-05,8.850653266997198e-05,-4.899029074181077e-05,7.459694601771623e-05,-1.3401609444313496e-05,-0.0003582860856589823,0.0010108153339522827,-8.035513094175215,-6.268644524505954,-0.9626492334266459,-3.237989839598638e-05,-1.6950907129303256e-06,28.0,28.0,14.0,6.0,6.0,6.0
1.5486647491808987,1.0,2.6979135040161836e-05,0.00014452272516547653,-0.3499460250264615,0.00013809226454893393,0.22382557675114534,-0.3499460250264615,0.00013809226454893393,0.22382557675114534,-0.3499546316423744,0.00015991712119013443,0.22383889874508897,-0.3271415869342249,-1.4199746290790003,1.2359542846679688,-1.3859971205340784,-1.571026627217428,2.7379965782165527,0.0,0.0,-0.0,0.0,0.0,0.0,-0.3270814102476515,-1.4198995078165275,1.2359492591364478,-1.3859781209149613,-1.5710048805060866,2.7378946220838203,0.00010836284544519422,9.029779672799729e-05,-4.9553044538424386e-05,7.709393535245374e-05,-2.6334198776327096e-05,-0.0003582673712778655,0.0010108153339522827,-8.035513094175215,-6.268644524505954,-0.9626492334266459,-3.237989839598638e-05,-1.6950907129303256e-06,28.0,28.0,14.0,6.0,6.0,6.0
1.5526647491808987,1.0,2.5031679636533776e-05,0.0001455923962775205,-0.3499460250264615,0.00013809226454893393,0.22382557675114534,-0.3499460250264615,0.00013809226454893393,0.22382557675114534,-0.34994323167721775,0.00016062301471935088,0.22383611940176967,-0.32711726823915654,-1.4199984709369105,1.2359905242919922,-1.3859971205340784,-1.5710862318622034,2.738032579421997,0.0,0.0,-0.0,0.0,0.0,0.0,-0.32708097283878773,-1.419899143396841,1.2359490611108712,-1.3859778162372844,-1.5710049658150134,2.737893140168324,0.0001093522159440657,9.110492162068617e-05,-4.9506394159495844e-05,7.616941924354195e-05,-2.1327231698455636e-05,-0.0003704788739978335,0.000396825339875217,-8.035093831174267,-6.268687950673631,-0.9626653408752803,-4.4970023342808506e-05,-1.845791932403339e-06,28.0,28.0,14.0,6.0,6.0,6.0
1.5576039551836445,1.0,2.5031679636533776e-05,0.0001455923962775205,-0.3499460250264615,0.00013809226454893393,0.22382557675114534,-0.3499460250264615,0.00013809226454893393,0.22382557675114534,-0.34994323167721775,0.00016062301471935088,0.22383611940176967,-0.32711726823915654,-1.4199984709369105,1.2359905242919922,-1.3859971205340784,-1.5710862318622034,2.738032579421997,0.0,0.0,-0.0,0.0,0.0,0.0,-0.3270805317098909,-1.419898775942365,1.2359488632607,-1.385977515035788,-1.571005032297744,2.737891612337578,0.00011028222421300488,9.186361901981372e-05,-4.946254280330301e-05,7.530037410116487e-05,-1.662068264525646e-05,-0.00038195768655460347,0.000396825339875217,-8.035093831174267,-6.268687950673631,-0.9626653408752803,-4.4970023342808506e-05,-1.845791932403339e-06,28.0,28.0,14.0,6.0,6.0,6.0
1.5616039551836445,1.0,2.5031679636533776e-05,0.0001455923962775205,-0.3499460250264615,0.00013809226454893393,0.22382557675114534,-0.3499460250264615,0.00013809226454893393,0.22382557675114534,-0.34994323167721775,0.00016062301471935088,0.22383611940176967,-0.32711726823915654,-1.4199984709369105,1.2359905242919922,-1.3859971205340784,-1.5710862318622034,2.738032579421997,0.0,0.0,-0.0,0.0,0.0,0.0,-0.3270800870841629,-1.4198984056351867,1.23594866557541,-1.3859772171019014,-1.57100508108385,2.7378900413464966,0.00011115643198580771,9.257679457499361e-05,-4.942132252848175e-05,7.448347166733041e-05,-1.2196526535249237e-05,-0.00039274777035796724,0.000396825339875217,-8.035093831174267,-6.268687950673631,-0.9626653408752803,-4.4970023342808506e-05,-1.845791932403339e-06,28.0,28.0,14.0,6.0,6.0,6.0
1.566716508169892,1.0,2.5031679636533776e-05,0.0001455923962775205,-0.3499460250264615,0.00013809226454893393,0.22382557675114534,-0.3499460250264615,0.00013809226454893393,0.22382557675114534,-0.34994323167721775,0.00016062301471935088,0.22383611940176967,-0.32711726823915654,-1.4199984709369105,1.2359905242919922,-1.3859971205340784,-1.5710862318622034,2.738032579421997,0.0,0.0,-0.0,0.0,0.0,0.0,-0.32707963917141375,-1.4198980326464683,1.235948468045108,-1.385976922239568,-1.5710051132351293,2.7378884297847,0.00011197818729224237,9.324717959686271e-05,-4.9382575470149766e-05,7.371558337952601e-05,-8.037819791842447e-06,-0.00040289044913312917,0.000396825339875217,-8.035093831174267,-6.268687950673631,-0.9626653408752803,-4.4970023342808506e-05,-1.845791932403339e-06,28.0,28.0,14.0,6.0,6.0,6.0
1.570716508169892,1.0,2.4156049086458904e-05,0.00011068886657969439,-0.3499460250264615,0.00013809226454893393,0.22382557675114534,-0.3499460250264615,0.00013809226454893393,0.22382557675114534,-0.34995174701228837,0.00015099517046542806,0.22384518003159976,-0.3270815054522913,-1.4199984709369105,1.235966682434082,-1.3860209623919886,-1.5710862318622034,2.738008499145508,0.0,0.0,-0.0,0.0,0.0,0.0,-0.3270792087408209,-1.4198976311815699,1.2359482427570556,-1.3859765733941782,-1.571005129733795,2.7378868284540006,0.0001076076482156272,0.00010036622458842248,-5.632201310242008e-05,8.721134742801855e-05,-4.124666447582152e-06,-0.0004003326748634894,-0.0001611181480125923,-8.034346157285098,-6.268498134224703,-0.9626367704770212,-5.4197423231160557e-05,-1.0738476616921697e-06,28.0,28.0,14.0,6.0,6.0,6.0
1.5752674631662673,1.0,2.4156049086458904e-05,0.00011068886657969439,-0.3499460250264615,0.00013809226454893393,0.22382557675114534,-0.3499460250264615,0.00013809226454893393,0.22382557675114534,-0.34995174701228837,0.00015099517046542806,0.22384518003159976,-0.3270815054522913,-1.4199984709369105,1.235966682434082,-1.3860209623919886,-1.5710862318622034,2.738008499145508,0.0,0.0,-0.0,0.0,0.0,0.0,-0.32707879474345497,-1.4198972029490624,1.2359479913767177,-1.3859761738047156,-1.5710051315190043,2.7378852367405324,0.00010349934148360893,0.00010705812688048865,-6.284508447675418e-05,9.989736563360154e-05,-4.463023039774746e-07,-0.000397928367050028,-0.0001611181480125923,-8.034346157285098,-6.268498134224703,-0.9626367704770212,-5.4197423231160557e-05,-1.0738476616921697e-06,28.0,28.0,14.0,6.0,6.0,6.0
1.5792674631662673,1.0,1.084823027653496e-05,6.530318585729658e-05,-0.3499460250264615,0.00013809226454893393,0.22382557675114534,-0.3499460250264615,0.00013809226454893393,0.22382557675114534,-0.34994886470373804,0.00014633826773362507,0.2238191251029392,-0.3270934263812464,-1.4199627081500452,1.2360148429870605,-1.3860209623919886,-1.5710504690753382,2.7379729747772217,0.0,0.0,-0.0,0.0,0.0,0.0,-0.3270783764284605,-1.4198968095311184,1.235947753658922,-1.3859758013761834,-1.5710051606688948,2.737883701022962,0.0001045787486164203,9.835448600021197e-05,-5.942944892604026e-05,9.310713308613272e-05,-7.287472652293521e-06,-0.0003839293926413187,0.0006044683963129512,-8.036544693204295,-6.26910823460254,-0.9627191638028286,-4.732803399348196e-05,-7.690018732724834e-07,28.0,28.0,14.0,6.0,6.0,6.0
1.5842505991891964,1.0,1.084823027653496e-05,6.530318585729658e-05,-0.3499460250264615,0.00013809226454893393,0.22382557675114534,-0.3499460250264615,0.00013809226454893393,0.22382557675114534,-0.34994886470373804,0.00014633826773362507,0.2238191251029392,-0.3270934263812464,-1.4199627081500452,1.2360148429870605,-1.3860209623919886,-1.5710504690753382,2.7379729747772217,0.0,0.0,-0.0,0.0,0.0,0.0,-0.3270779540548952,-1.4198964488388641,1.2359475287839161,-1.3859754544789253,-1.571005215541586,2.737882217941535,0.000105593391321263,9.01730635727519e-05,-5.6218751508369175e-05,8.672431449151202e-05,-1.3718172779710605e-05,-0.00037077035669713193,0.0006044683963129512,-8.036544693204295,-6.26910823460254,-0.9627191638028286,-4.732803399348196e-05,-7.690018732724834e-07,28.0,28.0,14.0,6.0,6.0,6.0
1.5882505991891964,1.0,1.084823027653496e-05,6.530318585729658e-05,-0.3499460250264615,0.00013809226454893393,0.22382557675114534,-0.3499460250264615,0.00013809226454893393,0.22382557675114534,-0.34994886470373804,0.00014633826773362507,0.2238191251029392,-0.3270934263812464,-1.4199627081500452,1.2360148429870605,-1.3860209623919886,-1.5710504690753382,2.7379729747772217,0.0,0.0,-0.0,0.0,0.0,0.0,-0.32707752786627337,-1.4198961189087582,1.2359473159811323,-1.3859751315810653,-1.5710052945937094,2.7378807843380835,0.00010654715546381512,8.248252649093943e-05,-5.3200695935758354e-05,8.072446501256857e-05,-1.9763030899482663e-05,-0.00035840086290959635,0.0006044683963129512,-8.036544693204295,-6.26910823460254,-0.9627191638028286,-4.732803399348196e-05,-7.690018732724834e-07,28.0,28.0,14.0,6.0,6.0,6.0
1.5936041751981254,1.0,1.0198815404187938e-05,9.587665115020082e-05,-0.3499460250264615,0.00013809226454893393,0.22382557675114534,-0.3499460250264615,0.00013809226454893393,0.22382557675114534,-0.34994681614097134,0.0001482603505549875,0.22382557607697215,-0.3270934263812464,-1.4199746290790003,1.2360029220581055,-1.3860090414630335,-1.5710623900042933,2.738008499145508,0.0,0.0,-0.0,0.0,0.0,0.0,-0.3270771023916327,-1.4198958066546,1.235947113446347,-1.3859748276771542,-1.5710053826453205,2.7378793520195583,0.00010636866017406759,7.806353955967363e-05,-5.0633696373786754e-05,7.597597776416398e-05,-2.2012902798333126e-05,-0.0003580796313221277,0.0004486853860351632,-8.036001674734297,-6.268944880843919,-0.962699259336303,-4.859213212740739e-05,-1.227392405655909e-06,28.0,28.0,14.0,6.0,6.0,6.0
1.5976041751981254,1.0,1.0198815404187938e-05,9.587665115020082e-05,-0.3499460250264615,0.00013809226454893393,0.22382557675114534,-0.3499460250264615,0.00013809226454893393,0.22382557675114534,-0.34994681614097134,0.0001482603505549875,0.22382557607697215,-0.3270934263812464,-1.4199746290790003,1.2360029220581055,-1.3860090414630335,-1.5710623900042933,2.738008499145508,0.0,0.0,-0.0,0.0,0.0,0.0,-0.32707667758813425,-1.4198955110158324,1.2359469205634797,-1.3859745416275553,-1.57100547915645,2.737877920908864,0.00010620087460170492,7.390969184428378e-05,-4.822071678553345e-05,7.151239975066366e-05,-2.412778238325256e-05,-0.00035777767362990716,0.0004486853860351632,-8.036001674734297,-6.268944880843919,-0.962699259336303,-4.859213212740739e-05,-1.227392405655909e-06,28.0,28.0,14.0,6.0,6.0,6.0
1.6023545992046135,1.0,1.0198815404187938e-05,9.587665115020082e-05,-0.3499460250264615,0.00013809226454893393,0.22382557675114534,-0.3499460250264615,0.00013809226454893393,0.22382557675114534,-0.34994681614097134,0.0001482603505549875,0.22382557607697215,-0.3270934263812464,-1.4199746290790003,1.2360029220581055,-1.3860090414630335,-1.5710623900042933,2.738008499145508,0.0,0.0,-0.0,0.0,0.0,0.0,-0.3270762534155096,-1.4198952309955324,1.2359467367534158,-1.3859742723610096,-1.571005583619527,2.7378764909335302,0.00010604315616368401,7.000507499181733e-05,-4.5952515972575345e-05,6.731663641797335e-05,-2.611576919307683e-05,-0.0003574938333992198,0.0004486853860351632,-8.036001674734297,-6.268944880843919,-0.962699259336303,-4.859213212740739e-05,-1.227392405655909e-06,28.0,28.0,14.0,6.0,6.0,6.0
1.6063545992046135,1.0,1.0154998372004026e-05,9.661687701179824e-05,-0.3499460250264615,0.00013809226454893393,0.22382557675114534,-0.3499460250264615,0.00013809226454893393,0.22382557675114534,-0.3499464445643603,0.00014813428185403551,0.22382702791217393,-0.3270934263812464,-1.4199865500079554,1.2360148429870605,-1.3860209623919886,-1.5710623900042933,2.738008499145508,0.0,0.0,-0.0,0.0,0.0,0.0,-0.32707582984039074,-1.419894952355004,1.2359465442725006,-1.3859740012458788,-1.5710056955568015,2.7378750620208683,0.00010589377971603739,6.96601321098971e-05,-4.8120228805192824e-05,6.777878268380357e-05,-2.7984318627383228e-05,-0.00035722816554662195,0.0003610322876262971,-8.035626631088164,-6.268915008472847,-0.9626962426033587,-4.859372342563541e-05,-1.2274342474332524e-06,28.0,28.0,14.0,6.0,6.0,6.0
1.6112581852038863,1.0,1.0154998372004026e-05,9.661687701179824e-05,-0.3499460250264615,0.00013809226454893393,0.22382557675114534,-0.3499460250264615,0.00013809226454893393,0.22382557675114534,-0.3499464445643603,0.00014813428185403551,0.22382702791217393,-0.3270934263812464,-1.4199865500079554,1.2360148429870605,-1.3860209623919886,-1.5710623900042933,2.738008499145508,0.0,0.0,-0.0,0.0,0.0,0.0,-0.3270754068269273,-1.4198946750114607,1.2359463436409852,-1.385973728393078,-1.5710058145198218,2.737873634107117,0.00010575336585524958,6.933588580089208e-05,-5.015787886785326e-05,6.821320017368398e-05,-2.9740755095631245e-05,-0.00035697843776517994,0.0003610322876262971,-8.035626631088164,-6.268915008472847,-0.9626962426033587,-4.859372342563541e-05,-1.2274342474332524e-06,28.0,28.0,14.0,6.0,6.0,6.0
1.6152581852038863,1.0,1.0154998372004026e-05,9.661687701179824e-05,-0.3499460250264615,0.00013809226454893393,0.22382557675114534,-0.3499460250264615,0.00013809226454893393,0.22382557675114534,-0.3499464445643603,0.00014813428185403551,0.22382702791217393,-0.3270934263812464,-1.4199865500079554,1.2360148429870605,-1.3860209623919886,-1.5710623900042933,2.738008499145508,0.0,0.0,-0.0,0.0,0.0,0.0,-0.32707498434142,-1.4198943988870836,1.2359461353479055,-1.3859734539068675,-1.5710059400870433,2.7378722071323423,0.00010562137682610904,6.903109427042737e-05,-5.2073269926754066e-05,6.862155261417155e-05,-3.139180537578438e-05,-0.0003567436936506245,0.0003610322876262971,-8.035626631088164,-6.268915008472847,-0.9626962426033587,-4.859372342563541e-05,-1.2274342474332524e-06,28.0,28.0,14.0,6.0,6.0,6.0
1.6204087321930571,1.0,1.624193454388898e-05,7.540994652200107e-05,-0.3499460250264615,0.00013809226454893393,0.22382557675114534,-0.3499460250264615,0.00013809226454893393,0.22382557675114534,-0.3499476088395498,0.00015425679275392942,0.2238255754323433,-0.32711726823915654,-1.4199746290790003,1.2360029220581055,-1.3860090414630335,-1.5710504690753382,2.7379610538482666,0.0,0.0,-0.0,0.0,0.0,0.0,-0.327074544344566,-1.4198941351116035,1.23594593458076,-1.3859731951376706,-1.5710060856008539,2.73787082623908,0.00010999921349714748,6.594387000580092e-05,-5.019178637007402e-05,6.469229924399797e-05,-3.6378452634423964e-05,-0.0003452233156175717,0.0007669210952369824,-8.036097666868368,-6.268949961993938,-0.9626971871649024,-4.117855591461284e-05,-9.228512785695535e-07,28.0,28.0,14.0,6.0,6.0,6.0
1.6244087321930571,1.0,1.624193454388898e-05,7.540994652200107e-05,-0.3499460250264615,0.00013809226454893393,0.22382557675114534,-0.3499460250264615,0.00013809226454893393,0.22382557675114534,-0.3499476088395498,0.00015425679275392942,0.2238255754323433,-0.32711726823915654,-1.4199746290790003,1.2360029220581055,-1.3860090414630335,-1.5710504690753382,2.7379610538482666,0.0,0.0,-0.0,0.0,0.0,0.0,-0.3270740878870461,-1.4198938829440866,1.2359457408879926,-1.3859729511424663,-1.5710062498644581,2.737869488662439,0.00011411437996792362,6.304187919705206e-05,-4.842319182679478e-05,6.0998801076034806e-05,-4.1065901057545174e-05,-0.0003343941602665021,0.0007669210952369824,-8.036097666868368,-6.268949961993938,-0.9626971871649024,-4.117855591461284e-05,-9.228512785695535e-07,28.0,28.0,14.0,6.0,6.0,6.0
1.6289276301932993,1.0,1.624193454388898e-05,7.540994652200107e-05,-0.3499460250264615,0.00013809226454893393,0.22382557675114534,-0.3499460250264615,0.00013809226454893393,0.22382557675114534,-0.3499476088395498,0.00015425679275392942,0.2238255754323433,-0.32711726823915654,-1.4199746290790003,1.2360029220581055,-1.3860090414630335,-1.5710504690753382,2.7379610538482666,0.0,0.0,-0.0,0.0,0.0,0.0,-0.3270736159565003,-1.4198936416880552,1.2359455538451407,-1.3859727210348152,-1.5710064317528685,2.737868191803422,0.00011798263645045318,6.031400783682812e-05,-4.676071295611229e-05,5.7526912798149435e-05,-4.547210257527911e-05,-0.0003242147542364967,0.0007669210952369824,-8.036097666868368,-6.268949961993938,-0.9626971871649024,-4.117855591461284e-05,-9.228512785695535e-07,28.0,28.0,14.0,6.0,6.0,6.0
1.6329276301932993,1.0,2.826350724301291e-05,0.0001455769384541138,-0.3499460250264615,0.00013809226454893393,0.22382557675114534,-0.3499460250264615,0.00013809226454893393,0.22382557675114534,-0.349946304821595,0.00016338784365559932,0.22383818156110097,-0.3271296660052698,-1.4199865500079554,1.235966682434082,-1.3859851996051233,-1.5710743109332483,2.738020658493042,0.0,0.0,-0.0,0.0,0.0,0.0,-0.3270731309520656,-1.4198933947259191,1.2359453775023774,-1.3859724963900848,-1.5710066027542944,2.737866848801442,0.00012125110868253871,6.174053399441648e-05,-4.408569081227551e-05,5.6161182582160396e-05,-4.275035645529186e-05,-0.00033575049500832036,0.0006346753797628178,-8.035324468641695,-6.268641279359057,-0.9626551376086637,-4.0507472145897815e-05,-1.8519423493906834e-06,28.0,28.0,14.0,6.0,6.0,6.0
1.637984379174887,1.0,2.826350724301291e-05,0.0001455769384541138,-0.3499460250264615,0.00013809226454893393,0.22382557675114534,-0.3499460250264615,0.00013809226454893393,0.22382557675114534,-0.349946304821595,0.00016338784365559932,0.22383818156110097,-0.3271296660052698,-1.4199865500079554,1.235966682434082,-1.3859851996051233,-1.5710743109332483,2.738020658493042,0.0,0.0,-0.0,0.0,0.0,0.0,-0.32707263365817524,-1.4198931424000447,1.2359452112176974,-1.3859722768805,-1.571006763521955,2.7378654624250767,0.0001243234725806991,6.308146858254953e-05,-4.157116999706893e-05,5.48773961791307e-05,-4.0191915102503846e-05,-0.00034659409133383463,0.0006346753797628178,-8.035324468641695,-6.268641279359057,-0.9626551376086637,-4.0507472145897815e-05,-1.8519423493906834e-06,28.0,28.0,14.0,6.0,6.0,6.0
1.641984379174887,1.0,1.549318312025615e-05,7.626611699385187e-05,-0.3499460250264615,0.00013809226454893393,0.22382557675114534,-0.3499460250264615,0.00013809226454893393,0.22382557675114534,-0.3499502665954651,0.00014943102249949348,0.22383524527656157,-0.3270934263812464,-1.4199746290790003,1.235966682434082,-1.3859971205340784,-1.5710623900042933,2.7379846572875977,-7.669904152862728e-05,0.0,-0.0,0.0,0.0,0.0,-0.3270721450658322,-1.4198928897848024,1.2359450519172215,-1.385972054965928,-1.5710069283833217,2.737864101925969,0.00012214808575988968,6.315381054926812e-05,-3.982511900111321e-05,5.547864299467402e-05,-4.121534170825262e-05,-0.00034012477692180393,0.0006300129853431772,-8.035630259619136,-6.268723205486957,-0.9626638279486379,-4.1997572811855373e-05,-1.0847941378528804e-06,28.0,28.0,14.0,6.0,6.0,6.0
1.6466813731761656,1.0,1.549318312025615e-05,7.626611699385187e-05,-0.3499460250264615,0.00013809226454893393,0.22382557675114534,-0.3499460250264615,0.00013809226454893393,0.22382557675114534,-0.3499502665954651,0.00014943102249949348,0.22383524527656157,-0.3270934263812464,-1.4199746290790003,1.235966682434082,-1.3859971205340784,-1.5710623900042933,2.7379846572875977,-7.669904152862728e-05,0.0,-0.0,0.0,0.0,0.0,-0.32707166465294363,-1.4198926368975544,1.2359448991818973,-1.385971830790668,-1.5710070970927725,2.737862765751484,0.00012010322214832881,6.32218119979836e-05,-3.8183831064914826e-05,5.604381500128474e-05,-4.217736271765647e-05,-0.00033404362137449506,0.0006300129853431772,-8.035630259619136,-6.268723205486957,-0.9626638279486379,-4.1997572811855373e-05,-1.0847941378528804e-06,28.0,28.0,14.0,6.0,6.0,6.0
1.6506813731761656,1.0,1.549318312025615e-05,7.626611699385187e-05,-0.3499460250264615,0.00013809226454893393,0.22382557675114534,-0.3499460250264615,0.00013809226454893393,0.22382557675114534,-0.3499502665954651,0.00014943102249949348,0.22383524527656157,-0.3270934263812464,-1.4199746290790003,1.235966682434082,-1.3859971205340784,-1.5710623900042933,2.7379846572875977,-7.669904152862728e-05,0.0,-0.0,0.0,0.0,0.0,-0.32707119192874223,-1.419892383754621,1.2359447526178158,-1.3859716044903614,-1.5710072694194224,2.737861452442143,0.0001181810503534616,6.328573335977616e-05,-3.664102040488835e-05,5.657507668749882e-05,-4.3081662466496085e-05,-0.00032832733516002474,0.0006300129853431772,-8.035630259619136,-6.268723205486957,-0.9626638279486379,-4.1997572811855373e-05,-1.0847941378528804e-06,28.0,28.0,14.0,6.0,6.0,6.0
1.6557048771723646,1.0,1.549318312025615e-05,7.626611699385187e-05,-0.3499460250264615,0.00013809226454893393,0.22382557675114534,-0.3499460250264615,0.00013809226454893393,0.22382557675114534,-0.3499502665954651,0.00014943102249949348,0.22383524527656157,-0.3270934263812464,-1.4199746290790003,1.235966682434082,-1.3859971205340784,-1.5710623900042933,2.7379846572875977,-7.669904152862728e-05,0.0,-0.0,0.0,0.0,0.0,-0.32707072643190677,-1.4198921303713432,1.2359446118547022,-1.3859713761925108,-1.5710074451462392,2.7378601606260387,0.00011637420886628643,6.334581943986115e-05,-3.519077838446346e-05,5.7074462672540054e-05,-4.3931704230405324e-05,-0.0003229540261184226,0.0006300129853431772,-8.035630259619136,-6.268723205486957,-0.9626638279486379,-4.1997572811855373e-05,-1.0847941378528804e-06,28.0,28.0,14.0,6.0,6.0,6.0
1.6597048771723646,1.0,2.5872330057655983e-05,0.00013195389263318886,-0.3499460250264615,0.00013809226454893393,0.22382557675114534,-0.3499460250264615,0.00013809226454893393,0.22382557675114534,-0.34993885026060256,0.00016085835517899545,0.22383555699738006,-0.3271296660052698,-1.4200108687030237,1.2360029220581055,-1.3859851996051233,-1.5710743109332483,2.738008499145508,-7.669904152862728e-05,0.0,-0.0,0.0,0.0,0.0,-0.32707025119177835,-1.4198918646023913,1.2359444686960748,-1.3859711640711372,-1.5710076103540684,2.7378588363369,0.00011881003209976365,6.644223798762325e-05,-3.578965685950127e-05,5.30303433749288e-05,-4.1301957308224096e-05,-0.00033107228473386796,0.0008596791823008999,-8.035076098749165,-6.268689308479694,-0.9626664441421284,-3.391439864063264e-05,-1.8599483839238574e-06,28.0,28.0,14.0,6.0,6.0,6.0
1.6648577981609858,1.0,2.5872330057655983e-05,0.00013195389263318886,-0.3499460250264615,0.00013809226454893393,0.22382557675114534,-0.3499460250264615,0.00013809226454893393,0.22382557675114534,-0.34993885026060256,0.00016085835517899545,0.22383555699738006,-0.3271296660052698,-1.4200108687030237,1.2360029220581055,-1.3859851996051233,-1.5710743109332483,2.738008499145508,-7.669904152862728e-05,0.0,-0.0,0.0,0.0,0.0,-0.3270697667929546,-1.4198915871909055,1.2359443232856642,-1.3859709671556522,-1.5710077656740493,2.7378574815231085,0.00012109970593923224,6.935287142251962e-05,-3.635260262603682e-05,4.922887123517422e-05,-3.882999520137375e-05,-0.00033870344783238656,0.0008596791823008999,-8.035076098749165,-6.268689308479694,-0.9626664441421284,-3.391439864063264e-05,-1.8599483839238574e-06,28.0,28.0,14.0,6.0,6.0,6.0
1.6688577981609858,1.0,2.1482050780859398e-05,0.00012273005979218345,-0.3499460250264615,0.00013809226454893393,0.22382557675114534,-0.3499460250264615,0.00013809226454893393,0.22382557675114534,-0.3499506719013246,0.00015267896992203893,0.22384064702274595,-0.32711726823915654,-1.4199984709369105,1.235978603363037,-1.3860090414630335,-1.571038548146383,2.7379965782165527,-7.669904152862728e-05,0.0,-0.0,0.0,0.0,0.0,-0.32706926803288267,-1.4198912802348735,1.235944151168908,-1.385970737346619,-1.571007952880516,2.7378561317823564,0.00012469001797746682,7.673900798302417e-05,-4.302918904102292e-05,5.74522582804621e-05,-4.680161668942499e-05,-0.0003374351880264727,0.0008304279483458718,-8.034886278188802,-6.268600687359324,-0.962647274136856,-3.332401387021134e-05,-1.5462960912056221e-06,28.0,28.0,14.0,6.0,6.0,6.0
1.6734336871365092,1.0,2.1482050780859398e-05,0.00012273005979218345,-0.3499460250264615,0.00013809226454893393,0.22382557675114534,-0.3499460250264615,0.00013809226454893393,0.22382557675114534,-0.3499506719013246,0.00015267896992203893,0.22384064702274595,-0.32711726823915654,-1.4199984709369105,1.235978603363037,-1.3860090414630335,-1.571038548146383,2.7379965782165527,-7.669904152862728e-05,0.0,-0.0,0.0,0.0,0.0,-0.3270687557732375,-1.4198909455069681,1.235943953948187,-1.3859704766176506,-1.5710081700602796,2.7378547868102614,0.00012806491129340732,8.368197634989845e-05,-4.9305180271109844e-05,6.51822421030327e-05,-5.429494088819316e-05,-0.00033624302380891373,0.0008304279483458718,-8.034886278188802,-6.268600687359324,-0.962647274136856,-3.332401387021134e-05,-1.5462960912056221e-06,28.0,28.0,14.0,6.0,6.0,6.0
1.6774336871365092,1.0,2.1482050780859398e-05,0.00012273005979218345,-0.3499460250264615,0.00013809226454893393,0.22382557675114534,-0.3499460250264615,0.00013809226454893393,0.22382557675114534,-0.3499506719013246,0.00015267896992203893,0.22384064702274595,-0.32711726823915654,-1.4199984709369105,1.235978603363037,-1.3860090414630335,-1.571038548146383,2.7379965782165527,-7.669904152862728e-05,0.0,-0.0,0.0,0.0,0.0,-0.3270682308239935,-1.4198905846735017,1.2359437331297387,-1.3859701868239431,-1.5710084154149422,2.737853446320704,0.00013123731101039138,9.020836661476027e-05,-5.520461202739156e-05,7.244842689624907e-05,-6.133866563503524e-05,-0.0003351223894444083,0.0008304279483458718,-8.034886278188802,-6.268600687359324,-0.962647274136856,-3.332401387021134e-05,-1.5462960912056221e-06,28.0,28.0,14.0,6.0,6.0,6.0
1.6825652371533222,1.0,2.1482050780859398e-05,0.00012273005979218345,-0.3499460250264615,0.00013809226454893393,0.22382557675114534,-0.3499460250264615,0.00013809226454893393,0.22382557675114534,-0.3499506719013246,0.00015267896992203893,0.22384064702274595,-0.32711726823915654,-1.4199984709369105,1.235978603363037,-1.3860090414630335,-1.571038548146383,2.7379965782165527,-7.669904152862728e-05,0.0,-0.0,0.0,0.0,0.0,-0.3270676939465265,-1.419890199300808,1.2359434901294273,-1.3859698697093807,-1.5710086872540097,2.7378521100447313,0.0001342193667443564,9.634317346373037e-05,-6.075007787829637e-05,7.927864060187246e-05,-6.79597668970668e-05,-0.00033406899314177317,0.0008304279483458718,-8.034886278188802,-6.268600687359324,-0.962647274136856,-3.332401387021134e-05,-1.5462960912056221e-06,28.0,28.0,14.0,6.0,6.0,6.0
1.6865652371533222,1.0,1.3407237895851287e-05,6.547687905132505e-05,-0.3499460250264615,0.00013809226454893393,0.22382557675114534,-0.3499460250264615,0.00013809226454893393,0.22382557675114534,-0.3499397209963302,0.00014585310628898327,0.2238345088599437,-0.3270934263812464,-1.4200227896319788,1.2360267639160156,-1.3860090414630335,-1.5710623900042933,2.7379729747772217,-7.669904152862728e-05,0.0,-0.0,0.0,0.0,0.0,-0.32706716815369336,-1.4198897941602437,1.2359432244827686,-1.385969549286795,-1.5710089565220826,2.7378508100901695,0.00013144820829277706,0.00010128514106242303,-6.641166465658315e-05,8.010564644987409e-05,-6.731701825003928e-05,-0.0003249886404753596,0.00044382958720422873,-8.034631195507844,-6.268716957270372,-0.9626750155781306,-4.200184657829596e-05,-9.340617163317276e-07,28.0,28.0,14.0,6.0,6.0,6.0
1.6918641971468467,1.0,1.3407237895851287e-05,6.547687905132505e-05,-0.3499460250264615,0.00013809226454893393,0.22382557675114534,-0.3499460250264615,0.00013809226454893393,0.22382557675114534,-0.3499397209963302,0.00014585310628898327,0.2238345088599437,-0.3270934263812464,-1.4200227896319788,1.2360267639160156,-1.3860090414630335,-1.5710623900042933,2.7379729747772217,-7.669904152862728e-05,0.0,-0.0,0.0,0.0,0.0,-0.32706665278041597,-1.4198893704378812,1.2359429375485438,-1.3859692257546672,-1.5710092233734207,2.7378495442777337,0.00012884331934829248,0.00010593059060519413,-7.173355622817272e-05,8.088303194699563e-05,-6.671283452183341e-05,-0.0003164531089689309,0.00044382958720422873,-8.034631195507844,-6.268716957270372,-0.9626750155781306,-4.200184657829596e-05,-9.340617163317276e-07,28.0,28.0,14.0,6.0,6.0,6.0
1.6958641971468467,1.0,1.536924818606973e-05,0.0001236629816767091,-0.3499460250264615,0.00013809226454893393,0.22382557675114534,-0.3499460250264615,0.00013809226454893393,0.22382557675114534,-0.34994063444747353,0.00015189033205712242,0.22382148178093556,-0.32711726823915654,-1.4199865500079554,1.2360267639160156,-1.3859971205340784,-1.5710504690753382,2.738008499145508,-7.669904152862728e-05,0.0,-0.0,0.0,0.0,0.0,-0.32706612918130384,-1.4198889740861216,1.2359426700081655,-1.3859689493258593,-1.5710095016929186,2.7378482601897245,0.00013089977803698135,9.90879399171355e-05,-6.688509455371637e-05,6.91072019599463e-05,-6.957987444604702e-05,-0.0003210220022976622,0.0010822361289741728,-8.03623506982077,-6.269028588286668,-0.962711482171906,-3.458376701977962e-05,-1.6998611809205821e-06,28.0,28.0,14.0,6.0,6.0,6.0
1.7004222761206336,1.0,1.536924818606973e-05,0.0001236629816767091,-0.3499460250264615,0.00013809226454893393,0.22382557675114534,-0.3499460250264615,0.00013809226454893393,0.22382557675114534,-0.34994063444747353,0.00015189033205712242,0.22382148178093556,-0.32711726823915654,-1.4199865500079554,1.2360267639160156,-1.3859971205340784,-1.5710504690753382,2.738008499145508,-7.669904152862728e-05,0.0,-0.0,0.0,0.0,0.0,-0.327065597849907,-1.4198886034627285,1.2359424206980032,-1.3859687171741724,-1.5710097907924865,2.7378469589226766,0.0001328328492043489,9.265584827036041e-05,-6.23275405797274e-05,5.803792177211993e-05,-7.227489197480781e-05,-0.0003253167620266696,0.0010822361289741728,-8.03623506982077,-6.269028588286668,-0.962711482171906,-3.458376701977962e-05,-1.6998611809205821e-06,28.0,28.0,14.0,6.0,6.0,6.0
1.7044222761206336,1.0,1.536924818606973e-05,0.0001236629816767091,-0.3499460250264615,0.00013809226454893393,0.22382557675114534,-0.3499460250264615,0.00013809226454893393,0.22382557675114534,-0.34994063444747353,0.00015189033205712242,0.22382148178093556,-0.32711726823915654,-1.4199865500079554,1.2360267639160156,-1.3859971205340784,-1.5710504690753382,2.738008499145508,-7.669904152862728e-05,0.0,-0.0,0.0,0.0,0.0,-0.3270650592501626,-1.419888257024,1.2359421885242439,-1.3859685266429789,-1.5710100900253203,2.737845641507332,0.0001346499361016744,8.660968212239181e-05,-5.804343984417777e-05,4.763279839556314e-05,-7.480820845184295e-05,-0.00032935383617193654,0.0010822361289741728,-8.03623506982077,-6.269028588286668,-0.962711482171906,-3.458376701977962e-05,-1.6998611809205821e-06,28.0,28.0,14.0,6.0,6.0,6.0
1.709463590118569,1.0,3.6279184203557175e-05,0.0001421136251673773,-0.3499460250264615,0.00013809226454893393,0.22382557675114534,-0.3499460250264615,0.00013809226454893393,0.22382557675114534,-0.34995900234014793,0.00017080709342393857,0.2238343806427643,-0.32715350786318,-1.4199627081500452,1.235966682434082,-1.3860333601581019,-1.5710504690753382,2.7379846572875977,-7.669904152862728e-05,0.0,-0.0,0.0,0.0,0.0,-0.32706449299472873,-1.4198879073105568,1.2359419434002827,-1.3859682887016997,-1.571010398795693,2.737844315452814,0.00014156385846861142,8.742836076147126e-05,-6.128099028067298e-05,5.948531979399704e-05,-7.719259315001714e-05,-0.0003315136293850606,0.0013093262904959498,-8.03601546398337,-6.268798527525712,-0.9626588384288539,-2.523627338093262e-05,-1.8600707966046993e-06,28.0,28.0,14.0,6.0,6.0,6.0
1.713463590118569,1.0,3.6279184203557175e-05,0.0001421136251673773,-0.3499460250264615,0.00013809226454893393,0.22382557675114534,-0.3499460250264615,0.00013809226454893393,0.22382557675114534,-0.34995900234014793,0.00017080709342393857,0.2238343806427643,-0.32715350786318,-1.4199627081500452,1.235966682434082,-1.3860333601581019,-1.5710504690753382,2.7379846572875977,-7.669904152862728e-05,0.0,-0.0,0.0,0.0,0.0,-0.3270639007429468,-1.419887554518882,1.235941686103132,-1.3859680061949402,-1.571010716531352,2.737842981277474,0.00014806294549353223,8.819791868220595e-05,-6.432428769097848e-05,7.06266899085249e-05,-7.943391476630089e-05,-0.0003335438350053972,0.0013093262904959498,-8.03601546398337,-6.268798527525712,-0.9626588384288539,-2.523627338093262e-05,-1.8600707966046993e-06,28.0,28.0,14.0,6.0,6.0,6.0
1.718481158126612,1.0,3.6279184203557175e-05,0.0001421136251673773,-0.3499460250264615,0.00013809226454893393,0.22382557675114534,-0.3499460250264615,0.00013809226454893393,0.22382557675114534,-0.34995900234014793,0.00017080709342393857,0.2238343806427643,-0.32715350786318,-1.4199627081500452,1.235966682434082,-1.3860333601581019,-1.5710504690753382,2.7379846572875977,-7.669904152862728e-05,0.0,-0.0,0.0,0.0,0.0,-0.3270632840545976,-1.4198871988336694,1.235941417363183,-1.3859676817966289,-1.5710110426943804,2.7378416394685607,0.00015417208729695778,8.892130312769655e-05,-6.718498725666565e-05,8.10995778161811e-05,-8.15407570856076e-05,-0.0003354522282885136,0.0013093262904959498,-8.03601546398337,-6.268798527525712,-0.9626588384288539,-2.523627338093262e-05,-1.8600707966046993e-06,28.0,28.0,14.0,6.0,6.0,6.0
1.722481158126612,1.0,2.2163305162538445e-05,0.00015768980213104935,-0.3499460250264615,0.00013809226454893393,0.22382557675114534,-0.3499460250264615,0.00013809226454893393,0.22382557675114534,-0.34995077402092434,0.0001596700316539364,0.22382382771881804,-0.3271296660052698,-1.4199507872210901,1.235978603363037,-1.3859971205340784,-1.5710504690753382,2.738032579421997,-7.669904152862728e-05,0.0,-0.0,0.0,0.0,0.0,-0.32706265808823703,-1.4198868800442426,1.2359411835200693,-1.3859673932523422,-1.571011376771792,2.7378402490520735,0.0001564915901439674,7.969735672421509e-05,-5.846077842464464e-05,7.213607168313362e-05,-8.35193529049378e-05,-0.0003476041218735669,0.0013115078587520297,-8.036892614296704,-6.269004115320564,-0.9626957430315971,-3.1382967060053434e-05,-2.17055797913281e-06,28.0,28.0,14.0,6.0,6.0,6.0
1.7271722161106307,1.0,2.2163305162538445e-05,0.00015768980213104935,-0.3499460250264615,0.00013809226454893393,0.22382557675114534,-0.3499460250264615,0.00013809226454893393,0.22382557675114534,-0.34995077402092434,0.0001596700316539364,0.22382382771881804,-0.3271296660052698,-1.4199507872210901,1.235978603363037,-1.3859971205340784,-1.5710504690753382,2.738032579421997,-7.669904152862728e-05,0.0,-0.0,0.0,0.0,0.0,-0.32706202340054574,-1.419886595936854,1.2359409824799807,-1.3859671384108385,-1.5710117182887238,2.737838812944466,0.00015867192282015643,7.102684710494251e-05,-5.0260022122544895e-05,6.3710375918069e-05,-8.53792329751082e-05,-0.000359026901843517,0.0013115078587520297,-8.036892614296704,-6.269004115320564,-0.9626957430315971,-3.1382967060053434e-05,-2.17055797913281e-06,28.0,28.0,14.0,6.0,6.0,6.0
1.7311722161106307,1.0,1.7804218169561783e-05,0.00010180390450529696,-0.3499460250264615,0.00013809226454893393,0.22382557675114534,-0.3499460250264615,0.00013809226454893393,0.22382557675114534,-0.3499490987185847,0.00015165190486675405,0.22383669784622687,-0.3270934263812464,-1.4199865500079554,1.235978603363037,-1.3860090414630335,-1.5710743109332483,2.738008499145508,-7.669904152862728e-05,0.0,-0.0,0.0,0.0,0.0,-0.3270614099579443,-1.4198863022046124,1.2359407757272973,-1.3859668660188185,-1.5710120393244906,2.7378373739324227,0.00015336065036164568,7.34330604226539e-05,-5.168817087214392e-05,6.809800502852341e-05,-8.02589416957462e-05,-0.0003597530108661454,0.00048196686539668987,-8.035259150659828,-6.268694075473961,-0.9626608137142642,-4.326225836522087e-05,-1.392455953121868e-06,28.0,28.0,14.0,6.0,6.0,6.0
1.73635600808519,1.0,1.7804218169561783e-05,0.00010180390450529696,-0.3499460250264615,0.00013809226454893393,0.22382557675114534,-0.3499460250264615,0.00013809226454893393,0.22382557675114534,-0.3499490987185847,0.00015165190486675405,0.22383669784622687,-0.3270934263812464,-1.4199865500079554,1.235978603363037,-1.3860090414630335,-1.5710743109332483,2.738008499145508,-7.669904152862728e-05,0.0,-0.0,0.0,0.0,0.0,-0.3270608164857273,-1.4198859994250086,1.2359405636047744,-1.3859665771293128,-1.5710123411079622,2.7378359321902095,0.00014836805425064557,7.569490094130261e-05,-5.3030630696767e-05,7.222237639235056e-05,-7.544586789314593e-05,-0.00036043555334741616,0.00048196686539668987,-8.035259150659828,-6.268694075473961,-0.9626608137142642,-4.326225836522087e-05,-1.392455953121868e-06,28.0,28.0,14.0,6.0,6.0,6.0
1.74035600808519,1.0,1.7804218169561783e-05,0.00010180390450529696,-0.3499460250264615,0.00013809226454893393,0.22382557675114534,-0.3499460250264615,0.00013809226454893393,0.22382557675114534,-0.3499490987185847,0.00015165190486675405,0.22383669784622687,-0.3270934263812464,-1.4199865500079554,1.235978603363037,-1.3860090414630335,-1.5710743109332483,2.738008499145508,-7.669904152862728e-05,0.0,-0.0,0.0,0.0,0.0,-0.3270602417856717,-1.4198856881408846,1.2359403464346028,-1.3859662727321709,-1.5710126247942762,2.7378344878816363,0.00014367501390630548,7.78210310288324e-05,-5.42925429319127e-05,7.609928547434808e-05,-7.092157851870169e-05,-0.00036107714327981066,0.00048196686539668987,-8.035259150659828,-6.268694075473961,-0.9626608137142642,-4.326225836522087e-05,-1.392455953121868e-06,28.0,28.0,14.0,6.0,6.0,6.0
1.7454626240937512,1.0,1.7804218169561783e-05,0.00010180390450529696,-0.3499460250264615,0.00013809226454893393,0.22382557675114534,-0.3499460250264615,0.00013809226454893393,0.22382557675114534,-0.3499490987185847,0.00015165190486675405,0.22383669784622687,-0.3270934263812464,-1.4199865500079554,1.235978603363037,-1.3860090414630335,-1.5710743109332483,2.738008499145508,-7.669904152862728e-05,0.0,-0.0,0.0,0.0,0.0,-0.3270596847314478,-1.4198853688625113,1.235940124519641,-1.3859659537578508,-1.5710128914692623,2.737833041160685,0.0001392635559826258,7.98195933111104e-05,-5.547874043294965e-05,7.974358001142574e-05,-6.666874650672409e-05,-0.0003616802378162615,0.00048196686539668987,-8.035259150659828,-6.268694075473961,-0.9626608137142642,-4.326225836522087e-05,-1.392455953121868e-06,28.0,28.0,14.0,6.0,6.0,6.0
1.7494626240937512,1.0,3.371633566492998e-05,0.00013445242696080088,-0.3499460250264615,0.00013809226454893393,0.22382557675114534,-0.3499460250264615,0.00013809226454893393,0.22382557675114534,-0.3499530858746991,0.0001683059492163608,0.22383877027120835,-0.3271296660052698,-1.4199865500079554,1.235978603363037,-1.3860333601581019,-1.5710862318622034,2.7379965782165527,-7.669904152862728e-05,0.0,-0.0,0.0,0.0,0.0,-0.3270591277285558,-1.4198850307996904,1.2359398792191527,-1.3859655854192416,-1.5710131284378765,2.737831580693134,0.00013925072300861099,8.451570520521002e-05,-6.132512210355876e-05,9.20846523165338e-05,-5.9242153556825336e-05,-0.00036511688777297234,0.0007306138934446797,-8.035197781858866,-6.268679786581993,-0.9626501322747469,-3.517800819970793e-05,-1.7063172051954631e-06,28.0,28.0,14.0,6.0,6.0,6.0
1.7541619930840104,1.0,3.371633566492998e-05,0.00013445242696080088,-0.3499460250264615,0.00013809226454893393,0.22382557675114534,-0.3499460250264615,0.00013809226454893393,0.22382557675114534,-0.3499530858746991,0.0001683059492163608,0.22383877027120835,-0.3271296660052698,-1.4199865500079554,1.235978603363037,-1.3860333601581019,-1.5710862318622034,2.7379965782165527,-7.669904152862728e-05,0.0,-0.0,0.0,0.0,0.0,-0.3270585707739157,-1.419884675079489,1.2359396119362691,-1.3859651706782006,-1.5710133374825013,2.737830107303779,0.00013923866001303706,8.893005038566366e-05,-6.682072087393132e-05,0.00010368526028333539,-5.2261156183920506e-05,-0.00036834733873228055,0.0007306138934446797,-8.035197781858866,-6.268679786581993,-0.9626501322747469,-3.517800819970793e-05,-1.7063172051954631e-06,28.0,28.0,14.0,6.0,6.0,6.0
1.7581619930840104,1.0,2.9074143852064243e-05,0.00012335761580082848,-0.3499460250264615,0.00013809226454893393,0.22382557675114534,-0.3499460250264615,0.00013809226454893393,0.22382557675114534,-0.34995338736013193,0.00016211205667409964,0.22384021066620316,-0.3271415869342249,-1.4199865500079554,1.235966682434082,-1.3860090414630335,-1.571038548146383,2.7379729747772217,-7.669904152862728e-05,0.0,-0.0,0.0,0.0,0.0,-0.32705798982725137,-1.4198843012701834,1.2359393319823329,-1.3859647360777212,-1.5710135752003356,2.7378286592621532,0.0001452366660809023,9.345232639393293e-05,-6.998848404545783e-05,0.00010865011986147255,-5.942945859886015e-05,-0.00036201040646594864,0.001140465824559074,-8.035256776250538,-6.268624790071033,-0.9626444849520852,-2.7049663579122316e-05,-1.5555244980117588e-06,28.0,28.0,14.0,6.0,6.0,6.0
1.7630822020852945,1.0,2.9074143852064243e-05,0.00012335761580082848,-0.3499460250264615,0.00013809226454893393,0.22382557675114534,-0.3499460250264615,0.00013809226454893393,0.22382557675114534,-0.34995338736013193,0.00016211205667409964,0.22384021066620316,-0.3271415869342249,-1.4199865500079554,1.235966682434082,-1.3860090414630335,-1.571038548146383,2.7379729747772217,-7.669904152862728e-05,0.0,-0.0,0.0,0.0,0.0,-0.32705738632808423,-1.41988391045712,1.2359390401176071,-1.3859642828093697,-1.571013839870987,2.737827235047393,0.00015087479178469562,9.770326584170605e-05,-7.296618142669275e-05,0.00011331708786492149,-6.616766286890342e-05,-0.0003560536901355966,0.001140465824559074,-8.035256776250538,-6.268624790071033,-0.9626444849520852,-2.7049663579122316e-05,-1.5555244980117588e-06,28.0,28.0,14.0,6.0,6.0,6.0
1.7670822020852945,1.0,2.9074143852064243e-05,0.00012335761580082848,-0.3499460250264615,0.00013809226454893393,0.22382557675114534,-0.3499460250264615,0.00013809226454893393,0.22382557675114534,-0.34995338736013193,0.00016211205667409964,0.22384021066620316,-0.3271415869342249,-1.4199865500079554,1.235966682434082,-1.3860090414630335,-1.571038548146383,2.7379729747772217,-7.669904152862728e-05,0.0,-0.0,0.0,0.0,0.0,-0.32705676162956443,-1.4198835036605242,1.2359387370567392,-1.3859638119932185,-1.5710141298772866,2.737825833229886,0.00015617462994626133,0.00010169914892261278,-7.576521696505358e-05,0.00011770403778816349,-7.25015748827441e-05,-0.0003504543767850657,0.001140465824559074,-8.035256776250538,-6.268624790071033,-0.9626444849520852,-2.7049663579122316e-05,-1.5555244980117588e-06,28.0,28.0,14.0,6.0,6.0,6.0
1.7721377640962608,1.0,8.452452408692299e-06,7.062307844185401e-05,-0.3499460250264615,0.00013809226454893393,0.22382557675114534,-0.3499460250264615,0.00013809226454893393,0.22382557675114534,-0.3499512907191507,0.00014454424722659464,0.2238241316380871,-0.3270934263812464,-1.4199746290790003,1.2360148429870605,-1.3860333601581019,-1.571038548146383,2.7379729747772217,-7.669904152862728e-05,0.0,-0.0,0.0,0.0,0.0,-0.32705614468283917,-1.4198831082240133,1.2359384270936917,-1.3859633431043432,-1.571014443681168,2.7378244802682974,0.0001542366813198418,9.885912769737433e-05,-7.749076188077649e-05,0.00011722221881370352,-7.845097032173793e-05,-0.00033824039717209037,0.0008078314000600899,-8.036076121625907,-6.269004574065643,-0.9627016371480774,-3.947197690029584e-05,-9.340179683911275e-07,28.0,28.0,14.0,6.0,6.0,6.0
1.7761377640962608,1.0,8.452452408692299e-06,7.062307844185401e-05,-0.3499460250264615,0.00013809226454893393,0.22382557675114534,-0.3499460250264615,0.00013809226454893393,0.22382557675114534,-0.3499512907191507,0.00014454424722659464,0.2238241316380871,-0.3270934263812464,-1.4199746290790003,1.2360148429870605,-1.3860333601581019,-1.571038548146383,2.7379729747772217,-7.669904152862728e-05,0.0,-0.0,0.0,0.0,0.0,-0.3270555350228007,-1.4198827234659823,1.2359381106425953,-1.3859628760271072,-1.571014779854776,2.737823173231272,0.00015241500961100745,9.61895077456502e-05,-7.911277410155603e-05,0.00011676930897771115,-8.404340203439213e-05,-0.0003267592563358935,0.0008078314000600899,-8.036076121625907,-6.269004574065643,-0.9627016371480774,-3.947197690029584e-05,-9.340179683911275e-07,28.0,28.0,14.0,6.0,6.0,6.0
1.780883438095684,1.0,8.452452408692299e-06,7.062307844185401e-05,-0.3499460250264615,0.00013809226454893393,0.22382557675114534,-0.3499460250264615,0.00013809226454893393,0.22382557675114534,-0.3499512907191507,0.00014454424722659464,0.2238241316380871,-0.3270934263812464,-1.4199746290790003,1.2360148429870605,-1.3860333601581019,-1.571038548146383,2.7379729747772217,-7.669904152862728e-05,0.0,-0.0,0.0,0.0,0.0,-0.3270549322122479,-1.4198823487457224,1.235937788092733,-1.3859624106528123,-1.5710151370559273,2.7378219093633365,0.00015070263820470315,9.36800649910295e-05,-8.06374655890888e-05,0.00011634357373187832,-8.930028784428708e-05,-0.0003159669839498685,0.0008078314000600899,-8.036076121625907,-6.269004574065643,-0.9627016371480774,-3.947197690029584e-05,-9.340179683911275e-07,28.0,28.0,14.0,6.0,6.0,6.0
1.784883438095684,1.0,2.0186030121573634e-05,7.539352620095834e-05,-0.3499460250264615,0.00013809226454893393,0.22382557675114534,-0.3499460250264615,0.00013809226454893393,0.22382557675114534,-0.34993904178184565,0.0001565842121168711,0.22382148309973748,-0.32711726823915654,-1.4199865500079554,1.2360267639160156,-1.3859971205340784,-1.5710743109332483,2.7379610538482666,-7.669904152862728e-05,0.0,-0.0,0.0,0.0,0.0,-0.3270543350128973,-1.41988200257489,1.235937491909603,-1.3859620016121106,-1.5710154728462176,2.7378206731690145,0.0001492998376440639,8.654270808904085e-05,-7.404578248039878e-05,0.00010226017545020207,-8.394757253317743e-05,-0.0003090485805497275,0.0009602336516271943,-8.036242941438008,-6.269030073043956,-0.9627114878519217,-3.711020459551932e-05,-1.0876993103300087e-06,28.0,28.0,14.0,6.0,6.0,6.0
1.789906943110517,1.0,2.0186030121573634e-05,7.539352620095834e-05,-0.3499460250264615,0.00013809226454893393,0.22382557675114534,-0.3499460250264615,0.00013809226454893393,0.22382557675114534,-0.34993904178184565,0.0001565842121168711,0.22382148309973748,-0.32711726823915654,-1.4199865500079554,1.2360267639160156,-1.3859971205340784,-1.5710743109332483,2.7379610538482666,-7.669904152862728e-05,0.0,-0.0,0.0,0.0,0.0,-0.32705374308807683,-1.4198816832405194,1.2359372205112014,-1.3859616455249864,-1.5710157885102982,2.737819462987889,0.000147981205117063,7.983359260117152e-05,-6.784960035823016e-05,8.902178106542638e-05,-7.891602014073436e-05,-0.0003025452813535949,0.0009602336516271943,-8.036242941438008,-6.269030073043956,-0.9627114878519217,-3.711020459551932e-05,-1.0876993103300087e-06,28.0,28.0,14.0,6.0,6.0,6.0
1.793906943110517,1.0,2.0186030121573634e-05,7.539352620095834e-05,-0.3499460250264615,0.00013809226454893393,0.22382557675114534,-0.3499460250264615,0.00013809226454893393,0.22382557675114534,-0.34993904178184565,0.0001565842121168711,0.22382148309973748,-0.32711726823915654,-1.4199865500079554,1.2360267639160156,-1.3859971205340784,-1.5710743109332483,2.7379610538482666,-7.669904152862728e-05,0.0,-0.0,0.0,0.0,0.0,-0.3270531561213147,-1.4198813891324233,1.2359369724104448,-1.385961339214225,-1.5710160852557418,2.7378182772591684,0.00014674169054168214,7.352702404257436e-05,-6.202518916339166e-05,7.657769034373724e-05,-7.418636089183788e-05,-0.00029643218010923033,0.0009602336516271943,-8.036242941438008,-6.269030073043956,-0.9627114878519217,-3.711020459551932e-05,-1.0876993103300087e-06,28.0,28.0,14.0,6.0,6.0,6.0
1.7990669881056536,1.0,9.339586182809013e-06,4.905547362529787e-05,-0.3499460250264615,0.00013809226454893393,0.22382557675114534,-0.3499460250264615,0.00013809226454893393,0.22382557675114534,-0.34994678468666407,0.00014301543824238883,0.2238334769503344,-0.3270934263812464,-1.4199984709369105,1.2360029220581055,-1.3860090414630335,-1.571038548146383,2.7379369735717773,-7.669904152862728e-05,0.0,-0.0,0.0,0.0,9.58738019107841e-05,-0.3270525746493274,-1.419881079788976,1.2359367111043231,-1.3859610286152066,-1.571016405394408,2.7378171734892462,0.00014536799681479976,7.733586181544712e-05,-6.532653038571625e-05,7.764975456057327e-05,-8.003466658008888e-05,-0.0002759424804854277,0.0006626820622309573,-8.035178925402468,-6.268755672211692,-0.9626741113176391,-3.9473639809957496e-05,-6.757214489138801e-07,28.0,28.0,14.0,6.0,6.0,6.0
1.8030669881056536,1.0,9.339586182809013e-06,4.905547362529787e-05,-0.3499460250264615,0.00013809226454893393,0.22382557675114534,-0.3499460250264615,0.00013809226454893393,0.22382557675114534,-0.34994678468666407,0.00014301543824238883,0.2238334769503344,-0.3270934263812464,-1.4199984709369105,1.2360029220581055,-1.3860090414630335,-1.571038548146383,2.7379369735717773,-7.669904152862728e-05,0.0,-0.0,0.0,0.0,9.58738019107841e-05,-0.32705199834242854,-1.4198807561242988,1.2359364373851587,-1.385960713985227,-1.5710167475227037,2.737816146760595,0.00014407672471153035,8.091616932194753e-05,-6.842979113470137e-05,7.865749492439914e-05,-8.553207392704482e-05,-0.0002566821628390532,0.0006626820622309573,-8.035178925402468,-6.268755672211692,-0.9626741113176391,-3.9473639809957496e-05,-6.757214489138801e-07,28.0,28.0,14.0,6.0,6.0,6.0
1.8075941971121363,1.0,9.339586182809013e-06,4.905547362529787e-05,-0.3499460250264615,0.00013809226454893393,0.22382557675114534,-0.3499460250264615,0.00013809226454893393,0.22382557675114534,-0.34994678468666407,0.00014301543824238883,0.2238334769503344,-0.3270934263812464,-1.4199984709369105,1.2360029220581055,-1.3860090414630335,-1.571038548146383,2.7379369735717773,-7.669904152862728e-05,0.0,-0.0,0.0,0.0,9.58738019107841e-05,-0.3270514268907128,-1.4198804189976653,1.2359361519977337,-1.3859603955661435,-1.5710171103212511,2.737815192450738,0.00014286292893445708,8.428165837805791e-05,-7.134685623874739e-05,7.960477086639546e-05,-9.06996368331834e-05,-0.00023857746425146124,0.0006626820622309573,-8.035178925402468,-6.268755672211692,-0.9626741113176391,-3.9473639809957496e-05,-6.757214489138801e-07,28.0,28.0,14.0,6.0,6.0,6.0
1.8115941971121363,1.0,1.0630952143973296e-05,9.886070480729991e-05,-0.3499460250264615,0.00013809226454893393,0.22382557675114534,-0.3499460250264615,0.00013809226454893393,0.22382557675114534,-0.34994088887673097,0.00014363222510779792,0.2238330564534415,-0.3270934263812464,-1.4200108687030237,1.2360148429870605,-1.3859971205340784,-1.5710504690753382,2.738008499145508,-7.669904152862728e-05,0.0,-0.0,0.0,0.0,9.58738019107841e-05,-0.3270508642986217,-1.4198800704504555,1.2359358612879157,-1.3859600911813688,-1.5710174788202171,2.7378142195216566,0.00014064802278322827,8.713680245849038e-05,-7.267745447411628e-05,7.609619370014163e-05,-9.212474148093102e-05,-0.0002432322703771726,0.000592836513270674,-8.035002300178812,-6.268746086811418,-0.9626780296230298,-4.073716721271113e-05,-1.598535552264434e-06,28.0,28.0,14.0,6.0,6.0,6.0
1.8167198100930553,1.0,1.0630952143973296e-05,9.886070480729991e-05,-0.3499460250264615,0.00013809226454893393,0.22382557675114534,-0.3499460250264615,0.00013809226454893393,0.22382557675114534,-0.34994088887673097,0.00014363222510779792,0.2238330564534415,-0.3270934263812464,-1.4200108687030237,1.2360148429870605,-1.3859971205340784,-1.5710504690753382,2.738008499145508,-7.669904152862728e-05,0.0,-0.0,0.0,0.0,9.58738019107841e-05,-0.3270503100345777,-1.419879711167904,1.2359355655750484,-1.385959799988844,-1.5710178526775764,2.737813229090504,0.00013856601100107317,8.98206378940969e-05,-7.392821681536304e-05,7.279813116386303e-05,-9.346433984981378e-05,-0.0002476077881353413,0.000592836513270674,-8.035002300178812,-6.268746086811418,-0.9626780296230298,-4.073716721271113e-05,-1.598535552264434e-06,28.0,28.0,14.0,6.0,6.0,6.0
1.8207198100930553,1.0,5.1418102179850965e-06,5.198234576014318e-05,-0.3499460250264615,0.00013809226454893393,0.22382557675114534,-0.3499460250264615,0.00013809226454893393,0.22382557675114534,-0.34994290122524574,0.00014169785548859452,0.22382749502960742,-0.3270934263812464,-1.4199865500079554,1.2360029220581055,-1.3859851996051233,-1.571038548146383,2.7379491329193115,-7.669904152862728e-05,0.0,-0.0,0.0,0.0,9.58738019107841e-05,-0.32704975929452085,-1.4198793668699363,1.2359352907035719,-1.3859595496684527,-1.571018245301372,2.737812294902091,0.00013768501420673946,8.607449194320749e-05,-6.871786912052105e-05,6.25800978067211e-05,-9.815594888705851e-05,-0.00023354710316230448,0.000835694635512853,-8.035852867048098,-6.268876088183436,-0.9626929643330624,-3.9471065948933125e-05,-8.324861848281172e-07,28.0,28.0,14.0,6.0,6.0,6.0
1.8249501920721967,1.0,5.1418102179850965e-06,5.198234576014318e-05,-0.3499460250264615,0.00013809226454893393,0.22382557675114534,-0.3499460250264615,0.00013809226454893393,0.22382557675114534,-0.34994290122524574,0.00014169785548859452,0.22382749502960742,-0.3270934263812464,-1.4199865500079554,1.2360029220581055,-1.3859851996051233,-1.571038548146383,2.7379491329193115,-7.669904152862728e-05,0.0,-0.0,0.0,0.0,9.58738019107841e-05,-0.32704921186701197,-1.4198790366574774,1.2359350354230028,-1.385959337767867,-1.5710186555656174,2.737811413581854,0.00013685687722006577,8.255311474937144e-05,-6.382014228736957e-05,5.297514645100768e-05,-0.00010256606138206856,-0.0002203300592876499,0.000835694635512853,-8.035852867048098,-6.268876088183436,-0.9626929643330624,-3.9471065948933125e-05,-8.324861848281172e-07,28.0,28.0,14.0,6.0,6.0,6.0
1.8289501920721967,1.0,5.1418102179850965e-06,5.198234576014318e-05,-0.3499460250264615,0.00013809226454893393,0.22382557675114534,-0.3499460250264615,0.00013809226454893393,0.22382557675114534,-0.34994290122524574,0.00014169785548859452,0.22382749502960742,-0.3270934263812464,-1.4199865500079554,1.2360029220581055,-1.3859851996051233,-1.571038548146383,2.7379491329193115,-7.669904152862728e-05,0.0,-0.0,0.0,0.0,9.58738019107841e-05,-0.32704866755329814,-1.4198787196853966,1.2359347985578866,-1.3859591619818983,-1.571019082411886,2.7378105819577017,0.0001360784284525925,7.924302018716557e-05,-5.9216279064207185e-05,4.394649217663706e-05,-0.00010671156712737801,-0.0002079060380454746,0.000835694635512853,-8.035852867048098,-6.268876088183436,-0.9626929643330624,-3.9471065948933125e-05,-8.324861848281172e-07,28.0,28.0,14.0,6.0,6.0,6.0
1.8340841170779902,1.0,5.1418102179850965e-06,5.198234576014318e-05,-0.3499460250264615,0.00013809226454893393,0.22382557675114534,-0.3499460250264615,0.00013809226454893393,0.22382557675114534,-0.34994290122524574,0.00014169785548859452,0.22382749502960742,-0.3270934263812464,-1.4199865500079554,1.2360029220581055,-1.3859851996051233,-1.571038548146383,2.7379491329193115,-7.669904152862728e-05,0.0,-0.0,0.0,0.0,9.58738019107841e-05,-0.3270481261665517,-1.4198784151592714,1.235934579003296,-1.3859590201436696,-1.571019524845256,2.7378097970478694,0.00013534668661116764,7.613153129869203e-05,-5.488864763443454e-05,3.545955715872868e-05,-0.00011060834252796889,-0.0001962274580778298,0.000835694635512853,-8.035852867048098,-6.268876088183436,-0.9626929643330624,-3.9471065948933125e-05,-8.324861848281172e-07,28.0,28.0,14.0,6.0,6.0,6.0
1.8380841170779902,1.0,3.151869104188839e-05,0.00010213220666505489,-0.3499460250264615,0.00013809226454893393,0.22382557675114534,-0.3499460250264615,0.00013809226454893393,0.22382557675114534,-0.3499480838259854,0.00016816387510881358,0.22381636331162205,-0.3271415869342249,-1.419938866292135,1.2359905242919922,-1.3859971205340784,-1.5710743109332483,2.7379610538482666,-7.669904152862728e-05,0.0,-0.0,0.0,0.0,9.58738019107841e-05,-0.3270475727130418,-1.4198781683631976,1.2359344101226861,-1.3859589254910192,-1.5710199407640546,2.737809001653517,0.0001383633774711927,6.169901845103071e-05,-4.2220152508858677e-05,2.3663162598076876e-05,-0.00010397969960537179,-0.0001988485881520984,0.001454670155422607,-8.037603879263512,-6.269184318909859,-0.9627183145865756,-3.083269123388386e-05,-1.6075946915697558e-06,28.0,28.0,14.0,6.0,6.0,6.0
1.842817918082467,1.0,3.151869104188839e-05,0.00010213220666505489,-0.3499460250264615,0.00013809226454893393,0.22382557675114534,-0.3499460250264615,0.00013809226454893393,0.22382557675114534,-0.3499480838259854,0.00016816387510881358,0.22381636331162205,-0.3271415869342249,-1.419938866292135,1.2359905242919922,-1.3859971205340784,-1.5710743109332483,2.7379610538482666,-7.669904152862728e-05,0.0,-0.0,0.0,0.0,9.58738019107841e-05,-0.32704700791677427,-1.4198779758333722,1.2359342888756177,-1.3859588751928122,-1.5710203317591556,2.7378081964037153,0.00014119906687961624,4.813245637422906e-05,-3.0311767090817368e-05,1.257455171106418e-05,-9.774877525813053e-05,-0.00020131245042191088,0.001454670155422607,-8.037603879263512,-6.269184318909859,-0.9627183145865756,-3.083269123388386e-05,-1.6075946915697558e-06,28.0,28.0,14.0,6.0,6.0,6.0
1.846817918082467,1.0,2.2975737811239316e-05,8.82972201541381e-05,-0.3499460250264615,0.00013809226454893393,0.22382557675114534,-0.3499460250264615,0.00013809226454893393,0.22382557675114534,-0.34995546295635593,0.0001501321989736812,0.2238427188042991,-0.32710534731020147,-1.4199984709369105,1.235978603363037,-1.3860333601581019,-1.571038548146383,2.7379369735717773,-7.669904152862728e-05,0.0,-0.0,0.0,0.0,9.58738019107841e-05,-0.32704644044032133,-1.4198777354175554,1.2359341182396697,-1.3859587472110066,-1.5710207404975036,2.7378074433947956,0.00014186911323512446,6.010395418075488e-05,-4.2658986995327506e-05,3.1995451383102094e-05,-0.00010218458701932414,-0.00018825222990345605,0.0006179384984994,-8.034619145482052,-6.268573888865731,-0.9626407693015422,-3.640040769503756e-05,-8.29693230137731e-07,28.0,28.0,14.0,6.0,6.0,6.0
1.851758311084938,1.0,2.2975737811239316e-05,8.82972201541381e-05,-0.3499460250264615,0.00013809226454893393,0.22382557675114534,-0.3499460250264615,0.00013809226454893393,0.22382557675114534,-0.34995546295635593,0.0001501321989736812,0.2238427188042991,-0.32710534731020147,-1.4199984709369105,1.235978603363037,-1.3860333601581019,-1.571038548146383,2.7379369735717773,-7.669904152862728e-05,0.0,-0.0,0.0,0.0,9.58738019107841e-05,-0.32704587044449407,-1.4198774499889069,1.235933901178175,-1.3859585462066184,-1.571021165914504,2.737806739492305,0.0001424989568093022,7.135716211888914e-05,-5.426537370556704e-05,5.025109707481774e-05,-0.00010635425007484612,-0.0001759756226161085,0.0006179384984994,-8.034619145482052,-6.268573888865731,-0.9626407693015422,-3.640040769503756e-05,-8.29693230137731e-07,28.0,28.0,14.0,6.0,6.0,6.0
1.855758311084938,1.0,2.2975737811239316e-05,8.82972201541381e-05,-0.3499460250264615,0.00013809226454893393,0.22382557675114534,-0.3499460250264615,0.00013809226454893393,0.22382557675114534,-0.34995546295635593,0.0001501321989736812,0.2238427188042991,-0.32710534731020147,-1.4199984709369105,1.235978603363037,-1.3860333601581019,-1.571038548146383,2.7379369735717773,-7.669904152862728e-05,0.0,-0.0,0.0,0.0,9.58738019107841e-05,-0.327045298080455,-1.4198771222481965,1.235933640476666,-1.3859582765610023,-1.5710216070094374,2.737806081749858,0.00014309100976902926,8.193517758073536e-05,-6.51753772131922e-05,6.741140402503044e-05,-0.00011027373334703678,-0.0001644356117660018,0.0006179384984994,-8.034619145482052,-6.268573888865731,-0.9626407693015422,-3.640040769503756e-05,-8.29693230137731e-07,28.0,28.0,14.0,6.0,6.0,6.0
1.8608969840896323,1.0,2.2975737811239316e-05,8.82972201541381e-05,-0.3499460250264615,0.00013809226454893393,0.22382557675114534,-0.3499460250264615,0.00013809226454893393,0.22382557675114534,-0.34995546295635593,0.0001501321989736812,0.2238427188042991,-0.32710534731020147,-1.4199984709369105,1.235978603363037,-1.3860333601581019,-1.571038548146383,2.7379369735717773,-7.669904152862728e-05,0.0,-0.0,0.0,0.0,9.58738019107841e-05,-0.3270447234902968,-1.419876754734148,1.235933338753544,-1.385957942392632,-1.5710220628416278,2.737805467397852,0.00014364753955117268,9.18785121148708e-05,-7.543078051035985e-05,8.354209255823037e-05,-0.000113958047622896,-0.00015358800156690152,0.0006179384984994,-8.034619145482052,-6.268573888865731,-0.9626407693015422,-3.640040769503756e-05,-8.29693230137731e-07,28.0,28.0,14.0,6.0,6.0,6.0
1.8648969840896323,1.0,2.363050113322515e-05,8.793804605039854e-05,-0.3499460250264615,0.00013809226454893393,0.22382557675114534,-0.3499460250264615,0.00013809226454893393,0.22382557675114534,-0.34995178455660075,0.00015150127157337253,0.22384416241570168,-0.32710534731020147,-1.4199984709369105,1.235966682434082,-1.3860090414630335,-1.5710504690753382,2.7379610538482666,-7.669904152862728e-05,0.0,-0.0,0.0,0.0,9.58738019107841e-05,-0.3270441511014943,-1.4198763586581393,1.2359330185780026,-1.3859575731355462,-1.5710225187968185,2.7378048617991433,0.00014309720062193501,9.901900214087089e-05,-8.004388534045811e-05,9.231427144543007e-05,-0.0001139887976530987,-0.0001513996771346835,0.0005958494208240042,-8.034647831904556,-6.268519686443126,-0.9626361700730361,-3.7662485121189665e-05,-1.1403495972225705e-06,28.0,28.0,14.0,6.0,6.0,6.0
1.8694835590894807,1.0,2.363050113322515e-05,8.793804605039854e-05,-0.3499460250264615,0.00013809226454893393,0.22382557675114534,-0.3499460250264615,0.00013809226454893393,0.22382557675114534,-0.34995178455660075,0.00015150127157337253,0.22384416241570168,-0.32710534731020147,-1.4199984709369105,1.235966682434082,-1.3860090414630335,-1.5710504690753382,2.7379610538482666,-7.669904152862728e-05,0.0,-0.0,0.0,0.0,9.58738019107841e-05,-0.3270435807819662,-1.4198759357338884,1.2359326810571871,-1.3859571708950678,-1.5710229748676292,2.7378042644285348,0.00014257988202845162,0.00010573106276531097,-8.438020388075047e-05,0.00010056011959939777,-0.00011401770268148924,-0.00014934265216839858,0.0005958494208240042,-8.034647831904556,-6.268519686443126,-0.9626361700730361,-3.7662485121189665e-05,-1.1403495972225705e-06,28.0,28.0,14.0,6.0,6.0,6.0
1.8734835590894807,1.0,2.387490460162071e-05,8.560847703387145e-05,-0.3499460250264615,0.00013809226454893393,0.22382557675114534,-0.3499460250264615,0.00013809226454893393,0.22382557675114534,-0.34994915824754996,0.0001617389183646182,0.22382659152139936,-0.3271296660052698,-1.4199746290790003,1.2360029220581055,-1.3860209623919886,-1.5710623900042933,2.7379610538482666,-7.669904152862728e-05,0.0,-0.0,0.0,0.0,9.58738019107841e-05,-0.32704300270609116,-1.4198755294564762,1.2359323507226452,-1.3859567747222896,-1.5710234173285322,2.737803656479422,0.00014451896876812296,0.00010156935303369064,-8.258363548691543e-05,9.904319452345163e-05,-0.0001106152257624363,-0.0001519872782600517,0.0010765613679422257,-8.036154166125165,-6.268948262200973,-0.9626901987210243,-3.26493679338024e-05,-1.4539545827993555e-06,28.0,28.0,14.0,6.0,6.0,6.0
1.8785379341007218,1.0,2.387490460162071e-05,8.560847703387145e-05,-0.3499460250264615,0.00013809226454893393,0.22382557675114534,-0.3499460250264615,0.00013809226454893393,0.22382557675114534,-0.34994915824754996,0.0001617389183646182,0.22382659152139936,-0.3271296660052698,-1.4199746290790003,1.2360029220581055,-1.3860209623919886,-1.5710623900042933,2.7379610538482666,-7.669904152862728e-05,0.0,-0.0,0.0,0.0,9.58738019107841e-05,-0.32704241733924994,-1.4198751388270927,1.2359320271432004,-1.3859563842531497,-1.571023846996122,2.737803038586515,0.00014634171030341401,9.765734588596752e-05,-8.089486119671049e-05,9.761728495206227e-05,-0.00010741689745852654,-0.00015447322678620567,0.0010765613679422257,-8.036154166125165,-6.268948262200973,-0.9626901987210243,-3.26493679338024e-05,-1.4539545827993555e-06,28.0,28.0,14.0,6.0,6.0,6.0
1.8825379341007218,1.0,2.387490460162071e-05,8.560847703387145e-05,-0.3499460250264615,0.00013809226454893393,0.22382557675114534,-0.3499460250264615,0.00013809226454893393,0.22382557675114534,-0.34994915824754996,0.0001617389183646182,0.22382659152139936,-0.3271296660052698,-1.4199746290790003,1.2360029220581055,-1.3860209623919886,-1.5710623900042933,2.7379610538482666,-7.669904152862728e-05,0.0,-0.0,0.0,0.0,9.58738019107841e-05,-0.32704182511890056,-1.419874762906856,1.235931709913547,-1.38595599914543,-1.5710242646379973,2.737802411346441,0.0001480550873465876,9.39800591671078e-05,-7.930741336391785e-05,9.627692995495627e-05,-0.00010441046885285136,-0.0001568100184007904,0.0010765613679422257,-8.036154166125165,-6.268948262200973,-0.9626901987210243,-3.26493679338024e-05,-1.4539545827993555e-06,28.0,28.0,14.0,6.0,6.0,6.0
1.8870366480997771,1.0,2.0755592307413108e-05,6.90582254285349e-05,-0.3499460250264615,0.00013809226454893393,0.22382557675114534,-0.3499460250264615,0.00013809226454893393,0.22382557675114534,-0.3499549461765846,0.00014840159291352732,0.22384122684511257,-0.3270934263812464,-1.4199865500079554,1.235966682434082,-1.3860209623919886,-1.5710504690753382,2.737889051437378,-7.669904152862728e-05,0.0,-0.0,0.0,0.0,9.58738019107841e-05,-0.3270412430076627,-1.4198743657448067,1.2359313751157661,-1.38595557514067,-1.571024684692349,2.7378018834626907,0.0001455278094670282,9.929051229451727e-05,-8.369944520646349e-05,0.00010600119000580694,-0.00010501358794091854,-0.00013197093765904554,0.0005168546187608234,-8.034952413282491,-6.2686020537584275,-0.9626449717674616,-4.0736899975923264e-05,-5.753715167393445e-08,28.0,28.0,14.0,6.0,6.0,6.0
1.8910366480997771,1.0,2.0755592307413108e-05,6.90582254285349e-05,-0.3499460250264615,0.00013809226454893393,0.22382557675114534,-0.3499460250264615,0.00013809226454893393,0.22382557675114534,-0.3499549461765846,0.00014840159291352732,0.22384122684511257,-0.3270934263812464,-1.4199865500079554,1.235966682434082,-1.3860209623919886,-1.5710504690753382,2.737889051437378,-7.669904152862728e-05,0.0,-0.0,0.0,0.0,9.58738019107841e-05,-0.32704067039898965,-1.419873948615454,1.2359310238039456,-1.3859551145726923,-1.5710251070144285,2.7378014489738836,0.00014315216826024234,0.00010428233823428218,-8.78279551384564e-05,0.00011514199445360655,-0.00010558051988370171,-0.00010862220176180536,0.0005168546187608234,-8.034952413282491,-6.2686020537584275,-0.9626449717674616,-4.0736899975923264e-05,-5.753715167393445e-08,28.0,28.0,14.0,6.0,6.0,6.0
1.895563857077156,1.0,2.0755592307413108e-05,6.90582254285349e-05,-0.3499460250264615,0.00013809226454893393,0.22382557675114534,-0.3499460250264615,0.00013809226454893393,0.22382557675114534,-0.3499549461765846,0.00014840159291352732,0.22384122684511257,-0.3270934263812464,-1.4199865500079554,1.235966682434082,-1.3860209623919886,-1.5710504690753382,2.737889051437378,-7.669904152862728e-05,0.0,-0.0,0.0,0.0,9.58738019107841e-05,-0.32704010672272754,-1.4198735127168354,1.2359306569689277,-1.3859546196352897,-1.5710255314681723,2.7378011022763236,0.00014091906552586364,0.00010897465461766119,-9.170875447452974e-05,0.0001237343506345382,-0.00010611343590991788,-8.667439001839959e-05,0.0005168546187608234,-8.034952413282491,-6.2686020537584275,-0.9626449717674616,-4.0736899975923264e-05,-5.753715167393445e-08,28.0,28.0,14.0,6.0,6.0,6.0
1.899563857077156,1.0,2.3658556277802602e-05,7.715346994847214e-05,-0.3499460250264615,0.00013809226454893393,0.22382557675114534,-0.3499460250264615,0.00013809226454893393,0.22382557675114534,-0.34995058592914363,0.0001495393661892532,0.22384577302099673,-0.3270934263812464,-1.4200108687030237,1.235978603363037,-1.3860209623919886,-1.5710623900042933,2.7379369735717773,-7.669904152862728e-05,0.0,-0.0,0.0,0.0,9.58738019107841e-05,-0.3270395557460058,-1.419873040604829,1.235930260419348,-1.385954081565483,-1.5710259441946488,2.737800778593489,0.00013774418043780017,0.00011802800157203275,-9.913739488813185e-05,0.00013451745168845887,-0.00010318161911095879,-8.092070866802103e-05,0.00031446925608719935,-8.034208329560665,-6.268483765980109,-0.9626337311751026,-4.2002263450495925e-05,-6.758958340483271e-07,28.0,28.0,14.0,6.0,6.0,6.0
1.9046170440700378,1.0,2.3658556277802602e-05,7.715346994847214e-05,-0.3499460250264615,0.00013809226454893393,0.22382557675114534,-0.3499460250264615,0.00013809226454893393,0.22382557675114534,-0.34995058592914363,0.0001495393661892532,0.22384577302099673,-0.3270934263812464,-1.4200108687030237,1.235978603363037,-1.3860209623919886,-1.5710623900042933,2.7379369735717773,-7.669904152862728e-05,0.0,-0.0,0.0,0.0,9.58738019107841e-05,-0.327039016706852,-1.4198725344522383,1.2359298359380806,-1.3859535029512162,-1.571026345897494,2.737800476544496,0.0001347597884550205,0.000126538147709142,-0.00010612031687691782,0.0001446535666791443,-0.00010042571131993724,-7.551224819866517e-05,0.00031446925608719935,-8.034208329560665,-6.268483765980109,-0.9626337311751026,-4.2002263450495925e-05,-6.758958340483271e-07,28.0,28.0,14.0,6.0,6.0,6.0
1.9086170440700378,1.0,2.3658556277802602e-05,7.715346994847214e-05,-0.3499460250264615,0.00013809226454893393,0.22382557675114534,-0.3499460250264615,0.00013809226454893393,0.22382557675114534,-0.34995058592914363,0.0001495393661892532,0.22384577302099673,-0.3270934263812464,-1.4200108687030237,1.235978603363037,-1.3860209623919886,-1.5710623900042933,2.7379369735717773,-7.669904152862728e-05,0.0,-0.0,0.0,0.0,9.58738019107841e-05,-0.327038488889012,-1.4198719963014979,1.2359293852010265,-1.385952886225157,-1.571026737238126,2.7378001948313146,0.00013195445999120763,0.0001345376850780247,-0.00011268426354637664,0.00015418151477038862,-9.783515799637698e-05,-7.042829535747067e-05,0.00031446925608719935,-8.034208329560665,-6.268483765980109,-0.9626337311751026,-4.2002263450495925e-05,-6.758958340483271e-07,28.0,28.0,14.0,6.0,6.0,6.0
1.9133389720504645,1.0,1.1347293910353276e-05,5.491024320880749e-05,-0.3499460250264615,0.00013809226454893393,0.22382557675114534,-0.3499460250264615,0.00013809226454893393,0.22382557675114534,-0.3499499361114895,0.00014146753500103294,0.22383567982208277,-0.3270934263812464,-1.4199865500079554,1.235978603363037,-1.3859971205340784,-1.571026627217428,2.737901210784912,-7.669904152862728e-05,0.0,-0.0,0.0,0.0,9.58738019107841e-05,-0.3270379587198699,-1.4198714620381807,1.2359289444869412,-1.3859522898737155,-1.5710271600257957,2.737799986331694,0.00013254228552863576,0.0001335658292846089,-0.00011017852129156983,0.00014908786037189705,-0.00010569691745536008,-5.212490515654823e-05,0.0007642223768650167,-8.035349935127362,-6.2687028253515695,-0.9626644998941437,-3.820927685518091e-05,-2.1429539933399617e-07,28.0,28.0,14.0,6.0,6.0,6.0
1.9173389720504646,1.0,1.1347293910353276e-05,5.491024320880749e-05,-0.3499460250264615,0.00013809226454893393,0.22382557675114534,-0.3499460250264615,0.00013809226454893393,0.22382557675114534,-0.3499499361114895,0.00014146753500103294,0.22383567982208277,-0.3270934263812464,-1.4199865500079554,1.235978603363037,-1.3859971205340784,-1.571026627217428,2.737901210784912,-7.669904152862728e-05,0.0,-0.0,0.0,0.0,9.58738019107841e-05,-0.32703742634050376,-1.4198709314290414,1.2359285131944469,-1.3859517126744145,-1.571027612373681,2.7377998466528206,0.00013309484153381819,0.00013265228483879806,-0.00010782312357205145,0.00014429982523731497,-0.00011308697134680419,-3.491971836768113e-05,0.0007642223768650167,-8.035349935127362,-6.2687028253515695,-0.9626644998941437,-3.820927685518091e-05,-2.1429539933399617e-07,28.0,28.0,14.0,6.0,6.0,6.0
1.9222021900473636,1.0,1.1347293910353276e-05,5.491024320880749e-05,-0.3499460250264615,0.00013809226454893393,0.22382557675114534,-0.3499460250264615,0.00013809226454893393,0.22382557675114534,-0.3499499361114895,0.00014146753500103294,0.22383567982208277,-0.3270934263812464,-1.4199865500079554,1.235978603363037,-1.3859971205340784,-1.571026627217428,2.737901210784912,-7.669904152862728e-05,0.0,-0.0,0.0,0.0,9.58738019107841e-05,-0.327036891883527,-1.4198704042548291,1.235928090758248,-1.3859511534781257,-1.571028092508169,2.7377997716654496,0.00013361424417868966,0.00013179355305973587,-0.00010560904971570417,0.00013979907221080783,-0.00012003362200476166,-1.8746842786146057e-05,0.0007642223768650167,-8.035349935127362,-6.2687028253515695,-0.9626644998941437,-3.820927685518091e-05,-2.1429539933399617e-07,28.0,28.0,14.0,6.0,6.0,6.0
1.9262021900473636,1.0,3.238326954039453e-05,6.1014794733724483e-05,-0.3499460250264615,0.00013809226454893393,0.22382557675114534,-0.3499460250264615,0.00013809226454893393,0.22382557675114534,-0.3499544265476688,0.00016876086760300987,0.22381945079209872,-0.3271296660052698,-1.419938866292135,1.2359905242919922,-1.3860333601581019,-1.5710862318622034,2.7379369735717773,-7.669904152862728e-05,0.0,-0.0,0.0,0.0,9.58738019107841e-05,-0.32703635609998544,-1.419869930473949,1.2359277019323038,-1.3859506132287405,-1.5710285301319904,2.7377996739156174,0.00013394588539113783,0.00011844522004469958,-9.720648604638183e-05,0.0001350623463293079,-0.00010940595532429805,-2.4437458033559757e-05,0.0011410605478604562,-8.037234160353966,-6.269146540009409,-0.9627081212268853,-3.51729828412087e-05,-1.143222868834488e-06,28.0,28.0,14.0,6.0,6.0,6.0
1.9312720000422567,1.0,3.238326954039453e-05,6.1014794733724483e-05,-0.3499460250264615,0.00013809226454893393,0.22382557675114534,-0.3499460250264615,0.00013809226454893393,0.22382557675114534,-0.3499544265476688,0.00016876086760300987,0.22381945079209872,-0.3271296660052698,-1.419938866292135,1.2359905242919922,-1.3860333601581019,-1.5710862318622034,2.7379369735717773,-7.669904152862728e-05,0.0,-0.0,0.0,0.0,9.58738019107841e-05,-0.32703581906947293,-1.4198695068828011,1.235927344699999,-1.3859500907894444,-1.571028927795785,2.737799554769072,0.0001342576281308391,0.00010589778701056546,-8.930807619721883e-05,0.00013060982400069798,-9.941594864466226e-05,-2.9786636366128635e-05,0.0011410605478604562,-8.037234160353966,-6.269146540009409,-0.9627081212268853,-3.51729828412087e-05,-1.143222868834488e-06,28.0,28.0,14.0,6.0,6.0,6.0
1.9352720000422567,1.0,3.4192173054551e-05,4.519183917038344e-05,-0.3499460250264615,0.00013809226454893393,0.22382557675114534,-0.3499460250264615,0.00013809226454893393,0.22382557675114534,-0.34994873651461705,0.00017216911122902375,0.2238262985894349,-0.3271296660052698,-1.4199627081500452,1.2359905242919922,-1.3860209623919886,-1.5711105505572718,2.737901210784912,-7.669904152862728e-05,0.0,-0.0,0.0,0.0,-0.0007669904152862728,-0.32703528963550216,-1.4198691148328824,1.2359270122348114,-1.3859495826250046,-1.5710292598901237,2.737799406522422,0.00013235849269837606,9.801247966841204e-05,-8.311629692559966e-05,0.00012704110996924282,-8.302358467838079e-05,-3.706166253630782e-05,0.0008739680041872005,-8.036430924252157,-6.268966282789309,-0.9626890486792508,-3.7751544679807765e-05,1.1736622519108114e-06,28.0,28.0,14.0,6.0,6.0,6.0
1.939960684055929,1.0,3.4192173054551e-05,4.519183917038344e-05,-0.3499460250264615,0.00013809226454893393,0.22382557675114534,-0.3499460250264615,0.00013809226454893393,0.22382557675114534,-0.34994873651461705,0.00017216911122902375,0.2238262985894349,-0.3271296660052698,-1.4199627081500452,1.2359905242919922,-1.3860209623919886,-1.5711105505572718,2.737901210784912,-7.669904152862728e-05,0.0,-0.0,0.0,0.0,-0.0007669904152862728,-0.3270347673422806,-1.4198687524317193,1.2359267030507137,-1.3859490878789293,-1.571029530349174,2.737799230921673,0.00013057330539186082,9.060029076678782e-05,-7.729602441027765e-05,0.00012368651877967497,-6.76147625500762e-05,-4.390018713627626e-05,0.0008739680041872005,-8.036430924252157,-6.268966282789309,-0.9626890486792508,-3.7751544679807765e-05,1.1736622519108114e-06,28.0,28.0,14.0,6.0,6.0,6.0
1.943960684055929,1.0,3.4192173054551e-05,4.519183917038344e-05,-0.3499460250264615,0.00013809226454893393,0.22382557675114534,-0.3499460250264615,0.00013809226454893393,0.22382557675114534,-0.34994873651461705,0.00017216911122902375,0.2238262985894349,-0.3271296660052698,-1.4199627081500452,1.2359905242919922,-1.3860209623919886,-1.5711105505572718,2.737901210784912,-7.669904152862728e-05,0.0,-0.0,0.0,0.0,-0.0007669904152862728,-0.3270342517613633,-1.4198684179003864,1.2359264157508407,-1.385948605746117,-1.571029742871053,2.7377990296080723,0.00012889522932373648,8.363283319926105e-05,-7.182496824587495e-05,0.0001205332030614812,-5.3130469749469894e-05,-5.032840026024659e-05,0.0008739680041872005,-8.036430924252157,-6.268966282789309,-0.9626890486792508,-3.7751544679807765e-05,1.1736622519108114e-06,28.0,28.0,14.0,6.0,6.0,6.0
1.9489568810630598,1.0,3.4192173054551e-05,4.519183917038344e-05,-0.3499460250264615,0.00013809226454893393,0.22382557675114534,-0.3499460250264615,0.00013809226454893393,0.22382557675114534,-0.34994873651461705,0.00017216911122902375,0.2238262985894349,-0.3271296660052698,-1.4199627081500452,1.2359905242919922,-1.3860209623919886,-1.5711105505572718,2.737901210784912,-7.669904152862728e-05,0.0,-0.0,0.0,0.0,-0.0007669904152862728,-0.32703374249001205,-1.419868109566694,1.235926149022139,-1.3859481354697718,-1.571029900931991,2.73779880412439,0.0001273178378196996,7.70834230857859e-05,-6.668217545133643e-05,0.00011756908628637904,-3.951523451689996e-05,-5.63709205967787e-05,0.0008739680041872005,-8.036430924252157,-6.268966282789309,-0.9626890486792508,-3.7751544679807765e-05,1.1736622519108114e-06,28.0,28.0,14.0,6.0,6.0,6.0
1.9529568810630598,1.0,3.6725436345916754e-05,6.929401420426968e-05,-0.3499460250264615,0.00013809226454893393,0.22382557675114534,-0.3499460250264615,0.00013809226454893393,0.22382557675114534,-0.3499538959163085,0.0001727532791755524,0.22383481909029015,-0.3271415869342249,-1.4199746290790003,1.235978603363037,-1.3860333601581019,-1.5710862318622034,2.737913131713867,-7.669904152862728e-05,0.0,-0.0,0.0,0.0,-0.0007669904152862728,-0.32703322354302145,-1.4198677950713294,1.235925871916924,-1.385947635674953,-1.5710300358110214,2.7377985440617136,0.00012973674764715806,7.862384113367231e-05,-6.927630375492602e-05,0.00012494870470502258,-3.371975758136232e-05,-6.501566910548761e-05,0.0009485882011208243,-8.035708730932933,-6.268779684463738,-0.9626605607554739,-3.2101540225965195e-05,8.65914275226542e-07,28.0,28.0,14.0,6.0,6.0,6.0
1.9574176010591917,1.0,3.6725436345916754e-05,6.929401420426968e-05,-0.3499460250264615,0.00013809226454893393,0.22382557675114534,-0.3499460250264615,0.00013809226454893393,0.22382557675114534,-0.3499538959163085,0.0001727532791755524,0.22383481909029015,-0.3271415869342249,-1.4199746290790003,1.235978603363037,-1.3860333601581019,-1.5710862318622034,2.737913131713867,-7.669904152862728e-05,0.0,-0.0,0.0,0.0,-0.0007669904152862728,-0.3270326955009299,-1.419867474783993,1.2359255850577866,-1.3859471081327688,-1.5710301488990586,2.737798251494783,0.000132010522884969,8.007183409868555e-05,-7.171478436030023e-05,0.0001318855460185475,-2.8272009261956937e-05,-7.3141732703674e-05,0.0009485882011208243,-8.035708730932933,-6.268779684463738,-0.9626605607554739,-3.2101540225965195e-05,8.65914275226542e-07,28.0,28.0,14.0,6.0,6.0,6.0
1.9614176010591917,1.0,2.1070632301313863e-05,5.454737719157532e-05,-0.3499460250264615,0.00013809226454893393,0.22382557675114534,-0.3499460250264615,0.00013809226454893393,0.22382557675114534,-0.3499554714224391,0.00015692462289397605,0.22382585858048257,-0.32711726823915654,-1.4199507872210901,1.235978603363037,-1.3860209623919886,-1.5710504690753382,2.7379369735717773,-7.669904152862728e-05,0.0009587380336597562,-0.0,0.0,0.0,-0.0007669904152862728,-0.3270321599228898,-1.419867128427224,1.2359253115747246,-1.3859465933050321,-1.5710302826853006,2.7377979279092353,0.0001338945100263968,8.658919228500692e-05,-6.837076547907559e-05,0.0001287069341910951,-3.344656052587191e-05,-8.089638688359171e-05,0.0024316706332670832,-8.042466276755558,-6.27133164189641,-0.9630548313625046,-3.45725942272402e-05,8.72726092248696e-07,28.0,28.0,14.0,6.0,6.0,6.0
1.9665491510760047,1.0,2.1070632301313863e-05,5.454737719157532e-05,-0.3499460250264615,0.00013809226454893393,0.22382557675114534,-0.3499460250264615,0.00013809226454893393,0.22382557675114534,-0.3499554714224391,0.00015692462289397605,0.22382585858048257,-0.32711726823915654,-1.4199507872210901,1.235978603363037,-1.3860209623919886,-1.5710504690753382,2.7379369735717773,-7.669904152862728e-05,0.0009587380336597562,-0.0,0.0,0.0,-0.0007669904152862728,-0.32703161726105806,-1.419866757565188,1.2359250506651738,-1.3859460904288758,-1.5710304359278555,2.737797575166188,0.00013566545793933897,9.271550898014901e-05,-6.522738773072443e-05,0.00012571903907328987,-3.8310638713951985e-05,-8.818576181271436e-05,0.0024316706332670832,-8.042466276755558,-6.27133164189641,-0.9630548313625046,-3.45725942272402e-05,8.72726092248696e-07,28.0,28.0,14.0,6.0,6.0,6.0
1.9705491510760047,1.0,2.1070632301313863e-05,5.454737719157532e-05,-0.3499460250264615,0.00013809226454893393,0.22382557675114534,-0.3499460250264615,0.00013809226454893393,0.22382557675114534,-0.3499554714224391,0.00015692462289397605,0.22382585858048257,-0.32711726823915654,-1.4199507872210901,1.235978603363037,-1.3860209623919886,-1.5710504690753382,2.7379369735717773,-7.669904152862728e-05,0.0009587380336597562,-0.0,0.0,0.0,-0.0007669904152862728,-0.32703106794046216,-1.4198663636682014,1.2359248015747233,-1.3859455987872051,-1.5710306074593443,2.7377971950150912,0.00013733014897750458,9.847424667358258e-05,-6.227261264727435e-05,0.00012291041766255295,-4.288287221074726e-05,-9.503777424608965e-05,0.0024316706332670832,-8.042466276755558,-6.27133164189641,-0.9630548313625046,-3.45725942272402e-05,8.72726092248696e-07,28.0,28.0,14.0,6.0,6.0,6.0
1.975594027062646,1.0,2.1070632301313863e-05,5.454737719157532e-05,-0.3499460250264615,0.00013809226454893393,0.22382557675114534,-0.3499460250264615,0.00013809226454893393,0.22382557675114534,-0.3499554714224391,0.00015692462289397605,0.22382585858048257,-0.32711726823915654,-1.4199507872210901,1.235978603363037,-1.3860209623919886,-1.5710504690753382,2.7379369735717773,-7.669904152862728e-05,0.0009587380336597562,-0.0,0.0,0.0,-0.0007669904152862728,-0.32703051236062797,-1.419865948118361,1.235924563594227,-1.385945117705951,-1.571030796182431,2.7377967891004276,0.00013889495855338028,0.00010388746010541013,-5.949512406883126e-05,0.00012027031353646023,-4.718077169773481e-05,-0.00010147866593346242,0.0024316706332670832,-8.042466276755558,-6.27133164189641,-0.9630548313625046,-3.45725942272402e-05,8.72726092248696e-07,28.0,28.0,14.0,6.0,6.0,6.0
1.979594027062646,1.0,2.080173496708801e-05,6.612809976699953e-05,-0.3499460250264615,0.00013809226454893393,0.22382557675114534,-0.3499460250264615,0.00013809226454893393,0.22382557675114534,-0.3499562738179513,0.0001535800844358123,0.2238349470171923,-0.3271296660052698,-1.4199627081500452,1.2359542846679688,-1.3859971205340784,-1.5710142294513147,2.737889051437378,-7.669904152862728e-05,0.0009587380336597562,-0.0,0.0,0.0,-0.0007669904152862728,-0.3270299307166452,-1.4198654923780765,1.235924331892089,-1.385944647947571,-1.5710310428067862,2.7377964200718536,0.00014541099569016756,0.00011393507114175334,-5.79255345229742e-05,0.00011743959501035603,-6.165608877686384e-05,-9.225714344568065e-05,0.002648563238104886,-8.041865794585405,-6.271098093739113,-0.9630249093018849,-2.7532281622720373e-05,1.3309642703711678e-06,28.0,28.0,14.0,6.0,6.0,6.0
1.984188913039631,1.0,2.080173496708801e-05,6.612809976699953e-05,-0.3499460250264615,0.00013809226454893393,0.22382557675114534,-0.3499460250264615,0.00013809226454893393,0.22382557675114534,-0.3499562738179513,0.0001535800844358123,0.2238349470171923,-0.3271296660052698,-1.4199627081500452,1.2359542846679688,-1.3859971205340784,-1.5710142294513147,2.737889051437378,-7.669904152862728e-05,0.0009587380336597562,-0.0,0.0,0.0,-0.0007669904152862728,-0.32702932457236283,-1.4198649988587744,1.2359241060916075,-1.3859441888326927,-1.5710313438583334,2.7377960857162043,0.0001515360705987476,0.00012337982551591595,-5.645012034986857e-05,0.00011477871959581809,-7.526288683124513e-05,-8.358891230716578e-05,0.002648563238104886,-8.041865794585405,-6.271098093739113,-0.9630249093018849,-2.7532281622720373e-05,1.3309642703711678e-06,28.0,28.0,14.0,6.0,6.0,6.0
1.988188913039631,1.0,2.3048207921127263e-05,5.227529961882147e-05,-0.3499460250264615,0.00013809226454893393,0.22382557675114534,-0.3499460250264615,0.00013809226454893393,0.22382557675114534,-0.349955825411133,0.0001587669215909612,0.22382835720162328,-0.3271296660052698,-1.4199507872210901,1.235966682434082,-1.3860090414630335,-1.571038548146383,2.737913131713867,-7.669904152862728e-05,0.0009587380336597562,-0.0,0.0,0.0,-0.0007669904152862728,-0.3270287041554403,-1.4198644875860804,1.2359238944099376,-1.3859437448111767,-1.5710316680640584,2.737795747455593,0.00015510423063978265,0.0001278181734937316,-5.2920417493195676e-05,0.00011100537899202633,-8.105143124083337e-05,-8.45651527934306e-05,0.002622363409112786,-8.042428397121204,-6.271266834446411,-0.9630453065759657,-3.0109951708770398e-05,1.0203587746351444e-06,28.0,28.0,14.0,6.0,6.0,6.0
1.9933620190189694,1.0,2.3048207921127263e-05,5.227529961882147e-05,-0.3499460250264615,0.00013809226454893393,0.22382557675114534,-0.3499460250264615,0.00013809226454893393,0.22382557675114534,-0.349955825411133,0.0001587669215909612,0.22382835720162328,-0.3271296660052698,-1.4199507872210901,1.235966682434082,-1.3860090414630335,-1.571038548146383,2.737913131713867,-7.669904152862728e-05,0.0009587380336597562,-0.0,0.0,0.0,-0.0007669904152862728,-0.32702807032223596,-1.419863959625198,1.2359236959999502,-1.3859433149774214,-1.5710320140347103,2.737795405524318,0.0001584583010783556,0.0001319902205928783,-4.960249680792315e-05,0.00010745843882446208,-8.649266298584631e-05,-8.548281885051954e-05,0.002622363409112786,-8.042428397121204,-6.271266834446411,-0.9630453065759657,-3.0109951708770398e-05,1.0203587746351444e-06,28.0,28.0,14.0,6.0,6.0,6.0
1.9973620190189694,1.0,2.3048207921127263e-05,5.227529961882147e-05,-0.3499460250264615,0.00013809226454893393,0.22382557675114534,-0.3499460250264615,0.00013809226454893393,0.22382557675114534,-0.349955825411133,0.0001587669215909612,0.22382835720162328,-0.3271296660052698,-1.4199507872210901,1.235966682434082,-1.3860090414630335,-1.571038548146383,2.737913131713867,-7.669904152862728e-05,0.0009587380336597562,-0.0,0.0,0.0,-0.0007669904152862728,-0.3270274238777268,-1.4198634159774186,1.2359235100653447,-1.3859428984801612,-1.5710323804643935,2.737795060142618,0.00016161112729061417,0.00013591194486607617,-4.648365136376698e-05,0.00010412431506695168,-9.160742082615849e-05,-8.634542494418314e-05,0.002622363409112786,-8.042428397121204,-6.271266834446411,-0.9630453065759657,-3.0109951708770398e-05,1.0203587746351444e-06,28.0,28.0,14.0,6.0,6.0,6.0
