t_wall,t_rtde,q0,q1,q2,q3,q4,q5,dq0,dq1,dq2,dq3,dq4,dq5,target_q0,target_q1,target_q2,target_q3,target_q4,target_q5,target_qd0,target_qd1,target_qd2,target_qd3,target_qd4,target_qd5,current0,current1,current2,current3,current4,current5,target_current0,target_current1,target_current2,target_current3,target_current4,target_current5,target_moment0,target_moment1,target_moment2,target_moment3,target_moment4,target_moment5,temp0,temp1,temp2,temp3,temp4,temp5,tcp_x,tcp_y,tcp_z,tcp_rx,tcp_ry,tcp_rz,tcp_vx,tcp_vy,tcp_vz,tcp_wx,tcp_wy,tcp_wz,tcp_t_vx,tcp_t_vy,tcp_t_vz,tcp_t_wx,tcp_t_wy,tcp_t_wz,robot_status,robot_mode,safety_mode,safety_status_bits,runtime_state,speed_scaling,speed_scaling_combined,momentum,target_speed_fraction,payload,ft_wrench0,ft_wrench1,ft_wrench2,ft_wrench3,ft_wrench4,ft_wrench5,execution_time,joint_voltage0,joint_voltage1,joint_voltage2,joint_voltage3,joint_voltage4,joint_voltage5,main_voltage,robot_current,robot_voltage,din_bits,dout_bits
0.000019,1160.704,-0.3270214239703577,-1.4200227896319788,1.2360506057739258,-1.3861048857318323,-1.5709903875934046,2.7379846572875977,0.0,0.0,-0.0,0.0,0.0,0.0,-0.3269999921321869,-1.4199999570846558,1.2359999418258667,-1.3860000371932983,-1.5709999799728394,2.73799991607666,0.0,0.0,0.0,0.0,0.0,0.0,0.0269165076315403,-1.0721741914749146,-0.6191667318344116,-0.204775869846344,0.06602063775062561,0.01342792622745037,-1.6247398572220953e-17,-1.0687898256887804,-1.1894663183301544,-0.4440940167833153,-5.2832411492621246e-05,0.0,-1.8685101751901281e-16,-12.025484868222945,-9.938868412204133,-1.879681580772009,-0.0002231161185564005,0.0,36.88993835449219,38.64998245239258,39.42998123168945,42.90981674194336,44.019981384277344,44.98812484741211,-0.34993092004328347,0.0001651347241575519,0.22437538168441645,-2.30302818617011,2.1307124584535067,0.000607665587235723,0.0,0.0,0.0,0.0,0.0,0.0,0.0,0.0,0.0,0.0,0.0,0.0,3.0,7.0,1.0,1.0,2.0,1.0,0.24,0.0,0.24,1.0,nan,nan,nan,nan,nan,nan,0.43445999999999996,47.18000030517578,47.073001861572266,46.95199966430664,46.875999450683594,46.99700164794922,46.93600082397461,47.21864318847656,0.6803395748138428,47.21864318847656,0.0,0.0
0.008210,1160.712,-0.327033821736471,-1.420046631489889,1.2360386848449707,-1.386092487965719,-1.5709779898272913,2.738020658493042,0.0,0.0,-0.0,0.0,0.0,0.0,-0.3269999921321869,-1.4199999570846558,1.2359999418258667,-1.3860000371932983,-1.5709999799728394,2.73799991607666,0.0,0.0,0.0,0.0,0.0,0.0,0.0314025916159153,-1.092361569404602,-0.6100164651870728,-0.2014188915491104,0.07497258484363556,0.04028377681970596,-1.6247398572220953e-17,-1.0687898256887804,-1.1894663183301544,-0.4440940167833153,-5.2832411492621246e-05,0.0,-1.8685101751901281e-16,-12.025484868222945,-9.938868412204133,-1.879681580772009,-0.0002231161185564005,0.0,36.88993835449219,38.64998245239258,39.42998123168945,42.90983581542969,44.019981384277344,44.98812484741211,-0.3499295741003059,0.00016630024666250035,0.22438573618718047,-2.302991842566366,2.1307824059938274,0.0006332846720802623,0.0,0.0,0.0,0.0,0.0,0.0,0.0,0.0,0.0,0.0,0.0,0.0,3.0,7.0,1.0,1.0,2.0,1.0,0.24,0.0,0.24,1.0,nan,nan,nan,nan,nan,nan,0.43764,47.18000030517578,47.073001861572266,46.95199966430664,46.86000061035156,46.99700164794922,46.93600082397461,47.21864318847656,0.6803395748138428,47.21864318847656,0.0,0.0
0.016360,1160.72,-0.327033821736471,-1.4200108687030237,1.2360386848449707,-1.3861048857318323,-1.5709660688983362,2.738020658493042,0.0,0.0,-0.0,0.0,0.0,0.0,-0.3269999921321869,-1.4199999570846558,1.2359999418258667,-1.3860000371932983,-1.5709999799728394,2.73799991607666,0.0,0.0,0.0,0.0,0.0,0.0,0.02243042178452015,-1.0811463594436646,-0.642042338848114,-0.20925185084342957,0.0682586282491684,0.02685585245490074,-1.6247398572220953e-17,-1.0687898256887804,-1.1894663183301544,-0.4440940167833153,-5.2832411492621246e-05,0.0,-1.8685101751901281e-16,-12.025484868222945,-9.938868412204133,-1.879681580772009,-0.0002231161185564005,0.0,36.88993835449219,38.64998245239258,39.42998123168945,42.90983581542969,44.019981384277344,44.98812484741211,-0.3499352542734333,0.00016562087308906633,0.22437492642072965,-2.302992920026254,2.1307832803507303,0.0005921643333935646,0.0,0.0,0.0,0.0,0.0,0.0,0.0,0.0,0.0,0.0,0.0,0.0,3.0,7.0,1.0,1.0,2.0,1.0,0.24,0.0,0.24,1.0,nan,nan,nan,nan,nan,nan,0.426192,47.18000030517578,47.073001861572266,46.95199966430664,46.86000061035156,46.99700164794922,46.93600082397461,47.21864318847656,0.6803395748138428,47.21864318847656,0.0,0.0
0.024530,1160.7279999999998,-0.3269856611834925,-1.4200347105609339,1.2360749244689941,-1.3861048857318323,-1.5709903875934046,2.738020658493042,0.0,0.0,-0.0,0.0,0.0,0.0,-0.3269999921321869,-1.4199999570846558,1.2359999418258667,-1.3860000371932983,-1.5709999799728394,2.73799991607666,0.0,0.0,0.0,0.0,0.0,0.0,0.02243042178452015,-1.0990906953811646,-0.6039162874221802,-0.21596580743789673,0.07497258484363556,0.03245082125067711,-1.6247398572220953e-17,-1.0687898256887804,-1.1894663183301544,-0.4440940167833153,-5.2832411492621246e-05,0.0,-1.8685101751901281e-16,-12.025484868222945,-9.938868412204133,-1.879681580772009,-0.0002231161185564005,0.0,36.88993835449219,38.64998245239258,39.42998123168945,42.90983581542969,44.019981384277344,44.98812484741211,-0.34992622304135657,0.00015102664468178014,0.2243721609551292,-2.3030242575043807,2.1307092794502256,0.0005901398862552385,0.0,0.0,0.0,0.0,0.0,0.0,0.0,0.0,0.0,0.0,0.0,0.0,3.0,7.0,1.0,1.0,2.0,1.0,0.24,0.0,0.24,1.0,nan,nan,nan,nan,nan,nan,0.425916,47.18000030517578,47.073001861572266,46.95199966430664,46.86000061035156,46.99700164794922,46.93600082397461,47.21864318847656,0.6087239384651184,47.21864318847656,0.0,0.0
0.032659,1160.7359999999999,-0.32700950304140264,-1.420058552418844,1.2360625267028809,-1.3861168066607874,-1.5709660688983362,2.738032579421997,0.0,0.0,-0.0,0.0,0.0,0.0,-0.3269999921321869,-1.4199999570846558,1.2359999418258667,-1.3860000371932983,-1.5709999799728394,2.73799991607666,0.0,0.0,0.0,0.0,0.0,0.0,0.02467346377670765,-1.1035767793655396,-0.623741865158081,-0.2025378942489624,0.07273460179567337,0.03021283447742462,-1.6247398572220953e-17,-1.0687898256887804,-1.1894663183301544,-0.4440940167833153,-5.2832411492621246e-05,0.0,-1.8685101751901281e-16,-12.025484868222945,-9.938868412204133,-1.879681580772009,-0.0002231161185564005,0.0,36.88993835449219,38.64998245239258,39.42998123168945,42.90983581542969,44.019981384277344,44.98812484741211,-0.3499305232233524,0.00015548678690473764,0.22438471711315985,-2.303016837313865,2.1307788897966473,0.0006435141907382427,0.0,0.0,0.0,0.0,0.0,0.0,0.0,0.0,0.0,0.0,0.0,0.0,3.0,7.0,1.0,1.0,2.0,1.0,0.24,0.0,0.24,1.0,nan,nan,nan,nan,nan,nan,0.426636,47.18000030517578,47.073001861572266,46.95199966430664,46.86000061035156,46.99700164794922,46.93600082397461,47.21864318847656,0.7877604365348816,47.21864318847656,0.0,0.0
0.040848,1160.744,-0.32700950304140264,-1.4200347105609339,1.2360506057739258,-1.3861168066607874,-1.5709660688983362,2.738044500350952,0.0,0.0,-0.0,0.0,0.0,0.0,-0.3269999921321869,-1.4199999570846558,1.2359999418258667,-1.3860000371932983,-1.5709999799728394,2.73799991607666,0.0,0.0,0.0,0.0,0.0,0.0,0.0314025916159153,-1.0901185274124146,-0.6206917762756348,-0.20701386034488678,0.08056755363941193,0.04699774086475372,-1.6247398572220953e-17,-1.0687898256887804,-1.1894663183301544,-0.4440940167833153,-5.2832411492621246e-05,0.0,-1.8685101751901281e-16,-12.025484868222945,-9.938868412204133,-1.879681580772009,-0.0002231161185564005,0.0,36.88993835449219,38.64998245239258,39.42998123168945,42.90983581542969,44.019981384277344,44.988311767578125,-0.3499340623613768,0.00015669245598910758,0.22438032929593912,-2.3030005845496784,2.130789318799044,0.0006264699068349168,0.0,0.0,0.0,0.0,0.0,0.0,0.0,0.0,0.0,0.0,0.0,0.0,3.0,7.0,1.0,1.0,2.0,1.0,0.24,0.0,0.24,1.0,nan,nan,nan,nan,nan,nan,0.428088,47.18000030517578,47.073001861572266,46.95199966430664,46.86000061035156,46.99700164794922,46.93600082397461,47.21864318847656,0.6803395748138428,47.21864318847656,0.0,0.0
0.049001,1160.752,-0.3270214239703577,-1.420058552418844,1.2360506057739258,-1.3861287275897425,-1.5709541479693812,2.738044500350952,0.0,0.0,-0.0,0.0,0.0,0.0,-0.3269999921321869,-1.4199999570846558,1.2359999418258667,-1.3860000371932983,-1.5709999799728394,2.73799991607666,0.0,0.0,0.0,0.0,0.0,0.0,0.0269165076315403,-1.0676881074905396,-0.6084914207458496,-0.2215607762336731,0.06602063775062561,0.041402772068977356,-1.6247398572220953e-17,-1.0687898256887804,-1.1894663183301544,-0.4440940167833153,-5.2832411492621246e-05,0.0,-1.8685101751901281e-16,-12.025484868222945,-9.938868412204133,-1.879681580772009,-0.0002231161185564005,0.0,36.88994598388672,38.64998245239258,39.42998123168945,42.90983581542969,44.019981384277344,44.988311767578125,-0.34993556041646146,0.0001587473161049005,0.22438923886266365,-2.303006567300726,2.130820335375276,0.0006700258468951083,0.0,0.0,0.0,0.0,0.0,0.0,0.0,0.0,0.0,0.0,0.0,0.0,3.0,7.0,1.0,1.0,2.0,1.0,0.24,0.0,0.24,1.0,nan,nan,nan,nan,nan,nan,0.42468,47.16400146484375,47.073001861572266,46.92100143432617,46.86000061035156,46.99700164794922,46.93600082397461,47.21864318847656,0.6803395748138428,47.21864318847656,0.0,0.0
0.057123,1160.76,-0.3270214239703577,-1.4200227896319788,1.2360506057739258,-1.3861168066607874,-1.5709541479693812,2.738020658493042,0.0,0.0,-0.0,0.0,0.0,0.0,-0.3269999921321869,-1.4199999570846558,1.2359999418258667,-1.3860000371932983,-1.5709999799728394,2.73799991607666,0.0,0.0,0.0,0.0,0.0,0.0,0.0291595496237278,-1.1080628633499146,-0.623741865158081,-0.2025378942489624,0.07049661129713058,0.0335698164999485,-1.6247398572220953e-17,-1.0687898256887804,-1.1894663183301544,-0.4440940167833153,-5.2832411492621246e-05,0.0,-1.8685101751901281e-16,-12.025484868222945,-9.938868412204133,-1.879681580772009,-0.0002231161185564005,0.0,36.88994598388672,38.64998245239258,39.42998123168945,42.90983581542969,44.019981384277344,44.988311767578125,-0.3499356691110046,0.0001588035467492004,0.2243763678958684,-2.303017718342714,2.130779667967933,0.0006016418492604177,0.0,0.0,0.0,0.0,0.0,0.0,0.0,0.0,0.0,0.0,0.0,0.0,3.0,7.0,1.0,1.0,2.0,1.0,0.24,0.0,0.24,1.0,nan,nan,nan,nan,nan,nan,0.422952,47.16400146484375,47.073001861572266,46.92100143432617,46.86000061035156,46.99700164794922,46.93600082397461,47.21864318847656,0.6445291042327881,47.21864318847656,0.0,0.0
0.065243,1160.768,-0.3270214239703577,-1.4200347105609339,1.2360386848449707,-1.386092487965719,-1.5709541479693812,2.738032579421997,0.0,0.0,-0.0,0.0,0.0,0.0,-0.3269999921321869,-1.4199999570846558,1.2359999418258667,-1.3860000371932983,-1.5709999799728394,2.73799991607666,0.0,0.0,0.0,0.0,0.0,0.0,0.0291595496237278,-1.119278073310852,-0.6145915985107422,-0.21708481013774872,0.07609158009290695,0.05930667370557785,-1.6247398572220953e-17,-1.0687898256887804,-1.1894663183301544,-0.4440940167833153,-5.2832411492621246e-05,0.0,-1.8685101751901281e-16,-12.025484868222945,-9.938868412204133,-1.879681580772009,-0.0002231161185564005,0.0,36.88994598388672,38.64998245239258,39.42998123168945,42.90983581542969,44.019981384277344,44.988311767578125,-0.34993197623197564,0.00015755989319415117,0.22438176538221039,-2.3030047815536556,2.1307933318460566,0.0006010138142895444,0.0,0.0,0.0,0.0,0.0,0.0,0.0,0.0,0.0,0.0,0.0,0.0,3.0,7.0,1.0,1.0,2.0,1.0,0.24,0.0,0.24,1.0,nan,nan,nan,nan,nan,nan,0.42397199999999996,47.16400146484375,47.073001861572266,46.92100143432617,46.86000061035156,46.99700164794922,46.93600082397461,47.21864318847656,0.6803395748138428,47.21864318847656,0.0,0.0
0.073460,1160.7759999999998,-0.327033821736471,-1.4200347105609339,1.2360506057739258,-1.386080567036764,-1.5709660688983362,2.7379965782165527,0.0,0.0,-0.0,0.0,0.0,0.0,-0.3269999921321869,-1.4199999570846558,1.2359999418258667,-1.3860000371932983,-1.5709999799728394,2.73799991607666,0.0,0.0,0.0,0.0,0.0,0.0,0.0291595496237278,-1.051986813545227,-0.6176416873931885,-0.20701386034488678,0.07049661129713058,0.02685585245490074,-1.6247398572220953e-17,-1.0687898256887804,-1.1894663183301544,-0.4440940167833153,-5.2832411492621246e-05,0.0,-1.8685101751901281e-16,-12.025484868222945,-9.938868412204133,-1.879681580772009,-0.0002231161185564005,0.0,36.88994598388672,38.64998245239258,39.42998123168945,42.90983581542969,44.019981384277344,44.988311767578125,-0.34992693504825956,0.0001628091319017273,0.22437724386528518,-2.3030147906251477,2.1307521542621326,0.0005743476707664338,0.0,0.0,0.0,0.0,0.0,0.0,0.0,0.0,0.0,0.0,0.0,0.0,3.0,7.0,1.0,1.0,2.0,1.0,0.24,0.0,0.24,1.0,nan,nan,nan,nan,nan,nan,0.435444,47.16400146484375,47.05799865722656,46.92100143432617,46.86000061035156,46.99700164794922,46.93600082397461,47.21864318847656,0.7877604365348816,47.21864318847656,0.0,0.0
0.081585,1160.7839999999999,-0.32700950304140264,-1.4200704733477991,1.2360625267028809,-1.386092487965719,-1.5709541479693812,2.738044500350952,0.0,0.0,-0.0,0.0,0.0,0.0,-0.3269999921321869,-1.4199999570846558,1.2359999418258667,-1.3860000371932983,-1.5709999799728394,2.73799991607666,0.0,0.0,0.0,0.0,0.0,0.0,0.0269165076315403,-1.105819821357727,-0.613066554069519,-0.204775869846344,0.06937761604785919,0.03580780327320099,-1.6247398572220953e-17,-1.0687898256887804,-1.1894663183301544,-0.4440940167833153,-5.2832411492621246e-05,0.0,-1.8685101751901281e-16,-12.025484868222945,-9.938868412204133,-1.879681580772009,-0.0002231161185564005,0.0,36.88994598388672,38.64998245239258,39.42998123168945,42.90985107421875,44.019981384277344,44.988311767578125,-0.3499257170854637,0.00015125817198927296,0.22438658897814223,-2.303008342879406,2.1307966245243923,0.0006181748846338724,0.0,0.0,0.0,0.0,0.0,0.0,0.0,0.0,0.0,0.0,0.0,0.0,3.0,7.0,1.0,1.0,2.0,1.0,0.24,0.0,0.24,1.0,nan,nan,nan,nan,nan,nan,0.428592,47.16400146484375,47.05799865722656,46.92100143432617,46.875999450683594,46.99700164794922,46.93600082397461,47.21864318847656,0.7161448001861572,47.21864318847656,0.0,0.0
0.089675,1160.792,-0.32705766359438115,-1.4199984709369105,1.2360987663269043,-1.3860686461078089,-1.5709660688983362,2.7379846572875977,0.0,0.0,-0.0,0.0,0.0,0.0,-0.3269999921321869,-1.4199999570846558,1.2359999418258667,-1.3860000371932983,-1.5709999799728394,2.73799991607666,0.0,0.0,0.0,0.0,0.0,0.0,0.0269165076315403,-1.0138550996780396,-0.623741865158081,-0.2193228006362915,0.05259270966053009,0.04587874934077263,-1.6247398572220953e-17,-1.0687898256887804,-1.1894663183301544,-0.4440940167833153,-5.2832411492621246e-05,0.0,-1.8685101751901281e-16,-12.025484868222945,-9.938868412204133,-1.879681580772009,-0.0002231161185564005,0.0,36.88994598388672,38.64998245239258,39.42998123168945,42.90985107421875,44.019981384277344,44.988311767578125,-0.3499193766790742,0.00016861932027318255,0.22435001133386223,-2.3029733676512487,2.1307391209898587,0.0004362534270161181,0.0,0.0,0.0,0.0,0.0,0.0,0.0,0.0,0.0,0.0,0.0,0.0,3.0,7.0,1.0,1.0,2.0,1.0,0.24,0.0,0.24,1.0,nan,nan,nan,nan,nan,nan,0.431328,47.16400146484375,47.05799865722656,46.92100143432617,46.875999450683594,46.99700164794922,46.93600082397461,47.21864318847656,0.6087239384651184,47.21864318847656,0.0,0.0
0.097801,1160.8,-0.3270457426654261,-1.420046631489889,1.2360868453979492,-1.3861168066607874,-1.570942227040426,2.738032579421997,0.0,0.0,-0.0,0.0,0.0,0.0,-0.3269999921321869,-1.4199999570846558,1.2359999418258667,-1.3860000371932983,-1.5709999799728394,2.73799991607666,0.0,0.0,0.0,0.0,0.0,0.0,0.0269165076315403,-1.1529237031936646,-0.6344171166419983,-0.21820379793643951,0.07049661129713058,0.03245082125067711,-1.6247398572220953e-17,-1.0687898256887804,-1.1894663183301544,-0.4440940167833153,-5.2832411492621246e-05,0.0,-1.8685101751901281e-16,-12.025484868222945,-9.938868412204133,-1.879681580772009,-0.0002231161185564005,0.0,36.88994598388672,38.64998245239258,39.42998123168945,42.90985107421875,44.019981384277344,44.988311767578125,-0.3499290322167867,0.00016245348261889478,0.22437357362713023,-2.302983414475538,2.1308253143642655,0.0005762139506088081,0.0,0.0,0.0,0.0,0.0,0.0,0.0,0.0,0.0,0.0,0.0,0.0,3.0,7.0,1.0,1.0,2.0,1.0,0.24,0.0,0.24,1.0,nan,nan,nan,nan,nan,nan,0.432336,47.16400146484375,47.05799865722656,46.92100143432617,46.875999450683594,46.99700164794922,46.93600082397461,47.21864318847656,0.6445291042327881,47.21864318847656,0.0,0.0
0.105972,1160.808,-0.327033821736471,-1.4200227896319788,1.2360625267028809,-1.3860686461078089,-1.5709779898272913,2.7379846572875977,0.0,0.0,-0.0,0.0,0.0,0.0,-0.3269999921321869,-1.4199999570846558,1.2359999418258667,-1.3860000371932983,-1.5709999799728394,2.73799991607666,0.0,0.0,0.0,0.0,0.0,0.0,0.0269165076315403,-1.056472897529602,-0.6100164651870728,-0.21037083864212036,0.067139632999897,0.05930667370557785,-1.6247398572220953e-17,-1.0687898256887804,-1.1894663183301544,-0.4440940167833153,-5.2832411492621246e-05,0.0,-1.8685101751901281e-16,-12.025484868222945,-9.938868412204133,-1.879681580772009,-0.0002231161185564005,0.0,36.88994598388672,38.64998245239258,39.42998123168945,42.90985107421875,44.019981384277344,44.988311767578125,-0.34992271293105215,0.0001640010841407716,0.22436877065481556,-2.3030088079952358,2.130721123826326,0.0005307183432839959,0.0,0.0,0.0,0.0,0.0,0.0,0.0,0.0,0.0,0.0,0.0,0.0,3.0,7.0,1.0,1.0,2.0,1.0,0.24,0.0,0.24,1.0,nan,nan,nan,nan,nan,nan,0.459552,47.16400146484375,47.05799865722656,46.92100143432617,46.875999450683594,46.99700164794922,46.93600082397461,47.21864318847656,0.7519552707672119,47.21864318847656,0.0,0.0
0.114088,1160.816,-0.3269856611834925,-1.420046631489889,1.2360625267028809,-1.3861048857318323,-1.5709779898272913,2.738020658493042,0.0,0.0,-0.0,0.0,0.0,0.0,-0.3269999921321869,-1.4199999570846558,1.2359999418258667,-1.3860000371932983,-1.5709999799728394,2.73799991607666,0.0,0.0,0.0,0.0,0.0,0.0,0.0291595496237278,-1.069931149482727,-0.6008661985397339,-0.2215607762336731,0.07161560654640198,0.05594969168305397,-1.6247398572220953e-17,-1.0687898256887804,-1.1894663183301544,-0.4440940167833153,-5.2832411492621246e-05,0.0,-1.8685101751901281e-16,-12.025484868222945,-9.938868412204133,-1.879681580772009,-0.0002231161185564005,0.0,36.88994598388672,38.64998245239258,39.42998123168945,42.90985107421875,44.019981384277344,44.98847961425781,-0.3499282095809697,0.00014897938166162818,0.22437975965627627,-2.3030398049374097,2.130723728325274,0.00061703815050329,0.0,0.0,0.0,0.0,0.0,0.0,0.0,0.0,0.0,0.0,0.0,0.0,3.0,7.0,1.0,1.0,2.0,1.0,0.24,0.0,0.24,1.0,nan,nan,nan,nan,nan,nan,0.43938,47.16400146484375,47.05799865722656,46.92100143432617,46.875999450683594,46.981998443603516,46.95199966430664,47.21864318847656,0.7877604365348816,47.21864318847656,0.0,0.0
0.122214,1160.8239999999998,-0.3269737402545374,-1.420058552418844,1.2360506057739258,-1.3860686461078089,-1.5709903875934046,2.738020658493042,0.0,0.0,-0.0,0.0,0.0,0.0,-0.3269999921321869,-1.4199999570846558,1.2359999418258667,-1.3860000371932983,-1.5709999799728394,2.73799991607666,0.0,0.0,0.0,0.0,0.0,0.0,0.02467346377670765,-1.1035767793655396,-0.6267919540405273,-0.21148984134197235,0.07609158009290695,0.04364075884222984,-1.6247398572220953e-17,-1.0687898256887804,-1.1894663183301544,-0.4440940167833153,-5.2832411492621246e-05,0.0,-1.8685101751901281e-16,-12.025484868222945,-9.938868412204133,-1.879681580772009,-0.0002231161185564005,0.0,36.889949798583984,38.64998245239258,39.42998123168945,42.90985107421875,44.019981384277344,44.98847961425781,-0.3499213521234554,0.0001452125781262742,0.2243841519801344,-2.303040364559363,2.1306989702719252,0.0006072813141138504,0.0,0.0,0.0,0.0,0.0,0.0,0.0,0.0,0.0,0.0,0.0,0.0,3.0,7.0,1.0,1.0,2.0,1.0,0.24,0.0,0.24,1.0,nan,nan,nan,nan,nan,nan,0.428772,47.16400146484375,47.05799865722656,46.95199966430664,46.875999450683594,46.981998443603516,46.95199966430664,47.21864318847656,0.5729187726974487,47.21864318847656,0.0,0.0
0.130337,1160.8319999999999,-0.32699758211244756,-1.420046631489889,1.2360386848449707,-1.3861168066607874,-1.5710023085223597,2.738032579421997,0.0,0.0,-0.0,0.0,0.0,0.0,-0.3269999921321869,-1.4199999570846558,1.2359999418258667,-1.3860000371932983,-1.5709999799728394,2.73799991607666,0.0,0.0,0.0,0.0,0.0,0.0,0.0291595496237278,-1.092361569404602,-0.623741865158081,-0.2025378942489624,0.07385359704494476,0.0839245393872261,-1.6247398572220953e-17,-1.0687898256887804,-1.1894663183301544,-0.4440940167833153,-5.2832411492621246e-05,0.0,-1.8685101751901281e-16,-12.025484868222945,-9.938868412204133,-1.879681580772009,-0.0002231161185564005,0.0,36.889949798583984,38.64998245239258,39.42998123168945,42.90985107421875,44.019981384277344,44.98847961425781,-0.3499327457444377,0.00016000160620607823,0.22438782619576142,-2.303008795229039,2.1307460273265706,0.0006838350227084826,0.0,0.0,0.0,0.0,0.0,0.0,0.0,0.0,0.0,0.0,0.0,0.0,3.0,7.0,1.0,1.0,2.0,1.0,0.24,0.0,0.24,1.0,nan,nan,nan,nan,nan,nan,0.431424,47.16400146484375,47.05799865722656,46.95199966430664,46.875999450683594,46.981998443603516,46.95199966430664,47.21864318847656,0.6087239384651184,47.21864318847656,0.0,0.0
0.138484,1160.84,-0.32700950304140264,-1.4200704733477991,1.2360749244689941,-1.386080567036764,-1.5709660688983362,2.738008499145508,0.0,0.0,-0.0,0.0,0.0,0.0,-0.3269999921321869,-1.4199999570846558,1.2359999418258667,-1.3860000371932983,-1.5709999799728394,2.73799991607666,0.0,0.0,0.0,0.0,0.0,0.0,0.0291595496237278,-1.0946046113967896,-0.6206917762756348,-0.21820379793643951,0.06602063775062561,0.038045790046453476,-1.6247398572220953e-17,-1.0687898256887804,-1.1894663183301544,-0.4440940167833153,-5.2832411492621246e-05,0.0,-1.8685101751901281e-16,-12.025484868222945,-9.938868412204133,-1.879681580772009,-0.0002231161185564005,0.0,36.889949798583984,38.64998245239258,39.42998123168945,42.90985107421875,44.019981384277344,44.98847961425781,-0.3499206017730558,0.00015214344004144023,0.22438192676757612,-2.3030314197796193,2.1307410393702084,0.0005908657335217224,0.0,0.0,0.0,0.0,0.0,0.0,0.0,0.0,0.0,0.0,0.0,0.0,3.0,7.0,1.0,1.0,2.0,1.0,0.24,0.0,0.24,1.0,nan,nan,nan,nan,nan,nan,0.429516,47.16400146484375,47.05799865722656,46.95199966430664,46.875999450683594,46.981998443603516,46.95199966430664,47.21864318847656,0.7161448001861572,47.21864318847656,0.0,0.0
0.146616,1160.848,-0.3270214239703577,-1.4200108687030237,1.2360749244689941,-1.3861168066607874,-1.5709660688983362,2.738020658493042,0.0,0.0,-0.0,0.0,0.0,0.0,-0.3269999921321869,-1.4199999570846558,1.2359999418258667,-1.3860000371932983,-1.5709999799728394,2.73799991607666,0.0,0.0,0.0,0.0,0.0,0.0,0.02467346377670765,-1.083389401435852,-0.6222168207168579,-0.23275071382522583,0.06602063775062561,0.038045790046453476,-1.6247398572220953e-17,-1.0687898256887804,-1.1894663183301544,-0.4440940167833153,-5.2832411492621246e-05,0.0,-1.8685101751901281e-16,-12.025484868222945,-9.938868412204133,-1.879681580772009,-0.0002231161185564005,0.0,36.889949798583984,38.64998245239258,39.42998123168945,42.90985107421875,44.019981384277344,44.98847961425781,-0.3499318093949211,0.00016011358449113608,0.2243652526884673,-2.3029989437544116,2.13076219494981,0.0005573611339874583,0.0,0.0,0.0,0.0,0.0,0.0,0.0,0.0,0.0,0.0,0.0,0.0,3.0,7.0,1.0,1.0,2.0,1.0,0.24,0.0,0.24,1.0,nan,nan,nan,nan,nan,nan,0.429624,47.16400146484375,47.0880012512207,46.95199966430664,46.875999450683594,46.981998443603516,46.95199966430664,47.21864318847656,0.6803395748138428,47.21864318847656,0.0,0.0
0.154741,1160.856,-0.3270815054522913,-1.4200227896319788,1.2360749244689941,-1.3861048857318323,-1.5709541479693812,2.7380564212799072,0.0,0.0,-0.0,0.0,0.0,0.0,-0.3269999921321869,-1.4199999570846558,1.2359999418258667,-1.3860000371932983,-1.5709999799728394,2.73799991607666,0.0,0.0,0.0,0.0,0.0,0.0,0.0269165076315403,-1.0676881074905396,-0.6054413318634033,-0.22715574502944946,0.07049661129713058,0.051473718136548996,-1.6247398572220953e-17,-1.0687898256887804,-1.1894663183301544,-0.4440940167833153,-5.2832411492621246e-05,0.0,-1.8685101751901281e-16,-12.025484868222945,-9.938868412204133,-1.879681580772009,-0.0002231161185564005,0.0,36.889949798583984,38.64998245239258,39.42998123168945,42.90986633300781,44.019981384277344,44.98847961425781,-0.3499294303611942,0.00017772795577737643,0.2243681803217565,-2.3029047702904655,2.130879973686429,0.0005496585478204899,0.0,0.0,0.0,0.0,0.0,0.0,0.0,0.0,0.0,0.0,0.0,0.0,3.0,7.0,1.0,1.0,2.0,1.0,0.24,0.0,0.24,1.0,nan,nan,nan,nan,nan,nan,0.430968,47.16400146484375,47.0880012512207,46.95199966430664,46.875999450683594,46.981998443603516,46.95199966430664,47.21864318847656,0.9309917092323303,47.21864318847656,0.0,0.0
0.162863,1160.864,-0.327033821736471,-1.420046631489889,1.2360625267028809,-1.386092487965719,-1.570942227040426,2.7379965782165527,0.0,0.0,-0.0,0.0,0.0,0.0,-0.3269999921321869,-1.4199999570846558,1.2359999418258667,-1.3860000371932983,-1.5709999799728394,2.73799991607666,0.0,0.0,0.0,0.0,0.0,0.0,0.0291595496237278,-1.164138913154602,-0.6283169388771057,-0.20925185084342957,0.08280554413795471,0.04028377681970596,-1.6247398572220953e-17,-1.0687898256887804,-1.1894663183301544,-0.4440940167833153,-5.2832411492621246e-05,0.0,-1.8685101751901281e-16,-12.025484868222945,-9.938868412204133,-1.879681580772009,-0.0002231161185564005,0.0,36.889949798583984,38.64998245239258,39.42998123168945,42.90986633300781,44.019981384277344,44.98847961425781,-0.3499281393144149,0.00015798865584260534,0.22437867584886517,-2.3030343675865397,2.130770207016057,0.000576151548271324,0.0,0.0,0.0,0.0,0.0,0.0,0.0,0.0,0.0,0.0,0.0,0.0,3.0,7.0,1.0,1.0,2.0,1.0,0.24,0.0,0.24,1.0,nan,nan,nan,nan,nan,nan,0.42954000000000003,47.16400146484375,47.0880012512207,46.95199966430664,46.875999450683594,46.981998443603516,46.95199966430664,47.21864318847656,0.5729187726974487,47.21864318847656,0.0,0.0
0.171009,1160.8719999999998,-0.3270214239703577,-1.420046631489889,1.2360625267028809,-1.3860686461078089,-1.5709903875934046,2.738008499145508,0.0,0.0,-0.0,0.0,0.0,0.0,-0.3269999921321869,-1.4199999570846558,1.2359999418258667,-1.3860000371932983,-1.5709999799728394,2.73799991607666,0.0,0.0,0.0,0.0,0.0,0.0,0.0269165076315403,-1.0317994356155396,-0.6206917762756348,-0.21037083864212036,0.07944856584072113,0.05259270966053009,-1.6247398572220953e-17,-1.0687898256887804,-1.1894663183301544,-0.4440940167833153,-5.2832411492621246e-05,0.0,-1.8685101751901281e-16,-12.025484868222945,-9.938868412204133,-1.879681580772009,-0.0002231161185564005,0.0,36.889949798583984,38.64998245239258,39.42998123168945,42.90986633300781,44.019981384277344,44.98847961425781,-0.3499202575170068,0.00016153584607756796,0.22437668417580311,-2.3029954131270696,2.1307332392916227,0.0005729333382955944,0.0,0.0,0.0,0.0,0.0,0.0,0.0,0.0,0.0,0.0,0.0,0.0,3.0,7.0,1.0,1.0,2.0,1.0,0.24,0.0,0.24,1.0,nan,nan,nan,nan,nan,nan,0.432132,47.16400146484375,47.0880012512207,46.95199966430664,46.875999450683594,46.981998443603516,46.95199966430664,47.21864318847656,0.5729187726974487,47.21864318847656,0.0,0.0
0.179133,1160.8799999999999,-0.3270457426654261,-1.420046631489889,1.2360625267028809,-1.386080567036764,-1.570930306111471,2.738008499145508,0.0,0.0,-0.0,0.0,0.0,0.0,-0.3269999921321869,-1.4199999570846558,1.2359999418258667,-1.3860000371932983,-1.5709999799728394,2.73799991607666,0.0,0.0,0.0,0.0,0.0,0.0,0.0291595496237278,-1.1439515352249146,-0.6191667318344116,-0.2036568820476532,0.0850435346364975,0.05371170490980148,-1.6247398572220953e-17,-1.0687898256887804,-1.1894663183301544,-0.4440940167833153,-5.2832411492621246e-05,0.0,-1.8685101751901281e-16,-12.025484868222945,-9.938868412204133,-1.879681580772009,-0.0002231161185564005,0.0,36.889949798583984,38.64998245239258,39.42998123168945,42.90986633300781,44.019981384277344,44.98847961425781,-0.3499265856306827,0.00015903127254089362,0.22437765157174808,-2.3030133596019797,2.1308017706921087,0.0005514473684284741,0.0,0.0,0.0,0.0,0.0,0.0,0.0,0.0,0.0,0.0,0.0,0.0,3.0,7.0,1.0,1.0,2.0,1.0,0.24,0.0,0.24,1.0,nan,nan,nan,nan,nan,nan,0.43338,47.16400146484375,47.0880012512207,46.95199966430664,46.875999450683594,46.981998443603516,46.95199966430664,47.21864318847656,0.6803395748138428,47.21864318847656,0.0,0.0
0.187228,1160.888,-0.327033821736471,-1.4200227896319788,1.2360506057739258,-1.3860686461078089,-1.5709660688983362,2.738020658493042,0.0,0.0,-0.0,0.0,0.0,0.0,-0.3269999921321869,-1.4199999570846558,1.2359999418258667,-1.3860000371932983,-1.5709999799728394,2.73799991607666,0.0,0.0,0.0,0.0,0.0,0.0,0.0269165076315403,-1.1080628633499146,-0.6222168207168579,-0.21708481013774872,0.07609158009290695,0.0335698164999485,-1.6247398572220953e-17,-1.0687898256887804,-1.1894663183301544,-0.4440940167833153,-5.2832411492621246e-05,0.0,-1.8685101751901281e-16,-12.025484868222945,-9.938868412204133,-1.879681580772009,-0.0002231161185564005,0.0,36.889949798583984,38.64998245239258,39.42998123168945,42.90986633300781,44.019981384277344,44.98863220214844,-0.34992540900142444,0.00016230299308786787,0.22437227712122165,-2.3029819929776956,2.1307732942158375,0.0005402759792500938,0.0,0.0,0.0,0.0,0.0,0.0,0.0,0.0,0.0,0.0,0.0,0.0,3.0,7.0,1.0,1.0,2.0,1.0,0.24,0.0,0.24,1.0,nan,nan,nan,nan,nan,nan,0.43013999999999997,47.16400146484375,47.0880012512207,46.95199966430664,46.875999450683594,47.012001037597656,46.92100143432617,47.21864318847656,0.6087239384651184,47.21864318847656,0.0,0.0
0.195354,1160.896,-0.3270214239703577,-1.420046631489889,1.2360386848449707,-1.3861048857318323,-1.5709541479693812,2.738008499145508,0.0,0.0,-0.0,0.0,0.0,0.0,-0.3269999921321869,-1.4199999570846558,1.2359999418258667,-1.3860000371932983,-1.5709999799728394,2.73799991607666,0.0,0.0,0.0,0.0,0.0,0.0,0.02467346377670765,-1.0766602754592896,-0.602391242980957,-0.21708481013774872,0.06490164250135422,0.0335698164999485,-1.6247398572220953e-17,-1.0687898256887804,-1.1894663183301544,-0.4440940167833153,-5.2832411492621246e-05,0.0,-1.8685101751901281e-16,-12.025484868222945,-9.938868412204133,-1.879681580772009,-0.0002231161185564005,0.0,36.88995361328125,38.64998245239258,39.42998123168945,42.90986633300781,44.019981384277344,44.98863220214844,-0.3499335958603934,0.00015809744959737403,0.22438677291743966,-2.3030377227834715,2.1307723221157895,0.0006357692009352296,0.0,0.0,0.0,0.0,0.0,0.0,0.0,0.0,0.0,0.0,0.0,0.0,3.0,7.0,1.0,1.0,2.0,1.0,0.24,0.0,0.24,1.0,nan,nan,nan,nan,nan,nan,0.434004,47.19499969482422,47.0880012512207,46.95199966430664,46.875999450683594,47.012001037597656,46.92100143432617,47.21864318847656,0.6445291042327881,47.21864318847656,0.0,0.0
0.203477,1160.904,-0.3270214239703577,-1.4199984709369105,1.2360386848449707,-1.3861048857318323,-1.5709660688983362,2.7379965782165527,0.0,0.0,-0.0,0.0,0.0,0.0,-0.3269999921321869,-1.4199999570846558,1.2359999418258667,-1.3860000371932983,-1.5709999799728394,2.73799991607666,0.0,0.0,0.0,0.0,0.0,0.0,0.0314025916159153,-1.087875485420227,-0.6115415096282959,-0.21148984134197235,0.07385359704494476,0.02909383922815323,-1.6247398572220953e-17,-1.0687898256887804,-1.1894663183301544,-0.4440940167833153,-5.2832411492621246e-05,0.0,-1.8685101751901281e-16,-12.025484868222945,-9.938868412204133,-1.879681580772009,-0.0002231161185564005,0.0,36.88995361328125,38.64998245239258,39.42998123168945,42.90986633300781,44.019981384277344,44.98863220214844,-0.34993610617481885,0.00016157481386155795,0.22437081634733153,-2.3030280890356134,2.1307378321180086,0.0005743643818647637,0.0,0.0,0.0,0.0,0.0,0.0,0.0,0.0,0.0,0.0,0.0,0.0,3.0,7.0,1.0,1.0,2.0,1.0,0.24,0.0,0.24,1.0,nan,nan,nan,nan,nan,nan,0.4269,47.19499969482422,47.0880012512207,46.95199966430664,46.875999450683594,47.012001037597656,46.92100143432617,47.21864318847656,0.5729187726974487,47.21864318847656,0.0,0.0
0.211622,1160.912,-0.3270214239703577,-1.420046631489889,1.2360625267028809,-1.3861048857318323,-1.5709779898272913,2.7379965782165527,0.0,0.0,-0.0,0.0,0.0,0.0,-0.3269999921321869,-1.4199999570846558,1.2359999418258667,-1.3860000371932983,-1.5709999799728394,2.73799991607666,0.0,0.0,0.0,0.0,0.0,0.0,0.0291595496237278,-1.0587159395217896,-0.6191667318344116,-0.20589487254619598,0.07273460179567337,0.041402772068977356,-1.6247398572220953e-17,-1.0687898256887804,-1.1894663183301544,-0.4440940167833153,-5.2832411492621246e-05,0.0,-1.8685101751901281e-16,-12.025484868222945,-9.938868412204133,-1.879681580772009,-0.0002231161185564005,0.0,36.88995361328125,38.64998245239258,39.42998123168945,42.90986633300781,44.019981384277344,44.98863220214844,-0.34992820402924346,0.00016149378952150234,0.22437975965627627,-2.303027350187261,2.130737172966415,0.0006168465645182784,0.0,0.0,0.0,0.0,0.0,0.0,0.0,0.0,0.0,0.0,0.0,0.0,3.0,7.0,1.0,1.0,2.0,1.0,0.24,0.0,0.24,1.0,nan,nan,nan,nan,nan,nan,0.42842399999999997,47.19499969482422,47.0880012512207,46.95199966430664,46.875999450683594,47.012001037597656,46.92100143432617,47.21864318847656,0.6087239384651184,47.21864318847656,0.0,0.0
0.219752,1160.9199999999998,-0.32699758211244756,-1.4200108687030237,1.2360749244689941,-1.3861048857318323,-1.5709541479693812,2.738020658493042,0.0,0.0,-0.0,0.0,0.0,0.0,-0.3269999921321869,-1.4199999570846558,1.2359999418258667,-1.3860000371932983,-1.5709999799728394,2.73799991607666,0.0,0.0,0.0,0.0,0.0,0.0,0.02467346377670765,-1.092361569404602,-0.6145915985107422,-0.20701386034488678,0.067139632999897,0.05818767845630646,-1.6247398572220953e-17,-1.0687898256887804,-1.1894663183301544,-0.4440940167833153,-5.2832411492621246e-05,0.0,-1.8685101751901281e-16,-12.025484868222945,-9.938868412204133,-1.879681580772009,-0.0002231161185564005,0.0,36.88995361328125,38.64998245239258,39.42998123168945,42.90986633300781,44.019981384277344,44.98863220214844,-0.3499302611633579,0.0001486417754103198,0.2243642284114982,-2.3030287399113654,2.1307388527941753,0.0005327332812975258,0.0,0.0,0.0,0.0,0.0,0.0,0.0,0.0,0.0,0.0,0.0,0.0,3.0,7.0,1.0,1.0,2.0,1.0,0.24,0.0,0.24,1.0,nan,nan,nan,nan,nan,nan,0.51096,47.19499969482422,47.0880012512207,46.95199966430664,46.875999450683594,47.012001037597656,46.92100143432617,47.279415130615234,0.7161448001861572,47.21864318847656,0.0,0.0
0.227873,1160.9279999999999,-0.3269856611834925,-1.4200227896319788,1.2360506057739258,-1.3860686461078089,-1.5709779898272913,2.738044500350952,0.0,0.0,-0.0,0.0,0.0,0.0,-0.3269999921321869,-1.4199999570846558,1.2359999418258667,-1.3860000371932983,-1.5709999799728394,2.73799991607666,0.0,0.0,0.0,0.0,0.0,0.0,0.02243042178452015,-1.0452576875686646,-0.6328920722007751,-0.22603675723075867,0.07049661129713058,0.03692679852247238,-1.6247398572220953e-17,-1.0687898256887804,-1.1894663183301544,-0.4440940167833153,-5.2832411492621246e-05,0.0,-1.8685101751901281e-16,-12.025484868222945,-9.938868412204133,-1.879681580772009,-0.0002231161185564005,0.0,36.88995361328125,38.64998245239258,39.42998123168945,42.909881591796875,44.019981384277344,44.98863220214844,-0.34992462510293126,0.00014779200100401355,0.2243722865724474,-2.30299992230837,2.1307379089512075,0.000548142194633169,0.0,0.0,0.0,0.0,0.0,0.0,0.0,0.0,0.0,0.0,0.0,0.0,3.0,7.0,1.0,1.0,2.0,1.0,0.24,0.0,0.24,1.0,nan,nan,nan,nan,nan,nan,0.4755,47.19499969482422,47.0880012512207,46.95199966430664,46.89099884033203,47.012001037597656,46.92100143432617,47.21864318847656,0.6445291042327881,47.21864318847656,0.0,0.0
0.235997,1160.936,-0.3270214239703577,-1.4199984709369105,1.2360625267028809,-1.3860686461078089,-1.5709779898272913,2.738020658493042,0.0,0.0,-0.0,0.0,0.0,0.0,-0.3269999921321869,-1.4199999570846558,1.2359999418258667,-1.3860000371932983,-1.5709999799728394,2.73799991607666,0.0,0.0,0.0,0.0,0.0,0.0,0.0269165076315403,-1.087875485420227,-0.6084914207458496,-0.21037083864212036,0.07385359704494476,0.06042566895484924,-1.6247398572220953e-17,-1.0687898256887804,-1.1894663183301544,-0.4440940167833153,-5.2832411492621246e-05,0.0,-1.8685101751901281e-16,-12.025484868222945,-9.938868412204133,-1.879681580772009,-0.0002231161185564005,0.0,36.88995361328125,38.64998245239258,39.42998123168945,42.909881591796875,44.019981384277344,44.98863220214844,-0.34992438181256597,0.00016023622845804492,0.22436070887874388,-2.302976424346807,2.1307415560113228,0.0004960329595768965,0.0,0.0,0.0,0.0,0.0,0.0,0.0,0.0,0.0,0.0,0.0,0.0,3.0,7.0,1.0,1.0,2.0,1.0,0.24,0.0,0.24,1.0,nan,nan,nan,nan,nan,nan,0.441456,47.19499969482422,47.0880012512207,46.95199966430664,46.89099884033203,47.012001037597656,46.92100143432617,47.21864318847656,0.537108302116394,47.21864318847656,0.0,0.0
0.244133,1160.944,-0.3270457426654261,-1.420058552418844,1.2360625267028809,-1.386092487965719,-1.5709903875934046,2.738020658493042,0.0,0.0,-0.0,0.0,0.0,0.0,-0.3269999921321869,-1.4199999570846558,1.2359999418258667,-1.3860000371932983,-1.5709999799728394,2.73799991607666,0.0,0.0,0.0,0.0,0.0,0.0,0.0291595496237278,-1.0721741914749146,-0.6176416873931885,-0.2036568820476532,0.08056755363941193,0.03580780327320099,-1.6247398572220953e-17,-1.0687898256887804,-1.1894663183301544,-0.4440940167833153,-5.2832411492621246e-05,0.0,-1.8685101751901281e-16,-12.025484868222945,-9.938868412204133,-1.879681580772009,-0.0002231161185564005,0.0,36.88995361328125,38.64998245239258,39.42998123168945,42.909881591796875,44.019981384277344,44.98863220214844,-0.34992412267906514,0.00017133887217864532,0.22438266584849537,-2.3029672893137105,2.1307851149117134,0.0006241124757173432,0.0,0.0,0.0,0.0,0.0,0.0,0.0,0.0,0.0,0.0,0.0,0.0,3.0,7.0,1.0,1.0,2.0,1.0,0.24,0.0,0.24,1.0,nan,nan,nan,nan,nan,nan,0.43812,47.19499969482422,47.0880012512207,46.95199966430664,46.89099884033203,47.012001037597656,46.92100143432617,47.21864318847656,0.7877604365348816,47.21864318847656,0.0,0.0
0.252255,1160.952,-0.3270214239703577,-1.4200227896319788,1.2360506057739258,-1.386080567036764,-1.5709541479693812,2.7379965782165527,0.0,0.0,-0.0,0.0,0.0,0.0,-0.3269999921321869,-1.4199999570846558,1.2359999418258667,-1.3860000371932983,-1.5709999799728394,2.73799991607666,0.0,0.0,0.0,0.0,0.0,0.0,0.0358886756002903,-1.0587159395217896,-0.631367027759552,-0.21260882914066315,0.08280554413795471,0.022379877045750618,-1.6247398572220953e-17,-1.0687898256887804,-1.1894663183301544,-0.4440940167833153,-5.2832411492621246e-05,0.0,-1.8685101751901281e-16,-12.025484868222945,-9.938868412204133,-1.879681580772009,-0.0002231161185564005,0.0,36.88995361328125,38.64998245239258,39.42998123168945,42.909881591796875,44.019981384277344,44.98863220214844,-0.3499285456474497,0.00015641035937825535,0.22437328255477065,-2.303032438747045,2.1307419606777707,0.0005496734788155451,0.0,0.0,0.0,0.0,0.0,0.0,0.0,0.0,0.0,0.0,0.0,0.0,3.0,7.0,1.0,1.0,2.0,1.0,0.24,0.0,0.24,1.0,nan,nan,nan,nan,nan,nan,0.43056,47.19499969482422,47.0880012512207,46.95199966430664,46.89099884033203,47.012001037597656,46.92100143432617,47.21864318847656,0.5729187726974487,47.21864318847656,0.0,0.0
0.260380,1160.96,-0.32699758211244756,-1.4200347105609339,1.2360868453979492,-1.386092487965719,-1.5709779898272913,2.7379846572875977,0.0,0.0,-0.0,0.0,0.0,0.0,-0.3269999921321869,-1.4199999570846558,1.2359999418258667,-1.3860000371932983,-1.5709999799728394,2.73799991607666,0.0,0.0,0.0,0.0,0.0,0.0,0.0314025916159153,-1.087875485420227,-0.613066554069519,-0.2204417884349823,0.07273460179567337,0.04252176731824875,-1.6247398572220953e-17,-1.0687898256887804,-1.1894663183301544,-0.4440940167833153,-5.2832411492621246e-05,0.0,-1.8685101751901281e-16,-12.025484868222945,-9.938868412204133,-1.879681580772009,-0.0002231161185564005,0.0,36.88995361328125,38.64998245239258,39.42998123168945,42.909881591796875,44.019981384277344,44.98876953125,-0.3499227025103117,0.00015130074124001164,0.2243675796634513,-2.3030509269630732,2.130682497963987,0.0005472172935904686,0.0,0.0,0.0,0.0,0.0,0.0,0.0,0.0,0.0,0.0,0.0,0.0,3.0,7.0,1.0,1.0,2.0,1.0,0.24,0.0,0.24,1.0,nan,nan,nan,nan,nan,nan,0.428976,47.19499969482422,47.0880012512207,46.95199966430664,46.89099884033203,46.981998443603516,46.95199966430664,47.21864318847656,0.8951812386512756,47.21864318847656,0.0,0.0
0.268508,1160.9679999999998,-0.32700950304140264,-1.4200227896319788,1.2360386848449707,-1.3861168066607874,-1.5709660688983362,2.738020658493042,0.0,0.0,-0.0,0.0,0.0,0.0,-0.3269999921321869,-1.4199999570846558,1.2359999418258667,-1.3860000371932983,-1.5709999799728394,2.73799991607666,0.0,0.0,0.0,0.0,0.0,0.0,0.0291595496237278,-1.0990906953811646,-0.6450924277305603,-0.20029990375041962,0.067139632999897,0.034688808023929596,-1.6247398572220953e-17,-1.0687898256887804,-1.1894663183301544,-0.4440940167833153,-5.2832411492621246e-05,0.0,-1.8685101751901281e-16,-12.025484868222945,-9.938868412204133,-1.879681580772009,-0.0002231161185564005,0.0,36.889957427978516,38.64998245239258,39.42998123168945,42.909881591796875,44.019981384277344,44.98876953125,-0.34993678419217733,0.00015761698366312135,0.22437989337822437,-2.3030259781643374,2.1307618716100825,0.000626390976285421,0.0,0.0,0.0,0.0,0.0,0.0,0.0,0.0,0.0,0.0,0.0,0.0,3.0,7.0,1.0,1.0,2.0,1.0,0.24,0.0,0.24,1.0,nan,nan,nan,nan,nan,nan,0.43134,47.16400146484375,47.0880012512207,46.93600082397461,46.89099884033203,46.981998443603516,46.95199966430664,47.21864318847656,0.537108302116394,47.21864318847656,0.0,0.0
0.276634,1160.9759999999999,-0.3270214239703577,-1.4200227896319788,1.2360386848449707,-1.3861525694476526,-1.5709541479693812,2.738020658493042,0.0,0.0,-0.0,0.0,0.0,0.0,-0.3269999921321869,-1.4199999570846558,1.2359999418258667,-1.3860000371932983,-1.5709999799728394,2.73799991607666,0.0,0.0,0.0,0.0,0.0,0.0,0.0291595496237278,-1.1304932832717896,-0.613066554069519,-0.19246694445610046,0.054830700159072876,0.044759754091501236,-1.6247398572220953e-17,-1.0687898256887804,-1.1894663183301544,-0.4440940167833153,-5.2832411492621246e-05,0.0,-1.8685101751901281e-16,-12.025484868222945,-9.938868412204133,-1.879681580772009,-0.0002231161185564005,0.0,36.889957427978516,38.64998245239258,39.42998123168945,42.909881591796875,44.019981384277344,44.98876953125,-0.34994460327738336,0.00016180862450697933,0.2243829290563608,-2.3030320514734384,2.1307928314104347,0.0006699277094670631,0.0,0.0,0.0,0.0,0.0,0.0,0.0,0.0,0.0,0.0,0.0,0.0,3.0,7.0,1.0,1.0,2.0,1.0,0.24,0.0,0.24,1.0,nan,nan,nan,nan,nan,nan,0.42853199999999997,47.16400146484375,47.0880012512207,46.93600082397461,46.89099884033203,46.981998443603516,46.95199966430664,47.21864318847656,0.6803395748138428,47.21864318847656,0.0,0.0
0.284755,1160.984,-0.32705766359438115,-1.4200823942767542,1.2360749244689941,-1.3861048857318323,-1.5709779898272913,2.738044500350952,0.0,0.0,-0.0,0.0,0.0,0.0,-0.3269999921321869,-1.4199999570846558,1.2359999418258667,-1.3860000371932983,-1.5709999799728394,2.73799991607666,0.0,0.0,0.0,0.0,0.0,0.0,0.0269165076315403,-1.051986813545227,-0.6267919540405273,-0.20813286304473877,0.0682586282491684,0.067139632999897,-1.6247398572220953e-17,-1.0687898256887804,-1.1894663183301544,-0.4440940167833153,-5.2832411492621246e-05,0.0,-1.8685101751901281e-16,-12.025484868222945,-9.938868412204133,-1.879681580772009,-0.0002231161185564005,0.0,36.889957427978516,38.64998245239258,39.42998123168945,42.909881591796875,44.019981384277344,44.98876953125,-0.34992376536327646,0.0001726622864530462,0.22438795859167543,-2.3029446484329883,2.1308405626673474,0.0006503627354411993,0.0,0.0,0.0,0.0,0.0,0.0,0.0,0.0,0.0,0.0,0.0,0.0,3.0,7.0,1.0,1.0,2.0,1.0,0.24,0.0,0.24,1.0,nan,nan,nan,nan,nan,nan,0.430908,47.16400146484375,47.0880012512207,46.93600082397461,46.89099884033203,46.981998443603516,46.95199966430664,47.21864318847656,0.6803395748138428,47.21864318847656,0.0,0.0
0.292880,1160.992,-0.327033821736471,-1.420046631489889,1.2360267639160156,-1.3860686461078089,-1.5709660688983362,2.738044500350952,0.0,0.0,-0.0,0.0,0.0,0.0,-0.3269999921321869,-1.4199999570846558,1.2359999418258667,-1.3860000371932983,-1.5709999799728394,2.73799991607666,0.0,0.0,0.0,0.0,0.0,0.0,0.0269165076315403,-1.0632020235061646,-0.6283169388771057,-0.2204417884349823,0.067139632999897,0.0682586282491684,-1.6247398572220953e-17,-1.0687898256887804,-1.1894663183301544,-0.4440940167833153,-5.2832411492621246e-05,0.0,-1.8685101751901281e-16,-12.025484868222945,-9.938868412204133,-1.879681580772009,-0.0002231161185564005,0.0,36.889957427978516,38.64998245239258,39.42998123168945,42.909881591796875,44.019981384277344,44.98876953125,-0.34992758357658876,0.00016302758976281958,0.22438721283248975,-2.3029707893982767,2.1308140104461506,0.0006086637414912826,0.0,0.0,0.0,0.0,0.0,0.0,0.0,0.0,0.0,0.0,0.0,0.0,3.0,7.0,1.0,1.0,2.0,1.0,0.24,0.0,0.24,1.0,nan,nan,nan,nan,nan,nan,0.432384,47.16400146484375,47.05799865722656,46.93600082397461,46.89099884033203,46.981998443603516,46.95199966430664,47.21864318847656,0.6803395748138428,47.21864318847656,0.0,0.0
0.301009,1161.0,-0.32700950304140264,-1.420046631489889,1.2360868453979492,-1.386080567036764,-1.5709779898272913,2.738008499145508,0.0,0.0,-0.0,0.0,0.0,0.0,-0.3269999921321869,-1.4199999570846558,1.2359999418258667,-1.3860000371932983,-1.5709999799728394,2.73799991607666,0.0,0.0,0.0,0.0,0.0,0.0,0.02467346377670765,-1.092361569404602,-0.6206917762756348,-0.22827474772930145,0.06937761604785919,0.04923573136329651,-1.6247398572220953e-17,-1.0687898256887804,-1.1894663183301544,-0.4440940167833153,-5.2832411492621246e-05,0.0,-1.8685101751901281e-16,-12.025484868222945,-9.938868412204133,-1.879681580772009,-0.0002231161185564005,0.0,36.889957427978516,38.64998245239258,39.42998123168945,42.90989303588867,44.019981384277344,44.98876953125,-0.3499195402508387,0.00015440384293541413,0.2243705166444393,-2.303012783329633,2.130723709031107,0.0005472654844538441,0.0,0.0,0.0,0.0,0.0,0.0,0.0,0.0,0.0,0.0,0.0,0.0,3.0,7.0,1.0,1.0,2.0,1.0,0.24,0.0,0.24,1.0,nan,nan,nan,nan,nan,nan,0.42995999999999995,47.16400146484375,47.05799865722656,46.93600082397461,46.86000061035156,46.981998443603516,46.95199966430664,47.21864318847656,0.6803395748138428,47.21864318847656,0.0,0.0
0.309175,1161.008,-0.32700950304140264,-1.420046631489889,1.2360625267028809,-1.3861168066607874,-1.5709541479693812,2.738008499145508,0.0,0.0,-0.0,0.0,0.0,0.0,-0.3269999921321869,-1.4199999570846558,1.2359999418258667,-1.3860000371932983,-1.5709999799728394,2.73799991607666,0.0,0.0,0.0,0.0,0.0,0.0,0.0291595496237278,-1.1035767793655396,-0.6145915985107422,-0.21037083864212036,0.05594969168305397,0.019022895023226738,-1.6247398572220953e-17,-1.0687898256887804,-1.1894663183301544,-0.4440940167833153,-5.2832411492621246e-05,0.0,-1.8685101751901281e-16,-12.025484868222945,-9.938868412204133,-1.879681580772009,-0.0002231161185564005,0.0,36.889957427978516,38.64998245239258,39.42998123168945,42.90989303588867,44.019981384277344,44.98876953125,-0.34993213189084266,0.0001534263362694111,0.22438075575761884,-2.303046927194861,2.130755238608595,0.0006187234774052976,0.0,0.0,0.0,0.0,0.0,0.0,0.0,0.0,0.0,0.0,0.0,0.0,3.0,7.0,1.0,1.0,2.0,1.0,0.24,0.0,0.24,1.0,nan,nan,nan,nan,nan,nan,0.459492,47.16400146484375,47.05799865722656,46.93600082397461,46.86000061035156,46.981998443603516,46.95199966430664,47.21864318847656,0.6445291042327881,47.21864318847656,0.0,0.0
0.317306,1161.0159999999998,-0.3270214239703577,-1.4200347105609339,1.2360987663269043,-1.386092487965719,-1.5709779898272913,2.738044500350952,0.0,0.0,-0.0,0.0,0.0,0.0,-0.3269999921321869,-1.4199999570846558,1.2359999418258667,-1.3860000371932983,-1.5709999799728394,2.73799991607666,0.0,0.0,0.0,0.0,0.0,0.0,0.0358886756002903,-1.128250241279602,-0.6176416873931885,-0.20813286304473877,0.07721057534217834,0.04364075884222984,-1.6247398572220953e-17,-1.0687898256887804,-1.1894663183301544,-0.4440940167833153,-5.2832411492621246e-05,0.0,-1.8685101751901281e-16,-12.025484868222945,-9.938868412204133,-1.879681580772009,-0.0002231161185564005,0.0,36.889957427978516,38.64998245239258,39.42998123168945,42.90989303588867,44.019981384277344,44.98876953125,-0.34992079408914595,0.00015900007242820402,0.2243640637357741,-2.302958229675131,2.1307755454060002,0.0005302569685650223,0.0,0.0,0.0,0.0,0.0,0.0,0.0,0.0,0.0,0.0,0.0,0.0,3.0,7.0,1.0,1.0,2.0,1.0,0.24,0.0,0.24,1.0,nan,nan,nan,nan,nan,nan,0.435504,47.16400146484375,47.05799865722656,46.93600082397461,46.86000061035156,46.981998443603516,46.95199966430664,47.21864318847656,0.7161448001861572,47.21864318847656,0.0,0.0
0.325805,1161.024,-0.32706958452333623,-1.4200227896319788,1.2360749244689941,-1.3861168066607874,-1.5709903875934046,2.7380564212799072,0.0,0.0,-0.0,0.0,0.0,0.0,-0.3269999921321869,-1.4199999570846558,1.2359999418258667,-1.3860000371932983,-1.5709999799728394,2.73799991607666,0.0,0.0,0.0,0.0,0.0,0.0,0.02467346377670765,-1.047500729560852,-0.6267919540405273,-0.21372783184051514,0.06378264725208282,0.041402772068977356,-1.6247398572220953e-17,-1.0687898256887804,-1.1894663183301544,-0.4440940167833153,-5.2832411492621246e-05,0.0,-1.8685101751901281e-16,-12.025484868222945,-9.938868412204133,-1.879681580772009,-0.0002231161185564005,0.0,36.889957427978516,38.64998245239258,39.42998123168945,42.90989303588867,44.019981384277344,44.98876953125,-0.3499293694963346,0.0001814621116739746,0.22436922393983388,-2.3028967837996936,2.13084706129241,0.0005899750600724228,0.0,0.0,0.0,0.0,0.0,0.0,0.0,0.0,0.0,0.0,0.0,0.0,3.0,7.0,1.0,1.0,2.0,1.0,0.24,0.0,0.24,1.0,nan,nan,nan,nan,nan,nan,0.43076400000000004,47.16400146484375,47.05799865722656,46.93600082397461,46.86000061035156,46.981998443603516,46.95199966430664,47.21864318847656,0.6803395748138428,47.21864318847656,0.0,0.0
0.333984,1161.032,-0.327033821736471,-1.4199984709369105,1.2360386848449707,-1.3861048857318323,-1.5709660688983362,2.738008499145508,0.0,0.0,-0.0,0.0,0.0,0.0,-0.3269999921321869,-1.4199999570846558,1.2359999418258667,-1.3860000371932983,-1.5709999799728394,2.73799991607666,0.0,0.0,0.0,0.0,0.0,0.0,0.0358886756002903,-1.1260071992874146,-0.6145915985107422,-0.23275071382522583,0.07497258484363556,0.0335698164999485,-1.6247398572220953e-17,-1.0687898256887804,-1.1894663183301544,-0.4440940167833153,-5.2832411492621246e-05,0.0,-1.8685101751901281e-16,-12.025484868222945,-9.938868412204133,-1.879681580772009,-0.0002231161185564005,0.0,36.889957427978516,38.64998245239258,39.42998123168945,42.90989303588867,44.019981384277344,44.9888916015625,-0.34993610414480564,0.00016591323990918232,0.22437081634733153,-2.3030021804196696,2.13076583522035,0.00057436285564938,0.0,0.0,0.0,0.0,0.0,0.0,0.0,0.0,0.0,0.0,0.0,0.0,3.0,7.0,1.0,1.0,2.0,1.0,0.24,0.0,0.24,1.0,nan,nan,nan,nan,nan,nan,0.432252,47.16400146484375,47.05799865722656,46.93600082397461,46.86000061035156,47.012001037597656,46.92100143432617,47.279415130615234,0.5013031363487244,47.21864318847656,0.0,0.0
0.342126,1161.04,-0.3270214239703577,-1.4200227896319788,1.2360625267028809,-1.3860686461078089,-1.5709779898272913,2.738020658493042,0.0,0.0,-0.0,0.0,0.0,0.0,-0.3269999921321869,-1.4199999570846558,1.2359999418258667,-1.3860000371932983,-1.5709999799728394,2.73799991607666,0.0,0.0,0.0,0.0,0.0,0.0,0.0314025916159153,-1.0990906953811646,-0.6084914207458496,-0.21708481013774872,0.07273460179567337,0.027974845841526985,-1.6247398572220953e-17,-1.0687898256887804,-1.1894663183301544,-0.4440940167833153,-5.2832411492621246e-05,0.0,-1.8685101751901281e-16,-12.025484868222945,-9.938868412204133,-1.879681580772009,-0.0002231161185564005,0.0,36.88996124267578,38.64998245239258,39.42998123168945,42.90989303588867,44.019981384277344,44.9888916015625,-0.3499227149373777,0.0001596628241636472,0.22436877065481556,-2.302983667652332,2.130748308685119,0.0005308742209162289,0.0,0.0,0.0,0.0,0.0,0.0,0.0,0.0,0.0,0.0,0.0,0.0,3.0,7.0,1.0,1.0,2.0,1.0,0.24,0.0,0.24,1.0,nan,nan,nan,nan,nan,nan,0.430188,47.18000030517578,47.05799865722656,46.95199966430664,46.86000061035156,47.012001037597656,46.92100143432617,47.21864318847656,0.6445291042327881,47.21864318847656,0.0,0.0
0.350631,1161.048,-0.32699758211244756,-1.4200227896319788,1.2360506057739258,-1.386092487965719,-1.5709660688983362,2.738008499145508,0.0,0.0,-0.0,0.0,0.0,0.0,-0.3269999921321869,-1.4199999570846558,1.2359999418258667,-1.3860000371932983,-1.5709999799728394,2.73799991607666,0.0,0.0,0.0,0.0,0.0,0.0,0.0269165076315403,-1.1170350313186646,-0.6100164651870728,-0.21037083864212036,0.0682586282491684,0.031331829726696014,-1.6247398572220953e-17,-1.0687898256887804,-1.1894663183301544,-0.4440940167833153,-5.2832411492621246e-05,0.0,-1.8685101751901281e-16,-12.025484868222945,-9.938868412204133,-1.879681580772009,-0.0002231161185564005,0.0,36.88996124267578,38.64998245239258,39.42998123168945,42.90989303588867,44.019981384277344,44.9888916015625,-0.3499328225428229,0.00017011654060261432,0.2243788977156157,-2.30298017304888,2.1307715129285403,0.0006248178973178552,0.0,0.0,0.0,0.0,0.0,0.0,0.0,0.0,0.0,0.0,0.0,0.0,3.0,7.0,1.0,1.0,2.0,1.0,0.24,0.0,0.24,1.0,nan,nan,nan,nan,nan,nan,0.429048,47.18000030517578,47.05799865722656,46.95199966430664,46.86000061035156,47.012001037597656,46.92100143432617,47.21864318847656,0.5729187726974487,47.21864318847656,0.0,0.0
0.358732,1161.0639999999999,-0.327033821736471,-1.420046631489889,1.2360267639160156,-1.386080567036764,-1.5710023085223597,2.738032579421997,0.0,0.0,-0.0,0.0,0.0,0.0,-0.3269999921321869,-1.4199999570846558,1.2359999418258667,-1.3860000371932983,-1.5709999799728394,2.73799991607666,0.0,0.0,0.0,0.0,0.0,0.0,0.0314025916159153,-1.0497437715530396,-0.6176416873931885,-0.21372783184051514,0.06266365945339203,0.044759754091501236,-1.6247398572220953e-17,-1.0687898256887804,-1.1894663183301544,-0.4440940167833153,-5.2832411492621246e-05,0.0,-1.8685101751901281e-16,-12.025484868222945,-9.938868412204133,-1.879681580772009,-0.0002231161185564005,0.0,36.88996124267578,38.64998245239258,39.42998123168945,42.90989303588867,44.019981384277344,44.9888916015625,-0.3499275208647726,0.00017093321947086722,0.22438825662901968,-2.302962797514448,2.13078109571089,0.0006489038689228033,0.0,0.0,0.0,0.0,0.0,0.0,0.0,0.0,0.0,0.0,0.0,0.0,3.0,7.0,1.0,1.0,2.0,1.0,0.24,0.0,0.24,1.0,nan,nan,nan,nan,nan,nan,0.43226400000000004,47.18000030517578,47.0880012512207,46.95199966430664,46.86000061035156,47.012001037597656,46.92100143432617,47.21864318847656,0.8235656023025513,47.21864318847656,0.0,0.0
0.366860,1161.072,-0.32700950304140264,-1.4200347105609339,1.2360868453979492,-1.386092487965719,-1.5709779898272913,2.738020658493042,0.0,0.0,-0.0,0.0,0.0,0.0,-0.3269999921321869,-1.4199999570846558,1.2359999418258667,-1.3860000371932983,-1.5709999799728394,2.73799991607666,0.0,0.0,0.0,0.0,0.0,0.0,0.0314025916159153,-1.065445065498352,-0.6283169388771057,-0.21148984134197235,0.08056755363941193,0.04699774086475372,-1.6247398572220953e-17,-1.0687898256887804,-1.1894663183301544,-0.4440940167833153,-5.2832411492621246e-05,0.0,-1.8685101751901281e-16,-12.025484868222945,-9.938868412204133,-1.879681580772009,-0.0002231161185564005,0.0,36.88996124267578,38.64998245239258,39.42998123168945,42.90990447998047,44.019981384277344,44.9888916015625,-0.3499227006818047,0.00015547214495235446,0.2243675796634513,-2.3029998759485655,2.130737683753624,0.0005472947600287674,0.0,0.0,0.0,0.0,0.0,0.0,0.0,0.0,0.0,0.0,0.0,0.0,3.0,7.0,1.0,1.0,2.0,1.0,0.24,0.0,0.24,1.0,nan,nan,nan,nan,nan,nan,0.430356,47.18000030517578,47.0880012512207,46.95199966430664,46.875999450683594,47.012001037597656,46.92100143432617,47.21864318847656,0.6803395748138428,47.21864318847656,0.0,0.0
0.374950,1161.08,-0.32699758211244756,-1.420058552418844,1.2360386848449707,-1.386080567036764,-1.570930306111471,2.738020658493042,0.0,0.0,-0.0,0.0,0.0,0.0,-0.3269999921321869,-1.4199999570846558,1.2359999418258667,-1.3860000371932983,-1.5709999799728394,2.73799991607666,0.0,0.0,0.0,0.0,0.0,0.0,0.0269165076315403,-1.083389401435852,-0.6206917762756348,-0.21820379793643951,0.06490164250135422,0.067139632999897,-1.6247398572220953e-17,-1.0687898256887804,-1.1894663183301544,-0.4440940167833153,-5.2832411492621246e-05,0.0,-1.8685101751901281e-16,-12.025484868222945,-9.938868412204133,-1.879681580772009,-0.0002231161185564005,0.0,36.88996124267578,38.64998245239258,39.42998123168945,42.90990447998047,44.019981384277344,44.9888916015625,-0.349929584656668,0.00014318421668382375,0.22438863547765886,-2.3030623677186486,2.130770270931282,0.0006028714201725624,0.0,0.0,0.0,0.0,0.0,0.0,0.0,0.0,0.0,0.0,0.0,0.0,3.0,7.0,1.0,1.0,2.0,1.0,0.24,0.0,0.24,1.0,nan,nan,nan,nan,nan,nan,0.429672,47.18000030517578,47.0880012512207,46.95199966430664,46.875999450683594,47.012001037597656,46.92100143432617,47.21864318847656,0.6087239384651184,47.21864318847656,0.0,0.0
0.383073,1161.088,-0.3270457426654261,-1.420058552418844,1.2360749244689941,-1.386080567036764,-1.5709541479693812,2.7379846572875977,0.0,0.0,-0.0,0.0,0.0,0.0,-0.3269999921321869,-1.4199999570846558,1.2359999418258667,-1.3860000371932983,-1.5709999799728394,2.73799991607666,0.0,0.0,0.0,0.0,0.0,0.0,0.0314025916159153,-1.1215211153030396,-0.6161166429519653,-0.21148984134197235,0.0850435346364975,0.06266365945339203,-1.6247398572220953e-17,-1.0687898256887804,-1.1894663183301544,-0.4440940167833153,-5.2832411492621246e-05,0.0,-1.8685101751901281e-16,-12.025484868222945,-9.938868412204133,-1.879681580772009,-0.0002231161185564005,0.0,36.88996124267578,38.64998245239258,39.42998123168945,42.90990447998047,44.019981384277344,44.9888916015625,-0.34992220474032437,0.0001627640277689619,0.22437796553680678,-2.303022641816672,2.1307593891627863,0.0005659599397983123,0.0,0.0,0.0,0.0,0.0,0.0,0.0,0.0,0.0,0.0,0.0,0.0,3.0,7.0,1.0,1.0,2.0,1.0,0.24,0.0,0.24,1.0,nan,nan,nan,nan,nan,nan,0.429468,47.18000030517578,47.0880012512207,46.95199966430664,46.875999450683594,47.012001037597656,46.92100143432617,47.21864318847656,0.6803395748138428,47.21864318847656,0.0,0.0
0.391160,1161.096,-0.32705766359438115,-1.420046631489889,1.2360868453979492,-1.386080567036764,-1.5709903875934046,2.7379846572875977,0.0,0.0,-0.0,0.0,0.0,0.0,-0.3269999921321869,-1.4199999570846558,1.2359999418258667,-1.3860000371932983,-1.5709999799728394,2.73799991607666,0.0,0.0,0.0,0.0,0.0,0.0,0.0269165076315403,-1.0901185274124146,-0.6222168207168579,-0.19918090105056763,0.07944856584072113,0.04252176731824875,-1.6247398572220953e-17,-1.0687898256887804,-1.1894663183301544,-0.4440940167833153,-5.2832411492621246e-05,0.0,-1.8685101751901281e-16,-12.025484868222945,-9.938868412204133,-1.879681580772009,-0.0002231161185564005,0.0,36.88996124267578,38.64998245239258,39.42998123168945,42.90990447998047,44.019981384277344,44.9888916015625,-0.34991870927205304,0.00017369137555001157,0.224370526504965,-2.3029785576334807,2.130744016841216,0.0005549732439519168,0.0,0.0,0.0,0.0,0.0,0.0,0.0,0.0,0.0,0.0,0.0,0.0,3.0,7.0,1.0,1.0,2.0,1.0,0.24,0.0,0.24,1.0,nan,nan,nan,nan,nan,nan,0.43430399999999997,47.18000030517578,47.0880012512207,46.95199966430664,46.875999450683594,47.012001037597656,46.92100143432617,47.21864318847656,0.7161448001861572,47.21864318847656,0.0,0.0
0.399265,1161.104,-0.327033821736471,-1.4199984709369105,1.2360625267028809,-1.3861406485186976,-1.570942227040426,2.738032579421997,0.0,0.0,-0.0,0.0,0.0,0.0,-0.3269999921321869,-1.4199999570846558,1.2359999418258667,-1.3860000371932983,-1.5709999799728394,2.73799991607666,0.0,0.0,0.0,0.0,0.0,0.0,0.0269165076315403,-1.060958981513977,-0.6283169388771057,-0.21596580743789673,0.07944856584072113,0.04028377681970596,-1.6247398572220953e-17,-1.0687898256887804,-1.1894663183301544,-0.4440940167833153,-5.2832411492621246e-05,0.0,-1.8685101751901281e-16,-12.025484868222945,-9.938868412204133,-1.879681580772009,-0.0002231161185564005,0.0,36.88996124267578,38.64998245239258,39.42998123168945,42.90990447998047,44.019981384277344,44.9890022277832,-0.34994090737879485,0.0001623049158142421,0.22436681024726313,-2.3029961995734296,2.1308115530654597,0.0005762262653561508,0.0,0.0,0.0,0.0,0.0,0.0,0.0,0.0,0.0,0.0,0.0,0.0,3.0,7.0,1.0,1.0,2.0,1.0,0.24,0.0,0.24,1.0,nan,nan,nan,nan,nan,nan,0.433284,47.18000030517578,47.0880012512207,46.95199966430664,46.875999450683594,47.012001037597656,46.95199966430664,47.21864318847656,0.7161448001861572,47.21864318847656,0.0,0.0
0.407376,1161.1119999999999,-0.32699758211244756,-1.4199984709369105,1.2360749244689941,-1.3861048857318323,-1.5709903875934046,2.738008499145508,0.0,0.0,-0.0,0.0,0.0,0.0,-0.3269999921321869,-1.4199999570846558,1.2359999418258667,-1.3860000371932983,-1.5709999799728394,2.73799991607666,0.0,0.0,0.0,0.0,0.0,0.0,0.0336456336081028,-1.0990906953811646,-0.6283169388771057,-0.20813286304473877,0.07944856584072113,0.048116736114025116,-1.6247398572220953e-17,-1.0687898256887804,-1.1894663183301544,-0.4440940167833153,-5.2832411492621246e-05,0.0,-1.8685101751901281e-16,-12.025484868222945,-9.938868412204133,-1.879681580772009,-0.0002231161185564005,0.0,36.88996505737305,38.64998245239258,39.42998123168945,42.90990447998047,44.019981384277344,44.9890022277832,-0.3499287052557615,0.0001560525324567194,0.22436014714704505,-2.303013714776314,2.1306989394098252,0.0005381419652311024,0.0,0.0,0.0,0.0,0.0,0.0,0.0,0.0,0.0,0.0,0.0,0.0,3.0,7.0,1.0,1.0,2.0,1.0,0.24,0.0,0.24,1.0,nan,nan,nan,nan,nan,nan,0.431772,47.14899826049805,47.0880012512207,46.93600082397461,46.875999450683594,47.012001037597656,46.95199966430664,47.21864318847656,0.6445291042327881,47.21864318847656,0.0,0.0
0.415502,1161.12,-0.3270214239703577,-1.420046631489889,1.2360506057739258,-1.3860686461078089,-1.5709779898272913,2.738044500350952,0.0,0.0,-0.0,0.0,0.0,0.0,-0.3269999921321869,-1.4199999570846558,1.2359999418258667,-1.3860000371932983,-1.5709999799728394,2.73799991607666,0.0,0.0,0.0,0.0,0.0,0.0,0.0269165076315403,-1.1529237031936646,-0.6176416873931885,-0.19918090105056763,0.07385359704494476,0.04252176731824875,-1.6247398572220953e-17,-1.0687898256887804,-1.1894663183301544,-0.4440940167833153,-5.2832411492621246e-05,0.0,-1.8685101751901281e-16,-12.025484868222945,-9.938868412204133,-1.879681580772009,-0.0002231161185564005,0.0,36.88996505737305,38.64998245239258,39.42998123168945,42.90990447998047,44.019981384277344,44.9890022277832,-0.34992298514269027,0.0001597440315515638,0.22438019028079234,-2.3029689177856207,2.130785705377278,0.0005821853870533329,0.0,0.0,0.0,0.0,0.0,0.0,0.0,0.0,0.0,0.0,0.0,0.0,3.0,7.0,1.0,1.0,2.0,1.0,0.24,0.0,0.24,1.0,nan,nan,nan,nan,nan,nan,0.431976,47.14899826049805,47.0880012512207,46.93600082397461,46.875999450683594,47.012001037597656,46.95199966430664,47.21864318847656,0.6087239384651184,47.21864318847656,0.0,0.0
0.423628,1161.128,-0.32705766359438115,-1.4200108687030237,1.2360506057739258,-1.386080567036764,-1.5710023085223597,2.738020658493042,0.0,0.0,-0.0,0.0,0.0,0.0,-0.3269999921321869,-1.4199999570846558,1.2359999418258667,-1.3860000371932983,-1.5709999799728394,2.73799991607666,0.0,0.0,0.0,0.0,0.0,0.0,0.0269165076315403,-1.0497437715530396,-0.6359421610832214,-0.18910996615886688,0.067139632999897,0.041402772068977356,-1.6247398572220953e-17,-1.0687898256887804,-1.1894663183301544,-0.4440940167833153,-5.2832411492621246e-05,0.0,-1.8685101751901281e-16,-12.025484868222945,-9.938868412204133,-1.879681580772009,-0.0002231161185564005,0.0,36.88996505737305,38.64998245239258,39.42998123168945,42.90990447998047,44.019981384277344,44.9890022277832,-0.34992615933892873,0.00017883264461680739,0.224369368900435,-2.30293234951562,2.1307782477662642,0.0005633980290140809,0.0,0.0,0.0,0.0,0.0,0.0,0.0,0.0,0.0,0.0,0.0,0.0,3.0,7.0,1.0,1.0,2.0,1.0,0.24,0.0,0.24,1.0,nan,nan,nan,nan,nan,nan,0.431028,47.14899826049805,47.0880012512207,46.93600082397461,46.875999450683594,47.012001037597656,46.95199966430664,47.21864318847656,0.6445291042327881,47.21864318847656,0.0,0.0
0.431717,1161.136,-0.327033821736471,-1.420046631489889,1.2360506057739258,-1.386092487965719,-1.5709903875934046,2.738032579421997,0.0,0.0,-0.0,0.0,0.0,0.0,-0.3269999921321869,-1.4199999570846558,1.2359999418258667,-1.3860000371932983,-1.5709999799728394,2.73799991607666,0.0,0.0,0.0,0.0,0.0,0.0,0.0314025916159153,-1.146194577217102,-0.6176416873931885,-0.19246694445610046,0.0682586282491684,0.034688808023929596,-1.6247398572220953e-17,-1.0687898256887804,-1.1894663183301544,-0.4440940167833153,-5.2832411492621246e-05,0.0,-1.8685101751901281e-16,-12.025484868222945,-9.938868412204133,-1.879681580772009,-0.0002231161185564005,0.0,36.88996505737305,38.64998245239258,39.42998123168945,42.90990447998047,44.019981384277344,44.9890022277832,-0.34992684651491357,0.0001680920485866331,0.2243822299992928,-2.3029672890572295,2.130785128213539,0.0006241861242211632,0.0,0.0,0.0,0.0,0.0,0.0,0.0,0.0,0.0,0.0,0.0,0.0,3.0,7.0,1.0,1.0,2.0,1.0,0.24,0.0,0.24,1.0,nan,nan,nan,nan,nan,nan,0.431736,47.14899826049805,47.073001861572266,46.93600082397461,46.875999450683594,47.012001037597656,46.95199966430664,47.21864318847656,0.6087239384651184,47.21864318847656,0.0,0.0
0.439839,1161.144,-0.327033821736471,-1.4200227896319788,1.2360625267028809,-1.386080567036764,-1.5709541479693812,2.738020658493042,0.0,0.0,-0.0,0.0,0.0,0.0,-0.3269999921321869,-1.4199999570846558,1.2359999418258667,-1.3860000371932983,-1.5709999799728394,2.73799991607666,0.0,0.0,0.0,0.0,0.0,0.0,0.0291595496237278,-1.078903317451477,-0.6176416873931885,-0.22715574502944946,0.0850435346364975,0.027974845841526985,-1.6247398572220953e-17,-1.0687898256887804,-1.1894663183301544,-0.4440940167833153,-5.2832411492621246e-05,0.0,-1.8685101751901281e-16,-12.025484868222945,-9.938868412204133,-1.879681580772009,-0.0002231161185564005,0.0,36.88996505737305,38.64998245239258,39.42998123168945,42.909915924072266,44.019981384277344,44.9890022277832,-0.3499266390443745,0.00016010521537968475,0.22436976660770735,-2.3029900303296627,2.130780646831173,0.0005326343875323915,0.0,0.0,0.0,0.0,0.0,0.0,0.0,0.0,0.0,0.0,0.0,0.0,3.0,7.0,1.0,1.0,2.0,1.0,0.24,0.0,0.24,1.0,nan,nan,nan,nan,nan,nan,0.43105200000000005,47.14899826049805,47.073001861572266,46.93600082397461,46.875999450683594,47.012001037597656,46.95199966430664,47.21864318847656,0.6803395748138428,47.21864318847656,0.0,0.0
0.447970,1161.152,-0.3270214239703577,-1.4200227896319788,1.2360625267028809,-1.386080567036764,-1.5709779898272913,2.738032579421997,0.0,0.0,-0.0,0.0,0.0,0.0,-0.3269999921321869,-1.4199999570846558,1.2359999418258667,-1.3860000371932983,-1.5709999799728394,2.73799991607666,0.0,0.0,0.0,0.0,0.0,0.0,0.02467346377670765,-1.0811463594436646,-0.6206917762756348,-0.2204417884349823,0.08616252988576889,0.07497258484363556,-1.6247398572220953e-17,-1.0687898256887804,-1.1894663183301544,-0.4440940167833153,-5.2832411492621246e-05,0.0,-1.8685101751901281e-16,-12.025484868222945,-9.938868412204133,-1.879681580772009,-0.0002231161185564005,0.0,36.88996505737305,38.64998245239258,39.42998123168945,42.909915924072266,44.019981384277344,44.9890022277832,-0.34992505821650066,0.00016045006876852047,0.22436978548064035,-2.3029745646164037,2.1307653187284714,0.0005479818578866667,0.0,0.0,0.0,0.0,0.0,0.0,0.0,0.0,0.0,0.0,0.0,0.0,3.0,7.0,1.0,1.0,2.0,1.0,0.24,0.0,0.24,1.0,nan,nan,nan,nan,nan,nan,0.429168,47.14899826049805,47.073001861572266,46.93600082397461,46.875999450683594,47.012001037597656,46.95199966430664,47.21864318847656,0.6087239384651184,47.21864318847656,0.0,0.0
0.456061,1161.1599999999999,-0.3270214239703577,-1.4200227896319788,1.2360506057739258,-1.386092487965719,-1.5709660688983362,2.738032579421997,0.0,0.0,-0.0,0.0,0.0,0.0,-0.3269999921321869,-1.4199999570846558,1.2359999418258667,-1.3860000371932983,-1.5709999799728394,2.73799991607666,0.0,0.0,0.0,0.0,0.0,0.0,0.0291595496237278,-1.105819821357727,-0.6435673832893372,-0.22379876673221588,0.08056755363941193,0.007832957431674004,-1.6247398572220953e-17,-1.0687898256887804,-1.1894663183301544,-0.4440940167833153,-5.2832411492621246e-05,0.0,-1.8685101751901281e-16,-12.025484868222945,-9.938868412204133,-1.879681580772009,-0.0002231161185564005,0.0,36.88996505737305,38.64998245239258,39.42998123168945,42.909915924072266,44.019981384277344,44.9890022277832,-0.3499300975106226,0.00015953917716029852,0.22437430686129226,-2.302989695623281,2.130779311406836,0.0005744927417162906,0.0,0.0,0.0,0.0,0.0,0.0,0.0,0.0,0.0,0.0,0.0,0.0,3.0,7.0,1.0,1.0,2.0,1.0,0.24,0.0,0.24,1.0,nan,nan,nan,nan,nan,nan,0.447852,47.14899826049805,47.073001861572266,46.93600082397461,46.875999450683594,47.012001037597656,46.95199966430664,47.21864318847656,0.537108302116394,47.21864318847656,0.0,0.0
0.464137,1161.168,-0.32700950304140264,-1.4200108687030237,1.2360386848449707,-1.386080567036764,-1.5709541479693812,2.7379846572875977,0.0,0.0,-0.0,0.0,0.0,0.0,-0.3269999921321869,-1.4199999570846558,1.2359999418258667,-1.3860000371932983,-1.5709999799728394,2.73799991607666,0.0,0.0,0.0,0.0,0.0,0.0,0.0291595496237278,-1.0676881074905396,-0.6054413318634033,-0.2014188915491104,0.0839245393872261,0.03692679852247238,-1.6247398572220953e-17,-1.0687898256887804,-1.1894663183301544,-0.4440940167833153,-5.2832411492621246e-05,0.0,-1.8685101751901281e-16,-12.025484868222945,-9.938868412204133,-1.879681580772009,-0.0002231161185564005,0.0,36.88996505737305,38.64998245239258,39.42998123168945,42.909915924072266,44.019981384277344,44.9890022277832,-0.34993126931306323,0.00015316341210007986,0.2243728466027996,-2.3030578352804434,2.1307145163315284,0.0005496705831674079,0.0,0.0,0.0,0.0,0.0,0.0,0.0,0.0,0.0,0.0,0.0,0.0,3.0,7.0,1.0,1.0,2.0,1.0,0.24,0.0,0.24,1.0,nan,nan,nan,nan,nan,nan,0.435444,47.14899826049805,47.073001861572266,46.93600082397461,46.875999450683594,47.012001037597656,46.95199966430664,47.21864318847656,0.7877604365348816,47.21864318847656,0.0,0.0
0.472213,1161.176,-0.3270214239703577,-1.4200227896319788,1.2360749244689941,-1.3860686461078089,-1.5709779898272913,2.738032579421997,0.0,0.0,-0.0,0.0,0.0,0.0,-0.3269999921321869,-1.4199999570846558,1.2359999418258667,-1.3860000371932983,-1.5709999799728394,2.73799991607666,0.0,0.0,0.0,0.0,0.0,0.0,0.02243042178452015,-1.0632020235061646,-0.6115415096282959,-0.21037083864212036,0.06378264725208282,0.031331829726696014,-1.6247398572220953e-17,-1.0687898256887804,-1.1894663183301544,-0.4440940167833153,-5.2832411492621246e-05,0.0,-1.8685101751901281e-16,-12.025484868222945,-9.938868412204133,-1.879681580772009,-0.0002231161185564005,0.0,36.88996505737305,38.64998245239258,39.42998123168945,42.909915924072266,44.019981384277344,44.98910140991211,-0.3499207340527155,0.00015899361516618434,0.22436511412590165,-2.3029672800543652,2.1307585837960383,0.0005131534341736971,0.0,0.0,0.0,0.0,0.0,0.0,0.0,0.0,0.0,0.0,0.0,0.0,3.0,7.0,1.0,1.0,2.0,1.0,0.24,0.0,0.24,1.0,nan,nan,nan,nan,nan,nan,0.43062,47.14899826049805,47.073001861572266,46.93600082397461,46.875999450683594,47.012001037597656,46.93600082397461,47.21864318847656,0.7877604365348816,47.21864318847656,0.0,0.0
0.480297,1161.184,-0.32700950304140264,-1.4200347105609339,1.2360625267028809,-1.386080567036764,-1.5709779898272913,2.7379846572875977,0.0,0.0,-0.0,0.0,0.0,0.0,-0.3269999921321869,-1.4199999570846558,1.2359999418258667,-1.3860000371932983,-1.5709999799728394,2.73799991607666,0.0,0.0,0.0,0.0,0.0,0.0,0.02467346377670765,-1.083389401435852,-0.6206917762756348,-0.204775869846344,0.06937761604785919,0.03916478529572487,-1.6247398572220953e-17,-1.0687898256887804,-1.1894663183301544,-0.4440940167833153,-5.2832411492621246e-05,0.0,-1.8685101751901281e-16,-12.025484868222945,-9.938868412204133,-1.879681580772009,-0.0002231161185564005,0.0,36.88996887207031,38.64998245239258,39.42998123168945,42.909915924072266,44.019981384277344,44.98910140991211,-0.3499242429260962,0.00015599753936816445,0.2243737373454663,-2.303041865198918,2.1306997147936695,0.0005649453211520712,0.0,0.0,0.0,0.0,0.0,0.0,0.0,0.0,0.0,0.0,0.0,0.0,3.0,7.0,1.0,1.0,2.0,1.0,0.24,0.0,0.24,1.0,nan,nan,nan,nan,nan,nan,0.433476,47.14899826049805,47.073001861572266,46.93600082397461,46.875999450683594,47.012001037597656,46.93600082397461,47.21864318847656,0.7161448001861572,47.21864318847656,0.0,0.0
0.488372,1161.192,-0.32700950304140264,-1.4200108687030237,1.2360506057739258,-1.3861048857318323,-1.5709541479693812,2.738008499145508,0.0,0.0,-0.0,0.0,0.0,0.0,-0.3269999921321869,-1.4199999570846558,1.2359999418258667,-1.3860000371932983,-1.5709999799728394,2.73799991607666,0.0,0.0,0.0,0.0,0.0,0.0,0.02467346377670765,-1.0676881074905396,-0.631367027759552,-0.2193228006362915,0.07049661129713058,0.04252176731824875,-1.6247398572220953e-17,-1.0687898256887804,-1.1894663183301544,-0.4440940167833153,-5.2832411492621246e-05,0.0,-1.8685101751901281e-16,-12.025484868222945,-9.938868412204133,-1.879681580772009,-0.0002231161185564005,0.0,36.88996887207031,38.64998245239258,39.42998123168945,42.909915924072266,44.019981384277344,44.98910140991211,-0.3499341449334831,0.00015412589182960172,0.22437140099182767,-2.303036226716806,2.130745348044088,0.0005674921064253461,0.0,0.0,0.0,0.0,0.0,0.0,0.0,0.0,0.0,0.0,0.0,0.0,3.0,7.0,1.0,1.0,2.0,1.0,0.24,0.0,0.24,1.0,nan,nan,nan,nan,nan,nan,0.431628,47.14899826049805,47.073001861572266,46.93600082397461,46.875999450683594,47.012001037597656,46.93600082397461,47.21864318847656,0.6803395748138428,47.21864318847656,0.0,0.0
0.496486,1161.2,-0.3270214239703577,-1.420046631489889,1.2360386848449707,-1.386092487965719,-1.5709779898272913,2.7379965782165527,0.0,0.0,-0.0,0.0,0.0,0.0,-0.3269999921321869,-1.4199999570846558,1.2359999418258667,-1.3860000371932983,-1.5709999799728394,2.73799991607666,0.0,0.0,0.0,0.0,0.0,0.0,0.0269165076315403,-1.132736325263977,-0.6252669095993042,-0.19918090105056763,0.0682586282491684,0.048116736114025116,-1.6247398572220953e-17,-1.0687898256887804,-1.1894663183301544,-0.4440940167833153,-5.2832411492621246e-05,0.0,-1.8685101751901281e-16,-12.025484868222945,-9.938868412204133,-1.879681580772009,-0.0002231161185564005,0.0,36.88996887207031,38.64998245239258,39.42998123168945,42.909915924072266,44.019981384277344,44.98910140991211,-0.3499295761351443,0.00016196190159337918,0.22438573618718047,-2.3030307038437225,2.130740399725935,0.000633247313497427,0.0,0.0,0.0,0.0,0.0,0.0,0.0,0.0,0.0,0.0,0.0,0.0,3.0,7.0,1.0,1.0,2.0,1.0,0.24,0.0,0.24,1.0,nan,nan,nan,nan,nan,nan,0.43279199999999995,47.14899826049805,47.073001861572266,46.93600082397461,46.875999450683594,47.012001037597656,46.93600082397461,47.21864318847656,0.8235656023025513,47.21864318847656,0.0,0.0
0.504560,1161.2079999999999,-0.32700950304140264,-1.4200227896319788,1.2360386848449707,-1.3861048857318323,-1.5709660688983362,2.738020658493042,0.0,0.0,-0.0,0.0,0.0,0.0,-0.3269999921321869,-1.4199999570846558,1.2359999418258667,-1.3860000371932983,-1.5709999799728394,2.73799991607666,0.0,0.0,0.0,0.0,0.0,0.0,0.0291595496237278,-1.060958981513977,-0.631367027759552,-0.2215607762336731,0.06266365945339203,0.0503547228872776,-1.6247398572220953e-17,-1.0687898256887804,-1.1894663183301544,-0.4440940167833153,-5.2832411492621246e-05,0.0,-1.8685101751901281e-16,-12.025484868222945,-9.938868412204133,-1.879681580772009,-0.0002231161185564005,0.0,36.88996887207031,38.64998245239258,39.42998123168945,42.909915924072266,44.019981384277344,44.98910140991211,-0.34993444096131626,0.00015682978685537018,0.22437887840387344,-2.3030223825833676,2.130758590161535,0.0006093214193246628,0.0,0.0,0.0,0.0,0.0,0.0,0.0,0.0,0.0,0.0,0.0,0.0,3.0,7.0,1.0,1.0,2.0,1.0,0.24,0.0,0.24,1.0,nan,nan,nan,nan,nan,nan,0.45942,47.14899826049805,47.0880012512207,46.93600082397461,46.875999450683594,47.012001037597656,46.93600082397461,47.21864318847656,0.7877604365348816,47.21864318847656,0.0,0.0
0.512659,1161.216,-0.3270214239703577,-1.4200227896319788,1.2360267639160156,-1.3861048857318323,-1.5709779898272913,2.7379846572875977,0.0,0.0,-0.0,0.0,0.0,0.0,-0.3269999921321869,-1.4199999570846558,1.2359999418258667,-1.3860000371932983,-1.5709999799728394,2.73799991607666,0.0,0.0,0.0,0.0,0.0,0.0,0.0291595496237278,-1.1080628633499146,-0.6176416873931885,-0.20925185084342957,0.05930667370557785,0.067139632999897,-1.6247398572220953e-17,-1.0687898256887804,-1.1894663183301544,-0.4440940167833153,-5.2832411492621246e-05,0.0,-1.8685101751901281e-16,-12.025484868222945,-9.938868412204133,-1.879681580772009,-0.0002231161185564005,0.0,36.88996887207031,38.64998245239258,39.42998123168945,42.9099235534668,44.019981384277344,44.98910140991211,-0.3499355522158459,0.00016398632901579353,0.22438240391023684,-2.303043587544221,2.130726784026651,0.0006338792455618487,0.0,0.0,0.0,0.0,0.0,0.0,0.0,0.0,0.0,0.0,0.0,0.0,3.0,7.0,1.0,1.0,2.0,1.0,0.24,0.0,0.24,1.0,nan,nan,nan,nan,nan,nan,0.4362,47.14899826049805,47.0880012512207,46.93600082397461,46.875999450683594,47.012001037597656,46.93600082397461,47.21864318847656,0.7877604365348816,47.21864318847656,0.0,0.0
0.520732,1161.224,-0.3270457426654261,-1.420046631489889,1.2360625267028809,-1.3861048857318323,-1.5709660688983362,2.7379965782165527,0.0,0.0,-0.0,0.0,0.0,0.0,-0.3269999921321869,-1.4199999570846558,1.2359999418258667,-1.3860000371932983,-1.5709999799728394,2.73799991607666,0.0,0.0,0.0,0.0,0.0,0.0,0.0269165076315403,-1.0721741914749146,-0.6252669095993042,-0.2193228006362915,0.0682586282491684,0.02685585245490074,-1.6247398572220953e-17,-1.0687898256887804,-1.1894663183301544,-0.4440940167833153,-5.2832411492621246e-05,0.0,-1.8685101751901281e-16,-12.025484868222945,-9.938868412204133,-1.879681580772009,-0.0002231161185564005,0.0,36.88996887207031,38.64998245239258,39.42998123168945,42.9099235534668,44.019981384277344,44.98910140991211,-0.349928991448498,0.00016766202511635275,0.22437975020503542,-2.303009427107325,2.1307725636355577,0.0006091346123294185,0.0,0.0,0.0,0.0,0.0,0.0,0.0,0.0,0.0,0.0,0.0,0.0,3.0,7.0,1.0,1.0,2.0,1.0,0.24,0.0,0.24,1.0,nan,nan,nan,nan,nan,nan,0.43141199999999996,47.14899826049805,47.0880012512207,46.93600082397461,46.875999450683594,47.012001037597656,46.93600082397461,47.21864318847656,0.7877604365348816,47.21864318847656,0.0,0.0
0.528836,1161.232,-0.32700950304140264,-1.4200108687030237,1.2360625267028809,-1.386080567036764,-1.5709779898272913,2.738032579421997,0.0,0.0,-0.0,0.0,0.0,0.0,-0.3269999921321869,-1.4199999570846558,1.2359999418258667,-1.3860000371932983,-1.5709999799728394,2.73799991607666,0.0,0.0,0.0,0.0,0.0,0.0,0.0291595496237278,-1.083389401435852,-0.6161166429519653,-0.20813286304473877,0.08280554413795471,0.05371170490980148,-1.6247398572220953e-17,-1.0687898256887804,-1.1894663183301544,-0.4440940167833153,-5.2832411492621246e-05,0.0,-1.8685101751901281e-16,-12.025484868222945,-9.938868412204133,-1.879681580772009,-0.0002231161185564005,0.0,36.88996887207031,38.64998245239258,39.42998123168945,42.9099235534668,44.019981384277344,44.98910140991211,-0.3499258772380431,0.0001565597196802759,0.22436583360551285,-2.3029837158185895,2.1307482831759477,0.0005309411664523472,0.0,0.0,0.0,0.0,0.0,0.0,0.0,0.0,0.0,0.0,0.0,0.0,3.0,7.0,1.0,1.0,2.0,1.0,0.24,0.0,0.24,1.0,nan,nan,nan,nan,nan,nan,0.429012,47.14899826049805,47.0880012512207,46.93600082397461,46.875999450683594,47.012001037597656,46.93600082397461,47.21864318847656,0.6803395748138428,47.21864318847656,0.0,0.0
0.536909,1161.24,-0.32705766359438115,-1.420058552418844,1.2360386848449707,-1.3861287275897425,-1.5709660688983362,2.7379965782165527,0.0,0.0,-0.0,0.0,0.0,0.0,-0.3269999921321869,-1.4199999570846558,1.2359999418258667,-1.3860000371932983,-1.5709999799728394,2.73799991607666,0.0,0.0,0.0,0.0,0.0,0.0,0.0269165076315403,-1.074417233467102,-0.6206917762756348,-0.21596580743789673,0.07273460179567337,0.031331829726696014,-1.6247398572220953e-17,-1.0687898256887804,-1.1894663183301544,-0.4440940167833153,-5.2832411492621246e-05,0.0,-1.8685101751901281e-16,-12.025484868222945,-9.938868412204133,-1.879681580772009,-0.0002231161185564005,0.0,36.88996887207031,38.64998245239258,39.42998123168945,42.9099235534668,44.019981384277344,44.98910140991211,-0.3499366673721531,0.00017441385343809526,0.22439276444645911,-2.3030145574677627,2.130802799436485,0.0006944699691671191,0.0,0.0,0.0,0.0,0.0,0.0,0.0,0.0,0.0,0.0,0.0,0.0,3.0,7.0,1.0,1.0,2.0,1.0,0.24,0.0,0.24,1.0,nan,nan,nan,nan,nan,nan,0.431628,47.14899826049805,47.0880012512207,46.93600082397461,46.875999450683594,47.012001037597656,46.93600082397461,47.21864318847656,0.6445291042327881,47.21864318847656,0.0,0.0
0.545029,1161.248,-0.327033821736471,-1.4200227896319788,1.2360506057739258,-1.3860686461078089,-1.5709660688983362,2.738020658493042,0.0,0.0,-0.0,0.0,0.0,0.0,-0.3269999921321869,-1.4199999570846558,1.2359999418258667,-1.3860000371932983,-1.5709999799728394,2.73799991607666,0.0,0.0,0.0,0.0,0.0,0.0,0.0291595496237278,-1.1215211153030396,-0.6359421610832214,-0.2215607762336731,0.06266365945339203,0.05371170490980148,-1.6247398572220953e-17,-1.0687898256887804,-1.1894663183301544,-0.4440940167833153,-5.2832411492621246e-05,0.0,-1.8685101751901281e-16,-12.025484868222945,-9.938868412204133,-1.879681580772009,-0.0002231161185564005,0.0,36.88996887207031,38.64998245239258,39.42998123168945,42.9099235534668,44.019981384277344,44.989192962646484,-0.34992540900142444,0.00016230299308786787,0.22437227712122165,-2.3029819929776956,2.1307732942158375,0.0005402759792500938,0.0,0.0,0.0,0.0,0.0,0.0,0.0,0.0,0.0,0.0,0.0,0.0,3.0,7.0,1.0,1.0,2.0,1.0,0.24,0.0,0.24,1.0,nan,nan,nan,nan,nan,nan,0.43218,47.14899826049805,47.0880012512207,46.93600082397461,46.875999450683594,47.012001037597656,46.92100143432617,47.21864318847656,0.7161448001861572,47.21864318847656,0.0,0.0
0.553127,1161.2559999999999,-0.32705766359438115,-1.4200227896319788,1.2360386848449707,-1.3861168066607874,-1.5709541479693812,2.738032579421997,0.0,0.0,-0.0,0.0,0.0,0.0,-0.3269999921321869,-1.4199999570846558,1.2359999418258667,-1.3860000371932983,-1.5709999799728394,2.73799991607666,0.0,0.0,0.0,0.0,0.0,0.0,0.02467346377670765,-1.043014645576477,-0.6267919540405273,-0.2025378942489624,0.06042566895484924,0.05371170490980148,-1.6247398572220953e-17,-1.0687898256887804,-1.1894663183301544,-0.4440940167833153,-5.2832411492621246e-05,0.0,-1.8685101751901281e-16,-12.025484868222945,-9.938868412204133,-1.879681580772009,-0.0002231161185564005,0.0,36.88997268676758,38.64998245239258,39.42998123168945,42.9099235534668,44.019981384277344,44.989192962646484,-0.3499375676734582,0.00017212858014882516,0.22437988395647923,-2.302969951001313,2.1308384411965458,0.0006186410961399256,0.0,0.0,0.0,0.0,0.0,0.0,0.0,0.0,0.0,0.0,0.0,0.0,3.0,7.0,1.0,1.0,2.0,1.0,0.24,0.0,0.24,1.0,nan,nan,nan,nan,nan,nan,0.436392,47.14899826049805,47.0880012512207,46.93600082397461,46.875999450683594,47.012001037597656,46.92100143432617,47.21864318847656,0.6087239384651184,47.21864318847656,0.0,0.0
0.561206,1161.264,-0.327033821736471,-1.420058552418844,1.2360267639160156,-1.386092487965719,-1.570942227040426,2.738044500350952,0.0,0.0,-0.0,0.0,0.0,0.0,-0.3269999921321869,-1.4199999570846558,1.2359999418258667,-1.3860000371932983,-1.5709999799728394,2.73799991607666,0.0,0.0,0.0,0.0,0.0,0.0,0.0269165076315403,-1.092361569404602,-0.6100164651870728,-0.2193228006362915,0.07497258484363556,0.03916478529572487,-1.6247398572220953e-17,-1.0687898256887804,-1.1894663183301544,-0.4440940167833153,-5.2832411492621246e-05,0.0,-1.8685101751901281e-16,-12.025484868222945,-9.938868412204133,-1.879681580772009,-0.0002231161185564005,0.0,36.88997268676758,38.64998245239258,39.42998123168945,42.9099235534668,44.019981384277344,44.989192962646484,-0.3499330354433506,0.00015963775966476427,0.22439317593958008,-2.3029975085184633,2.1308386643460437,0.0006446133210918425,0.0,0.0,0.0,0.0,0.0,0.0,0.0,0.0,0.0,0.0,0.0,0.0,3.0,7.0,1.0,1.0,2.0,1.0,0.24,0.0,0.24,1.0,nan,nan,nan,nan,nan,nan,0.43174799999999997,47.14899826049805,47.0880012512207,46.93600082397461,46.875999450683594,47.012001037597656,46.92100143432617,47.21864318847656,0.6445291042327881,47.279415130615234,0.0,0.0
0.569290,1161.272,-0.32705766359438115,-1.4200704733477991,1.2360625267028809,-1.386080567036764,-1.5709660688983362,2.738020658493042,0.0,0.0,-0.0,0.0,0.0,0.0,-0.3269999921321869,-1.4199999570846558,1.2359999418258667,-1.3860000371932983,-1.5709999799728394,2.73799991607666,0.0,0.0,0.0,0.0,0.0,0.0,0.02467346377670765,-1.0766602754592896,-0.6283169388771057,-0.21037083864212036,0.07944856584072113,0.06602063775062561,-1.6247398572220953e-17,-1.0687898256887804,-1.1894663183301544,-0.4440940167833153,-5.2832411492621246e-05,0.0,-1.8685101751901281e-16,-12.025484868222945,-9.938868412204133,-1.879681580772009,-0.0002231161185564005,0.0,36.88997268676758,38.64998245239258,39.42998123168945,42.9099235534668,44.019981384277344,44.989192962646484,-0.3499225747234372,0.00016966503020766286,0.22438558342681356,-2.3029708390261465,2.130813945670713,0.0006085103288013281,0.0,0.0,0.0,0.0,0.0,0.0,0.0,0.0,0.0,0.0,0.0,0.0,3.0,7.0,1.0,1.0,2.0,1.0,0.24,0.0,0.24,1.0,nan,nan,nan,nan,nan,nan,0.429216,47.14899826049805,47.0880012512207,46.93600082397461,46.875999450683594,47.012001037597656,46.92100143432617,47.21864318847656,0.6087239384651184,47.21864318847656,0.0,0.0
0.577362,1161.28,-0.3270457426654261,-1.420058552418844,1.2360506057739258,-1.386080567036764,-1.5709903875934046,2.738020658493042,0.0,0.0,-0.0,0.0,0.0,0.0,-0.3269999921321869,-1.4199999570846558,1.2359999418258667,-1.3860000371932983,-1.5709999799728394,2.73799991607666,0.0,0.0,0.0,0.0,0.0,0.0,0.0269165076315403,-1.110305905342102,-0.6359421610832214,-0.22603675723075867,0.07049661129713058,0.03692679852247238,-1.6247398572220953e-17,-1.0687898256887804,-1.1894663183301544,-0.4440940167833153,-5.2832411492621246e-05,0.0,-1.8685101751901281e-16,-12.025484868222945,-9.938868412204133,-1.879681580772009,-0.0002231161185564005,0.0,36.88997268676758,38.64998245239258,39.42998123168945,42.9099235534668,44.019981384277344,44.989192962646484,-0.34992368397492263,0.00017119504469870916,0.22438516692382215,-2.302967240371938,2.1307851532429534,0.000624119419445795,0.0,0.0,0.0,0.0,0.0,0.0,0.0,0.0,0.0,0.0,0.0,0.0,3.0,7.0,1.0,1.0,2.0,1.0,0.24,0.0,0.24,1.0,nan,nan,nan,nan,nan,nan,0.42991199999999996,47.14899826049805,47.0880012512207,46.93600082397461,46.875999450683594,47.012001037597656,46.92100143432617,47.21864318847656,0.6087239384651184,47.21864318847656,0.0,0.0
0.585445,1161.288,-0.32699758211244756,-1.4200108687030237,1.2360506057739258,-1.386080567036764,-1.5709779898272913,2.738020658493042,0.0,0.0,-0.0,0.0,0.0,0.0,-0.3269999921321869,-1.4199999570846558,1.2359999418258667,-1.3860000371932983,-1.5709999799728394,2.73799991607666,0.0,0.0,0.0,0.0,0.0,0.0,0.0336456336081028,-1.0542298555374146,-0.6161166429519653,-0.22379876673221588,0.07161560654640198,0.04699774086475372,-1.6247398572220953e-17,-1.0687898256887804,-1.1894663183301544,-0.4440940167833153,-5.2832411492621246e-05,0.0,-1.8685101751901281e-16,-12.025484868222945,-9.938868412204133,-1.879681580772009,-0.0002231161185564005,0.0,36.88997268676758,38.64998245239258,39.42998123168945,42.90993118286133,44.019981384277344,44.989192962646484,-0.34992778377940714,0.00015303169872333183,0.22436934952864696,-2.3030126630981353,2.130724149494077,0.0005480173097723711,0.0,0.0,0.0,0.0,0.0,0.0,0.0,0.0,0.0,0.0,0.0,0.0,3.0,7.0,1.0,1.0,2.0,1.0,0.24,0.0,0.24,1.0,nan,nan,nan,nan,nan,nan,0.431016,47.14899826049805,47.0880012512207,46.93600082397461,46.875999450683594,47.012001037597656,46.92100143432617,47.21864318847656,0.6803395748138428,47.21864318847656,0.0,0.0
0.593527,1161.296,-0.32706958452333623,-1.4199984709369105,1.2360749244689941,-1.386080567036764,-1.5709779898272913,2.738032579421997,0.0,0.0,-0.0,0.0,0.0,0.0,-0.3269999921321869,-1.4199999570846558,1.2359999418258667,-1.3860000371932983,-1.5709999799728394,2.73799991607666,0.0,0.0,0.0,0.0,0.0,0.0,0.02467346377670765,-1.078903317451477,-0.6328920722007751,-0.19582392275333405,0.06266365945339203,0.03021283447742462,-1.6247398572220953e-17,-1.0687898256887804,-1.1894663183301544,-0.4440940167833153,-5.2832411492621246e-05,0.0,-1.8685101751901281e-16,-12.025484868222945,-9.938868412204133,-1.879681580772009,-0.0002231161185564005,0.0,36.88997268676758,38.64998245239258,39.42998123168945,42.90993118286133,44.019981384277344,44.989192962646484,-0.3499247360295688,0.00017720681656211443,0.2243580671357403,-2.302912317133862,2.130810563150309,0.0004952259676114265,0.0,0.0,0.0,0.0,0.0,0.0,0.0,0.0,0.0,0.0,0.0,0.0,3.0,7.0,1.0,1.0,2.0,1.0,0.24,0.0,0.24,1.0,nan,nan,nan,nan,nan,nan,0.432156,47.14899826049805,47.0880012512207,46.93600082397461,46.875999450683594,47.012001037597656,46.92100143432617,47.21864318847656,1.0026021003723145,47.21864318847656,0.0,0.0
0.601606,1161.3039999999999,-0.3270214239703577,-1.4200704733477991,1.2360506057739258,-1.386092487965719,-1.5709660688983362,2.7379965782165527,0.0,0.0,-0.0,0.0,0.0,0.0,-0.3269999921321869,-1.4199999570846558,1.2359999418258667,-1.3860000371932983,-1.5709999799728394,2.73799991607666,0.0,0.0,0.0,0.0,0.0,0.0,0.0358886756002903,-1.0497437715530396,-0.6145915985107422,-0.21260882914066315,0.06937761604785919,0.027974845841526985,-1.6247398572220953e-17,-1.0687898256887804,-1.1894663183301544,-0.4440940167833153,-5.2832411492621246e-05,0.0,-1.8685101751901281e-16,-12.025484868222945,-9.938868412204133,-1.879681580772009,-0.0002231161185564005,0.0,36.88997268676758,38.64998245239258,39.42998123168945,42.90993118286133,44.019981384277344,44.989192962646484,-0.349926828338874,0.00015841458728819952,0.22439011447239426,-2.303042246858156,2.1307510896743156,0.0006426955367795079,0.0,0.0,0.0,0.0,0.0,0.0,0.0,0.0,0.0,0.0,0.0,0.0,3.0,7.0,1.0,1.0,2.0,1.0,0.24,0.0,0.24,1.0,nan,nan,nan,nan,nan,nan,0.429924,47.14899826049805,47.0880012512207,46.93600082397461,46.875999450683594,47.012001037597656,46.92100143432617,47.21864318847656,0.6803395748138428,47.21864318847656,0.0,0.0
0.609687,1161.312,-0.3270214239703577,-1.420046631489889,1.2360506057739258,-1.3860567251788538,-1.5709903875934046,2.738020658493042,0.0,0.0,-0.0,0.0,0.0,0.0,-0.3269999921321869,-1.4199999570846558,1.2359999418258667,-1.3860000371932983,-1.5709999799728394,2.73799991607666,0.0,0.0,0.0,0.0,0.0,0.0,0.02467346377670765,-1.0766602754592896,-0.6084914207458496,-0.21037083864212036,0.07832957059144974,0.05930667370557785,-1.6247398572220953e-17,-1.0687898256887804,-1.1894663183301544,-0.4440940167833153,-5.2832411492621246e-05,0.0,-1.8685101751901281e-16,-12.025484868222945,-9.938868412204133,-1.879681580772009,-0.0002231161185564005,0.0,36.88997268676758,38.64998245239258,39.42998123168945,42.90993118286133,44.019981384277344,44.989192962646484,-0.349919818837652,0.0001613920387011465,0.2243791852566328,-2.3029824116052886,2.130747280548084,0.0005729794587892128,0.0,0.0,0.0,0.0,0.0,0.0,0.0,0.0,0.0,0.0,0.0,0.0,3.0,7.0,1.0,1.0,2.0,1.0,0.24,0.0,0.24,1.0,nan,nan,nan,nan,nan,nan,0.430128,47.14899826049805,47.0880012512207,46.93600082397461,46.875999450683594,47.012001037597656,46.92100143432617,47.21864318847656,0.6803395748138428,47.21864318847656,0.0,0.0
0.617759,1161.32,-0.3270214239703577,-1.420046631489889,1.2360386848449707,-1.3861287275897425,-1.570930306111471,2.7380685806274414,0.0,0.0,-0.0,0.0,0.0,0.0,-0.3269999921321869,-1.4199999570846558,1.2359999418258667,-1.3860000371932983,-1.5709999799728394,2.73799991607666,0.0,0.0,0.0,0.0,0.0,0.0,0.02467346377670765,-1.0990906953811646,-0.6359421610832214,-0.21708481013774872,0.07497258484363556,0.05371170490980148,-1.6247398572220953e-17,-1.0687898256887804,-1.1894663183301544,-0.4440940167833153,-5.2832411492621246e-05,0.0,-1.8685101751901281e-16,-12.025484868222945,-9.938868412204133,-1.879681580772009,-0.0002231161185564005,0.0,36.88997268676758,38.64998245239258,39.42998123168945,42.90993118286133,44.019981384277344,44.990272521972656,-0.34993986503294866,0.00015498871725147555,0.22438878425829833,-2.302996889808176,2.1308628583887512,0.0006548295448024587,0.0,0.0,0.0,0.0,0.0,0.0,0.0,0.0,0.0,0.0,0.0,0.0,3.0,7.0,1.0,1.0,2.0,1.0,0.24,0.0,0.24,1.0,nan,nan,nan,nan,nan,nan,0.428712,47.14899826049805,47.0880012512207,46.93600082397461,46.875999450683594,46.981998443603516,46.93600082397461,47.21864318847656,0.5729187726974487,47.21864318847656,0.0,0.0
0.625884,1161.328,-0.3270457426654261,-1.420046631489889,1.2360749244689941,-1.3861048857318323,-1.570942227040426,2.738008499145508,0.0,0.0,-0.0,0.0,0.0,0.0,-0.3269999921321869,-1.4199999570846558,1.2359999418258667,-1.3860000371932983,-1.5709999799728394,2.73799991607666,0.0,0.0,0.0,0.0,0.0,0.0,0.0291595496237278,-1.069931149482727,-0.6298419833183289,-0.21708481013774872,0.07161560654640198,0.01342792622745037,-1.6247398572220953e-17,-1.0687898256887804,-1.1894663183301544,-0.4440940167833153,-5.2832411492621246e-05,0.0,-1.8685101751901281e-16,-12.025484868222945,-9.938868412204133,-1.879681580772009,-0.0002231161185564005,0.0,36.889976501464844,38.64998245239258,39.42998123168945,42.90993118286133,44.019981384277344,44.990272521972656,-0.3499285935987959,0.00016230968450918416,0.22437607471907736,-2.303009017562295,2.1307976213087523,0.000576144324838587,0.0,0.0,0.0,0.0,0.0,0.0,0.0,0.0,0.0,0.0,0.0,0.0,3.0,7.0,1.0,1.0,2.0,1.0,0.24,0.0,0.24,1.0,nan,nan,nan,nan,nan,nan,0.42970800000000003,47.16400146484375,47.0880012512207,46.93600082397461,46.875999450683594,46.981998443603516,46.93600082397461,47.21864318847656,0.6087239384651184,47.21864318847656,0.0,0.0
0.633954,1161.336,-0.3270214239703577,-1.4200347105609339,1.2361106872558594,-1.386080567036764,-1.5709541479693812,2.738008499145508,0.0,0.0,-0.0,0.0,0.0,0.0,-0.3269999921321869,-1.4199999570846558,1.2359999418258667,-1.3860000371932983,-1.5709999799728394,2.73799991607666,0.0,0.0,0.0,0.0,0.0,0.0,0.0336456336081028,-1.069931149482727,-0.6039162874221802,-0.21037083864212036,0.067139632999897,0.05706868693232536,-1.6247398572220953e-17,-1.0687898256887804,-1.1894663183301544,-0.4440940167833153,-5.2832411492621246e-05,0.0,-1.8685101751901281e-16,-12.025484868222945,-9.938868412204133,-1.879681580772009,-0.0002231161185564005,0.0,36.889976501464844,38.64998245239258,39.42998123168945,42.90993118286133,44.019981384277344,44.990272521972656,-0.34991812881783113,0.00015288616818302596,0.22435951419351174,-2.303005413750819,2.1307422663521094,0.0004807260296857414,0.0,0.0,0.0,0.0,0.0,0.0,0.0,0.0,0.0,0.0,0.0,0.0,3.0,7.0,1.0,1.0,2.0,1.0,0.24,0.0,0.24,1.0,nan,nan,nan,nan,nan,nan,0.428796,47.16400146484375,47.0880012512207,46.93600082397461,46.875999450683594,46.981998443603516,46.93600082397461,47.21864318847656,0.8951812386512756,47.21864318847656,0.0,0.0
0.642034,1161.344,-0.3270214239703577,-1.4200227896319788,1.2360625267028809,-1.3860686461078089,-1.5709903875934046,2.738032579421997,0.0,0.0,-0.0,0.0,0.0,0.0,-0.3269999921321869,-1.4199999570846558,1.2359999418258667,-1.3860000371932983,-1.5709999799728394,2.73799991607666,0.0,0.0,0.0,0.0,0.0,0.0,0.0314025916159153,-1.0990906953811646,-0.6161166429519653,-0.2025378942489624,0.07721057534217834,0.051473718136548996,-1.6247398572220953e-17,-1.0687898256887804,-1.1894663183301544,-0.4440940167833153,-5.2832411492621246e-05,0.0,-1.8685101751901281e-16,-12.025484868222945,-9.938868412204133,-1.879681580772009,-0.0002231161185564005,0.0,36.889976501464844,38.64998245239258,39.42998123168945,42.90993118286133,44.019981384277344,44.990272521972656,-0.34992189188880074,0.0001620980682679911,0.22436878051532766,-2.3029626610156853,2.1307543502418356,0.0005388528003301741,0.0,0.0,0.0,0.0,0.0,0.0,0.0,0.0,0.0,0.0,0.0,0.0,3.0,7.0,1.0,1.0,2.0,1.0,0.24,0.0,0.24,1.0,nan,nan,nan,nan,nan,nan,0.43301999999999996,47.16400146484375,47.0880012512207,46.93600082397461,46.875999450683594,46.981998443603516,46.93600082397461,47.21864318847656,0.537108302116394,47.21864318847656,0.0,0.0
0.650138,1161.3519999999999,-0.3270457426654261,-1.4200347105609339,1.2360625267028809,-1.386092487965719,-1.570942227040426,2.738032579421997,0.0,0.0,-0.0,0.0,0.0,0.0,-0.3269999921321869,-1.4199999570846558,1.2359999418258667,-1.3860000371932983,-1.5709999799728394,2.73799991607666,0.0,0.0,0.0,0.0,0.0,0.0,0.0291595496237278,-1.0632020235061646,-0.6222168207168579,-0.21372783184051514,0.07273460179567337,0.03021283447742462,-1.6247398572220953e-17,-1.0687898256887804,-1.1894663183301544,-0.4440940167833153,-5.2832411492621246e-05,0.0,-1.8685101751901281e-16,-12.025484868222945,-9.938868412204133,-1.879681580772009,-0.0002231161185564005,0.0,36.889976501464844,38.64998245239258,39.42998123168945,42.90993118286133,44.019981384277344,44.990272521972656,-0.34992895463011003,0.0001624412705712162,0.2243747239649619,-2.3029797640919654,2.1308220828525304,0.0005591486430711991,0.0,0.0,0.0,0.0,0.0,0.0,0.0,0.0,0.0,0.0,0.0,0.0,3.0,7.0,1.0,1.0,2.0,1.0,0.24,0.0,0.24,1.0,nan,nan,nan,nan,nan,nan,0.43463999999999997,47.16400146484375,47.0880012512207,46.93600082397461,46.875999450683594,46.981998443603516,46.93600082397461,47.21864318847656,0.6087239384651184,47.21864318847656,0.0,0.0
0.658216,1161.36,-0.327033821736471,-1.4200108687030237,1.2360868453979492,-1.386080567036764,-1.5709903875934046,2.7379965782165527,0.0,0.0,-0.0,0.0,0.0,0.0,-0.3269999921321869,-1.4199999570846558,1.2359999418258667,-1.3860000371932983,-1.5709999799728394,2.73799991607666,0.0,0.0,0.0,0.0,0.0,0.0,0.0269165076315403,-1.132736325263977,-0.6267919540405273,-0.2036568820476532,0.07385359704494476,0.04028377681970596,-1.6247398572220953e-17,-1.0687898256887804,-1.1894663183301544,-0.4440940167833153,-5.2832411492621246e-05,0.0,-1.8685101751901281e-16,-12.025484868222945,-9.938868412204133,-1.879681580772009,-0.0002231161185564005,0.0,36.889976501464844,38.64998245239258,39.42998123168945,42.90993881225586,44.019981384277344,44.990272521972656,-0.3499211645854888,0.0001661919336317542,0.22435867105706903,-2.3029806113329196,2.130720364251476,0.0005038511169900524,0.0,0.0,0.0,0.0,0.0,0.0,0.0,0.0,0.0,0.0,0.0,0.0,3.0,7.0,1.0,1.0,2.0,1.0,0.24,0.0,0.24,1.0,nan,nan,nan,nan,nan,nan,0.428232,47.16400146484375,47.0880012512207,46.93600082397461,46.86000061035156,46.981998443603516,46.93600082397461,47.21864318847656,0.6803395748138428,47.21864318847656,0.0,0.0
0.666292,1161.368,-0.32699758211244756,-1.4200823942767542,1.2360749244689941,-1.386080567036764,-1.5709779898272913,2.738032579421997,0.0,0.0,-0.0,0.0,0.0,0.0,-0.3269999921321869,-1.4199999570846558,1.2359999418258667,-1.3860000371932983,-1.5709999799728394,2.73799991607666,0.0,0.0,0.0,0.0,0.0,0.0,0.02467346377670765,-1.0542298555374146,-0.6084914207458496,-0.22827474772930145,0.06937761604785919,0.048116736114025116,-1.6247398572220953e-17,-1.0687898256887804,-1.1894663183301544,-0.4440940167833153,-5.2832411492621246e-05,0.0,-1.8685101751901281e-16,-12.025484868222945,-9.938868412204133,-1.879681580772009,-0.0002231161185564005,0.0,36.889976501464844,38.64998245239258,39.42998123168945,42.90993881225586,44.019981384277344,44.990272521972656,-0.3499189949057036,0.00015003252668075655,0.2243858880175666,-2.30301403217371,2.130750964875614,0.0006156948990235551,0.0,0.0,0.0,0.0,0.0,0.0,0.0,0.0,0.0,0.0,0.0,0.0,3.0,7.0,1.0,1.0,2.0,1.0,0.24,0.0,0.24,1.0,nan,nan,nan,nan,nan,nan,0.427536,47.16400146484375,47.0880012512207,46.93600082397461,46.86000061035156,46.981998443603516,46.93600082397461,47.21864318847656,0.6803395748138428,47.21864318847656,0.0,0.0
0.674373,1161.376,-0.32705766359438115,-1.4200347105609339,1.2360625267028809,-1.3861048857318323,-1.570942227040426,2.7380564212799072,0.0,0.0,-0.0,0.0,0.0,0.0,-0.3269999921321869,-1.4199999570846558,1.2359999418258667,-1.3860000371932983,-1.5709999799728394,2.73799991607666,0.0,0.0,0.0,0.0,0.0,0.0,0.0314025916159153,-1.096847653388977,-0.6115415096282959,-0.21708481013774872,0.07609158009290695,0.03245082125067711,-1.6247398572220953e-17,-1.0687898256887804,-1.1894663183301544,-0.4440940167833153,-5.2832411492621246e-05,0.0,-1.8685101751901281e-16,-12.025484868222945,-9.938868412204133,-1.879681580772009,-0.0002231161185564005,0.0,36.889976501464844,38.64998245239258,39.42998123168945,42.90993881225586,44.019981384277344,44.990272521972656,-0.3499313896135185,0.00016743155907742298,0.2243757794763988,-2.30294540278389,2.130866677274118,0.0005769389705048025,0.0,0.0,0.0,0.0,0.0,0.0,0.0,0.0,0.0,0.0,0.0,0.0,3.0,7.0,1.0,1.0,2.0,1.0,0.24,0.0,0.24,1.0,nan,nan,nan,nan,nan,nan,0.426204,47.16400146484375,47.0880012512207,46.93600082397461,46.86000061035156,46.981998443603516,46.93600082397461,47.21864318847656,0.6445291042327881,47.21864318847656,0.0,0.0
0.682460,1161.384,-0.32700950304140264,-1.4200108687030237,1.2360868453979492,-1.3860686461078089,-1.5709903875934046,2.7379846572875977,0.0,0.0,-0.0,0.0,0.0,0.0,-0.3269999921321869,-1.4199999570846558,1.2359999418258667,-1.3860000371932983,-1.5709999799728394,2.73799991607666,0.0,0.0,0.0,0.0,0.0,0.0,0.0291595496237278,-1.0766602754592896,-0.6115415096282959,-0.2193228006362915,0.07049661129713058,0.05371170490980148,-1.6247398572220953e-17,-1.0687898256887804,-1.1894663183301544,-0.4440940167833153,-5.2832411492621246e-05,0.0,-1.8685101751901281e-16,-12.025484868222945,-9.938868412204133,-1.879681580772009,-0.0002231161185564005,0.0,36.889976501464844,38.64998245239258,39.42998123168945,42.90993881225586,44.019981384277344,44.990272521972656,-0.3499188252002626,0.00015689507900917832,0.2243576563208372,-2.3030156248336313,2.1306753538024026,0.00048682208121359714,0.0,0.0,0.0,0.0,0.0,0.0,0.0,0.0,0.0,0.0,0.0,0.0,3.0,7.0,1.0,1.0,2.0,1.0,0.24,0.0,0.24,1.0,nan,nan,nan,nan,nan,nan,0.427656,47.16400146484375,47.0880012512207,46.93600082397461,46.86000061035156,46.981998443603516,46.93600082397461,47.21864318847656,0.6445291042327881,47.21864318847656,0.0,0.0
0.690544,1161.392,-0.32705766359438115,-1.420058552418844,1.2360625267028809,-1.386092487965719,-1.5709779898272913,2.738020658493042,0.0,0.0,-0.0,0.0,0.0,0.0,-0.3269999921321869,-1.4199999570846558,1.2359999418258667,-1.3860000371932983,-1.5709999799728394,2.73799991607666,0.0,0.0,0.0,0.0,0.0,0.0,0.0314025916159153,-1.105819821357727,-0.6222168207168579,-0.21037083864212036,0.07273460179567337,0.051473718136548996,-1.6247398572220953e-17,-1.0687898256887804,-1.1894663183301544,-0.4440940167833153,-5.2832411492621246e-05,0.0,-1.8685101751901281e-16,-12.025484868222945,-9.938868412204133,-1.879681580772009,-0.0002231161185564005,0.0,36.889976501464844,38.64998245239258,39.42998123168945,42.90993881225586,44.019981384277344,44.99124526977539,-0.34992494374877114,0.00017307507857991804,0.22438265598790863,-2.3029628954385792,2.130806526551165,0.0006161346900358559,0.0,0.0,0.0,0.0,0.0,0.0,0.0,0.0,0.0,0.0,0.0,0.0,3.0,7.0,1.0,1.0,2.0,1.0,0.24,0.0,0.24,1.0,nan,nan,nan,nan,nan,nan,0.431796,47.16400146484375,47.0880012512207,46.93600082397461,46.86000061035156,46.99700164794922,46.92100143432617,47.21864318847656,0.7161448001861572,47.21864318847656,0.0,0.0
0.698624,1161.3999999999999,-0.32705766359438115,-1.4200108687030237,1.2360506057739258,-1.3860686461078089,-1.5709903875934046,2.738020658493042,0.0,0.0,-0.0,0.0,0.0,0.0,-0.3269999921321869,-1.4199999570846558,1.2359999418258667,-1.3860000371932983,-1.5709999799728394,2.73799991607666,0.0,0.0,0.0,0.0,0.0,0.0,0.0314025916159153,-1.0901185274124146,-0.6374672055244446,-0.21484681963920593,0.07049661129713058,0.021260883659124374,-1.6247398572220953e-17,-1.0687898256887804,-1.1894663183301544,-0.4440940167833153,-5.2832411492621246e-05,0.0,-1.8685101751901281e-16,-12.025484868222945,-9.938868412204133,-1.879681580772009,-0.0002231161185564005,0.0,36.88998031616211,38.64998245239258,39.42998123168945,42.90993881225586,44.019981384277344,44.99124526977539,-0.3499246075660288,0.00017570376299523772,0.22436834456332272,-2.30293674248524,2.1307823571000784,0.0005386943679150023,0.0,0.0,0.0,0.0,0.0,0.0,0.0,0.0,0.0,0.0,0.0,0.0,3.0,7.0,1.0,1.0,2.0,1.0,0.24,0.0,0.24,1.0,nan,nan,nan,nan,nan,nan,0.42857999999999996,47.14899826049805,47.0880012512207,46.93600082397461,46.86000061035156,46.99700164794922,46.92100143432617,47.21864318847656,0.8235656023025513,47.21864318847656,0.0,0.0
0.706697,1161.408,-0.3270214239703577,-1.4200347105609339,1.2360749244689941,-1.3860686461078089,-1.5709779898272913,2.7380564212799072,0.0,0.0,-0.0,0.0,0.0,0.0,-0.3269999921321869,-1.4199999570846558,1.2359999418258667,-1.3860000371932983,-1.5709999799728394,2.73799991607666,0.0,0.0,0.0,0.0,0.0,0.0,0.0269165076315403,-1.065445065498352,-0.6222168207168579,-0.22379876673221588,0.08056755363941193,0.034688808023929596,-1.6247398572220953e-17,-1.0687898256887804,-1.1894663183301544,-0.4440940167833153,-5.2832411492621246e-05,0.0,-1.8685101751901281e-16,-12.025484868222945,-9.938868412204133,-1.879681580772009,-0.0002231161185564005,0.0,36.88998031616211,38.64998245239258,39.42998123168945,42.90993881225586,44.019981384277344,44.99124526977539,-0.34991991693047997,0.0001587125256985829,0.22436906593633482,-2.302945432812764,2.130789350093061,0.0005303092544356733,0.0,0.0,0.0,0.0,0.0,0.0,0.0,0.0,0.0,0.0,0.0,0.0,3.0,7.0,1.0,1.0,2.0,1.0,0.24,0.0,0.24,1.0,nan,nan,nan,nan,nan,nan,0.4584,47.14899826049805,47.0880012512207,46.93600082397461,46.86000061035156,46.99700164794922,46.92100143432617,47.21864318847656,0.6087239384651184,47.21864318847656,0.0,0.0
0.714781,1161.416,-0.32700950304140264,-1.4200227896319788,1.2360749244689941,-1.386080567036764,-1.5709903875934046,2.7379729747772217,0.0,0.0,-0.0,0.0,0.0,0.0,-0.3269999921321869,-1.4199999570846558,1.2359999418258667,-1.3860000371932983,-1.5709999799728394,2.73799991607666,0.0,0.0,0.0,0.0,0.0,0.0,0.02243042178452015,-1.123764157295227,-0.6206917762756348,-0.21148984134197235,0.067139632999897,0.044759754091501236,-1.6247398572220953e-17,-1.0687898256887804,-1.1894663183301544,-0.4440940167833153,-5.2832411492621246e-05,0.0,-1.8685101751901281e-16,-12.025484868222945,-9.938868412204133,-1.879681580772009,-0.0002231161185564005,0.0,36.88998031616211,38.64998245239258,39.42998123168945,42.90993881225586,44.019981384277344,44.99124526977539,-0.34992225620419015,0.0001580447096866658,0.2243661387815628,-2.3030387623377235,2.1306718118421464,0.0005380088077587124,0.0,0.0,0.0,0.0,0.0,0.0,0.0,0.0,0.0,0.0,0.0,0.0,3.0,7.0,1.0,1.0,2.0,1.0,0.24,0.0,0.24,1.0,nan,nan,nan,nan,nan,nan,0.435984,47.14899826049805,47.0880012512207,46.93600082397461,46.86000061035156,46.99700164794922,46.92100143432617,47.21864318847656,0.6803395748138428,47.21864318847656,0.0,0.0
0.722866,1161.424,-0.32700950304140264,-1.420058552418844,1.2360625267028809,-1.3861048857318323,-1.5709779898272913,2.738044500350952,0.0,0.0,-0.0,0.0,0.0,0.0,-0.3269999921321869,-1.4199999570846558,1.2359999418258667,-1.3860000371932983,-1.5709999799728394,2.73799991607666,0.0,0.0,0.0,0.0,0.0,0.0,0.0314025916159153,-1.1170350313186646,-0.6191667318344116,-0.2025378942489624,0.06490164250135422,0.04364075884222984,-1.6247398572220953e-17,-1.0687898256887804,-1.1894663183301544,-0.4440940167833153,-5.2832411492621246e-05,0.0,-1.8685101751901281e-16,-12.025484868222945,-9.938868412204133,-1.879681580772009,-0.0002231161185564005,0.0,36.88998031616211,38.64998245239258,39.42998123168945,42.90993881225586,44.019981384277344,44.99124526977539,-0.34992738863867395,0.00015704118436912534,0.22438371156061193,-2.302992554186034,2.1307819463405204,0.0006341174103306282,0.0,0.0,0.0,0.0,0.0,0.0,0.0,0.0,0.0,0.0,0.0,0.0,3.0,7.0,1.0,1.0,2.0,1.0,0.24,0.0,0.24,1.0,nan,nan,nan,nan,nan,nan,0.433476,47.14899826049805,47.05799865722656,46.93600082397461,46.86000061035156,46.99700164794922,46.92100143432617,47.21864318847656,0.6445291042327881,47.21864318847656,0.0,0.0
0.730955,1161.432,-0.327033821736471,-1.4200108687030237,1.2360386848449707,-1.3860686461078089,-1.5709779898272913,2.738044500350952,0.0,0.0,-0.0,0.0,0.0,0.0,-0.3269999921321869,-1.4199999570846558,1.2359999418258667,-1.3860000371932983,-1.5709999799728394,2.73799991607666,0.0,0.0,0.0,0.0,0.0,0.0,0.0269165076315403,-1.092361569404602,-0.6176416873931885,-0.2204417884349823,0.08280554413795471,0.05930667370557785,-1.6247398572220953e-17,-1.0687898256887804,-1.1894663183301544,-0.4440940167833153,-5.2832411492621246e-05,0.0,-1.8685101751901281e-16,-12.025484868222945,-9.938868412204133,-1.879681580772009,-0.0002231161185564005,0.0,36.88998031616211,38.64998245239258,39.42998123168945,42.90994644165039,44.019981384277344,44.99124526977539,-0.34992733938277626,0.00016556915639186171,0.22437185062045414,-2.30294860300057,2.1307933696042003,0.0005479843728415134,0.0,0.0,0.0,0.0,0.0,0.0,0.0,0.0,0.0,0.0,0.0,0.0,3.0,7.0,1.0,1.0,2.0,1.0,0.24,0.0,0.24,1.0,nan,nan,nan,nan,nan,nan,0.42912,47.14899826049805,47.05799865722656,46.93600082397461,46.86000061035156,46.99700164794922,46.92100143432617,47.21864318847656,0.6445291042327881,47.21864318847656,0.0,0.0
0.739048,1161.44,-0.32700950304140264,-1.420058552418844,1.2360749244689941,-1.386080567036764,-1.5709660688983362,2.738020658493042,0.0,0.0,-0.0,0.0,0.0,0.0,-0.3269999921321869,-1.4199999570846558,1.2359999418258667,-1.3860000371932983,-1.5709999799728394,2.73799991607666,0.0,0.0,0.0,0.0,0.0,0.0,0.02018737979233265,-1.0766602754592896,-0.6405172944068909,-0.2193228006362915,0.0682586282491684,0.04028377681970596,-1.6247398572220953e-17,-1.0687898256887804,-1.1894663183301544,-0.4440940167833153,-5.2832411492621246e-05,0.0,-1.8685101751901281e-16,-12.025484868222945,-9.938868412204133,-1.879681580772009,-0.0002231161185564005,0.0,36.88998031616211,38.64998245239258,39.42998123168945,42.90994644165039,44.019981384277344,44.99124526977539,-0.3499214190438561,0.00015242456894897096,0.22437797495861028,-2.303014916694348,2.1307517327398946,0.000573825320011069,0.0,0.0,0.0,0.0,0.0,0.0,0.0,0.0,0.0,0.0,0.0,0.0,3.0,7.0,1.0,1.0,2.0,1.0,0.24,0.0,0.24,1.0,nan,nan,nan,nan,nan,nan,0.431856,47.14899826049805,47.05799865722656,46.93600082397461,46.86000061035156,46.99700164794922,46.92100143432617,47.279415130615234,0.7161448001861572,47.21864318847656,0.0,0.0
0.747171,1161.4479999999999,-0.327033821736471,-1.4200108687030237,1.2360749244689941,-1.386080567036764,-1.5709779898272913,2.738044500350952,0.0,0.0,-0.0,0.0,0.0,0.0,-0.3269999921321869,-1.4199999570846558,1.2359999418258667,-1.3860000371932983,-1.5709999799728394,2.73799991607666,0.0,0.0,0.0,0.0,0.0,0.0,0.0314025916159153,-1.056472897529602,-0.6328920722007751,-0.20701386034488678,0.07721057534217834,0.05930667370557785,-1.6247398572220953e-17,-1.0687898256887804,-1.1894663183301544,-0.4440940167833153,-5.2832411492621246e-05,0.0,-1.8685101751901281e-16,-12.025484868222945,-9.938868412204133,-1.879681580772009,-0.0002231161185564005,0.0,36.88998031616211,38.64998245239258,39.42998123168945,42.90994644165039,44.019981384277344,44.99124526977539,-0.3499238924215209,0.00016440021675425163,0.2243621770708772,-2.302941416407998,2.130786557926067,0.000513142055271163,0.0,0.0,0.0,0.0,0.0,0.0,0.0,0.0,0.0,0.0,0.0,0.0,3.0,7.0,1.0,1.0,2.0,1.0,0.24,0.0,0.24,1.0,nan,nan,nan,nan,nan,nan,0.437544,47.14899826049805,47.05799865722656,46.93600082397461,46.86000061035156,46.99700164794922,46.92100143432617,47.21864318847656,0.6087239384651184,47.21864318847656,0.0,0.0
0.755257,1161.456,-0.3270214239703577,-1.4200108687030237,1.2360749244689941,-1.3861287275897425,-1.5710023085223597,2.738008499145508,0.0,0.0,-0.0,0.0,0.0,0.0,-0.3269999921321869,-1.4199999570846558,1.2359999418258667,-1.3860000371932983,-1.5709999799728394,2.73799991607666,0.0,0.0,0.0,0.0,0.0,0.0,0.0291595496237278,-1.065445065498352,-0.6206917762756348,-0.19246694445610046,0.06937761604785919,0.034688808023929596,-1.6247398572220953e-17,-1.0687898256887804,-1.1894663183301544,-0.4440940167833153,-5.2832411492621246e-05,0.0,-1.8685101751901281e-16,-12.025484868222945,-9.938868412204133,-1.879681580772009,-0.0002231161185564005,0.0,36.88998031616211,38.64998245239258,39.42998123168945,42.90994644165039,44.019981384277344,44.99124526977539,-0.34993174681743056,0.00016801922701280948,0.2243662963959941,-2.302991206391107,2.130729005590326,0.0005976003812452682,0.0,0.0,0.0,0.0,0.0,0.0,0.0,0.0,0.0,0.0,0.0,0.0,3.0,7.0,1.0,1.0,2.0,1.0,0.24,0.0,0.24,1.0,nan,nan,nan,nan,nan,nan,0.43139999999999995,47.14899826049805,47.05799865722656,46.93600082397461,46.86000061035156,46.99700164794922,46.92100143432617,47.21864318847656,0.7877604365348816,47.21864318847656,0.0,0.0
0.763337,1161.464,-0.32700950304140264,-1.420046631489889,1.2360267639160156,-1.386080567036764,-1.5709779898272913,2.738032579421997,0.0,0.0,-0.0,0.0,0.0,0.0,-0.3269999921321869,-1.4199999570846558,1.2359999418258667,-1.3860000371932983,-1.5709999799728394,2.73799991607666,0.0,0.0,0.0,0.0,0.0,0.0,0.0269165076315403,-1.105819821357727,-0.6511926054954529,-0.2036568820476532,0.08168654888868332,0.051473718136548996,-1.6247398572220953e-17,-1.0687898256887804,-1.1894663183301544,-0.4440940167833153,-5.2832411492621246e-05,0.0,-1.8685101751901281e-16,-12.025484868222945,-9.938868412204133,-1.879681580772009,-0.0002231161185564005,0.0,36.88998031616211,38.64998245239258,39.42998123168945,42.90994644165039,44.019981384277344,44.99211883544922,-0.34992913930351965,0.0001576465949490572,0.22438823725697565,-2.3030050074042743,2.1307681732603334,0.0006334075046310227,0.0,0.0,0.0,0.0,0.0,0.0,0.0,0.0,0.0,0.0,0.0,0.0,3.0,7.0,1.0,1.0,2.0,1.0,0.24,0.0,0.24,1.0,nan,nan,nan,nan,nan,nan,0.42793200000000003,47.14899826049805,47.05799865722656,46.93600082397461,46.86000061035156,46.99700164794922,46.93600082397461,47.21864318847656,0.7161448001861572,47.21864318847656,0.0,0.0
0.771421,1161.472,-0.32706958452333623,-1.4200227896319788,1.2360506057739258,-1.3861048857318323,-1.5709779898272913,2.7379965782165527,0.0,0.0,-0.0,0.0,0.0,0.0,-0.3269999921321869,-1.4199999570846558,1.2359999418258667,-1.3860000371932983,-1.5709999799728394,2.73799991607666,0.0,0.0,0.0,0.0,0.0,0.0,0.0291595496237278,-1.083389401435852,-0.6267919540405273,-0.204775869846344,0.07721057534217834,0.04923573136329651,-1.6247398572220953e-17,-1.0687898256887804,-1.1894663183301544,-0.4440940167833153,-5.2832411492621246e-05,0.0,-1.8685101751901281e-16,-12.025484868222945,-9.938868412204133,-1.879681580772009,-0.0002231161185564005,0.0,36.889984130859375,38.64998245239258,39.42998123168945,42.90994644165039,44.019981384277344,44.99211883544922,-0.349931734850452,0.00017955238615862686,0.22437537182391187,-2.3029724801922016,2.1307893240064995,0.0005996098657670676,0.0,0.0,0.0,0.0,0.0,0.0,0.0,0.0,0.0,0.0,0.0,0.0,3.0,7.0,1.0,1.0,2.0,1.0,0.24,0.0,0.24,1.0,nan,nan,nan,nan,nan,nan,0.42882,47.14899826049805,47.05799865722656,46.93600082397461,46.86000061035156,46.99700164794922,46.93600082397461,47.279415130615234,0.5729187726974487,47.21864318847656,0.0,0.0
0.779505,1161.48,-0.3270457426654261,-1.4199865500079554,1.2360506057739258,-1.3860686461078089,-1.5709660688983362,2.738008499145508,0.0,0.0,-0.0,0.0,0.0,0.0,-0.3269999921321869,-1.4199999570846558,1.2359999418258667,-1.3860000371932983,-1.5709999799728394,2.73799991607666,0.0,0.0,0.0,0.0,0.0,0.0,0.0314025916159153,-1.0856324434280396,-0.6206917762756348,-0.2204417884349823,0.07609158009290695,0.038045790046453476,-1.6247398572220953e-17,-1.0687898256887804,-1.1894663183301544,-0.4440940167833153,-5.2832411492621246e-05,0.0,-1.8685101751901281e-16,-12.025484868222945,-9.938868412204133,-1.879681580772009,-0.0002231161185564005,0.0,36.889984130859375,38.64998245239258,39.42998123168945,42.90994644165039,44.019981384277344,44.99211883544922,-0.34992789104443744,0.00016732899219167703,0.22436026340570916,-2.3029714502900904,2.1307629546658027,0.00048827776455075757,0.0,0.0,0.0,0.0,0.0,0.0,0.0,0.0,0.0,0.0,0.0,0.0,3.0,7.0,1.0,1.0,2.0,1.0,0.24,0.0,0.24,1.0,nan,nan,nan,nan,nan,nan,0.43030799999999997,47.14899826049805,47.05799865722656,46.93600082397461,46.86000061035156,46.99700164794922,46.93600082397461,47.21864318847656,0.6087239384651184,47.21864318847656,0.0,0.0
0.787659,1161.488,-0.3270214239703577,-1.420046631489889,1.2360868453979492,-1.386080567036764,-1.5709779898272913,2.738020658493042,0.0,0.0,-0.0,0.0,0.0,0.0,-0.3269999921321869,-1.4199999570846558,1.2359999418258667,-1.3860000371932983,-1.5709999799728394,2.73799991607666,0.0,0.0,0.0,0.0,0.0,0.0,0.02467346377670765,-1.128250241279602,-0.6100164651870728,-0.21484681963920593,0.06266365945339203,0.06042566895484924,-1.6247398572220953e-17,-1.0687898256887804,-1.1894663183301544,-0.4440940167833153,-5.2832411492621246e-05,0.0,-1.8685101751901281e-16,-12.025484868222945,-9.938868412204133,-1.879681580772009,-0.0002231161185564005,0.0,36.889984130859375,38.64998245239258,39.42998123168945,42.90994644165039,44.019981384277344,44.99211883544922,-0.34991953838530593,0.0001585752088617107,0.2243705166444393,-2.3029871289851216,2.13075143749713,0.000547266251376488,0.0,0.0,0.0,0.0,0.0,0.0,0.0,0.0,0.0,0.0,0.0,0.0,3.0,7.0,1.0,1.0,2.0,1.0,0.24,0.0,0.24,1.0,nan,nan,nan,nan,nan,nan,0.430896,47.14899826049805,47.05799865722656,46.93600082397461,46.86000061035156,46.99700164794922,46.93600082397461,47.21864318847656,0.7161448001861572,47.21864318847656,0.0,0.0
0.795768,1161.4959999999999,-0.32699758211244756,-1.4200108687030237,1.2360625267028809,-1.3861287275897425,-1.5709660688983362,2.7379729747772217,0.0,0.0,-0.0,0.0,0.0,0.0,-0.3269999921321869,-1.4199999570846558,1.2359999418258667,-1.3860000371932983,-1.5709999799728394,2.73799991607666,0.0,0.0,0.0,0.0,0.0,0.0,0.0291595496237278,-1.0990906953811646,-0.6298419833183289,-0.20029990375041962,0.067139632999897,0.04699774086475372,-1.6247398572220953e-17,-1.0687898256887804,-1.1894663183301544,-0.4440940167833153,-5.2832411492621246e-05,0.0,-1.8685101751901281e-16,-12.025484868222945,-9.938868412204133,-1.879681580772009,-0.0002231161185564005,0.0,36.889984130859375,38.64998245239258,39.42998123168945,42.90994644165039,44.019981384277344,44.99211883544922,-0.34993613726995226,0.00015322689606401938,0.22436992423166596,-2.303082425523957,2.13068656291869,0.0005921138586115931,0.0,0.0,0.0,0.0,0.0,0.0,0.0,0.0,0.0,0.0,0.0,0.0,3.0,7.0,1.0,1.0,2.0,1.0,0.24,0.0,0.24,1.0,nan,nan,nan,nan,nan,nan,0.432096,47.14899826049805,47.0880012512207,46.93600082397461,46.86000061035156,46.99700164794922,46.93600082397461,47.21864318847656,0.6803395748138428,47.21864318847656,0.0,0.0
0.803852,1161.504,-0.32699758211244756,-1.4200108687030237,1.2360868453979492,-1.386092487965719,-1.5709541479693812,2.7379965782165527,0.0,0.0,-0.0,0.0,0.0,0.0,-0.3269999921321869,-1.4199999570846558,1.2359999418258667,-1.3860000371932983,-1.5709999799728394,2.73799991607666,0.0,0.0,0.0,0.0,0.0,0.0,0.0269165076315403,-1.110305905342102,-0.6405172944068909,-0.2204417884349823,0.07049661129713058,0.03916478529572487,-1.6247398572220953e-17,-1.0687898256887804,-1.1894663183301544,-0.4440940167833153,-5.2832411492621246e-05,0.0,-1.8685101751901281e-16,-12.025484868222945,-9.938868412204133,-1.879681580772009,-0.0002231161185564005,0.0,36.889984130859375,38.64998245239258,39.42998123168945,42.909950256347656,44.019981384277344,44.99211883544922,-0.34992591936366035,0.0001471796548904859,0.22435965708956274,-2.3030471040874843,2.130704388216954,0.0004978277963988422,0.0,0.0,0.0,0.0,0.0,0.0,0.0,0.0,0.0,0.0,0.0,0.0,3.0,7.0,1.0,1.0,2.0,1.0,0.24,0.0,0.24,1.0,nan,nan,nan,nan,nan,nan,0.43087200000000003,47.14899826049805,47.0880012512207,46.93600082397461,46.86000061035156,46.99700164794922,46.93600082397461,47.21864318847656,0.859376072883606,47.21864318847656,0.0,0.0
0.811958,1161.512,-0.327033821736471,-1.420058552418844,1.2360749244689941,-1.3860686461078089,-1.5709660688983362,2.738020658493042,0.0,0.0,-0.0,0.0,0.0,0.0,-0.3269999921321869,-1.4199999570846558,1.2359999418258667,-1.3860000371932983,-1.5709999799728394,2.73799991607666,0.0,0.0,0.0,0.0,0.0,0.0,0.02243042178452015,-1.065445065498352,-0.6084914207458496,-0.22827474772930145,0.0850435346364975,0.04699774086475372,-1.6247398572220953e-17,-1.0687898256887804,-1.1894663183301544,-0.4440940167833153,-5.2832411492621246e-05,0.0,-1.8685101751901281e-16,-12.025484868222945,-9.938868412204133,-1.879681580772009,-0.0002231161185564005,0.0,36.889984130859375,38.64998245239258,39.42998123168945,42.909950256347656,44.019981384277344,44.99211883544922,-0.34991907198668304,0.00016014693522582317,0.22437696007501964,-2.302985409065383,2.1307764511336007,0.0005566779917618103,0.0,0.0,0.0,0.0,0.0,0.0,0.0,0.0,0.0,0.0,0.0,0.0,3.0,7.0,1.0,1.0,2.0,1.0,0.24,0.0,0.24,1.0,nan,nan,nan,nan,nan,nan,0.43180799999999997,47.14899826049805,47.0880012512207,46.93600082397461,46.86000061035156,46.99700164794922,46.93600082397461,47.21864318847656,0.6803395748138428,47.21864318847656,0.0,0.0
0.820070,1161.52,-0.327033821736471,-1.4200347105609339,1.2360625267028809,-1.3861287275897425,-1.5709903875934046,2.738008499145508,0.0,0.0,-0.0,0.0,0.0,0.0,-0.3269999921321869,-1.4199999570846558,1.2359999418258667,-1.3860000371932983,-1.5709999799728394,2.73799991607666,0.0,0.0,0.0,0.0,0.0,0.0,0.02467346377670765,-1.0901185274124146,-0.623741865158081,-0.20813286304473877,0.05818767845630646,0.038045790046453476,-1.6247398572220953e-17,-1.0687898256887804,-1.1894663183301544,-0.4440940167833153,-5.2832411492621246e-05,0.0,-1.8685101751901281e-16,-12.025484868222945,-9.938868412204133,-1.879681580772009,-0.0002231161185564005,0.0,36.889984130859375,38.64998245239258,39.42998123168945,42.909950256347656,44.019981384277344,44.99211883544922,-0.34993288259570887,0.00017012300344844915,0.22437784752135356,-2.3029967734981596,2.1307607429057174,0.0006418444131394727,0.0,0.0,0.0,0.0,0.0,0.0,0.0,0.0,0.0,0.0,0.0,0.0,3.0,7.0,1.0,1.0,2.0,1.0,0.24,0.0,0.24,1.0,nan,nan,nan,nan,nan,nan,0.434184,47.14899826049805,47.0880012512207,46.93600082397461,46.86000061035156,46.99700164794922,46.93600082397461,47.21864318847656,0.537108302116394,47.21864318847656,0.0,0.0
0.828195,1161.528,-0.3270457426654261,-1.420046631489889,1.2360625267028809,-1.3861168066607874,-1.5709903875934046,2.738008499145508,0.0,0.0,-0.0,0.0,0.0,0.0,-0.3269999921321869,-1.4199999570846558,1.2359999418258667,-1.3860000371932983,-1.5709999799728394,2.73799991607666,0.0,0.0,0.0,0.0,0.0,0.0,0.0269165076315403,-1.0407716035842896,-0.6161166429519653,-0.2204417884349823,0.08056755363941193,0.04028377681970596,-1.6247398572220953e-17,-1.0687898256887804,-1.1894663183301544,-0.4440940167833153,-5.2832411492621246e-05,0.0,-1.8685101751901281e-16,-12.025484868222945,-9.938868412204133,-1.879681580772009,-0.0002231161185564005,0.0,36.889984130859375,38.64998245239258,39.42998123168945,42.909950256347656,44.019981384277344,44.99211883544922,-0.34992972009282564,0.00017322609249385303,0.22438078449115673,-2.302984026133983,2.130774496386726,0.0006418160285017872,0.0,0.0,0.0,0.0,0.0,0.0,0.0,0.0,0.0,0.0,0.0,0.0,3.0,7.0,1.0,1.0,2.0,1.0,0.24,0.0,0.24,1.0,nan,nan,nan,nan,nan,nan,0.43062,47.14899826049805,47.0880012512207,46.93600082397461,46.86000061035156,46.99700164794922,46.93600082397461,47.21864318847656,0.6445291042327881,47.21864318847656,0.0,0.0
0.836307,1161.536,-0.3270214239703577,-1.4199984709369105,1.2360749244689941,-1.386080567036764,-1.5709779898272913,2.738008499145508,0.0,0.0,-0.0,0.0,0.0,0.0,-0.3269999921321869,-1.4199999570846558,1.2359999418258667,-1.3860000371932983,-1.5709999799728394,2.73799991607666,0.0,0.0,0.0,0.0,0.0,0.0,0.0269165076315403,-1.0542298555374146,-0.6191667318344116,-0.2193228006362915,0.06937761604785919,0.038045790046453476,-1.6247398572220953e-17,-1.0687898256887804,-1.1894663183301544,-0.4440940167833153,-5.2832411492621246e-05,0.0,-1.8685101751901281e-16,-12.025484868222945,-9.938868412204133,-1.879681580772009,-0.0002231161185564005,0.0,36.889984130859375,38.64998245239258,39.42998123168945,42.909950256347656,44.019981384277344,44.9929084777832,-0.3499247441580936,0.0001603542474942306,0.2243580671357403,-2.3029892841739614,2.130727382185425,0.0004953037127416974,0.0,0.0,0.0,0.0,0.0,0.0,0.0,0.0,0.0,0.0,0.0,0.0,3.0,7.0,1.0,1.0,2.0,1.0,0.24,0.0,0.24,1.0,nan,nan,nan,nan,nan,nan,0.430116,47.14899826049805,47.0880012512207,46.93600082397461,46.86000061035156,46.981998443603516,46.93600082397461,47.21864318847656,0.6803395748138428,47.21864318847656,0.0,0.0
0.844397,1161.5439999999999,-0.3270457426654261,-1.4200227896319788,1.2360749244689941,-1.3860686461078089,-1.5709779898272913,2.7379729747772217,0.0,0.0,-0.0,0.0,0.0,0.0,-0.3269999921321869,-1.4199999570846558,1.2359999418258667,-1.3860000371932983,-1.5709999799728394,2.73799991607666,0.0,0.0,0.0,0.0,0.0,0.0,0.0314025916159153,-1.096847653388977,-0.6206917762756348,-0.2036568820476532,0.08056755363941193,0.03692679852247238,-1.6247398572220953e-17,-1.0687898256887804,-1.1894663183301544,-0.4440940167833153,-5.2832411492621246e-05,0.0,-1.8685101751901281e-16,-12.025484868222945,-9.938868412204133,-1.879681580772009,-0.0002231161185564005,0.0,36.889984130859375,38.64998245239258,39.42998123168945,42.909950256347656,44.019981384277344,44.9929084777832,-0.3499207300827477,0.00016750323080146735,0.22436511412590165,-2.30300486257582,2.1307179429813634,0.0005128828119817971,0.0,0.0,0.0,0.0,0.0,0.0,0.0,0.0,0.0,0.0,0.0,0.0,3.0,7.0,1.0,1.0,2.0,1.0,0.24,0.0,0.24,1.0,nan,nan,nan,nan,nan,nan,0.434988,47.18000030517578,47.0880012512207,46.95199966430664,46.86000061035156,46.981998443603516,46.93600082397461,47.21864318847656,0.6087239384651184,47.21864318847656,0.0,0.0
0.852509,1161.552,-0.32705766359438115,-1.4200227896319788,1.2360625267028809,-1.3861048857318323,-1.5709903875934046,2.738020658493042,0.0,0.0,-0.0,0.0,0.0,0.0,-0.3269999921321869,-1.4199999570846558,1.2359999418258667,-1.3860000371932983,-1.5709999799728394,2.73799991607666,0.0,0.0,0.0,0.0,0.0,0.0,0.0314025916159153,-1.0632020235061646,-0.6161166429519653,-0.2215607762336731,0.07609158009290695,0.038045790046453476,-1.6247398572220953e-17,-1.0687898256887804,-1.1894663183301544,-0.4440940167833153,-5.2832411492621246e-05,0.0,-1.8685101751901281e-16,-12.025484868222945,-9.938868412204133,-1.879681580772009,-0.0002231161185564005,0.0,36.889984130859375,38.64998245239258,39.42998123168945,42.909950256347656,44.019981384277344,44.9929084777832,-0.34992900923102294,0.00017717257547409152,0.2243718656771826,-2.302947676128668,2.130792323441884,0.0005905883375658778,0.0,0.0,0.0,0.0,0.0,0.0,0.0,0.0,0.0,0.0,0.0,0.0,3.0,7.0,1.0,1.0,2.0,1.0,0.24,0.0,0.24,1.0,nan,nan,nan,nan,nan,nan,0.42975599999999997,47.18000030517578,47.0880012512207,46.95199966430664,46.86000061035156,46.981998443603516,46.93600082397461,47.21864318847656,0.5729187726974487,47.21864318847656,0.0,0.0
0.860638,1161.56,-0.327033821736471,-1.420058552418844,1.2360506057739258,-1.3861406485186976,-1.571026627217428,2.738020658493042,0.0,0.0,-0.0,0.0,0.0,0.0,-0.3269999921321869,-1.4199999570846558,1.2359999418258667,-1.3860000371932983,-1.5709999799728394,2.73799991607666,0.0,0.0,0.0,0.0,0.0,0.0,0.02243042178452015,-1.1170350313186646,-0.6222168207168579,-0.19918090105056763,0.0682586282491684,0.027974845841526985,-1.6247398572220953e-17,-1.0687898256887804,-1.1894663183301544,-0.4440940167833153,-5.2832411492621246e-05,0.0,-1.8685101751901281e-16,-12.025484868222945,-9.938868412204133,-1.879681580772009,-0.0002231161185564005,0.0,36.889984130859375,38.64998245239258,39.42998123168945,42.909950256347656,44.019981384277344,44.9929084777832,-0.3499330897403281,0.0001781097242510383,0.2243903116944599,-2.302973773949166,2.1307654990886755,0.0007333961476086843,0.0,0.0,0.0,0.0,0.0,0.0,0.0,0.0,0.0,0.0,0.0,0.0,3.0,7.0,1.0,1.0,2.0,1.0,0.24,0.0,0.24,1.0,nan,nan,nan,nan,nan,nan,0.426876,47.18000030517578,47.0880012512207,46.95199966430664,46.86000061035156,46.981998443603516,46.93600082397461,47.21864318847656,0.6803395748138428,47.21864318847656,0.0,0.0
0.868752,1161.568,-0.3270214239703577,-1.4199984709369105,1.2360868453979492,-1.386092487965719,-1.5709660688983362,2.738008499145508,0.0,0.0,-0.0,0.0,0.0,0.0,-0.3269999921321869,-1.4199999570846558,1.2359999418258667,-1.3860000371932983,-1.5709999799728394,2.73799991607666,0.0,0.0,0.0,0.0,0.0,0.0,0.0314025916159153,-1.0542298555374146,-0.6176416873931885,-0.2036568820476532,0.06602063775062561,0.0503547228872776,-1.6247398572220953e-17,-1.0687898256887804,-1.1894663183301544,-0.4440940167833153,-5.2832411492621246e-05,0.0,-1.8685101751901281e-16,-12.025484868222945,-9.938868412204133,-1.879681580772009,-0.0002231161185564005,0.0,36.889984130859375,38.64998245239258,39.42998123168945,42.909950256347656,44.019981384277344,44.9929084777832,-0.34992597405828585,0.00015815641543062952,0.22435555657039397,-2.3029973213026844,2.1307347348804266,0.0004876620250686392,0.0,0.0,0.0,0.0,0.0,0.0,0.0,0.0,0.0,0.0,0.0,0.0,3.0,7.0,1.0,1.0,2.0,1.0,0.24,0.0,0.24,1.0,nan,nan,nan,nan,nan,nan,0.428592,47.18000030517578,47.05799865722656,46.95199966430664,46.86000061035156,46.981998443603516,46.93600082397461,47.21864318847656,0.7161448001861572,47.21864318847656,0.0,0.0
0.876881,1161.576,-0.327033821736471,-1.4200227896319788,1.2360625267028809,-1.386080567036764,-1.5709903875934046,2.7379846572875977,0.0,0.0,-0.0,0.0,0.0,0.0,-0.3269999921321869,-1.4199999570846558,1.2359999418258667,-1.3860000371932983,-1.5709999799728394,2.73799991607666,0.0,0.0,0.0,0.0,0.0,0.0,0.02467346377670765,-1.0990906953811646,-0.6161166429519653,-0.19582392275333405,0.08056755363941193,0.03916478529572487,-1.6247398572220953e-17,-1.0687898256887804,-1.1894663183301544,-0.4440940167833153,-5.2832411492621246e-05,0.0,-1.8685101751901281e-16,-12.025484868222945,-9.938868412204133,-1.879681580772009,-0.0002231161185564005,0.0,36.889984130859375,38.64998245239258,39.42998123168945,42.90995407104492,44.019981384277344,44.9929084777832,-0.3499242331216427,0.00016722359169747187,0.2243697953411436,-2.3030040954115574,2.1307167188805947,0.000555727419239579,0.0,0.0,0.0,0.0,0.0,0.0,0.0,0.0,0.0,0.0,0.0,0.0,3.0,7.0,1.0,1.0,2.0,1.0,0.24,0.0,0.24,1.0,nan,nan,nan,nan,nan,nan,0.429336,47.18000030517578,47.05799865722656,46.95199966430664,46.86000061035156,46.981998443603516,46.93600082397461,47.21864318847656,0.6445291042327881,47.21864318847656,0.0,0.0
0.885012,1161.584,-0.3270214239703577,-1.4200227896319788,1.2360868453979492,-1.3860686461078089,-1.5709541479693812,2.738008499145508,0.0,0.0,-0.0,0.0,0.0,0.0,-0.3269999921321869,-1.4199999570846558,1.2359999418258667,-1.3860000371932983,-1.5709999799728394,2.73799991607666,0.0,0.0,0.0,0.0,0.0,0.0,0.02467346377670765,-1.105819821357727,-0.6191667318344116,-0.22267977893352509,0.06154466047883034,0.041402772068977356,-1.6247398572220953e-17,-1.0687898256887804,-1.1894663183301544,-0.4440940167833153,-5.2832411492621246e-05,0.0,-1.8685101751901281e-16,-12.025484868222945,-9.938868412204133,-1.879681580772009,-0.0002231161185564005,0.0,36.889984130859375,38.64998245239258,39.42998123168945,42.90995407104492,44.019981384277344,44.9929084777832,-0.3499204121009263,0.0001536669690799079,0.2243615793842867,-2.3030053610833767,2.130742314774658,0.0004807300796587636,0.0,0.0,0.0,0.0,0.0,0.0,0.0,0.0,0.0,0.0,0.0,0.0,3.0,7.0,1.0,1.0,2.0,1.0,0.24,0.0,0.24,1.0,nan,nan,nan,nan,nan,nan,0.430488,47.18000030517578,47.05799865722656,46.95199966430664,46.86000061035156,46.981998443603516,46.93600082397461,47.21864318847656,0.6087239384651184,47.21864318847656,0.0,0.0
0.893229,1161.5919999999999,-0.327033821736471,-1.4200347105609339,1.2360386848449707,-1.3860686461078089,-1.5709541479693812,2.738020658493042,0.0,0.0,-0.0,0.0,0.0,0.0,-0.3269999921321869,-1.4199999570846558,1.2359999418258667,-1.3860000371932983,-1.5709999799728394,2.73799991607666,0.0,0.0,0.0,0.0,0.0,0.0,0.0269165076315403,-1.0811463594436646,-0.6222168207168579,-0.19358593225479126,0.0682586282491684,0.034688808023929596,-1.6247398572220953e-17,-1.0687898256887804,-1.1894663183301544,-0.4440940167833153,-5.2832411492621246e-05,0.0,-1.8685101751901281e-16,-12.025484868222945,-9.938868412204133,-1.879681580772009,-0.0002231161185564005,0.0,36.889984130859375,38.64998245239258,39.42998123168945,42.90995407104492,44.019981384277344,44.9929084777832,-0.34992728779311516,0.00016032374803170312,0.2243797355242513,-2.302997078814491,2.130787314880098,0.000566797138519091,0.0,0.0,0.0,0.0,0.0,0.0,0.0,0.0,0.0,0.0,0.0,0.0,3.0,7.0,1.0,1.0,2.0,1.0,0.24,0.0,0.24,1.0,nan,nan,nan,nan,nan,nan,0.429888,47.18000030517578,47.05799865722656,46.95199966430664,46.86000061035156,46.981998443603516,46.93600082397461,47.21864318847656,0.6803395748138428,47.21864318847656,0.0,0.0
0.901355,1161.6,-0.32699758211244756,-1.420046631489889,1.2360749244689941,-1.386092487965719,-1.5709903875934046,2.738020658493042,0.0,0.0,-0.0,0.0,0.0,0.0,-0.3269999921321869,-1.4199999570846558,1.2359999418258667,-1.3860000371932983,-1.5709999799728394,2.73799991607666,0.0,0.0,0.0,0.0,0.0,0.0,0.0291595496237278,-1.060958981513977,-0.6267919540405273,-0.21484681963920593,0.054830700159072876,0.01678490824997425,-1.6247398572220953e-17,-1.0687898256887804,-1.1894663183301544,-0.4440940167833153,-5.2832411492621246e-05,0.0,-1.8685101751901281e-16,-12.025484868222945,-9.938868412204133,-1.879681580772009,-0.0002231161185564005,0.0,36.889984130859375,38.64998245239258,39.42998123168945,42.90995407104492,44.019981384277344,44.9929084777832,-0.3499229670133111,0.00015409832919913982,0.2243750573346989,-2.3030113667672603,2.130722901959549,0.0005894285931036069,0.0,0.0,0.0,0.0,0.0,0.0,0.0,0.0,0.0,0.0,0.0,0.0,3.0,7.0,1.0,1.0,2.0,1.0,0.24,0.0,0.24,1.0,nan,nan,nan,nan,nan,nan,0.433092,47.18000030517578,47.05799865722656,46.95199966430664,46.86000061035156,46.981998443603516,46.93600082397461,47.21864318847656,0.6445291042327881,47.21864318847656,0.0,0.0
0.909487,1161.608,-0.3270214239703577,-1.4200227896319788,1.2360386848449707,-1.3861168066607874,-1.5709541479693812,2.7379965782165527,0.0,0.0,-0.0,0.0,0.0,0.0,-0.3269999921321869,-1.4199999570846558,1.2359999418258667,-1.3860000371932983,-1.5709999799728394,2.73799991607666,0.0,0.0,0.0,0.0,0.0,0.0,0.0336456336081028,-1.0856324434280396,-0.6298419833183289,-0.2036568820476532,0.07609158009290695,0.04028377681970596,-1.6247398572220953e-17,-1.0687898256887804,-1.1894663183301544,-0.4440940167833153,-5.2832411492621246e-05,0.0,-1.8685101751901281e-16,-12.025484868222945,-9.938868412204133,-1.879681580772009,-0.0002231161185564005,0.0,36.889984130859375,38.64998245239258,39.42998123168945,42.90995407104492,44.019981384277344,44.99361801147461,-0.349937573681522,0.00015944697413450542,0.22437988395647923,-2.3030469163015614,2.1307552556086415,0.0006186418544003148,0.0,0.0,0.0,0.0,0.0,0.0,0.0,0.0,0.0,0.0,0.0,0.0,3.0,7.0,1.0,1.0,2.0,1.0,0.24,0.0,0.24,1.0,nan,nan,nan,nan,nan,nan,0.45838799999999996,47.18000030517578,47.05799865722656,46.95199966430664,46.86000061035156,46.981998443603516,46.95199966430664,47.21864318847656,0.8235656023025513,47.21864318847656,0.0,0.0
0.917823,1161.616,-0.3270214239703577,-1.4200227896319788,1.2360267639160156,-1.386080567036764,-1.5709541479693812,2.738020658493042,0.0,0.0,-0.0,0.0,0.0,0.0,-0.3269999921321869,-1.4199999570846558,1.2359999418258667,-1.3860000371932983,-1.5709999799728394,2.73799991607666,0.0,0.0,0.0,0.0,0.0,0.0,0.0291595496237278,-1.0856324434280396,-0.6161166429519653,-0.20701386034488678,0.07049661129713058,0.04252176731824875,-1.6247398572220953e-17,-1.0687898256887804,-1.1894663183301544,-0.4440940167833153,-5.2832411492621246e-05,0.0,-1.8685101751901281e-16,-12.025484868222945,-9.938868412204133,-1.879681580772009,-0.0002231161185564005,0.0,36.889984130859375,38.64998245239258,39.42998123168945,42.90995407104492,44.019981384277344,44.99361801147461,-0.34993235481844176,0.00015769722431883,0.22438031452079338,-2.3030138809424106,2.130776331937763,0.0005839033607010596,0.0,0.0,0.0,0.0,0.0,0.0,0.0,0.0,0.0,0.0,0.0,0.0,3.0,7.0,1.0,1.0,2.0,1.0,0.24,0.0,0.24,1.0,nan,nan,nan,nan,nan,nan,0.43641599999999997,47.13399887084961,47.05799865722656,46.95199966430664,46.86000061035156,46.981998443603516,46.95199966430664,47.21864318847656,0.6087239384651184,47.21864318847656,0.0,0.0
0.925918,1161.624,-0.32700950304140264,-1.4200227896319788,1.2360625267028809,-1.3860686461078089,-1.5709779898272913,2.7379965782165527,0.0,0.0,-0.0,0.0,0.0,0.0,-0.3269999921321869,-1.4199999570846558,1.2359999418258667,-1.3860000371932983,-1.5709999799728394,2.73799991607666,0.0,0.0,0.0,0.0,0.0,0.0,0.02243042178452015,-1.065445065498352,-0.6328920722007751,-0.2193228006362915,0.05818767845630646,0.03692679852247238,-1.6247398572220953e-17,-1.0687898256887804,-1.1894663183301544,-0.4440940167833153,-5.2832411492621246e-05,0.0,-1.8685101751901281e-16,-12.025484868222945,-9.938868412204133,-1.879681580772009,-0.0002231161185564005,0.0,36.889984130859375,38.64998245239258,39.42998123168945,42.90995407104492,44.019981384277344,44.99361801147461,-0.3499227168158651,0.00015549142043277958,0.22436877065481556,-2.3030220205277088,2.1307068518531933,0.0005308350595980303,0.0,0.0,0.0,0.0,0.0,0.0,0.0,0.0,0.0,0.0,0.0,0.0,3.0,7.0,1.0,1.0,2.0,1.0,0.24,0.0,0.24,1.0,nan,nan,nan,nan,nan,nan,0.431556,47.13399887084961,47.05799865722656,46.95199966430664,46.86000061035156,46.981998443603516,46.95199966430664,47.21864318847656,0.6803395748138428,47.21864318847656,0.0,0.0
0.934133,1161.6319999999998,-0.3270457426654261,-1.4200227896319788,1.2360386848449707,-1.386080567036764,-1.5709660688983362,2.7379846572875977,0.0,0.0,-0.0,0.0,0.0,0.0,-0.3269999921321869,-1.4199999570846558,1.2359999418258667,-1.3860000371932983,-1.5709999799728394,2.73799991607666,0.0,0.0,0.0,0.0,0.0,0.0,0.02467346377670765,-1.092361569404602,-0.6206917762756348,-0.22379876673221588,0.07385359704494476,0.04252176731824875,-1.6247398572220953e-17,-1.0687898256887804,-1.1894663183301544,-0.4440940167833153,-5.2832411492621246e-05,0.0,-1.8685101751901281e-16,-12.025484868222945,-9.938868412204133,-1.879681580772009,-0.0002231161185564005,0.0,36.889984130859375,38.64998245239258,39.42998123168945,42.90995407104492,44.019981384277344,44.99361801147461,-0.34992965487988736,0.00016790521222708702,0.22437680794757026,-2.3030147837053767,2.1307521613989944,0.0005742684636598612,0.0,0.0,0.0,0.0,0.0,0.0,0.0,0.0,0.0,0.0,0.0,0.0,3.0,7.0,1.0,1.0,2.0,1.0,0.24,0.0,0.24,1.0,nan,nan,nan,nan,nan,nan,0.43086,47.13399887084961,47.05799865722656,46.95199966430664,46.86000061035156,46.981998443603516,46.95199966430664,47.21864318847656,0.6803395748138428,47.21864318847656,0.0,0.0
0.942262,1161.6399999999999,-0.3270214239703577,-1.4200347105609339,1.2360506057739258,-1.3860686461078089,-1.5709541479693812,2.738032579421997,0.0,0.0,-0.0,0.0,0.0,0.0,-0.3269999921321869,-1.4199999570846558,1.2359999418258667,-1.3860000371932983,-1.5709999799728394,2.73799991607666,0.0,0.0,0.0,0.0,0.0,0.0,0.0269165076315403,-1.110305905342102,-0.613066554069519,-0.21484681963920593,0.07385359704494476,0.031331829726696014,-1.6247398572220953e-17,-1.0687898256887804,-1.1894663183301544,-0.4440940167833153,-5.2832411492621246e-05,0.0,-1.8685101751901281e-16,-12.025484868222945,-9.938868412204133,-1.879681580772009,-0.0002231161185564005,0.0,36.889984130859375,38.64998245239258,39.42998123168945,42.90995407104492,44.019981384277344,44.99361801147461,-0.34992538517673627,0.00015534200174830754,0.22437621955872536,-2.3029940431350364,2.130783448815459,0.000549798380277389,0.0,0.0,0.0,0.0,0.0,0.0,0.0,0.0,0.0,0.0,0.0,0.0,3.0,7.0,1.0,1.0,2.0,1.0,0.24,0.0,0.24,1.0,nan,nan,nan,nan,nan,nan,0.433656,47.13399887084961,47.0880012512207,46.95199966430664,46.86000061035156,46.981998443603516,46.95199966430664,47.21864318847656,0.6087239384651184,47.21864318847656,0.0,0.0
0.950780,1161.648,-0.327033821736471,-1.4200227896319788,1.2360625267028809,-1.3861048857318323,-1.5709779898272913,2.738032579421997,0.0,0.0,-0.0,0.0,0.0,0.0,-0.3269999921321869,-1.4199999570846558,1.2359999418258667,-1.3860000371932983,-1.5709999799728394,2.73799991607666,0.0,0.0,0.0,0.0,0.0,0.0,0.0314025916159153,-1.0497437715530396,-0.6115415096282959,-0.21148984134197235,0.07832957059144974,0.024617865681648254,-1.6247398572220953e-17,-1.0687898256887804,-1.1894663183301544,-0.4440940167833153,-5.2832411492621246e-05,0.0,-1.8685101751901281e-16,-12.025484868222945,-9.938868412204133,-1.879681580772009,-0.0002231161185564005,0.0,36.889984130859375,38.64998245239258,39.42998123168945,42.90995788574219,44.019981384277344,44.99361801147461,-0.34993010246580586,0.00017481854263375502,0.22438327571142105,-2.30295393182967,2.130823677654684,0.0006339223937880569,0.0,0.0,0.0,0.0,0.0,0.0,0.0,0.0,0.0,0.0,0.0,0.0,3.0,7.0,1.0,1.0,2.0,1.0,0.24,0.0,0.24,1.0,nan,nan,nan,nan,nan,nan,0.433212,47.13399887084961,47.0880012512207,46.95199966430664,46.86000061035156,46.981998443603516,46.95199966430664,47.21864318847656,0.6445291042327881,47.21864318847656,0.0,0.0
0.958907,1161.664,-0.327033821736471,-1.4200108687030237,1.2360386848449707,-1.386092487965719,-1.5709660688983362,2.738008499145508,0.0,0.0,-0.0,0.0,0.0,0.0,-0.3269999921321869,-1.4199999570846558,1.2359999418258667,-1.3860000371932983,-1.5709999799728394,2.73799991607666,0.0,0.0,0.0,0.0,0.0,0.0,0.0336456336081028,-1.096847653388977,-0.6298419833183289,-0.20701386034488678,0.07609158009290695,0.06154466047883034,-1.6247398572220953e-17,-1.0687898256887804,-1.1894663183301544,-0.4440940167833153,-5.2832411492621246e-05,0.0,-1.8685101751901281e-16,-12.025484868222945,-9.938868412204133,-1.879681580772009,-0.0002231161185564005,0.0,36.889984130859375,38.64998245239258,39.42998123168945,42.90995788574219,44.019981384277344,44.99361801147461,-0.3499328173092176,0.00016480212086118822,0.22437387090931019,-2.303002133396381,2.1307658645900105,0.0005743730901669707,0.0,0.0,0.0,0.0,0.0,0.0,0.0,0.0,0.0,0.0,0.0,0.0,3.0,7.0,1.0,1.0,2.0,1.0,0.24,0.0,0.24,1.0,nan,nan,nan,nan,nan,nan,0.429732,47.13399887084961,47.0880012512207,46.95199966430664,46.86000061035156,46.981998443603516,46.95199966430664,47.21864318847656,0.8235656023025513,47.21864318847656,0.0,0.0
0.967065,1161.672,-0.3270457426654261,-1.4200704733477991,1.2360506057739258,-1.386092487965719,-1.5709660688983362,2.738032579421997,0.0,0.0,-0.0,0.0,0.0,0.0,-0.3269999921321869,-1.4199999570846558,1.2359999418258667,-1.3860000371932983,-1.5709999799728394,2.73799991607666,0.0,0.0,0.0,0.0,0.0,0.0,0.02243042178452015,-1.0856324434280396,-0.6176416873931885,-0.20925185084342957,0.06042566895484924,0.08840051293373108,-1.6247398572220953e-17,-1.0687898256887804,-1.1894663183301544,-0.4440940167833153,-5.2832411492621246e-05,0.0,-1.8685101751901281e-16,-12.025484868222945,-9.938868412204133,-1.879681580772009,-0.0002231161185564005,0.0,36.889984130859375,38.64998245239258,39.42998123168945,42.90995788574219,44.019981384277344,44.99361801147461,-0.3499268243829954,0.00016692435108661366,0.22439011447239426,-2.302977984214867,2.1308205499648873,0.0006427327514045876,0.0,0.0,0.0,0.0,0.0,0.0,0.0,0.0,0.0,0.0,0.0,0.0,3.0,7.0,1.0,1.0,2.0,1.0,0.24,0.0,0.24,1.0,nan,nan,nan,nan,nan,nan,0.428892,47.13399887084961,47.0880012512207,46.95199966430664,46.86000061035156,46.981998443603516,46.95199966430664,47.21864318847656,0.6803395748138428,47.21864318847656,0.0,0.0
0.975183,1161.6799999999998,-0.3270214239703577,-1.4200347105609339,1.2360625267028809,-1.386080567036764,-1.570942227040426,2.7379965782165527,0.0,0.0,-0.0,0.0,0.0,0.0,-0.3269999921321869,-1.4199999570846558,1.2359999418258667,-1.3860000371932983,-1.5709999799728394,2.73799991607666,0.0,0.0,0.0,0.0,0.0,0.0,0.0291595496237278,-1.074417233467102,-0.6222168207168579,-0.21708481013774872,0.06602063775062561,0.04252176731824875,-1.6247398572220953e-17,-1.0687898256887804,-1.1894663183301544,-0.4440940167833153,-5.2832411492621246e-05,0.0,-1.8685101751901281e-16,-12.025484868222945,-9.938868412204133,-1.879681580772009,-0.0002231161185564005,0.0,36.889984130859375,38.64998245239258,39.42998123168945,42.90995788574219,44.019981384277344,44.99425506591797,-0.34992661522072444,0.00015314421825876438,0.22437370908017573,-2.3030404311323243,2.1307493413405374,0.0005420418222235198,0.0,0.0,0.0,0.0,0.0,0.0,0.0,0.0,0.0,0.0,0.0,0.0,3.0,7.0,1.0,1.0,2.0,1.0,0.24,0.0,0.24,1.0,nan,nan,nan,nan,nan,nan,0.4293,47.13399887084961,47.0880012512207,46.95199966430664,46.86000061035156,46.99700164794922,46.93600082397461,47.21864318847656,0.6087239384651184,47.21864318847656,0.0,0.0
0.983305,1161.6879999999999,-0.327033821736471,-1.420058552418844,1.2360506057739258,-1.386092487965719,-1.5710023085223597,2.738020658493042,0.0,0.0,-0.0,0.0,0.0,0.0,-0.3269999921321869,-1.4199999570846558,1.2359999418258667,-1.3860000371932983,-1.5709999799728394,2.73799991607666,0.0,0.0,0.0,0.0,0.0,0.0,0.0291595496237278,-1.105819821357727,-0.6191667318344116,-0.2204417884349823,0.06490164250135422,0.03245082125067711,-1.6247398572220953e-17,-1.0687898256887804,-1.1894663183301544,-0.4440940167833153,-5.2832411492621246e-05,0.0,-1.8685101751901281e-16,-12.025484868222945,-9.938868412204133,-1.879681580772009,-0.0002231161185564005,0.0,36.889984130859375,38.64998245239258,39.42998123168945,42.90995788574219,44.019981384277344,44.99425506591797,-0.34992523778081275,0.0001701524541702224,0.22438619140838348,-2.302975548782774,2.130767318853534,0.0006488614930842278,0.0,0.0,0.0,0.0,0.0,0.0,0.0,0.0,0.0,0.0,0.0,0.0,3.0,7.0,1.0,1.0,2.0,1.0,0.24,0.0,0.24,1.0,nan,nan,nan,nan,nan,nan,0.430092,47.16400146484375,47.0880012512207,46.95199966430664,46.86000061035156,46.99700164794922,46.93600082397461,47.21864318847656,0.7519552707672119,47.21864318847656,0.0,0.0
0.991425,1161.696,-0.32705766359438115,-1.420046631489889,1.2360506057739258,-1.386092487965719,-1.570942227040426,2.738020658493042,0.0,0.0,-0.0,0.0,0.0,0.0,-0.3269999921321869,-1.4199999570846558,1.2359999418258667,-1.3860000371932983,-1.5709999799728394,2.73799991607666,0.0,0.0,0.0,0.0,0.0,0.0,0.0291595496237278,-1.074417233467102,-0.6328920722007751,-0.21148984134197235,0.0682586282491684,0.03021283447742462,-1.6247398572220953e-17,-1.0687898256887804,-1.1894663183301544,-0.4440940167833153,-5.2832411492621246e-05,0.0,-1.8685101751901281e-16,-12.025484868222945,-9.938868412204133,-1.879681580772009,-0.0002231161185564005,0.0,36.889984130859375,38.64998245239258,39.42998123168945,42.90995788574219,44.019981384277344,44.99425506591797,-0.34993003997919564,0.00016697508355581004,0.2243821918733085,-2.3029868580803905,2.1308287092423432,0.0005932290315934811,0.0,0.0,0.0,0.0,0.0,0.0,0.0,0.0,0.0,0.0,0.0,0.0,3.0,7.0,1.0,1.0,2.0,1.0,0.24,0.0,0.24,1.0,nan,nan,nan,nan,nan,nan,0.434004,47.16400146484375,47.0880012512207,46.95199966430664,46.86000061035156,46.99700164794922,46.93600082397461,47.21864318847656,0.6803395748138428,47.21864318847656,0.0,0.0
0.999550,1161.704,-0.32700950304140264,-1.4200347105609339,1.2360749244689941,-1.3861168066607874,-1.5709541479693812,2.738032579421997,0.0,0.0,-0.0,0.0,0.0,0.0,-0.3269999921321869,-1.4199999570846558,1.2359999418258667,-1.3860000371932983,-1.5709999799728394,2.73799991607666,0.0,0.0,0.0,0.0,0.0,0.0,0.0269165076315403,-1.0811463594436646,-0.6206917762756348,-0.204775869846344,0.07721057534217834,0.0335698164999485,-1.6247398572220953e-17,-1.0687898256887804,-1.1894663183301544,-0.4440940167833153,-5.2832411492621246e-05,0.0,-1.8685101751901281e-16,-12.025484868222945,-9.938868412204133,-1.879681580772009,-0.0002231161185564005,0.0,36.889984130859375,38.64998245239258,39.42998123168945,42.90995788574219,44.019981384277344,44.99425506591797,-0.3499309683449893,0.0001530383058400869,0.2243731471359589,-2.303014036698263,2.130776208321633,0.0005839611586705305,0.0,0.0,0.0,0.0,0.0,0.0,0.0,0.0,0.0,0.0,0.0,0.0,3.0,7.0,1.0,1.0,2.0,1.0,0.24,0.0,0.24,1.0,nan,nan,nan,nan,nan,nan,0.42822000000000005,47.16400146484375,47.0880012512207,46.95199966430664,46.86000061035156,46.99700164794922,46.93600082397461,47.21864318847656,0.6087239384651184,47.21864318847656,0.0,0.0
1.007673,1161.712,-0.327033821736471,-1.4200227896319788,1.2360386848449707,-1.3860686461078089,-1.5709660688983362,2.738008499145508,0.0,0.0,-0.0,0.0,0.0,0.0,-0.3269999921321869,-1.4199999570846558,1.2359999418258667,-1.3860000371932983,-1.5709999799728394,2.73799991607666,0.0,0.0,0.0,0.0,0.0,0.0,0.0269165076315403,-1.1035767793655396,-0.6206917762756348,-0.2193228006362915,0.08168654888868332,0.021260883659124374,-1.6247398572220953e-17,-1.0687898256887804,-1.1894663183301544,-0.4440940167833153,-5.2832411492621246e-05,0.0,-1.8685101751901281e-16,-12.025484868222945,-9.938868412204133,-1.879681580772009,-0.0002231161185564005,0.0,36.889984130859375,38.64998245239258,39.42998123168945,42.90995788574219,44.019981384277344,44.99425506591797,-0.34992731361015417,0.00016294645975273411,0.2243757930628008,-2.302998492559183,2.130762611302839,0.0005573133951846663,0.0,0.0,0.0,0.0,0.0,0.0,0.0,0.0,0.0,0.0,0.0,0.0,3.0,7.0,1.0,1.0,2.0,1.0,0.24,0.0,0.24,1.0,nan,nan,nan,nan,nan,nan,0.429816,47.16400146484375,47.104000091552734,46.95199966430664,46.86000061035156,46.99700164794922,46.93600082397461,47.21864318847656,0.6803395748138428,47.21864318847656,0.0,0.0
1.015794,1161.72,-0.32705766359438115,-1.4200227896319788,1.2360625267028809,-1.3861287275897425,-1.5709903875934046,2.738032579421997,0.0,0.0,-0.0,0.0,0.0,0.0,-0.3269999921321869,-1.4199999570846558,1.2359999418258667,-1.3860000371932983,-1.5709999799728394,2.73799991607666,0.0,0.0,0.0,0.0,0.0,0.0,0.0269165076315403,-1.1125489473342896,-0.6176416873931885,-0.2036568820476532,0.06490164250135422,0.038045790046453476,-1.6247398572220953e-17,-1.0687898256887804,-1.1894663183301544,-0.4440940167833153,-5.2832411492621246e-05,0.0,-1.8685101751901281e-16,-12.025484868222945,-9.938868412204133,-1.879681580772009,-0.0002231161185564005,0.0,36.889984130859375,38.64998245239258,39.42998123168945,42.90996170043945,44.019981384277344,44.99425506591797,-0.349933695651294,0.00017874720638152904,0.22437389553744697,-2.3029421676653574,2.1308126148163744,0.0006247657382811954,0.0,0.0,0.0,0.0,0.0,0.0,0.0,0.0,0.0,0.0,0.0,0.0,3.0,7.0,1.0,1.0,2.0,1.0,0.24,0.0,0.24,1.0,nan,nan,nan,nan,nan,nan,0.43681200000000003,47.16400146484375,47.104000091552734,46.95199966430664,46.875999450683594,46.99700164794922,46.93600082397461,47.21864318847656,0.6803395748138428,47.21864318847656,0.0,0.0
1.023901,1161.7279999999998,-0.32705766359438115,-1.4200347105609339,1.2360506057739258,-1.386080567036764,-1.570942227040426,2.738032579421997,0.0,0.0,-0.0,0.0,0.0,0.0,-0.3269999921321869,-1.4199999570846558,1.2359999418258667,-1.3860000371932983,-1.5709999799728394,2.73799991607666,0.0,0.0,0.0,0.0,0.0,0.0,0.0291595496237278,-1.1215211153030396,-0.6344171166419983,-0.2193228006362915,0.07832957059144974,0.034688808023929596,-1.6247398572220953e-17,-1.0687898256887804,-1.1894663183301544,-0.4440940167833153,-5.2832411492621246e-05,0.0,-1.8685101751901281e-16,-12.025484868222945,-9.938868412204133,-1.879681580772009,-0.0002231161185564005,0.0,36.889984130859375,38.64998245239258,39.42998123168945,42.90996170043945,44.019981384277344,44.99425506591797,-0.34992851402320563,0.00016646893536593495,0.22437722505118618,-2.302967012864916,2.130835846536641,0.0005591176363168935,0.0,0.0,0.0,0.0,0.0,0.0,0.0,0.0,0.0,0.0,0.0,0.0,3.0,7.0,1.0,1.0,2.0,1.0,0.24,0.0,0.24,1.0,nan,nan,nan,nan,nan,nan,0.464208,47.16400146484375,47.104000091552734,46.95199966430664,46.875999450683594,46.99700164794922,46.93600082397461,47.21864318847656,0.5729187726974487,47.21864318847656,0.0,0.0
1.032123,1161.7359999999999,-0.3270457426654261,-1.420046631489889,1.2360625267028809,-1.386080567036764,-1.5709903875934046,2.738020658493042,0.0,0.0,-0.0,0.0,0.0,0.0,-0.3269999921321869,-1.4199999570846558,1.2359999418258667,-1.3860000371932983,-1.5709999799728394,2.73799991607666,0.0,0.0,0.0,0.0,0.0,0.0,0.0314025916159153,-1.060958981513977,-0.6054413318634033,-0.2204417884349823,0.07049661129713058,0.019022895023226738,-1.6247398572220953e-17,-1.0687898256887804,-1.1894663183301544,-0.4440940167833153,-5.2832411492621246e-05,0.0,-1.8685101751901281e-16,-12.025484868222945,-9.938868412204133,-1.879681580772009,-0.0002231161185564005,0.0,36.889984130859375,38.64998245239258,39.42998123168945,42.90996170043945,44.019981384277344,44.99425506591797,-0.349922596722286,0.00017083274385414413,0.22437769906055524,-2.3029601439980327,2.130778523498116,0.0005899636001529251,0.0,0.0,0.0,0.0,0.0,0.0,0.0,0.0,0.0,0.0,0.0,0.0,3.0,7.0,1.0,1.0,2.0,1.0,0.24,0.0,0.24,1.0,nan,nan,nan,nan,nan,nan,0.440808,47.16400146484375,47.104000091552734,46.95199966430664,46.875999450683594,46.99700164794922,46.93600082397461,47.21864318847656,0.966796875,47.21864318847656,0.0,0.0
1.040227,1161.744,-0.32700950304140264,-1.420046631489889,1.2360625267028809,-1.386080567036764,-1.5710023085223597,2.7379965782165527,0.0,0.0,-0.0,0.0,0.0,0.0,-0.3269999921321869,-1.4199999570846558,1.2359999418258667,-1.3860000371932983,-1.5709999799728394,2.73799991607666,0.0,0.0,0.0,0.0,0.0,0.0,0.02467346377670765,-1.0766602754592896,-0.6344171166419983,-0.20589487254619598,0.07497258484363556,0.05259270966053009,-1.6247398572220953e-17,-1.0687898256887804,-1.1894663183301544,-0.4440940167833153,-5.2832411492621246e-05,0.0,-1.8685101751901281e-16,-12.025484868222945,-9.938868412204133,-1.879681580772009,-0.0002231161185564005,0.0,36.889984130859375,38.64998245239258,39.42998123168945,42.90996170043945,44.019981384277344,44.99425506591797,-0.3499218113183792,0.00016049327057284754,0.22437770857192185,-2.3030164199551435,2.1307016762293625,0.0005976371238505293,0.0,0.0,0.0,0.0,0.0,0.0,0.0,0.0,0.0,0.0,0.0,0.0,3.0,7.0,1.0,1.0,2.0,1.0,0.24,0.0,0.24,1.0,nan,nan,nan,nan,nan,nan,0.434508,47.16400146484375,47.104000091552734,46.95199966430664,46.875999450683594,46.99700164794922,46.93600082397461,47.21864318847656,0.7877604365348816,47.21864318847656,0.0,0.0
1.048390,1161.752,-0.3270457426654261,-1.4200347105609339,1.2360749244689941,-1.3861048857318323,-1.5709660688983362,2.738044500350952,0.0,0.0,-0.0,0.0,0.0,0.0,-0.3269999921321869,-1.4199999570846558,1.2359999418258667,-1.3860000371932983,-1.5709999799728394,2.73799991607666,0.0,0.0,0.0,0.0,0.0,0.0,0.0291595496237278,-1.087875485420227,-0.6252669095993042,-0.21037083864212036,0.07721057534217834,0.05818767845630646,-1.6247398572220953e-17,-1.0687898256887804,-1.1894663183301544,-0.4440940167833153,-5.2832411492621246e-05,0.0,-1.8685101751901281e-16,-12.025484868222945,-9.938868412204133,-1.879681580772009,-0.0002231161185564005,0.0,36.889984130859375,38.64998245239258,39.42998123168945,42.90996170043945,44.019981384277344,44.99483108520508,-0.3499278278935102,0.00016727394460408197,0.2243721416434408,-2.3029511388908457,2.1308209893062533,0.0005744487327194091,0.0,0.0,0.0,0.0,0.0,0.0,0.0,0.0,0.0,0.0,0.0,0.0,3.0,7.0,1.0,1.0,2.0,1.0,0.24,0.0,0.24,1.0,nan,nan,nan,nan,nan,nan,0.429024,47.16400146484375,47.104000091552734,46.95199966430664,46.875999450683594,46.99700164794922,46.92100143432617,47.21864318847656,0.6087239384651184,47.21864318847656,0.0,0.0
1.056515,1161.76,-0.3270457426654261,-1.4200227896319788,1.2360386848449707,-1.3861048857318323,-1.5709541479693812,2.7379846572875977,0.0,0.0,-0.0,0.0,0.0,0.0,-0.3269999921321869,-1.4199999570846558,1.2359999418258667,-1.3860000371932983,-1.5709999799728394,2.73799991607666,0.0,0.0,0.0,0.0,0.0,0.0,0.0314025916159153,-1.025070309638977,-0.6115415096282959,-0.22267977893352509,0.07161560654640198,0.04252176731824875,-1.6247398572220953e-17,-1.0687898256887804,-1.1894663183301544,-0.4440940167833153,-5.2832411492621246e-05,0.0,-1.8685101751901281e-16,-12.025484868222945,-9.938868412204133,-1.879681580772009,-0.0002231161185564005,0.0,36.889984130859375,38.64998245239258,39.42998123168945,42.90996170043945,44.019981384277344,44.99483108520508,-0.3499352264981952,0.0001671697175057355,0.22437886898211984,-2.303030107327686,2.130766245920248,0.0006014567108501607,0.0,0.0,0.0,0.0,0.0,0.0,0.0,0.0,0.0,0.0,0.0,0.0,3.0,7.0,1.0,1.0,2.0,1.0,0.24,0.0,0.24,1.0,nan,nan,nan,nan,nan,nan,0.430968,47.14899826049805,47.104000091552734,46.92100143432617,46.875999450683594,46.99700164794922,46.92100143432617,47.21864318847656,0.6803395748138428,47.21864318847656,0.0,0.0
1.064637,1161.768,-0.3270214239703577,-1.4199984709369105,1.2360987663269043,-1.3861048857318323,-1.5709779898272913,2.738008499145508,0.0,0.0,-0.0,0.0,0.0,0.0,-0.3269999921321869,-1.4199999570846558,1.2359999418258667,-1.3860000371932983,-1.5709999799728394,2.73799991607666,0.0,0.0,0.0,0.0,0.0,0.0,0.02018737979233265,-1.105819821357727,-0.602391242980957,-0.21260882914066315,0.07944856584072113,0.02909383922815323,-1.6247398572220953e-17,-1.0687898256887804,-1.1894663183301544,-0.4440940167833153,-5.2832411492621246e-05,0.0,-1.8685101751901281e-16,-12.025484868222945,-9.938868412204133,-1.879681580772009,-0.0002231161185564005,0.0,36.889984130859375,38.64998245239258,39.42998123168945,42.90996170043945,44.019981384277344,44.99483108520508,-0.34992571487747387,0.00016067322609736117,0.22435310549174747,-2.302989525892099,2.130727436800671,0.0004959725892495495,0.0,0.0,0.0,0.0,0.0,0.0,0.0,0.0,0.0,0.0,0.0,0.0,3.0,7.0,1.0,1.0,2.0,1.0,0.24,0.0,0.24,1.0,nan,nan,nan,nan,nan,nan,0.430392,47.14899826049805,47.104000091552734,46.92100143432617,46.875999450683594,46.99700164794922,46.92100143432617,47.21864318847656,0.6087239384651184,47.21864318847656,0.0,0.0
1.072755,1161.7759999999998,-0.3269737402545374,-1.420058552418844,1.2360625267028809,-1.3860686461078089,-1.5709779898272913,2.738008499145508,0.0,0.0,-0.0,0.0,0.0,0.0,-0.3269999921321869,-1.4199999570846558,1.2359999418258667,-1.3860000371932983,-1.5709999799728394,2.73799991607666,0.0,0.0,0.0,0.0,0.0,0.0,0.0291595496237278,-1.0407716035842896,-0.6405172944068909,-0.19806191325187683,0.0682586282491684,0.04587874934077263,-1.6247398572220953e-17,-1.0687898256887804,-1.1894663183301544,-0.4440940167833153,-5.2832411492621246e-05,0.0,-1.8685101751901281e-16,-12.025484868222945,-9.938868412204133,-1.879681580772009,-0.0002231161185564005,0.0,36.889984130859375,38.64998245239258,39.42998123168945,42.90996170043945,44.019981384277344,44.99483108520508,-0.34992027048833446,0.00014213396968370206,0.22438062612998338,-2.3030580783989327,2.130689333002081,0.0005822257752718281,0.0,0.0,0.0,0.0,0.0,0.0,0.0,0.0,0.0,0.0,0.0,0.0,3.0,7.0,1.0,1.0,2.0,1.0,0.24,0.0,0.24,1.0,nan,nan,nan,nan,nan,nan,0.429468,47.14899826049805,47.104000091552734,46.92100143432617,46.875999450683594,46.99700164794922,46.92100143432617,47.21864318847656,0.6087239384651184,47.279415130615234,0.0,0.0
1.080882,1161.7839999999999,-0.3270457426654261,-1.4200227896319788,1.2360625267028809,-1.3861168066607874,-1.5709541479693812,2.7380685806274414,0.0,0.0,-0.0,0.0,0.0,0.0,-0.3269999921321869,-1.4199999570846558,1.2359999418258667,-1.3860000371932983,-1.5709999799728394,2.73799991607666,0.0,0.0,0.0,0.0,0.0,0.0,0.0314025916159153,-1.0542298555374146,-0.6222168207168579,-0.21708481013774872,0.07273460179567337,0.03916478529572487,-1.6247398572220953e-17,-1.0687898256887804,-1.1894663183301544,-0.4440940167833153,-5.2832411492621246e-05,0.0,-1.8685101751901281e-16,-12.025484868222945,-9.938868412204133,-1.879681580772009,-0.0002231161185564005,0.0,36.889984130859375,38.64998245239258,39.42998123168945,42.90996170043945,44.019981384277344,44.99483108520508,-0.34993376055108727,0.0001666700384526676,0.2243728518592227,-2.302937208786191,2.1308595356153353,0.000584640559551535,0.0,0.0,0.0,0.0,0.0,0.0,0.0,0.0,0.0,0.0,0.0,0.0,3.0,7.0,1.0,1.0,2.0,1.0,0.24,0.0,0.24,1.0,nan,nan,nan,nan,nan,nan,0.432684,47.14899826049805,47.073001861572266,46.92100143432617,46.875999450683594,46.99700164794922,46.92100143432617,47.21864318847656,0.6445291042327881,47.21864318847656,0.0,0.0
1.089000,1161.792,-0.3270214239703577,-1.420046631489889,1.2360506057739258,-1.3860567251788538,-1.570930306111471,2.738044500350952,0.0,0.0,-0.0,0.0,0.0,0.0,-0.3269999921321869,-1.4199999570846558,1.2359999418258667,-1.3860000371932983,-1.5709999799728394,2.73799991607666,0.0,0.0,0.0,0.0,0.0,0.0,0.0269165076315403,-1.0497437715530396,-0.6252669095993042,-0.2193228006362915,0.06490164250135422,0.038045790046453476,-1.6247398572220953e-17,-1.0687898256887804,-1.1894663183301544,-0.4440940167833153,-5.2832411492621246e-05,0.0,-1.8685101751901281e-16,-12.025484868222945,-9.938868412204133,-1.879681580772009,-0.0002231161185564005,0.0,36.889984130859375,38.64998245239258,39.42998123168945,42.90996551513672,44.019981384277344,44.99483108520508,-0.34992380745949825,0.00014959047053817104,0.22437913776764778,-2.3029972757274466,2.1308119870682773,0.0005345763475913278,0.0,0.0,0.0,0.0,0.0,0.0,0.0,0.0,0.0,0.0,0.0,0.0,3.0,7.0,1.0,1.0,2.0,1.0,0.24,0.0,0.24,1.0,nan,nan,nan,nan,nan,nan,0.427632,47.14899826049805,47.073001861572266,46.92100143432617,46.875999450683594,46.99700164794922,46.92100143432617,47.21864318847656,0.6087239384651184,47.21864318847656,0.0,0.0
1.097094,1161.8,-0.32699758211244756,-1.4200227896319788,1.2360625267028809,-1.386092487965719,-1.5709541479693812,2.7379965782165527,0.0,0.0,-0.0,0.0,0.0,0.0,-0.3269999921321869,-1.4199999570846558,1.2359999418258667,-1.3860000371932983,-1.5709999799728394,2.73799991607666,0.0,0.0,0.0,0.0,0.0,0.0,0.0336456336081028,-1.069931149482727,-0.602391242980957,-0.2014188915491104,0.07609158009290695,0.03692679852247238,-1.6247398572220953e-17,-1.0687898256887804,-1.1894663183301544,-0.4440940167833153,-5.2832411492621246e-05,0.0,-1.8685101751901281e-16,-12.025484868222945,-9.938868412204133,-1.879681580772009,-0.0002231161185564005,0.0,36.889984130859375,38.64998245239258,39.42998123168945,42.90996551513672,44.019981384277344,44.99483108520508,-0.34992898790319876,0.00014821119021360998,0.22437078146301706,-2.3030578910038897,2.130714470735092,0.0005497427318043246,0.0,0.0,0.0,0.0,0.0,0.0,0.0,0.0,0.0,0.0,0.0,0.0,3.0,7.0,1.0,1.0,2.0,1.0,0.24,0.0,0.24,1.0,nan,nan,nan,nan,nan,nan,0.431676,47.14899826049805,47.073001861572266,46.92100143432617,46.875999450683594,46.99700164794922,46.92100143432617,47.21864318847656,0.6803395748138428,47.21864318847656,0.0,0.0
1.105254,1161.808,-0.3270214239703577,-1.420046631489889,1.2360506057739258,-1.386080567036764,-1.5709660688983362,2.7379729747772217,0.0,0.0,-0.0,0.0,0.0,0.0,-0.3269999921321869,-1.4199999570846558,1.2359999418258667,-1.3860000371932983,-1.5709999799728394,2.73799991607666,0.0,0.0,0.0,0.0,0.0,0.0,0.0314025916159153,-1.1349793672561646,-0.613066554069519,-0.21372783184051514,0.06490164250135422,0.03580780327320099,-1.6247398572220953e-17,-1.0687898256887804,-1.1894663183301544,-0.4440940167833153,-5.2832411492621246e-05,0.0,-1.8685101751901281e-16,-12.025484868222945,-9.938868412204133,-1.879681580772009,-0.0002231161185564005,0.0,36.889984130859375,38.64998245239258,39.42998123168945,42.90996551513672,44.019981384277344,44.99483108520508,-0.34992611978063815,0.00015818968355510205,0.22438119574374468,-2.303056693901165,2.1307140064092405,0.0005913913212282041,0.0,0.0,0.0,0.0,0.0,0.0,0.0,0.0,0.0,0.0,0.0,0.0,3.0,7.0,1.0,1.0,2.0,1.0,0.24,0.0,0.24,1.0,nan,nan,nan,nan,nan,nan,0.45928800000000003,47.14899826049805,47.073001861572266,46.92100143432617,46.875999450683594,46.99700164794922,46.92100143432617,47.21864318847656,0.7161448001861572,47.21864318847656,0.0,0.0
1.113379,1161.816,-0.3270214239703577,-1.420046631489889,1.2360749244689941,-1.3861287275897425,-1.5709779898272913,2.738008499145508,0.0,0.0,-0.0,0.0,0.0,0.0,-0.3269999921321869,-1.4199999570846558,1.2359999418258667,-1.3860000371932983,-1.5709999799728394,2.73799991607666,0.0,0.0,0.0,0.0,0.0,0.0,0.0269165076315403,-1.110305905342102,-0.6084914207458496,-0.21596580743789673,0.07832957059144974,0.03021283447742462,-1.6247398572220953e-17,-1.0687898256887804,-1.1894663183301544,-0.4440940167833153,-5.2832411492621246e-05,0.0,-1.8685101751901281e-16,-12.025484868222945,-9.938868412204133,-1.879681580772009,-0.0002231161185564005,0.0,36.889984130859375,38.64998245239258,39.42998123168945,42.90996551513672,44.019981384277344,44.99483108520508,-0.3499309097187038,0.0001623990744072567,0.22437813290120728,-2.3030181541428165,2.1307540119211787,0.0006332643230417561,0.0,0.0,0.0,0.0,0.0,0.0,0.0,0.0,0.0,0.0,0.0,0.0,3.0,7.0,1.0,1.0,2.0,1.0,0.24,0.0,0.24,1.0,nan,nan,nan,nan,nan,nan,0.432636,47.14899826049805,47.073001861572266,46.92100143432617,46.875999450683594,46.99700164794922,46.92100143432617,47.21864318847656,0.7877604365348816,47.21864318847656,0.0,0.0
1.121502,1161.8239999999998,-0.3270214239703577,-1.4200108687030237,1.2360749244689941,-1.386080567036764,-1.5709779898272913,2.7380564212799072,0.0,0.0,-0.0,0.0,0.0,0.0,-0.3269999921321869,-1.4199999570846558,1.2359999418258667,-1.3860000371932983,-1.5709999799728394,2.73799991607666,0.0,0.0,0.0,0.0,0.0,0.0,0.0269165076315403,-1.0721741914749146,-0.5993412137031555,-0.22491776943206787,0.07721057534217834,0.04252176731824875,-1.6247398572220953e-17,-1.0687898256887804,-1.1894663183301544,-0.4440940167833153,-5.2832411492621246e-05,0.0,-1.8685101751901281e-16,-12.025484868222945,-9.938868412204133,-1.879681580772009,-0.0002231161185564005,0.0,36.889984130859375,38.64998245239258,39.42998123168945,42.90996551513672,44.019981384277344,44.99534606933594,-0.349923894432788,0.00016006194212068244,0.2243621770708772,-2.3029419273372627,2.130786011554674,0.0005132204739010173,0.0,0.0,0.0,0.0,0.0,0.0,0.0,0.0,0.0,0.0,0.0,0.0,3.0,7.0,1.0,1.0,2.0,1.0,0.24,0.0,0.24,1.0,nan,nan,nan,nan,nan,nan,0.464412,47.14899826049805,47.073001861572266,46.92100143432617,46.875999450683594,46.99700164794922,46.92100143432617,47.21864318847656,0.8235656023025513,47.21864318847656,0.0,0.0
1.129638,1161.8319999999999,-0.327033821736471,-1.420046631489889,1.2360625267028809,-1.3861168066607874,-1.570930306111471,2.738020658493042,0.0,0.0,-0.0,0.0,0.0,0.0,-0.3269999921321869,-1.4199999570846558,1.2359999418258667,-1.3860000371932983,-1.5709999799728394,2.73799991607666,0.0,0.0,0.0,0.0,0.0,0.0,0.02467346377670765,-1.0542298555374146,-0.6283169388771057,-0.21260882914066315,0.07273460179567337,0.04252176731824875,-1.6247398572220953e-17,-1.0687898256887804,-1.1894663183301544,-0.4440940167833153,-5.2832411492621246e-05,0.0,-1.8685101751901281e-16,-12.025484868222945,-9.938868412204133,-1.879681580772009,-0.0002231161185564005,0.0,36.889984130859375,38.64998245239258,39.42998123168945,42.90996551513672,44.019981384277344,44.99534606933594,-0.34993371090075703,0.00015725308631468825,0.2243807370024789,-2.30302404001774,2.1308120232672403,0.0006034158269831589,0.0,0.0,0.0,0.0,0.0,0.0,0.0,0.0,0.0,0.0,0.0,0.0,3.0,7.0,1.0,1.0,2.0,1.0,0.24,0.0,0.24,1.0,nan,nan,nan,nan,nan,nan,0.440772,47.14899826049805,47.073001861572266,46.93600082397461,46.875999450683594,46.99700164794922,46.92100143432617,47.21864318847656,0.7161448001861572,47.21864318847656,0.0,0.0
1.137757,1161.84,-0.3270457426654261,-1.420046631489889,1.2360506057739258,-1.3861168066607874,-1.570942227040426,2.738044500350952,0.0,0.0,-0.0,0.0,0.0,0.0,-0.3269999921321869,-1.4199999570846558,1.2359999418258667,-1.3860000371932983,-1.5709999799728394,2.73799991607666,0.0,0.0,0.0,0.0,0.0,0.0,0.0336456336081028,-1.141708493232727,-0.6115415096282959,-0.2014188915491104,0.07385359704494476,0.048116736114025116,-1.6247398572220953e-17,-1.0687898256887804,-1.1894663183301544,-0.4440940167833153,-5.2832411492621246e-05,0.0,-1.8685101751901281e-16,-12.025484868222945,-9.938868412204133,-1.879681580772009,-0.0002231161185564005,0.0,36.889984130859375,38.64998245239258,39.42998123168945,42.90996551513672,44.019981384277344,44.99534606933594,-0.34993482206637094,0.00016440964336942974,0.22438426244987342,-2.3029814973084664,2.1308491346546155,0.0006281648526017886,0.0,0.0,0.0,0.0,0.0,0.0,0.0,0.0,0.0,0.0,0.0,0.0,3.0,7.0,1.0,1.0,2.0,1.0,0.24,0.0,0.24,1.0,nan,nan,nan,nan,nan,nan,0.43445999999999996,47.14899826049805,47.073001861572266,46.93600082397461,46.875999450683594,46.99700164794922,46.92100143432617,47.21864318847656,0.6087239384651184,47.21864318847656,0.0,0.0
1.145874,1161.848,-0.32700950304140264,-1.4200227896319788,1.2360868453979492,-1.3861168066607874,-1.5709903875934046,2.738032579421997,0.0,0.0,-0.0,0.0,0.0,0.0,-0.3269999921321869,-1.4199999570846558,1.2359999418258667,-1.3860000371932983,-1.5709999799728394,2.73799991607666,0.0,0.0,0.0,0.0,0.0,0.0,0.0269165076315403,-1.101333737373352,-0.6405172944068909,-0.22491776943206787,0.06266365945339203,0.034688808023929596,-1.6247398572220953e-17,-1.0687898256887804,-1.1894663183301544,-0.4440940167833153,-5.2832411492621246e-05,0.0,-1.8685101751901281e-16,-12.025484868222945,-9.938868412204133,-1.879681580772009,-0.0002231161185564005,0.0,36.889984130859375,38.64998245239258,39.42998123168945,42.90996551513672,44.019981384277344,44.99534606933594,-0.34992747506870486,0.00015979439078799153,0.22436570795202276,-2.302982654001662,2.1307471104892244,0.0005730154825609336,0.0,0.0,0.0,0.0,0.0,0.0,0.0,0.0,0.0,0.0,0.0,0.0,3.0,7.0,1.0,1.0,2.0,1.0,0.24,0.0,0.24,1.0,nan,nan,nan,nan,nan,nan,0.431244,47.14899826049805,47.073001861572266,46.93600082397461,46.875999450683594,46.99700164794922,46.92100143432617,47.21864318847656,0.7161448001861572,47.21864318847656,0.0,0.0
1.154021,1161.856,-0.32705766359438115,-1.420058552418844,1.2360506057739258,-1.3860686461078089,-1.5709660688983362,2.738044500350952,0.0,0.0,-0.0,0.0,0.0,0.0,-0.3269999921321869,-1.4199999570846558,1.2359999418258667,-1.3860000371932983,-1.5709999799728394,2.73799991607666,0.0,0.0,0.0,0.0,0.0,0.0,0.0314025916159153,-1.1080628633499146,-0.6115415096282959,-0.21148984134197235,0.07944856584072113,0.021260883659124374,-1.6247398572220953e-17,-1.0687898256887804,-1.1894663183301544,-0.4440940167833153,-5.2832411492621246e-05,0.0,-1.8685101751901281e-16,-12.025484868222945,-9.938868412204133,-1.879681580772009,-0.0002231161185564005,0.0,36.889984130859375,38.64998245239258,39.42998123168945,42.90996551513672,44.019981384277344,44.99534606933594,-0.34992295331975043,0.0001698023798527694,0.22438413266819646,-2.3029418418010583,2.130838130739101,0.000591513968235576,0.0,0.0,0.0,0.0,0.0,0.0,0.0,0.0,0.0,0.0,0.0,0.0,3.0,7.0,1.0,1.0,2.0,1.0,0.24,0.0,0.24,1.0,nan,nan,nan,nan,nan,nan,0.429516,47.14899826049805,47.0880012512207,46.93600082397461,46.875999450683594,46.99700164794922,46.92100143432617,47.21864318847656,0.7519552707672119,47.21864318847656,0.0,0.0
1.162148,1161.864,-0.3270214239703577,-1.4200227896319788,1.2360625267028809,-1.3861168066607874,-1.5710023085223597,2.738020658493042,0.0,0.0,-0.0,0.0,0.0,0.0,-0.3269999921321869,-1.4199999570846558,1.2359999418258667,-1.3860000371932983,-1.5709999799728394,2.73799991607666,0.0,0.0,0.0,0.0,0.0,0.0,0.0269165076315403,-1.0990906953811646,-0.613066554069519,-0.20029990375041962,0.07049661129713058,0.02909383922815323,-1.6247398572220953e-17,-1.0687898256887804,-1.1894663183301544,-0.4440940167833153,-5.2832411492621246e-05,0.0,-1.8685101751901281e-16,-12.025484868222945,-9.938868412204133,-1.879681580772009,-0.0002231161185564005,0.0,36.889984130859375,38.64998245239258,39.42998123168945,42.909969329833984,44.019981384277344,44.99534606933594,-0.34993056727344957,0.00016762009282547522,0.22437289010386274,-2.3029818969337104,2.130746489642054,0.0006154088044052658,0.0,0.0,0.0,0.0,0.0,0.0,0.0,0.0,0.0,0.0,0.0,0.0,3.0,7.0,1.0,1.0,2.0,1.0,0.24,0.0,0.24,1.0,nan,nan,nan,nan,nan,nan,0.430332,47.14899826049805,47.0880012512207,46.93600082397461,46.86000061035156,46.99700164794922,46.92100143432617,47.21864318847656,0.6803395748138428,47.21864318847656,0.0,0.0
1.170279,1161.8719999999998,-0.3270214239703577,-1.420058552418844,1.2360749244689941,-1.3861168066607874,-1.5709541479693812,2.738020658493042,0.0,0.0,-0.0,0.0,0.0,0.0,-0.3269999921321869,-1.4199999570846558,1.2359999418258667,-1.3860000371932983,-1.5709999799728394,2.73799991607666,0.0,0.0,0.0,0.0,0.0,0.0,0.0336456336081028,-1.1663819551467896,-0.613066554069519,-0.20813286304473877,0.07385359704494476,0.019022895023226738,-1.6247398572220953e-17,-1.0687898256887804,-1.1894663183301544,-0.4440940167833153,-5.2832411492621246e-05,0.0,-1.8685101751901281e-16,-12.025484868222945,-9.938868412204133,-1.879681580772009,-0.0002231161185564005,0.0,36.889984130859375,38.64998245239258,39.42998123168945,42.909969329833984,44.019981384277344,44.99534606933594,-0.3499293320252267,0.00015664755217531295,0.22438105096390287,-2.303021134335526,2.130782824611213,0.0006180440666888918,0.0,0.0,0.0,0.0,0.0,0.0,0.0,0.0,0.0,0.0,0.0,0.0,3.0,7.0,1.0,1.0,2.0,1.0,0.24,0.0,0.24,1.0,nan,nan,nan,nan,nan,nan,0.431328,47.14899826049805,47.0880012512207,46.93600082397461,46.86000061035156,46.99700164794922,46.92100143432617,47.21864318847656,0.6803395748138428,47.21864318847656,0.0,0.0
1.178396,1161.8799999999999,-0.3270214239703577,-1.4200108687030237,1.2360749244689941,-1.386092487965719,-1.570942227040426,2.738032579421997,0.0,0.0,-0.0,0.0,0.0,0.0,-0.3269999921321869,-1.4199999570846558,1.2359999418258667,-1.3860000371932983,-1.5709999799728394,2.73799991607666,0.0,0.0,0.0,0.0,0.0,0.0,0.0269165076315403,-1.087875485420227,-0.6145915985107422,-0.21820379793643951,0.07832957059144974,0.03021283447742462,-1.6247398572220953e-17,-1.0687898256887804,-1.1894663183301544,-0.4440940167833153,-5.2832411492621246e-05,0.0,-1.8685101751901281e-16,-12.025484868222945,-9.938868412204133,-1.879681580772009,-0.0002231161185564005,0.0,36.889984130859375,38.64998245239258,39.42998123168945,42.909969329833984,44.019981384277344,44.99534606933594,-0.34992861190224994,0.00015382444732410467,0.22436316360102432,-2.302994885895094,2.1307840103661415,0.0005073080706207913,0.0,0.0,0.0,0.0,0.0,0.0,0.0,0.0,0.0,0.0,0.0,0.0,3.0,7.0,1.0,1.0,2.0,1.0,0.24,0.0,0.24,1.0,nan,nan,nan,nan,nan,nan,0.429024,47.14899826049805,47.0880012512207,46.93600082397461,46.86000061035156,46.99700164794922,46.92100143432617,47.21864318847656,0.7161448001861572,47.21864318847656,0.0,0.0
1.186523,1161.888,-0.32700950304140264,-1.4200108687030237,1.2360506057739258,-1.3861168066607874,-1.5709541479693812,2.738020658493042,0.0,0.0,-0.0,0.0,0.0,0.0,-0.3269999921321869,-1.4199999570846558,1.2359999418258667,-1.3860000371932983,-1.5709999799728394,2.73799991607666,0.0,0.0,0.0,0.0,0.0,0.0,0.0291595496237278,-1.074417233467102,-0.613066554069519,-0.20029990375041962,0.07273460179567337,0.031331829726696014,-1.6247398572220953e-17,-1.0687898256887804,-1.1894663183301544,-0.4440940167833153,-5.2832411492621246e-05,0.0,-1.8685101751901281e-16,-12.025484868222945,-9.938868412204133,-1.879681580772009,-0.0002231161185564005,0.0,36.889984130859375,38.64998245239258,39.42998123168945,42.909969329833984,44.019981384277344,44.99534606933594,-0.3499364881872502,0.0001549130964433137,0.22437241590725177,-2.3030268698703633,2.1307626327237754,0.0005846004176495473,0.0,0.0,0.0,0.0,0.0,0.0,0.0,0.0,0.0,0.0,0.0,0.0,3.0,7.0,1.0,1.0,2.0,1.0,0.24,0.0,0.24,1.0,nan,nan,nan,nan,nan,nan,0.42943200000000004,47.14899826049805,47.0880012512207,46.93600082397461,46.86000061035156,46.99700164794922,46.92100143432617,47.21864318847656,0.6445291042327881,47.21864318847656,0.0,0.0
1.194652,1161.896,-0.327033821736471,-1.4200227896319788,1.2360749244689941,-1.386080567036764,-1.5709660688983362,2.738008499145508,0.0,0.0,-0.0,0.0,0.0,0.0,-0.3269999921321869,-1.4199999570846558,1.2359999418258667,-1.3860000371932983,-1.5709999799728394,2.73799991607666,0.0,0.0,0.0,0.0,0.0,0.0,0.0336456336081028,-1.1215211153030396,-0.6283169388771057,-0.204775869846344,0.07385359704494476,0.04252176731824875,-1.6247398572220953e-17,-1.0687898256887804,-1.1894663183301544,-0.4440940167833153,-5.2832411492621246e-05,0.0,-1.8685101751901281e-16,-12.025484868222945,-9.938868412204133,-1.879681580772009,-0.0002231161185564005,0.0,36.889984130859375,38.64998245239258,39.42998123168945,42.909969329833984,44.019981384277344,44.995811462402344,-0.34992386675781206,0.00016177755712775094,0.22436611946989965,-2.302991306059042,2.130755800261966,0.0005224705940851904,0.0,0.0,0.0,0.0,0.0,0.0,0.0,0.0,0.0,0.0,0.0,0.0,3.0,7.0,1.0,1.0,2.0,1.0,0.24,0.0,0.24,1.0,nan,nan,nan,nan,nan,nan,0.434028,47.14899826049805,47.0880012512207,46.93600082397461,46.86000061035156,46.99700164794922,46.95199966430664,47.21864318847656,0.6803395748138428,47.21864318847656,0.0,0.0
1.202780,1161.904,-0.3269856611834925,-1.4200347105609339,1.2360625267028809,-1.386080567036764,-1.5709779898272913,2.738020658493042,0.0,0.0,-0.0,0.0,0.0,0.0,-0.3269999921321869,-1.4199999570846558,1.2359999418258667,-1.3860000371932983,-1.5709999799728394,2.73799991607666,0.0,0.0,0.0,0.0,0.0,0.0,0.0269165076315403,-1.0497437715530396,-0.613066554069519,-0.2204417884349823,0.06602063775062561,0.03245082125067711,-1.6247398572220953e-17,-1.0687898256887804,-1.1894663183301544,-0.4440940167833153,-5.2832411492621246e-05,0.0,-1.8685101751901281e-16,-12.025484868222945,-9.938868412204133,-1.879681580772009,-0.0002231161185564005,0.0,36.889984130859375,38.64998245239258,39.42998123168945,42.909969329833984,44.019981384277344,44.995811462402344,-0.3499242465458918,0.00014765469522603944,0.2243737373454663,-2.3030289190827085,2.130713723793007,0.0005651376002623285,0.0,0.0,0.0,0.0,0.0,0.0,0.0,0.0,0.0,0.0,0.0,0.0,3.0,7.0,1.0,1.0,2.0,1.0,0.24,0.0,0.24,1.0,nan,nan,nan,nan,nan,nan,0.430272,47.18000030517578,47.0880012512207,46.93600082397461,46.86000061035156,46.99700164794922,46.95199966430664,47.21864318847656,0.6803395748138428,47.21864318847656,0.0,0.0
1.210906,1161.912,-0.3270457426654261,-1.420058552418844,1.2360749244689941,-1.386080567036764,-1.5709660688983362,2.738020658493042,0.0,0.0,-0.0,0.0,0.0,0.0,-0.3269999921321869,-1.4199999570846558,1.2359999418258667,-1.3860000371932983,-1.5709999799728394,2.73799991607666,0.0,0.0,0.0,0.0,0.0,0.0,0.0314025916159153,-1.1304932832717896,-0.6283169388771057,-0.20029990375041962,0.06937761604785919,0.04364075884222984,-1.6247398572220953e-17,-1.0687898256887804,-1.1894663183301544,-0.4440940167833153,-5.2832411492621246e-05,0.0,-1.8685101751901281e-16,-12.025484868222945,-9.938868412204133,-1.879681580772009,-0.0002231161185564005,0.0,36.889984130859375,38.64998245239258,39.42998123168945,42.909969329833984,44.019981384277344,44.995811462402344,-0.34992141329026305,0.00016510558954606108,0.22437797495861028,-2.302976302646497,2.1307934581010515,0.0005737093210781271,0.0,0.0,0.0,0.0,0.0,0.0,0.0,0.0,0.0,0.0,0.0,0.0,3.0,7.0,1.0,1.0,2.0,1.0,0.24,0.0,0.24,1.0,nan,nan,nan,nan,nan,nan,0.431172,47.18000030517578,47.0880012512207,46.93600082397461,46.86000061035156,46.99700164794922,46.95199966430664,47.21864318847656,0.537108302116394,47.21864318847656,0.0,0.0
1.219023,1161.9199999999998,-0.32700950304140264,-1.420058552418844,1.2360749244689941,-1.386092487965719,-1.5709541479693812,2.738044500350952,0.0,0.0,-0.0,0.0,0.0,0.0,-0.3269999921321869,-1.4199999570846558,1.2359999418258667,-1.3860000371932983,-1.5709999799728394,2.73799991607666,0.0,0.0,0.0,0.0,0.0,0.0,0.02243042178452015,-1.074417233467102,-0.6084914207458496,-0.21596580743789673,0.07273460179567337,0.04252176731824875,-1.6247398572220953e-17,-1.0687898256887804,-1.1894663183301544,-0.4440940167833153,-5.2832411492621246e-05,0.0,-1.8685101751901281e-16,-12.025484868222945,-9.938868412204133,-1.879681580772009,-0.0002231161185564005,0.0,36.889984130859375,38.64998245239258,39.42998123168945,42.909969329833984,44.019981384277344,44.995811462402344,-0.34992455366371494,0.00015087018350205057,0.22437898044987364,-2.3030011036005824,2.130789862034705,0.0005833360736616479,0.0,0.0,0.0,0.0,0.0,0.0,0.0,0.0,0.0,0.0,0.0,0.0,3.0,7.0,1.0,1.0,2.0,1.0,0.24,0.0,0.24,1.0,nan,nan,nan,nan,nan,nan,0.43297199999999997,47.18000030517578,47.0880012512207,46.93600082397461,46.86000061035156,46.99700164794922,46.95199966430664,47.21864318847656,0.6445291042327881,47.21864318847656,0.0,0.0
1.227148,1161.9279999999999,-0.32699758211244756,-1.4200347105609339,1.2360506057739258,-1.386080567036764,-1.5709660688983362,2.7379965782165527,0.0,0.0,-0.0,0.0,0.0,0.0,-0.3269999921321869,-1.4199999570846558,1.2359999418258667,-1.3860000371932983,-1.5709999799728394,2.73799991607666,0.0,0.0,0.0,0.0,0.0,0.0,0.0381317175924778,-1.087875485420227,-0.6176416873931885,-0.2193228006362915,0.07609158009290695,0.03692679852247238,-1.6247398572220953e-17,-1.0687898256887804,-1.1894663183301544,-0.4440940167833153,-5.2832411492621246e-05,0.0,-1.8685101751901281e-16,-12.025484868222945,-9.938868412204133,-1.879681580772009,-0.0002231161185564005,0.0,36.889984130859375,38.64998245239258,39.42998123168945,42.909969329833984,44.019981384277344,44.995811462402344,-0.3499269407186319,0.00015012791117679743,0.22437724386528518,-2.3030534039300234,2.130710428208481,0.0005744636640372975,0.0,0.0,0.0,0.0,0.0,0.0,0.0,0.0,0.0,0.0,0.0,0.0,3.0,7.0,1.0,1.0,2.0,1.0,0.24,0.0,0.24,1.0,nan,nan,nan,nan,nan,nan,0.517212,47.18000030517578,47.073001861572266,46.93600082397461,46.86000061035156,46.99700164794922,46.95199966430664,47.21864318847656,0.6087239384651184,47.21864318847656,0.0,0.0
1.235276,1161.936,-0.3270214239703577,-1.4200347105609339,1.2360506057739258,-1.3860686461078089,-1.5709541479693812,2.738032579421997,0.0,0.0,-0.0,0.0,0.0,0.0,-0.3269999921321869,-1.4199999570846558,1.2359999418258667,-1.3860000371932983,-1.5709999799728394,2.73799991607666,0.0,0.0,0.0,0.0,0.0,0.0,0.0314025916159153,-1.0856324434280396,-0.6008661985397339,-0.21708481013774872,0.0682586282491684,0.06378264725208282,-1.6247398572220953e-17,-1.0687898256887804,-1.1894663183301544,-0.4440940167833153,-5.2832411492621246e-05,0.0,-1.8685101751901281e-16,-12.025484868222945,-9.938868412204133,-1.879681580772009,-0.0002231161185564005,0.0,36.889984130859375,38.64998245239258,39.42998123168945,42.90997314453125,44.019981384277344,44.995811462402344,-0.34992538517673627,0.00015534200174830754,0.22437621955872536,-2.3029940431350364,2.130783448815459,0.000549798380277389,0.0,0.0,0.0,0.0,0.0,0.0,0.0,0.0,0.0,0.0,0.0,0.0,3.0,7.0,1.0,1.0,2.0,1.0,0.24,0.0,0.24,1.0,nan,nan,nan,nan,nan,nan,0.4422,47.18000030517578,47.073001861572266,46.93600082397461,46.845001220703125,46.99700164794922,46.95199966430664,47.21864318847656,0.6087239384651184,47.21864318847656,0.0,0.0
1.243407,1161.944,-0.32705766359438115,-1.4200347105609339,1.2360267639160156,-1.3861048857318323,-1.5709779898272913,2.7379846572875977,0.0,0.0,-0.0,0.0,0.0,0.0,-0.3269999921321869,-1.4199999570846558,1.2359999418258667,-1.3860000371932983,-1.5709999799728394,2.73799991607666,0.0,0.0,0.0,0.0,0.0,0.0,0.0314025916159153,-1.078903317451477,-0.6100164651870728,-0.20813286304473877,0.06378264725208282,0.0503547228872776,-1.6247398572220953e-17,-1.0687898256887804,-1.1894663183301544,-0.4440940167833153,-5.2832411492621246e-05,0.0,-1.8685101751901281e-16,-12.025484868222945,-9.938868412204133,-1.879681580772009,-0.0002231161185564005,0.0,36.889984130859375,38.64998245239258,39.42998123168945,42.90997314453125,44.019981384277344,44.995811462402344,-0.34993472873611686,0.00017638667627449317,0.2243863559070717,-2.3030085232775193,2.13077181882906,0.0006508430865260127,0.0,0.0,0.0,0.0,0.0,0.0,0.0,0.0,0.0,0.0,0.0,0.0,3.0,7.0,1.0,1.0,2.0,1.0,0.24,0.0,0.24,1.0,nan,nan,nan,nan,nan,nan,0.439056,47.18000030517578,47.073001861572266,46.93600082397461,46.845001220703125,46.99700164794922,46.95199966430664,47.21864318847656,0.8951812386512756,47.21864318847656,0.0,0.0
1.251538,1161.952,-0.3269737402545374,-1.4200227896319788,1.2360749244689941,-1.386045281087057,-1.5709779898272913,2.738044500350952,0.0,0.0,-0.0,0.0,0.0,0.0,-0.3269999921321869,-1.4199999570846558,1.2359999418258667,-1.3860000371932983,-1.5709999799728394,2.73799991607666,0.0,0.0,0.0,0.0,0.0,0.0,0.0269165076315403,-1.1349793672561646,-0.6344171166419983,-0.21708481013774872,0.07161560654640198,0.048116736114025116,-1.6247398572220953e-17,-1.0687898256887804,-1.1894663183301544,-0.4440940167833153,-5.2832411492621246e-05,0.0,-1.8685101751901281e-16,-12.025484868222945,-9.938868412204133,-1.879681580772009,-0.0002231161185564005,0.0,36.889984130859375,38.64998245239258,39.42998123168945,42.90997314453125,44.019981384277344,44.995811462402344,-0.34991614827918566,0.00014076529431420294,0.2243631252128354,-2.302998339110081,2.130710976723515,0.0004798906262867545,0.0,0.0,0.0,0.0,0.0,0.0,0.0,0.0,0.0,0.0,0.0,0.0,3.0,7.0,1.0,1.0,2.0,1.0,0.24,0.0,0.24,1.0,nan,nan,nan,nan,nan,nan,0.42978,47.18000030517578,47.073001861572266,46.93600082397461,46.845001220703125,46.99700164794922,46.95199966430664,47.21864318847656,0.7161448001861572,47.21864318847656,0.0,0.0
1.259682,1161.96,-0.32699758211244756,-1.4200227896319788,1.2360625267028809,-1.3861048857318323,-1.570942227040426,2.738032579421997,0.0,0.0,-0.0,0.0,0.0,0.0,-0.3269999921321869,-1.4199999570846558,1.2359999418258667,-1.3860000371932983,-1.5709999799728394,2.73799991607666,0.0,0.0,0.0,0.0,0.0,0.0,0.0291595496237278,-1.069931149482727,-0.6283169388771057,-0.2025378942489624,0.07049661129713058,0.031331829726696014,-1.6247398572220953e-17,-1.0687898256887804,-1.1894663183301544,-0.4440940167833153,-5.2832411492621246e-05,0.0,-1.8685101751901281e-16,-12.025484868222945,-9.938868412204133,-1.879681580772009,-0.0002231161185564005,0.0,36.889984130859375,38.64998245239258,39.42998123168945,42.90997314453125,44.019981384277344,44.995811462402344,-0.34993221624621423,0.00014668825811753919,0.22437182755154694,-2.3030312695470005,2.130766734678895,0.0005599749049182078,0.0,0.0,0.0,0.0,0.0,0.0,0.0,0.0,0.0,0.0,0.0,0.0,3.0,7.0,1.0,1.0,2.0,1.0,0.24,0.0,0.24,1.0,nan,nan,nan,nan,nan,nan,0.428736,47.18000030517578,47.073001861572266,46.93600082397461,46.845001220703125,46.99700164794922,46.95199966430664,47.21864318847656,0.6803395748138428,47.21864318847656,0.0,0.0
1.267853,1161.9679999999998,-0.327033821736471,-1.420046631489889,1.2360987663269043,-1.3861168066607874,-1.5709903875934046,2.738044500350952,0.0,0.0,-0.0,0.0,0.0,0.0,-0.3269999921321869,-1.4199999570846558,1.2359999418258667,-1.3860000371932983,-1.5709999799728394,2.73799991607666,0.0,0.0,0.0,0.0,0.0,0.0,0.0269165076315403,-1.0542298555374146,-0.6298419833183289,-0.19694292545318604,0.07049661129713058,0.03916478529572487,-1.6247398572220953e-17,-1.0687898256887804,-1.1894663183301544,-0.4440940167833153,-5.2832411492621246e-05,0.0,-1.8685101751901281e-16,-12.025484868222945,-9.938868412204133,-1.879681580772009,-0.0002231161185564005,0.0,36.889984130859375,38.64998245239258,39.42998123168945,42.90997314453125,44.019981384277344,44.99623107910156,-0.3499239321405853,0.00016709847298502183,0.22437009574104144,-2.3029475972319555,2.1307921382020627,0.000590057577201984,0.0,0.0,0.0,0.0,0.0,0.0,0.0,0.0,0.0,0.0,0.0,0.0,3.0,7.0,1.0,1.0,2.0,1.0,0.24,0.0,0.24,1.0,nan,nan,nan,nan,nan,nan,0.430368,47.18000030517578,47.073001861572266,46.93600082397461,46.845001220703125,46.981998443603516,46.89099884033203,47.21864318847656,0.6803395748138428,47.21864318847656,0.0,0.0
1.275980,1161.9759999999999,-0.32700950304140264,-1.4200347105609339,1.2360386848449707,-1.386080567036764,-1.5709903875934046,2.7379846572875977,0.0,0.0,-0.0,0.0,0.0,0.0,-0.3269999921321869,-1.4199999570846558,1.2359999418258667,-1.3860000371932983,-1.5709999799728394,2.73799991607666,0.0,0.0,0.0,0.0,0.0,0.0,0.0291595496237278,-1.025070309638977,-0.6222168207168579,-0.22939373552799225,0.07161560654640198,0.03692679852247238,-1.6247398572220953e-17,-1.0687898256887804,-1.1894663183301544,-0.4440940167833153,-5.2832411492621246e-05,0.0,-1.8685101751901281e-16,-12.025484868222945,-9.938868412204133,-1.879681580772009,-0.0002231161185564005,0.0,36.889984130859375,38.64998245239258,39.42998123168945,42.90997314453125,44.019981384277344,44.99623107910156,-0.34992722909224583,0.00015971961251176446,0.22438077917213511,-2.3030406498847085,2.1306986681763966,0.000607037906066817,0.0,0.0,0.0,0.0,0.0,0.0,0.0,0.0,0.0,0.0,0.0,0.0,3.0,7.0,1.0,1.0,2.0,1.0,0.24,0.0,0.24,1.0,nan,nan,nan,nan,nan,nan,0.42906,47.18000030517578,47.073001861572266,46.93600082397461,46.845001220703125,46.981998443603516,46.89099884033203,47.21864318847656,0.6445291042327881,47.21864318847656,0.0,0.0
1.284126,1161.984,-0.32700950304140264,-1.4200347105609339,1.2360506057739258,-1.3860686461078089,-1.5709779898272913,2.738008499145508,0.0,0.0,-0.0,0.0,0.0,0.0,-0.3269999921321869,-1.4199999570846558,1.2359999418258667,-1.3860000371932983,-1.5709999799728394,2.73799991607666,0.0,0.0,0.0,0.0,0.0,0.0,0.02243042178452015,-1.056472897529602,-0.6283169388771057,-0.2036568820476532,0.07161560654640198,0.04923573136329651,-1.6247398572220953e-17,-1.0687898256887804,-1.1894663183301544,-0.4440940167833153,-5.2832411492621246e-05,0.0,-1.8685101751901281e-16,-12.025484868222945,-9.938868412204133,-1.879681580772009,-0.0002231161185564005,0.0,36.889984130859375,38.64998245239258,39.42998123168945,42.90997314453125,44.019981384277344,44.99623107910156,-0.3499238042733187,0.0001558537469131423,0.22437623843177112,-2.30301641931599,2.130727210279305,0.0005650288711398654,0.0,0.0,0.0,0.0,0.0,0.0,0.0,0.0,0.0,0.0,0.0,0.0,3.0,7.0,1.0,1.0,2.0,1.0,0.24,0.0,0.24,1.0,nan,nan,nan,nan,nan,nan,0.42920400000000003,47.18000030517578,47.073001861572266,46.93600082397461,46.845001220703125,46.981998443603516,46.89099884033203,47.21864318847656,0.7161448001861572,47.21864318847656,0.0,0.0
1.292255,1161.992,-0.32700950304140264,-1.4200347105609339,1.2360868453979492,-1.386092487965719,-1.5709541479693812,2.738044500350952,0.0,0.0,-0.0,0.0,0.0,0.0,-0.3269999921321869,-1.4199999570846558,1.2359999418258667,-1.3860000371932983,-1.5709999799728394,2.73799991607666,0.0,0.0,0.0,0.0,0.0,0.0,0.0269165076315403,-1.1663819551467896,-0.6283169388771057,-0.21260882914066315,0.07609158009290695,0.04028377681970596,-1.6247398572220953e-17,-1.0687898256887804,-1.1894663183301544,-0.4440940167833153,-5.2832411492621246e-05,0.0,-1.8685101751901281e-16,-12.025484868222945,-9.938868412204133,-1.879681580772009,-0.0002231161185564005,0.0,36.889984130859375,38.64998245239258,39.42998123168945,42.90997314453125,44.019981384277344,44.99623107910156,-0.34992428341165543,0.00015078896396763153,0.22436756079055117,-2.302990455114023,2.1307799220629255,0.0005321013932458456,0.0,0.0,0.0,0.0,0.0,0.0,0.0,0.0,0.0,0.0,0.0,0.0,3.0,7.0,1.0,1.0,2.0,1.0,0.24,0.0,0.24,1.0,nan,nan,nan,nan,nan,nan,0.430416,47.18000030517578,47.073001861572266,46.93600082397461,46.845001220703125,46.981998443603516,46.89099884033203,47.21864318847656,0.6087239384651184,47.21864318847656,0.0,0.0
1.300404,1162.0,-0.3270457426654261,-1.4200227896319788,1.2360625267028809,-1.386080567036764,-1.5709660688983362,2.7379846572875977,0.0,0.0,-0.0,0.0,0.0,0.0,-0.3269999921321869,-1.4199999570846558,1.2359999418258667,-1.3860000371932983,-1.5709999799728394,2.73799991607666,0.0,0.0,0.0,0.0,0.0,0.0,0.0269165076315403,-1.0946046113967896,-0.642042338848114,-0.20701386034488678,0.07161560654640198,0.06042566895484924,-1.6247398572220953e-17,-1.0687898256887804,-1.1894663183301544,-0.4440940167833153,-5.2832411492621246e-05,0.0,-1.8685101751901281e-16,-12.025484868222945,-9.938868412204133,-1.879681580772009,-0.0002231161185564005,0.0,36.889984130859375,38.64998245239258,39.42998123168945,42.90997314453125,44.019981384277344,44.99623107910156,-0.34992584566098706,0.000166618227840764,0.22436977602944133,-2.3030076905198107,2.1307455219225604,0.0005401152836040531,0.0,0.0,0.0,0.0,0.0,0.0,0.0,0.0,0.0,0.0,0.0,0.0,3.0,7.0,1.0,1.0,2.0,1.0,0.24,0.0,0.24,1.0,nan,nan,nan,nan,nan,nan,0.435072,47.18000030517578,47.073001861572266,46.93600082397461,46.845001220703125,46.981998443603516,46.89099884033203,47.21864318847656,0.5729187726974487,47.21864318847656,0.0,0.0
1.308607,1162.008,-0.32700950304140264,-1.4200227896319788,1.2360749244689941,-1.3860686461078089,-1.5709660688983362,2.738032579421997,0.0,0.0,-0.0,0.0,0.0,0.0,-0.3269999921321869,-1.4199999570846558,1.2359999418258667,-1.3860000371932983,-1.5709999799728394,2.73799991607666,0.0,0.0,0.0,0.0,0.0,0.0,0.02467346377670765,-1.083389401435852,-0.631367027759552,-0.21484681963920593,0.07049661129713058,0.04587874934077263,-1.6247398572220953e-17,-1.0687898256887804,-1.1894663183301544,-0.4440940167833153,-5.2832411492621246e-05,0.0,-1.8685101751901281e-16,-12.025484868222945,-9.938868412204133,-1.879681580772009,-0.0002231161185564005,0.0,36.889984130859375,38.64998245239258,39.42998123168945,42.909976959228516,44.019981384277344,44.99623107910156,-0.3499215272881226,0.00015248064458041327,0.2243651046747135,-2.3029879699398395,2.130752249282883,0.0005055568757932253,0.0,0.0,0.0,0.0,0.0,0.0,0.0,0.0,0.0,0.0,0.0,0.0,3.0,7.0,1.0,1.0,2.0,1.0,0.24,0.0,0.24,1.0,nan,nan,nan,nan,nan,nan,0.462792,47.18000030517578,47.073001861572266,46.93600082397461,46.86000061035156,46.981998443603516,46.89099884033203,47.21864318847656,0.8235656023025513,47.21864318847656,0.0,0.0
1.316737,1162.0159999999998,-0.3270214239703577,-1.4200108687030237,1.2360267639160156,-1.386092487965719,-1.5709541479693812,2.7379729747772217,0.0,0.0,-0.0,0.0,0.0,0.0,-0.3269999921321869,-1.4199999570846558,1.2359999418258667,-1.3860000371932983,-1.5709999799728394,2.73799991607666,0.0,0.0,0.0,0.0,0.0,0.0,0.0291595496237278,-1.105819821357727,-0.6206917762756348,-0.21037083864212036,0.0682586282491684,0.038045790046453476,-1.6247398572220953e-17,-1.0687898256887804,-1.1894663183301544,-0.4440940167833153,-5.2832411492621246e-05,0.0,-1.8685101751901281e-16,-12.025484868222945,-9.938868412204133,-1.879681580772009,-0.0002231161185564005,0.0,36.889984130859375,38.64998245239258,39.42998123168945,42.909976959228516,44.019981384277344,44.99623107910156,-0.349935515312455,0.00015876558991523564,0.22437737748807413,-2.3030647206761437,2.130721388953863,0.0005837414857765775,0.0,0.0,0.0,0.0,0.0,0.0,0.0,0.0,0.0,0.0,0.0,0.0,3.0,7.0,1.0,1.0,2.0,1.0,0.24,0.0,0.24,1.0,nan,nan,nan,nan,nan,nan,0.43879199999999996,47.18000030517578,47.073001861572266,46.93600082397461,46.86000061035156,46.981998443603516,46.89099884033203,47.21864318847656,0.6445291042327881,47.21864318847656,0.0,0.0
1.325220,1162.024,-0.32699758211244756,-1.4200227896319788,1.2360749244689941,-1.386092487965719,-1.5709903875934046,2.738020658493042,0.0,0.0,-0.0,0.0,0.0,0.0,-0.3269999921321869,-1.4199999570846558,1.2359999418258667,-1.3860000371932983,-1.5709999799728394,2.73799991607666,0.0,0.0,0.0,0.0,0.0,0.0,0.02467346377670765,-1.0766602754592896,-0.6283169388771057,-0.204775869846344,0.06490164250135422,0.054830700159072876,-1.6247398572220953e-17,-1.0687898256887804,-1.1894663183301544,-0.4440940167833153,-5.2832411492621246e-05,0.0,-1.8685101751901281e-16,-12.025484868222945,-9.938868412204133,-1.879681580772009,-0.0002231161185564005,0.0,36.889984130859375,38.64998245239258,39.42998123168945,42.909976959228516,44.019981384277344,44.99623107910156,-0.3499246013617365,0.00015466050001928882,0.22436715360619994,-2.3030042658455274,2.130716281865258,0.0005552704589085811,0.0,0.0,0.0,0.0,0.0,0.0,0.0,0.0,0.0,0.0,0.0,0.0,3.0,7.0,1.0,1.0,2.0,1.0,0.24,0.0,0.24,1.0,nan,nan,nan,nan,nan,nan,0.435816,47.18000030517578,47.073001861572266,46.93600082397461,46.86000061035156,46.981998443603516,46.89099884033203,47.21864318847656,0.537108302116394,47.21864318847656,0.0,0.0
1.333723,1162.032,-0.327033821736471,-1.4200108687030237,1.2360868453979492,-1.386092487965719,-1.5709779898272913,2.7379965782165527,0.0,0.0,-0.0,0.0,0.0,0.0,-0.3269999921321869,-1.4199999570846558,1.2359999418258667,-1.3860000371932983,-1.5709999799728394,2.73799991607666,0.0,0.0,0.0,0.0,0.0,0.0,0.0269165076315403,-1.092361569404602,-0.6298419833183289,-0.204775869846344,0.07609158009290695,0.03245082125067711,-1.6247398572220953e-17,-1.0687898256887804,-1.1894663183301544,-0.4440940167833153,-5.2832411492621246e-05,0.0,-1.8685101751901281e-16,-12.025484868222945,-9.938868412204133,-1.879681580772009,-0.0002231161185564005,0.0,36.889984130859375,38.64998245239258,39.42998123168945,42.909976959228516,44.019981384277344,44.99623107910156,-0.3499243309567256,0.00016454398117277856,0.22435967596234457,-2.302992514874178,2.130731332744823,0.0005129805792254644,0.0,0.0,0.0,0.0,0.0,0.0,0.0,0.0,0.0,0.0,0.0,0.0,3.0,7.0,1.0,1.0,2.0,1.0,0.24,0.0,0.24,1.0,nan,nan,nan,nan,nan,nan,0.432276,47.18000030517578,47.073001861572266,46.93600082397461,46.86000061035156,46.981998443603516,46.89099884033203,47.21864318847656,0.7161448001861572,47.21864318847656,0.0,0.0
1.341891,1162.04,-0.3270214239703577,-1.420058552418844,1.2360386848449707,-1.3861168066607874,-1.5709541479693812,2.738044500350952,0.0,0.0,-0.0,0.0,0.0,0.0,-0.3269999921321869,-1.4199999570846558,1.2359999418258667,-1.3860000371932983,-1.5709999799728394,2.73799991607666,0.0,0.0,0.0,0.0,0.0,0.0,0.0269165076315403,-1.0676881074905396,-0.6176416873931885,-0.21820379793643951,0.067139632999897,0.03692679852247238,-1.6247398572220953e-17,-1.0687898256887804,-1.1894663183301544,-0.4440940167833153,-5.2832411492621246e-05,0.0,-1.8685101751901281e-16,-12.025484868222945,-9.938868412204133,-1.879681580772009,-0.0002231161185564005,0.0,36.889984130859375,38.64998245239258,39.42998123168945,42.909976959228516,44.019981384277344,44.99660873413086,-0.3499351216807588,0.00015860349009000585,0.22439173993240558,-2.3030065183583077,2.1308203737069626,0.0006700327923722368,0.0,0.0,0.0,0.0,0.0,0.0,0.0,0.0,0.0,0.0,0.0,0.0,3.0,7.0,1.0,1.0,2.0,1.0,0.24,0.0,0.24,1.0,nan,nan,nan,nan,nan,nan,0.430044,47.18000030517578,47.073001861572266,46.93600082397461,46.86000061035156,47.012001037597656,46.93600082397461,47.21864318847656,0.8235656023025513,47.21864318847656,0.0,0.0
1.350024,1162.048,-0.3270214239703577,-1.4199984709369105,1.2360625267028809,-1.3861048857318323,-1.5709541479693812,2.7379729747772217,0.0,0.0,-0.0,0.0,0.0,0.0,-0.3269999921321869,-1.4199999570846558,1.2359999418258667,-1.3860000371932983,-1.5709999799728394,2.73799991607666,0.0,0.0,0.0,0.0,0.0,0.0,0.0269165076315403,-1.092361569404602,-0.6359421610832214,-0.22379876673221588,0.07609158009290695,0.044759754091501236,-1.6247398572220953e-17,-1.0687898256887804,-1.1894663183301544,-0.4440940167833153,-5.2832411492621246e-05,0.0,-1.8685101751901281e-16,-12.025484868222945,-9.938868412204133,-1.879681580772009,-0.0002231161185564005,0.0,36.889984130859375,38.64998245239258,39.42998123168945,42.909976959228516,44.019981384277344,44.99660873413086,-0.3499330882022489,0.00015794630184910247,0.22436377498509744,-2.303054127374403,2.1307114006763417,0.0005325014027191746,0.0,0.0,0.0,0.0,0.0,0.0,0.0,0.0,0.0,0.0,0.0,0.0,3.0,7.0,1.0,1.0,2.0,1.0,0.24,0.0,0.24,1.0,nan,nan,nan,nan,nan,nan,0.43249200000000004,47.14899826049805,47.073001861572266,46.93600082397461,46.86000061035156,47.012001037597656,46.93600082397461,47.21864318847656,0.9309917092323303,47.21864318847656,0.0,0.0
1.358153,1162.056,-0.3270457426654261,-1.4200347105609339,1.2360749244689941,-1.3860686461078089,-1.5709660688983362,2.738032579421997,0.0,0.0,-0.0,0.0,0.0,0.0,-0.3269999921321869,-1.4199999570846558,1.2359999418258667,-1.3860000371932983,-1.5709999799728394,2.73799991607666,0.0,0.0,0.0,0.0,0.0,0.0,0.0336456336081028,-1.1080628633499146,-0.6344171166419983,-0.20813286304473877,0.07049661129713058,0.09175749868154526,-1.6247398572220953e-17,-1.0687898256887804,-1.1894663183301544,-0.4440940167833153,-5.2832411492621246e-05,0.0,-1.8685101751901281e-16,-12.025484868222945,-9.938868412204133,-1.879681580772009,-0.0002231161185564005,0.0,36.889984130859375,38.64998245239258,39.42998123168945,42.909976959228516,44.019981384277344,44.99660873413086,-0.34992070441718937,0.0001648805596733347,0.22436905648511704,-2.3029529070636476,2.1307972847586223,0.000522519494736841,0.0,0.0,0.0,0.0,0.0,0.0,0.0,0.0,0.0,0.0,0.0,0.0,3.0,7.0,1.0,1.0,2.0,1.0,0.24,0.0,0.24,1.0,nan,nan,nan,nan,nan,nan,0.43013999999999997,47.14899826049805,47.073001861572266,46.93600082397461,46.86000061035156,47.012001037597656,46.93600082397461,47.21864318847656,0.6803395748138428,47.21864318847656,0.0,0.0
1.366693,1162.0639999999999,-0.327033821736471,-1.420046631489889,1.2360386848449707,-1.3860686461078089,-1.5709779898272913,2.738008499145508,0.0,0.0,-0.0,0.0,0.0,0.0,-0.3269999921321869,-1.4199999570846558,1.2359999418258667,-1.3860000371932983,-1.5709999799728394,2.73799991607666,0.0,0.0,0.0,0.0,0.0,0.0,0.02467346377670765,-1.0856324434280396,-0.6267919540405273,-0.21260882914066315,0.07049661129713058,0.04252176731824875,-1.6247398572220953e-17,-1.0687898256887804,-1.1894663183301544,-0.4440940167833153,-5.2832411492621246e-05,0.0,-1.8685101751901281e-16,-12.025484868222945,-9.938868412204133,-1.879681580772009,-0.0002231161185564005,0.0,36.889984130859375,38.64998245239258,39.42998123168945,42.909976959228516,44.019981384277344,44.99660873413086,-0.34991599149551517,0.00016442406641260972,0.22437096235416776,-2.3029275181747195,2.130799199414009,0.0005552845539533316,0.0,0.0,0.0,0.0,0.0,0.0,0.0,0.0,0.0,0.0,0.0,0.0,3.0,7.0,1.0,1.0,2.0,1.0,0.24,0.0,0.24,1.0,nan,nan,nan,nan,nan,nan,0.429156,47.14899826049805,47.05799865722656,46.93600082397461,46.86000061035156,47.012001037597656,46.93600082397461,47.21864318847656,0.7161448001861572,47.21864318847656,0.0,0.0
1.374865,1162.08,-0.3270214239703577,-1.420058552418844,1.2360506057739258,-1.386092487965719,-1.5709779898272913,2.738020658493042,0.0,0.0,-0.0,0.0,0.0,0.0,-0.3269999921321869,-1.4199999570846558,1.2359999418258667,-1.3860000371932983,-1.5709999799728394,2.73799991607666,0.0,0.0,0.0,0.0,0.0,0.0,0.02018737979233265,-1.1439515352249146,-0.6100164651870728,-0.20701386034488678,0.067139632999897,0.0335698164999485,-1.6247398572220953e-17,-1.0687898256887804,-1.1894663183301544,-0.4440940167833153,-5.2832411492621246e-05,0.0,-1.8685101751901281e-16,-12.025484868222945,-9.938868412204133,-1.879681580772009,-0.0002231161185564005,0.0,36.889984130859375,38.64998245239258,39.42998123168945,42.90998077392578,44.019981384277344,44.99660873413086,-0.34992685430549564,0.0001610373383105072,0.2243861720363715,-2.303005056550723,2.1307681215787064,0.0006333272140134493,0.0,0.0,0.0,0.0,0.0,0.0,0.0,0.0,0.0,0.0,0.0,0.0,3.0,7.0,1.0,1.0,2.0,1.0,0.24,0.0,0.24,1.0,nan,nan,nan,nan,nan,nan,0.427224,47.14899826049805,47.05799865722656,46.93600082397461,46.89099884033203,47.012001037597656,46.93600082397461,47.21864318847656,0.537108302116394,47.21864318847656,0.0,0.0
1.382991,1162.088,-0.32699758211244756,-1.4200227896319788,1.2360749244689941,-1.386092487965719,-1.5709660688983362,2.738020658493042,0.0,0.0,-0.0,0.0,0.0,0.0,-0.3269999921321869,-1.4199999570846558,1.2359999418258667,-1.3860000371932983,-1.5709999799728394,2.73799991607666,0.0,0.0,0.0,0.0,0.0,0.0,0.0269165076315403,-1.047500729560852,-0.6069663763046265,-0.19806191325187683,0.08056755363941193,0.044759754091501236,-1.6247398572220953e-17,-1.0687898256887804,-1.1894663183301544,-0.4440940167833153,-5.2832411492621246e-05,0.0,-1.8685101751901281e-16,-12.025484868222945,-9.938868412204133,-1.879681580772009,-0.0002231161185564005,0.0,36.889984130859375,38.64998245239258,39.42998123168945,42.90998077392578,44.019981384277344,44.99660873413086,-0.3499262156891559,0.00014988363638927934,0.2243671342945539,-2.303020562378418,2.1307313590223687,0.0005396953086548384,0.0,0.0,0.0,0.0,0.0,0.0,0.0,0.0,0.0,0.0,0.0,0.0,3.0,7.0,1.0,1.0,2.0,1.0,0.24,0.0,0.24,1.0,nan,nan,nan,nan,nan,nan,0.429144,47.14899826049805,47.05799865722656,46.93600082397461,46.89099884033203,47.012001037597656,46.93600082397461,47.21864318847656,0.6087239384651184,47.21864318847656,0.0,0.0
1.391157,1162.096,-0.32699758211244756,-1.4200227896319788,1.2360625267028809,-1.386092487965719,-1.5709660688983362,2.738032579421997,0.0,0.0,-0.0,0.0,0.0,0.0,-0.3269999921321869,-1.4199999570846558,1.2359999418258667,-1.3860000371932983,-1.5709999799728394,2.73799991607666,0.0,0.0,0.0,0.0,0.0,0.0,0.0291595496237278,-1.1080628633499146,-0.6222168207168579,-0.2193228006362915,0.06937761604785919,0.04252176731824875,-1.6247398572220953e-17,-1.0687898256887804,-1.1894663183301544,-0.4440940167833153,-5.2832411492621246e-05,0.0,-1.8685101751901281e-16,-12.025484868222945,-9.938868412204133,-1.879681580772009,-0.0002231161185564005,0.0,36.889984130859375,38.64998245239258,39.42998123168945,42.90998077392578,44.019981384277344,44.99660873413086,-0.34992819656604696,0.00015055279015148816,0.2243707908847426,-2.3030115525810744,2.1307485403742445,0.0005574928016559195,0.0,0.0,0.0,0.0,0.0,0.0,0.0,0.0,0.0,0.0,0.0,0.0,3.0,7.0,1.0,1.0,2.0,1.0,0.24,0.0,0.24,1.0,nan,nan,nan,nan,nan,nan,0.432468,47.14899826049805,47.05799865722656,46.93600082397461,46.89099884033203,47.012001037597656,46.93600082397461,47.21864318847656,0.6087239384651184,47.21864318847656,0.0,0.0
1.399281,1162.104,-0.3269737402545374,-1.4200227896319788,1.2360987663269043,-1.3860686461078089,-1.5709541479693812,2.738008499145508,0.0,0.0,-0.0,0.0,0.0,0.0,-0.3269999921321869,-1.4199999570846558,1.2359999418258667,-1.3860000371932983,-1.5709999799728394,2.73799991607666,0.0,0.0,0.0,0.0,0.0,0.0,0.0269165076315403,-1.065445065498352,-0.6222168207168579,-0.22603675723075867,0.07609158009290695,0.038045790046453476,-1.6247398572220953e-17,-1.0687898256887804,-1.1894663183301544,-0.4440940167833153,-5.2832411492621246e-05,0.0,-1.8685101751901281e-16,-12.025484868222945,-9.938868412204133,-1.879681580772009,-0.0002231161185564005,0.0,36.889984130859375,38.64998245239258,39.42998123168945,42.90998077392578,44.019981384277344,44.99660873413086,-0.34991851422270753,0.00013633805684019011,0.22435806353955057,-2.3030526191608156,2.1306840909503424,0.0004638071774968279,0.0,0.0,0.0,0.0,0.0,0.0,0.0,0.0,0.0,0.0,0.0,0.0,3.0,7.0,1.0,1.0,2.0,1.0,0.24,0.0,0.24,1.0,nan,nan,nan,nan,nan,nan,0.430668,47.14899826049805,47.05799865722656,46.93600082397461,46.89099884033203,47.012001037597656,46.93600082397461,47.21864318847656,0.6803395748138428,47.21864318847656,0.0,0.0
1.407431,1162.1119999999999,-0.3269856611834925,-1.4200227896319788,1.2360625267028809,-1.3861048857318323,-1.5709903875934046,2.738020658493042,0.0,0.0,-0.0,0.0,0.0,0.0,-0.3269999921321869,-1.4199999570846558,1.2359999418258667,-1.3860000371932983,-1.5709999799728394,2.73799991607666,0.0,0.0,0.0,0.0,0.0,0.0,0.02243042178452015,-1.065445065498352,-0.623741865158081,-0.2014188915491104,0.07832957059144974,0.038045790046453476,-1.6247398572220953e-17,-1.0687898256887804,-1.1894663183301544,-0.4440940167833153,-5.2832411492621246e-05,0.0,-1.8685101751901281e-16,-12.025484868222945,-9.938868412204133,-1.879681580772009,-0.0002231161185564005,0.0,36.889984130859375,38.64998245239258,39.42998123168945,42.90998077392578,44.019981384277344,44.9969482421875,-0.34992902108080376,0.00015197684269438135,0.2243718656771826,-2.3030243956470517,2.1307094223451006,0.0005908200375305321,0.0,0.0,0.0,0.0,0.0,0.0,0.0,0.0,0.0,0.0,0.0,0.0,3.0,7.0,1.0,1.0,2.0,1.0,0.24,0.0,0.24,1.0,nan,nan,nan,nan,nan,nan,0.43338,47.14899826049805,47.05799865722656,46.93600082397461,46.89099884033203,47.02799987792969,46.93600082397461,47.21864318847656,0.7161448001861572,47.21864318847656,0.0,0.0
1.415556,1162.12,-0.327033821736471,-1.4200347105609339,1.2360625267028809,-1.3861048857318323,-1.5709779898272913,2.738044500350952,0.0,0.0,-0.0,0.0,0.0,0.0,-0.3269999921321869,-1.4199999570846558,1.2359999418258667,-1.3860000371932983,-1.5709999799728394,2.73799991607666,0.0,0.0,0.0,0.0,0.0,0.0,0.0269165076315403,-1.0407716035842896,-0.623741865158081,-0.204775869846344,0.06937761604785919,0.04923573136329651,-1.6247398572220953e-17,-1.0687898256887804,-1.1894663183301544,-0.4440940167833153,-5.2832411492621246e-05,0.0,-1.8685101751901281e-16,-12.025484868222945,-9.938868412204133,-1.879681580772009,-0.0002231161185564005,0.0,36.889984130859375,38.64998245239258,39.42998123168945,42.90998077392578,44.019981384277344,44.9969482421875,-0.3499290192396573,0.00016611325823250505,0.2243758077416378,-2.3029595410766066,2.1308033260265775,0.0005998809950653711,0.0,0.0,0.0,0.0,0.0,0.0,0.0,0.0,0.0,0.0,0.0,0.0,3.0,7.0,1.0,1.0,2.0,1.0,0.24,0.0,0.24,1.0,nan,nan,nan,nan,nan,nan,0.436116,47.18000030517578,47.05799865722656,46.95199966430664,46.89099884033203,47.02799987792969,46.93600082397461,47.21864318847656,0.7877604365348816,47.21864318847656,0.0,0.0
1.423679,1162.128,-0.3270214239703577,-1.4199984709369105,1.2360868453979492,-1.386080567036764,-1.5709903875934046,2.738020658493042,0.0,0.0,-0.0,0.0,0.0,0.0,-0.3269999921321869,-1.4199999570846558,1.2359999418258667,-1.3860000371932983,-1.5709999799728394,2.73799991607666,0.0,0.0,0.0,0.0,0.0,0.0,0.0269165076315403,-1.105819821357727,-0.6359421610832214,-0.2025378942489624,0.07273460179567337,0.03692679852247238,-1.6247398572220953e-17,-1.0687898256887804,-1.1894663183301544,-0.4440940167833153,-5.2832411492621246e-05,0.0,-1.8685101751901281e-16,-12.025484868222945,-9.938868412204133,-1.879681580772009,-0.0002231161185564005,0.0,36.889984130859375,38.64998245239258,39.42998123168945,42.90998077392578,44.019981384277344,44.9969482421875,-0.34992201630309316,0.00016214598419907878,0.2243545611468264,-2.3029644768388877,2.1307303777803903,0.0004862071310159759,0.0,0.0,0.0,0.0,0.0,0.0,0.0,0.0,0.0,0.0,0.0,0.0,3.0,7.0,1.0,1.0,2.0,1.0,0.24,0.0,0.24,1.0,nan,nan,nan,nan,nan,nan,0.430092,47.18000030517578,47.05799865722656,46.95199966430664,46.89099884033203,47.02799987792969,46.93600082397461,47.21864318847656,0.6087239384651184,47.21864318847656,0.0,0.0
1.431809,1162.136,-0.32706958452333623,-1.420046631489889,1.2360386848449707,-1.3860686461078089,-1.5709660688983362,2.738020658493042,0.0,0.0,-0.0,0.0,0.0,0.0,-0.3269999921321869,-1.4199999570846558,1.2359999418258667,-1.3860000371932983,-1.5709999799728394,2.73799991607666,0.0,0.0,0.0,0.0,0.0,0.0,0.0291595496237278,-1.0811463594436646,-0.623741865158081,-0.20589487254619598,0.07609158009290695,0.0335698164999485,-1.6247398572220953e-17,-1.0687898256887804,-1.1894663183301544,-0.4440940167833153,-5.2832411492621246e-05,0.0,-1.8685101751901281e-16,-12.025484868222945,-9.938868412204133,-1.879681580772009,-0.0002231161185564005,0.0,36.889984130859375,38.64998245239258,39.42998123168945,42.90998077392578,44.019981384277344,44.9969482421875,-0.34992567305580496,0.0001748984808920471,0.22438369681901643,-2.3029545338857416,2.1308244096253466,0.0005913967408909355,0.0,0.0,0.0,0.0,0.0,0.0,0.0,0.0,0.0,0.0,0.0,0.0,3.0,7.0,1.0,1.0,2.0,1.0,0.24,0.0,0.24,1.0,nan,nan,nan,nan,nan,nan,0.429768,47.18000030517578,47.05799865722656,46.95199966430664,46.89099884033203,47.02799987792969,46.93600082397461,47.21864318847656,0.7519552707672119,47.21864318847656,0.0,0.0
1.439977,1162.144,-0.327033821736471,-1.420046631489889,1.2360506057739258,-1.386080567036764,-1.5709660688983362,2.7379846572875977,0.0,0.0,-0.0,0.0,0.0,0.0,-0.3269999921321869,-1.4199999570846558,1.2359999418258667,-1.3860000371932983,-1.5709999799728394,2.73799991607666,0.0,0.0,0.0,0.0,0.0,0.0,0.0291595496237278,-1.1260071992874146,-0.6039162874221802,-0.20925185084342957,0.09399548172950745,0.048116736114025116,-1.6247398572220953e-17,-1.0687898256887804,-1.1894663183301544,-0.4440940167833153,-5.2832411492621246e-05,0.0,-1.8685101751901281e-16,-12.025484868222945,-9.938868412204133,-1.879681580772009,-0.0002231161185564005,0.0,36.889984130859375,38.64998245239258,39.42998123168945,42.90998077392578,44.019981384277344,44.9969482421875,-0.3499261177925787,0.0001625279857397563,0.22438119574374468,-2.3030310395443934,2.1307417352845244,0.0005913890344714246,0.0,0.0,0.0,0.0,0.0,0.0,0.0,0.0,0.0,0.0,0.0,0.0,3.0,7.0,1.0,1.0,2.0,1.0,0.24,0.0,0.24,1.0,nan,nan,nan,nan,nan,nan,0.43537200000000004,47.18000030517578,47.073001861572266,46.95199966430664,46.89099884033203,47.02799987792969,46.93600082397461,47.21864318847656,0.6803395748138428,47.21864318847656,0.0,0.0
1.448148,1162.152,-0.3270214239703577,-1.4200227896319788,1.2360749244689941,-1.386080567036764,-1.5710142294513147,2.738020658493042,0.0,0.0,-0.0,0.0,0.0,0.0,-0.3269999921321869,-1.4199999570846558,1.2359999418258667,-1.3860000371932983,-1.5709999799728394,2.73799991607666,0.0,0.0,0.0,0.0,0.0,0.0,0.0314025916159153,-1.0587159395217896,-0.6084914207458496,-0.2025378942489624,0.09063850343227386,0.054830700159072876,-1.6247398572220953e-17,-1.0687898256887804,-1.1894663183301544,-0.4440940167833153,-5.2832411492621246e-05,0.0,-1.8685101751901281e-16,-12.025484868222945,-9.938868412204133,-1.879681580772009,-0.0002231161185564005,0.0,36.889984130859375,38.64998245239258,39.42998123168945,42.90998458862305,44.019981384277344,44.9969482421875,-0.34992067150990713,0.0001668992694543922,0.2243661578336043,-2.302959290089768,2.1307256689973895,0.0005533935395535598,0.0,0.0,0.0,0.0,0.0,0.0,0.0,0.0,0.0,0.0,0.0,0.0,3.0,7.0,1.0,1.0,2.0,1.0,0.24,0.0,0.24,1.0,nan,nan,nan,nan,nan,nan,0.43092,47.18000030517578,47.073001861572266,46.95199966430664,46.875999450683594,47.02799987792969,46.93600082397461,47.21864318847656,0.6445291042327881,47.21864318847656,0.0,0.0
1.456304,1162.1599999999999,-0.3270457426654261,-1.4199984709369105,1.2360625267028809,-1.3860686461078089,-1.570942227040426,2.738044500350952,0.0,0.0,-0.0,0.0,0.0,0.0,-0.3269999921321869,-1.4199999570846558,1.2359999418258667,-1.3860000371932983,-1.5709999799728394,2.73799991607666,0.0,0.0,0.0,0.0,0.0,0.0,0.02467346377670765,-1.0587159395217896,-0.6283169388771057,-0.20813286304473877,0.07497258484363556,0.04587874934077263,-1.6247398572220953e-17,-1.0687898256887804,-1.1894663183301544,-0.4440940167833153,-5.2832411492621246e-05,0.0,-1.8685101751901281e-16,-12.025484868222945,-9.938868412204133,-1.879681580772009,-0.0002231161185564005,0.0,36.889984130859375,38.64998245239258,39.42998123168945,42.90998458862305,44.019981384277344,44.9969482421875,-0.34992675216164715,0.00016172124718434334,0.22436068061369746,-2.302949078581582,2.1308191853502847,0.00047312674442918305,0.0,0.0,0.0,0.0,0.0,0.0,0.0,0.0,0.0,0.0,0.0,0.0,3.0,7.0,1.0,1.0,2.0,1.0,0.24,0.0,0.24,1.0,nan,nan,nan,nan,nan,nan,0.430068,47.18000030517578,47.073001861572266,46.95199966430664,46.875999450683594,47.02799987792969,46.93600082397461,47.21864318847656,0.6803395748138428,47.21864318847656,0.0,0.0
1.464462,1162.168,-0.3270457426654261,-1.4200227896319788,1.2360625267028809,-1.386080567036764,-1.5709660688983362,2.738020658493042,0.0,0.0,-0.0,0.0,0.0,0.0,-0.3269999921321869,-1.4199999570846558,1.2359999418258667,-1.3860000371932983,-1.5709999799728394,2.73799991607666,0.0,0.0,0.0,0.0,0.0,0.0,0.02467346377670765,-1.0632020235061646,-0.6145915985107422,-0.22379876673221588,0.07161560654640198,0.05371170490980148,-1.6247398572220953e-17,-1.0687898256887804,-1.1894663183301544,-0.4440940167833153,-5.2832411492621246e-05,0.0,-1.8685101751901281e-16,-12.025484868222945,-9.938868412204133,-1.879681580772009,-0.0002231161185564005,0.0,36.889984130859375,38.64998245239258,39.42998123168945,42.90998458862305,44.019981384277344,44.9969482421875,-0.34992584566098706,0.000166618227840764,0.22436977602944133,-2.302969339978012,2.130786981299754,0.0005402307877006221,0.0,0.0,0.0,0.0,0.0,0.0,0.0,0.0,0.0,0.0,0.0,0.0,3.0,7.0,1.0,1.0,2.0,1.0,0.24,0.0,0.24,1.0,nan,nan,nan,nan,nan,nan,0.430536,47.18000030517578,47.073001861572266,46.95199966430664,46.875999450683594,47.02799987792969,46.93600082397461,47.21864318847656,0.6445291042327881,47.21864318847656,0.0,0.0
1.472580,1162.176,-0.327033821736471,-1.4200227896319788,1.2360267639160156,-1.386092487965719,-1.5710142294513147,2.7379965782165527,0.0,0.0,-0.0,0.0,0.0,0.0,-0.3269999921321869,-1.4199999570846558,1.2359999418258667,-1.3860000371932983,-1.5709999799728394,2.73799991607666,0.0,0.0,0.0,0.0,0.0,0.0,0.0314025916159153,-1.0317994356155396,-0.6008661985397339,-0.21820379793643951,0.07832957059144974,0.03580780327320099,-1.6247398572220953e-17,-1.0687898256887804,-1.1894663183301544,-0.4440940167833153,-5.2832411492621246e-05,0.0,-1.8685101751901281e-16,-12.025484868222945,-9.938868412204133,-1.879681580772009,-0.0002231161185564005,0.0,36.889984130859375,38.64998245239258,39.42998123168945,42.90998458862305,44.019981384277344,44.9969482421875,-0.3499307072922517,0.00017462437943294694,0.22438137725025878,-2.302989653377217,2.1307289069627435,0.0006393328809433243,0.0,0.0,0.0,0.0,0.0,0.0,0.0,0.0,0.0,0.0,0.0,0.0,3.0,7.0,1.0,1.0,2.0,1.0,0.24,0.0,0.24,1.0,nan,nan,nan,nan,nan,nan,0.43032,47.18000030517578,47.073001861572266,46.95199966430664,46.875999450683594,47.02799987792969,46.93600082397461,47.21864318847656,0.6803395748138428,47.21864318847656,0.0,0.0
1.480702,1162.184,-0.3270214239703577,-1.4200704733477991,1.2360506057739258,-1.3861287275897425,-1.5710023085223597,2.738044500350952,0.0,0.0,-0.0,0.0,0.0,0.0,-0.3269999921321869,-1.4199999570846558,1.2359999418258667,-1.3860000371932983,-1.5709999799728394,2.73799991607666,0.0,0.0,0.0,0.0,0.0,0.0,0.0336456336081028,-1.1080628633499146,-0.6344171166419983,-0.21708481013774872,0.07721057534217834,0.031331829726696014,-1.6247398572220953e-17,-1.0687898256887804,-1.1894663183301544,-0.4440940167833153,-5.2832411492621246e-05,0.0,-1.8685101751901281e-16,-12.025484868222945,-9.938868412204133,-1.879681580772009,-0.0002231161185564005,0.0,36.889984130859375,38.64998245239258,39.42998123168945,42.90998458862305,44.019981384277344,44.99725341796875,-0.3499315457928297,0.00016792612039560076,0.2243932290846925,-2.3029778407806014,2.1307937873798974,0.0007179486298039988,0.0,0.0,0.0,0.0,0.0,0.0,0.0,0.0,0.0,0.0,0.0,0.0,3.0,7.0,1.0,1.0,2.0,1.0,0.24,0.0,0.24,1.0,nan,nan,nan,nan,nan,nan,0.430104,47.18000030517578,47.073001861572266,46.95199966430664,46.875999450683594,47.012001037597656,46.95199966430664,47.21864318847656,0.7877604365348816,47.21864318847656,0.0,0.0
1.488825,1162.192,-0.3270214239703577,-1.4200227896319788,1.2360506057739258,-1.3861168066607874,-1.5709779898272913,2.7379846572875977,0.0,0.0,-0.0,0.0,0.0,0.0,-0.3269999921321869,-1.4199999570846558,1.2359999418258667,-1.3860000371932983,-1.5709999799728394,2.73799991607666,0.0,0.0,0.0,0.0,0.0,0.0,0.0269165076315403,-1.0228272676467896,-0.6328920722007751,-0.19918090105056763,0.07721057534217834,0.048116736114025116,-1.6247398572220953e-17,-1.0687898256887804,-1.1894663183301544,-0.4440940167833153,-5.2832411492621246e-05,0.0,-1.8685101751901281e-16,-12.025484868222945,-9.938868412204133,-1.879681580772009,-0.0002231161185564005,0.0,36.889984130859375,38.64998245239258,39.42998123168945,42.90998458862305,44.019981384277344,44.99725341796875,-0.34993408632489836,0.00016348670872133158,0.22437638676878682,-2.303040090102782,2.130723426079877,0.000616795663855481,0.0,0.0,0.0,0.0,0.0,0.0,0.0,0.0,0.0,0.0,0.0,0.0,3.0,7.0,1.0,1.0,2.0,1.0,0.24,0.0,0.24,1.0,nan,nan,nan,nan,nan,nan,0.428328,47.16400146484375,47.073001861572266,46.93600082397461,46.875999450683594,47.012001037597656,46.95199966430664,47.21864318847656,0.6445291042327881,47.21864318847656,0.0,0.0
1.496943,1162.2,-0.3270214239703577,-1.4200227896319788,1.2360506057739258,-1.3861287275897425,-1.5709903875934046,2.7379965782165527,0.0,0.0,-0.0,0.0,0.0,0.0,-0.3269999921321869,-1.4199999570846558,1.2359999418258667,-1.3860000371932983,-1.5709999799728394,2.73799991607666,0.0,0.0,0.0,0.0,0.0,0.0,0.0291595496237278,-1.0676881074905396,-0.602391242980957,-0.21148984134197235,0.06490164250135422,0.04923573136329651,-1.6247398572220953e-17,-1.0687898256887804,-1.1894663183301544,-0.4440940167833153,-5.2832411492621246e-05,0.0,-1.8685101751901281e-16,-12.025484868222945,-9.938868412204133,-1.879681580772009,-0.0002231161185564005,0.0,36.889984130859375,38.64998245239258,39.42998123168945,42.90998458862305,44.019981384277344,44.99725341796875,-0.34993560649770517,0.00016670917744281128,0.2243774116036163,-2.303022678332969,2.1307327499673128,0.0006418430465279026,0.0,0.0,0.0,0.0,0.0,0.0,0.0,0.0,0.0,0.0,0.0,0.0,3.0,7.0,1.0,1.0,2.0,1.0,0.24,0.0,0.24,1.0,nan,nan,nan,nan,nan,nan,0.430644,47.16400146484375,47.073001861572266,46.93600082397461,46.875999450683594,47.012001037597656,46.95199966430664,47.21864318847656,0.6445291042327881,47.21864318847656,0.0,0.0
1.505085,1162.2079999999999,-0.32700950304140264,-1.4200227896319788,1.2360386848449707,-1.3860686461078089,-1.5709660688983362,2.738008499145508,0.0,0.0,-0.0,0.0,0.0,0.0,-0.3269999921321869,-1.4199999570846558,1.2359999418258667,-1.3860000371932983,-1.5709999799728394,2.73799991607666,0.0,0.0,0.0,0.0,0.0,0.0,0.0269165076315403,-1.1080628633499146,-0.6252669095993042,-0.20925185084342957,0.07161560654640198,0.027974845841526985,-1.6247398572220953e-17,-1.0687898256887804,-1.1894663183301544,-0.4440940167833153,-5.2832411492621246e-05,0.0,-1.8685101751901281e-16,-12.025484868222945,-9.938868412204133,-1.879681580772009,-0.0002231161185564005,0.0,36.889984130859375,38.64998245239258,39.42998123168945,42.90998458862305,44.019981384277344,44.99725341796875,-0.3499273174693232,0.00015443668416286073,0.2243757930628008,-2.3030244042328945,2.1307346111106757,0.0005573913254326081,0.0,0.0,0.0,0.0,0.0,0.0,0.0,0.0,0.0,0.0,0.0,0.0,3.0,7.0,1.0,1.0,2.0,1.0,0.24,0.0,0.24,1.0,nan,nan,nan,nan,nan,nan,0.460392,47.16400146484375,47.073001861572266,46.93600082397461,46.875999450683594,47.012001037597656,46.95199966430664,47.21864318847656,0.6803395748138428,47.21864318847656,0.0,0.0
1.513208,1162.216,-0.32705766359438115,-1.4200347105609339,1.2360625267028809,-1.3861168066607874,-1.5709903875934046,2.738008499145508,0.0,0.0,-0.0,0.0,0.0,0.0,-0.3269999921321869,-1.4199999570846558,1.2359999418258667,-1.3860000371932983,-1.5709999799728394,2.73799991607666,0.0,0.0,0.0,0.0,0.0,0.0,0.0269165076315403,-1.1080628633499146,-0.6466174721717834,-0.21708481013774872,0.07609158009290695,0.0335698164999485,-1.6247398572220953e-17,-1.0687898256887804,-1.1894663183301544,-0.4440940167833153,-5.2832411492621246e-05,0.0,-1.8685101751901281e-16,-12.025484868222945,-9.938868412204133,-1.879681580772009,-0.0002231161185564005,0.0,36.889984130859375,38.64998245239258,39.42998123168945,42.90998458862305,44.019981384277344,44.99725341796875,-0.34993053524723855,0.0001776787439322503,0.22437683254702007,-2.3029677740533625,2.1307849119127056,0.0006246982729060794,0.0,0.0,0.0,0.0,0.0,0.0,0.0,0.0,0.0,0.0,0.0,0.0,3.0,7.0,1.0,1.0,2.0,1.0,0.24,0.0,0.24,1.0,nan,nan,nan,nan,nan,nan,0.440712,47.16400146484375,47.073001861572266,46.93600082397461,46.875999450683594,47.012001037597656,46.95199966430664,47.21864318847656,0.6445291042327881,47.21864318847656,0.0,0.0
1.521325,1162.224,-0.32700950304140264,-1.420058552418844,1.2360506057739258,-1.386080567036764,-1.5709541479693812,2.738008499145508,0.0,0.0,-0.0,0.0,0.0,0.0,-0.3269999921321869,-1.4199999570846558,1.2359999418258667,-1.3860000371932983,-1.5709999799728394,2.73799991607666,0.0,0.0,0.0,0.0,0.0,0.0,0.0291595496237278,-1.047500729560852,-0.6039162874221802,-0.20925185084342957,0.07273460179567337,0.044759754091501236,-1.6247398572220953e-17,-1.0687898256887804,-1.1894663183301544,-0.4440940167833153,-5.2832411492621246e-05,0.0,-1.8685101751901281e-16,-12.025484868222945,-9.938868412204133,-1.879681580772009,-0.0002231161185564005,0.0,36.889984130859375,38.64998245239258,39.42998123168945,42.90998458862305,44.019981384277344,44.99725341796875,-0.3499260956998279,0.0001513955073265612,0.22438513819006045,-2.303043093552665,2.130751892600672,0.0006009878284550535,0.0,0.0,0.0,0.0,0.0,0.0,0.0,0.0,0.0,0.0,0.0,0.0,3.0,7.0,1.0,1.0,2.0,1.0,0.24,0.0,0.24,1.0,nan,nan,nan,nan,nan,nan,0.43270800000000004,47.16400146484375,47.073001861572266,46.93600082397461,46.845001220703125,47.012001037597656,46.95199966430664,47.21864318847656,0.6803395748138428,47.21864318847656,0.0,0.0
1.529451,1162.232,-0.3270457426654261,-1.4200227896319788,1.2360625267028809,-1.386080567036764,-1.5710023085223597,2.738020658493042,0.0,0.0,-0.0,0.0,0.0,0.0,-0.3269999921321869,-1.4199999570846558,1.2359999418258667,-1.3860000371932983,-1.5709999799728394,2.73799991607666,0.0,0.0,0.0,0.0,0.0,0.0,0.0291595496237278,-1.047500729560852,-0.6054413318634033,-0.2014188915491104,0.07273460179567337,0.03916478529572487,-1.6247398572220953e-17,-1.0687898256887804,-1.1894663183301544,-0.4440940167833153,-5.2832411492621246e-05,0.0,-1.8685101751901281e-16,-12.025484868222945,-9.938868412204133,-1.879681580772009,-0.0002231161185564005,0.0,36.889984130859375,38.64998245239258,39.42998123168945,42.90998458862305,44.019981384277344,44.99725341796875,-0.3499234396535648,0.00017373657517152046,0.2243698048524511,-2.302945055195703,2.130764512540172,0.0005634394801542626,0.0,0.0,0.0,0.0,0.0,0.0,0.0,0.0,0.0,0.0,0.0,0.0,3.0,7.0,1.0,1.0,2.0,1.0,0.24,0.0,0.24,1.0,nan,nan,nan,nan,nan,nan,0.429396,47.16400146484375,47.073001861572266,46.93600082397461,46.845001220703125,47.012001037597656,46.95199966430664,47.21864318847656,0.6803395748138428,47.21864318847656,0.0,0.0
1.537591,1162.24,-0.3270214239703577,-1.420046631489889,1.2360749244689941,-1.3861048857318323,-1.5709779898272913,2.738008499145508,0.0,0.0,-0.0,0.0,0.0,0.0,-0.3269999921321869,-1.4199999570846558,1.2359999418258667,-1.3860000371932983,-1.5709999799728394,2.73799991607666,0.0,0.0,0.0,0.0,0.0,0.0,0.0314025916159153,-1.1080628633499146,-0.6328920722007751,-0.20925185084342957,0.06602063775062561,0.051473718136548996,-1.6247398572220953e-17,-1.0687898256887804,-1.1894663183301544,-0.4440940167833153,-5.2832411492621246e-05,0.0,-1.8685101751901281e-16,-12.025484868222945,-9.938868412204133,-1.879681580772009,-0.0002231161185564005,0.0,36.889984130859375,38.64998245239258,39.42998123168945,42.90998458862305,44.019981384277344,44.99725341796875,-0.34992622326333256,0.00016082462088489905,0.22437610298434754,-2.3030109633101605,2.1307474490264044,0.000599125176842062,0.0,0.0,0.0,0.0,0.0,0.0,0.0,0.0,0.0,0.0,0.0,0.0,3.0,7.0,1.0,1.0,2.0,1.0,0.24,0.0,0.24,1.0,nan,nan,nan,nan,nan,nan,0.43224,47.16400146484375,47.073001861572266,46.93600082397461,46.845001220703125,47.012001037597656,46.95199966430664,47.21864318847656,0.6803395748138428,47.21864318847656,0.0,0.0
1.545717,1162.248,-0.327033821736471,-1.4200347105609339,1.2360267639160156,-1.3861168066607874,-1.5709779898272913,2.738044500350952,0.0,0.0,-0.0,0.0,0.0,0.0,-0.3269999921321869,-1.4199999570846558,1.2359999418258667,-1.3860000371932983,-1.5709999799728394,2.73799991607666,0.0,0.0,0.0,0.0,0.0,0.0,0.02243042178452015,-1.065445065498352,-0.6100164651870728,-0.21037083864212036,0.0682586282491684,0.041402772068977356,-1.6247398572220953e-17,-1.0687898256887804,-1.1894663183301544,-0.4440940167833153,-5.2832411492621246e-05,0.0,-1.8685101751901281e-16,-12.025484868222945,-9.938868412204133,-1.879681580772009,-0.0002231161185564005,0.0,36.889984130859375,38.64998245239258,39.42998123168945,42.90998458862305,44.019981384277344,44.99725341796875,-0.3499370760308431,0.00016883082813490746,0.22438737094034897,-2.3029737756889124,2.130816567240243,0.0006681799821304888,0.0,0.0,0.0,0.0,0.0,0.0,0.0,0.0,0.0,0.0,0.0,0.0,3.0,7.0,1.0,1.0,2.0,1.0,0.24,0.0,0.24,1.0,nan,nan,nan,nan,nan,nan,0.429744,47.16400146484375,47.073001861572266,46.93600082397461,46.845001220703125,47.012001037597656,46.95199966430664,47.279415130615234,0.6803395748138428,47.21864318847656,0.0,0.0
1.553834,1162.2559999999999,-0.32700950304140264,-1.4200227896319788,1.2360386848449707,-1.386092487965719,-1.5709779898272913,2.738020658493042,0.0,0.0,-0.0,0.0,0.0,0.0,-0.3269999921321869,-1.4199999570846558,1.2359999418258667,-1.3860000371932983,-1.5709999799728394,2.73799991607666,0.0,0.0,0.0,0.0,0.0,0.0,0.0291595496237278,-1.0452576875686646,-0.602391242980957,-0.21148984134197235,0.08056755363941193,0.03692679852247238,-1.6247398572220953e-17,-1.0687898256887804,-1.1894663183301544,-0.4440940167833153,-5.2832411492621246e-05,0.0,-1.8685101751901281e-16,-12.025484868222945,-9.938868412204133,-1.879681580772009,-0.0002231161185564005,0.0,36.889984130859375,38.64998245239258,39.42998123168945,42.90998458862305,44.019981384277344,44.997528076171875,-0.34993121262389837,0.00015835268830291955,0.22437783231303474,-2.3030106543177937,2.1307477867269,0.0005992037955371914,0.0,0.0,0.0,0.0,0.0,0.0,0.0,0.0,0.0,0.0,0.0,0.0,3.0,7.0,1.0,1.0,2.0,1.0,0.24,0.0,0.24,1.0,nan,nan,nan,nan,nan,nan,0.429876,47.16400146484375,47.073001861572266,46.93600082397461,46.845001220703125,46.99700164794922,46.93600082397461,47.21864318847656,0.6087239384651184,47.21864318847656,0.0,0.0
1.561957,1162.264,-0.3270214239703577,-1.420058552418844,1.2360749244689941,-1.386092487965719,-1.5709660688983362,2.738020658493042,0.0,0.0,-0.0,0.0,0.0,0.0,-0.3269999921321869,-1.4199999570846558,1.2359999418258667,-1.3860000371932983,-1.5709999799728394,2.73799991607666,0.0,0.0,0.0,0.0,0.0,0.0,0.0314025916159153,-1.0990906953811646,-0.631367027759552,-0.21037083864212036,0.0839245393872261,0.038045790046453476,-1.6247398572220953e-17,-1.0687898256887804,-1.1894663183301544,-0.4440940167833153,-5.2832411492621246e-05,0.0,-1.8685101751901281e-16,-12.025484868222945,-9.938868412204133,-1.879681580772009,-0.0002231161185564005,0.0,36.889984130859375,38.64998245239258,39.42998123168945,42.90998458862305,44.019981384277344,44.997528076171875,-0.3499237604471921,0.00015738319031221893,0.22437898987166868,-2.303005810443814,2.1307687398219146,0.000590856654970443,0.0,0.0,0.0,0.0,0.0,0.0,0.0,0.0,0.0,0.0,0.0,0.0,3.0,7.0,1.0,1.0,2.0,1.0,0.24,0.0,0.24,1.0,nan,nan,nan,nan,nan,nan,0.42835199999999996,47.14899826049805,47.073001861572266,46.96699905395508,46.845001220703125,46.99700164794922,46.93600082397461,47.21864318847656,0.5729187726974487,47.21864318847656,0.0,0.0
1.570118,1162.272,-0.32700950304140264,-1.4200347105609339,1.2360386848449707,-1.386092487965719,-1.5709779898272913,2.738008499145508,0.0,0.0,-0.0,0.0,0.0,0.0,-0.3269999921321869,-1.4199999570846558,1.2359999418258667,-1.3860000371932983,-1.5709999799728394,2.73799991607666,0.0,0.0,0.0,0.0,0.0,0.0,0.0269165076315403,-1.123764157295227,-0.6176416873931885,-0.19470493495464325,0.07049661129713058,0.04587874934077263,-1.6247398572220953e-17,-1.0687898256887804,-1.1894663183301544,-0.4440940167833153,-5.2832411492621246e-05,0.0,-1.8685101751901281e-16,-12.025484868222945,-9.938868412204133,-1.879681580772009,-0.0002231161185564005,0.0,36.889984130859375,38.64998245239258,39.42998123168945,42.90998458862305,44.019981384277344,44.997528076171875,-0.34993039535479814,0.0001580715596944695,0.2243817842552592,-2.30302715713031,2.1307370933043956,0.0006162441612575146,0.0,0.0,0.0,0.0,0.0,0.0,0.0,0.0,0.0,0.0,0.0,0.0,3.0,7.0,1.0,1.0,2.0,1.0,0.24,0.0,0.24,1.0,nan,nan,nan,nan,nan,nan,0.42701999999999996,47.14899826049805,47.073001861572266,46.96699905395508,46.845001220703125,46.99700164794922,46.93600082397461,47.21864318847656,0.7161448001861572,47.21864318847656,0.0,0.0
1.578238,1162.28,-0.3269856611834925,-1.420046631489889,1.2360506057739258,-1.3860686461078089,-1.5709779898272913,2.7379610538482666,0.0,0.0,-0.0,0.0,0.0,0.0,-0.3269999921321869,-1.4199999570846558,1.2359999418258667,-1.3860000371932983,-1.5709999799728394,2.73799991607666,0.0,0.0,0.0,0.0,0.0,0.0,0.0336456336081028,-1.007125973701477,-0.6054413318634033,-0.2036568820476532,0.07832957059144974,0.03580780327320099,-1.6247398572220953e-17,-1.0687898256887804,-1.1894663183301544,-0.4440940167833153,-5.2832411492621246e-05,0.0,-1.8685101751901281e-16,-12.025484868222945,-9.938868412204133,-1.879681580772009,-0.0002231161185564005,0.0,36.889984130859375,38.64998245239258,39.42998123168945,42.90998458862305,44.019981384277344,44.997528076171875,-0.3499229906318344,0.0001472298103188454,0.22438019028079234,-2.30309591194646,2.1306484279594575,0.0005820323574566509,0.0,0.0,0.0,0.0,0.0,0.0,0.0,0.0,0.0,0.0,0.0,0.0,3.0,7.0,1.0,1.0,2.0,1.0,0.24,0.0,0.24,1.0,nan,nan,nan,nan,nan,nan,0.425556,47.14899826049805,47.073001861572266,46.96699905395508,46.845001220703125,46.99700164794922,46.93600082397461,47.21864318847656,0.6087239384651184,47.21864318847656,0.0,0.0
1.586362,1162.288,-0.3270457426654261,-1.420046631489889,1.2360506057739258,-1.3861287275897425,-1.5709541479693812,2.738032579421997,0.0,0.0,-0.0,0.0,0.0,0.0,-0.3269999921321869,-1.4199999570846558,1.2359999418258667,-1.3860000371932983,-1.5709999799728394,2.73799991607666,0.0,0.0,0.0,0.0,0.0,0.0,0.0269165076315403,-1.0407716035842896,-0.6374672055244446,-0.23051273822784424,0.06937761604785919,0.04252176731824875,-1.6247398572220953e-17,-1.0687898256887804,-1.1894663183301544,-0.4440940167833153,-5.2832411492621246e-05,0.0,-1.8685101751901281e-16,-12.025484868222945,-9.938868412204133,-1.879681580772009,-0.0002231161185564005,0.0,36.889984130859375,38.64998245239258,39.42998123168945,42.90998458862305,44.019981384277344,44.997528076171875,-0.3499363737955964,0.0001675384790257867,0.2243852868754883,-2.3029898027970295,2.1308312967219036,0.0006528313005473137,0.0,0.0,0.0,0.0,0.0,0.0,0.0,0.0,0.0,0.0,0.0,0.0,3.0,7.0,1.0,1.0,2.0,1.0,0.24,0.0,0.24,1.0,nan,nan,nan,nan,nan,nan,0.431904,47.14899826049805,47.0880012512207,46.96699905395508,46.845001220703125,46.99700164794922,46.93600082397461,47.21864318847656,0.6087239384651184,47.21864318847656,0.0,0.0
1.594487,1162.296,-0.3270214239703577,-1.420046631489889,1.2360625267028809,-1.386092487965719,-1.5709541479693812,2.738044500350952,0.0,0.0,-0.0,0.0,0.0,0.0,-0.3269999921321869,-1.4199999570846558,1.2359999418258667,-1.3860000371932983,-1.5709999799728394,2.73799991607666,0.0,0.0,0.0,0.0,0.0,0.0,0.0291595496237278,-1.114791989326477,-0.6252669095993042,-0.20813286304473877,0.07049661129713058,0.03692679852247238,-1.6247398572220953e-17,-1.0687898256887804,-1.1894663183301544,-0.4440940167833153,-5.2832411492621246e-05,0.0,-1.8685101751901281e-16,-12.025484868222945,-9.938868412204133,-1.879681580772009,-0.0002231161185564005,0.0,36.889984130859375,38.64998245239258,39.42998123168945,42.90998458862305,44.019981384277344,44.997528076171875,-0.34992734985299967,0.00015599190968595793,0.22437868524118487,-2.3029885395877097,2.1308037303411242,0.0005839782242808942,0.0,0.0,0.0,0.0,0.0,0.0,0.0,0.0,0.0,0.0,0.0,0.0,3.0,7.0,1.0,1.0,2.0,1.0,0.24,0.0,0.24,1.0,nan,nan,nan,nan,nan,nan,0.43114800000000003,47.14899826049805,47.0880012512207,46.96699905395508,46.875999450683594,46.99700164794922,46.93600082397461,47.21864318847656,0.5729187726974487,47.21864318847656,0.0,0.0
1.602632,1162.3039999999999,-0.327033821736471,-1.4200108687030237,1.2360987663269043,-1.3860686461078089,-1.5709541479693812,2.738020658493042,0.0,0.0,-0.0,0.0,0.0,0.0,-0.3269999921321869,-1.4199999570846558,1.2359999418258667,-1.3860000371932983,-1.5709999799728394,2.73799991607666,0.0,0.0,0.0,0.0,0.0,0.0,0.0269165076315403,-1.025070309638977,-0.5978161692619324,-0.21708481013774872,0.07385359704494476,0.0503547228872776,-1.6247398572220953e-17,-1.0687898256887804,-1.1894663183301544,-0.4440940167833153,-5.2832411492621246e-05,0.0,-1.8685101751901281e-16,-12.025484868222945,-9.938868412204133,-1.879681580772009,-0.0002231161185564005,0.0,36.889984130859375,38.64998245239258,39.42998123168945,42.90998458862305,44.019981384277344,44.997528076171875,-0.34991932239433055,0.00015764273700701232,0.22435411176681075,-2.302972100329114,2.1307639618191425,0.00044657403985594573,0.0,0.0,0.0,0.0,0.0,0.0,0.0,0.0,0.0,0.0,0.0,0.0,3.0,7.0,1.0,1.0,2.0,1.0,0.24,0.0,0.24,1.0,nan,nan,nan,nan,nan,nan,0.428184,47.14899826049805,47.0880012512207,46.96699905395508,46.875999450683594,46.99700164794922,46.93600082397461,47.21864318847656,0.6803395748138428,47.21864318847656,0.0,0.0
1.610835,1162.312,-0.32699758211244756,-1.4200347105609339,1.2360506057739258,-1.386080567036764,-1.570930306111471,2.738008499145508,0.0,0.0,-0.0,0.0,0.0,0.0,-0.3269999921321869,-1.4199999570846558,1.2359999418258667,-1.3860000371932983,-1.5709999799728394,2.73799991607666,0.0,0.0,0.0,0.0,0.0,0.0,0.0314025916159153,-1.0901185274124146,-0.6191667318344116,-0.20813286304473877,0.07161560654640198,0.03580780327320099,-1.6247398572220953e-17,-1.0687898256887804,-1.1894663183301544,-0.4440940167833153,-5.2832411492621246e-05,0.0,-1.8685101751901281e-16,-12.025484868222945,-9.938868412204133,-1.879681580772009,-0.0002231161185564005,0.0,36.889984130859375,38.64998245239258,39.42998123168945,42.90998458862305,44.019981384277344,44.997528076171875,-0.3499293147307627,0.00014310311123730805,0.2243772156883342,-2.3030646716980283,2.1307463286981267,0.0005515973898612338,0.0,0.0,0.0,0.0,0.0,0.0,0.0,0.0,0.0,0.0,0.0,0.0,3.0,7.0,1.0,1.0,2.0,1.0,0.24,0.0,0.24,1.0,nan,nan,nan,nan,nan,nan,0.435216,47.14899826049805,47.0880012512207,46.96699905395508,46.875999450683594,46.99700164794922,46.93600082397461,47.21864318847656,0.6803395748138428,47.21864318847656,0.0,0.0
1.618969,1162.32,-0.3270457426654261,-1.4200227896319788,1.2360386848449707,-1.3861048857318323,-1.5709903875934046,2.738032579421997,0.0,0.0,-0.0,0.0,0.0,0.0,-0.3269999921321869,-1.4199999570846558,1.2359999418258667,-1.3860000371932983,-1.5709999799728394,2.73799991607666,0.0,0.0,0.0,0.0,0.0,0.0,0.0291595496237278,-1.128250241279602,-0.602391242980957,-0.21820379793643951,0.06042566895484924,0.038045790046453476,-1.6247398572220953e-17,-1.0687898256887804,-1.1894663183301544,-0.4440940167833153,-5.2832411492621246e-05,0.0,-1.8685101751901281e-16,-12.025484868222945,-9.938868412204133,-1.879681580772009,-0.0002231161185564005,0.0,36.889984130859375,38.64998245239258,39.42998123168945,42.90998458862305,44.019981384277344,44.997528076171875,-0.3499328204900103,0.00017428806494059986,0.2243788977156157,-2.3029547721094414,2.130798966440143,0.0006248178974029674,0.0,0.0,0.0,0.0,0.0,0.0,0.0,0.0,0.0,0.0,0.0,0.0,3.0,7.0,1.0,1.0,2.0,1.0,0.24,0.0,0.24,1.0,nan,nan,nan,nan,nan,nan,0.43176,47.14899826049805,47.0880012512207,46.96699905395508,46.875999450683594,46.99700164794922,46.93600082397461,47.21864318847656,0.6803395748138428,47.21864318847656,0.0,0.0
1.627096,1162.328,-0.32699758211244756,-1.420046631489889,1.2360625267028809,-1.386080567036764,-1.5709660688983362,2.7379965782165527,0.0,0.0,-0.0,0.0,0.0,0.0,-0.3269999921321869,-1.4199999570846558,1.2359999418258667,-1.3860000371932983,-1.5709999799728394,2.73799991607666,0.0,0.0,0.0,0.0,0.0,0.0,0.0314025916159153,-1.078903317451477,-0.5993412137031555,-0.2215607762336731,0.06602063775062561,0.02349887043237686,-1.6247398572220953e-17,-1.0687898256887804,-1.1894663183301544,-0.4440940167833153,-5.2832411492621246e-05,0.0,-1.8685101751901281e-16,-12.025484868222945,-9.938868412204133,-1.879681580772009,-0.0002231161185564005,0.0,36.889984130859375,38.64998245239258,39.42998123168945,42.90998458862305,44.019981384277344,44.99777603149414,-0.34992421887182773,0.00014920341444415466,0.2243776797487324,-2.3030534076563267,2.130710418117272,0.0005744665599242351,0.0,0.0,0.0,0.0,0.0,0.0,0.0,0.0,0.0,0.0,0.0,0.0,3.0,7.0,1.0,1.0,2.0,1.0,0.24,0.0,0.24,1.0,nan,nan,nan,nan,nan,nan,0.42894,47.14899826049805,47.0880012512207,46.96699905395508,46.875999450683594,47.012001037597656,46.92100143432617,47.21864318847656,0.7519552707672119,47.21864318847656,0.0,0.0
1.635222,1162.336,-0.327033821736471,-1.4200704733477991,1.2360987663269043,-1.386092487965719,-1.5710023085223597,2.738044500350952,0.0,0.0,-0.0,0.0,0.0,0.0,-0.3269999921321869,-1.4199999570846558,1.2359999418258667,-1.3860000371932983,-1.5709999799728394,2.73799991607666,0.0,0.0,0.0,0.0,0.0,0.0,0.0269165076315403,-1.0946046113967896,-0.6206917762756348,-0.2025378942489624,0.08280554413795471,0.03580780327320099,-1.6247398572220953e-17,-1.0687898256887804,-1.1894663183301544,-0.4440940167833153,-5.2832411492621246e-05,0.0,-1.8685101751901281e-16,-12.025484868222945,-9.938868412204133,-1.879681580772009,-0.0002231161185564005,0.0,36.889984130859375,38.64998245239258,39.42998123168945,42.90998458862305,44.019981384277344,44.99777603149414,-0.3499167261358472,0.00016727178123615566,0.22437593851019766,-2.3029393744528557,2.1307846724718273,0.0005970290830570529,0.0,0.0,0.0,0.0,0.0,0.0,0.0,0.0,0.0,0.0,0.0,0.0,3.0,7.0,1.0,1.0,2.0,1.0,0.24,0.0,0.24,1.0,nan,nan,nan,nan,nan,nan,0.42851999999999996,47.16400146484375,47.0880012512207,46.93600082397461,46.875999450683594,47.012001037597656,46.92100143432617,47.21864318847656,0.7161448001861572,47.21864318847656,0.0,0.0
1.643382,1162.344,-0.3270214239703577,-1.420058552418844,1.2360386848449707,-1.3861048857318323,-1.5709779898272913,2.738044500350952,0.0,0.0,-0.0,0.0,0.0,0.0,-0.3269999921321869,-1.4199999570846558,1.2359999418258667,-1.3860000371932983,-1.5709999799728394,2.73799991607666,0.0,0.0,0.0,0.0,0.0,0.0,0.02243042178452015,-1.150680661201477,-0.6222168207168579,-0.19246694445610046,0.07497258484363556,0.04028377681970596,-1.6247398572220953e-17,-1.0687898256887804,-1.1894663183301544,-0.4440940167833153,-5.2832411492621246e-05,0.0,-1.8685101751901281e-16,-12.025484868222945,-9.938868412204133,-1.879681580772009,-0.0002231161185564005,0.0,36.889984130859375,38.64998245239258,39.42998123168945,42.90998458862305,44.019981384277344,44.99777603149414,-0.34993119570686326,0.0001624994388318815,0.22439074374279377,-2.302986944770941,2.1308023112707475,0.0006682322678668871,0.0,0.0,0.0,0.0,0.0,0.0,0.0,0.0,0.0,0.0,0.0,0.0,3.0,7.0,1.0,1.0,2.0,1.0,0.24,0.0,0.24,1.0,nan,nan,nan,nan,nan,nan,0.431064,47.16400146484375,47.0880012512207,46.93600082397461,46.875999450683594,47.012001037597656,46.92100143432617,47.21864318847656,0.5729187726974487,47.21864318847656,0.0,0.0
1.651549,1162.3519999999999,-0.3270457426654261,-1.4200347105609339,1.2360749244689941,-1.3861048857318323,-1.5709660688983362,2.7380564212799072,0.0,0.0,-0.0,0.0,0.0,0.0,-0.3269999921321869,-1.4199999570846558,1.2359999418258667,-1.3860000371932983,-1.5709999799728394,2.73799991607666,0.0,0.0,0.0,0.0,0.0,0.0,0.0336456336081028,-1.0990906953811646,-0.6328920722007751,-0.19470493495464325,0.06490164250135422,0.038045790046453476,-1.6247398572220953e-17,-1.0687898256887804,-1.1894663183301544,-0.4440940167833153,-5.2832411492621246e-05,0.0,-1.8685101751901281e-16,-12.025484868222945,-9.938868412204133,-1.879681580772009,-0.0002231161185564005,0.0,36.889984130859375,38.64998245239258,39.42998123168945,42.90998458862305,44.019981384277344,44.99777603149414,-0.3499278278935102,0.00016727394460408197,0.2243721416434408,-2.302938439764081,2.1308347174044733,0.0005744868881067006,0.0,0.0,0.0,0.0,0.0,0.0,0.0,0.0,0.0,0.0,0.0,0.0,3.0,7.0,1.0,1.0,2.0,1.0,0.24,0.0,0.24,1.0,nan,nan,nan,nan,nan,nan,0.428448,47.16400146484375,47.0880012512207,46.93600082397461,46.875999450683594,47.012001037597656,46.92100143432617,47.21864318847656,0.5013031363487244,47.21864318847656,0.0,0.0
1.659669,1162.36,-0.327033821736471,-1.4200227896319788,1.2360506057739258,-1.3861048857318323,-1.5709541479693812,2.738020658493042,0.0,0.0,-0.0,0.0,0.0,0.0,-0.3269999921321869,-1.4199999570846558,1.2359999418258667,-1.3860000371932983,-1.5709999799728394,2.73799991607666,0.0,0.0,0.0,0.0,0.0,0.0,0.0291595496237278,-1.078903317451477,-0.6176416873931885,-0.19694292545318604,0.06490164250135422,0.027974845841526985,-1.6247398572220953e-17,-1.0687898256887804,-1.1894663183301544,-0.4440940167833153,-5.2832411492621246e-05,0.0,-1.8685101751901281e-16,-12.025484868222945,-9.938868412204133,-1.879681580772009,-0.0002231161185564005,0.0,36.889984130859375,38.64998245239258,39.42998123168945,42.90998458862305,44.019981384277344,44.99777603149414,-0.3499333238921498,0.00016235470962436732,0.22437535295097655,-2.303000912486479,2.130790661042976,0.0005845327256970928,0.0,0.0,0.0,0.0,0.0,0.0,0.0,0.0,0.0,0.0,0.0,0.0,3.0,7.0,1.0,1.0,2.0,1.0,0.24,0.0,0.24,1.0,nan,nan,nan,nan,nan,nan,0.428136,47.16400146484375,47.0880012512207,46.93600082397461,46.875999450683594,47.012001037597656,46.92100143432617,47.21864318847656,0.6445291042327881,47.21864318847656,0.0,0.0
1.667797,1162.368,-0.327033821736471,-1.420046631489889,1.2360506057739258,-1.386080567036764,-1.5709541479693812,2.738044500350952,0.0,0.0,-0.0,0.0,0.0,0.0,-0.3269999921321869,-1.4199999570846558,1.2359999418258667,-1.3860000371932983,-1.5709999799728394,2.73799991607666,0.0,0.0,0.0,0.0,0.0,0.0,0.0269165076315403,-1.0362855195999146,-0.6069663763046265,-0.19134794175624847,0.07049661129713058,0.04699774086475372,-1.6247398572220953e-17,-1.0687898256887804,-1.1894663183301544,-0.4440940167833153,-5.2832411492621246e-05,0.0,-1.8685101751901281e-16,-12.025484868222945,-9.938868412204133,-1.879681580772009,-0.0002231161185564005,0.0,36.889984130859375,38.64998245239258,39.42998123168945,42.90998458862305,44.019981384277344,44.99777603149414,-0.3499269092148393,0.0001601864145662335,0.22438118632193324,-2.3029752803099206,2.130818043026142,0.0005839456405761668,0.0,0.0,0.0,0.0,0.0,0.0,0.0,0.0,0.0,0.0,0.0,0.0,3.0,7.0,1.0,1.0,2.0,1.0,0.24,0.0,0.24,1.0,nan,nan,nan,nan,nan,nan,0.42836399999999997,47.16400146484375,47.0880012512207,46.93600082397461,46.875999450683594,47.012001037597656,46.92100143432617,47.21864318847656,0.6087239384651184,47.21864318847656,0.0,0.0
1.675911,1162.376,-0.3270214239703577,-1.4200227896319788,1.2360386848449707,-1.386080567036764,-1.5709541479693812,2.738008499145508,0.0,0.0,-0.0,0.0,0.0,0.0,-0.3269999921321869,-1.4199999570846558,1.2359999418258667,-1.3860000371932983,-1.5709999799728394,2.73799991607666,0.0,0.0,0.0,0.0,0.0,0.0,0.02467346377670765,-1.0901185274124146,-0.6267919540405273,-0.20701386034488678,0.07832957059144974,0.034688808023929596,-1.6247398572220953e-17,-1.0687898256887804,-1.1894663183301544,-0.4440940167833153,-5.2832411492621246e-05,0.0,-1.8685101751901281e-16,-12.025484868222945,-9.938868412204133,-1.879681580772009,-0.0002231161185564005,0.0,36.889984130859375,38.64998245239258,39.42998123168945,42.90998458862305,44.019981384277344,44.99777603149414,-0.3499304502527901,0.00015705379859827902,0.22437679852579945,-2.303023286879921,2.1307590090266295,0.0005667880587080417,0.0,0.0,0.0,0.0,0.0,0.0,0.0,0.0,0.0,0.0,0.0,0.0,3.0,7.0,1.0,1.0,2.0,1.0,0.24,0.0,0.24,1.0,nan,nan,nan,nan,nan,nan,0.426564,47.16400146484375,47.0880012512207,46.93600082397461,46.875999450683594,47.012001037597656,46.92100143432617,47.21864318847656,0.6803395748138428,47.21864318847656,0.0,0.0
1.684072,1162.384,-0.3270214239703577,-1.4200227896319788,1.2360386848449707,-1.3861168066607874,-1.5709779898272913,2.738008499145508,0.0,0.0,-0.0,0.0,0.0,0.0,-0.3269999921321869,-1.4199999570846558,1.2359999418258667,-1.3860000371932983,-1.5709999799728394,2.73799991607666,0.0,0.0,0.0,0.0,0.0,0.0,0.0291595496237278,-1.0362855195999146,-0.623741865158081,-0.21708481013774872,0.07609158009290695,0.06266365945339203,-1.6247398572220953e-17,-1.0687898256887804,-1.1894663183301544,-0.4440940167833153,-5.2832411492621246e-05,0.0,-1.8685101751901281e-16,-12.025484868222945,-9.938868412204133,-1.879681580772009,-0.0002231161185564005,0.0,36.889984130859375,38.64998245239258,39.42998123168945,42.90998458862305,44.019981384277344,44.99777603149414,-0.34993599089522665,0.0001641301360425684,0.22437990282943454,-2.303018239603995,2.1307542032235007,0.0006339485391954157,0.0,0.0,0.0,0.0,0.0,0.0,0.0,0.0,0.0,0.0,0.0,0.0,3.0,7.0,1.0,1.0,2.0,1.0,0.24,0.0,0.24,1.0,nan,nan,nan,nan,nan,nan,0.429384,47.16400146484375,47.0880012512207,46.93600082397461,46.875999450683594,47.012001037597656,46.92100143432617,47.21864318847656,1.0384125709533691,47.21864318847656,0.0,0.0
1.692191,1162.392,-0.3270457426654261,-1.4200227896319788,1.2360625267028809,-1.386092487965719,-1.5709903875934046,2.7379846572875977,0.0,0.0,-0.0,0.0,0.0,0.0,-0.3269999921321869,-1.4199999570846558,1.2359999418258667,-1.3860000371932983,-1.5709999799728394,2.73799991607666,0.0,0.0,0.0,0.0,0.0,0.0,0.0314025916159153,-1.0497437715530396,-0.6100164651870728,-0.22267977893352509,0.07721057534217834,0.03916478529572487,-1.6247398572220953e-17,-1.0687898256887804,-1.1894663183301544,-0.4440940167833153,-5.2832411492621246e-05,0.0,-1.8685101751901281e-16,-12.025484868222945,-9.938868412204133,-1.879681580772009,-0.0002231161185564005,0.0,36.889984130859375,38.64998245239258,39.42998123168945,42.90998458862305,44.019981384277344,44.99777603149414,-0.34992657435186564,0.00017218231126634131,0.22437081019642768,-2.3029949891159878,2.130733725935256,0.0005727584884239872,0.0,0.0,0.0,0.0,0.0,0.0,0.0,0.0,0.0,0.0,0.0,0.0,3.0,7.0,1.0,1.0,2.0,1.0,0.24,0.0,0.24,1.0,nan,nan,nan,nan,nan,nan,0.428628,47.16400146484375,47.0880012512207,46.93600082397461,46.875999450683594,47.012001037597656,46.92100143432617,47.21864318847656,0.7161448001861572,47.21864318847656,0.0,0.0
1.700318,1162.3999999999999,-0.327033821736471,-1.4200227896319788,1.2360625267028809,-1.386080567036764,-1.5709903875934046,2.7379965782165527,0.0,0.0,-0.0,0.0,0.0,0.0,-0.3269999921321869,-1.4199999570846558,1.2359999418258667,-1.3860000371932983,-1.5709999799728394,2.73799991607666,0.0,0.0,0.0,0.0,0.0,0.0,0.02243042178452015,-1.0676881074905396,-0.6115415096282959,-0.22603675723075867,0.0682586282491684,0.02685585245490074,-1.6247398572220953e-17,-1.0687898256887804,-1.1894663183301544,-0.4440940167833153,-5.2832411492621246e-05,0.0,-1.8685101751901281e-16,-12.025484868222945,-9.938868412204133,-1.879681580772009,-0.0002231161185564005,0.0,36.889984130859375,38.64998245239258,39.42998123168945,42.90998458862305,44.019981384277344,44.99799728393555,-0.3499242331216427,0.00016722359169747187,0.2243697953411436,-2.302991396854278,2.1307304472462323,0.0005557658729645852,0.0,0.0,0.0,0.0,0.0,0.0,0.0,0.0,0.0,0.0,0.0,0.0,3.0,7.0,1.0,1.0,2.0,1.0,0.24,0.0,0.24,1.0,nan,nan,nan,nan,nan,nan,0.431568,47.16400146484375,47.0880012512207,46.93600082397461,46.875999450683594,47.012001037597656,46.93600082397461,47.21864318847656,0.7161448001861572,47.21864318847656,0.0,0.0
1.708446,1162.408,-0.327033821736471,-1.4200227896319788,1.2360506057739258,-1.3861168066607874,-1.5709660688983362,2.7379965782165527,0.0,0.0,-0.0,0.0,0.0,0.0,-0.3269999921321869,-1.4199999570846558,1.2359999418258667,-1.3860000371932983,-1.5709999799728394,2.73799991607666,0.0,0.0,0.0,0.0,0.0,0.0,0.0314025916159153,-1.0766602754592896,-0.6267919540405273,-0.19918090105056763,0.08056755363941193,0.05930667370557785,-1.6247398572220953e-17,-1.0687898256887804,-1.1894663183301544,-0.4440940167833153,-5.2832411492621246e-05,0.0,-1.8685101751901281e-16,-12.025484868222945,-9.938868412204133,-1.879681580772009,-0.0002231161185564005,0.0,36.889984130859375,38.64998245239258,39.42998123168945,42.90998458862305,44.019981384277344,44.99799728393555,-0.34993487569321347,0.00016548353853429335,0.22437637731759508,-2.3030221706422913,2.1307588200094276,0.0006091599390332225,0.0,0.0,0.0,0.0,0.0,0.0,0.0,0.0,0.0,0.0,0.0,0.0,3.0,7.0,1.0,1.0,2.0,1.0,0.24,0.0,0.24,1.0,nan,nan,nan,nan,nan,nan,0.46062000000000003,47.16400146484375,47.0880012512207,46.95199966430664,46.875999450683594,47.012001037597656,46.93600082397461,47.21864318847656,0.7877604365348816,47.21864318847656,0.0,0.0
1.716572,1162.416,-0.32705766359438115,-1.420058552418844,1.2360386848449707,-1.386080567036764,-1.5709660688983362,2.738044500350952,0.0,0.0,-0.0,0.0,0.0,0.0,-0.3269999921321869,-1.4199999570846558,1.2359999418258667,-1.3860000371932983,-1.5709999799728394,2.73799991607666,0.0,0.0,0.0,0.0,0.0,0.0,0.0314025916159153,-1.1304932832717896,-0.613066554069519,-0.2014188915491104,0.05706868693232536,0.05930667370557785,-1.6247398572220953e-17,-1.0687898256887804,-1.1894663183301544,-0.4440940167833153,-5.2832411492621246e-05,0.0,-1.8685101751901281e-16,-12.025484868222945,-9.938868412204133,-1.879681580772009,-0.0002231161185564005,0.0,36.889984130859375,38.64998245239258,39.42998123168945,42.90998458862305,44.019981384277344,44.99799728393555,-0.3499272009874157,0.0001712331615001363,0.22438866365484228,-2.302948983663567,2.1308447321142476,0.0006256601551764012,0.0,0.0,0.0,0.0,0.0,0.0,0.0,0.0,0.0,0.0,0.0,0.0,3.0,7.0,1.0,1.0,2.0,1.0,0.24,0.0,0.24,1.0,nan,nan,nan,nan,nan,nan,0.43675200000000003,47.16400146484375,47.0880012512207,46.95199966430664,46.875999450683594,47.012001037597656,46.93600082397461,47.21864318847656,0.6803395748138428,47.21864318847656,0.0,0.0
1.724699,1162.424,-0.3270457426654261,-1.4200108687030237,1.2360749244689941,-1.3860686461078089,-1.5709779898272913,2.738020658493042,0.0,0.0,-0.0,0.0,0.0,0.0,-0.3269999921321869,-1.4199999570846558,1.2359999418258667,-1.3860000371932983,-1.5709999799728394,2.73799991607666,0.0,0.0,0.0,0.0,0.0,0.0,0.0269165076315403,-1.087875485420227,-0.6405172944068909,-0.20701386034488678,0.07944856584072113,0.07273460179567337,-1.6247398572220953e-17,-1.0687898256887804,-1.1894663183301544,-0.4440940167833153,-5.2832411492621246e-05,0.0,-1.8685101751901281e-16,-12.025484868222945,-9.938868412204133,-1.879681580772009,-0.0002231161185564005,0.0,36.889984130859375,38.64998245239258,39.42998123168945,42.90998458862305,44.019981384277344,44.99799728393555,-0.34992154715351165,0.00016778432504849678,0.22436116230516792,-2.3029505168125155,2.1307695454474125,0.0004959574599843165,0.0,0.0,0.0,0.0,0.0,0.0,0.0,0.0,0.0,0.0,0.0,0.0,3.0,7.0,1.0,1.0,2.0,1.0,0.24,0.0,0.24,1.0,nan,nan,nan,nan,nan,nan,0.430224,47.16400146484375,47.0880012512207,46.95199966430664,46.875999450683594,47.012001037597656,46.93600082397461,47.21864318847656,0.6445291042327881,47.21864318847656,0.0,0.0
1.732818,1162.432,-0.32700950304140264,-1.4200108687030237,1.2360749244689941,-1.386080567036764,-1.5709660688983362,2.7379846572875977,0.0,0.0,-0.0,0.0,0.0,0.0,-0.3269999921321869,-1.4199999570846558,1.2359999418258667,-1.3860000371932983,-1.5709999799728394,2.73799991607666,0.0,0.0,0.0,0.0,0.0,0.0,0.0291595496237278,-1.1215211153030396,-0.613066554069519,-0.21820379793643951,0.07832957059144974,0.04364075884222984,-1.6247398572220953e-17,-1.0687898256887804,-1.1894663183301544,-0.4440940167833153,-5.2832411492621246e-05,0.0,-1.8685101751901281e-16,-12.025484868222945,-9.938868412204133,-1.879681580772009,-0.0002231161185564005,0.0,36.889984130859375,38.64998245239258,39.42998123168945,42.90998458862305,44.019981384277344,44.99799728393555,-0.34992468768086366,0.0001535489338555485,0.22436216761972697,-2.303039063941484,2.1306970331542474,0.0005053929116810692,0.0,0.0,0.0,0.0,0.0,0.0,0.0,0.0,0.0,0.0,0.0,0.0,3.0,7.0,1.0,1.0,2.0,1.0,0.24,0.0,0.24,1.0,nan,nan,nan,nan,nan,nan,0.43206,47.16400146484375,47.05799865722656,46.95199966430664,46.875999450683594,47.012001037597656,46.93600082397461,47.21864318847656,0.6087239384651184,47.21864318847656,0.0,0.0
1.740946,1162.44,-0.3270214239703577,-1.4200227896319788,1.2360749244689941,-1.3860686461078089,-1.5709779898272913,2.738008499145508,0.0,0.0,-0.0,0.0,0.0,0.0,-0.3269999921321869,-1.4199999570846558,1.2359999418258667,-1.3860000371932983,-1.5709999799728394,2.73799991607666,0.0,0.0,0.0,0.0,0.0,0.0,0.0314025916159153,-1.0766602754592896,-0.6252669095993042,-0.22379876673221588,0.07161560654640198,0.02909383922815323,-1.6247398572220953e-17,-1.0687898256887804,-1.1894663183301544,-0.4440940167833153,-5.2832411492621246e-05,0.0,-1.8685101751901281e-16,-12.025484868222945,-9.938868412204133,-1.879681580772009,-0.0002231161185564005,0.0,36.889984130859375,38.64998245239258,39.42998123168945,42.90998458862305,44.019981384277344,44.99799728393555,-0.3499207340527155,0.00015899361516618434,0.22436511412590165,-2.302992931633957,2.1307308529312996,0.0005130757840941021,0.0,0.0,0.0,0.0,0.0,0.0,0.0,0.0,0.0,0.0,0.0,0.0,3.0,7.0,1.0,1.0,2.0,1.0,0.24,0.0,0.24,1.0,nan,nan,nan,nan,nan,nan,0.431592,47.16400146484375,47.05799865722656,46.95199966430664,46.875999450683594,47.012001037597656,46.93600082397461,47.21864318847656,0.8235656023025513,47.21864318847656,0.0,0.0
1.749478,1162.4479999999999,-0.3269856611834925,-1.4200347105609339,1.2360749244689941,-1.386092487965719,-1.5709779898272913,2.738020658493042,0.0,0.0,-0.0,0.0,0.0,0.0,-0.3269999921321869,-1.4199999570846558,1.2359999418258667,-1.3860000371932983,-1.5709999799728394,2.73799991607666,0.0,0.0,0.0,0.0,0.0,0.0,0.0269165076315403,-1.1125489473342896,-0.6084914207458496,-0.21596580743789673,0.067139632999897,0.06154466047883034,-1.6247398572220953e-17,-1.0687898256887804,-1.1894663183301544,-0.4440940167833153,-5.2832411492621246e-05,0.0,-1.8685101751901281e-16,-12.025484868222945,-9.938868412204133,-1.879681580772009,-0.0002231161185564005,0.0,36.889984130859375,38.64998245239258,39.42998123168945,42.90998458862305,44.019981384277344,44.99799728393555,-0.34992460898678934,0.00014777273211362266,0.22437109561509477,-2.3030288261468166,2.1307135526566348,0.0005644476080328332,0.0,0.0,0.0,0.0,0.0,0.0,0.0,0.0,0.0,0.0,0.0,0.0,3.0,7.0,1.0,1.0,2.0,1.0,0.24,0.0,0.24,1.0,nan,nan,nan,nan,nan,nan,0.434556,47.16400146484375,47.05799865722656,46.95199966430664,46.875999450683594,47.012001037597656,46.93600082397461,47.21864318847656,0.7877604365348816,47.21864318847656,0.0,0.0
1.757611,1162.456,-0.3270457426654261,-1.4200347105609339,1.2360749244689941,-1.3861048857318323,-1.5709660688983362,2.7379965782165527,0.0,0.0,-0.0,0.0,0.0,0.0,-0.3269999921321869,-1.4199999570846558,1.2359999418258667,-1.3860000371932983,-1.5709999799728394,2.73799991607666,0.0,0.0,0.0,0.0,0.0,0.0,0.02467346377670765,-1.092361569404602,-0.6191667318344116,-0.22267977893352509,0.07161560654640198,0.04252176731824875,-1.6247398572220953e-17,-1.0687898256887804,-1.1894663183301544,-0.4440940167833153,-5.2832411492621246e-05,0.0,-1.8685101751901281e-16,-12.025484868222945,-9.938868412204133,-1.879681580772009,-0.0002231161185564005,0.0,36.889984130859375,38.64998245239258,39.42998123168945,42.90998458862305,44.019981384277344,44.99799728393555,-0.3499278278935102,0.00016727394460408197,0.2243721416434408,-2.3030021885557557,2.1307658015887294,0.0005742953476344527,0.0,0.0,0.0,0.0,0.0,0.0,0.0,0.0,0.0,0.0,0.0,0.0,3.0,7.0,1.0,1.0,2.0,1.0,0.24,0.0,0.24,1.0,nan,nan,nan,nan,nan,nan,0.42882,47.16400146484375,47.05799865722656,46.95199966430664,46.875999450683594,47.012001037597656,46.93600082397461,47.21864318847656,0.6087239384651184,47.21864318847656,0.0,0.0
1.765778,1162.464,-0.3270457426654261,-1.4200347105609339,1.2360506057739258,-1.3861168066607874,-1.5709903875934046,2.738044500350952,0.0,0.0,-0.0,0.0,0.0,0.0,-0.3269999921321869,-1.4199999570846558,1.2359999418258667,-1.3860000371932983,-1.5709999799728394,2.73799991607666,0.0,0.0,0.0,0.0,0.0,0.0,0.02243042178452015,-1.065445065498352,-0.631367027759552,-0.2036568820476532,0.07609158009290695,0.04699774086475372,-1.6247398572220953e-17,-1.0687898256887804,-1.1894663183301544,-0.4440940167833153,-5.2832411492621246e-05,0.0,-1.8685101751901281e-16,-12.025484868222945,-9.938868412204133,-1.879681580772009,-0.0002231161185564005,0.0,36.889984130859375,38.64998245239258,39.42998123168945,42.90998458862305,44.019981384277344,44.99799728393555,-0.34993244189506456,0.0001741507203828497,0.2243803486076869,-2.3029456721974326,2.130815966219085,0.000641928571734172,0.0,0.0,0.0,0.0,0.0,0.0,0.0,0.0,0.0,0.0,0.0,0.0,3.0,7.0,1.0,1.0,2.0,1.0,0.24,0.0,0.24,1.0,nan,nan,nan,nan,nan,nan,0.428136,47.16400146484375,47.05799865722656,46.95199966430664,46.875999450683594,47.012001037597656,46.93600082397461,47.21864318847656,0.537108302116394,47.21864318847656,0.0,0.0
1.773907,1162.472,-0.3270214239703577,-1.4200347105609339,1.2360749244689941,-1.3860686461078089,-1.5709660688983362,2.738020658493042,0.0,0.0,-0.0,0.0,0.0,0.0,-0.3269999921321869,-1.4199999570846558,1.2359999418258667,-1.3860000371932983,-1.5709999799728394,2.73799991607666,0.0,0.0,0.0,0.0,0.0,0.0,0.0269165076315403,-1.051986813545227,-0.6267919540405273,-0.20813286304473877,0.06602063775062561,0.034688808023929596,-1.6247398572220953e-17,-1.0687898256887804,-1.1894663183301544,-0.4440940167833153,-5.2832411492621246e-05,0.0,-1.8685101751901281e-16,-12.025484868222945,-9.938868412204133,-1.879681580772009,-0.0002231161185564005,0.0,36.889984130859375,38.64998245239258,39.42998123168945,42.90998458862305,44.019981384277344,44.998199462890625,-0.3499207083233802,0.00015637094472031426,0.22436905648511704,-2.3029915178425986,2.1307555567327863,0.0005225593201859707,0.0,0.0,0.0,0.0,0.0,0.0,0.0,0.0,0.0,0.0,0.0,0.0,3.0,7.0,1.0,1.0,2.0,1.0,0.24,0.0,0.24,1.0,nan,nan,nan,nan,nan,nan,0.427296,47.16400146484375,47.05799865722656,46.95199966430664,46.875999450683594,46.981998443603516,46.93600082397461,47.21864318847656,0.5729187726974487,47.21864318847656,0.0,0.0
1.782037,1162.48,-0.3270214239703577,-1.4200227896319788,1.2360506057739258,-1.3861048857318323,-1.5709660688983362,2.738044500350952,0.0,0.0,-0.0,0.0,0.0,0.0,-0.3269999921321869,-1.4199999570846558,1.2359999418258667,-1.3860000371932983,-1.5709999799728394,2.73799991607666,0.0,0.0,0.0,0.0,0.0,0.0,0.02467346377670765,-1.078903317451477,-0.6222168207168579,-0.21484681963920593,0.07609158009290695,0.002237987704575062,-1.6247398572220953e-17,-1.0687898256887804,-1.1894663183301544,-0.4440940167833153,-5.2832411492621246e-05,0.0,-1.8685101751901281e-16,-12.025484868222945,-9.938868412204133,-1.879681580772009,-0.0002231161185564005,0.0,36.889984130859375,38.64998245239258,39.42998123168945,42.90998458862305,44.019981384277344,44.998199462890625,-0.34993253448499373,0.00016035789915357757,0.22437536237271172,-2.3029807362806873,2.1307964526866496,0.0005922830781497267,0.0,0.0,0.0,0.0,0.0,0.0,0.0,0.0,0.0,0.0,0.0,0.0,3.0,7.0,1.0,1.0,2.0,1.0,0.24,0.0,0.24,1.0,nan,nan,nan,nan,nan,nan,0.43076400000000004,47.18000030517578,47.05799865722656,46.93600082397461,46.875999450683594,46.981998443603516,46.93600082397461,47.21864318847656,0.6803395748138428,47.21864318847656,0.0,0.0
1.790160,1162.488,-0.3270457426654261,-1.4200227896319788,1.2360267639160156,-1.3861168066607874,-1.5709541479693812,2.7379965782165527,0.0,0.0,-0.0,0.0,0.0,0.0,-0.3269999921321869,-1.4199999570846558,1.2359999418258667,-1.3860000371932983,-1.5709999799728394,2.73799991607666,0.0,0.0,0.0,0.0,0.0,0.0,0.0269165076315403,-1.1080628633499146,-0.613066554069519,-0.20701386034488678,0.07721057534217834,0.034688808023929596,-1.6247398572220953e-17,-1.0687898256887804,-1.1894663183301544,-0.4440940167833153,-5.2832411492621246e-05,0.0,-1.8685101751901281e-16,-12.025484868222945,-9.938868412204133,-1.879681580772009,-0.0002231161185564005,0.0,36.889984130859375,38.64998245239258,39.42998123168945,42.90998458862305,44.019981384277344,44.998199462890625,-0.34993947421571026,0.00016860045943045,0.22438340004105478,-2.303024550446446,2.1307865752160993,0.0006356413382846293,0.0,0.0,0.0,0.0,0.0,0.0,0.0,0.0,0.0,0.0,0.0,0.0,3.0,7.0,1.0,1.0,2.0,1.0,0.24,0.0,0.24,1.0,nan,nan,nan,nan,nan,nan,0.4305,47.18000030517578,47.05799865722656,46.93600082397461,46.875999450683594,46.981998443603516,46.93600082397461,47.21864318847656,1.0026021003723145,47.21864318847656,0.0,0.0
1.798295,1162.4959999999999,-0.327033821736471,-1.4200347105609339,1.2360625267028809,-1.3860686461078089,-1.5709660688983362,2.7379846572875977,0.0,0.0,-0.0,0.0,0.0,0.0,-0.3269999921321869,-1.4199999570846558,1.2359999418258667,-1.3860000371932983,-1.5709999799728394,2.73799991607666,0.0,0.0,0.0,0.0,0.0,0.0,0.0291595496237278,-1.1215211153030396,-0.6161166429519653,-0.21037083864212036,0.06602063775062561,0.06602063775062561,-1.6247398572220953e-17,-1.0687898256887804,-1.1894663183301544,-0.4440940167833153,-5.2832411492621246e-05,0.0,-1.8685101751901281e-16,-12.025484868222945,-9.938868412204133,-1.879681580772009,-0.0002231161185564005,0.0,36.889984130859375,38.64998245239258,39.42998123168945,42.90998458862305,44.019981384277344,44.998199462890625,-0.3499226871930602,0.00016137839939863163,0.22437271303893652,-2.3030203469991144,2.1307318245194122,0.0005401633705562632,0.0,0.0,0.0,0.0,0.0,0.0,0.0,0.0,0.0,0.0,0.0,0.0,3.0,7.0,1.0,1.0,2.0,1.0,0.24,0.0,0.24,1.0,nan,nan,nan,nan,nan,nan,0.433776,47.18000030517578,47.073001861572266,46.93600082397461,46.875999450683594,46.981998443603516,46.93600082397461,47.21864318847656,0.5729187726974487,47.21864318847656,0.0,0.0
1.806494,1162.512,-0.32700950304140264,-1.4200227896319788,1.2360625267028809,-1.386080567036764,-1.5709779898272913,2.7379965782165527,0.0,0.0,-0.0,0.0,0.0,0.0,-0.3269999921321869,-1.4199999570846558,1.2359999418258667,-1.3860000371932983,-1.5709999799728394,2.73799991607666,0.0,0.0,0.0,0.0,0.0,0.0,0.02467346377670765,-1.1080628633499146,-0.6161166429519653,-0.22603675723075867,0.06266365945339203,0.02685585245490074,-1.6247398572220953e-17,-1.0687898256887804,-1.1894663183301544,-0.4440940167833153,-5.2832411492621246e-05,0.0,-1.8685101751901281e-16,-12.025484868222945,-9.938868412204133,-1.879681580772009,-0.0002231161185564005,0.0,36.889984130859375,38.64998245239258,39.42998123168945,42.90998458862305,44.019981384277344,44.998199462890625,-0.3499250601043724,0.00015627863710226334,0.22436978548064035,-2.303025616289255,2.130710133541735,0.0005479043948360425,0.0,0.0,0.0,0.0,0.0,0.0,0.0,0.0,0.0,0.0,0.0,0.0,3.0,7.0,1.0,1.0,2.0,1.0,0.24,0.0,0.24,1.0,nan,nan,nan,nan,nan,nan,0.42894,47.18000030517578,47.073001861572266,46.93600082397461,46.875999450683594,46.981998443603516,46.93600082397461,47.21864318847656,0.7161448001861572,47.21864318847656,0.0,0.0
1.814624,1162.52,-0.327033821736471,-1.4200704733477991,1.2360868453979492,-1.386080567036764,-1.5709660688983362,2.738008499145508,0.0,0.0,-0.0,0.0,0.0,0.0,-0.3269999921321869,-1.4199999570846558,1.2359999418258667,-1.3860000371932983,-1.5709999799728394,2.73799991607666,0.0,0.0,0.0,0.0,0.0,0.0,0.0291595496237278,-1.0990906953811646,-0.6222168207168579,-0.20813286304473877,0.067139632999897,0.0335698164999485,-1.6247398572220953e-17,-1.0687898256887804,-1.1894663183301544,-0.4440940167833153,-5.2832411492621246e-05,0.0,-1.8685101751901281e-16,-12.025484868222945,-9.938868412204133,-1.879681580772009,-0.0002231161185564005,0.0,36.889984130859375,38.64998245239258,39.42998123168945,42.90998458862305,44.019981384277344,44.998199462890625,-0.34991869341044735,0.00016000960259296068,0.22437841077352244,-2.3030019612218156,2.1307657196729073,0.0005737114537613607,0.0,0.0,0.0,0.0,0.0,0.0,0.0,0.0,0.0,0.0,0.0,0.0,3.0,7.0,1.0,1.0,2.0,1.0,0.24,0.0,0.24,1.0,nan,nan,nan,nan,nan,nan,0.42786,47.18000030517578,47.073001861572266,46.93600082397461,46.875999450683594,46.981998443603516,46.93600082397461,47.21864318847656,0.7161448001861572,47.21864318847656,0.0,0.0
1.822742,1162.528,-0.3270214239703577,-1.4200347105609339,1.2360987663269043,-1.386092487965719,-1.5709660688983362,2.738008499145508,0.0,0.0,-0.0,0.0,0.0,0.0,-0.3269999921321869,-1.4199999570846558,1.2359999418258667,-1.3860000371932983,-1.5709999799728394,2.73799991607666,0.0,0.0,0.0,0.0,0.0,0.0,0.0269165076315403,-1.096847653388977,-0.6100164651870728,-0.21820379793643951,0.07497258484363556,0.03580780327320099,-1.6247398572220953e-17,-1.0687898256887804,-1.1894663183301544,-0.4440940167833153,-5.2832411492621246e-05,0.0,-1.8685101751901281e-16,-12.025484868222945,-9.938868412204133,-1.879681580772009,-0.0002231161185564005,0.0,36.889984130859375,38.64998245239258,39.42998123168945,42.90998458862305,44.019981384277344,44.998199462890625,-0.34992158548186303,0.0001566584913878306,0.2243640542846101,-2.303004568499062,2.13074147722248,0.0005225063698071998,0.0,0.0,0.0,0.0,0.0,0.0,0.0,0.0,0.0,0.0,0.0,0.0,3.0,7.0,1.0,1.0,2.0,1.0,0.24,0.0,0.24,1.0,nan,nan,nan,nan,nan,nan,0.426228,47.18000030517578,47.073001861572266,46.93600082397461,46.875999450683594,46.981998443603516,46.93600082397461,47.21864318847656,0.5729187726974487,47.21864318847656,0.0,0.0
1.830865,1162.536,-0.327033821736471,-1.420046631489889,1.2360506057739258,-1.386080567036764,-1.5709660688983362,2.738020658493042,0.0,0.0,-0.0,0.0,0.0,0.0,-0.3269999921321869,-1.4199999570846558,1.2359999418258667,-1.3860000371932983,-1.5709999799728394,2.73799991607666,0.0,0.0,0.0,0.0,0.0,0.0,0.0336456336081028,-1.087875485420227,-0.6145915985107422,-0.21596580743789673,0.07721057534217834,0.04364075884222984,-1.6247398572220953e-17,-1.0687898256887804,-1.1894663183301544,-0.4440940167833153,-5.2832411492621246e-05,0.0,-1.8685101751901281e-16,-12.025484868222945,-9.938868412204133,-1.879681580772009,-0.0002231161185564005,0.0,36.889984130859375,38.64998245239258,39.42998123168945,42.90998458862305,44.019981384277344,44.998199462890625,-0.3499261177925787,0.0001625279857397563,0.22438119574374468,-2.302992689501293,2.1307831954803103,0.0005915041276797242,0.0,0.0,0.0,0.0,0.0,0.0,0.0,0.0,0.0,0.0,0.0,0.0,3.0,7.0,1.0,1.0,2.0,1.0,0.24,0.0,0.24,1.0,nan,nan,nan,nan,nan,nan,0.426876,47.18000030517578,47.073001861572266,46.93600082397461,46.875999450683594,46.981998443603516,46.93600082397461,47.279415130615234,0.7519552707672119,47.21864318847656,0.0,0.0
1.838989,1162.5439999999999,-0.32699758211244756,-1.4200347105609339,1.2360625267028809,-1.3860686461078089,-1.5709541479693812,2.738020658493042,0.0,0.0,-0.0,0.0,0.0,0.0,-0.3269999921321869,-1.4199999570846558,1.2359999418258667,-1.3860000371932983,-1.5709999799728394,2.73799991607666,0.0,0.0,0.0,0.0,0.0,0.0,0.0291595496237278,-1.0542298555374146,-0.6176416873931885,-0.22267977893352509,0.07944856584072113,0.048116736114025116,-1.6247398572220953e-17,-1.0687898256887804,-1.1894663183301544,-0.4440940167833153,-5.2832411492621246e-05,0.0,-1.8685101751901281e-16,-12.025484868222945,-9.938868412204133,-1.879681580772009,-0.0002231161185564005,0.0,36.889984130859375,38.64998245239258,39.42998123168945,42.90998458862305,44.019981384277344,44.99837875366211,-0.34992348414879937,0.0001463557327252341,0.2243727036171645,-2.303028598584045,2.1307389491414566,0.0005327601891490632,0.0,0.0,0.0,0.0,0.0,0.0,0.0,0.0,0.0,0.0,0.0,0.0,3.0,7.0,1.0,1.0,2.0,1.0,0.24,0.0,0.24,1.0,nan,nan,nan,nan,nan,nan,0.430332,47.18000030517578,47.073001861572266,46.93600082397461,46.875999450683594,46.99700164794922,46.93600082397461,47.21864318847656,0.6803395748138428,47.21864318847656,0.0,0.0
1.847137,1162.552,-0.3270214239703577,-1.4200108687030237,1.2360506057739258,-1.3861168066607874,-1.5709779898272913,2.738032579421997,0.0,0.0,-0.0,0.0,0.0,0.0,-0.3269999921321869,-1.4199999570846558,1.2359999418258667,-1.3860000371932983,-1.5709999799728394,2.73799991607666,0.0,0.0,0.0,0.0,0.0,0.0,0.0269165076315403,-1.0946046113967896,-0.5962911248207092,-0.21148984134197235,0.07385359704494476,0.04699774086475372,-1.6247398572220953e-17,-1.0687898256887804,-1.1894663183301544,-0.4440940167833153,-5.2832411492621246e-05,0.0,-1.8685101751901281e-16,-12.025484868222945,-9.938868412204133,-1.879681580772009,-0.0002231161185564005,0.0,36.889984130859375,38.64998245239258,39.42998123168945,42.90998458862305,44.019981384277344,44.99837875366211,-0.34993490352970075,0.00016376782642837294,0.22437243478011107,-2.30298549163942,2.1307753052969,0.0005998697866897441,0.0,0.0,0.0,0.0,0.0,0.0,0.0,0.0,0.0,0.0,0.0,0.0,3.0,7.0,1.0,1.0,2.0,1.0,0.24,0.0,0.24,1.0,nan,nan,nan,nan,nan,nan,0.428064,47.16400146484375,47.073001861572266,46.93600082397461,46.875999450683594,46.99700164794922,46.93600082397461,47.21864318847656,0.6803395748138428,47.21864318847656,0.0,0.0
1.855255,1162.56,-0.32700950304140264,-1.420058552418844,1.2360506057739258,-1.386092487965719,-1.5709779898272913,2.738020658493042,0.0,0.0,-0.0,0.0,0.0,0.0,-0.3269999921321869,-1.4199999570846558,1.2359999418258667,-1.3860000371932983,-1.5709999799728394,2.73799991607666,0.0,0.0,0.0,0.0,0.0,0.0,0.02243042178452015,-1.069931149482727,-0.6283169388771057,-0.2193228006362915,0.06490164250135422,0.03916478529572487,-1.6247398572220953e-17,-1.0687898256887804,-1.1894663183301544,-0.4440940167833153,-5.2832411492621246e-05,0.0,-1.8685101751901281e-16,-12.025484868222945,-9.938868412204133,-1.879681580772009,-0.0002231161185564005,0.0,36.889984130859375,38.64998245239258,39.42998123168945,42.90998458862305,44.019981384277344,44.99837875366211,-0.3499268562003692,0.00015686588508078412,0.2243861720363715,-2.3030177586381875,2.1307543961900395,0.0006333653350242577,0.0,0.0,0.0,0.0,0.0,0.0,0.0,0.0,0.0,0.0,0.0,0.0,3.0,7.0,1.0,1.0,2.0,1.0,0.24,0.0,0.24,1.0,nan,nan,nan,nan,nan,nan,0.428652,47.16400146484375,47.073001861572266,46.93600082397461,46.875999450683594,46.99700164794922,46.93600082397461,47.21864318847656,0.6445291042327881,47.21864318847656,0.0,0.0
1.863373,1162.568,-0.3270214239703577,-1.4200108687030237,1.2360625267028809,-1.3861048857318323,-1.5709541479693812,2.738032579421997,0.0,0.0,-0.0,0.0,0.0,0.0,-0.3269999921321869,-1.4199999570846558,1.2359999418258667,-1.3860000371932983,-1.5709999799728394,2.73799991607666,0.0,0.0,0.0,0.0,0.0,0.0,0.0269165076315403,-1.078903317451477,-0.6450924277305603,-0.2204417884349823,0.07273460179567337,0.054830700159072876,-1.6247398572220953e-17,-1.0687898256887804,-1.1894663183301544,-0.4440940167833153,-5.2832411492621246e-05,0.0,-1.8685101751901281e-16,-12.025484868222945,-9.938868412204133,-1.879681580772009,-0.0002231161185564005,0.0,36.889984130859375,38.64998245239258,39.42998123168945,42.90998458862305,44.019981384277344,44.99837875366211,-0.34993223840991117,0.0001576539736846482,0.2243678850086155,-2.3029943263418104,2.1307834852696956,0.0005504545279301444,0.0,0.0,0.0,0.0,0.0,0.0,0.0,0.0,0.0,0.0,0.0,0.0,3.0,7.0,1.0,1.0,2.0,1.0,0.24,0.0,0.24,1.0,nan,nan,nan,nan,nan,nan,0.428724,47.16400146484375,47.073001861572266,46.93600082397461,46.875999450683594,46.99700164794922,46.93600082397461,47.21864318847656,0.6445291042327881,47.21864318847656,0.0,0.0
1.871501,1162.576,-0.3270214239703577,-1.4200227896319788,1.2360386848449707,-1.3860567251788538,-1.5710023085223597,2.738008499145508,0.0,0.0,-0.0,0.0,0.0,0.0,-0.3269999921321869,-1.4199999570846558,1.2359999418258667,-1.3860000371932983,-1.5709999799728394,2.73799991607666,0.0,0.0,0.0,0.0,0.0,0.0,0.0336456336081028,-1.056472897529602,-0.6298419833183289,-0.22827474772930145,0.07161560654640198,0.03916478529572487,-1.6247398572220953e-17,-1.0687898256887804,-1.1894663183301544,-0.4440940167833153,-5.2832411492621246e-05,0.0,-1.8685101751901281e-16,-12.025484868222945,-9.938868412204133,-1.879681580772009,-0.0002231161185564005,0.0,36.889984130859375,38.64998245239258,39.42998123168945,42.90998458862305,44.019981384277344,44.99837875366211,-0.3499225665008923,0.00016493930764138585,0.22437480703067228,-2.3029838215883305,2.1307225868630306,0.0005634926941266174,0.0,0.0,0.0,0.0,0.0,0.0,0.0,0.0,0.0,0.0,0.0,0.0,3.0,7.0,1.0,1.0,2.0,1.0,0.24,0.0,0.24,1.0,nan,nan,nan,nan,nan,nan,0.429072,47.16400146484375,47.0880012512207,46.93600082397461,46.875999450683594,46.99700164794922,46.93600082397461,47.21864318847656,0.6803395748138428,47.21864318847656,0.0,0.0
1.879626,1162.584,-0.32706958452333623,-1.4200108687030237,1.2360987663269043,-1.386080567036764,-1.570942227040426,2.738020658493042,0.0,0.0,-0.0,0.0,0.0,0.0,-0.3269999921321869,-1.4199999570846558,1.2359999418258667,-1.3860000371932983,-1.5709999799728394,2.73799991607666,0.0,0.0,0.0,0.0,0.0,0.0,0.0336456336081028,-1.0676881074905396,-0.6191667318344116,-0.22267977893352509,0.08168654888868332,0.038045790046453476,-1.6247398572220953e-17,-1.0687898256887804,-1.1894663183301544,-0.4440940167833153,-5.2832411492621246e-05,0.0,-1.8685101751901281e-16,-12.025484868222945,-9.938868412204133,-1.879681580772009,-0.0002231161185564005,0.0,36.889984130859375,38.64998245239258,39.42998123168945,42.90998458862305,44.019981384277344,44.99837875366211,-0.3499224513257354,0.0001686026571013165,0.22435511708141603,-2.302945579075955,2.13081581159051,0.00045589368626367563,0.0,0.0,0.0,0.0,0.0,0.0,0.0,0.0,0.0,0.0,0.0,0.0,3.0,7.0,1.0,1.0,2.0,1.0,0.24,0.0,0.24,1.0,nan,nan,nan,nan,nan,nan,0.43068,47.16400146484375,47.0880012512207,46.93600082397461,46.875999450683594,46.99700164794922,46.93600082397461,47.21864318847656,0.6087239384651184,47.21864318847656,0.0,0.0
1.887743,1162.5919999999999,-0.3269737402545374,-1.4200227896319788,1.2360267639160156,-1.386080567036764,-1.5709779898272913,2.738020658493042,0.0,0.0,-0.0,0.0,0.0,0.0,-0.3269999921321869,-1.4199999570846558,1.2359999418258667,-1.3860000371932983,-1.5709999799728394,2.73799991607666,0.0,0.0,0.0,0.0,0.0,0.0,0.02467346377670765,-1.087875485420227,-0.6191667318344116,-0.2025378942489624,0.05930667370557785,0.04699774086475372,-1.6247398572220953e-17,-1.0687898256887804,-1.1894663183301544,-0.4440940167833153,-5.2832411492621246e-05,0.0,-1.8685101751901281e-16,-12.025484868222945,-9.938868412204133,-1.879681580772009,-0.0002231161185564005,0.0,36.889984130859375,38.64998245239258,39.42998123168945,42.90998458862305,44.019981384277344,44.99837875366211,-0.3499307793770758,0.00014569438649363726,0.2243803333938368,-2.3030487107466633,2.130706648303598,0.0005993253753968146,0.0,0.0,0.0,0.0,0.0,0.0,0.0,0.0,0.0,0.0,0.0,0.0,3.0,7.0,1.0,1.0,2.0,1.0,0.24,0.0,0.24,1.0,nan,nan,nan,nan,nan,nan,0.42961200000000005,47.16400146484375,47.0880012512207,46.93600082397461,46.875999450683594,46.99700164794922,46.93600082397461,47.21864318847656,0.6087239384651184,47.21864318847656,0.0,0.0
1.895865,1162.6,-0.32699758211244756,-1.420058552418844,1.2360749244689941,-1.3861048857318323,-1.570930306111471,2.7379846572875977,0.0,0.0,-0.0,0.0,0.0,0.0,-0.3269999921321869,-1.4199999570846558,1.2359999418258667,-1.3860000371932983,-1.5709999799728394,2.73799991607666,0.0,0.0,0.0,0.0,0.0,0.0,0.02243042178452015,-1.074417233467102,-0.6298419833183289,-0.20029990375041962,0.06602063775062561,0.03021283447742462,-1.6247398572220953e-17,-1.0687898256887804,-1.1894663183301544,-0.4440940167833153,-5.2832411492621246e-05,0.0,-1.8685101751901281e-16,-12.025484868222945,-9.938868412204133,-1.879681580772009,-0.0002231161185564005,0.0,36.889984130859375,38.64998245239258,39.42998123168945,42.90998458862305,44.019981384277344,44.99837875366211,-0.3499285750945735,0.00014283421765886662,0.22438001723554468,-2.303097270327732,2.1307254117419783,0.000585666618855864,0.0,0.0,0.0,0.0,0.0,0.0,0.0,0.0,0.0,0.0,0.0,0.0,3.0,7.0,1.0,1.0,2.0,1.0,0.24,0.0,0.24,1.0,nan,nan,nan,nan,nan,nan,0.43468799999999996,47.16400146484375,47.0880012512207,46.93600082397461,46.875999450683594,46.99700164794922,46.93600082397461,47.21864318847656,0.6803395748138428,47.21864318847656,0.0,0.0
1.904032,1162.608,-0.3270214239703577,-1.4199984709369105,1.2360386848449707,-1.3861287275897425,-1.5709541479693812,2.738044500350952,0.0,0.0,-0.0,0.0,0.0,0.0,-0.3269999921321869,-1.4199999570846558,1.2359999418258667,-1.3860000371932983,-1.5709999799728394,2.73799991607666,0.0,0.0,0.0,0.0,0.0,0.0,0.02018737979233265,-1.029556393623352,-0.613066554069519,-0.2215607762336731,0.0682586282491684,0.04028377681970596,-1.6247398572220953e-17,-1.0687898256887804,-1.1894663183301544,-0.4440940167833153,-5.2832411492621246e-05,0.0,-1.8685101751901281e-16,-12.025484868222945,-9.938868412204133,-1.879681580772009,-0.0002231161185564005,0.0,36.889984130859375,38.64998245239258,39.42998123168945,42.90998458862305,44.019981384277344,44.99837875366211,-0.34994158404606857,0.00016080769427209544,0.2243728367835967,-2.302992220119696,2.130806974483024,0.0006010218588522804,0.0,0.0,0.0,0.0,0.0,0.0,0.0,0.0,0.0,0.0,0.0,0.0,3.0,7.0,1.0,1.0,2.0,1.0,0.24,0.0,0.24,1.0,nan,nan,nan,nan,nan,nan,0.456312,47.16400146484375,47.0880012512207,46.93600082397461,46.875999450683594,46.99700164794922,46.93600082397461,47.21864318847656,0.6445291042327881,47.21864318847656,0.0,0.0
1.912152,1162.616,-0.3270214239703577,-1.4200227896319788,1.2360386848449707,-1.3861168066607874,-1.5709541479693812,2.7379965782165527,0.0,0.0,-0.0,0.0,0.0,0.0,-0.3269999921321869,-1.4199999570846558,1.2359999418258667,-1.3860000371932983,-1.5709999799728394,2.73799991607666,0.0,0.0,0.0,0.0,0.0,0.0,0.0314025916159153,-1.0811463594436646,-0.6100164651870728,-0.19582392275333405,0.08056755363941193,0.02909383922815323,-1.6247398572220953e-17,-1.0687898256887804,-1.1894663183301544,-0.4440940167833153,-5.2832411492621246e-05,0.0,-1.8685101751901281e-16,-12.025484868222945,-9.938868412204133,-1.879681580772009,-0.0002231161185564005,0.0,36.889984130859375,38.64998245239258,39.42998123168945,42.90998458862305,44.019981384277344,44.99854278564453,-0.349937573681522,0.00015944697413450542,0.22437988395647923,-2.3030469163015614,2.1307552556086415,0.0006186418544003148,0.0,0.0,0.0,0.0,0.0,0.0,0.0,0.0,0.0,0.0,0.0,0.0,3.0,7.0,1.0,1.0,2.0,1.0,0.24,0.0,0.24,1.0,nan,nan,nan,nan,nan,nan,0.441444,47.16400146484375,47.0880012512207,46.93600082397461,46.875999450683594,46.981998443603516,46.92100143432617,47.21864318847656,0.7161448001861572,47.21864318847656,0.0,0.0
1.920237,1162.624,-0.3270214239703577,-1.4200347105609339,1.2360506057739258,-1.386080567036764,-1.5709541479693812,2.7379729747772217,0.0,0.0,-0.0,0.0,0.0,0.0,-0.3269999921321869,-1.4199999570846558,1.2359999418258667,-1.3860000371932983,-1.5709999799728394,2.73799991607666,0.0,0.0,0.0,0.0,0.0,0.0,0.0269165076315403,-1.0811463594436646,-0.6008661985397339,-0.21708481013774872,0.07497258484363556,0.048116736114025116,-1.6247398572220953e-17,-1.0687898256887804,-1.1894663183301544,-0.4440940167833153,-5.2832411492621246e-05,0.0,-1.8685101751901281e-16,-12.025484868222945,-9.938868412204133,-1.879681580772009,-0.0002231161185564005,0.0,36.889984130859375,38.64998245239258,39.42998123168945,42.90998458862305,44.019981384277344,44.99854278564453,-0.3499277284329623,0.00015612923855053075,0.22437723444350313,-2.303061132481881,2.130718087531701,0.0005666775534940899,0.0,0.0,0.0,0.0,0.0,0.0,0.0,0.0,0.0,0.0,0.0,0.0,3.0,7.0,1.0,1.0,2.0,1.0,0.24,0.0,0.24,1.0,nan,nan,nan,nan,nan,nan,0.433572,47.19499969482422,47.0880012512207,46.93600082397461,46.875999450683594,46.981998443603516,46.92100143432617,47.21864318847656,0.6087239384651184,47.21864318847656,0.0,0.0
1.928355,1162.6319999999998,-0.32706958452333623,-1.4200347105609339,1.2360386848449707,-1.3861168066607874,-1.5709903875934046,2.738008499145508,0.0,0.0,-0.0,0.0,0.0,0.0,-0.3269999921321869,-1.4199999570846558,1.2359999418258667,-1.3860000371932983,-1.5709999799728394,2.73799991607666,0.0,0.0,0.0,0.0,0.0,0.0,0.02467346377670765,-1.087875485420227,-0.6283169388771057,-0.22603675723075867,0.067139632999897,0.06042566895484924,-1.6247398572220953e-17,-1.0687898256887804,-1.1894663183301544,-0.4440940167833153,-5.2832411492621246e-05,0.0,-1.8685101751901281e-16,-12.025484868222945,-9.938868412204133,-1.879681580772009,-0.0002231161185564005,0.0,36.889984130859375,38.64998245239258,39.42998123168945,42.90998458862305,44.019981384277344,44.99854278564453,-0.3499343421430934,0.00018313726544226945,0.22438386469231825,-2.3029621638515048,2.1308052763792853,0.0006588134164060883,0.0,0.0,0.0,0.0,0.0,0.0,0.0,0.0,0.0,0.0,0.0,0.0,3.0,7.0,1.0,1.0,2.0,1.0,0.24,0.0,0.24,1.0,nan,nan,nan,nan,nan,nan,0.42869999999999997,47.19499969482422,47.0880012512207,46.93600082397461,46.875999450683594,46.981998443603516,46.92100143432617,47.21864318847656,0.6087239384651184,47.21864318847656,0.0,0.0
1.936483,1162.6399999999999,-0.3270457426654261,-1.4200227896319788,1.2360749244689941,-1.386080567036764,-1.5710023085223597,2.7379965782165527,0.0,0.0,-0.0,0.0,0.0,0.0,-0.3269999921321869,-1.4199999570846558,1.2359999418258667,-1.3860000371932983,-1.5709999799728394,2.73799991607666,0.0,0.0,0.0,0.0,0.0,0.0,0.02243042178452015,-1.155166745185852,-0.6054413318634033,-0.2014188915491104,0.06937761604785919,0.07161560654640198,-1.6247398572220953e-17,-1.0687898256887804,-1.1894663183301544,-0.4440940167833153,-5.2832411492621246e-05,0.0,-1.8685101751901281e-16,-12.025484868222945,-9.938868412204133,-1.879681580772009,-0.0002231161185564005,0.0,36.889984130859375,38.64998245239258,39.42998123168945,42.90998458862305,44.019981384277344,44.99854278564453,-0.34992145879728354,0.0001730673221138994,0.2243661482928511,-2.302967018306786,2.130733328817486,0.0005456022251540443,0.0,0.0,0.0,0.0,0.0,0.0,0.0,0.0,0.0,0.0,0.0,0.0,3.0,7.0,1.0,1.0,2.0,1.0,0.24,0.0,0.24,1.0,nan,nan,nan,nan,nan,nan,0.432036,47.19499969482422,47.0880012512207,46.93600082397461,46.875999450683594,46.981998443603516,46.92100143432617,47.279415130615234,0.6803395748138428,47.21864318847656,0.0,0.0
1.944682,1162.648,-0.32700950304140264,-1.4200347105609339,1.2360506057739258,-1.3861048857318323,-1.5709903875934046,2.7379729747772217,0.0,0.0,-0.0,0.0,0.0,0.0,-0.3269999921321869,-1.4199999570846558,1.2359999418258667,-1.3860000371932983,-1.5709999799728394,2.73799991607666,0.0,0.0,0.0,0.0,0.0,0.0,0.0336456336081028,-1.096847653388977,-0.6374672055244446,-0.2193228006362915,0.07832957059144974,0.02685585245490074,-1.6247398572220953e-17,-1.0687898256887804,-1.1894663183301544,-0.4440940167833153,-5.2832411492621246e-05,0.0,-1.8685101751901281e-16,-12.025484868222945,-9.938868412204133,-1.879681580772009,-0.0002231161185564005,0.0,36.889984130859375,38.64998245239258,39.42998123168945,42.90998458862305,44.019981384277344,44.99854278564453,-0.3499301047455819,0.00016068210339439286,0.22437933363335316,-2.303056882221517,2.1306885882445368,0.0006247457835302456,0.0,0.0,0.0,0.0,0.0,0.0,0.0,0.0,0.0,0.0,0.0,0.0,3.0,7.0,1.0,1.0,2.0,1.0,0.24,0.0,0.24,1.0,nan,nan,nan,nan,nan,nan,0.43393200000000004,47.19499969482422,47.073001861572266,46.93600082397461,46.875999450683594,46.981998443603516,46.92100143432617,47.21864318847656,0.7161448001861572,47.21864318847656,0.0,0.0
1.952807,1162.656,-0.32699758211244756,-1.4200347105609339,1.2360267639160156,-1.3860686461078089,-1.5709541479693812,2.738020658493042,0.0,0.0,-0.0,0.0,0.0,0.0,-0.3269999921321869,-1.4199999570846558,1.2359999418258667,-1.3860000371932983,-1.5709999799728394,2.73799991607666,0.0,0.0,0.0,0.0,0.0,0.0,0.0358886756002903,-1.137222409248352,-0.652717649936676,-0.21708481013774872,0.07161560654640198,0.027974845841526985,-1.6247398572220953e-17,-1.0687898256887804,-1.1894663183301544,-0.4440940167833153,-5.2832411492621246e-05,0.0,-1.8685101751901281e-16,-12.025484868222945,-9.938868412204133,-1.879681580772009,-0.0002231161185564005,0.0,36.889984130859375,38.64998245239258,39.42998123168945,42.90998458862305,44.019981384277344,44.99854278564453,-0.3499291979261778,0.00014828588532154785,0.22438325151374194,-2.303039239644754,2.1307489089674156,0.0005839892189567336,0.0,0.0,0.0,0.0,0.0,0.0,0.0,0.0,0.0,0.0,0.0,0.0,3.0,7.0,1.0,1.0,2.0,1.0,0.24,0.0,0.24,1.0,nan,nan,nan,nan,nan,nan,0.431124,47.19499969482422,47.073001861572266,46.93600082397461,46.875999450683594,46.981998443603516,46.92100143432617,47.21864318847656,0.6087239384651184,47.21864318847656,0.0,0.0
1.960950,1162.664,-0.3270457426654261,-1.4200227896319788,1.2360267639160156,-1.3861048857318323,-1.5709660688983362,2.7379846572875977,0.0,0.0,-0.0,0.0,0.0,0.0,-0.3269999921321869,-1.4199999570846558,1.2359999418258667,-1.3860000371932983,-1.5709999799728394,2.73799991607666,0.0,0.0,0.0,0.0,0.0,0.0,0.0269165076315403,-1.083389401435852,-0.6435673832893372,-0.2193228006362915,0.0682586282491684,0.038045790046453476,-1.6247398572220953e-17,-1.0687898256887804,-1.1894663183301544,-0.4440940167833153,-5.2832411492621246e-05,0.0,-1.8685101751901281e-16,-12.025484868222945,-9.938868412204133,-1.879681580772009,-0.0002231161185564005,0.0,36.889984130859375,38.64998245239258,39.42998123168945,42.90998458862305,44.019981384277344,44.99854278564453,-0.34993633957462333,0.00017015474332455875,0.22438239445899982,-2.30302566466537,2.130762174722387,0.0006261675353698237,0.0,0.0,0.0,0.0,0.0,0.0,0.0,0.0,0.0,0.0,0.0,0.0,3.0,7.0,1.0,1.0,2.0,1.0,0.24,0.0,0.24,1.0,nan,nan,nan,nan,nan,nan,0.431724,47.19499969482422,47.073001861572266,46.93600082397461,46.875999450683594,46.981998443603516,46.92100143432617,47.21864318847656,0.6803395748138428,47.21864318847656,0.0,0.0
1.969075,1162.672,-0.3270815054522913,-1.4200227896319788,1.2360267639160156,-1.386080567036764,-1.5709779898272913,2.7380564212799072,0.0,0.0,-0.0,0.0,0.0,0.0,-0.3269999921321869,-1.4199999570846558,1.2359999418258667,-1.3860000371932983,-1.5709999799728394,2.73799991607666,0.0,0.0,0.0,0.0,0.0,0.0,0.0269165076315403,-1.074417233467102,-0.652717649936676,-0.2036568820476532,0.07049661129713058,0.06602063775062561,-1.6247398572220953e-17,-1.0687898256887804,-1.1894663183301544,-0.4440940167833153,-5.2832411492621246e-05,0.0,-1.8685101751901281e-16,-12.025484868222945,-9.938868412204133,-1.879681580772009,-0.0002231161185564005,0.0,36.889984130859375,38.64998245239258,39.42998123168945,42.90998458862305,44.019981384277344,44.99854278564453,-0.34993076164436904,0.00018340474526089783,0.2243803333938368,-2.302895786740003,2.1308719094774204,0.0005990945759359114,0.0,0.0,0.0,0.0,0.0,0.0,0.0,0.0,0.0,0.0,0.0,0.0,3.0,7.0,1.0,1.0,2.0,1.0,0.24,0.0,0.24,1.0,nan,nan,nan,nan,nan,nan,0.427548,47.19499969482422,47.073001861572266,46.93600082397461,46.875999450683594,46.981998443603516,46.92100143432617,47.21864318847656,0.8235656023025513,47.21864318847656,0.0,0.0
1.977262,1162.6799999999998,-0.3270457426654261,-1.420046631489889,1.2360625267028809,-1.386080567036764,-1.5710023085223597,2.738032579421997,0.0,0.0,-0.0,0.0,0.0,0.0,-0.3269999921321869,-1.4199999570846558,1.2359999418258667,-1.3860000371932983,-1.5709999799728394,2.73799991607666,0.0,0.0,0.0,0.0,0.0,0.0,0.02467346377670765,-1.087875485420227,-0.6039162874221802,-0.21037083864212036,0.07497258484363556,0.04028377681970596,-1.6247398572220953e-17,-1.0687898256887804,-1.1894663183301544,-0.4440940167833153,-5.2832411492621246e-05,0.0,-1.8685101751901281e-16,-12.025484868222945,-9.938868412204133,-1.879681580772009,-0.0002231161185564005,0.0,36.889984130859375,38.64998245239258,39.42998123168945,42.90998458862305,44.019981384277344,44.99854278564453,-0.34992180527237104,0.00017317430531861257,0.22437770857192185,-2.3029394565913837,2.1307848607168434,0.0005976363545131812,0.0,0.0,0.0,0.0,0.0,0.0,0.0,0.0,0.0,0.0,0.0,0.0,3.0,7.0,1.0,1.0,2.0,1.0,0.24,0.0,0.24,1.0,nan,nan,nan,nan,nan,nan,0.428676,47.19499969482422,47.073001861572266,46.93600082397461,46.875999450683594,46.981998443603516,46.92100143432617,47.279415130615234,0.6087239384651184,47.21864318847656,0.0,0.0
1.985380,1162.6879999999999,-0.32700950304140264,-1.4200347105609339,1.2360868453979492,-1.386080567036764,-1.5709660688983362,2.738032579421997,0.0,0.0,-0.0,0.0,0.0,0.0,-0.3269999921321869,-1.4199999570846558,1.2359999418258667,-1.3860000371932983,-1.5709999799728394,2.73799991607666,0.0,0.0,0.0,0.0,0.0,0.0,0.0314025916159153,-1.0497437715530396,-0.6039162874221802,-0.2025378942489624,0.07273460179567337,0.031331829726696014,-1.6247398572220953e-17,-1.0687898256887804,-1.1894663183301544,-0.4440940167833153,-5.2832411492621246e-05,0.0,-1.8685101751901281e-16,-12.025484868222945,-9.938868412204133,-1.879681580772009,-0.0002231161185564005,0.0,36.889984130859375,38.64998245239258,39.42998123168945,42.90998458862305,44.019981384277344,44.998687744140625,-0.3499211487577002,0.00015234333778426593,0.22436655538761446,-2.3029915696892984,2.1307555210896494,0.0005226289618493237,0.0,0.0,0.0,0.0,0.0,0.0,0.0,0.0,0.0,0.0,0.0,0.0,3.0,7.0,1.0,1.0,2.0,1.0,0.24,0.0,0.24,1.0,nan,nan,nan,nan,nan,nan,0.429108,47.19499969482422,47.073001861572266,46.93600082397461,46.875999450683594,46.99700164794922,46.95199966430664,47.21864318847656,0.6803395748138428,47.21864318847656,0.0,0.0
1.993506,1162.696,-0.32705766359438115,-1.4200347105609339,1.2360506057739258,-1.3860686461078089,-1.5709660688983362,2.738044500350952,0.0,0.0,-0.0,0.0,0.0,0.0,-0.3269999921321869,-1.4199999570846558,1.2359999418258667,-1.3860000371932983,-1.5709999799728394,2.73799991607666,0.0,0.0,0.0,0.0,0.0,0.0,0.0291595496237278,-1.034042477607727,-0.6405172944068909,-0.2025378942489624,0.067139632999897,0.03580780327320099,-1.6247398572220953e-17,-1.0687898256887804,-1.1894663183301544,-0.4440940167833153,-5.2832411492621246e-05,0.0,-1.8685101751901281e-16,-12.025484868222945,-9.938868412204133,-1.879681580772009,-0.0002231161185564005,0.0,36.889984130859375,38.64998245239258,39.42998123168945,42.90998458862305,44.019981384277344,44.998687744140625,-0.3499245878394421,0.00017036471840785068,0.22437622898051574,-2.3029347411545684,2.130831510962532,0.000557355256249744,0.0,0.0,0.0,0.0,0.0,0.0,0.0,0.0,0.0,0.0,0.0,0.0,3.0,7.0,1.0,1.0,2.0,1.0,0.24,0.0,0.24,1.0,nan,nan,nan,nan,nan,nan,0.435624,47.13399887084961,47.073001861572266,46.95199966430664,46.875999450683594,46.99700164794922,46.95199966430664,47.21864318847656,0.7161448001861572,47.21864318847656,0.0,0.0
2.001661,1162.704,-0.32700950304140264,-1.4200704733477991,1.2360506057739258,-1.3860686461078089,-1.5709660688983362,2.738008499145508,0.0,0.0,-0.0,0.0,0.0,0.0,-0.3269999921321869,-1.4199999570846558,1.2359999418258667,-1.3860000371932983,-1.5709999799728394,2.73799991607666,0.0,0.0,0.0,0.0,0.0,0.0,0.0269165076315403,-1.1125489473342896,-0.6359421610832214,-0.21148984134197235,0.07273460179567337,0.034688808023929596,-1.6247398572220953e-17,-1.0687898256887804,-1.1894663183301544,-0.4440940167833153,-5.2832411492621246e-05,0.0,-1.8685101751901281e-16,-12.025484868222945,-9.938868412204133,-1.879681580772009,-0.0002231161185564005,0.0,36.889984130859375,38.64998245239258,39.42998123168945,42.90998458862305,44.019981384277344,44.998687744140625,-0.3499221437513933,0.00015266874417113347,0.22438808449658182,-2.303035059389962,2.1307445302760777,0.000608632229683049,0.0,0.0,0.0,0.0,0.0,0.0,0.0,0.0,0.0,0.0,0.0,0.0,3.0,7.0,1.0,1.0,2.0,1.0,0.24,0.0,0.24,1.0,nan,nan,nan,nan,nan,nan,0.431448,47.13399887084961,47.073001861572266,46.95199966430664,46.875999450683594,46.99700164794922,46.95199966430664,47.21864318847656,0.7877604365348816,47.21864318847656,0.0,0.0
2.009876,1162.712,-0.3270214239703577,-1.4200227896319788,1.2360625267028809,-1.386080567036764,-1.5709541479693812,2.7379965782165527,0.0,0.0,-0.0,0.0,0.0,0.0,-0.3269999921321869,-1.4199999570846558,1.2359999418258667,-1.3860000371932983,-1.5709999799728394,2.73799991607666,0.0,0.0,0.0,0.0,0.0,0.0,0.02467346377670765,-1.0990906953811646,-0.613066554069519,-0.21260882914066315,0.07049661129713058,0.03916478529572487,-1.6247398572220953e-17,-1.0687898256887804,-1.1894663183301544,-0.4440940167833153,-5.2832411492621246e-05,0.0,-1.8685101751901281e-16,-12.025484868222945,-9.938868412204133,-1.879681580772009,-0.0002231161185564005,0.0,36.889984130859375,38.64998245239258,39.42998123168945,42.90998458862305,44.019981384277344,44.998687744140625,-0.3499266410023996,0.00015576690672635573,0.22436976660770735,-2.3030288918491304,2.130738640850038,0.0005325970057330541,0.0,0.0,0.0,0.0,0.0,0.0,0.0,0.0,0.0,0.0,0.0,0.0,3.0,7.0,1.0,1.0,2.0,1.0,0.24,0.0,0.24,1.0,nan,nan,nan,nan,nan,nan,0.43019999999999997,47.13399887084961,47.073001861572266,46.95199966430664,46.875999450683594,46.99700164794922,46.95199966430664,47.21864318847656,0.6445291042327881,47.21864318847656,0.0,0.0
2.018071,1162.72,-0.3269856611834925,-1.4200227896319788,1.2360749244689941,-1.386092487965719,-1.570942227040426,2.7379846572875977,0.0,0.0,-0.0,0.0,0.0,0.0,-0.3269999921321869,-1.4199999570846558,1.2359999418258667,-1.3860000371932983,-1.5709999799728394,2.73799991607666,0.0,0.0,0.0,0.0,0.0,0.0,0.0314025916159153,-1.110305905342102,-0.6344171166419983,-0.20701386034488678,0.0682586282491684,0.051473718136548996,-1.6247398572220953e-17,-1.0687898256887804,-1.1894663183301544,-0.4440940167833153,-5.2832411492621246e-05,0.0,-1.8685101751901281e-16,-12.025484868222945,-9.938868412204133,-1.879681580772009,-0.0002231161185564005,0.0,36.889984130859375,38.64998245239258,39.42998123168945,42.90998458862305,44.019981384277344,44.998687744140625,-0.34992780006938246,0.00014102897203806947,0.2243671154806061,-2.3030875906619004,2.130690953948687,0.0005243484896983418,0.0,0.0,0.0,0.0,0.0,0.0,0.0,0.0,0.0,0.0,0.0,0.0,3.0,7.0,1.0,1.0,2.0,1.0,0.24,0.0,0.24,1.0,nan,nan,nan,nan,nan,nan,0.430176,47.13399887084961,47.073001861572266,46.95199966430664,46.875999450683594,46.99700164794922,46.95199966430664,47.21864318847656,0.6445291042327881,47.21864318847656,0.0,0.0
2.026190,1162.7279999999998,-0.327033821736471,-1.4200347105609339,1.2360267639160156,-1.386092487965719,-1.5709779898272913,2.7379965782165527,0.0,0.0,-0.0,0.0,0.0,0.0,-0.3269999921321869,-1.4199999570846558,1.2359999418258667,-1.3860000371932983,-1.5709999799728394,2.73799991607666,0.0,0.0,0.0,0.0,0.0,0.0,0.0291595496237278,-1.1349793672561646,-0.6298419833183289,-0.19246694445610046,0.07944856584072113,0.024617865681648254,-1.6247398572220953e-17,-1.0687898256887804,-1.1894663183301544,-0.4440940167833153,-5.2832411492621246e-05,0.0,-1.8685101751901281e-16,-12.025484868222945,-9.938868412204133,-1.879681580772009,-0.0002231161185564005,0.0,36.889984130859375,38.64998245239258,39.42998123168945,42.90998458862305,44.019981384277344,44.998687744140625,-0.34993229591355524,0.00016722484211102848,0.22438530030372209,-2.303017490031548,2.1307546843004106,0.0006332047716249042,0.0,0.0,0.0,0.0,0.0,0.0,0.0,0.0,0.0,0.0,0.0,0.0,3.0,7.0,1.0,1.0,2.0,1.0,0.24,0.0,0.24,1.0,nan,nan,nan,nan,nan,nan,0.43111200000000005,47.13399887084961,47.073001861572266,46.95199966430664,46.875999450683594,46.99700164794922,46.95199966430664,47.21864318847656,0.7161448001861572,47.21864318847656,0.0,0.0
2.034307,1162.7359999999999,-0.327033821736471,-1.420058552418844,1.2360506057739258,-1.3861048857318323,-1.5709903875934046,2.738032579421997,0.0,0.0,-0.0,0.0,0.0,0.0,-0.3269999921321869,-1.4199999570846558,1.2359999418258667,-1.3860000371932983,-1.5709999799728394,2.73799991607666,0.0,0.0,0.0,0.0,0.0,0.0,0.0291595496237278,-1.083389401435852,-0.613066554069519,-0.21484681963920593,0.07385359704494476,0.048116736114025116,-1.6247398572220953e-17,-1.0687898256887804,-1.1894663183301544,-0.4440940167833153,-5.2832411492621246e-05,0.0,-1.8685101751901281e-16,-12.025484868222945,-9.938868412204133,-1.879681580772009,-0.0002231161185564005,0.0,36.889984130859375,38.64998245239258,39.42998123168945,42.90998458862305,44.019981384277344,44.998687744140625,-0.3499284661314873,0.00016862962332726855,0.2243872375003178,-2.3029745780964466,2.130791850809636,0.0006590178129567298,0.0,0.0,0.0,0.0,0.0,0.0,0.0,0.0,0.0,0.0,0.0,0.0,3.0,7.0,1.0,1.0,2.0,1.0,0.24,0.0,0.24,1.0,nan,nan,nan,nan,nan,nan,0.430788,47.13399887084961,47.073001861572266,46.95199966430664,46.875999450683594,46.99700164794922,46.95199966430664,47.21864318847656,0.6803395748138428,47.15787124633789,0.0,0.0
2.042437,1162.744,-0.3270214239703577,-1.4200227896319788,1.2360868453979492,-1.386092487965719,-1.5709903875934046,2.738020658493042,0.0,0.0,-0.0,0.0,0.0,0.0,-0.3269999921321869,-1.4199999570846558,1.2359999418258667,-1.3860000371932983,-1.5709999799728394,2.73799991607666,0.0,0.0,0.0,0.0,0.0,0.0,0.0358886756002903,-1.0721741914749146,-0.6222168207168579,-0.204775869846344,0.06490164250135422,0.05818767845630646,-1.6247398572220953e-17,-1.0687898256887804,-1.1894663183301544,-0.4440940167833153,-5.2832411492621246e-05,0.0,-1.8685101751901281e-16,-12.025484868222945,-9.938868412204133,-1.879681580772009,-0.0002231161185564005,0.0,36.889984130859375,38.64998245239258,39.42998123168945,42.90998458862305,44.019981384277344,44.998687744140625,-0.3499226928605883,0.00016235987654247683,0.2243636376785036,-2.302975315775316,2.1307404126208342,0.000538117365421968,0.0,0.0,0.0,0.0,0.0,0.0,0.0,0.0,0.0,0.0,0.0,0.0,3.0,7.0,1.0,1.0,2.0,1.0,0.24,0.0,0.24,1.0,nan,nan,nan,nan,nan,nan,0.429396,47.13399887084961,47.073001861572266,46.95199966430664,46.875999450683594,46.99700164794922,46.95199966430664,47.21864318847656,0.6445291042327881,47.21864318847656,0.0,0.0
2.050560,1162.752,-0.32700950304140264,-1.420046631489889,1.2360506057739258,-1.3861048857318323,-1.5709660688983362,2.738020658493042,0.0,0.0,-0.0,0.0,0.0,0.0,-0.3269999921321869,-1.4199999570846558,1.2359999418258667,-1.3860000371932983,-1.5709999799728394,2.73799991607666,0.0,0.0,0.0,0.0,0.0,0.0,0.0269165076315403,-1.1125489473342896,-0.6344171166419983,-0.2193228006362915,0.07609158009290695,0.04587874934077263,-1.6247398572220953e-17,-1.0687898256887804,-1.1894663183301544,-0.4440940167833153,-5.2832411492621246e-05,0.0,-1.8685101751901281e-16,-12.025484868222945,-9.938868412204133,-1.879681580772009,-0.0002231161185564005,0.0,36.889984130859375,38.64998245239258,39.42998123168945,42.90998458862305,44.019981384277344,44.998687744140625,-0.3499309018446201,0.00015562412494117306,0.2243832662601618,-2.303025936676359,2.13076188975958,0.0006264037131108003,0.0,0.0,0.0,0.0,0.0,0.0,0.0,0.0,0.0,0.0,0.0,0.0,3.0,7.0,1.0,1.0,2.0,1.0,0.24,0.0,0.24,1.0,nan,nan,nan,nan,nan,nan,0.431544,47.13399887084961,47.073001861572266,46.95199966430664,46.875999450683594,46.99700164794922,46.95199966430664,47.21864318847656,0.6803395748138428,47.21864318847656,0.0,0.0
2.058685,1162.76,-0.3270457426654261,-1.4200347105609339,1.2360625267028809,-1.3861048857318323,-1.5709541479693812,2.738020658493042,0.0,0.0,-0.0,0.0,0.0,0.0,-0.3269999921321869,-1.4199999570846558,1.2359999418258667,-1.3860000371932983,-1.5709999799728394,2.73799991607666,0.0,0.0,0.0,0.0,0.0,0.0,0.0381317175924778,-1.132736325263977,-0.6191667318344116,-0.20813286304473877,0.08616252988576889,0.051473718136548996,-1.6247398572220953e-17,-1.0687898256887804,-1.1894663183301544,-0.4440940167833153,-5.2832411492621246e-05,0.0,-1.8685101751901281e-16,-12.025484868222945,-9.938868412204133,-1.879681580772009,-0.0002231161185564005,0.0,36.889984130859375,38.64998245239258,39.42998123168945,42.90998458862305,44.019981384277344,44.998817443847656,-0.3499306001345228,0.00016560161370591603,0.2243757888686802,-2.30298821404545,2.1308043763656506,0.0005844976149086624,0.0,0.0,0.0,0.0,0.0,0.0,0.0,0.0,0.0,0.0,0.0,0.0,3.0,7.0,1.0,1.0,2.0,1.0,0.24,0.0,0.24,1.0,nan,nan,nan,nan,nan,nan,0.42869999999999997,47.13399887084961,47.073001861572266,46.95199966430664,46.875999450683594,46.99700164794922,46.93600082397461,47.21864318847656,0.6445291042327881,47.21864318847656,0.0,0.0
2.066813,1162.768,-0.327033821736471,-1.4200704733477991,1.2360506057739258,-1.3860686461078089,-1.5709903875934046,2.738044500350952,0.0,0.0,-0.0,0.0,0.0,0.0,-0.3269999921321869,-1.4199999570846558,1.2359999418258667,-1.3860000371932983,-1.5709999799728394,2.73799991607666,0.0,0.0,0.0,0.0,0.0,0.0,0.0269165076315403,-1.0407716035842896,-0.642042338848114,-0.20029990375041962,0.06937761604785919,0.031331829726696014,-1.6247398572220953e-17,-1.0687898256887804,-1.1894663183301544,-0.4440940167833153,-5.2832411492621246e-05,0.0,-1.8685101751901281e-16,-12.025484868222945,-9.938868412204133,-1.879681580772009,-0.0002231161185564005,0.0,36.889984130859375,38.64998245239258,39.42998123168945,42.90998458862305,44.019981384277344,44.998817443847656,-0.3499205254336646,0.00016595519876173864,0.22438810380858001,-2.302954499852187,2.1307989130162475,0.0006242440760472834,0.0,0.0,0.0,0.0,0.0,0.0,0.0,0.0,0.0,0.0,0.0,0.0,3.0,7.0,1.0,1.0,2.0,1.0,0.24,0.0,0.24,1.0,nan,nan,nan,nan,nan,nan,0.42788400000000004,47.16400146484375,47.073001861572266,46.92100143432617,46.875999450683594,46.99700164794922,46.93600082397461,47.21864318847656,0.6803395748138428,47.21864318847656,0.0,0.0
2.074938,1162.7759999999998,-0.32699758211244756,-1.4199984709369105,1.2360506057739258,-1.3860686461078089,-1.5709541479693812,2.738020658493042,0.0,0.0,-0.0,0.0,0.0,0.0,-0.3269999921321869,-1.4199999570846558,1.2359999418258667,-1.3860000371932983,-1.5709999799728394,2.73799991607666,0.0,0.0,0.0,0.0,0.0,0.0,0.0314025916159153,-1.0497437715530396,-0.6344171166419983,-0.204775869846344,0.07385359704494476,0.027974845841526985,-1.6247398572220953e-17,-1.0687898256887804,-1.1894663183301544,-0.4440940167833153,-5.2832411492621246e-05,0.0,-1.8685101751901281e-16,-12.025484868222945,-9.938868412204133,-1.879681580772009,-0.0002231161185564005,0.0,36.889984130859375,38.64998245239258,39.42998123168945,42.90998458862305,44.019981384277344,44.998817443847656,-0.34992787296018785,0.00014785361977037113,0.2243642058746182,-2.3030213509837036,2.1307322068129864,0.0004979159160848227,0.0,0.0,0.0,0.0,0.0,0.0,0.0,0.0,0.0,0.0,0.0,0.0,3.0,7.0,1.0,1.0,2.0,1.0,0.24,0.0,0.24,1.0,nan,nan,nan,nan,nan,nan,0.430644,47.16400146484375,47.073001861572266,46.92100143432617,46.875999450683594,46.99700164794922,46.93600082397461,47.21864318847656,0.6087239384651184,47.21864318847656,0.0,0.0
2.083091,1162.7839999999999,-0.327033821736471,-1.420058552418844,1.2360749244689941,-1.3861048857318323,-1.5709541479693812,2.738020658493042,0.0,0.0,-0.0,0.0,0.0,0.0,-0.3269999921321869,-1.4199999570846558,1.2359999418258667,-1.3860000371932983,-1.5709999799728394,2.73799991607666,0.0,0.0,0.0,0.0,0.0,0.0,0.02467346377670765,-1.1035767793655396,-0.6054413318634033,-0.2025378942489624,0.07721057534217834,0.0503547228872776,-1.6247398572220953e-17,-1.0687898256887804,-1.1894663183301544,-0.4440940167833153,-5.2832411492621246e-05,0.0,-1.8685101751901281e-16,-12.025484868222945,-9.938868412204133,-1.879681580772009,-0.0002231161185564005,0.0,36.889984130859375,38.64998245239258,39.42998123168945,42.90998458862305,44.019981384277344,44.998817443847656,-0.3499269868440827,0.0001601986402417186,0.22438003599072232,-2.303004328477577,2.1307938177243972,0.0006009349378209396,0.0,0.0,0.0,0.0,0.0,0.0,0.0,0.0,0.0,0.0,0.0,0.0,3.0,7.0,1.0,1.0,2.0,1.0,0.24,0.0,0.24,1.0,nan,nan,nan,nan,nan,nan,0.433392,47.16400146484375,47.073001861572266,46.92100143432617,46.875999450683594,46.99700164794922,46.93600082397461,47.279415130615234,0.6803395748138428,47.21864318847656,0.0,0.0
2.091217,1162.792,-0.3270457426654261,-1.4200227896319788,1.2360868453979492,-1.3861287275897425,-1.570942227040426,2.738044500350952,0.0,0.0,-0.0,0.0,0.0,0.0,-0.3269999921321869,-1.4199999570846558,1.2359999418258667,-1.3860000371932983,-1.5709999799728394,2.73799991607666,0.0,0.0,0.0,0.0,0.0,0.0,0.02467346377670765,-1.083389401435852,-0.6161166429519653,-0.21820379793643951,0.0682586282491684,0.03245082125067711,-1.6247398572220953e-17,-1.0687898256887804,-1.1894663183301544,-0.4440940167833153,-5.2832411492621246e-05,0.0,-1.8685101751901281e-16,-12.025484868222945,-9.938868412204133,-1.879681580772009,-0.0002231161185564005,0.0,36.889984130859375,38.64998245239258,39.42998123168945,42.90998458862305,44.019981384277344,44.998817443847656,-0.34993300974204655,0.00016380301444240215,0.2243666847113585,-2.3029672099752023,2.130835704649439,0.0005591625823424108,0.0,0.0,0.0,0.0,0.0,0.0,0.0,0.0,0.0,0.0,0.0,0.0,3.0,7.0,1.0,1.0,2.0,1.0,0.24,0.0,0.24,1.0,nan,nan,nan,nan,nan,nan,0.433728,47.16400146484375,47.0880012512207,46.92100143432617,46.875999450683594,46.99700164794922,46.93600082397461,47.21864318847656,0.6803395748138428,47.21864318847656,0.0,0.0
2.099348,1162.8,-0.3270214239703577,-1.4200347105609339,1.2360868453979492,-1.3861168066607874,-1.570942227040426,2.738032579421997,0.0,0.0,-0.0,0.0,0.0,0.0,-0.3269999921321869,-1.4199999570846558,1.2359999418258667,-1.3860000371932983,-1.5709999799728394,2.73799991607666,0.0,0.0,0.0,0.0,0.0,0.0,0.0269165076315403,-1.0587159395217896,-0.6145915985107422,-0.20925185084342957,0.067139632999897,0.038045790046453476,-1.6247398572220953e-17,-1.0687898256887804,-1.1894663183301544,-0.4440940167833153,-5.2832411492621246e-05,0.0,-1.8685101751901281e-16,-12.025484868222945,-9.938868412204133,-1.879681580772009,-0.0002231161185564005,0.0,36.889984130859375,38.64998245239258,39.42998123168945,42.90998458862305,44.019981384277344,44.998817443847656,-0.34992985323713877,0.0001542247720042297,0.22436962173200217,-2.3030057763408296,2.1307940047019533,0.000559211895062998,0.0,0.0,0.0,0.0,0.0,0.0,0.0,0.0,0.0,0.0,0.0,0.0,3.0,7.0,1.0,1.0,2.0,1.0,0.24,0.0,0.24,1.0,nan,nan,nan,nan,nan,nan,0.434784,47.16400146484375,47.0880012512207,46.92100143432617,46.875999450683594,46.99700164794922,46.93600082397461,47.21864318847656,0.8235656023025513,47.21864318847656,0.0,0.0
2.107474,1162.808,-0.3269856611834925,-1.4200347105609339,1.2360386848449707,-1.386092487965719,-1.5709660688983362,2.738008499145508,0.0,0.0,-0.0,0.0,0.0,0.0,-0.3269999921321869,-1.4199999570846558,1.2359999418258667,-1.3860000371932983,-1.5709999799728394,2.73799991607666,0.0,0.0,0.0,0.0,0.0,0.0,0.02467346377670765,-1.1394654512405396,-0.6008661985397339,-0.204775869846344,0.067139632999897,0.04923573136329651,-1.6247398572220953e-17,-1.0687898256887804,-1.1894663183301544,-0.4440940167833153,-5.2832411492621246e-05,0.0,-1.8685101751901281e-16,-12.025484868222945,-9.938868412204133,-1.879681580772009,-0.0002231161185564005,0.0,36.889984130859375,38.64998245239258,39.42998123168945,42.90998458862305,44.019981384277344,44.998817443847656,-0.3499311903334918,0.0001473869597092873,0.22438177480400226,-2.303060549766388,2.1307170325446747,0.0006086857825121401,0.0,0.0,0.0,0.0,0.0,0.0,0.0,0.0,0.0,0.0,0.0,0.0,3.0,7.0,1.0,1.0,2.0,1.0,0.24,0.0,0.24,1.0,nan,nan,nan,nan,nan,nan,0.457668,47.16400146484375,47.0880012512207,46.92100143432617,46.875999450683594,46.99700164794922,46.93600082397461,47.21864318847656,0.6087239384651184,47.21864318847656,0.0,0.0
2.115592,1162.816,-0.327033821736471,-1.4200347105609339,1.2360506057739258,-1.386080567036764,-1.570942227040426,2.738032579421997,0.0,0.0,-0.0,0.0,0.0,0.0,-0.3269999921321869,-1.4199999570846558,1.2359999418258667,-1.3860000371932983,-1.5709999799728394,2.73799991607666,0.0,0.0,0.0,0.0,0.0,0.0,0.0314025916159153,-1.083389401435852,-0.602391242980957,-0.22827474772930145,0.0682586282491684,0.04364075884222984,-1.6247398572220953e-17,-1.0687898256887804,-1.1894663183301544,-0.4440940167833153,-5.2832411492621246e-05,0.0,-1.8685101751901281e-16,-12.025484868222945,-9.938868412204133,-1.879681580772009,-0.0002231161185564005,0.0,36.889984130859375,38.64998245239258,39.42998123168945,42.90998458862305,44.019981384277344,44.998817443847656,-0.3499285178926758,0.00015812598940057092,0.22437722505118618,-2.3029924173529146,2.130808395755524,0.000559193541061391,0.0,0.0,0.0,0.0,0.0,0.0,0.0,0.0,0.0,0.0,0.0,0.0,3.0,7.0,1.0,1.0,2.0,1.0,0.24,0.0,0.24,1.0,nan,nan,nan,nan,nan,nan,0.4368,47.16400146484375,47.0880012512207,46.92100143432617,46.875999450683594,46.99700164794922,46.93600082397461,47.21864318847656,0.5729187726974487,47.21864318847656,0.0,0.0
2.123734,1162.8239999999998,-0.327033821736471,-1.4200347105609339,1.2360506057739258,-1.3861048857318323,-1.5709903875934046,2.738044500350952,0.0,0.0,-0.0,0.0,0.0,0.0,-0.3269999921321869,-1.4199999570846558,1.2359999418258667,-1.3860000371932983,-1.5709999799728394,2.73799991607666,0.0,0.0,0.0,0.0,0.0,0.0,0.0269165076315403,-1.0766602754592896,-0.6115415096282959,-0.2215607762336731,0.07721057534217834,0.03692679852247238,-1.6247398572220953e-17,-1.0687898256887804,-1.1894663183301544,-0.4440940167833153,-5.2832411492621246e-05,0.0,-1.8685101751901281e-16,-12.025484868222945,-9.938868412204133,-1.879681580772009,-0.0002231161185564005,0.0,36.889984130859375,38.64998245239258,39.42998123168945,42.90998458862305,44.019981384277344,44.998817443847656,-0.3499301007345151,0.00016919194684959343,0.22437933363335316,-2.302954779310519,2.130798959563502,0.0006248973335659143,0.0,0.0,0.0,0.0,0.0,0.0,0.0,0.0,0.0,0.0,0.0,0.0,3.0,7.0,1.0,1.0,2.0,1.0,0.24,0.0,0.24,1.0,nan,nan,nan,nan,nan,nan,0.433008,47.16400146484375,47.0880012512207,46.92100143432617,46.875999450683594,46.99700164794922,46.93600082397461,47.21864318847656,1.1100281476974487,47.21864318847656,0.0,0.0
2.131861,1162.8319999999999,-0.327033821736471,-1.4200227896319788,1.2360749244689941,-1.386080567036764,-1.5709541479693812,2.738020658493042,0.0,0.0,-0.0,0.0,0.0,0.0,-0.3269999921321869,-1.4199999570846558,1.2359999418258667,-1.3860000371932983,-1.5709999799728394,2.73799991607666,0.0,0.0,0.0,0.0,0.0,0.0,0.02467346377670765,-1.1035767793655396,-0.623741865158081,-0.21372783184051514,0.07832957059144974,0.0335698164999485,-1.6247398572220953e-17,-1.0687898256887804,-1.1894663183301544,-0.4440940167833153,-5.2832411492621246e-05,0.0,-1.8685101751901281e-16,-12.025484868222945,-9.938868412204133,-1.879681580772009,-0.0002231161185564005,0.0,36.889984130859375,38.64998245239258,39.42998123168945,42.90998458862305,44.019981384277344,44.99893569946289,-0.3499246581797211,0.0001594359858349899,0.22436611004818477,-2.3029863414980927,2.13077719403151,0.0005148749575446157,0.0,0.0,0.0,0.0,0.0,0.0,0.0,0.0,0.0,0.0,0.0,0.0,3.0,7.0,1.0,1.0,2.0,1.0,0.24,0.0,0.24,1.0,nan,nan,nan,nan,nan,nan,0.427284,47.16400146484375,47.0880012512207,46.92100143432617,46.875999450683594,46.99700164794922,46.95199966430664,47.21864318847656,0.6087239384651184,47.21864318847656,0.0,0.0
2.139990,1162.84,-0.327033821736471,-1.420046631489889,1.2360625267028809,-1.386080567036764,-1.5709541479693812,2.7379965782165527,0.0,0.0,-0.0,0.0,0.0,0.0,-0.3269999921321869,-1.4199999570846558,1.2359999418258667,-1.3860000371932983,-1.5709999799728394,2.73799991607666,0.0,0.0,0.0,0.0,0.0,0.0,0.02467346377670765,-1.0811463594436646,-0.623741865158081,-0.2204417884349823,0.0839245393872261,0.03021283447742462,-1.6247398572220953e-17,-1.0687898256887804,-1.1894663183301544,-0.4440940167833153,-5.2832411492621246e-05,0.0,-1.8685101751901281e-16,-12.025484868222945,-9.938868412204133,-1.879681580772009,-0.0002231161185564005,0.0,36.889984130859375,38.64998245239258,39.42998123168945,42.90998458862305,44.019981384277344,44.99893569946289,-0.3499250046571475,0.00015954296528604916,0.22437767032693934,-2.3030227831062846,2.130759534953921,0.0005667162199877678,0.0,0.0,0.0,0.0,0.0,0.0,0.0,0.0,0.0,0.0,0.0,0.0,3.0,7.0,1.0,1.0,2.0,1.0,0.24,0.0,0.24,1.0,nan,nan,nan,nan,nan,nan,0.43030799999999997,47.16400146484375,47.0880012512207,46.93600082397461,46.875999450683594,46.99700164794922,46.95199966430664,47.21864318847656,0.6803395748138428,47.21864318847656,0.0,0.0
2.148121,1162.848,-0.32700950304140264,-1.4200347105609339,1.2360506057739258,-1.386092487965719,-1.5710023085223597,2.738044500350952,0.0,0.0,-0.0,0.0,0.0,0.0,-0.3269999921321869,-1.4199999570846558,1.2359999418258667,-1.3860000371932983,-1.5709999799728394,2.73799991607666,0.0,0.0,0.0,0.0,0.0,0.0,0.0291595496237278,-1.105819821357727,-0.6191667318344116,-0.20925185084342957,0.07049661129713058,0.021260883659124374,-1.6247398572220953e-17,-1.0687898256887804,-1.1894663183301544,-0.4440940167833153,-5.2832411492621246e-05,0.0,-1.8685101751901281e-16,-12.025484868222945,-9.938868412204133,-1.879681580772009,-0.0002231161185564005,0.0,36.889984130859375,38.64998245239258,39.42998123168945,42.90998458862305,44.019981384277344,44.99893569946289,-0.3499268764082894,0.00016220500466302063,0.22437828760265216,-2.3029689638137922,2.1307601564913177,0.000614858070793297,0.0,0.0,0.0,0.0,0.0,0.0,0.0,0.0,0.0,0.0,0.0,0.0,3.0,7.0,1.0,1.0,2.0,1.0,0.24,0.0,0.24,1.0,nan,nan,nan,nan,nan,nan,0.434232,47.16400146484375,47.0880012512207,46.93600082397461,46.875999450683594,46.99700164794922,46.95199966430664,47.21864318847656,0.7161448001861572,47.21864318847656,0.0,0.0
2.156241,1162.856,-0.32700950304140264,-1.420046631489889,1.2360386848449707,-1.3860686461078089,-1.5709903875934046,2.738008499145508,0.0,0.0,-0.0,0.0,0.0,0.0,-0.3269999921321869,-1.4199999570846558,1.2359999418258667,-1.3860000371932983,-1.5709999799728394,2.73799991607666,0.0,0.0,0.0,0.0,0.0,0.0,0.0291595496237278,-1.056472897529602,-0.613066554069519,-0.21820379793643951,0.07385359704494476,0.022379877045750618,-1.6247398572220953e-17,-1.0687898256887804,-1.1894663183301544,-0.4440940167833153,-5.2832411492621246e-05,0.0,-1.8685101751901281e-16,-12.025484868222945,-9.938868412204133,-1.879681580772009,-0.0002231161185564005,0.0,36.889984130859375,38.64998245239258,39.42998123168945,42.90998458862305,44.019981384277344,44.99893569946289,-0.3499240685471495,0.00015865127166382842,0.2243837161309316,-2.303015207974843,2.130726153773232,0.0006071243810633242,0.0,0.0,0.0,0.0,0.0,0.0,0.0,0.0,0.0,0.0,0.0,0.0,3.0,7.0,1.0,1.0,2.0,1.0,0.24,0.0,0.24,1.0,nan,nan,nan,nan,nan,nan,0.43224,47.16400146484375,47.0880012512207,46.93600082397461,46.875999450683594,46.99700164794922,46.95199966430664,47.21864318847656,0.7161448001861572,47.21864318847656,0.0,0.0
2.164358,1162.864,-0.3269856611834925,-1.4200108687030237,1.2360506057739258,-1.3861168066607874,-1.5709541479693812,2.738032579421997,0.0,0.0,-0.0,0.0,0.0,0.0,-0.3269999921321869,-1.4199999570846558,1.2359999418258667,-1.3860000371932983,-1.5709999799728394,2.73799991607666,0.0,0.0,0.0,0.0,0.0,0.0,0.0269165076315403,-1.137222409248352,-0.6252669095993042,-0.19582392275333405,0.06490164250135422,0.03021283447742462,-1.6247398572220953e-17,-1.0687898256887804,-1.1894663183301544,-0.4440940167833153,-5.2832411492621246e-05,0.0,-1.8685101751901281e-16,-12.025484868222945,-9.938868412204133,-1.879681580772009,-0.0002231161185564005,0.0,36.889984130859375,38.64998245239258,39.42998123168945,42.90998458862305,44.019981384277344,44.99893569946289,-0.34993649178121966,0.00014656996034174345,0.22437241590725177,-2.303039575040514,2.1307489100874375,0.0005847144367692568,0.0,0.0,0.0,0.0,0.0,0.0,0.0,0.0,0.0,0.0,0.0,0.0,3.0,7.0,1.0,1.0,2.0,1.0,0.24,0.0,0.24,1.0,nan,nan,nan,nan,nan,nan,0.43110000000000004,47.16400146484375,47.104000091552734,46.93600082397461,46.875999450683594,46.99700164794922,46.95199966430664,47.21864318847656,0.6803395748138428,47.21864318847656,0.0,0.0
2.172486,1162.8719999999998,-0.3270214239703577,-1.420046631489889,1.2360868453979492,-1.3860567251788538,-1.5709541479693812,2.738032579421997,0.0,0.0,-0.0,0.0,0.0,0.0,-0.3269999921321869,-1.4199999570846558,1.2359999418258667,-1.3860000371932983,-1.5709999799728394,2.73799991607666,0.0,0.0,0.0,0.0,0.0,0.0,0.02467346377670765,-1.105819821357727,-0.623741865158081,-0.21148984134197235,0.07273460179567337,0.034688808023929596,-1.6247398572220953e-17,-1.0687898256887804,-1.1894663183301544,-0.4440940167833153,-5.2832411492621246e-05,0.0,-1.8685101751901281e-16,-12.025484868222945,-9.938868412204133,-1.879681580772009,-0.0002231161185564005,0.0,36.889984130859375,38.64998245239258,39.42998123168945,42.90998458862305,44.019981384277344,44.99893569946289,-0.3499164346005092,0.00015231755337498566,0.22436846815160594,-2.3029832148847023,2.1307733839864293,0.0004978963243688941,0.0,0.0,0.0,0.0,0.0,0.0,0.0,0.0,0.0,0.0,0.0,0.0,3.0,7.0,1.0,1.0,2.0,1.0,0.24,0.0,0.24,1.0,nan,nan,nan,nan,nan,nan,0.428436,47.16400146484375,47.104000091552734,46.93600082397461,46.86000061035156,46.99700164794922,46.95199966430664,47.21864318847656,0.6803395748138428,47.21864318847656,0.0,0.0
2.180603,1162.8799999999999,-0.327033821736471,-1.4200704733477991,1.2360506057739258,-1.386092487965719,-1.5709779898272913,2.7380564212799072,0.0,0.0,-0.0,0.0,0.0,0.0,-0.3269999921321869,-1.4199999570846558,1.2359999418258667,-1.3860000371932983,-1.5709999799728394,2.73799991607666,0.0,0.0,0.0,0.0,0.0,0.0,0.02467346377670765,-1.1394654512405396,-0.602391242980957,-0.20589487254619598,0.07049661129713058,0.044759754091501236,-1.6247398572220953e-17,-1.0687898256887804,-1.1894663183301544,-0.4440940167833153,-5.2832411492621246e-05,0.0,-1.8685101751901281e-16,-12.025484868222945,-9.938868412204133,-1.879681580772009,-0.0002231161185564005,0.0,36.889984130859375,38.64998245239258,39.42998123168945,42.90998458862305,44.019981384277344,44.99893569946289,-0.3499260349256647,0.0001650944692618693,0.22439012392372143,-2.3029572999891883,2.1308268909839265,0.0006504812886773307,0.0,0.0,0.0,0.0,0.0,0.0,0.0,0.0,0.0,0.0,0.0,0.0,3.0,7.0,1.0,1.0,2.0,1.0,0.24,0.0,0.24,1.0,nan,nan,nan,nan,nan,nan,0.428568,47.16400146484375,47.104000091552734,46.93600082397461,46.86000061035156,46.99700164794922,46.95199966430664,47.21864318847656,0.7519552707672119,47.21864318847656,0.0,0.0
2.189169,1162.888,-0.327033821736471,-1.4200227896319788,1.2360506057739258,-1.386080567036764,-1.5709660688983362,2.738008499145508,0.0,0.0,-0.0,0.0,0.0,0.0,-0.3269999921321869,-1.4199999570846558,1.2359999418258667,-1.3860000371932983,-1.5709999799728394,2.73799991607666,0.0,0.0,0.0,0.0,0.0,0.0,0.02018737979233265,-1.1260071992874146,-0.6115415096282959,-0.2215607762336731,0.07832957059144974,0.02909383922815323,-1.6247398572220953e-17,-1.0687898256887804,-1.1894663183301544,-0.4440940167833153,-5.2832411492621246e-05,0.0,-1.8685101751901281e-16,-12.025484868222945,-9.938868412204133,-1.879681580772009,-0.0002231161185564005,0.0,36.889984130859375,38.64998245239258,39.42998123168945,42.90998458862305,44.019981384277344,44.99893569946289,-0.3499277522593359,0.00016309026285025584,0.22437329197652303,-2.302998541500433,2.1307625729709243,0.0005573064503530558,0.0,0.0,0.0,0.0,0.0,0.0,0.0,0.0,0.0,0.0,0.0,0.0,3.0,7.0,1.0,1.0,2.0,1.0,0.24,0.0,0.24,1.0,nan,nan,nan,nan,nan,nan,0.434784,47.16400146484375,47.104000091552734,46.93600082397461,46.86000061035156,46.99700164794922,46.95199966430664,47.21864318847656,0.8235656023025513,47.21864318847656,0.0,0.0
2.197332,1162.896,-0.3270457426654261,-1.4200704733477991,1.2360506057739258,-1.386080567036764,-1.5709541479693812,2.7379965782165527,0.0,0.0,-0.0,0.0,0.0,0.0,-0.3269999921321869,-1.4199999570846558,1.2359999418258667,-1.3860000371932983,-1.5709999799728394,2.73799991607666,0.0,0.0,0.0,0.0,0.0,0.0,0.02467346377670765,-1.047500729560852,-0.613066554069519,-0.20701386034488678,0.067139632999897,0.031331829726696014,-1.6247398572220953e-17,-1.0687898256887804,-1.1894663183301544,-0.4440940167833153,-5.2832411492621246e-05,0.0,-1.8685101751901281e-16,-12.025484868222945,-9.938868412204133,-1.879681580772009,-0.0002231161185564005,0.0,36.889984130859375,38.64998245239258,39.42998123168945,42.90998458862305,44.019981384277344,44.99893569946289,-0.34992527264202616,0.00016379551132866626,0.22438909004788382,-2.303020728295307,2.1307831991382833,0.0006179141286052465,0.0,0.0,0.0,0.0,0.0,0.0,0.0,0.0,0.0,0.0,0.0,0.0,3.0,7.0,1.0,1.0,2.0,1.0,0.24,0.0,0.24,1.0,nan,nan,nan,nan,nan,nan,0.432624,47.16400146484375,47.104000091552734,46.93600082397461,46.86000061035156,46.99700164794922,46.95199966430664,47.21864318847656,0.7161448001861572,47.21864318847656,0.0,0.0
2.205473,1162.904,-0.3270214239703577,-1.4200347105609339,1.2360506057739258,-1.3861048857318323,-1.5709541479693812,2.738020658493042,0.0,0.0,-0.0,0.0,0.0,0.0,-0.3269999921321869,-1.4199999570846558,1.2359999418258667,-1.3860000371932983,-1.5709999799728394,2.73799991607666,0.0,0.0,0.0,0.0,0.0,0.0,0.02243042178452015,-1.0632020235061646,-0.6206917762756348,-0.19358593225479126,0.0682586282491684,0.06937761604785919,-1.6247398572220953e-17,-1.0687898256887804,-1.1894663183301544,-0.4440940167833153,-5.2832411492621246e-05,0.0,-1.8685101751901281e-16,-12.025484868222945,-9.938868412204133,-1.879681580772009,-0.0002231161185564005,0.0,36.889984130859375,38.64998245239258,39.42998123168945,42.90998458862305,44.019981384277344,44.99904251098633,-0.34993250864022946,0.00015773518930423336,0.22437930489982344,-2.3030176731278176,2.130779696208316,0.0006016516906889787,0.0,0.0,0.0,0.0,0.0,0.0,0.0,0.0,0.0,0.0,0.0,0.0,3.0,7.0,1.0,1.0,2.0,1.0,0.24,0.0,0.24,1.0,nan,nan,nan,nan,nan,nan,0.42924,47.16400146484375,47.104000091552734,46.93600082397461,46.86000061035156,47.02799987792969,46.93600082397461,47.21864318847656,0.6445291042327881,47.21864318847656,0.0,0.0
2.213595,1162.912,-0.32699758211244756,-1.420058552418844,1.2360386848449707,-1.386045281087057,-1.5709903875934046,2.738020658493042,0.0,0.0,-0.0,0.0,0.0,0.0,-0.3269999921321869,-1.4199999570846558,1.2359999418258667,-1.3860000371932983,-1.5709999799728394,2.73799991607666,0.0,0.0,0.0,0.0,0.0,0.0,0.02243042178452015,-1.043014645576477,-0.6145915985107422,-0.2204417884349823,0.067139632999897,0.044759754091501236,-1.6247398572220953e-17,-1.0687898256887804,-1.1894663183301544,-0.4440940167833153,-5.2832411492621246e-05,0.0,-1.8685101751901281e-16,-12.025484868222945,-9.938868412204133,-1.879681580772009,-0.0002231161185564005,0.0,36.889984130859375,38.64998245239258,39.42998123168945,42.90998458862305,44.019981384277344,44.99904251098633,-0.3499186602898665,0.00015265584722994735,0.2243856787317399,-2.303011460422432,2.130723309271315,0.0005908250857229848,0.0,0.0,0.0,0.0,0.0,0.0,0.0,0.0,0.0,0.0,0.0,0.0,3.0,7.0,1.0,1.0,2.0,1.0,0.24,0.0,0.24,1.0,nan,nan,nan,nan,nan,nan,0.42918,47.14899826049805,47.104000091552734,46.95199966430664,46.86000061035156,47.02799987792969,46.93600082397461,47.21864318847656,0.6087239384651184,47.21864318847656,0.0,0.0
2.221723,1162.9199999999998,-0.3270214239703577,-1.4199984709369105,1.2360625267028809,-1.3860686461078089,-1.570942227040426,2.738032579421997,0.0,0.0,-0.0,0.0,0.0,0.0,-0.3269999921321869,-1.4199999570846558,1.2359999418258667,-1.3860000371932983,-1.5709999799728394,2.73799991607666,0.0,0.0,0.0,0.0,0.0,0.0,0.0269165076315403,-1.0721741914749146,-0.6267919540405273,-0.21260882914066315,0.06602063775062561,0.02909383922815323,-1.6247398572220953e-17,-1.0687898256887804,-1.1894663183301544,-0.4440940167833153,-5.2832411492621246e-05,0.0,-1.8685101751901281e-16,-12.025484868222945,-9.938868412204133,-1.879681580772009,-0.0002231161185564005,0.0,36.889984130859375,38.64998245239258,39.42998123168945,42.90998458862305,44.019981384277344,44.99904251098633,-0.34992675599100115,0.00015321148507678223,0.22436068061369746,-2.302987689614514,2.1307774572617175,0.00047316645270532946,0.0,0.0,0.0,0.0,0.0,0.0,0.0,0.0,0.0,0.0,0.0,0.0,3.0,7.0,1.0,1.0,2.0,1.0,0.24,0.0,0.24,1.0,nan,nan,nan,nan,nan,nan,0.427752,47.14899826049805,47.104000091552734,46.95199966430664,46.86000061035156,47.02799987792969,46.93600082397461,47.21864318847656,0.537108302116394,47.21864318847656,0.0,0.0
2.230257,1162.9279999999999,-0.32699758211244756,-1.4200227896319788,1.2360386848449707,-1.386080567036764,-1.5709903875934046,2.738020658493042,0.0,0.0,-0.0,0.0,0.0,0.0,-0.3269999921321869,-1.4199999570846558,1.2359999418258667,-1.3860000371932983,-1.5709999799728394,2.73799991607666,0.0,0.0,0.0,0.0,0.0,0.0,0.0269165076315403,-1.078903317451477,-0.6191667318344116,-0.20813286304473877,0.07273460179567337,0.03245082125067711,-1.6247398572220953e-17,-1.0687898256887804,-1.1894663183301544,-0.4440940167833153,-5.2832411492621246e-05,0.0,-1.8685101751901281e-16,-12.025484868222945,-9.938868412204133,-1.879681580772009,-0.0002231161185564005,0.0,36.889984130859375,38.64998245239258,39.42998123168945,42.90998458862305,44.019981384277344,44.99904251098633,-0.3499280482324688,0.00015582926971656935,0.22437682725934763,-2.303011452240168,2.1307230932766195,0.0005901127945784118,0.0,0.0,0.0,0.0,0.0,0.0,0.0,0.0,0.0,0.0,0.0,0.0,3.0,7.0,1.0,1.0,2.0,1.0,0.24,0.0,0.24,1.0,nan,nan,nan,nan,nan,nan,0.431004,47.14899826049805,47.104000091552734,46.95199966430664,46.86000061035156,47.02799987792969,46.93600082397461,47.21864318847656,0.7161448001861572,47.21864318847656,0.0,0.0
2.238404,1162.936,-0.3270457426654261,-1.420058552418844,1.2360868453979492,-1.3861048857318323,-1.570942227040426,2.738008499145508,0.0,0.0,-0.0,0.0,0.0,0.0,-0.3269999921321869,-1.4199999570846558,1.2359999418258667,-1.3860000371932983,-1.5709999799728394,2.73799991607666,0.0,0.0,0.0,0.0,0.0,0.0,0.02467346377670765,-1.132736325263977,-0.6222168207168579,-0.20701386034488678,0.06937761604785919,0.03580780327320099,-1.6247398572220953e-17,-1.0687898256887804,-1.1894663183301544,-0.4440940167833153,-5.2832411492621246e-05,0.0,-1.8685101751901281e-16,-12.025484868222945,-9.938868412204133,-1.879681580772009,-0.0002231161185564005,0.0,36.889984130859375,38.64998245239258,39.42998123168945,42.90998458862305,44.019981384277344,44.99904251098633,-0.34991877406477057,0.00016161437004669774,0.22436948294680048,-2.3029992500751924,2.130763206736873,0.0005147723549848474,0.0,0.0,0.0,0.0,0.0,0.0,0.0,0.0,0.0,0.0,0.0,0.0,3.0,7.0,1.0,1.0,2.0,1.0,0.24,0.0,0.24,1.0,nan,nan,nan,nan,nan,nan,0.43114800000000003,47.14899826049805,47.104000091552734,46.95199966430664,46.89099884033203,47.02799987792969,46.93600082397461,47.21864318847656,0.6087239384651184,47.21864318847656,0.0,0.0
2.246567,1162.952,-0.327033821736471,-1.4200227896319788,1.2360749244689941,-1.386092487965719,-1.5709779898272913,2.738032579421997,0.0,0.0,-0.0,0.0,0.0,0.0,-0.3269999921321869,-1.4199999570846558,1.2359999418258667,-1.3860000371932983,-1.5709999799728394,2.73799991607666,0.0,0.0,0.0,0.0,0.0,0.0,0.0291595496237278,-1.1080628633499146,-0.6252669095993042,-0.20925185084342957,0.07161560654640198,0.04364075884222984,-1.6247398572220953e-17,-1.0687898256887804,-1.1894663183301544,-0.4440940167833153,-5.2832411492621246e-05,0.0,-1.8685101751901281e-16,-12.025484868222945,-9.938868412204133,-1.879681580772009,-0.0002231161185564005,0.0,36.889984130859375,38.64998245239258,39.42998123168945,42.90998458862305,44.019981384277344,44.99904251098633,-0.3499254186058066,0.0001649064020526378,0.2243671437457253,-2.3029612616952857,2.1307794219557383,0.0005472519803167496,0.0,0.0,0.0,0.0,0.0,0.0,0.0,0.0,0.0,0.0,0.0,0.0,3.0,7.0,1.0,1.0,2.0,1.0,0.24,0.0,0.24,1.0,nan,nan,nan,nan,nan,nan,0.42986399999999997,47.14899826049805,47.104000091552734,46.95199966430664,46.89099884033203,47.02799987792969,46.93600082397461,47.21864318847656,0.6803395748138428,47.21864318847656,0.0,0.0
2.254700,1162.96,-0.327033821736471,-1.4200227896319788,1.2360749244689941,-1.386092487965719,-1.5709541479693812,2.738020658493042,0.0,0.0,-0.0,0.0,0.0,0.0,-0.3269999921321869,-1.4199999570846558,1.2359999418258667,-1.3860000371932983,-1.5709999799728394,2.73799991607666,0.0,0.0,0.0,0.0,0.0,0.0,0.02467346377670765,-1.083389401435852,-0.6191667318344116,-0.22267977893352509,0.07385359704494476,0.04923573136329651,-1.6247398572220953e-17,-1.0687898256887804,-1.1894663183301544,-0.4440940167833153,-5.2832411492621246e-05,0.0,-1.8685101751901281e-16,-12.025484868222945,-9.938868412204133,-1.879681580772009,-0.0002231161185564005,0.0,36.889984130859375,38.64998245239258,39.42998123168945,42.90998458862305,44.019981384277344,44.99904251098633,-0.34992700144957545,0.00016022325956917548,0.22436712487284743,-2.302989937394571,2.130780475701308,0.0005319443856634502,0.0,0.0,0.0,0.0,0.0,0.0,0.0,0.0,0.0,0.0,0.0,0.0,3.0,7.0,1.0,1.0,2.0,1.0,0.24,0.0,0.24,1.0,nan,nan,nan,nan,nan,nan,0.429696,47.14899826049805,47.104000091552734,46.95199966430664,46.89099884033203,47.02799987792969,46.93600082397461,47.21864318847656,0.7161448001861572,47.21864318847656,0.0,0.0
2.262827,1162.9679999999998,-0.32700950304140264,-1.4200227896319788,1.2360868453979492,-1.3860567251788538,-1.5709779898272913,2.738032579421997,0.0,0.0,-0.0,0.0,0.0,0.0,-0.3269999921321869,-1.4199999570846558,1.2359999418258667,-1.3860000371932983,-1.5709999799728394,2.73799991607666,0.0,0.0,0.0,0.0,0.0,0.0,0.0291595496237278,-1.096847653388977,-0.631367027759552,-0.21372783184051514,0.067139632999897,0.048116736114025116,-1.6247398572220953e-17,-1.0687898256887804,-1.1894663183301544,-0.4440940167833153,-5.2832411492621246e-05,0.0,-1.8685101751901281e-16,-12.025484868222945,-9.938868412204133,-1.879681580772009,-0.0002231161185564005,0.0,36.889984130859375,38.64998245239258,39.42998123168945,42.90998458862305,44.019981384277344,44.99904251098633,-0.34991648785496127,0.00015339154519544772,0.2243605835209207,-2.3029728386541946,2.130738255899746,0.0004790468019890246,0.0,0.0,0.0,0.0,0.0,0.0,0.0,0.0,0.0,0.0,0.0,0.0,3.0,7.0,1.0,1.0,2.0,1.0,0.24,0.0,0.24,1.0,nan,nan,nan,nan,nan,nan,0.426336,47.14899826049805,47.104000091552734,46.95199966430664,46.89099884033203,47.02799987792969,46.93600082397461,47.21864318847656,0.6087239384651184,47.21864318847656,0.0,0.0
2.270951,1162.9759999999999,-0.3269856611834925,-1.420058552418844,1.2360749244689941,-1.3860567251788538,-1.5709903875934046,2.738044500350952,0.0,0.0,-0.0,0.0,0.0,0.0,-0.3269999921321869,-1.4199999570846558,1.2359999418258667,-1.3860000371932983,-1.5709999799728394,2.73799991607666,0.0,0.0,0.0,0.0,0.0,0.0,0.0269165076315403,-1.083389401435852,-0.6206917762756348,-0.20029990375041962,0.07273460179567337,0.07049661129713058,-1.6247398572220953e-17,-1.0687898256887804,-1.1894663183301544,-0.4440940167833153,-5.2832411492621246e-05,0.0,-1.8685101751901281e-16,-12.025484868222945,-9.938868412204133,-1.879681580772009,-0.0002231161185564005,0.0,36.889984130859375,38.64998245239258,39.42998123168945,42.90998458862305,44.019981384277344,44.99913787841797,-0.3499151217264189,0.00014728436466579064,0.22437596453277553,-2.302991434734342,2.1307300978092876,0.0005554153480319322,0.0,0.0,0.0,0.0,0.0,0.0,0.0,0.0,0.0,0.0,0.0,0.0,3.0,7.0,1.0,1.0,2.0,1.0,0.24,0.0,0.24,1.0,nan,nan,nan,nan,nan,nan,0.4293,47.14899826049805,47.104000091552734,46.95199966430664,46.89099884033203,46.981998443603516,46.95199966430664,47.21864318847656,0.7161448001861572,47.21864318847656,0.0,0.0
2.279080,1162.984,-0.327033821736471,-1.4200108687030237,1.2360386848449707,-1.386080567036764,-1.5709903875934046,2.738008499145508,0.0,0.0,-0.0,0.0,0.0,0.0,-0.3269999921321869,-1.4199999570846558,1.2359999418258667,-1.3860000371932983,-1.5709999799728394,2.73799991607666,0.0,0.0,0.0,0.0,0.0,0.0,0.0314025916159153,-1.1080628633499146,-0.6191667318344116,-0.20925185084342957,0.07385359704494476,0.038045790046453476,-1.6247398572220953e-17,-1.0687898256887804,-1.1894663183301544,-0.4440940167833153,-5.2832411492621246e-05,0.0,-1.8685101751901281e-16,-12.025484868222945,-9.938868412204133,-1.879681580772009,-0.0002231161185564005,0.0,36.889984130859375,38.64998245239258,39.42998123168945,42.90998458862305,44.019981384277344,44.99913787841797,-0.34992885956179165,0.000168791660036275,0.22437287533625794,-2.3029822410216445,2.1307475056592162,0.0005728777618408943,0.0,0.0,0.0,0.0,0.0,0.0,0.0,0.0,0.0,0.0,0.0,0.0,3.0,7.0,1.0,1.0,2.0,1.0,0.24,0.0,0.24,1.0,nan,nan,nan,nan,nan,nan,0.431856,47.16400146484375,47.104000091552734,46.95199966430664,46.89099884033203,46.981998443603516,46.95199966430664,47.21864318847656,0.7161448001861572,47.21864318847656,0.0,0.0
2.287198,1162.992,-0.327033821736471,-1.4200347105609339,1.2360506057739258,-1.386080567036764,-1.5709660688983362,2.7379729747772217,0.0,0.0,-0.0,0.0,0.0,0.0,-0.3269999921321869,-1.4199999570846558,1.2359999418258667,-1.3860000371932983,-1.5709999799728394,2.73799991607666,0.0,0.0,0.0,0.0,0.0,0.0,0.0314025916159153,-1.096847653388977,-0.6176416873931885,-0.20813286304473877,0.06378264725208282,0.04923573136329651,-1.6247398572220953e-17,-1.0687898256887804,-1.1894663183301544,-0.4440940167833153,-5.2832411492621246e-05,0.0,-1.8685101751901281e-16,-12.025484868222945,-9.938868412204133,-1.879681580772009,-0.0002231161185564005,0.0,36.889984130859375,38.64998245239258,39.42998123168945,42.90998458862305,44.019981384277344,44.99913787841797,-0.34992693504825956,0.0001628091319017273,0.22437724386528518,-2.3030399338430985,2.1307249716540624,0.0005742721224339153,0.0,0.0,0.0,0.0,0.0,0.0,0.0,0.0,0.0,0.0,0.0,0.0,3.0,7.0,1.0,1.0,2.0,1.0,0.24,0.0,0.24,1.0,nan,nan,nan,nan,nan,nan,0.4269,47.16400146484375,47.104000091552734,46.95199966430664,46.89099884033203,46.981998443603516,46.95199966430664,47.21864318847656,0.6803395748138428,47.21864318847656,0.0,0.0
2.295328,1163.0,-0.3270214239703577,-1.420046631489889,1.2360386848449707,-1.386092487965719,-1.5709779898272913,2.738032579421997,0.0,0.0,-0.0,0.0,0.0,0.0,-0.3269999921321869,-1.4199999570846558,1.2359999418258667,-1.3860000371932983,-1.5709999799728394,2.73799991607666,0.0,0.0,0.0,0.0,0.0,0.0,0.0358886756002903,-1.105819821357727,-0.6298419833183289,-0.21372783184051514,0.0682586282491684,0.017903901636600494,-1.6247398572220953e-17,-1.0687898256887804,-1.1894663183301544,-0.4440940167833153,-5.2832411492621246e-05,0.0,-1.8685101751901281e-16,-12.025484868222945,-9.938868412204133,-1.879681580772009,-0.0002231161185564005,0.0,36.889984130859375,38.64998245239258,39.42998123168945,42.90998458862305,44.019981384277344,44.99913787841797,-0.3499295761351443,0.00016196190159337918,0.22438573618718047,-2.3029923541760797,2.1307818602408157,0.0006333624392703787,0.0,0.0,0.0,0.0,0.0,0.0,0.0,0.0,0.0,0.0,0.0,0.0,3.0,7.0,1.0,1.0,2.0,1.0,0.24,0.0,0.24,1.0,nan,nan,nan,nan,nan,nan,0.42660000000000003,47.16400146484375,47.104000091552734,46.95199966430664,46.89099884033203,46.981998443603516,46.95199966430664,47.21864318847656,0.6087239384651184,47.21864318847656,0.0,0.0
2.303450,1163.008,-0.32700950304140264,-1.420058552418844,1.2360506057739258,-1.386080567036764,-1.5709541479693812,2.738020658493042,0.0,0.0,-0.0,0.0,0.0,0.0,-0.3269999921321869,-1.4199999570846558,1.2359999418258667,-1.3860000371932983,-1.5709999799728394,2.73799991607666,0.0,0.0,0.0,0.0,0.0,0.0,0.02243042178452015,-1.0990906953811646,-0.6344171166419983,-0.20589487254619598,0.07609158009290695,0.027974845841526985,-1.6247398572220953e-17,-1.0687898256887804,-1.1894663183301544,-0.4440940167833153,-5.2832411492621246e-05,0.0,-1.8685101751901281e-16,-12.025484868222945,-9.938868412204133,-1.879681580772009,-0.0002231161185564005,0.0,36.889984130859375,38.64998245239258,39.42998123168945,42.90998458862305,44.019981384277344,44.99913787841797,-0.3499260956998279,0.0001513955073265612,0.22438513819006045,-2.303030140937931,2.130765895888714,0.0006010265509903537,0.0,0.0,0.0,0.0,0.0,0.0,0.0,0.0,0.0,0.0,0.0,0.0,3.0,7.0,1.0,1.0,2.0,1.0,0.24,0.0,0.24,1.0,nan,nan,nan,nan,nan,nan,0.45663600000000004,47.16400146484375,47.073001861572266,46.95199966430664,46.89099884033203,46.981998443603516,46.95199966430664,47.21864318847656,0.7519552707672119,47.21864318847656,0.0,0.0
2.311573,1163.0159999999998,-0.3270214239703577,-1.4200347105609339,1.2360625267028809,-1.386092487965719,-1.5709660688983362,2.738032579421997,0.0,0.0,-0.0,0.0,0.0,0.0,-0.3269999921321869,-1.4199999570846558,1.2359999418258667,-1.3860000371932983,-1.5709999799728394,2.73799991607666,0.0,0.0,0.0,0.0,0.0,0.0,0.02467346377670765,-1.0901185274124146,-0.6359421610832214,-0.20813286304473877,0.09063850343227386,0.044759754091501236,-1.6247398572220953e-17,-1.0687898256887804,-1.1894663183301544,-0.4440940167833153,-5.2832411492621246e-05,0.0,-1.8685101751901281e-16,-12.025484868222945,-9.938868412204133,-1.879681580772009,-0.0002231161185564005,0.0,36.889984130859375,38.64998245239258,39.42998123168945,42.90998458862305,44.019981384277344,44.99913787841797,-0.3499273756908096,0.00015861461716723622,0.22437474277900715,-2.302989699350074,2.1307793013156706,0.0005744956377674222,0.0,0.0,0.0,0.0,0.0,0.0,0.0,0.0,0.0,0.0,0.0,0.0,3.0,7.0,1.0,1.0,2.0,1.0,0.24,0.0,0.24,1.0,nan,nan,nan,nan,nan,nan,0.43474799999999997,47.16400146484375,47.073001861572266,46.95199966430664,46.845001220703125,46.981998443603516,46.95199966430664,47.21864318847656,0.6445291042327881,47.21864318847656,0.0,0.0
2.319696,1163.024,-0.3270214239703577,-1.420046631489889,1.2360267639160156,-1.386092487965719,-1.5709541479693812,2.7379965782165527,0.0,0.0,-0.0,0.0,0.0,0.0,-0.3269999921321869,-1.4199999570846558,1.2359999418258667,-1.3860000371932983,-1.5709999799728394,2.73799991607666,0.0,0.0,0.0,0.0,0.0,0.0,0.0291595496237278,-1.060958981513977,-0.6298419833183289,-0.2215607762336731,0.06490164250135422,0.0503547228872776,-1.6247398572220953e-17,-1.0687898256887804,-1.1894663183301544,-0.4440940167833153,-5.2832411492621246e-05,0.0,-1.8685101751901281e-16,-12.025484868222945,-9.938868412204133,-1.879681580772009,-0.0002231161185564005,0.0,36.889984130859375,38.64998245239258,39.42998123168945,42.90998458862305,44.019981384277344,44.99913787841797,-0.3499330633965657,0.0001579221347036024,0.22438923338646255,-2.3030502286081793,2.1307585003554506,0.0006350554823230326,0.0,0.0,0.0,0.0,0.0,0.0,0.0,0.0,0.0,0.0,0.0,0.0,3.0,7.0,1.0,1.0,2.0,1.0,0.24,0.0,0.24,1.0,nan,nan,nan,nan,nan,nan,0.435156,47.16400146484375,47.073001861572266,46.95199966430664,46.845001220703125,46.981998443603516,46.95199966430664,47.21864318847656,0.7519552707672119,47.21864318847656,0.0,0.0
2.327823,1163.032,-0.32699758211244756,-1.420046631489889,1.2360267639160156,-1.3861048857318323,-1.5709660688983362,2.738020658493042,0.0,0.0,-0.0,0.0,0.0,0.0,-0.3269999921321869,-1.4199999570846558,1.2359999418258667,-1.3860000371932983,-1.5709999799728394,2.73799991607666,0.0,0.0,0.0,0.0,0.0,0.0,0.0314025916159153,-1.074417233467102,-0.6298419833183289,-0.21596580743789673,0.07049661129713058,0.044759754091501236,-1.6247398572220953e-17,-1.0687898256887804,-1.1894663183301544,-0.4440940167833153,-5.2832411492621246e-05,0.0,-1.8685101751901281e-16,-12.025484868222945,-9.938868412204133,-1.879681580772009,-0.0002231161185564005,0.0,36.889984130859375,38.64998245239258,39.42998123168945,42.90998458862305,44.019981384277344,44.99913787841797,-0.3499347126709452,0.00015273932771326667,0.2243902984423068,-2.30304573191661,2.1307548036462007,0.0006605948021766662,0.0,0.0,0.0,0.0,0.0,0.0,0.0,0.0,0.0,0.0,0.0,0.0,3.0,7.0,1.0,1.0,2.0,1.0,0.24,0.0,0.24,1.0,nan,nan,nan,nan,nan,nan,0.430152,47.16400146484375,47.073001861572266,46.95199966430664,46.845001220703125,46.981998443603516,46.95199966430664,47.21864318847656,0.6445291042327881,47.21864318847656,0.0,0.0
2.335949,1163.04,-0.327033821736471,-1.420046631489889,1.2360987663269043,-1.386092487965719,-1.570942227040426,2.738020658493042,0.0,0.0,-0.0,0.0,0.0,0.0,-0.3269999921321869,-1.4199999570846558,1.2359999418258667,-1.3860000371932983,-1.5709999799728394,2.73799991607666,0.0,0.0,0.0,0.0,0.0,0.0,0.0314025916159153,-1.105819821357727,-0.6389922499656677,-0.20589487254619598,0.07944856584072113,0.017903901636600494,-1.6247398572220953e-17,-1.0687898256887804,-1.1894663183301544,-0.4440940167833153,-5.2832411492621246e-05,0.0,-1.8685101751901281e-16,-12.025484868222945,-9.938868412204133,-1.879681580772009,-0.0002231161185564005,0.0,36.889984130859375,38.64998245239258,39.42998123168945,42.90998458862305,44.019981384277344,44.99913787841797,-0.3499223492497962,0.00015603249912641968,0.22436798728172375,-2.302997933240516,2.1307878464550125,0.0005243154755587817,0.0,0.0,0.0,0.0,0.0,0.0,0.0,0.0,0.0,0.0,0.0,0.0,3.0,7.0,1.0,1.0,2.0,1.0,0.24,0.0,0.24,1.0,nan,nan,nan,nan,nan,nan,0.43249200000000004,47.16400146484375,47.073001861572266,46.95199966430664,46.845001220703125,46.981998443603516,46.95199966430664,47.21864318847656,0.537108302116394,47.21864318847656,0.0,0.0
2.344071,1163.048,-0.32705766359438115,-1.420046631489889,1.2360386848449707,-1.3860686461078089,-1.5709779898272913,2.738020658493042,0.0,0.0,-0.0,0.0,0.0,0.0,-0.3269999921321869,-1.4199999570846558,1.2359999418258667,-1.3860000371932983,-1.5709999799728394,2.73799991607666,0.0,0.0,0.0,0.0,0.0,0.0,0.0291595496237278,-1.0676881074905396,-0.6450924277305603,-0.2193228006362915,0.08168654888868332,0.0335698164999485,-1.6247398572220953e-17,-1.0687898256887804,-1.1894663183301544,-0.4440940167833153,-5.2832411492621246e-05,0.0,-1.8685101751901281e-16,-12.025484868222945,-9.938868412204133,-1.879681580772009,-0.0002231161185564005,0.0,36.889984130859375,38.64998245239258,39.42998123168945,42.90998458862305,44.019981384277344,44.99922561645508,-0.3499248836377863,0.0001730685939556077,0.22438370627031973,-2.3029592474953064,2.1308032934966965,0.0005990690995829207,0.0,0.0,0.0,0.0,0.0,0.0,0.0,0.0,0.0,0.0,0.0,0.0,3.0,7.0,1.0,1.0,2.0,1.0,0.24,0.0,0.24,1.0,nan,nan,nan,nan,nan,nan,0.43278,47.16400146484375,47.073001861572266,46.95199966430664,46.845001220703125,46.99700164794922,46.92100143432617,47.21864318847656,0.6445291042327881,47.21864318847656,0.0,0.0
2.352173,1163.056,-0.327033821736471,-1.420046631489889,1.2360386848449707,-1.3860686461078089,-1.5709903875934046,2.7379491329193115,0.0,0.0,-0.0,0.0,0.0,0.0,-0.3269999921321869,-1.4199999570846558,1.2359999418258667,-1.3860000371932983,-1.5709999799728394,2.73799991607666,0.0,0.0,0.0,0.0,0.0,0.0,0.0314025916159153,-1.038528561592102,-0.6298419833183289,-0.21372783184051514,0.07385359704494476,0.054830700159072876,-1.6247398572220953e-17,-1.0687898256887804,-1.1894663183301544,-0.4440940167833153,-5.2832411492621246e-05,0.0,-1.8685101751901281e-16,-12.025484868222945,-9.938868412204133,-1.879681580772009,-0.0002231161185564005,0.0,36.889984130859375,38.64998245239258,39.42998123168945,42.90998458862305,44.019981384277344,44.99922561645508,-0.34992406458548947,0.0001671609683186108,0.2243837161309316,-2.3030525341209493,2.130685784988166,0.0006068553900758024,0.0,0.0,0.0,0.0,0.0,0.0,0.0,0.0,0.0,0.0,0.0,0.0,3.0,7.0,1.0,1.0,2.0,1.0,0.24,0.0,0.24,1.0,nan,nan,nan,nan,nan,nan,0.43081200000000003,47.14899826049805,47.073001861572266,46.92100143432617,46.845001220703125,46.99700164794922,46.92100143432617,47.21864318847656,1.0384125709533691,47.21864318847656,0.0,0.0
2.360336,1163.0639999999999,-0.32700950304140264,-1.4200108687030237,1.2360868453979492,-1.3861048857318323,-1.5709779898272913,2.7379965782165527,0.0,0.0,-0.0,0.0,0.0,0.0,-0.3269999921321869,-1.4199999570846558,1.2359999418258667,-1.3860000371932983,-1.5709999799728394,2.73799991607666,0.0,0.0,0.0,0.0,0.0,0.0,0.02467346377670765,-1.0766602754592896,-0.6298419833183289,-0.21820379793643951,0.07273460179567337,0.048116736114025116,-1.6247398572220953e-17,-1.0687898256887804,-1.1894663183301544,-0.4440940167833153,-5.2832411492621246e-05,0.0,-1.8685101751901281e-16,-12.025484868222945,-9.938868412204133,-1.879681580772009,-0.0002231161185564005,0.0,36.889984130859375,38.64998245239258,39.42998123168945,42.90998458862305,44.019981384277344,44.99922561645508,-0.34992677188698995,0.00015685298738778397,0.22436073134994197,-2.3030221655807783,2.130706745416202,0.0005308110502780465,0.0,0.0,0.0,0.0,0.0,0.0,0.0,0.0,0.0,0.0,0.0,0.0,3.0,7.0,1.0,1.0,2.0,1.0,0.24,0.0,0.24,1.0,nan,nan,nan,nan,nan,nan,0.429936,47.14899826049805,47.073001861572266,46.92100143432617,46.845001220703125,46.99700164794922,46.92100143432617,47.21864318847656,0.8951812386512756,47.21864318847656,0.0,0.0
2.368468,1163.072,-0.32706958452333623,-1.420058552418844,1.2360386848449707,-1.386080567036764,-1.570942227040426,2.738032579421997,0.0,0.0,-0.0,0.0,0.0,0.0,-0.3269999921321869,-1.4199999570846558,1.2359999418258667,-1.3860000371932983,-1.5709999799728394,2.73799991607666,0.0,0.0,0.0,0.0,0.0,0.0,0.0314025916159153,-1.092361569404602,-0.6374672055244446,-0.20701386034488678,0.067139632999897,0.012308932840824127,-1.6247398572220953e-17,-1.0687898256887804,-1.1894663183301544,-0.4440940167833153,-5.2832411492621246e-05,0.0,-1.8685101751901281e-16,-12.025484868222945,-9.938868412204133,-1.879681580772009,-0.0002231161185564005,0.0,36.889984130859375,38.64998245239258,39.42998123168945,42.90998458862305,44.019981384277344,44.99922561645508,-0.34992878193369914,0.00017072153306907373,0.22438864484058835,-2.3029649577865334,2.1308595107004575,0.0006103156501621738,0.0,0.0,0.0,0.0,0.0,0.0,0.0,0.0,0.0,0.0,0.0,0.0,3.0,7.0,1.0,1.0,2.0,1.0,0.24,0.0,0.24,1.0,nan,nan,nan,nan,nan,nan,0.42624,47.14899826049805,47.073001861572266,46.92100143432617,46.845001220703125,46.99700164794922,46.92100143432617,47.21864318847656,0.6803395748138428,47.21864318847656,0.0,0.0
2.376585,1163.08,-0.3269737402545374,-1.4200347105609339,1.2360868453979492,-1.3861048857318323,-1.570942227040426,2.738044500350952,0.0,0.0,-0.0,0.0,0.0,0.0,-0.3269999921321869,-1.4199999570846558,1.2359999418258667,-1.3860000371932983,-1.5709999799728394,2.73799991607666,0.0,0.0,0.0,0.0,0.0,0.0,0.0269165076315403,-1.1035767793655396,-0.6267919540405273,-0.21596580743789673,0.07049661129713058,0.04028377681970596,-1.6247398572220953e-17,-1.0687898256887804,-1.1894663183301544,-0.4440940167833153,-5.2832411492621246e-05,0.0,-1.8685101751901281e-16,-12.025484868222945,-9.938868412204133,-1.879681580772009,-0.0002231161185564005,0.0,36.889984130859375,38.64998245239258,39.42998123168945,42.90998458862305,44.019981384277344,44.99922561645508,-0.3499275168994964,0.00013675169127539837,0.22436860684721635,-2.3030402890554686,2.130749548870558,0.0005423323923230272,0.0,0.0,0.0,0.0,0.0,0.0,0.0,0.0,0.0,0.0,0.0,0.0,3.0,7.0,1.0,1.0,2.0,1.0,0.24,0.0,0.24,1.0,nan,nan,nan,nan,nan,nan,0.42991199999999996,47.14899826049805,47.05799865722656,46.92100143432617,46.845001220703125,46.99700164794922,46.92100143432617,47.21864318847656,0.7161448001861572,47.21864318847656,0.0,0.0
2.384701,1163.088,-0.3269856611834925,-1.420046631489889,1.2360386848449707,-1.386080567036764,-1.5709660688983362,2.738032579421997,0.0,0.0,-0.0,0.0,0.0,0.0,-0.3269999921321869,-1.4199999570846558,1.2359999418258667,-1.3860000371932983,-1.5709999799728394,2.73799991607666,0.0,0.0,0.0,0.0,0.0,0.0,0.0314025916159153,-1.105819821357727,-0.6084914207458496,-0.2036568820476532,0.06490164250135422,0.041402772068977356,-1.6247398572220953e-17,-1.0687898256887804,-1.1894663183301544,-0.4440940167833153,-5.2832411492621246e-05,0.0,-1.8685101751901281e-16,-12.025484868222945,-9.938868412204133,-1.879681580772009,-0.0002231161185564005,0.0,36.889984130859375,38.64998245239258,39.42998123168945,42.90998458862305,44.019981384277344,44.99922561645508,-0.3499280297630847,0.00014631869431513267,0.22438471176272157,-2.3030348536759693,2.1307447929619747,0.0006087725142976725,0.0,0.0,0.0,0.0,0.0,0.0,0.0,0.0,0.0,0.0,0.0,0.0,3.0,7.0,1.0,1.0,2.0,1.0,0.24,0.0,0.24,1.0,nan,nan,nan,nan,nan,nan,0.429576,47.14899826049805,47.05799865722656,46.92100143432617,46.89099884033203,46.99700164794922,46.92100143432617,47.21864318847656,0.7161448001861572,47.21864318847656,0.0,0.0
2.392859,1163.096,-0.327033821736471,-1.4200347105609339,1.2360625267028809,-1.386092487965719,-1.570942227040426,2.738020658493042,0.0,0.0,-0.0,0.0,0.0,0.0,-0.3269999921321869,-1.4199999570846558,1.2359999418258667,-1.3860000371932983,-1.5709999799728394,2.73799991607666,0.0,0.0,0.0,0.0,0.0,0.0,0.0314025916159153,-1.101333737373352,-0.6481425166130066,-0.20813286304473877,0.06937761604785919,0.05818767845630646,-1.6247398572220953e-17,-1.0687898256887804,-1.1894663183301544,-0.4440940167833153,-5.2832411492621246e-05,0.0,-1.8685101751901281e-16,-12.025484868222945,-9.938868412204133,-1.879681580772009,-0.0002231161185564005,0.0,36.889984130859375,38.64998245239258,39.42998123168945,42.90998458862305,44.019981384277344,44.99922561645508,-0.34992895654170175,0.00015826979235121372,0.2243747239649619,-2.303005165307005,2.130794629043002,0.0005591486429424629,0.0,0.0,0.0,0.0,0.0,0.0,0.0,0.0,0.0,0.0,0.0,0.0,3.0,7.0,1.0,1.0,2.0,1.0,0.24,0.0,0.24,1.0,nan,nan,nan,nan,nan,nan,0.430212,47.14899826049805,47.05799865722656,46.92100143432617,46.89099884033203,46.99700164794922,46.92100143432617,47.21864318847656,0.6445291042327881,47.21864318847656,0.0,0.0
2.401029,1163.104,-0.32699758211244756,-1.4200227896319788,1.2360506057739258,-1.386092487965719,-1.5709541479693812,2.7379965782165527,0.0,0.0,-0.0,0.0,0.0,0.0,-0.3269999921321869,-1.4199999570846558,1.2359999418258667,-1.3860000371932983,-1.5709999799728394,2.73799991607666,0.0,0.0,0.0,0.0,0.0,0.0,0.02467346377670765,-1.051986813545227,-0.613066554069519,-0.21037083864212036,0.07273460179567337,0.05930667370557785,-1.6247398572220953e-17,-1.0687898256887804,-1.1894663183301544,-0.4440940167833153,-5.2832411492621246e-05,0.0,-1.8685101751901281e-16,-12.025484868222945,-9.938868412204133,-1.879681580772009,-0.0002231161185564005,0.0,36.889984130859375,38.64998245239258,39.42998123168945,42.90998458862305,44.019981384277344,44.99922561645508,-0.3499308925521374,0.00014885459352280146,0.2243742974395483,-2.3030614379681746,2.130717790545143,0.0005668191673049903,0.0,0.0,0.0,0.0,0.0,0.0,0.0,0.0,0.0,0.0,0.0,0.0,3.0,7.0,1.0,1.0,2.0,1.0,0.24,0.0,0.24,1.0,nan,nan,nan,nan,nan,nan,0.429072,47.14899826049805,47.05799865722656,46.92100143432617,46.89099884033203,46.99700164794922,46.92100143432617,47.21864318847656,0.6087239384651184,47.21864318847656,0.0,0.0
2.409183,1163.1119999999999,-0.327033821736471,-1.4200347105609339,1.2360749244689941,-1.3861287275897425,-1.5709541479693812,2.738032579421997,0.0,0.0,-0.0,0.0,0.0,0.0,-0.3269999921321869,-1.4199999570846558,1.2359999418258667,-1.3860000371932983,-1.5709999799728394,2.73799991607666,0.0,0.0,0.0,0.0,0.0,0.0,0.0269165076315403,-1.114791989326477,-0.6054413318634033,-0.19694292545318604,0.06602063775062561,0.04364075884222984,-1.6247398572220953e-17,-1.0687898256887804,-1.1894663183301544,-0.4440940167833153,-5.2832411492621246e-05,0.0,-1.8685101751901281e-16,-12.025484868222945,-9.938868412204133,-1.879681580772009,-0.0002231161185564005,0.0,36.889984130859375,38.64998245239258,39.42998123168945,42.90998458862305,44.019981384277344,44.99922561645508,-0.3499333077434742,0.00016233542803669116,0.22437416207967176,-2.302991720017598,2.1308074897284452,0.00060095321758248,0.0,0.0,0.0,0.0,0.0,0.0,0.0,0.0,0.0,0.0,0.0,0.0,3.0,7.0,1.0,1.0,2.0,1.0,0.24,0.0,0.24,1.0,nan,nan,nan,nan,nan,nan,0.430824,47.14899826049805,47.05799865722656,46.92100143432617,46.89099884033203,46.99700164794922,46.92100143432617,47.21864318847656,0.7877604365348816,47.21864318847656,0.0,0.0
2.417304,1163.12,-0.3270457426654261,-1.420046631489889,1.2360506057739258,-1.386092487965719,-1.570930306111471,2.738032579421997,0.0,0.0,-0.0,0.0,0.0,0.0,-0.3269999921321869,-1.4199999570846558,1.2359999418258667,-1.3860000371932983,-1.5709999799728394,2.73799991607666,0.0,0.0,0.0,0.0,0.0,0.0,0.0269165076315403,-1.0452576875686646,-0.6054413318634033,-0.21037083864212036,0.06937761604785919,0.027974845841526985,-1.6247398572220953e-17,-1.0687898256887804,-1.1894663183301544,-0.4440940167833153,-5.2832411492621246e-05,0.0,-1.8685101751901281e-16,-12.025484868222945,-9.938868412204133,-1.879681580772009,-0.0002231161185564005,0.0,36.889984130859375,38.64998245239258,39.42998123168945,42.90998458862305,44.019981384277344,44.99930191040039,-0.3499308333951087,0.00016046203051892636,0.2243821825104354,-2.3029948500987136,2.1308361030965277,0.0005856701918328288,0.0,0.0,0.0,0.0,0.0,0.0,0.0,0.0,0.0,0.0,0.0,0.0,3.0,7.0,1.0,1.0,2.0,1.0,0.24,0.0,0.24,1.0,nan,nan,nan,nan,nan,nan,0.42738,47.14899826049805,47.05799865722656,46.92100143432617,46.89099884033203,46.99700164794922,46.93600082397461,47.21864318847656,0.537108302116394,47.21864318847656,0.0,0.0
2.425481,1163.128,-0.3269856611834925,-1.420046631489889,1.2360749244689941,-1.386080567036764,-1.5709779898272913,2.738044500350952,0.0,0.0,-0.0,0.0,0.0,0.0,-0.3269999921321869,-1.4199999570846558,1.2359999418258667,-1.3860000371932983,-1.5709999799728394,2.73799991607666,0.0,0.0,0.0,0.0,0.0,0.0,0.02467346377670765,-1.043014645576477,-0.6252669095993042,-0.22939373552799225,0.06937761604785919,0.0335698164999485,-1.6247398572220953e-17,-1.0687898256887804,-1.1894663183301544,-0.4440940167833153,-5.2832411492621246e-05,0.0,-1.8685101751901281e-16,-12.025484868222945,-9.938868412204133,-1.879681580772009,-0.0002231161185564005,0.0,36.889984130859375,38.64998245239258,39.42998123168945,42.90998458862305,44.019981384277344,44.99930191040039,-0.34992144850212864,0.00014670449582368213,0.22437403259058075,-2.303003383822302,2.130741037892606,0.0005645340581681209,0.0,0.0,0.0,0.0,0.0,0.0,0.0,0.0,0.0,0.0,0.0,0.0,3.0,7.0,1.0,1.0,2.0,1.0,0.24,0.0,0.24,1.0,nan,nan,nan,nan,nan,nan,0.427512,47.18000030517578,47.05799865722656,46.92100143432617,46.89099884033203,46.99700164794922,46.93600082397461,47.21864318847656,0.6803395748138428,47.21864318847656,0.0,0.0
2.433598,1163.136,-0.327033821736471,-1.4200347105609339,1.2360868453979492,-1.386092487965719,-1.5709779898272913,2.738020658493042,0.0,0.0,-0.0,0.0,0.0,0.0,-0.3269999921321869,-1.4199999570846558,1.2359999418258667,-1.3860000371932983,-1.5709999799728394,2.73799991607666,0.0,0.0,0.0,0.0,0.0,0.0,0.0269165076315403,-1.078903317451477,-0.6161166429519653,-0.21260882914066315,0.06602063775062561,0.04364075884222984,-1.6247398572220953e-17,-1.0687898256887804,-1.1894663183301544,-0.4440940167833153,-5.2832411492621246e-05,0.0,-1.8685101751901281e-16,-12.025484868222945,-9.938868412204133,-1.879681580772009,-0.0002231161185564005,0.0,36.889984130859375,38.64998245239258,39.42998123168945,42.90998458862305,44.019981384277344,44.99930191040039,-0.3499226967974479,0.0001639818083549155,0.2243675796634513,-2.3029739642948037,2.130765683700516,0.0005472165265392021,0.0,0.0,0.0,0.0,0.0,0.0,0.0,0.0,0.0,0.0,0.0,0.0,3.0,7.0,1.0,1.0,2.0,1.0,0.24,0.0,0.24,1.0,nan,nan,nan,nan,nan,nan,0.4317,47.18000030517578,47.05799865722656,46.92100143432617,46.89099884033203,46.99700164794922,46.93600082397461,47.21864318847656,0.6445291042327881,47.21864318847656,0.0,0.0
2.441713,1163.144,-0.32700950304140264,-1.4200108687030237,1.2360386848449707,-1.3861048857318323,-1.5709660688983362,2.738044500350952,0.0,0.0,-0.0,0.0,0.0,0.0,-0.3269999921321869,-1.4199999570846558,1.2359999418258667,-1.3860000371932983,-1.5709999799728394,2.73799991607666,0.0,0.0,0.0,0.0,0.0,0.0,0.02467346377670765,-1.1080628633499146,-0.613066554069519,-0.20029990375041962,0.07609158009290695,0.04587874934077263,-1.6247398572220953e-17,-1.0687898256887804,-1.1894663183301544,-0.4440940167833153,-5.2832411492621246e-05,0.0,-1.8685101751901281e-16,-12.025484868222945,-9.938868412204133,-1.879681580772009,-0.0002231161185564005,0.0,36.889984130859375,38.64998245239258,39.42998123168945,42.90998458862305,44.019981384277344,44.99930191040039,-0.3499352581976388,0.00015711090435590214,0.22437492642072965,-2.3029934346959893,2.1307827374284973,0.0005923182904486368,0.0,0.0,0.0,0.0,0.0,0.0,0.0,0.0,0.0,0.0,0.0,0.0,3.0,7.0,1.0,1.0,2.0,1.0,0.24,0.0,0.24,1.0,nan,nan,nan,nan,nan,nan,0.429144,47.18000030517578,47.05799865722656,46.92100143432617,46.89099884033203,46.99700164794922,46.93600082397461,47.21864318847656,0.6087239384651184,47.21864318847656,0.0,0.0
2.449831,1163.152,-0.32699758211244756,-1.4199984709369105,1.2360386848449707,-1.386092487965719,-1.5709903875934046,2.738020658493042,0.0,0.0,-0.0,0.0,0.0,0.0,-0.3269999921321869,-1.4199999570846558,1.2359999418258667,-1.3860000371932983,-1.5709999799728394,2.73799991607666,0.0,0.0,0.0,0.0,0.0,0.0,0.02467346377670765,-1.0676881074905396,-0.6206917762756348,-0.21037083864212036,0.07721057534217834,0.031331829726696014,-1.6247398572220953e-17,-1.0687898256887804,-1.1894663183301544,-0.4440940167833153,-5.2832411492621246e-05,0.0,-1.8685101751901281e-16,-12.025484868222945,-9.938868412204133,-1.879681580772009,-0.0002231161185564005,0.0,36.889984130859375,38.64998245239258,39.42998123168945,42.90998458862305,44.019981384277344,44.99930191040039,-0.34993205859369214,0.00015718988229894025,0.2243697801794217,-2.3030078050116716,2.1307196226208243,0.0005723406958614175,0.0,0.0,0.0,0.0,0.0,0.0,0.0,0.0,0.0,0.0,0.0,0.0,3.0,7.0,1.0,1.0,2.0,1.0,0.24,0.0,0.24,1.0,nan,nan,nan,nan,nan,nan,0.43135199999999996,47.18000030517578,47.0880012512207,46.92100143432617,46.89099884033203,46.99700164794922,46.93600082397461,47.21864318847656,0.6087239384651184,47.21864318847656,0.0,0.0
2.457979,1163.1599999999999,-0.3270214239703577,-1.420046631489889,1.2360625267028809,-1.3861287275897425,-1.5709541479693812,2.738032579421997,0.0,0.0,-0.0,0.0,0.0,0.0,-0.3269999921321869,-1.4199999570846558,1.2359999418258667,-1.3860000371932983,-1.5709999799728394,2.73799991607666,0.0,0.0,0.0,0.0,0.0,0.0,0.0314025916159153,-1.060958981513977,-0.642042338848114,-0.21148984134197235,0.07721057534217834,0.048116736114025116,-1.6247398572220953e-17,-1.0687898256887804,-1.1894663183301544,-0.4440940167833153,-5.2832411492621246e-05,0.0,-1.8685101751901281e-16,-12.025484868222945,-9.938868412204133,-1.879681580772009,-0.0002231161185564005,0.0,36.889984130859375,38.64998245239258,39.42998123168945,42.90998458862305,44.019981384277344,44.99930191040039,-0.34993447324702825,0.00015838507302362082,0.22438177076144555,-2.3030121692778467,2.1307999774939685,0.0006358318083226896,0.0,0.0,0.0,0.0,0.0,0.0,0.0,0.0,0.0,0.0,0.0,0.0,3.0,7.0,1.0,1.0,2.0,1.0,0.24,0.0,0.24,1.0,nan,nan,nan,nan,nan,nan,0.430536,47.18000030517578,47.0880012512207,46.92100143432617,46.89099884033203,46.99700164794922,46.93600082397461,47.21864318847656,0.9309917092323303,47.21864318847656,0.0,0.0
2.466095,1163.168,-0.3269856611834925,-1.420046631489889,1.2360625267028809,-1.3861168066607874,-1.5709903875934046,2.738044500350952,0.0,0.0,-0.0,0.0,0.0,0.0,-0.3269999921321869,-1.4199999570846558,1.2359999418258667,-1.3860000371932983,-1.5709999799728394,2.73799991607666,0.0,0.0,0.0,0.0,0.0,0.0,0.02243042178452015,-1.065445065498352,-0.6374672055244446,-0.21820379793643951,0.07161560654640198,0.044759754091501236,-1.6247398572220953e-17,-1.0687898256887804,-1.1894663183301544,-0.4440940167833153,-5.2832411492621246e-05,0.0,-1.8685101751901281e-16,-12.025484868222945,-9.938868412204133,-1.879681580772009,-0.0002231161185564005,0.0,36.889984130859375,38.64998245239258,39.42998123168945,42.90998458862305,44.019981384277344,44.99930191040039,-0.3499297298689408,0.00015220179603605286,0.22438078449115673,-2.303009695170934,2.13074678129468,0.0006421241201625874,0.0,0.0,0.0,0.0,0.0,0.0,0.0,0.0,0.0,0.0,0.0,0.0,3.0,7.0,1.0,1.0,2.0,1.0,0.24,0.0,0.24,1.0,nan,nan,nan,nan,nan,nan,0.42703199999999997,47.18000030517578,47.0880012512207,46.92100143432617,46.89099884033203,46.99700164794922,46.93600082397461,47.21864318847656,0.6087239384651184,47.21864318847656,0.0,0.0
2.474218,1163.176,-0.32699758211244756,-1.420046631489889,1.2360749244689941,-1.3861048857318323,-1.5709779898272913,2.738044500350952,0.0,0.0,-0.0,0.0,0.0,0.0,-0.3269999921321869,-1.4199999570846558,1.2359999418258667,-1.3860000371932983,-1.5709999799728394,2.73799991607666,0.0,0.0,0.0,0.0,0.0,0.0,0.0314025916159153,-1.056472897529602,-0.5978161692619324,-0.21596580743789673,0.07721057534217834,0.054830700159072876,-1.6247398572220953e-17,-1.0687898256887804,-1.1894663183301544,-0.4440940167833153,-5.2832411492621246e-05,0.0,-1.8685101751901281e-16,-12.025484868222945,-9.938868412204133,-1.879681580772009,-0.0002231161185564005,0.0,36.889984130859375,38.64998245239258,39.42998123168945,42.90998458862305,44.019981384277344,44.99930191040039,-0.34992622699827536,0.00015248172950930636,0.22437610298434754,-2.302998017380618,2.1307614582793724,0.0005993169996206293,0.0,0.0,0.0,0.0,0.0,0.0,0.0,0.0,0.0,0.0,0.0,0.0,3.0,7.0,1.0,1.0,2.0,1.0,0.24,0.0,0.24,1.0,nan,nan,nan,nan,nan,nan,0.430968,47.18000030517578,47.0880012512207,46.92100143432617,46.89099884033203,46.99700164794922,46.93600082397461,47.21864318847656,0.7161448001861572,47.21864318847656,0.0,0.0
2.482346,1163.184,-0.3270214239703577,-1.4200227896319788,1.2360625267028809,-1.386092487965719,-1.5709660688983362,2.7379729747772217,0.0,0.0,-0.0,0.0,0.0,0.0,-0.3269999921321869,-1.4199999570846558,1.2359999418258667,-1.3860000371932983,-1.5709999799728394,2.73799991607666,0.0,0.0,0.0,0.0,0.0,0.0,0.0269165076315403,-1.0676881074905396,-0.6344171166419983,-0.20029990375041962,0.067139632999897,0.041402772068977356,-1.6247398572220953e-17,-1.0687898256887804,-1.1894663183301544,-0.4440940167833153,-5.2832411492621246e-05,0.0,-1.8685101751901281e-16,-12.025484868222945,-9.938868412204133,-1.879681580772009,-0.0002231161185564005,0.0,36.889984130859375,38.64998245239258,39.42998123168945,42.90998458862305,44.019981384277344,44.99930191040039,-0.3499281928771217,0.00015889572842960124,0.2243707908847426,-2.303049642119497,2.130707348943251,0.0005572253955530263,0.0,0.0,0.0,0.0,0.0,0.0,0.0,0.0,0.0,0.0,0.0,0.0,3.0,7.0,1.0,1.0,2.0,1.0,0.24,0.0,0.24,1.0,nan,nan,nan,nan,nan,nan,0.42842399999999997,47.18000030517578,47.0880012512207,46.92100143432617,46.89099884033203,46.99700164794922,46.93600082397461,47.21864318847656,0.6803395748138428,47.21864318847656,0.0,0.0
2.490461,1163.192,-0.3270214239703577,-1.420046631489889,1.2360749244689941,-1.386092487965719,-1.570942227040426,2.738020658493042,0.0,0.0,-0.0,0.0,0.0,0.0,-0.3269999921321869,-1.4199999570846558,1.2359999418258667,-1.3860000371932983,-1.5709999799728394,2.73799991607666,0.0,0.0,0.0,0.0,0.0,0.0,0.0291595496237278,-1.043014645576477,-0.6283169388771057,-0.22379876673221588,0.08168654888868332,0.03916478529572487,-1.6247398572220953e-17,-1.0687898256887804,-1.1894663183301544,-0.4440940167833153,-5.2832411492621246e-05,0.0,-1.8685101751901281e-16,-12.025484868222945,-9.938868412204133,-1.879681580772009,-0.0002231161185564005,0.0,36.889984130859375,38.64998245239258,39.42998123168945,42.90998458862305,44.019981384277344,45.000370025634766,-0.34992616046759645,0.00015298115561888866,0.22437501920886624,-2.3030182372743524,2.130780211554438,0.0005585079489671406,0.0,0.0,0.0,0.0,0.0,0.0,0.0,0.0,0.0,0.0,0.0,0.0,3.0,7.0,1.0,1.0,2.0,1.0,0.24,0.0,0.24,1.0,nan,nan,nan,nan,nan,nan,0.443784,47.18000030517578,47.0880012512207,46.92100143432617,46.89099884033203,46.99700164794922,46.95199966430664,47.279415130615234,0.7519552707672119,47.21864318847656,0.0,0.0
2.498599,1163.2,-0.32700950304140264,-1.4200704733477991,1.2360148429870605,-1.3861048857318323,-1.5709541479693812,2.738020658493042,0.0,0.0,-0.0,0.0,0.0,0.0,-0.3269999921321869,-1.4199999570846558,1.2359999418258667,-1.3860000371932983,-1.5709999799728394,2.73799991607666,0.0,0.0,0.0,0.0,0.0,0.0,0.02467346377670765,-1.0587159395217896,-0.6344171166419983,-0.21148984134197235,0.07161560654640198,0.04587874934077263,-1.6247398572220953e-17,-1.0687898256887804,-1.1894663183301544,-0.4440940167833153,-5.2832411492621246e-05,0.0,-1.8685101751901281e-16,-12.025484868222945,-9.938868412204133,-1.879681580772009,-0.0002231161185564005,0.0,36.889984130859375,38.64998245239258,39.42998123168945,42.90998458862305,44.019981384277344,45.000370025634766,-0.3499357716780839,0.00015465024423563675,0.22440170913743074,-2.303051665827878,2.1307858578059977,0.000704158426756803,0.0,0.0,0.0,0.0,0.0,0.0,0.0,0.0,0.0,0.0,0.0,0.0,3.0,7.0,1.0,1.0,2.0,1.0,0.24,0.0,0.24,1.0,nan,nan,nan,nan,nan,nan,0.439716,47.16400146484375,47.0880012512207,46.93600082397461,46.89099884033203,46.99700164794922,46.95199966430664,47.21864318847656,0.7161448001861572,47.21864318847656,0.0,0.0
2.506725,1163.2079999999999,-0.327033821736471,-1.420058552418844,1.2360625267028809,-1.386080567036764,-1.5709660688983362,2.7379729747772217,0.0,0.0,-0.0,0.0,0.0,0.0,-0.3269999921321869,-1.4199999570846558,1.2359999418258667,-1.3860000371932983,-1.5709999799728394,2.73799991607666,0.0,0.0,0.0,0.0,0.0,0.0,0.02467346377670765,-1.0676881074905396,-0.6069663763046265,-0.19694292545318604,0.067139632999897,0.048116736114025116,-1.6247398572220953e-17,-1.0687898256887804,-1.1894663183301544,-0.4440940167833153,-5.2832411492621246e-05,0.0,-1.8685101751901281e-16,-12.025484868222945,-9.938868412204133,-1.879681580772009,-0.0002231161185564005,0.0,36.889984130859375,38.64998245239258,39.42998123168945,42.90998458862305,44.019981384277344,45.000370025634766,-0.34992339597436556,0.0001616033887166245,0.2243816315929246,-2.3030434878264714,2.1307282710743674,0.000591354582052752,0.0,0.0,0.0,0.0,0.0,0.0,0.0,0.0,0.0,0.0,0.0,0.0,3.0,7.0,1.0,1.0,2.0,1.0,0.24,0.0,0.24,1.0,nan,nan,nan,nan,nan,nan,0.459048,47.16400146484375,47.0880012512207,46.93600082397461,46.89099884033203,46.99700164794922,46.95199966430664,47.21864318847656,0.6087239384651184,47.21864318847656,0.0,0.0
2.514855,1163.216,-0.32700950304140264,-1.4200108687030237,1.2360749244689941,-1.386092487965719,-1.5709660688983362,2.738020658493042,0.0,0.0,-0.0,0.0,0.0,0.0,-0.3269999921321869,-1.4199999570846558,1.2359999418258667,-1.3860000371932983,-1.5709999799728394,2.73799991607666,0.0,0.0,0.0,0.0,0.0,0.0,0.0291595496237278,-1.025070309638977,-0.6435673832893372,-0.20589487254619598,0.07944856584072113,0.02349887043237686,-1.6247398572220953e-17,-1.0687898256887804,-1.1894663183301544,-0.4440940167833153,-5.2832411492621246e-05,0.0,-1.8685101751901281e-16,-12.025484868222945,-9.938868412204133,-1.879681580772009,-0.0002231161185564005,0.0,36.889984130859375,38.64998245239258,39.42998123168945,42.90998458862305,44.019981384277344,45.000370025634766,-0.3499270309813092,0.000154336154515717,0.22436318241491296,-2.3030043099761968,2.130741774659047,0.0005225779305051319,0.0,0.0,0.0,0.0,0.0,0.0,0.0,0.0,0.0,0.0,0.0,0.0,3.0,7.0,1.0,1.0,2.0,1.0,0.24,0.0,0.24,1.0,nan,nan,nan,nan,nan,nan,0.43457999999999997,47.16400146484375,47.0880012512207,46.93600082397461,46.89099884033203,46.99700164794922,46.95199966430664,47.21864318847656,0.7161448001861572,47.21864318847656,0.0,0.0
2.522974,1163.224,-0.3270457426654261,-1.4200347105609339,1.2360749244689941,-1.3860686461078089,-1.5709660688983362,2.7380564212799072,0.0,0.0,-0.0,0.0,0.0,0.0,-0.3269999921321869,-1.4199999570846558,1.2359999418258667,-1.3860000371932983,-1.5709999799728394,2.73799991607666,0.0,0.0,0.0,0.0,0.0,0.0,0.02243042178452015,-1.047500729560852,-0.6008661985397339,-0.19470493495464325,0.07273460179567337,0.038045790046453476,-1.6247398572220953e-17,-1.0687898256887804,-1.1894663183301544,-0.4440940167833153,-5.2832411492621246e-05,0.0,-1.8685101751901281e-16,-12.025484868222945,-9.938868412204133,-1.879681580772009,-0.0002231161185564005,0.0,36.889984130859375,38.64998245239258,39.42998123168945,42.90998458862305,44.019981384277344,45.000370025634766,-0.34992070441718937,0.0001648805596733347,0.22436905648511704,-2.3029275087222674,2.130824740633394,0.0005225960820878585,0.0,0.0,0.0,0.0,0.0,0.0,0.0,0.0,0.0,0.0,0.0,0.0,3.0,7.0,1.0,1.0,2.0,1.0,0.24,0.0,0.24,1.0,nan,nan,nan,nan,nan,nan,0.43543200000000004,47.16400146484375,47.073001861572266,46.93600082397461,46.89099884033203,46.99700164794922,46.95199966430664,47.21864318847656,0.6803395748138428,47.21864318847656,0.0,0.0
2.531129,1163.232,-0.3269737402545374,-1.4200227896319788,1.2360868453979492,-1.3861048857318323,-1.5709660688983362,2.7380564212799072,0.0,0.0,-0.0,0.0,0.0,0.0,-0.3269999921321869,-1.4199999570846558,1.2359999418258667,-1.3860000371932983,-1.5709999799728394,2.73799991607666,0.0,0.0,0.0,0.0,0.0,0.0,0.0269165076315403,-1.0317994356155396,-0.6252669095993042,-0.20701386034488678,0.07721057534217834,0.034688808023929596,-1.6247398572220953e-17,-1.0687898256887804,-1.1894663183301544,-0.4440940167833153,-5.2832411492621246e-05,0.0,-1.8685101751901281e-16,-12.025484868222945,-9.938868412204133,-1.879681580772009,-0.0002231161185564005,0.0,36.889984130859375,38.64998245239258,39.42998123168945,42.90998458862305,44.019981384277344,45.000370025634766,-0.34992675146768937,0.00014171597805760273,0.2243646737851484,-2.3030080624802123,2.1307451859473865,0.0005405623638461368,0.0,0.0,0.0,0.0,0.0,0.0,0.0,0.0,0.0,0.0,0.0,0.0,3.0,7.0,1.0,1.0,2.0,1.0,0.24,0.0,0.24,1.0,nan,nan,nan,nan,nan,nan,0.432696,47.16400146484375,47.073001861572266,46.93600082397461,46.86000061035156,46.99700164794922,46.95199966430664,47.21864318847656,0.7519552707672119,47.21864318847656,0.0,0.0
2.539317,1163.24,-0.3270214239703577,-1.4200227896319788,1.2360749244689941,-1.386092487965719,-1.5709660688983362,2.7380800247192383,0.0,0.0,-0.0,0.0,0.0,0.0,-0.3269999921321869,-1.4199999570846558,1.2359999418258667,-1.3860000371932983,-1.5709999799728394,2.73799991607666,0.0,0.0,0.0,0.0,0.0,0.0,0.0291595496237278,-1.025070309638977,-0.623741865158081,-0.21596580743789673,0.07609158009290695,0.07273460179567337,-1.6247398572220953e-17,-1.0687898256887804,-1.1894663183301544,-0.4440940167833153,-5.2832411492621246e-05,0.0,-1.8685101751901281e-16,-12.025484868222945,-9.938868412204133,-1.879681580772009,-0.0002231161185564005,0.0,36.889984130859375,38.64998245239258,39.42998123168945,42.90998458862305,44.019981384277344,45.000370025634766,-0.34992621201618773,0.0001582265274953835,0.2243671342945539,-2.302931917819559,2.1308271762798356,0.0005398092875933779,0.0,0.0,0.0,0.0,0.0,0.0,0.0,0.0,0.0,0.0,0.0,0.0,3.0,7.0,1.0,1.0,2.0,1.0,0.24,0.0,0.24,1.0,nan,nan,nan,nan,nan,nan,0.432744,47.16400146484375,47.073001861572266,46.93600082397461,46.86000061035156,46.99700164794922,46.95199966430664,47.21864318847656,0.8235656023025513,47.21864318847656,0.0,0.0
2.547440,1163.248,-0.32705766359438115,-1.420046631489889,1.2360749244689941,-1.3861048857318323,-1.5709903875934046,2.7379846572875977,0.0,0.0,-0.0,0.0,0.0,0.0,-0.3269999921321869,-1.4199999570846558,1.2359999418258667,-1.3860000371932983,-1.5709999799728394,2.73799991607666,0.0,0.0,0.0,0.0,0.0,0.0,0.0314025916159153,-1.0856324434280396,-0.6206917762756348,-0.20813286304473877,0.06378264725208282,0.03692679852247238,-1.6247398572220953e-17,-1.0687898256887804,-1.1894663183301544,-0.4440940167833153,-5.2832411492621246e-05,0.0,-1.8685101751901281e-16,-12.025484868222945,-9.938868412204133,-1.879681580772009,-0.0002231161185564005,0.0,36.889984130859375,38.64998245239258,39.42998123168945,42.90998458862305,44.019981384277344,45.000370025634766,-0.34992539406845485,0.0001759410297588866,0.2243761128448745,-2.3029894381543095,2.1307540308204116,0.0006068718331576666,0.0,0.0,0.0,0.0,0.0,0.0,0.0,0.0,0.0,0.0,0.0,0.0,3.0,7.0,1.0,1.0,2.0,1.0,0.24,0.0,0.24,1.0,nan,nan,nan,nan,nan,nan,0.433104,47.16400146484375,47.073001861572266,46.93600082397461,46.86000061035156,46.99700164794922,46.95199966430664,47.21864318847656,0.6803395748138428,47.21864318847656,0.0,0.0
2.555567,1163.2559999999999,-0.327033821736471,-1.420046631489889,1.2360386848449707,-1.386080567036764,-1.5709903875934046,2.738044500350952,0.0,0.0,-0.0,0.0,0.0,0.0,-0.3269999921321869,-1.4199999570846558,1.2359999418258667,-1.3860000371932983,-1.5709999799728394,2.73799991607666,0.0,0.0,0.0,0.0,0.0,0.0,0.0269165076315403,-1.0901185274124146,-0.631367027759552,-0.21148984134197235,0.07609158009290695,0.04587874934077263,-1.6247398572220953e-17,-1.0687898256887804,-1.1894663183301544,-0.4440940167833153,-5.2832411492621246e-05,0.0,-1.8685101751901281e-16,-12.025484868222945,-9.938868412204133,-1.879681580772009,-0.0002231161185564005,0.0,36.889984130859375,38.64998245239258,39.42998123168945,42.90998458862305,44.019981384277344,45.000370025634766,-0.34992640780904166,0.00016794822636486523,0.22438473107461948,-2.30295454134057,2.1307988948668695,0.0006242313402626069,0.0,0.0,0.0,0.0,0.0,0.0,0.0,0.0,0.0,0.0,0.0,0.0,3.0,7.0,1.0,1.0,2.0,1.0,0.24,0.0,0.24,1.0,nan,nan,nan,nan,nan,nan,0.430008,47.16400146484375,47.073001861572266,46.93600082397461,46.86000061035156,46.99700164794922,46.95199966430664,47.21864318847656,0.7161448001861572,47.15787124633789,0.0,0.0
2.563724,1163.264,-0.32700950304140264,-1.4200108687030237,1.2360625267028809,-1.3861287275897425,-1.5709660688983362,2.738032579421997,0.0,0.0,-0.0,0.0,0.0,0.0,-0.3269999921321869,-1.4199999570846558,1.2359999418258667,-1.3860000371932983,-1.5709999799728394,2.73799991607666,0.0,0.0,0.0,0.0,0.0,0.0,0.0291595496237278,-1.114791989326477,-0.613066554069519,-0.19806191325187683,0.06602063775062561,0.06266365945339203,-1.6247398572220953e-17,-1.0687898256887804,-1.1894663183301544,-0.4440940167833153,-5.2832411492621246e-05,0.0,-1.8685101751901281e-16,-12.025484868222945,-9.938868412204133,-1.879681580772009,-0.0002231161185564005,0.0,36.889984130859375,38.64998245239258,39.42998123168945,42.90998458862305,44.019981384277344,45.00233459472656,-0.34993613541846635,0.00015739845995135787,0.22436992423166596,-2.303006231346868,2.1307689322946834,0.0005922662906265114,0.0,0.0,0.0,0.0,0.0,0.0,0.0,0.0,0.0,0.0,0.0,0.0,3.0,7.0,1.0,1.0,2.0,1.0,0.24,0.0,0.24,1.0,nan,nan,nan,nan,nan,nan,0.42730799999999997,47.16400146484375,47.073001861572266,46.93600082397461,46.86000061035156,46.981998443603516,46.90599822998047,47.21864318847656,0.9309917092323303,47.21864318847656,0.0,0.0
2.571812,1163.272,-0.3270214239703577,-1.4200108687030237,1.2360625267028809,-1.3860686461078089,-1.5709903875934046,2.7379729747772217,0.0,0.0,-0.0,0.0,0.0,0.0,-0.3269999921321869,-1.4199999570846558,1.2359999418258667,-1.3860000371932983,-1.5709999799728394,2.73799991607666,0.0,0.0,0.0,0.0,0.0,0.0,0.0291595496237278,-1.0811463594436646,-0.6206917762756348,-0.21820379793643951,0.07721057534217834,0.02685585245490074,-1.6247398572220953e-17,-1.0687898256887804,-1.1894663183301544,-0.4440940167833153,-5.2832411492621246e-05,0.0,-1.8685101751901281e-16,-12.025484868222945,-9.938868412204133,-1.879681580772009,-0.0002231161185564005,0.0,36.889984130859375,38.64998245239258,39.42998123168945,42.90998458862305,44.019981384277344,45.00233459472656,-0.349922709007762,0.00016237915674087146,0.2243648286696378,-2.303022603549245,2.130682398834832,0.0005215810953722802,0.0,0.0,0.0,0.0,0.0,0.0,0.0,0.0,0.0,0.0,0.0,0.0,3.0,7.0,1.0,1.0,2.0,1.0,0.24,0.0,0.24,1.0,nan,nan,nan,nan,nan,nan,0.431784,47.14899826049805,47.073001861572266,46.95199966430664,46.86000061035156,46.981998443603516,46.90599822998047,47.21864318847656,0.6803395748138428,47.21864318847656,0.0,0.0
2.579939,1163.28,-0.32700950304140264,-1.420046631489889,1.2360625267028809,-1.3861406485186976,-1.5709660688983362,2.738032579421997,0.0,0.0,-0.0,0.0,0.0,0.0,-0.3269999921321869,-1.4199999570846558,1.2359999418258667,-1.3860000371932983,-1.5709999799728394,2.73799991607666,0.0,0.0,0.0,0.0,0.0,0.0,0.0336456336081028,-1.096847653388977,-0.623741865158081,-0.22379876673221588,0.07385359704494476,0.0335698164999485,-1.6247398572220953e-17,-1.0687898256887804,-1.1894663183301544,-0.4440940167833153,-5.2832411492621246e-05,0.0,-1.8685101751901281e-16,-12.025484868222945,-9.938868412204133,-1.879681580772009,-0.0002231161185564005,0.0,36.889984130859375,38.64998245239258,39.42998123168945,42.90998458862305,44.019981384277344,45.00233459472656,-0.34993602695307113,0.00015734230832998723,0.22438279521648993,-2.303020478001934,2.1307821429439904,0.0006605739665111915,0.0,0.0,0.0,0.0,0.0,0.0,0.0,0.0,0.0,0.0,0.0,0.0,3.0,7.0,1.0,1.0,2.0,1.0,0.24,0.0,0.24,1.0,nan,nan,nan,nan,nan,nan,0.431856,47.14899826049805,47.073001861572266,46.95199966430664,46.86000061035156,46.981998443603516,46.90599822998047,47.21864318847656,0.6803395748138428,47.21864318847656,0.0,0.0
2.588058,1163.288,-0.32700950304140264,-1.4200704733477991,1.2360506057739258,-1.3860567251788538,-1.5709779898272913,2.738044500350952,0.0,0.0,-0.0,0.0,0.0,0.0,-0.3269999921321869,-1.4199999570846558,1.2359999418258667,-1.3860000371932983,-1.5709999799728394,2.73799991607666,0.0,0.0,0.0,0.0,0.0,0.0,0.0291595496237278,-1.1260071992874146,-0.6115415096282959,-0.2025378942489624,0.06490164250135422,0.04028377681970596,-1.6247398572220953e-17,-1.0687898256887804,-1.1894663183301544,-0.4440940167833153,-5.2832411492621246e-05,0.0,-1.8685101751901281e-16,-12.025484868222945,-9.938868412204133,-1.879681580772009,-0.0002231161185564005,0.0,36.889984130859375,38.64998245239258,39.42998123168945,42.90998458862305,44.019981384277344,45.00233459472656,-0.3499190091432884,0.00015422313332984049,0.22438707900422913,-2.3029851250756117,2.1307753183162266,0.0005993126364202172,0.0,0.0,0.0,0.0,0.0,0.0,0.0,0.0,0.0,0.0,0.0,0.0,3.0,7.0,1.0,1.0,2.0,1.0,0.24,0.0,0.24,1.0,nan,nan,nan,nan,nan,nan,0.42926400000000003,47.14899826049805,47.073001861572266,46.95199966430664,46.86000061035156,46.981998443603516,46.90599822998047,47.21864318847656,0.6087239384651184,47.21864318847656,0.0,0.0
2.596178,1163.296,-0.32700950304140264,-1.4200227896319788,1.2360625267028809,-1.3860686461078089,-1.5709541479693812,2.738032579421997,0.0,0.0,-0.0,0.0,0.0,0.0,-0.3269999921321869,-1.4199999570846558,1.2359999418258667,-1.3860000371932983,-1.5709999799728394,2.73799991607666,0.0,0.0,0.0,0.0,0.0,0.0,0.02467346377670765,-1.060958981513977,-0.6374672055244446,-0.21037083864212036,0.07721057534217834,0.0335698164999485,-1.6247398572220953e-17,-1.0687898256887804,-1.1894663183301544,-0.4440940167833153,-5.2832411492621246e-05,0.0,-1.8685101751901281e-16,-12.025484868222945,-9.938868412204133,-1.879681580772009,-0.0002231161185564005,0.0,36.889984130859375,38.64998245239258,39.42998123168945,42.90998458862305,44.019981384277344,45.00233459472656,-0.3499242995459303,0.00015080823952070887,0.22436875178186572,-2.302999647189155,2.130763093211246,0.0005156810553265571,0.0,0.0,0.0,0.0,0.0,0.0,0.0,0.0,0.0,0.0,0.0,0.0,3.0,7.0,1.0,1.0,2.0,1.0,0.24,0.0,0.24,1.0,nan,nan,nan,nan,nan,nan,0.432036,47.14899826049805,47.073001861572266,46.95199966430664,46.86000061035156,46.981998443603516,46.90599822998047,47.21864318847656,0.7877604365348816,47.21864318847656,0.0,0.0
2.604340,1163.3039999999999,-0.3270457426654261,-1.420046631489889,1.2360749244689941,-1.386092487965719,-1.5709779898272913,2.738008499145508,0.0,0.0,-0.0,0.0,0.0,0.0,-0.3269999921321869,-1.4199999570846558,1.2359999418258667,-1.3860000371932983,-1.5709999799728394,2.73799991607666,0.0,0.0,0.0,0.0,0.0,0.0,0.0269165076315403,-1.1125489473342896,-0.623741865158081,-0.22715574502944946,0.06490164250135422,0.03245082125067711,-1.6247398572220953e-17,-1.0687898256887804,-1.1894663183301544,-0.4440940167833153,-5.2832411492621246e-05,0.0,-1.8685101751901281e-16,-12.025484868222945,-9.938868412204133,-1.879681580772009,-0.0002231161185564005,0.0,36.889984130859375,38.64998245239258,39.42998123168945,42.90998458862305,44.019981384277344,45.00233459472656,-0.34992378229388643,0.00016851558853788043,0.2243750474741628,-2.3029813120454152,2.1307720360788576,0.0005812948557429526,0.0,0.0,0.0,0.0,0.0,0.0,0.0,0.0,0.0,0.0,0.0,0.0,3.0,7.0,1.0,1.0,2.0,1.0,0.24,0.0,0.24,1.0,nan,nan,nan,nan,nan,nan,0.43074,47.14899826049805,47.073001861572266,46.95199966430664,46.875999450683594,46.981998443603516,46.90599822998047,47.21864318847656,0.6803395748138428,47.21864318847656,0.0,0.0
2.612851,1163.312,-0.3270214239703577,-1.420058552418844,1.2360625267028809,-1.3861287275897425,-1.5709541479693812,2.738044500350952,0.0,0.0,-0.0,0.0,0.0,0.0,-0.3269999921321869,-1.4199999570846558,1.2359999418258667,-1.3860000371932983,-1.5709999799728394,2.73799991607666,0.0,0.0,0.0,0.0,0.0,0.0,0.02467346377670765,-1.0497437715530396,-0.6252669095993042,-0.2193228006362915,0.06602063775062561,0.051473718136548996,-1.6247398572220953e-17,-1.0687898256887804,-1.1894663183301544,-0.4440940167833153,-5.2832411492621246e-05,0.0,-1.8685101751901281e-16,-12.025484868222945,-9.938868412204133,-1.879681580772009,-0.0002231161185564005,0.0,36.889984130859375,38.64998245239258,39.42998123168945,42.90998458862305,44.019981384277344,45.00233459472656,-0.3499336559367559,0.00015810391959570242,0.2243857227246569,-2.3030030207713668,2.1308170157304542,0.0006529491842521954,0.0,0.0,0.0,0.0,0.0,0.0,0.0,0.0,0.0,0.0,0.0,0.0,3.0,7.0,1.0,1.0,2.0,1.0,0.24,0.0,0.24,1.0,nan,nan,nan,nan,nan,nan,0.42926400000000003,47.14899826049805,47.073001861572266,46.95199966430664,46.875999450683594,46.981998443603516,46.90599822998047,47.21864318847656,0.6087239384651184,47.21864318847656,0.0,0.0
2.620996,1163.32,-0.3270214239703577,-1.4200704733477991,1.2360386848449707,-1.386092487965719,-1.5709779898272913,2.738008499145508,0.0,0.0,-0.0,0.0,0.0,0.0,-0.3269999921321869,-1.4199999570846558,1.2359999418258667,-1.3860000371932983,-1.5709999799728394,2.73799991607666,0.0,0.0,0.0,0.0,0.0,0.0,0.0336456336081028,-1.060958981513977,-0.6222168207168579,-0.204775869846344,0.06490164250135422,0.06602063775062561,-1.6247398572220953e-17,-1.0687898256887804,-1.1894663183301544,-0.4440940167833153,-5.2832411492621246e-05,0.0,-1.8685101751901281e-16,-12.025484868222945,-9.938868412204133,-1.879681580772009,-0.0002231161185564005,0.0,36.889984130859375,38.64998245239258,39.42998123168945,42.90998458862305,44.019981384277344,45.00233459472656,-0.34992794138049665,0.00016139954939021713,0.22439364002011158,-2.3030251054907835,2.1307607475734787,0.0006674444723382291,0.0,0.0,0.0,0.0,0.0,0.0,0.0,0.0,0.0,0.0,0.0,0.0,3.0,7.0,1.0,1.0,2.0,1.0,0.24,0.0,0.24,1.0,nan,nan,nan,nan,nan,nan,0.42774,47.14899826049805,47.073001861572266,46.95199966430664,46.875999450683594,46.981998443603516,46.90599822998047,47.21864318847656,0.6087239384651184,47.21864318847656,0.0,0.0
2.629440,1163.328,-0.32700950304140264,-1.420046631489889,1.2360506057739258,-1.3861168066607874,-1.5709903875934046,2.738044500350952,0.0,0.0,-0.0,0.0,0.0,0.0,-0.3269999921321869,-1.4199999570846558,1.2359999418258667,-1.3860000371932983,-1.5709999799728394,2.73799991607666,0.0,0.0,0.0,0.0,0.0,0.0,0.02467346377670765,-1.1035767793655396,-0.623741865158081,-0.21372783184051514,0.07721057534217834,0.03245082125067711,-1.6247398572220953e-17,-1.0687898256887804,-1.1894663183301544,-0.4440940167833153,-5.2832411492621246e-05,0.0,-1.8685101751901281e-16,-12.025484868222945,-9.938868412204133,-1.879681580772009,-0.0002231161185564005,0.0,36.889984130859375,38.64998245239258,39.42998123168945,42.90998458862305,44.019981384277344,45.00233459472656,-0.3499316306789367,0.00016118816195363978,0.22438430057578826,-2.3029878373666577,2.1307775518118834,0.0006591240383679433,0.0,0.0,0.0,0.0,0.0,0.0,0.0,0.0,0.0,0.0,0.0,0.0,3.0,7.0,1.0,1.0,2.0,1.0,0.24,0.0,0.24,1.0,nan,nan,nan,nan,nan,nan,0.42997199999999997,47.14899826049805,47.073001861572266,46.95199966430664,46.875999450683594,46.981998443603516,46.90599822998047,47.21864318847656,0.6803395748138428,47.21864318847656,0.0,0.0
2.637677,1163.336,-0.327033821736471,-1.420046631489889,1.2360386848449707,-1.386080567036764,-1.5709779898272913,2.7379965782165527,0.0,0.0,-0.0,0.0,0.0,0.0,-0.3269999921321869,-1.4199999570846558,1.2359999418258667,-1.3860000371932983,-1.5709999799728394,2.73799991607666,0.0,0.0,0.0,0.0,0.0,0.0,0.0269165076315403,-1.141708493232727,-0.6496675610542297,-0.2036568820476532,0.07385359704494476,0.06490164250135422,-1.6247398572220953e-17,-1.0687898256887804,-1.1894663183301544,-0.4440940167833153,-5.2832411492621246e-05,0.0,-1.8685101751901281e-16,-12.025484868222945,-9.938868412204133,-1.879681580772009,-0.0002231161185564005,0.0,36.889984130859375,38.64998245239258,39.42998123168945,42.90998458862305,44.019981384277344,45.00410079956055,-0.34992723088817845,0.00016551299258950016,0.22438472121401642,-2.3030138984739623,2.13075139288258,0.0006161379749345644,0.0,0.0,0.0,0.0,0.0,0.0,0.0,0.0,0.0,0.0,0.0,0.0,3.0,7.0,1.0,1.0,2.0,1.0,0.24,0.0,0.24,1.0,nan,nan,nan,nan,nan,nan,0.444168,47.14899826049805,47.073001861572266,46.95199966430664,46.875999450683594,46.99700164794922,46.92100143432617,47.279415130615234,0.6803395748138428,47.21864318847656,0.0,0.0
2.645889,1163.344,-0.32705766359438115,-1.420058552418844,1.2360386848449707,-1.3860567251788538,-1.5709541479693812,2.738008499145508,0.0,0.0,-0.0,0.0,0.0,0.0,-0.3269999921321869,-1.4199999570846558,1.2359999418258667,-1.3860000371932983,-1.5709999799728394,2.73799991607666,0.0,0.0,0.0,0.0,0.0,0.0,0.0291595496237278,-1.0676881074905396,-0.6161166429519653,-0.2193228006362915,0.08616252988576889,0.067139632999897,-1.6247398572220953e-17,-1.0687898256887804,-1.1894663183301544,-0.4440940167833153,-5.2832411492621246e-05,0.0,-1.8685101751901281e-16,-12.025484868222945,-9.938868412204133,-1.879681580772009,-0.0002231161185564005,0.0,36.889984130859375,38.64998245239258,39.42998123168945,42.90998458862305,44.019981384277344,45.00410079956055,-0.34992330606756405,0.00016731698527595564,0.2243866243160882,-2.30298813264127,2.1308041006830107,0.0005837716216390149,0.0,0.0,0.0,0.0,0.0,0.0,0.0,0.0,0.0,0.0,0.0,0.0,3.0,7.0,1.0,1.0,2.0,1.0,0.24,0.0,0.24,1.0,nan,nan,nan,nan,nan,nan,0.4332,47.18000030517578,47.073001861572266,46.93600082397461,46.875999450683594,46.99700164794922,46.92100143432617,47.21864318847656,0.6087239384651184,47.21864318847656,0.0,0.0
2.654011,1163.3519999999999,-0.3270214239703577,-1.4200704733477991,1.2360749244689941,-1.386080567036764,-1.570942227040426,2.738044500350952,0.0,0.0,-0.0,0.0,0.0,0.0,-0.3269999921321869,-1.4199999570846558,1.2359999418258667,-1.3860000371932983,-1.5709999799728394,2.73799991607666,0.0,0.0,0.0,0.0,0.0,0.0,0.0269165076315403,-1.110305905342102,-0.6084914207458496,-0.21708481013774872,0.05818767845630646,0.02685585245490074,-1.6247398572220953e-17,-1.0687898256887804,-1.1894663183301544,-0.4440940167833153,-5.2832411492621246e-05,0.0,-1.8685101751901281e-16,-12.025484868222945,-9.938868412204133,-1.879681580772009,-0.0002231161185564005,0.0,36.889984130859375,38.64998245239258,39.42998123168945,42.90998458862305,44.019981384277344,45.00410079956055,-0.3499221827209178,0.00015163165652792203,0.22438190795337504,-2.3029963448298556,2.1308110064548647,0.0005756730365786005,0.0,0.0,0.0,0.0,0.0,0.0,0.0,0.0,0.0,0.0,0.0,0.0,3.0,7.0,1.0,1.0,2.0,1.0,0.24,0.0,0.24,1.0,nan,nan,nan,nan,nan,nan,0.430968,47.18000030517578,47.073001861572266,46.93600082397461,46.875999450683594,46.99700164794922,46.92100143432617,47.21864318847656,0.6445291042327881,47.21864318847656,0.0,0.0
2.662142,1163.36,-0.32700950304140264,-1.4200227896319788,1.2360386848449707,-1.3860567251788538,-1.5709541479693812,2.738044500350952,0.0,0.0,-0.0,0.0,0.0,0.0,-0.3269999921321869,-1.4199999570846558,1.2359999418258667,-1.3860000371932983,-1.5709999799728394,2.73799991607666,0.0,0.0,0.0,0.0,0.0,0.0,0.0269165076315403,-1.069931149482727,-0.6100164651870728,-0.20589487254619598,0.06490164250135422,0.027974845841526985,-1.6247398572220953e-17,-1.0687898256887804,-1.1894663183301544,-0.4440940167833153,-5.2832411492621246e-05,0.0,-1.8685101751901281e-16,-12.025484868222945,-9.938868412204133,-1.879681580772009,-0.0002231161185564005,0.0,36.889984130859375,38.64998245239258,39.42998123168945,42.90998458862305,44.019981384277344,45.00410079956055,-0.3499257655575407,0.0001513078808570462,0.2243747687857116,-2.3029904464475557,2.130780179954828,0.0005328023834587888,0.0,0.0,0.0,0.0,0.0,0.0,0.0,0.0,0.0,0.0,0.0,0.0,3.0,7.0,1.0,1.0,2.0,1.0,0.24,0.0,0.24,1.0,nan,nan,nan,nan,nan,nan,0.43044,47.18000030517578,47.073001861572266,46.93600082397461,46.875999450683594,46.99700164794922,46.92100143432617,47.21864318847656,0.7161448001861572,47.21864318847656,0.0,0.0
2.670272,1163.368,-0.3270214239703577,-1.420046631489889,1.2360267639160156,-1.3860686461078089,-1.5709541479693812,2.738044500350952,0.0,0.0,-0.0,0.0,0.0,0.0,-0.3269999921321869,-1.4199999570846558,1.2359999418258667,-1.3860000371932983,-1.5709999799728394,2.73799991607666,0.0,0.0,0.0,0.0,0.0,0.0,0.02467346377670765,-1.119278073310852,-0.6252669095993042,-0.20701386034488678,0.06602063775062561,0.031331829726696014,-1.6247398572220953e-17,-1.0687898256887804,-1.1894663183301544,-0.4440940167833153,-5.2832411492621246e-05,0.0,-1.8685101751901281e-16,-12.025484868222945,-9.938868412204133,-1.879681580772009,-0.0002231161185564005,0.0,36.889984130859375,38.64998245239258,39.42998123168945,42.90998458862305,44.019981384277344,45.00410079956055,-0.3499283769642607,0.0001563476884699489,0.22438720341063303,-2.3029919885089587,2.130807126905531,0.0006010685635955512,0.0,0.0,0.0,0.0,0.0,0.0,0.0,0.0,0.0,0.0,0.0,0.0,3.0,7.0,1.0,1.0,2.0,1.0,0.24,0.0,0.24,1.0,nan,nan,nan,nan,nan,nan,0.54918,47.18000030517578,47.0880012512207,46.93600082397461,46.875999450683594,46.99700164794922,46.92100143432617,47.21864318847656,0.6803395748138428,47.21864318847656,0.0,0.0
2.678389,1163.376,-0.327033821736471,-1.4200704733477991,1.2360506057739258,-1.386092487965719,-1.5709779898272913,2.738008499145508,0.0,0.0,-0.0,0.0,0.0,0.0,-0.3269999921321869,-1.4199999570846558,1.2359999418258667,-1.3860000371932983,-1.5709999799728394,2.73799991607666,0.0,0.0,0.0,0.0,0.0,0.0,0.0269165076315403,-1.092361569404602,-0.6450924277305603,-0.21484681963920593,0.07161560654640198,0.03245082125067711,-1.6247398572220953e-17,-1.0687898256887804,-1.1894663183301544,-0.4440940167833153,-5.2832411492621246e-05,0.0,-1.8685101751901281e-16,-12.025484868222945,-9.938868412204133,-1.879681580772009,-0.0002231161185564005,0.0,36.889984130859375,38.64998245239258,39.42998123168945,42.90998458862305,44.019981384277344,45.00410079956055,-0.34992386675781206,0.00016177755712775094,0.22436611946989965,-2.3030040048599947,2.130742071982486,0.0005224323004711337,0.0,0.0,0.0,0.0,0.0,0.0,0.0,0.0,0.0,0.0,0.0,0.0,3.0,7.0,1.0,1.0,2.0,1.0,0.24,0.0,0.24,1.0,nan,nan,nan,nan,nan,nan,0.46308,47.18000030517578,47.0880012512207,46.93600082397461,46.875999450683594,46.99700164794922,46.92100143432617,47.21864318847656,0.7161448001861572,47.21864318847656,0.0,0.0
2.686603,1163.392,-0.3270214239703577,-1.420046631489889,1.2360506057739258,-1.386092487965719,-1.5709541479693812,2.7379846572875977,0.0,0.0,-0.0,0.0,0.0,0.0,-0.3269999921321869,-1.4199999570846558,1.2359999418258667,-1.3860000371932983,-1.5709999799728394,2.73799991607666,0.0,0.0,0.0,0.0,0.0,0.0,0.0291595496237278,-1.065445065498352,-0.6145915985107422,-0.21484681963920593,0.08168654888868332,0.04699774086475372,-1.6247398572220953e-17,-1.0687898256887804,-1.1894663183301544,-0.4440940167833153,-5.2832411492621246e-05,0.0,-1.8685101751901281e-16,-12.025484868222945,-9.938868412204133,-1.879681580772009,-0.0002231161185564005,0.0,36.889984130859375,38.64998245239258,39.42998123168945,42.90998458862305,44.019981384277344,45.00410079956055,-0.3499292544072195,0.00015663533148583956,0.22438220126564656,-2.3030558339852703,2.1307381324772807,0.0006008640979558484,0.0,0.0,0.0,0.0,0.0,0.0,0.0,0.0,0.0,0.0,0.0,0.0,3.0,7.0,1.0,1.0,2.0,1.0,0.24,0.0,0.24,1.0,nan,nan,nan,nan,nan,nan,0.445872,47.18000030517578,47.0880012512207,46.93600082397461,46.875999450683594,46.99700164794922,46.92100143432617,47.21864318847656,0.7519552707672119,47.21864318847656,0.0,0.0
2.694728,1163.3999999999999,-0.32700950304140264,-1.4200347105609339,1.2360987663269043,-1.3860686461078089,-1.5709660688983362,2.738032579421997,0.0,0.0,-0.0,0.0,0.0,0.0,-0.3269999921321869,-1.4199999570846558,1.2359999418258667,-1.3860000371932983,-1.5709999799728394,2.73799991607666,0.0,0.0,0.0,0.0,0.0,0.0,0.0314025916159153,-1.074417233467102,-0.5978161692619324,-0.19358593225479126,0.07049661129713058,0.05818767845630646,-1.6247398572220953e-17,-1.0687898256887804,-1.1894663183301544,-0.4440940167833153,-5.2832411492621246e-05,0.0,-1.8685101751901281e-16,-12.025484868222945,-9.938868412204133,-1.879681580772009,-0.0002231161185564005,0.0,36.889984130859375,38.64998245239258,39.42998123168945,42.90998458862305,44.019981384277344,45.00410079956055,-0.3499169007122146,0.00015091265582374563,0.22436202472370653,-2.302984426516342,2.1307489188996787,0.0004884836890606454,0.0,0.0,0.0,0.0,0.0,0.0,0.0,0.0,0.0,0.0,0.0,0.0,3.0,7.0,1.0,1.0,2.0,1.0,0.24,0.0,0.24,1.0,nan,nan,nan,nan,nan,nan,0.45238799999999996,47.18000030517578,47.0880012512207,46.93600082397461,46.875999450683594,46.99700164794922,46.92100143432617,47.21864318847656,0.8235656023025513,47.21864318847656,0.0,0.0
2.702857,1163.408,-0.3270214239703577,-1.4200347105609339,1.2360506057739258,-1.3861048857318323,-1.5709541479693812,2.7380564212799072,0.0,0.0,-0.0,0.0,0.0,0.0,-0.3269999921321869,-1.4199999570846558,1.2359999418258667,-1.3860000371932983,-1.5709999799728394,2.73799991607666,0.0,0.0,0.0,0.0,0.0,0.0,0.0291595496237278,-1.0901185274124146,-0.6145915985107422,-0.21708481013774872,0.067139632999897,0.04587874934077263,-1.6247398572220953e-17,-1.0687898256887804,-1.1894663183301544,-0.4440940167833153,-5.2832411492621246e-05,0.0,-1.8685101751901281e-16,-12.025484868222945,-9.938868412204133,-1.879681580772009,-0.0002231161185564005,0.0,36.889984130859375,38.64998245239258,39.42998123168945,42.90998458862305,44.019981384277344,45.00569152832031,-0.34993250864022946,0.00015773518930423336,0.22437930489982344,-2.302979576467736,2.1308208816757954,0.0006017655743536497,0.0,0.0,0.0,0.0,0.0,0.0,0.0,0.0,0.0,0.0,0.0,0.0,3.0,7.0,1.0,1.0,2.0,1.0,0.24,0.0,0.24,1.0,nan,nan,nan,nan,nan,nan,0.44676,47.18000030517578,47.0880012512207,46.93600082397461,46.875999450683594,47.02799987792969,46.93600082397461,47.279415130615234,0.7161448001861572,47.21864318847656,0.0,0.0
2.711019,1163.408,-0.327033821736471,-1.4200227896319788,1.2360506057739258,-1.3861287275897425,-1.5709903875934046,2.738044500350952,0.0,0.0,-0.0,0.0,0.0,0.0,-0.3269999921321869,-1.4199999570846558,1.2359999418258667,-1.3860000371932983,-1.5709999799728394,2.73799991607666,0.0,0.0,0.0,0.0,0.0,0.0,0.0291595496237278,-1.0856324434280396,-0.5993412137031555,-0.19806191325187683,0.07049661129713058,0.034688808023929596,-1.6247398572220953e-17,-1.0687898256887804,-1.1894663183301544,-0.4440940167833153,-5.2832411492621246e-05,0.0,-1.8685101751901281e-16,-12.025484868222945,-9.938868412204133,-1.879681580772009,-0.0002231161185564005,0.0,36.889984130859375,38.64998245239258,39.42998123168945,42.90998458862305,44.019981384277344,45.00569152832031,-0.34993560440401034,0.00017104759722422213,0.2243774116036163,-2.3029584198094555,2.130802212967715,0.0006419569557933774,0.0,0.0,0.0,0.0,0.0,0.0,0.0,0.0,0.0,0.0,0.0,0.0,3.0,7.0,1.0,1.0,2.0,1.0,0.24,0.0,0.24,1.0,nan,nan,nan,nan,nan,nan,0.44806799999999997,47.14899826049805,47.0880012512207,46.92100143432617,46.875999450683594,47.02799987792969,46.93600082397461,47.279415130615234,0.6087239384651184,47.21864318847656,0.0,0.0
2.719150,1163.424,-0.32699758211244756,-1.420046631489889,1.2360506057739258,-1.3861048857318323,-1.570942227040426,2.7379965782165527,0.0,0.0,-0.0,0.0,0.0,0.0,-0.3269999921321869,-1.4199999570846558,1.2359999418258667,-1.3860000371932983,-1.5709999799728394,2.73799991607666,0.0,0.0,0.0,0.0,0.0,0.0,0.0291595496237278,-1.0946046113967896,-0.6374672055244446,-0.22603675723075867,0.07161560654640198,0.025736859068274498,-1.6247398572220953e-17,-1.0687898256887804,-1.1894663183301544,-0.4440940167833153,-5.2832411492621246e-05,0.0,-1.8685101751901281e-16,-12.025484868222945,-9.938868412204133,-1.879681580772009,-0.0002231161185564005,0.0,36.889984130859375,38.64998245239258,39.42998123168945,42.90998458862305,44.019981384277344,45.00569152832031,-0.3499324863498115,0.00014676942364950896,0.22438324744603821,-2.3030802678054223,2.130735212734159,0.0006110958577900925,0.0,0.0,0.0,0.0,0.0,0.0,0.0,0.0,0.0,0.0,0.0,0.0,3.0,7.0,1.0,1.0,2.0,1.0,0.24,0.0,0.24,1.0,nan,nan,nan,nan,nan,nan,0.477852,47.14899826049805,47.0880012512207,46.92100143432617,46.875999450683594,47.02799987792969,46.93600082397461,47.21864318847656,0.6803395748138428,47.21864318847656,0.0,0.0
2.727251,1163.432,-0.3270214239703577,-1.4200227896319788,1.2360868453979492,-1.386092487965719,-1.5709660688983362,2.7379965782165527,0.0,0.0,-0.0,0.0,0.0,0.0,-0.3269999921321869,-1.4199999570846558,1.2359999418258667,-1.3860000371932983,-1.5709999799728394,2.73799991607666,0.0,0.0,0.0,0.0,0.0,0.0,0.02467346377670765,-1.078903317451477,-0.6161166429519653,-0.20925185084342957,0.06602063775062561,0.04364075884222984,-1.6247398572220953e-17,-1.0687898256887804,-1.1894663183301544,-0.4440940167833153,-5.2832411492621246e-05,0.0,-1.8685101751901281e-16,-12.025484868222945,-9.938868412204133,-1.879681580772009,-0.0002231161185564005,0.0,36.889984130859375,38.64998245239258,39.42998123168945,42.90998458862305,44.019981384277344,45.00569152832031,-0.3499243073017028,0.00015758305133680692,0.22436361836689514,-2.3030172634881043,2.13072775895502,0.0005224651803404152,0.0,0.0,0.0,0.0,0.0,0.0,0.0,0.0,0.0,0.0,0.0,0.0,3.0,7.0,1.0,1.0,2.0,1.0,0.24,0.0,0.24,1.0,nan,nan,nan,nan,nan,nan,0.435828,47.14899826049805,47.0880012512207,46.92100143432617,46.875999450683594,47.02799987792969,46.93600082397461,47.21864318847656,0.7519552707672119,47.21864318847656,0.0,0.0
2.735375,1163.44,-0.327033821736471,-1.420058552418844,1.2360506057739258,-1.3861168066607874,-1.5709779898272913,2.7379846572875977,0.0,0.0,-0.0,0.0,0.0,0.0,-0.3269999921321869,-1.4199999570846558,1.2359999418258667,-1.3860000371932983,-1.5709999799728394,2.73799991607666,0.0,0.0,0.0,0.0,0.0,0.0,0.0291595496237278,-1.0407716035842896,-0.6206917762756348,-0.20925185084342957,0.06154466047883034,0.03021283447742462,-1.6247398572220953e-17,-1.0687898256887804,-1.1894663183301544,-0.4440940167833153,-5.2832411492621246e-05,0.0,-1.8685101751901281e-16,-12.025484868222945,-9.938868412204133,-1.879681580772009,-0.0002231161185564005,0.0,36.889984130859375,38.64998245239258,39.42998123168945,42.90998458862305,44.019981384277344,45.00569152832031,-0.3499316323994349,0.00016698163549474604,0.2243882426729982,-2.3030375300830133,2.130747628974958,0.0006679948710936561,0.0,0.0,0.0,0.0,0.0,0.0,0.0,0.0,0.0,0.0,0.0,0.0,3.0,7.0,1.0,1.0,2.0,1.0,0.24,0.0,0.24,1.0,nan,nan,nan,nan,nan,nan,0.445776,47.14899826049805,47.104000091552734,46.92100143432617,46.875999450683594,47.02799987792969,46.93600082397461,47.21864318847656,0.6445291042327881,47.21864318847656,0.0,0.0
2.743501,1163.4479999999999,-0.32700950304140264,-1.4199984709369105,1.2360506057739258,-1.386080567036764,-1.5709660688983362,2.738020658493042,0.0,0.0,-0.0,0.0,0.0,0.0,-0.3269999921321869,-1.4199999570846558,1.2359999418258667,-1.3860000371932983,-1.5709999799728394,2.73799991607666,0.0,0.0,0.0,0.0,0.0,0.0,0.02467346377670765,-1.101333737373352,-0.6252669095993042,-0.22491776943206787,0.07497258484363556,0.03021283447742462,-1.6247398572220953e-17,-1.0687898256887804,-1.1894663183301544,-0.4440940167833153,-5.2832411492621246e-05,0.0,-1.8685101751901281e-16,-12.025484868222945,-9.938868412204133,-1.879681580772009,-0.0002231161185564005,0.0,36.889984130859375,38.64998245239258,39.42998123168945,42.90998458862305,44.019981384277344,45.00569152832031,-0.3499294231081952,0.0001551538964468864,0.2243652300915049,-2.3030042571593285,2.1307418234850317,0.0005225818646802158,0.0,0.0,0.0,0.0,0.0,0.0,0.0,0.0,0.0,0.0,0.0,0.0,3.0,7.0,1.0,1.0,2.0,1.0,0.24,0.0,0.24,1.0,nan,nan,nan,nan,nan,nan,0.436632,47.14899826049805,47.104000091552734,46.92100143432617,46.90599822998047,47.02799987792969,46.93600082397461,47.21864318847656,0.6803395748138428,47.21864318847656,0.0,0.0
2.751619,1163.456,-0.32705766359438115,-1.4200227896319788,1.2360749244689941,-1.386080567036764,-1.570930306111471,2.738020658493042,0.0,0.0,-0.0,0.0,0.0,0.0,-0.3269999921321869,-1.4199999570846558,1.2359999418258667,-1.3860000371932983,-1.5709999799728394,2.73799991607666,0.0,0.0,0.0,0.0,0.0,0.0,0.02467346377670765,-1.096847653388977,-0.6191667318344116,-0.204775869846344,0.05706868693232536,0.0335698164999485,-1.6247398572220953e-17,-1.0687898256887804,-1.1894663183301544,-0.4440940167833153,-5.2832411492621246e-05,0.0,-1.8685101751901281e-16,-12.025484868222945,-9.938868412204133,-1.879681580772009,-0.0002231161185564005,0.0,36.889984130859375,38.64998245239258,39.42998123168945,42.90998458862305,44.019981384277344,45.00569152832031,-0.3499262372346454,0.00016309573464038502,0.22436609129314997,-2.30297691409669,2.1308194272040333,0.0004995294299433103,0.0,0.0,0.0,0.0,0.0,0.0,0.0,0.0,0.0,0.0,0.0,0.0,3.0,7.0,1.0,1.0,2.0,1.0,0.24,0.0,0.24,1.0,nan,nan,nan,nan,nan,nan,0.43548000000000003,47.14899826049805,47.104000091552734,46.92100143432617,46.90599822998047,47.02799987792969,46.93600082397461,47.21864318847656,0.6803395748138428,47.21864318847656,0.0,0.0
2.759790,1163.464,-0.32706958452333623,-1.4200347105609339,1.2360868453979492,-1.3861168066607874,-1.5709779898272913,2.738020658493042,0.0,0.0,-0.0,0.0,0.0,0.0,-0.3269999921321869,-1.4199999570846558,1.2359999418258667,-1.3860000371932983,-1.5709999799728394,2.73799991607666,0.0,0.0,0.0,0.0,0.0,0.0,0.0336456336081028,-1.096847653388977,-0.623741865158081,-0.2204417884349823,0.07273460179567337,0.0503547228872776,-1.6247398572220953e-17,-1.0687898256887804,-1.1894663183301544,-0.4440940167833153,-5.2832411492621246e-05,0.0,-1.8685101751901281e-16,-12.025484868222945,-9.938868412204133,-1.879681580772009,-0.0002231161185564005,0.0,36.889984130859375,38.64998245239258,39.42998123168945,42.90998458862305,44.019981384277344,45.00569152832031,-0.34992747088685405,0.00017810221611305185,0.22436964999710313,-2.302943192878631,2.1308135540139532,0.000581923360605334,0.0,0.0,0.0,0.0,0.0,0.0,0.0,0.0,0.0,0.0,0.0,0.0,3.0,7.0,1.0,1.0,2.0,1.0,0.24,0.0,0.24,1.0,nan,nan,nan,nan,nan,nan,0.439776,47.14899826049805,47.104000091552734,46.92100143432617,46.90599822998047,47.02799987792969,46.93600082397461,47.21864318847656,0.6803395748138428,47.21864318847656,0.0,0.0
2.767918,1163.472,-0.327033821736471,-1.4200227896319788,1.2360868453979492,-1.3861168066607874,-1.5709660688983362,2.738020658493042,0.0,0.0,-0.0,0.0,0.0,0.0,-0.3269999921321869,-1.4199999570846558,1.2359999418258667,-1.3860000371932983,-1.5709999799728394,2.73799991607666,0.0,0.0,0.0,0.0,0.0,0.0,0.02467346377670765,-1.1035767793655396,-0.623741865158081,-0.20701386034488678,0.07385359704494476,0.034688808023929596,-1.6247398572220953e-17,-1.0687898256887804,-1.1894663183301544,-0.4440940167833153,-5.2832411492621246e-05,0.0,-1.8685101751901281e-16,-12.025484868222945,-9.938868412204133,-1.879681580772009,-0.0002231161185564005,0.0,36.889984130859375,38.64998245239258,39.42998123168945,42.90998458862305,44.019981384277344,45.00569152832031,-0.3499290855795967,0.00016352736509270402,0.22436568864044945,-2.302985737479919,2.1307764593480707,0.0005573243010476572,0.0,0.0,0.0,0.0,0.0,0.0,0.0,0.0,0.0,0.0,0.0,0.0,3.0,7.0,1.0,1.0,2.0,1.0,0.24,0.0,0.24,1.0,nan,nan,nan,nan,nan,nan,0.430452,47.14899826049805,47.104000091552734,46.92100143432617,46.90599822998047,47.02799987792969,46.93600082397461,47.21864318847656,0.6445291042327881,47.21864318847656,0.0,0.0
2.776038,1163.48,-0.3270457426654261,-1.420058552418844,1.2360267639160156,-1.386080567036764,-1.5709779898272913,2.7379965782165527,0.0,0.0,-0.0,0.0,0.0,0.0,-0.3269999921321869,-1.4199999570846558,1.2359999418258667,-1.3860000371932983,-1.5709999799728394,2.73799991607666,0.0,0.0,0.0,0.0,0.0,0.0,0.0314025916159153,-1.087875485420227,-0.6283169388771057,-0.21820379793643951,0.07721057534217834,0.05371170490980148,-1.6247398572220953e-17,-1.0687898256887804,-1.1894663183301544,-0.4440940167833153,-5.2832411492621246e-05,0.0,-1.8685101751901281e-16,-12.025484868222945,-9.938868412204133,-1.879681580772009,-0.0002231161185564005,0.0,36.889984130859375,38.64998245239258,39.42998123168945,42.90998458862305,44.019981384277344,45.00712203979492,-0.34992831598427493,0.0001700466972688076,0.2243921891730895,-2.303008292662248,2.1307717474111074,0.0006502561202567633,0.0,0.0,0.0,0.0,0.0,0.0,0.0,0.0,0.0,0.0,0.0,0.0,3.0,7.0,1.0,1.0,2.0,1.0,0.24,0.0,0.24,1.0,nan,nan,nan,nan,nan,nan,0.428232,47.14899826049805,47.104000091552734,46.92100143432617,46.90599822998047,46.99700164794922,46.93600082397461,47.21864318847656,0.6087239384651184,47.21864318847656,0.0,0.0
2.784189,1163.488,-0.3270214239703577,-1.420058552418844,1.2360506057739258,-1.3861168066607874,-1.5709541479693812,2.738032579421997,0.0,0.0,-0.0,0.0,0.0,0.0,-0.3269999921321869,-1.4199999570846558,1.2359999418258667,-1.3860000371932983,-1.5709999799728394,2.73799991607666,0.0,0.0,0.0,0.0,0.0,0.0,0.02467346377670765,-1.0362855195999146,-0.5978161692619324,-0.2014188915491104,0.07385359704494476,0.034688808023929596,-1.6247398572220953e-17,-1.0687898256887804,-1.1894663183301544,-0.4440940167833153,-5.2832411492621246e-05,0.0,-1.8685101751901281e-16,-12.025484868222945,-9.938868412204133,-1.879681580772009,-0.0002231161185564005,0.0,36.889984130859375,38.64998245239258,39.42998123168945,42.90998458862305,44.019981384277344,45.00712203979492,-0.3499332172293063,0.00015796010318384825,0.22438822379990248,-2.3030156706322904,2.1308033253772125,0.000652918304727606,0.0,0.0,0.0,0.0,0.0,0.0,0.0,0.0,0.0,0.0,0.0,0.0,3.0,7.0,1.0,1.0,2.0,1.0,0.24,0.0,0.24,1.0,nan,nan,nan,nan,nan,nan,0.42842399999999997,47.16400146484375,47.104000091552734,46.95199966430664,46.90599822998047,46.99700164794922,46.93600082397461,47.21864318847656,0.7161448001861572,47.21864318847656,0.0,0.0
2.792311,1163.4959999999999,-0.3270457426654261,-1.4200227896319788,1.2360625267028809,-1.386092487965719,-1.5709660688983362,2.738032579421997,0.0,0.0,-0.0,0.0,0.0,0.0,-0.3269999921321869,-1.4199999570846558,1.2359999418258667,-1.3860000371932983,-1.5709999799728394,2.73799991607666,0.0,0.0,0.0,0.0,0.0,0.0,0.0269165076315403,-1.0856324434280396,-0.6100164651870728,-0.21596580743789673,0.067139632999897,0.04252176731824875,-1.6247398572220953e-17,-1.0687898256887804,-1.1894663183301544,-0.4440940167833153,-5.2832411492621246e-05,0.0,-1.8685101751901281e-16,-12.025484868222945,-9.938868412204133,-1.879681580772009,-0.0002231161185564005,0.0,36.889984130859375,38.64998245239258,39.42998123168945,42.90998458862305,44.019981384277344,45.00712203979492,-0.3499281889095408,0.0001674055254569859,0.2243707908847426,-2.302960236639098,2.1308039911190915,0.0005573384701736512,0.0,0.0,0.0,0.0,0.0,0.0,0.0,0.0,0.0,0.0,0.0,0.0,3.0,7.0,1.0,1.0,2.0,1.0,0.24,0.0,0.24,1.0,nan,nan,nan,nan,nan,nan,0.42863999999999997,47.16400146484375,47.104000091552734,46.95199966430664,46.90599822998047,46.99700164794922,46.93600082397461,47.21864318847656,0.5013031363487244,47.21864318847656,0.0,0.0
2.800434,1163.504,-0.3269856611834925,-1.4200227896319788,1.2360868453979492,-1.386080567036764,-1.570942227040426,2.738044500350952,0.0,0.0,-0.0,0.0,0.0,0.0,-0.3269999921321869,-1.4199999570846558,1.2359999418258667,-1.3860000371932983,-1.5709999799728394,2.73799991607666,0.0,0.0,0.0,0.0,0.0,0.0,0.02467346377670765,-1.1035767793655396,-0.6267919540405273,-0.19358593225479126,0.05818767845630646,0.05930667370557785,-1.6247398572220953e-17,-1.0687898256887804,-1.1894663183301544,-0.4440940167833153,-5.2832411492621246e-05,0.0,-1.8685101751901281e-16,-12.025484868222945,-9.938868412204133,-1.879681580772009,-0.0002231161185564005,0.0,36.889984130859375,38.64998245239258,39.42998123168945,42.90998458862305,44.019981384277344,45.00712203979492,-0.3499235520124826,0.00013959839911900412,0.22436258475778137,-2.303016699627594,2.130753269604595,0.000490394179464216,0.0,0.0,0.0,0.0,0.0,0.0,0.0,0.0,0.0,0.0,0.0,0.0,3.0,7.0,1.0,1.0,2.0,1.0,0.24,0.0,0.24,1.0,nan,nan,nan,nan,nan,nan,0.428772,47.16400146484375,47.104000091552734,46.95199966430664,46.90599822998047,46.99700164794922,46.93600082397461,47.21864318847656,0.7161448001861572,47.21864318847656,0.0,0.0
2.808557,1163.512,-0.3270214239703577,-1.4200108687030237,1.2360625267028809,-1.386092487965719,-1.5709660688983362,2.738008499145508,0.0,0.0,-0.0,0.0,0.0,0.0,-0.3269999921321869,-1.4199999570846558,1.2359999418258667,-1.3860000371932983,-1.5709999799728394,2.73799991607666,0.0,0.0,0.0,0.0,0.0,0.0,0.0291595496237278,-1.016098141670227,-0.5947660803794861,-0.19246694445610046,0.0682586282491684,0.034688808023929596,-1.6247398572220953e-17,-1.0687898256887804,-1.1894663183301544,-0.4440940167833153,-5.2832411492621246e-05,0.0,-1.8685101751901281e-16,-12.025484868222945,-9.938868412204133,-1.879681580772009,-0.0002231161185564005,0.0,36.889984130859375,38.64998245239258,39.42998123168945,42.90998458862305,44.019981384277344,45.00712203979492,-0.3499290100188172,0.00015917682467063226,0.2243668389801765,-2.303008249810568,2.1307449502154028,0.0005402599578042465,0.0,0.0,0.0,0.0,0.0,0.0,0.0,0.0,0.0,0.0,0.0,0.0,3.0,7.0,1.0,1.0,2.0,1.0,0.24,0.0,0.24,1.0,nan,nan,nan,nan,nan,nan,0.431712,47.16400146484375,47.0880012512207,46.95199966430664,46.90599822998047,46.99700164794922,46.93600082397461,47.21864318847656,0.6445291042327881,47.21864318847656,0.0,0.0
2.816684,1163.52,-0.327033821736471,-1.4200227896319788,1.2360868453979492,-1.3861287275897425,-1.570930306111471,2.7379846572875977,0.0,0.0,-0.0,0.0,0.0,0.0,-0.3269999921321869,-1.4199999570846558,1.2359999418258667,-1.3860000371932983,-1.5709999799728394,2.73799991607666,0.0,0.0,0.0,0.0,0.0,0.0,0.0291595496237278,-1.0632020235061646,-0.6206917762756348,-0.204775869846344,0.05818767845630646,0.03916478529572487,-1.6247398572220953e-17,-1.0687898256887804,-1.1894663183301544,-0.4440940167833153,-5.2832411492621246e-05,0.0,-1.8685101751901281e-16,-12.025484868222945,-9.938868412204133,-1.879681580772009,-0.0002231161185564005,0.0,36.889984130859375,38.64998245239258,39.42998123168945,42.90998458862305,44.019981384277344,45.00712203979492,-0.3499338030918059,0.00015728991637112895,0.22436667534862614,-2.3030516496759126,2.1307604531652675,0.0005513756630661111,0.0,0.0,0.0,0.0,0.0,0.0,0.0,0.0,0.0,0.0,0.0,0.0,3.0,7.0,1.0,1.0,2.0,1.0,0.24,0.0,0.24,1.0,nan,nan,nan,nan,nan,nan,0.43128,47.16400146484375,47.0880012512207,46.95199966430664,46.875999450683594,46.99700164794922,46.93600082397461,47.21864318847656,0.6803395748138428,47.21864318847656,0.0,0.0
2.824823,1163.528,-0.327033821736471,-1.420058552418844,1.2360749244689941,-1.3861168066607874,-1.5709541479693812,2.7379965782165527,0.0,0.0,-0.0,0.0,0.0,0.0,-0.3269999921321869,-1.4199999570846558,1.2359999418258667,-1.3860000371932983,-1.5709999799728394,2.73799991607666,0.0,0.0,0.0,0.0,0.0,0.0,0.0269165076315403,-1.092361569404602,-0.613066554069519,-0.22267977893352509,0.05930667370557785,0.038045790046453476,-1.6247398572220953e-17,-1.0687898256887804,-1.1894663183301544,-0.4440940167833153,-5.2832411492621246e-05,0.0,-1.8685101751901281e-16,-12.025484868222945,-9.938868412204133,-1.879681580772009,-0.0002231161185564005,0.0,36.889984130859375,38.64998245239258,39.42998123168945,42.90998458862305,44.019981384277344,45.00712203979492,-0.3499293300562784,0.00016098589413184196,0.22438105096390287,-2.3030335754853297,2.130769367176815,0.0006179280384294737,0.0,0.0,0.0,0.0,0.0,0.0,0.0,0.0,0.0,0.0,0.0,0.0,3.0,7.0,1.0,1.0,2.0,1.0,0.24,0.0,0.24,1.0,nan,nan,nan,nan,nan,nan,0.429528,47.16400146484375,47.0880012512207,46.95199966430664,46.875999450683594,46.99700164794922,46.93600082397461,47.21864318847656,0.6087239384651184,47.21864318847656,0.0,0.0
2.833020,1163.536,-0.32700950304140264,-1.4200347105609339,1.2360625267028809,-1.3861048857318323,-1.5709541479693812,2.738032579421997,0.0,0.0,-0.0,0.0,0.0,0.0,-0.3269999921321869,-1.4199999570846558,1.2359999418258667,-1.3860000371932983,-1.5709999799728394,2.73799991607666,0.0,0.0,0.0,0.0,0.0,0.0,0.0291595496237278,-1.1215211153030396,-0.6222168207168579,-0.19358593225479126,0.07049661129713058,0.0335698164999485,-1.6247398572220953e-17,-1.0687898256887804,-1.1894663183301544,-0.4440940167833153,-5.2832411492621246e-05,0.0,-1.8685101751901281e-16,-12.025484868222945,-9.938868412204133,-1.879681580772009,-0.0002231161185564005,0.0,36.889984130859375,38.64998245239258,39.42998123168945,42.90998458862305,44.019981384277344,45.00712203979492,-0.349930605906105,0.0001529202602233951,0.2243757888686802,-2.3030141296315976,2.130776379448538,0.0005846511616557461,0.0,0.0,0.0,0.0,0.0,0.0,0.0,0.0,0.0,0.0,0.0,0.0,3.0,7.0,1.0,1.0,2.0,1.0,0.24,0.0,0.24,1.0,nan,nan,nan,nan,nan,nan,0.429468,47.16400146484375,47.0880012512207,46.95199966430664,46.875999450683594,46.99700164794922,46.93600082397461,47.21864318847656,0.6087239384651184,47.21864318847656,0.0,0.0
2.841146,1163.5439999999999,-0.32700950304140264,-1.4200347105609339,1.2360506057739258,-1.386092487965719,-1.5709660688983362,2.7379965782165527,0.0,0.0,-0.0,0.0,0.0,0.0,-0.3269999921321869,-1.4199999570846558,1.2359999418258667,-1.3860000371932983,-1.5709999799728394,2.73799991607666,0.0,0.0,0.0,0.0,0.0,0.0,0.0269165076315403,-1.0721741914749146,-0.6115415096282959,-0.21596580743789673,0.07721057534217834,0.07721057534217834,-1.6247398572220953e-17,-1.0687898256887804,-1.1894663183301544,-0.4440940167833153,-5.2832411492621246e-05,0.0,-1.8685101751901281e-16,-12.025484868222945,-9.938868412204133,-1.879681580772009,-0.0002231161185564005,0.0,36.889984130859375,38.64998245239258,39.42998123168945,42.90998458862305,44.019981384277344,45.00712203979492,-0.34992928215828734,0.0001550865703283102,0.22437825877952228,-2.3030442979317134,2.1307274354063086,0.0005914950494661456,0.0,0.0,0.0,0.0,0.0,0.0,0.0,0.0,0.0,0.0,0.0,0.0,3.0,7.0,1.0,1.0,2.0,1.0,0.24,0.0,0.24,1.0,nan,nan,nan,nan,nan,nan,0.427848,47.16400146484375,47.0880012512207,46.95199966430664,46.875999450683594,46.99700164794922,46.93600082397461,47.21864318847656,0.6087239384651184,47.21864318847656,0.0,0.0
2.849265,1163.552,-0.327033821736471,-1.4200227896319788,1.2360749244689941,-1.386080567036764,-1.5709541479693812,2.738044500350952,0.0,0.0,-0.0,0.0,0.0,0.0,-0.3269999921321869,-1.4199999570846558,1.2359999418258667,-1.3860000371932983,-1.5709999799728394,2.73799991607666,0.0,0.0,0.0,0.0,0.0,0.0,0.0336456336081028,-1.1080628633499146,-0.6374672055244446,-0.20925185084342957,0.07832957059144974,0.034688808023929596,-1.6247398572220953e-17,-1.0687898256887804,-1.1894663183301544,-0.4440940167833153,-5.2832411492621246e-05,0.0,-1.8685101751901281e-16,-12.025484868222945,-9.938868412204133,-1.879681580772009,-0.0002231161185564005,0.0,36.889984130859375,38.64998245239258,39.42998123168945,42.90998458862305,44.019981384277344,45.0084114074707,-0.3499246581797211,0.0001594359858349899,0.22436611004818477,-2.3029609433537406,2.1308046502654943,0.0005149513413603757,0.0,0.0,0.0,0.0,0.0,0.0,0.0,0.0,0.0,0.0,0.0,0.0,3.0,7.0,1.0,1.0,2.0,1.0,0.24,0.0,0.24,1.0,nan,nan,nan,nan,nan,nan,0.430776,47.16400146484375,47.0880012512207,46.95199966430664,46.875999450683594,46.99700164794922,46.93600082397461,47.21864318847656,0.8235656023025513,47.21864318847656,0.0,0.0
2.857387,1163.56,-0.3270457426654261,-1.420046631489889,1.2360868453979492,-1.386092487965719,-1.5709541479693812,2.7379965782165527,0.0,0.0,-0.0,0.0,0.0,0.0,-0.3269999921321869,-1.4199999570846558,1.2359999418258667,-1.3860000371932983,-1.5709999799728394,2.73799991607666,0.0,0.0,0.0,0.0,0.0,0.0,0.02467346377670765,-1.173111081123352,-0.613066554069519,-0.2193228006362915,0.07049661129713058,0.025736859068274498,-1.6247398572220953e-17,-1.0687898256887804,-1.1894663183301544,-0.4440940167833153,-5.2832411492621246e-05,0.0,-1.8685101751901281e-16,-12.025484868222945,-9.938868412204133,-1.879681580772009,-0.0002231161185564005,0.0,36.889984130859375,38.64998245239258,39.42998123168945,42.90998458862305,44.019981384277344,45.0084114074707,-0.34992346057425316,0.00016318896949337082,0.22437151262559418,-2.3030064415532547,2.1307697697040555,0.0005489115385484105,0.0,0.0,0.0,0.0,0.0,0.0,0.0,0.0,0.0,0.0,0.0,0.0,3.0,7.0,1.0,1.0,2.0,1.0,0.24,0.0,0.24,1.0,nan,nan,nan,nan,nan,nan,0.433272,47.16400146484375,47.0880012512207,46.95199966430664,46.875999450683594,46.99700164794922,46.93600082397461,47.21864318847656,0.6087239384651184,47.21864318847656,0.0,0.0
2.865504,1163.568,-0.32705766359438115,-1.4200108687030237,1.2360749244689941,-1.386092487965719,-1.5709779898272913,2.738020658493042,0.0,0.0,-0.0,0.0,0.0,0.0,-0.3269999921321869,-1.4199999570846558,1.2359999418258667,-1.3860000371932983,-1.5709999799728394,2.73799991607666,0.0,0.0,0.0,0.0,0.0,0.0,0.02467346377670765,-1.087875485420227,-0.6054413318634033,-0.22939373552799225,0.07609158009290695,0.054830700159072876,-1.6247398572220953e-17,-1.0687898256887804,-1.1894663183301544,-0.4440940167833153,-5.2832411492621246e-05,0.0,-1.8685101751901281e-16,-12.025484868222945,-9.938868412204133,-1.879681580772009,-0.0002231161185564005,0.0,36.889984130859375,38.64998245239258,39.42998123168945,42.90998458862305,44.019981384277344,45.0084114074707,-0.3499262316649835,0.00017353038592693334,0.2243631918660548,-2.302945006321142,2.130789834443097,0.0005300576654348608,0.0,0.0,0.0,0.0,0.0,0.0,0.0,0.0,0.0,0.0,0.0,0.0,3.0,7.0,1.0,1.0,2.0,1.0,0.24,0.0,0.24,1.0,nan,nan,nan,nan,nan,nan,0.42697199999999996,47.16400146484375,47.0880012512207,46.95199966430664,46.875999450683594,46.99700164794922,46.93600082397461,47.21864318847656,0.6087239384651184,47.21864318847656,0.0,0.0
2.873624,1163.576,-0.327033821736471,-1.4200823942767542,1.2360749244689941,-1.386092487965719,-1.5709541479693812,2.738020658493042,0.0,0.0,-0.0,0.0,0.0,0.0,-0.3269999921321869,-1.4199999570846558,1.2359999418258667,-1.3860000371932983,-1.5709999799728394,2.73799991607666,0.0,0.0,0.0,0.0,0.0,0.0,0.0269165076315403,-1.1215211153030396,-0.602391242980957,-0.21820379793643951,0.07609158009290695,0.03916478529572487,-1.6247398572220953e-17,-1.0687898256887804,-1.1894663183301544,-0.4440940167833153,-5.2832411492621246e-05,0.0,-1.8685101751901281e-16,-12.025484868222945,-9.938868412204133,-1.879681580772009,-0.0002231161185564005,0.0,36.889984130859375,38.64998245239258,39.42998123168945,42.90998458862305,44.019981384277344,45.0084114074707,-0.3499229152959836,0.00015881757134613393,0.22438688411637855,-2.3030076897792116,2.1307970243041727,0.0006173415255951517,0.0,0.0,0.0,0.0,0.0,0.0,0.0,0.0,0.0,0.0,0.0,0.0,3.0,7.0,1.0,1.0,2.0,1.0,0.24,0.0,0.24,1.0,nan,nan,nan,nan,nan,nan,0.42637200000000003,47.16400146484375,47.0880012512207,46.95199966430664,46.875999450683594,46.99700164794922,46.93600082397461,47.21864318847656,0.7877604365348816,47.21864318847656,0.0,0.0
2.881753,1163.584,-0.32699758211244756,-1.420046631489889,1.2360506057739258,-1.386092487965719,-1.5709541479693812,2.738020658493042,0.0,0.0,-0.0,0.0,0.0,0.0,-0.3269999921321869,-1.4199999570846558,1.2359999418258667,-1.3860000371932983,-1.5709999799728394,2.73799991607666,0.0,0.0,0.0,0.0,0.0,0.0,0.0314025916159153,-1.083389401435852,-0.623741865158081,-0.2204417884349823,0.06490164250135422,0.05594969168305397,-1.6247398572220953e-17,-1.0687898256887804,-1.1894663183301544,-0.4440940167833153,-5.2832411492621246e-05,0.0,-1.8685101751901281e-16,-12.025484868222945,-9.938868412204133,-1.879681580772009,-0.0002231161185564005,0.0,36.889984130859375,38.64998245239258,39.42998123168945,42.90998458862305,44.019981384277344,45.0084114074707,-0.34992925804227165,0.00014829236784871667,0.22438220126564656,-2.3030428881368463,2.1307521420254805,0.0006010546732114079,0.0,0.0,0.0,0.0,0.0,0.0,0.0,0.0,0.0,0.0,0.0,0.0,3.0,7.0,1.0,1.0,2.0,1.0,0.24,0.0,0.24,1.0,nan,nan,nan,nan,nan,nan,0.428904,47.16400146484375,47.104000091552734,46.95199966430664,46.875999450683594,46.99700164794922,46.93600082397461,47.21864318847656,0.7877604365348816,47.21864318847656,0.0,0.0
2.889874,1163.5919999999999,-0.32700950304140264,-1.4200347105609339,1.2360749244689941,-1.3860686461078089,-1.570942227040426,2.738044500350952,0.0,0.0,-0.0,0.0,0.0,0.0,-0.3269999921321869,-1.4199999570846558,1.2359999418258667,-1.3860000371932983,-1.5709999799728394,2.73799991607666,0.0,0.0,0.0,0.0,0.0,0.0,0.0291595496237278,-1.101333737373352,-0.6222168207168579,-0.22491776943206787,0.06490164250135422,0.025736859068274498,-1.6247398572220953e-17,-1.0687898256887804,-1.1894663183301544,-0.4440940167833153,-5.2832411492621246e-05,0.0,-1.8685101751901281e-16,-12.025484868222945,-9.938868412204133,-1.879681580772009,-0.0002231161185564005,0.0,36.889984130859375,38.64998245239258,39.42998123168945,42.90998458862305,44.019981384277344,45.0084114074707,-0.3499222928927866,0.00014751638371545588,0.22436903767107624,-2.3029947982861803,2.1307840694567695,0.0005074039359842566,0.0,0.0,0.0,0.0,0.0,0.0,0.0,0.0,0.0,0.0,0.0,0.0,3.0,7.0,1.0,1.0,2.0,1.0,0.24,0.0,0.24,1.0,nan,nan,nan,nan,nan,nan,0.42679199999999995,47.16400146484375,47.104000091552734,46.95199966430664,46.86000061035156,46.99700164794922,46.93600082397461,47.21864318847656,0.6803395748138428,47.21864318847656,0.0,0.0
2.898071,1163.6,-0.3270214239703577,-1.4200347105609339,1.2360386848449707,-1.386080567036764,-1.5709660688983362,2.738008499145508,0.0,0.0,-0.0,0.0,0.0,0.0,-0.3269999921321869,-1.4199999570846558,1.2359999418258667,-1.3860000371932983,-1.5709999799728394,2.73799991607666,0.0,0.0,0.0,0.0,0.0,0.0,0.02243042178452015,-1.0542298555374146,-0.6145915985107422,-0.19694292545318604,0.06602063775062561,0.04923573136329651,-1.6247398572220953e-17,-1.0687898256887804,-1.1894663183301544,-0.4440940167833153,-5.2832411492621246e-05,0.0,-1.8685101751901281e-16,-12.025484868222945,-9.938868412204133,-1.879681580772009,-0.0002231161185564005,0.0,36.889984130859375,38.64998245239258,39.42998123168945,42.90998458862305,44.019981384277344,45.0084114074707,-0.34992884160538773,0.0001591142452392417,0.22438075986029746,-2.3030188485765537,2.1307549280146962,0.000591501994203323,0.0,0.0,0.0,0.0,0.0,0.0,0.0,0.0,0.0,0.0,0.0,0.0,3.0,7.0,1.0,1.0,2.0,1.0,0.24,0.0,0.24,1.0,nan,nan,nan,nan,nan,nan,0.431928,47.16400146484375,47.104000091552734,46.95199966430664,46.86000061035156,46.99700164794922,46.93600082397461,47.21864318847656,0.7519552707672119,47.21864318847656,0.0,0.0
2.906188,1163.608,-0.3270457426654261,-1.420046631489889,1.2360987663269043,-1.386092487965719,-1.5709660688983362,2.7379965782165527,0.0,0.0,-0.0,0.0,0.0,0.0,-0.3269999921321869,-1.4199999570846558,1.2359999418258667,-1.3860000371932983,-1.5709999799728394,2.73799991607666,0.0,0.0,0.0,0.0,0.0,0.0,0.0291595496237278,-1.110305905342102,-0.6176416873931885,-0.22603675723075867,0.07385359704494476,0.0335698164999485,-1.6247398572220953e-17,-1.0687898256887804,-1.1894663183301544,-0.4440940167833153,-5.2832411492621246e-05,0.0,-1.8685101751901281e-16,-12.025484868222945,-9.938868412204133,-1.879681580772009,-0.0002231161185564005,0.0,36.889984130859375,38.64998245239258,39.42998123168945,42.90998458862305,44.019981384277344,45.0084114074707,-0.34992076446522086,0.0001648870223827023,0.22436800609571614,-2.30299490627425,2.1307590589614174,0.0005394693168608786,0.0,0.0,0.0,0.0,0.0,0.0,0.0,0.0,0.0,0.0,0.0,0.0,3.0,7.0,1.0,1.0,2.0,1.0,0.24,0.0,0.24,1.0,nan,nan,nan,nan,nan,nan,0.454812,47.16400146484375,47.104000091552734,46.95199966430664,46.86000061035156,46.99700164794922,46.93600082397461,47.21864318847656,0.7161448001861572,47.21864318847656,0.0,0.0
2.914316,1163.616,-0.327033821736471,-1.420046631489889,1.2360386848449707,-1.3861048857318323,-1.5709541479693812,2.738020658493042,0.0,0.0,-0.0,0.0,0.0,0.0,-0.3269999921321869,-1.4199999570846558,1.2359999418258667,-1.3860000371932983,-1.5709999799728394,2.73799991607666,0.0,0.0,0.0,0.0,0.0,0.0,0.0291595496237278,-1.056472897529602,-0.6328920722007751,-0.2036568820476532,0.067139632999897,0.04699774086475372,-1.6247398572220953e-17,-1.0687898256887804,-1.1894663183301544,-0.4440940167833153,-5.2832411492621246e-05,0.0,-1.8685101751901281e-16,-12.025484868222945,-9.938868412204133,-1.879681580772009,-0.0002231161185564005,0.0,36.889984130859375,38.64998245239258,39.42998123168945,42.90998458862305,44.019981384277344,45.0084114074707,-0.34993359387346523,0.00016243584450407116,0.22438677291743966,-2.303011559765475,2.13080059990199,0.0006357684433411146,0.0,0.0,0.0,0.0,0.0,0.0,0.0,0.0,0.0,0.0,0.0,0.0,3.0,7.0,1.0,1.0,2.0,1.0,0.24,0.0,0.24,1.0,nan,nan,nan,nan,nan,nan,0.43595999999999996,47.16400146484375,47.104000091552734,46.95199966430664,46.86000061035156,46.99700164794922,46.93600082397461,47.21864318847656,0.6087239384651184,47.21864318847656,0.0,0.0
2.922401,1163.624,-0.327033821736471,-1.4199984709369105,1.2360267639160156,-1.3861168066607874,-1.5709660688983362,2.7379965782165527,0.0,0.0,-0.0,0.0,0.0,0.0,-0.3269999921321869,-1.4199999570846558,1.2359999418258667,-1.3860000371932983,-1.5709999799728394,2.73799991607666,0.0,0.0,0.0,0.0,0.0,0.0,0.0269165076315403,-1.1170350313186646,-0.6008661985397339,-0.2215607762336731,0.07609158009290695,0.04028377681970596,-1.6247398572220953e-17,-1.0687898256887804,-1.1894663183301544,-0.4440940167833153,-5.2832411492621246e-05,0.0,-1.8685101751901281e-16,-12.025484868222945,-9.938868412204133,-1.879681580772009,-0.0002231161185564005,0.0,36.889984130859375,38.64998245239258,39.42998123168945,42.90998458862305,44.019981384277344,45.00957107543945,-0.34994035198358625,0.00016734396662560364,0.2243753472972741,-2.3030220211802273,2.1307587078102097,0.0006084709656966054,0.0,0.0,0.0,0.0,0.0,0.0,0.0,0.0,0.0,0.0,0.0,0.0,3.0,7.0,1.0,1.0,2.0,1.0,0.24,0.0,0.24,1.0,nan,nan,nan,nan,nan,nan,0.428568,47.16400146484375,47.104000091552734,46.95199966430664,46.86000061035156,47.012001037597656,46.92100143432617,47.21864318847656,0.6445291042327881,47.21864318847656,0.0,0.0
2.930520,1163.6319999999998,-0.327033821736471,-1.4200227896319788,1.2360506057739258,-1.386092487965719,-1.570942227040426,2.738008499145508,0.0,0.0,-0.0,0.0,0.0,0.0,-0.3269999921321869,-1.4199999570846558,1.2359999418258667,-1.3860000371932983,-1.5709999799728394,2.73799991607666,0.0,0.0,0.0,0.0,0.0,0.0,0.0269165076315403,-1.0587159395217896,-0.6206917762756348,-0.21484681963920593,0.08056755363941193,0.04699774086475372,-1.6247398572220953e-17,-1.0687898256887804,-1.1894663183301544,-0.4440940167833153,-5.2832411492621246e-05,0.0,-1.8685101751901281e-16,-12.025484868222945,-9.938868412204133,-1.879681580772009,-0.0002231161185564005,0.0,36.889984130859375,38.64998245239258,39.42998123168945,42.90998458862305,44.019981384277344,45.00957107543945,-0.3499316783500829,0.0001591943860887742,0.22437428804726933,-2.3030181144884967,2.1307806361078554,0.0005591070359384451,0.0,0.0,0.0,0.0,0.0,0.0,0.0,0.0,0.0,0.0,0.0,0.0,3.0,7.0,1.0,1.0,2.0,1.0,0.24,0.0,0.24,1.0,nan,nan,nan,nan,nan,nan,0.429588,47.16400146484375,47.104000091552734,46.92100143432617,46.86000061035156,47.012001037597656,46.92100143432617,47.21864318847656,0.6087239384651184,47.21864318847656,0.0,0.0
2.938662,1163.6399999999999,-0.32700950304140264,-1.4200227896319788,1.2360386848449707,-1.3861048857318323,-1.5709660688983362,2.738020658493042,0.0,0.0,-0.0,0.0,0.0,0.0,-0.3269999921321869,-1.4199999570846558,1.2359999418258667,-1.3860000371932983,-1.5709999799728394,2.73799991607666,0.0,0.0,0.0,0.0,0.0,0.0,0.0314025916159153,-1.092361569404602,-0.6328920722007751,-0.21372783184051514,0.0839245393872261,0.06378264725208282,-1.6247398572220953e-17,-1.0687898256887804,-1.1894663183301544,-0.4440940167833153,-5.2832411492621246e-05,0.0,-1.8685101751901281e-16,-12.025484868222945,-9.938868412204133,-1.879681580772009,-0.0002231161185564005,0.0,36.889984130859375,38.64998245239258,39.42998123168945,42.90998458862305,44.019981384277344,45.00957107543945,-0.34993444096131626,0.00015682978685537018,0.22437887840387344,-2.3030223825833676,2.130758590161535,0.0006093214193246628,0.0,0.0,0.0,0.0,0.0,0.0,0.0,0.0,0.0,0.0,0.0,0.0,3.0,7.0,1.0,1.0,2.0,1.0,0.24,0.0,0.24,1.0,nan,nan,nan,nan,nan,nan,0.431076,47.16400146484375,47.104000091552734,46.92100143432617,46.86000061035156,47.012001037597656,46.92100143432617,47.21864318847656,0.5729187726974487,47.21864318847656,0.0,0.0
2.946779,1163.648,-0.32700950304140264,-1.4200108687030237,1.2360625267028809,-1.3860686461078089,-1.5709541479693812,2.738020658493042,0.0,0.0,-0.0,0.0,0.0,0.0,-0.3269999921321869,-1.4199999570846558,1.2359999418258667,-1.3860000371932983,-1.5709999799728394,2.73799991607666,0.0,0.0,0.0,0.0,0.0,0.0,0.0269165076315403,-1.056472897529602,-0.6145915985107422,-0.21372783184051514,0.08056755363941193,0.04364075884222984,-1.6247398572220953e-17,-1.0687898256887804,-1.1894663183301544,-0.4440940167833153,-5.2832411492621246e-05,0.0,-1.8685101751901281e-16,-12.025484868222945,-9.938868412204133,-1.879681580772009,-0.0002231161185564005,0.0,36.889984130859375,38.64998245239258,39.42998123168945,42.90998458862305,44.019981384277344,45.00957107543945,-0.349925116667992,0.00015108931813301042,0.22436479993626574,-2.303008795168453,2.1307460548823625,0.000498563738772671,0.0,0.0,0.0,0.0,0.0,0.0,0.0,0.0,0.0,0.0,0.0,0.0,3.0,7.0,1.0,1.0,2.0,1.0,0.24,0.0,0.24,1.0,nan,nan,nan,nan,nan,nan,0.431916,47.16400146484375,47.104000091552734,46.92100143432617,46.86000061035156,47.012001037597656,46.92100143432617,47.21864318847656,0.6087239384651184,47.21864318847656,0.0,0.0
2.954898,1163.656,-0.32699758211244756,-1.4200227896319788,1.2360868453979492,-1.386092487965719,-1.5709660688983362,2.7379965782165527,0.0,0.0,-0.0,0.0,0.0,0.0,-0.3269999921321869,-1.4199999570846558,1.2359999418258667,-1.3860000371932983,-1.5709999799728394,2.73799991607666,0.0,0.0,0.0,0.0,0.0,0.0,0.0269165076315403,-1.092361569404602,-0.6206917762756348,-0.2025378942489624,0.07721057534217834,0.027974845841526985,-1.6247398572220953e-17,-1.0687898256887804,-1.1894663183301544,-0.4440940167833153,-5.2832411492621246e-05,0.0,-1.8685101751901281e-16,-12.025484868222945,-9.938868412204133,-1.879681580772009,-0.0002231161185564005,0.0,36.889984130859375,38.64998245239258,39.42998123168945,42.90998458862305,44.019981384277344,45.00957107543945,-0.3499243109593435,0.0001492402056350135,0.22436361836689514,-2.3030426664838592,2.1307003073861384,0.0005225417671890241,0.0,0.0,0.0,0.0,0.0,0.0,0.0,0.0,0.0,0.0,0.0,0.0,3.0,7.0,1.0,1.0,2.0,1.0,0.24,0.0,0.24,1.0,nan,nan,nan,nan,nan,nan,0.440724,47.16400146484375,47.104000091552734,46.92100143432617,46.86000061035156,47.012001037597656,46.92100143432617,47.21864318847656,0.6803395748138428,47.21864318847656,0.0,0.0
2.963024,1163.664,-0.3270214239703577,-1.4200704733477991,1.2360625267028809,-1.386080567036764,-1.570942227040426,2.7379846572875977,0.0,0.0,-0.0,0.0,0.0,0.0,-0.3269999921321869,-1.4199999570846558,1.2359999418258667,-1.3860000371932983,-1.5709999799728394,2.73799991607666,0.0,0.0,0.0,0.0,0.0,0.0,0.0291595496237278,-1.0587159395217896,-0.5993412137031555,-0.21484681963920593,0.07049661129713058,0.022379877045750618,-1.6247398572220953e-17,-1.0687898256887804,-1.1894663183301544,-0.4440940167833153,-5.2832411492621246e-05,0.0,-1.8685101751901281e-16,-12.025484868222945,-9.938868412204133,-1.879681580772009,-0.0002231161185564005,0.0,36.889984130859375,38.64998245239258,39.42998123168945,42.90998458862305,44.019981384277344,45.00957107543945,-0.34992416342886534,0.00015230080547330612,0.22438556461257414,-2.3030637815395054,2.1307455411934026,0.0005932425254454724,0.0,0.0,0.0,0.0,0.0,0.0,0.0,0.0,0.0,0.0,0.0,0.0,3.0,7.0,1.0,1.0,2.0,1.0,0.24,0.0,0.24,1.0,nan,nan,nan,nan,nan,nan,0.431004,47.16400146484375,47.104000091552734,46.92100143432617,46.86000061035156,47.012001037597656,46.92100143432617,47.279415130615234,0.6087239384651184,47.21864318847656,0.0,0.0
2.971183,1163.672,-0.3270214239703577,-1.4200108687030237,1.2360749244689941,-1.386092487965719,-1.5709541479693812,2.738020658493042,0.0,0.0,-0.0,0.0,0.0,0.0,-0.3269999921321869,-1.4199999570846558,1.2359999418258667,-1.3860000371932983,-1.5709999799728394,2.73799991607666,0.0,0.0,0.0,0.0,0.0,0.0,0.0291595496237278,-1.078903317451477,-0.6084914207458496,-0.22827474772930145,0.07944856584072113,0.0503547228872776,-1.6247398572220953e-17,-1.0687898256887804,-1.1894663183301544,-0.4440940167833153,-5.2832411492621246e-05,0.0,-1.8685101751901281e-16,-12.025484868222945,-9.938868412204133,-1.879681580772009,-0.0002231161185564005,0.0,36.889984130859375,38.64998245239258,39.42998123168945,42.90998458862305,44.019981384277344,45.00957107543945,-0.349927820509393,0.0001561660285543959,0.22436317299323616,-2.3029995965959347,2.1307628911846894,0.000514904835303706,0.0,0.0,0.0,0.0,0.0,0.0,0.0,0.0,0.0,0.0,0.0,0.0,3.0,7.0,1.0,1.0,2.0,1.0,0.24,0.0,0.24,1.0,nan,nan,nan,nan,nan,nan,0.427896,47.16400146484375,47.104000091552734,46.92100143432617,46.86000061035156,47.012001037597656,46.92100143432617,47.21864318847656,0.7161448001861572,47.21864318847656,0.0,0.0
2.979308,1163.6799999999998,-0.327033821736471,-1.420046631489889,1.2360506057739258,-1.386080567036764,-1.5709660688983362,2.738032579421997,0.0,0.0,-0.0,0.0,0.0,0.0,-0.3269999921321869,-1.4199999570846558,1.2359999418258667,-1.3860000371932983,-1.5709999799728394,2.73799991607666,0.0,0.0,0.0,0.0,0.0,0.0,0.0314025916159153,-1.0901185274124146,-0.623741865158081,-0.21037083864212036,0.06937761604785919,0.034688808023929596,-1.6247398572220953e-17,-1.0687898256887804,-1.1894663183301544,-0.4440940167833153,-5.2832411492621246e-05,0.0,-1.8685101751901281e-16,-12.025484868222945,-9.938868412204133,-1.879681580772009,-0.0002231161185564005,0.0,36.889984130859375,38.64998245239258,39.42998123168945,42.90998458862305,44.019981384277344,45.00957107543945,-0.3499261177925787,0.0001625279857397563,0.22438119574374468,-2.3029799906472452,2.1307969238700406,0.0005915422380201984,0.0,0.0,0.0,0.0,0.0,0.0,0.0,0.0,0.0,0.0,0.0,0.0,3.0,7.0,1.0,1.0,2.0,1.0,0.24,0.0,0.24,1.0,nan,nan,nan,nan,nan,nan,0.429516,47.16400146484375,47.104000091552734,46.92100143432617,46.86000061035156,47.012001037597656,46.92100143432617,47.21864318847656,0.7877604365348816,47.21864318847656,0.0,0.0
2.987431,1163.6879999999999,-0.32700950304140264,-1.4199865500079554,1.2360625267028809,-1.3861406485186976,-1.5709541479693812,2.738044500350952,0.0,0.0,-0.0,0.0,0.0,0.0,-0.3269999921321869,-1.4199999570846558,1.2359999418258667,-1.3860000371932983,-1.5709999799728394,2.73799991607666,0.0,0.0,0.0,0.0,0.0,0.0,0.0358886756002903,-1.1080628633499146,-0.6161166429519653,-0.204775869846344,0.067139632999897,0.05259270966053009,-1.6247398572220953e-17,-1.0687898256887804,-1.1894663183301544,-0.4440940167833153,-5.2832411492621246e-05,0.0,-1.8685101751901281e-16,-12.025484868222945,-9.938868412204133,-1.879681580772009,-0.0002231161185564005,0.0,36.889984130859375,38.64998245239258,39.42998123168945,42.90998458862305,44.019981384277344,45.00957107543945,-0.3499409369575887,0.0001564174716266402,0.22436286759482846,-2.3029978737522763,2.1307865809416953,0.0005668972227215846,0.0,0.0,0.0,0.0,0.0,0.0,0.0,0.0,0.0,0.0,0.0,0.0,3.0,7.0,1.0,1.0,2.0,1.0,0.24,0.0,0.24,1.0,nan,nan,nan,nan,nan,nan,0.430524,47.16400146484375,47.104000091552734,46.92100143432617,46.86000061035156,47.012001037597656,46.92100143432617,47.21864318847656,0.6445291042327881,47.21864318847656,0.0,0.0
2.995560,1163.696,-0.32705766359438115,-1.4200823942767542,1.2360625267028809,-1.386080567036764,-1.5709779898272913,2.7379729747772217,0.0,0.0,-0.0,0.0,0.0,0.0,-0.3269999921321869,-1.4199999570846558,1.2359999418258667,-1.3860000371932983,-1.5709999799728394,2.73799991607666,0.0,0.0,0.0,0.0,0.0,0.0,0.0358886756002903,-1.096847653388977,-0.6328920722007751,-0.22267977893352509,0.07273460179567337,0.03692679852247238,-1.6247398572220953e-17,-1.0687898256887804,-1.1894663183301544,-0.4440940167833153,-5.2832411492621246e-05,0.0,-1.8685101751901281e-16,-12.025484868222945,-9.938868412204133,-1.879681580772009,-0.0002231161185564005,0.0,36.889984130859375,38.64998245239258,39.42998123168945,42.90998458862305,44.019981384277344,45.01061248779297,-0.34992096590211785,0.00017172538486396162,0.2243895447017458,-2.30301719498504,2.1307549503278604,0.0006330715753322522,0.0,0.0,0.0,0.0,0.0,0.0,0.0,0.0,0.0,0.0,0.0,0.0,3.0,7.0,1.0,1.0,2.0,1.0,0.24,0.0,0.24,1.0,nan,nan,nan,nan,nan,nan,0.43318799999999996,47.16400146484375,47.104000091552734,46.92100143432617,46.86000061035156,46.981998443603516,46.95199966430664,47.21864318847656,0.6087239384651184,47.21864318847656,0.0,0.0
