t,bf,pos_err,rot_err,pd_x,pd_y,pd_z,pd_ref_x,pd_ref_y,pd_ref_z,p_x,p_y,p_z,q0,q1,q2,q3,q4,q5,dq0,dq1,dq2,dq3,dq4,dq5,q_servo0,q_servo1,q_servo2,q_servo3,q_servo4,q_servo5,dq_des0,dq_des1,dq_des2,dq_des3,dq_des4,dq_des5,tau0,tau1,tau2,tau3,tau4,tau5,tau_lim0,tau_lim1,tau_lim2,tau_lim3,tau_lim4,tau_lim5
0.0,1.0,4.895164491934877e-05,0.00017219611040736213,0.35005894896401785,-0.00012798241399927254,0.3498625216665943,0.35005894896401785,-0.00012798241399927254,0.3498625216665943,0.3500631557852383,-0.0001429698234705519,0.34981611106701976,-0.3270934263812464,-1.4199627081500452,1.2360386848449707,-1.3860686461078089,-1.5709541479693812,2.738020658493042,0.0,0.0,-0.0,0.0,0.0,0.0,-0.3270933938063906,-1.4199866151050857,1.236062554668758,-1.386068802878046,-1.5710023502779873,2.7380206913460747,8.143713954979616e-06,-1.6274282585495047e-05,6.991469280449919e-06,-3.919255923568891e-05,-1.0438906924209748e-05,8.21325817150964e-06,0.0010362109365139034,-8.038312644118022,-6.269877620826688,-0.9629047712210332,-2.865447292455955e-05,3.4584430791347037e-09,28.0,28.0,14.0,6.0,6.0,6.0
0.004,1.0,4.895164491934877e-05,0.00017219611040736213,0.35005894896401785,-0.00012798241399927254,0.3498625216665943,0.35005894896401785,-0.00012798241399927254,0.3498625216665943,0.3500631557852383,-0.0001429698234705519,0.34981611106701976,-0.3270934263812464,-1.4199627081500452,1.2360386848449707,-1.3860686461078089,-1.5709541479693812,2.738020658493042,0.0,0.0,-0.0,0.0,0.0,0.0,-0.3270933306111703,-1.4199867413935185,1.2360626089225597,-1.3860691070123057,-1.571002431283905,2.7380207550809583,1.5798805072660454e-05,-3.157210821586039e-05,1.3563450404072842e-05,-7.603356491723649e-05,-2.0251479432966912e-05,1.5933720852728703e-05,0.0010362109365139034,-8.038312644118022,-6.269877620826688,-0.9629047712210332,-2.865447292455955e-05,3.4584430791347037e-09,28.0,28.0,14.0,6.0,6.0,6.0
0.008,1.0,4.895164491934877e-05,0.00017219611040736213,0.35005894896401785,-0.00012798241399927254,0.3498625216665943,0.35005894896401785,-0.00012798241399927254,0.3498625216665943,0.3500631557852383,-0.0001429698234705519,0.34981611106701976,-0.3270934263812464,-1.4199627081500452,1.2360386848449707,-1.3860686461078089,-1.5709541479693812,2.738020658493042,0.0,0.0,-0.0,0.0,0.0,0.0,-0.3270932386328074,-1.4199869252017758,1.2360626878870102,-1.3860695496687467,-1.5710025491850954,2.7380208478447816,2.2994590723280442e-05,-4.595206430840381e-05,1.974111266027839e-05,-0.00011066411025789122,-2.9475297591198644e-05,2.319095577307462e-05,0.0010362109365139034,-8.038312644118022,-6.269877620826688,-0.9629047712210332,-2.865447292455955e-05,3.4584430791347037e-09,28.0,28.0,14.0,6.0,6.0,6.0
0.012502662020968273,1.0,4.895164491934877e-05,0.00017219611040736213,0.35005894896401785,-0.00012798241399927254,0.3498625216665943,0.35005894896401785,-0.00012798241399927254,0.3498625216665943,0.3500631557852383,-0.0001429698234705519,0.34981611106701976,-0.3270934263812464,-1.4199627081500452,1.2360386848449707,-1.3860686461078089,-1.5709541479693812,2.738020658493042,0.0,0.0,-0.0,0.0,0.0,0.0,-0.32709311959829046,-1.419987163078668,1.236062790079471,-1.3860701225360383,-1.571002701767842,2.738020967895808,2.975862923486323e-05,-5.946922303539463e-05,2.5548115181111607e-05,-0.00014321682287810666,-3.814568665993647e-05,3.001275659819978e-05,0.0010362109365139034,-8.038312644118022,-6.269877620826688,-0.9629047712210332,-2.865447292455955e-05,3.4584430791347037e-09,28.0,28.0,14.0,6.0,6.0,6.0
0.016502662020968274,1.0,5.3859878755379174e-05,0.0002054285672913217,0.35005894896401785,-0.00012798241399927254,0.3498625216665943,0.35005894896401785,-0.00012798241399927254,0.3498625216665943,0.3500632643237788,-0.00013986398184486436,0.34981016622222405,-0.3270815054522913,-1.4199507872210901,1.2360386848449707,-1.386045281087057,-1.5709660688983362,2.738020658493042,0.0,0.0,-0.0,0.0,0.0,0.0,-0.3270929836703621,-1.4199874678355917,1.2360629331705435,-1.3860708614562407,-1.571002873214814,2.73802111878968,3.398198209005287e-05,-7.618923091344495e-05,3.577276811688578e-05,-0.00018473005056442055,-4.286174299414522e-05,3.7723468049013614e-05,0.0009844173108560746,-8.038747435434397,-6.269981325140707,-0.9629279276253266,-3.182217154616765e-05,1.5736275894863934e-07,28.0,28.0,14.0,6.0,6.0,6.0
0.02200512402970344,1.0,5.3859878755379174e-05,0.0002054285672913217,0.35005894896401785,-0.00012798241399927254,0.3498625216665943,0.35005894896401785,-0.00012798241399927254,0.3498625216665943,0.3500632643237788,-0.00013986398184486436,0.34981016622222405,-0.3270815054522913,-1.4199507872210901,1.2360386848449707,-1.386045281087057,-1.5709660688983362,2.738020658493042,0.0,0.0,-0.0,0.0,0.0,0.0,-0.327092831862627,-1.419987835459745,1.236063114706311,-1.386071756466179,-1.5710030623941578,2.7380212986758274,3.7951933773931126e-05,-9.190603831881226e-05,4.5383941876513505e-05,-0.0002237524845895556,-4.7294835948301444e-05,4.4971536812778616e-05,0.0009844173108560746,-8.038747435434397,-6.269981325140707,-0.9629279276253266,-3.182217154616765e-05,1.5736275894863934e-07,28.0,28.0,14.0,6.0,6.0,6.0
0.02600512402970344,1.0,5.855263489143419e-05,0.00021816604454368783,0.35005894896401785,-0.00012798241399927254,0.3498625216665943,0.35005894896401785,-0.00012798241399927254,0.3498625216665943,0.3500577243342362,-0.00013798444503440195,0.3498048426347907,-0.3270815054522913,-1.4199746290790003,1.2360868453979492,-1.3860567251788538,-1.5709660688983362,2.738044500350952,0.0,0.0,-0.0,0.0,0.0,0.0,-0.32709266512987784,-1.4199882516568596,1.2360633114689088,-1.3860728026450468,-1.5710032682444266,2.738021478347069,4.168318729115046e-05,-0.00010404927865222191,4.919064945332021e-05,-0.0002615447169209552,-5.1462567183589676e-05,4.491781036218362e-05,0.0009156908293030695,-8.038432527792498,-6.270089574173779,-0.9629517473785459,-3.182458353362468e-05,-1.502242069687413e-07,28.0,28.0,14.0,6.0,6.0,6.0
0.03092219202918932,1.0,5.855263489143419e-05,0.00021816604454368783,0.35005894896401785,-0.00012798241399927254,0.3498625216665943,0.35005894896401785,-0.00012798241399927254,0.3498625216665943,0.3500577243342362,-0.00013798444503440195,0.3498048426347907,-0.3270815054522913,-1.4199746290790003,1.2360868453979492,-1.3860567251788538,-1.5709660688983362,2.738044500350952,0.0,0.0,-0.0,0.0,0.0,0.0,-0.32709248436761545,-1.419988713512558,1.2360635225447272,-1.386073990922708,-1.5710034897653649,2.738021657816299,4.519056559733663e-05,-0.00011546392456562698,5.276895457551852e-05,-0.00029706941531247084,-5.538023454476061e-05,4.4867307498624324e-05,0.0009156908293030695,-8.038432527792498,-6.270089574173779,-0.9629517473785459,-3.182458353362468e-05,-1.502242069687413e-07,28.0,28.0,14.0,6.0,6.0,6.0
0.03492219202918932,1.0,5.855263489143419e-05,0.00021816604454368783,0.35005894896401785,-0.00012798241399927254,0.3498625216665943,0.35005894896401785,-0.00012798241399927254,0.3498625216665943,0.3500577243342362,-0.00013798444503440195,0.3498048426347907,-0.3270815054522913,-1.4199746290790003,1.2360868453979492,-1.3860567251788538,-1.5709660688983362,2.738044500350952,0.0,0.0,-0.0,0.0,0.0,0.0,-0.3270922904176106,-1.4199892182873248,1.2360637470749727,-1.3860753127732353,-1.5710037260167322,2.7380218370956384,4.848750120515163e-05,-0.00012619369172422776,5.613256139038492e-05,-0.00033046263180049556,-5.906284186426129e-05,4.4819834806878585e-05,0.0009156908293030695,-8.038432527792498,-6.270089574173779,-0.9629517473785459,-3.182458353362468e-05,-1.502242069687413e-07,28.0,28.0,14.0,6.0,6.0,6.0
0.03949134902679362,1.0,5.855263489143419e-05,0.00021816604454368783,0.35005894896401785,-0.00012798241399927254,0.3498625216665943,0.35005894896401785,-0.00012798241399927254,0.3498625216665943,0.3500577243342362,-0.00013798444503440195,0.3498048426347907,-0.3270815054522913,-1.4199746290790003,1.2360868453979492,-1.3860567251788538,-1.5709660688983362,2.738044500350952,0.0,0.0,-0.0,0.0,0.0,0.0,-0.32709208407112794,-1.4199897634060163,1.23606398425238,-1.3860767601822566,-1.5710039761147032,2.73802201619648,5.158662067649774e-05,-0.00013627967285331248,5.929435179635934e-05,-0.00036185225529923874,-6.252449274459193e-05,4.4775210476637595e-05,0.0009156908293030695,-8.038432527792498,-6.270089574173779,-0.9629517473785459,-3.182458353362468e-05,-1.502242069687413e-07,28.0,28.0,14.0,6.0,6.0,6.0
0.04349134902679362,1.0,5.287411552948984e-05,0.0002090081333637879,0.35005894896401785,-0.00012798241399927254,0.3498625216665943,0.35005894896401785,-0.00012798241399927254,0.3498625216665943,0.3500571857923598,-0.00013990493995025735,0.3498110394687617,-0.3270815054522913,-1.4199746290790003,1.2360625267028809,-1.386045281087057,-1.5709903875934046,2.7380800247192383,0.0,0.0,-0.0,0.0,0.0,0.0,-0.3270918695253554,-1.4199903450293474,1.236064242610319,-1.3860783214960781,-1.5710042112207496,2.7380221507490323,5.363644313923299e-05,-0.0001454058327584639,6.458948474060927e-05,-0.00039032845539794126,-5.877651161658546e-05,3.363813807089788e-05,0.0008499876311356141,-8.038213435790865,-6.269945607927095,-0.9629292853421526,-3.201859277181215e-05,-6.085720854773417e-07,28.0,28.0,14.0,6.0,6.0,6.0
0.04860077800787986,1.0,5.287411552948984e-05,0.0002090081333637879,0.35005894896401785,-0.00012798241399927254,0.3498625216665943,0.35005894896401785,-0.00012798241399927254,0.3498625216665943,0.3500571857923598,-0.00013990493995025735,0.3498110394687617,-0.3270815054522913,-1.4199746290790003,1.2360625267028809,-1.386045281087057,-1.5709903875934046,2.7380800247192383,0.0,0.0,-0.0,0.0,0.0,0.0,-0.3270916472722504,-1.4199909609670396,1.236064520877958,-1.3860799898804121,-1.571004432234387,2.7380222434261925,5.5563276254204127e-05,-0.00015398442306930623,6.95669097082042e-05,-0.00041709608349072165,-5.525340935625939e-05,2.3169290009502552e-05,0.0008499876311356141,-8.038213435790865,-6.269945607927095,-0.9629292853421526,-3.201859277181215e-05,-6.085720854773417e-07,28.0,28.0,14.0,6.0,6.0,6.0
0.052600778007879864,1.0,4.1020239316389524e-05,0.00015733405299186423,0.35005894896401785,-0.00012798241399927254,0.3498625216665943,0.35005894896401785,-0.00012798241399927254,0.3498625216665943,0.3500571361855695,-0.00013881588807987036,0.34982299939809647,-0.3270815054522913,-1.4199865500079554,1.2360386848449707,-1.3860567251788538,-1.5709779898272913,2.738044500350952,0.0,0.0,-0.0,0.0,0.0,0.0,-0.3270914160212371,-1.41999159024778,1.2360648063531239,-1.386081711936269,-1.5710046542782374,2.7380223394186873,5.781275332147287e-05,-0.0001573201851197764,7.136879146762413e-05,-0.0004305139641784159,-5.551096259045452e-05,2.3998123684697205e-05,0.0007494966898155893,-8.037513310590972,-6.2696976697044855,-0.9628854243212809,-3.1920504327415386e-05,-1.5035319725102787e-07,28.0,28.0,14.0,6.0,6.0,6.0
0.057529720020946126,1.0,4.1020239316389524e-05,0.00015733405299186423,0.35005894896401785,-0.00012798241399927254,0.3498625216665943,0.35005894896401785,-0.00012798241399927254,0.3498625216665943,0.3500571361855695,-0.00013881588807987036,0.34982299939809647,-0.3270815054522913,-1.4199865500079554,1.2360386848449707,-1.3860567251788538,-1.5709779898272913,2.738044500350952,0.0,0.0,-0.0,0.0,0.0,0.0,-0.32709117631219004,-1.4199922320709857,1.2360650986033652,-1.386083484443357,-1.5710048772904879,2.738022438527597,5.992726176470549e-05,-0.00016045580144721837,7.306256032147886e-05,-0.0004431267720248485,-5.575306263059794e-05,2.477722733938018e-05,0.0007494966898155893,-8.037513310590972,-6.2696976697044855,-0.9628854243212809,-3.1920504327415386e-05,-1.5035319725102787e-07,28.0,28.0,14.0,6.0,6.0,6.0
0.06152972002094613,1.0,4.1020239316389524e-05,0.00015733405299186423,0.35005894896401785,-0.00012798241399927254,0.3498625216665943,0.35005894896401785,-0.00012798241399927254,0.3498625216665943,0.3500571361855695,-0.00013881588807987036,0.34982299939809647,-0.3270815054522913,-1.4199865500079554,1.2360386848449707,-1.3860567251788538,-1.5709779898272913,2.738044500350952,0.0,0.0,-0.0,0.0,0.0,0.0,-0.3270909286525912,-1.4199928856841089,1.2360653972221773,-1.3860853043746026,-1.5710051012130346,2.738022540565936,6.191489970134415e-05,-0.00016340328079501382,7.465470304410231e-05,-0.0004549828114004952,-5.5980636668332755e-05,2.5509584774782175e-05,0.0007494966898155893,-8.037513310590972,-6.2696976697044855,-0.9628854243212809,-3.1920504327415386e-05,-1.5035319725102787e-07,28.0,28.0,14.0,6.0,6.0,6.0
0.0662758010083344,1.0,4.774349678257717e-05,0.00014502653113779925,0.35005894896401785,-0.00012798241399927254,0.3498625216665943,0.35005894896401785,-0.00012798241399927254,0.3498625216665943,0.35006361076663295,-0.00015043207302614688,0.34982064420378933,-0.32710534731020147,-1.4199627081500452,1.2360267639160156,-1.386080567036764,-1.5709903875934046,2.7379965782165527,0.0,0.0,-0.0,0.0,0.0,0.0,-0.32709066157410704,-1.4199935619312287,1.2360657033423634,-1.3860871451147194,-1.571005311714783,2.738022685042671,6.676962104436108e-05,-0.0001690617799795097,7.653004652411936e-05,-0.0004601850291950873,-5.2625437098110824e-05,3.6119183727330175e-05,0.0010682312422855087,-8.038194412330247,-6.269800081750912,-0.9628855942605918,-2.5868498431018098e-05,1.6032290205148596e-07,28.0,28.0,14.0,6.0,6.0,6.0
0.0702758010083344,1.0,4.774349678257717e-05,0.00014502653113779925,0.35005894896401785,-0.00012798241399927254,0.3498625216665943,0.35005894896401785,-0.00012798241399927254,0.3498625216665943,0.35006361076663295,-0.00015043207302614688,0.34982064420378933,-0.32710534731020147,-1.4199627081500452,1.2360267639160156,-1.386080567036764,-1.5709903875934046,2.7379965782165527,0.0,0.0,-0.0,0.0,0.0,0.0,-0.3270903762418706,-1.4199942594543056,1.236066016513841,-1.386089005415175,-1.5710055096009812,2.738022869411498,7.133305910679699e-05,-0.0001743807692129358,7.829286939533537e-05,-0.00046507511392200395,-4.947154950210221e-05,4.6092206742725294e-05,0.0010682312422855087,-8.038194412330247,-6.269800081750912,-0.9628855942605918,-2.5868498431018098e-05,1.6032290205148596e-07,28.0,28.0,14.0,6.0,6.0,6.0
0.07527836299408229,1.0,4.774349678257717e-05,0.00014502653113779925,0.35005894896401785,-0.00012798241399927254,0.3498625216665943,0.35005894896401785,-0.00012798241399927254,0.3498625216665943,0.35006361076663295,-0.00015043207302614688,0.34982064420378933,-0.32710534731020147,-1.4199627081500452,1.2360267639160156,-1.386080567036764,-1.5709903875934046,2.7379965782165527,0.0,0.0,-0.0,0.0,0.0,0.0,-0.32709007375110705,-1.419994976976782,1.2360663363135327,-1.3860908841023494,-1.5710056956285618,2.738023091278891,7.562269088548675e-05,-0.00017938061909235635,7.994992289427843e-05,-0.0004696717935653056,-4.650689516185411e-05,5.546684837719671e-05,0.0010682312422855087,-8.038194412330247,-6.269800081750912,-0.9628855942605918,-2.5868498431018098e-05,1.6032290205148596e-07,28.0,28.0,14.0,6.0,6.0,6.0
0.0792783629940823,1.0,3.706227350433315e-05,0.00013475536061434963,0.35005894896401785,-0.00012798241399927254,0.3498625216665943,0.35005894896401785,-0.00012798241399927254,0.3498625216665943,0.3500530167584807,-0.0001415918228974301,0.3498285627937594,-0.3270934263812464,-1.4200108687030237,1.2360506057739258,-1.3860686461078089,-1.5709779898272913,2.738044500350952,0.0,0.0,-0.0,0.0,0.0,0.0,-0.32708976023135095,-1.4199956820537656,1.2360666415830448,-1.3860927762796953,-1.5710058847897241,2.7380233018224662,7.837993902237947e-05,-0.00017626924591255055,7.63173780377676e-05,-0.00047304433648523035,-4.729029055588561e-05,5.263589374985579e-05,0.000746479567039372,-8.03683731303176,-6.269579238200475,-0.9628670960503316,-2.88483628960709e-05,-3.0422069926609503e-07,28.0,28.0,14.0,6.0,6.0,6.0
0.08439491697121414,1.0,3.706227350433315e-05,0.00013475536061434963,0.35005894896401785,-0.00012798241399927254,0.3498625216665943,0.35005894896401785,-0.00012798241399927254,0.3498625216665943,0.3500530167584807,-0.0001415918228974301,0.3498285627937594,-0.3270934263812464,-1.4200108687030237,1.2360506057739258,-1.3860686461078089,-1.5709779898272913,2.738044500350952,0.0,0.0,-0.0,0.0,0.0,0.0,-0.32708943634434184,-1.419996375431986,1.2360669331941883,-1.3860946811378025,-1.571006076896453,2.738023501721652,8.097175227105862e-05,-0.00017334455512353308,7.290278587264742e-05,-0.00047621452682995957,-4.802668222627521e-05,4.997479640015532e-05,0.000746479567039372,-8.03683731303176,-6.269579238200475,-0.9628670960503316,-2.88483628960709e-05,-3.0422069926609503e-07,28.0,28.0,14.0,6.0,6.0,6.0
0.08839491697121414,1.0,3.5537483323283064e-05,0.0001353297700863029,0.35005894896401785,-0.00012798241399927254,0.3498625216665943,0.35005894896401785,-0.00012798241399927254,0.3498625216665943,0.3500588617623305,-0.000134196759095961,0.3498275318533362,-0.32706958452333623,-1.4199865500079554,1.2360267639160156,-1.3860686461078089,-1.5709660688983362,2.738032579421997,0.0,0.0,-0.0,0.0,0.0,0.0,-0.32708911471851404,-1.4199970710228986,1.2360672248711908,-1.3860965981561724,-1.571006285494762,2.7380237208083535,8.04064569527051e-05,-0.0001738977281535783,7.291925063426639e-05,-0.0004792545924413874,-5.21495771887507e-05,5.477167540886068e-05,0.0006051625121015963,-8.037288954155539,-6.269613132646741,-0.9628683124650008,-3.490011530473959e-05,1.5719596050147946e-07,28.0,28.0,14.0,6.0,6.0,6.0
0.0929711979753338,1.0,3.5537483323283064e-05,0.0001353297700863029,0.35005894896401785,-0.00012798241399927254,0.3498625216665943,0.35005894896401785,-0.00012798241399927254,0.3498625216665943,0.3500588617623305,-0.000134196759095961,0.3498275318533362,-0.32706958452333623,-1.4199865500079554,1.2360267639160156,-1.3860686461078089,-1.5709660688983362,2.738032579421997,0.0,0.0,-0.0,0.0,0.0,0.0,-0.3270887952181966,-1.4199977686937417,1.236067516610101,-1.3860985266051888,-1.5710065095951558,2.73802395793132,7.98750793534528e-05,-0.00017441771080182078,7.293472751018822e-05,-0.0004821122541161295,-5.602509845347765e-05,5.928074167704371e-05,0.0006051625121015963,-8.037288954155539,-6.269613132646741,-0.9628683124650008,-3.490011530473959e-05,1.5719596050147946e-07,28.0,28.0,14.0,6.0,6.0,6.0
0.09697119797533381,1.0,3.5537483323283064e-05,0.0001353297700863029,0.35005894896401785,-0.00012798241399927254,0.3498625216665943,0.35005894896401785,-0.00012798241399927254,0.3498625216665943,0.3500588617623305,-0.000134196759095961,0.3498275318533362,-0.32706958452333623,-1.4199865500079554,1.2360267639160156,-1.3860686461078089,-1.5709660688983362,2.738032579421997,0.0,0.0,-0.0,0.0,0.0,0.0,-0.32708847771585897,-1.4199984683197198,1.236067808407204,-1.3861004657990132,-1.5710067482675094,2.738024212008376,7.937558441015562e-05,-0.00017490649449116872,7.294927577355474e-05,-0.00048479845609038707,-5.966808844232099e-05,6.351926396913576e-05,0.0006051625121015963,-8.037288954155539,-6.269613132646741,-0.9628683124650008,-3.490011530473959e-05,1.5719596050147946e-07,28.0,28.0,14.0,6.0,6.0,6.0
0.10201413096114996,1.0,3.5537483323283064e-05,0.0001353297700863029,0.35005894896401785,-0.00012798241399927254,0.3498625216665943,0.35005894896401785,-0.00012798241399927254,0.3498625216665943,0.3500588617623305,-0.000134196759095961,0.3498275318533362,-0.32706958452333623,-1.4199865500079554,1.2360267639160156,-1.3860686461078089,-1.5709660688983362,2.738032579421997,0.0,0.0,-0.0,0.0,0.0,0.0,-0.32708816209162234,-1.4199991697835244,1.2360681002590086,-1.386102415092957,-1.5710070006375056,2.7380244820222757,7.890605916345629e-05,-0.0001753659511591558,7.296295114111927e-05,-0.0004873234859461892,-6.309249903183373e-05,6.750347492370229e-05,0.0006051625121015963,-8.037288954155539,-6.269613132646741,-0.9628683124650008,-3.490011530473959e-05,1.5719596050147946e-07,28.0,28.0,14.0,6.0,6.0,6.0
0.10601413096114996,1.0,5.6286625215843395e-05,0.00018068518409198345,0.35005894896401785,-0.00012798241399927254,0.3498625216665943,0.35005894896401785,-0.00012798241399927254,0.3498625216665943,0.35006748017375855,-0.00015067270828882188,0.3498117225210936,-0.32710534731020147,-1.419938866292135,1.2360267639160156,-1.3860686461078089,-1.5709779898272913,2.738008499145508,0.0,0.0,-0.0,0.0,0.0,0.0,-0.32708782935890096,-1.4199999123009328,1.236068417288608,-1.3861044146088242,-1.5710072521605158,2.738024772431892,8.318318034097434e-05,-0.00018562935209391463,7.925739984341172e-05,-0.0004998789667477558,-6.288075252841749e-05,7.260240407876088e-05,0.0012384004967641343,-8.039032227997378,-6.269991635270802,-0.9629156759112284,-2.5767861585464902e-05,6.589445557035277e-09,28.0,28.0,14.0,6.0,6.0,6.0
0.1106141609528568,1.0,5.6286625215843395e-05,0.00018068518409198345,0.35005894896401785,-0.00012798241399927254,0.3498625216665943,0.35005894896401785,-0.00012798241399927254,0.3498625216665943,0.35006748017375855,-0.00015067270828882188,0.3498117225210936,-0.32710534731020147,-1.419938866292135,1.2360267639160156,-1.3860686461078089,-1.5709779898272913,2.738008499145508,0.0,0.0,-0.0,0.0,0.0,0.0,-0.32708748054420395,-1.4200006934087288,1.2360687579853344,-1.386106461333299,-1.5710075028873591,2.738025082013482,8.72036742478413e-05,-0.0001952769489725879,8.517418162356662e-05,-0.0005116811187012284,-6.268171081520622e-05,7.739539748451596e-05,0.0012384004967641343,-8.039032227997378,-6.269991635270802,-0.9629156759112284,-2.5767861585464902e-05,6.589445557035277e-09,28.0,28.0,14.0,6.0,6.0,6.0
0.1146141609528568,1.0,5.155425157498432e-05,0.0001940912256967297,0.35005894896401785,-0.00012798241399927254,0.3498625216665943,0.35005894896401785,-0.00012798241399927254,0.3498625216665943,0.3500587140382251,-0.0001383202191467337,0.3498120150784096,-0.3270815054522913,-1.4199746290790003,1.2360625267028809,-1.3860567251788538,-1.5709660688983362,2.738020658493042,0.0,0.0,-0.0,0.0,0.0,0.0,-0.3270871286278494,-1.4200014924743678,1.2360691058219426,-1.3861085693785755,-1.5710077665900017,2.7380254110609803,8.797908864293406e-05,-0.00019976640975165864,8.695915205578855e-05,-0.0005270113191273587,-6.592566063709255e-05,8.226187454142863e-05,0.0008753078265537369,-8.038168550028368,-6.269938179524277,-0.9629246282402005,-3.182431955608438e-05,1.5733589856176917e-07,28.0,28.0,14.0,6.0,6.0,6.0
0.1196143479496241,1.0,5.155425157498432e-05,0.0001940912256967297,0.35005894896401785,-0.00012798241399927254,0.3498625216665943,0.35005894896401785,-0.00012798241399927254,0.3498625216665943,0.3500587140382251,-0.0001383202191467337,0.3498120150784096,-0.3270815054522913,-1.4199746290790003,1.2360625267028809,-1.3860567251788538,-1.5709660688983362,2.738020658493042,0.0,0.0,-0.0,0.0,0.0,0.0,-0.3270867737959367,-1.4200023084203794,1.2360694603700397,-1.3861107350654056,-1.5710080424898956,2.7380257584064323,8.870797817432126e-05,-0.00020398650288398515,8.863702426207718e-05,-0.0005414217075279213,-6.89749734696657e-05,8.683636297492653e-05,0.0008753078265537369,-8.038168550028368,-6.269938179524277,-0.9629246282402005,-3.182431955608438e-05,1.5733589856176917e-07,28.0,28.0,14.0,6.0,6.0,6.0
0.1236143479496241,1.0,5.155425157498432e-05,0.0001940912256967297,0.35005894896401785,-0.00012798241399927254,0.3498625216665943,0.35005894896401785,-0.00012798241399927254,0.3498625216665943,0.3500587140382251,-0.0001383202191467337,0.3498120150784096,-0.3270815054522913,-1.4199746290790003,1.2360625267028809,-1.3860567251788538,-1.5709660688983362,2.738020658493042,0.0,0.0,-0.0,0.0,0.0,0.0,-0.32708641622339935,-1.4200031402339413,1.2360698212269363,-1.3861129549352962,-1.5710083298552058,2.7380261229519607,8.939313433382522e-05,-0.00020795339042837207,9.021422413598848e-05,-0.0005549674726244501,-7.184132753228446e-05,9.113638210241456e-05,0.0008753078265537369,-8.038168550028368,-6.269938179524277,-0.9629246282402005,-3.182431955608438e-05,1.5733589856176917e-07,28.0,28.0,14.0,6.0,6.0,6.0
0.12779047197778715,1.0,5.155425157498432e-05,0.0001940912256967297,0.35005894896401785,-0.00012798241399927254,0.3498625216665943,0.35005894896401785,-0.00012798241399927254,0.3498625216665943,0.3500587140382251,-0.0001383202191467337,0.3498120150784096,-0.3270815054522913,-1.4199746290790003,1.2360625267028809,-1.3860567251788538,-1.5709660688983362,2.738020658493042,0.0,0.0,-0.0,0.0,0.0,0.0,-0.32708605607467484,-1.4200039869630001,1.2360701880141043,-1.3861152257372635,-1.5710086279980071,2.738026503665561,9.003718112375895e-05,-0.00021168226472009576,9.16967920174651e-05,-0.0005677004918151872,-7.45357003511461e-05,9.51784000822533e-05,0.0008753078265537369,-8.038168550028368,-6.269938179524277,-0.9629246282402005,-3.182431955608438e-05,1.5733589856176917e-07,28.0,28.0,14.0,6.0,6.0,6.0
0.13179047197778715,1.0,4.547214475558968e-05,0.0001700704852570506,0.35005894896401785,-0.00012798241399927254,0.3498625216665943,0.35005894896401785,-0.00012798241399927254,0.3498625216665943,0.35005896376927736,-0.0001477831450545065,0.3498215870018326,-0.32710534731020147,-1.4199746290790003,1.2360267639160156,-1.386045281087057,-1.5709779898272913,2.7379846572875977,0.0,0.0,-0.0,0.0,0.0,0.0,-0.3270856814973361,-1.4200048426791803,1.2360705693120055,-1.386117530372361,-1.571008922545375,2.7380269255902254,9.36443346831197e-05,-0.00021392904502879167,9.532447531663883e-05,-0.0005761587743438181,-7.363684194150189e-05,0.00010548116615145836,0.001068853412400586,-8.0379235040012,-6.269728481781842,-0.9628873344181397,-2.5770137858864815e-05,3.1417657725266463e-07,28.0,28.0,14.0,6.0,6.0,6.0
0.13641543699637992,1.0,4.547214475558968e-05,0.0001700704852570506,0.35005894896401785,-0.00012798241399927254,0.3498625216665943,0.35005894896401785,-0.00012798241399927254,0.3498625216665943,0.35005896376927736,-0.0001477831450545065,0.3498215870018326,-0.32710534731020147,-1.4199746290790003,1.2360267639160156,-1.386045281087057,-1.5709779898272913,2.7379846572875977,0.0,0.0,-0.0,0.0,0.0,0.0,-0.32708529335709996,-1.4200057068432543,1.236070964249996,-1.3861198668106007,-1.5710092137130351,2.7380273862532905,9.70350590289188e-05,-0.0002160410185189658,9.873449761786213e-05,-0.0005841095599207313,-7.279191503643634e-05,0.00011516576625651111,0.001068853412400586,-8.0379235040012,-6.269728481781842,-0.9628873344181397,-2.5770137858864815e-05,3.1417657725266463e-07,28.0,28.0,14.0,6.0,6.0,6.0
0.14041543699637993,1.0,4.547214475558968e-05,0.0001700704852570506,0.35005894896401785,-0.00012798241399927254,0.3498625216665943,0.35005894896401785,-0.00012798241399927254,0.3498625216665943,0.35005896376927736,-0.0001477831450545065,0.3498215870018326,-0.32710534731020147,-1.4199746290790003,1.2360267639160156,-1.386045281087057,-1.5709779898272913,2.7379846572875977,0.0,0.0,-0.0,0.0,0.0,0.0,-0.3270848924677403,-1.4200065789483487,1.2360713720096703,-1.3861222331437941,-1.5710095017037702,2.7380278833304517,0.00010022233991396997,-0.0002180262735997295,0.00010193991858101202,-0.0005915832983630296,-7.199768374567473e-05,0.0001242692903552607,0.001068853412400586,-8.0379235040012,-6.269728481781842,-0.9628873344181397,-2.5770137858864815e-05,3.1417657725266463e-07,28.0,28.0,14.0,6.0,6.0,6.0
0.14554386399756192,1.0,5.941940068925813e-05,0.0002206953183388298,0.35005894896401785,-0.00012798241399927254,0.3498625216665943,0.35005894896401785,-0.00012798241399927254,0.3498625216665943,0.3500616937700275,-0.00015395532282275602,0.34980914995849455,-0.32711726823915654,-1.4199507872210901,1.2360386848449707,-1.3860333601581019,-1.5709903875934046,2.738044500350952,0.0,0.0,-0.0,0.0,0.0,0.0,-0.32708447449336947,-1.4200074843221913,1.2360718103280806,-1.3861246752083725,-1.5710097724368073,2.7380283370643843,0.000104493592706502,-0.00022634346061802414,0.0001095796025368938,-0.0006105161445813814,-6.768325927444513e-05,0.00011343348315082453,0.0013463534685633314,-8.038943887742487,-6.2699977676007945,-0.9629296748533003,-2.2793345741857012e-05,-6.11618273177711e-07,28.0,28.0,14.0,6.0,6.0,6.0
0.14954386399756192,1.0,5.941940068925813e-05,0.0002206953183388298,0.35005894896401785,-0.00012798241399927254,0.3498625216665943,0.35005894896401785,-0.00012798241399927254,0.3498625216665943,0.3500616937700275,-0.00015395532282275602,0.34980914995849455,-0.32711726823915654,-1.4199507872210901,1.2360386848449707,-1.3860333601581019,-1.5709903875934046,2.738044500350952,0.0,0.0,-0.0,0.0,0.0,0.0,-0.3270840404590881,-1.420008420968657,1.2360722773717023,-1.3861271884604525,-1.5710100269476084,2.738028750055682,0.00010850857033148211,-0.0002341616164152211,0.00011676090545542266,-0.0006283130200266322,-6.362770027148932e-05,0.00010324782437865453,0.0013463534685633314,-8.038943887742487,-6.2699977676007945,-0.9629296748533003,-2.2793345741857012e-05,-6.11618273177711e-07,28.0,28.0,14.0,6.0,6.0,6.0
0.15405721300328157,1.0,5.941940068925813e-05,0.0002206953183388298,0.35005894896401785,-0.00012798241399927254,0.3498625216665943,0.35005894896401785,-0.00012798241399927254,0.3498625216665943,0.3500616937700275,-0.00015395532282275602,0.34980914995849455,-0.32711726823915654,-1.4199507872210901,1.2360386848449707,-1.3860333601581019,-1.5709903875934046,2.738044500350952,0.0,0.0,-0.0,0.0,0.0,0.0,-0.3270835913284909,-1.4200093870113883,1.2360727714170232,-1.3861297686287843,-1.5710102662095076,2.7380291247489024,0.00011228264929896342,-0.00024151068286458623,0.0001235113301988398,-0.0006450420829451678,-5.981547480871085e-05,9.367330513281472e-05,0.0013463534685633314,-8.038943887742487,-6.2699977676007945,-0.9629296748533003,-2.2793345741857012e-05,-6.11618273177711e-07,28.0,28.0,14.0,6.0,6.0,6.0
0.15805721300328157,1.0,4.086889460031074e-05,0.0001351347803392417,0.35005894896401785,-0.00012798241399927254,0.3498625216665943,0.35005894896401785,-0.00012798241399927254,0.3498625216665943,0.3500571893712328,-0.00014718110279957278,0.3498264858409838,-0.32710534731020147,-1.4199984709369105,1.2360506057739258,-1.386092487965719,-1.5709779898272913,2.7380685806274414,0.0,0.0,-0.0,0.0,0.0,0.0,-0.3270831331136,-1.4200103300125866,1.2360732344898682,-1.3861322967118774,-1.571010505416828,2.738029444328977,0.00011455372272357943,-0.00023575029955346576,0.00011576821124996355,-0.0006320207732745711,-5.98018300958052e-05,7.989501872726566e-05,0.0009137655981209067,-8.037214210790685,-6.269663978214065,-0.9628694814080507,-2.577361913746046e-05,-7.687503520406807e-07,28.0,28.0,14.0,6.0,6.0,6.0
0.16312389500578872,1.0,4.086889460031074e-05,0.0001351347803392417,0.35005894896401785,-0.00012798241399927254,0.3498625216665943,0.35005894896401785,-0.00012798241399927254,0.3498625216665943,0.3500571893712328,-0.00014718110279957278,0.3498264858409838,-0.32710534731020147,-1.4199984709369105,1.2360506057739258,-1.386092487965719,-1.5709779898272913,2.7380685806274414,0.0,0.0,-0.0,0.0,0.0,0.0,-0.32708266635947303,-1.4200112513547436,1.236073668448586,-1.3861347758348461,-1.5710107445728443,2.738029712102695,0.00011668853174271847,-0.0002303355392410125,0.00010848967943801988,-0.0006197807421842101,-5.978900406567389e-05,6.694342950604954e-05,0.0009137655981209067,-8.037214210790685,-6.269663978214065,-0.9628694814080507,-2.577361913746046e-05,-7.687503520406807e-07,28.0,28.0,14.0,6.0,6.0,6.0
0.16712389500578873,1.0,5.6270895743016695e-05,0.00019217482785876224,0.35005894896401785,-0.00012798241399927254,0.3498625216665943,0.35005894896401785,-0.00012798241399927254,0.3498625216665943,0.35006123199295397,-0.00014545131805764375,0.3498090797459926,-0.3270934263812464,-1.4199627081500452,1.2360625267028809,-1.3860686461078089,-1.5709903875934046,2.738020658493042,0.0,0.0,-0.0,0.0,0.0,0.0,-0.32708220017897194,-1.4200121906723473,1.2360741057983253,-1.3861372837493473,-1.5710109693908532,2.738029991516277,0.00011654512527450511,-0.00023482940092272144,0.00010933743483877257,-0.0006269786252689646,-5.620450222316103e-05,6.98533955098712e-05,0.0010141314258614146,-8.03857614286924,-6.270026928433157,-0.9629313606189871,-2.894291974569979e-05,3.557498432977591e-09,28.0,28.0,14.0,6.0,6.0,6.0
0.17171086299465976,1.0,5.6270895743016695e-05,0.00019217482785876224,0.35005894896401785,-0.00012798241399927254,0.3498625216665943,0.35005894896401785,-0.00012798241399927254,0.3498625216665943,0.35006123199295397,-0.00014545131805764375,0.3498090797459926,-0.3270934263812464,-1.4199627081500452,1.2360625267028809,-1.3860686461078089,-1.5709903875934046,2.738020658493042,0.0,0.0,-0.0,0.0,0.0,0.0,-0.32708173453767914,-1.4200131468868709,1.236074546335625,-1.3861398187278888,-1.571011180731135,2.7380302818713314,0.00011641032319438458,-0.00023905363090352786,0.0001101343249154801,-0.0006337446353686337,-5.2835070491198936e-05,7.258876355346357e-05,0.0010141314258614146,-8.03857614286924,-6.270026928433157,-0.9629313606189871,-2.894291974569979e-05,3.557498432977591e-09,28.0,28.0,14.0,6.0,6.0,6.0
0.17571086299465977,1.0,5.6270895743016695e-05,0.00019217482785876224,0.35005894896401785,-0.00012798241399927254,0.3498625216665943,0.35005894896401785,-0.00012798241399927254,0.3498625216665943,0.35006123199295397,-0.00014545131805764375,0.3498090797459926,-0.3270934263812464,-1.4199627081500452,1.2360625267028809,-1.3860686461078089,-1.5709903875934046,2.738020658493042,0.0,0.0,-0.0,0.0,0.0,0.0,-0.32708126940324217,-1.4200141189844993,1.2360749898692314,-1.3861423791466283,-1.5710113794023537,2.7380305825113695,0.00011628360923907127,-0.0002430244070854859,0.00011088340158758518,-0.0006401046848623226,-4.966780466315457e-05,7.516000951444039e-05,0.0010141314258614146,-8.03857614286924,-6.270026928433157,-0.9629313606189871,-2.894291974569979e-05,3.557498432977591e-09,28.0,28.0,14.0,6.0,6.0,6.0
0.1808547259981279,1.0,5.6270895743016695e-05,0.00019217482785876224,0.35005894896401785,-0.00012798241399927254,0.3498625216665943,0.35005894896401785,-0.00012798241399927254,0.3498625216665943,0.35006123199295397,-0.00014545131805764375,0.3498090797459926,-0.3270934263812464,-1.4199627081500452,1.2360625267028809,-1.3860686461078089,-1.5709903875934046,2.738020658493042,0.0,0.0,-0.0,0.0,0.0,0.0,-0.3270808047452497,-1.4200151060122461,1.236075436219366,-1.3861449634791538,-1.5710115661646529,2.7380308928192925,0.00011616449812107676,-0.00024675693669652644,0.00011158753365936396,-0.0006460831313863903,-4.669057478479287e-05,7.757698071775861e-05,0.0010141314258614146,-8.03857614286924,-6.270026928433157,-0.9629313606189871,-2.894291974569979e-05,3.557498432977591e-09,28.0,28.0,14.0,6.0,6.0,6.0
0.1848547259981279,1.0,4.270045620548175e-05,0.000158295950803762,0.35005894896401785,-0.00012798241399927254,0.3498625216665943,0.35005894896401785,-0.00012798241399927254,0.3498625216665943,0.3500601675055405,-0.0001429869452014139,0.3498225628357791,-0.3270934263812464,-1.4199746290790003,1.2360267639160156,-1.3860567251788538,-1.5709660688983362,2.738020658493042,0.0,0.0,-0.0,0.0,0.0,0.0,-0.3270803370879506,-1.4200160900840744,1.236075885492781,-1.386147546360304,-1.571011769745643,2.738031215664381,0.00011691432477404126,-0.00024601795704058216,0.000112318353714935,-0.0006457202875234895,-5.0895247531031066e-05,8.071127206345604e-05,0.0009454170481981167,-8.037830281186006,-6.269718445681389,-0.9628837116320161,-2.8750191645888863e-05,3.4434082285184728e-09,28.0,28.0,14.0,6.0,6.0,6.0
0.18988103598193273,1.0,4.270045620548175e-05,0.000158295950803762,0.35005894896401785,-0.00012798241399927254,0.3498625216665943,0.35005894896401785,-0.00012798241399927254,0.3498625216665943,0.3500601675055405,-0.0001429869452014139,0.3498225628357791,-0.3270934263812464,-1.4199746290790003,1.2360267639160156,-1.3860567251788538,-1.5709660688983362,2.738020658493042,0.0,0.0,-0.0,0.0,0.0,0.0,-0.3270798666113033,-1.420017071377339,1.236076337514079,-1.386150127877161,-1.5710119891362027,2.7380315502944046,0.0001176191618278279,-0.0002453233161639945,0.00011300532456717178,-0.0006453792142923628,-5.484763991249497e-05,8.365750592841162e-05,0.0009454170481981167,-8.037830281186006,-6.269718445681389,-0.9628837116320161,-2.8750191645888863e-05,3.4434082285184728e-09,28.0,28.0,14.0,6.0,6.0,6.0
0.19388103598193274,1.0,5.599428999773152e-05,0.00019257626951122992,0.35005894896401785,-0.00012798241399927254,0.3498625216665943,0.35005894896401785,-0.00012798241399927254,0.3498625216665943,0.35006155822524093,-0.00014448977606615118,0.3498090795552418,-0.3270934263812464,-1.4199627081500452,1.2360625267028809,-1.3860686461078089,-1.5709779898272913,2.738020658493042,0.0,0.0,-0.0,0.0,0.0,0.0,-0.32707939517136014,-1.4200180662052564,1.236076790852086,-1.3861527318951283,-1.571012209655371,2.7380318943145583,0.00011785998577990688,-0.00024870697935327,0.00011333450170476403,-0.000651004491819084,-5.512979204921488e-05,8.600503845527248e-05,0.0010351231612055734,-8.038574535523011,-6.270026625835341,-0.9629313599567223,-2.8844191722221158e-05,3.5421282495932392e-09,28.0,28.0,14.0,6.0,6.0,6.0
0.1985143129962963,1.0,5.599428999773152e-05,0.00019257626951122992,0.35005894896401785,-0.00012798241399927254,0.3498625216665943,0.35005894896401785,-0.00012798241399927254,0.3498625216665943,0.35006155822524093,-0.00014448977606615118,0.3498090795552418,-0.3270934263812464,-1.4199627081500452,1.2360625267028809,-1.3860686461078089,-1.5709779898272913,2.738020658493042,0.0,0.0,-0.0,0.0,0.0,0.0,-0.32707892282591894,-1.4200190737557474,1.2360772454277988,-1.3861553570641392,-1.5710124312354312,2.7380322471614345,0.00011808636029486112,-0.00025188762275118895,0.00011364392821410074,-0.0006562922526942019,-5.539501505773159e-05,8.82117190305217e-05,0.0010351231612055734,-8.038574535523011,-6.270026625835341,-0.9629313599567223,-2.8844191722221158e-05,3.5421282495932392e-09,28.0,28.0,14.0,6.0,6.0,6.0
0.2025143129962963,1.0,5.599428999773152e-05,0.00019257626951122992,0.35005894896401785,-0.00012798241399927254,0.3498625216665943,0.35005894896401785,-0.00012798241399927254,0.3498625216665943,0.35006155822524093,-0.00014448977606615118,0.3498090795552418,-0.3270934263812464,-1.4199627081500452,1.2360625267028809,-1.3860686461078089,-1.5709779898272913,2.738020658493042,0.0,0.0,-0.0,0.0,0.0,0.0,-0.3270784496293096,-1.4200200932654576,1.2360777011669555,-1.3861580021151307,-1.57101265381273,2.7380326083054296,0.0001182991523389181,-0.00025487742754523276,0.00011393478913287725,-0.0006612627479168127,-5.5644324685737306e-05,9.028599877125596e-05,0.0010351231612055734,-8.038574535523011,-6.270026625835341,-0.9629313599567223,-2.8844191722221158e-05,3.5421282495932392e-09,28.0,28.0,14.0,6.0,6.0,6.0
0.2075655589965173,1.0,5.599428999773152e-05,0.00019257626951122992,0.35005894896401785,-0.00012798241399927254,0.3498625216665943,0.35005894896401785,-0.00012798241399927254,0.3498625216665943,0.35006155822524093,-0.00014448977606615118,0.3498090795552418,-0.3270934263812464,-1.4199627081500452,1.2360625267028809,-1.3860686461078089,-1.5709779898272913,2.738020658493042,0.0,0.0,-0.0,0.0,0.0,0.0,-0.32707797563260216,-1.420021124016834,1.236078157999749,-1.3861606658551844,-1.571012877327433,2.7380329772487166,0.00011849917686033167,-0.00025768784405163397,0.00011420819839652717,-0.0006659350134260669,-5.5878675736062675e-05,9.223582172754617e-05,0.0010351231612055734,-8.038574535523011,-6.270026625835341,-0.9629313599567223,-2.8844191722221158e-05,3.5421282495932392e-09,28.0,28.0,14.0,6.0,6.0,6.0
0.2115655589965173,1.0,4.353175494057787e-05,0.00017051757203644002,0.35005894896401785,-0.00012798241399927254,0.3498625216665943,0.35005894896401785,-0.00012798241399927254,0.3498625216665943,0.3500514174103492,-0.00013584471254188865,0.34982037343235883,-0.3270815054522913,-1.4200108687030237,1.2360749244689941,-1.3860567251788538,-1.5709660688983362,2.738020658493042,0.0,0.0,-0.0,0.0,0.0,0.0,-0.327077506053768,-1.4200221313908807,1.236078595826204,-1.386163333612488,-1.5710131154511682,2.738033362087265,0.00011739470854110768,-0.0002518435117236851,0.00010945661373563918,-0.00066693932588297,-5.9530933768701495e-05,9.620963712824575e-05,0.0006930817834475593,-8.037093282735926,-6.26973456140227,-0.9629001020831732,-3.1827377887978794e-05,1.5727993939237357e-07,28.0,28.0,14.0,6.0,6.0,6.0
0.21658830702072018,1.0,4.353175494057787e-05,0.00017051757203644002,0.35005894896401785,-0.00012798241399927254,0.3498625216665943,0.35005894896401785,-0.00012798241399927254,0.3498625216665943,0.3500514174103492,-0.00013584471254188865,0.34982037343235883,-0.3270815054522913,-1.4200108687030237,1.2360749244689941,-1.3860567251788538,-1.5709660688983362,2.738020658493042,0.0,0.0,-0.0,0.0,0.0,0.0,-0.32707704062773474,-1.4200231167902382,1.2360790157867005,-1.3861660051460063,-1.5710133673073934,2.7380337618673596,0.00011635650832103714,-0.00024634983933541317,0.00010499012415440446,-0.0006678833795924589,-6.296405631938198e-05,9.994502360490336e-05,0.0006930817834475593,-8.037093282735926,-6.26973456140227,-0.9629001020831732,-3.1827377887978794e-05,1.5727993939237357e-07,28.0,28.0,14.0,6.0,6.0,6.0
0.2205883070207202,1.0,6.193124510978878e-05,0.00019628666026059535,0.35005894896401785,-0.00012798241399927254,0.3498625216665943,0.35005894896401785,-0.00012798241399927254,0.3498625216665943,0.3500651385095589,-0.00014570449674239277,0.34980350390291176,-0.3270934263812464,-1.4199507872210901,1.2360749244689941,-1.386092487965719,-1.5709779898272913,2.7380564212799072,0.0,0.0,-0.0,0.0,0.0,0.0,-0.3270765739315838,-1.4200241223872876,1.2360794320403374,-1.38616868047094,-1.5710136183483199,2.7380341259336385,0.00011667403774030657,-0.00025139926237491115,0.00010406340923859254,-0.0006688312334797761,-6.276023164101475e-05,9.10165697222518e-05,0.0010912983872325437,-8.039020136283574,-6.270181929341828,-0.9629481012068263,-2.8844072485309168e-05,-4.578824927164953e-07,28.0,28.0,14.0,6.0,6.0,6.0
0.22521445999946454,1.0,6.193124510978878e-05,0.00019628666026059535,0.35005894896401785,-0.00012798241399927254,0.3498625216665943,0.35005894896401785,-0.00012798241399927254,0.3498625216665943,0.3500651385095589,-0.00014570449674239277,0.34980350390291176,-0.3270934263812464,-1.4199507872210901,1.2360749244689941,-1.386092487965719,-1.5709779898272913,2.7380564212799072,0.0,0.0,-0.0,0.0,0.0,0.0,-0.3270761060415222,-1.4200251469701677,1.2360798448095263,-1.3861713593598046,-1.5710138686228656,2.738034456428931,0.00011697251539441983,-0.0002561457200320393,0.00010319229721772933,-0.0006697222161338543,-6.256863644334955e-05,8.262382307255934e-05,0.0010912983872325437,-8.039020136283574,-6.270181929341828,-0.9629481012068263,-2.8844072485309168e-05,-4.578824927164953e-07,28.0,28.0,14.0,6.0,6.0,6.0
0.22921445999946455,1.0,6.193124510978878e-05,0.00019628666026059535,0.35005894896401785,-0.00012798241399927254,0.3498625216665943,0.35005894896401785,-0.00012798241399927254,0.3498625216665943,0.3500651385095589,-0.00014570449674239277,0.34980350390291176,-0.3270934263812464,-1.4199507872210901,1.2360749244689941,-1.386092487965719,-1.5709779898272913,2.7380564212799072,0.0,0.0,-0.0,0.0,0.0,0.0,-0.32707563702918463,-1.4200261893997286,1.236080254303334,-1.386174041598764,-1.5710141181770134,2.738034755367496,0.00011725308438928629,-0.00026060739022973974,0.00010237345191811792,-0.0006705597398286877,-6.238853695754426e-05,7.473464122184843e-05,0.0010912983872325437,-8.039020136283574,-6.270181929341828,-0.9629481012068263,-2.8844072485309168e-05,-4.578824927164953e-07,28.0,28.0,14.0,6.0,6.0,6.0
0.23435832399246292,1.0,6.312164841084506e-05,0.00021981914851022287,0.35005894896401785,-0.00012798241399927254,0.3498625216665943,0.35005894896401785,-0.00012798241399927254,0.3498625216665943,0.3500639151424048,-0.00014322745855740505,0.34980147030963354,-0.3270934263812464,-1.4199507872210901,1.2360749244689941,-1.3860686461078089,-1.5709541479693812,2.738032579421997,0.0,0.0,-0.0,0.0,0.0,0.0,-0.3270751635759166,-1.4200272526771567,1.236080671078756,-1.3861767607404152,-1.5710143945136243,2.73803505549769,0.00011836331701343963,-0.0002658193570116309,0.00010419385549742817,-0.0006797854128151238,-6.908415272307982e-05,7.503254848469749e-05,0.0011627396674457765,-8.03910399616569,-6.27019558949968,-0.9629577993857613,-2.8653388194185688e-05,-1.5024081202547394e-07,28.0,28.0,14.0,6.0,6.0,6.0
0.23835832399246293,1.0,6.312164841084506e-05,0.00021981914851022287,0.35005894896401785,-0.00012798241399927254,0.3498625216665943,0.35005894896401785,-0.00012798241399927254,0.3498625216665943,0.3500639151424048,-0.00014322745855740505,0.34980147030963354,-0.3270934263812464,-1.4199507872210901,1.2360749244689941,-1.3860686461078089,-1.5709541479693812,2.738032579421997,0.0,0.0,-0.0,0.0,0.0,0.0,-0.32707468594817385,-1.42002833555158,1.2360810946988954,-1.3861795145705968,-1.5710146960257505,2.738035356748015,0.00011940693568014377,-0.0002707186057866086,0.00010590503486197981,-0.0006884575454223738,-7.537803154268324e-05,7.53125813117756e-05,0.0011627396674457765,-8.03910399616569,-6.27019558949968,-0.9629577993857613,-2.8653388194185688e-05,-1.5024081202547394e-07,28.0,28.0,14.0,6.0,6.0,6.0
0.2434570659887978,1.0,6.312164841084506e-05,0.00021981914851022287,0.35005894896401785,-0.00012798241399927254,0.3498625216665943,0.35005894896401785,-0.00012798241399927254,0.3498625216665943,0.3500639151424048,-0.00014322745855740505,0.34980147030963354,-0.3270934263812464,-1.4199507872210901,1.2360749244689941,-1.3860686461078089,-1.5709541479693812,2.738032579421997,0.0,0.0,-0.0,0.0,0.0,0.0,-0.32707420439642493,-1.4200294368471784,1.2360815247530692,-1.3861823010079972,-1.571015021202861,2.738035659051264,0.00012038793722684566,-0.0002753238996350877,0.00010751354346465834,-0.0006966093500731887,-8.129427763311046e-05,7.557581216922903e-05,0.0011627396674457765,-8.03910399616569,-6.27019558949968,-0.9629577993857613,-2.8653388194185688e-05,-1.5024081202547394e-07,28.0,28.0,14.0,6.0,6.0,6.0
0.2474570659887978,1.0,4.815324678118154e-05,0.00015817823721727615,0.35005894896401785,-0.00012798241399927254,0.3498625216665943,0.35005894896401785,-0.00012798241399927254,0.3498625216665943,0.35006040820115164,-0.0001451718215562527,0.3498175646863755,-0.3270934263812464,-1.4199746290790003,1.2360506057739258,-1.386080567036764,-1.5709903875934046,2.738044500350952,0.0,0.0,-0.0,0.0,0.0,0.0,-0.3270737243106656,-1.4200305299837688,1.2360819469522082,-1.3861850604587411,-1.5710153268836973,2.7380359434522776,0.00012002143983137653,-0.00027328414756466887,0.00010554978475715015,-0.0006898626859811315,-7.642020906275649e-05,7.11002535020909e-05,0.0009124503767640919,-8.03800529455554,-6.269853228664908,-0.9629006004889054,-2.894427173027662e-05,-3.041492387870775e-07,28.0,28.0,14.0,6.0,6.0,6.0
0.2519941619739403,1.0,4.815324678118154e-05,0.00015817823721727615,0.35005894896401785,-0.00012798241399927254,0.3498625216665943,0.35005894896401785,-0.00012798241399927254,0.3498625216665943,0.35006040820115164,-0.0001451718215562527,0.3498175646863755,-0.3270934263812464,-1.4199746290790003,1.2360506057739258,-1.386080567036764,-1.5709903875934046,2.738044500350952,0.0,0.0,-0.0,0.0,0.0,0.0,-0.3270732456029365,-1.4200316154508912,1.2360823617676144,-1.386187794542028,-1.5710156142380356,2.7380362110251912,0.00011967693227963554,-0.0002713667806184752,0.00010370385157209246,-0.0006835208217345976,-7.183858460662376e-05,6.689322835498105e-05,0.0009124503767640919,-8.03800529455554,-6.269853228664908,-0.9629006004889054,-2.894427173027662e-05,-3.041492387870775e-07,28.0,28.0,14.0,6.0,6.0,6.0
0.2559941619739403,1.0,4.815324678118154e-05,0.00015817823721727615,0.35005894896401785,-0.00012798241399927254,0.3498625216665943,0.35005894896401785,-0.00012798241399927254,0.3498625216665943,0.35006040820115164,-0.0001451718215562527,0.3498175646863755,-0.3270934263812464,-1.4199746290790003,1.2360506057739258,-1.386080567036764,-1.5709903875934046,2.738044500350952,0.0,0.0,-0.0,0.0,0.0,0.0,-0.32707276819055575,-1.420032693708714,1.236082769642312,-1.3861905047799055,-1.571015884365466,2.7380364627796903,0.00011935309518099902,-0.00026956445568905314,0.00010196867437813822,-0.0006775594693428559,-6.753185761785899e-05,6.29386247166978e-05,0.0009124503767640919,-8.03800529455554,-6.269853228664908,-0.9629006004889054,-2.894427173027662e-05,-3.041492387870775e-07,28.0,28.0,14.0,6.0,6.0,6.0
0.2611214019753971,1.0,4.908263513894219e-05,0.00016489264379978,0.35005894896401785,-0.00012798241399927254,0.3498625216665943,0.35005894896401785,-0.00012798241399927254,0.3498625216665943,0.3500590633496851,-0.00014158133986539646,0.34981536065299845,-0.3270934263812464,-1.4199865500079554,1.2360749244689941,-1.386092487965719,-1.5709541479693812,2.7380564212799072,0.0,0.0,-0.0,0.0,0.0,0.0,-0.3270722868517278,-1.4200337560386114,1.2360831544380557,-1.3861931857497973,-1.571016180044358,2.7380366910793166,0.00012033470698943731,-0.00026558247434119186,9.619893592808132e-05,-0.0006702424729467196,-7.391972301746465e-05,5.707490663021398e-05,0.000931674924840346,-8.037823125808487,-6.269904254787374,-0.9629102523854762,-2.8657165613810104e-05,-4.5799331609577973e-07,28.0,28.0,14.0,6.0,6.0,6.0
0.26512140197539713,1.0,4.908263513894219e-05,0.00016489264379978,0.35005894896401785,-0.00012798241399927254,0.3498625216665943,0.35005894896401785,-0.00012798241399927254,0.3498625216665943,0.3500590633496851,-0.00014158133986539646,0.34981536065299845,-0.3270934263812464,-1.4199865500079554,1.2360749244689941,-1.386092487965719,-1.5709541479693812,2.7380564212799072,0.0,0.0,-0.0,0.0,0.0,0.0,-0.32707180182203943,-1.4200348033962589,1.2360835175395828,-1.3861958392077827,-1.571016499741624,2.738036897331363,0.0001212574220893693,-0.0002618394118742022,9.077538178502782e-05,-0.0006633644963343515,-7.992431649309397e-05,5.156301162891919e-05,0.000931674924840346,-8.037823125808487,-6.269904254787374,-0.9629102523854762,-2.8657165613810104e-05,-4.5799331609577973e-07,28.0,28.0,14.0,6.0,6.0,6.0
0.2697404299580959,1.0,4.908263513894219e-05,0.00016489264379978,0.35005894896401785,-0.00012798241399927254,0.3498625216665943,0.35005894896401785,-0.00012798241399927254,0.3498625216665943,0.3500590633496851,-0.00014158133986539646,0.34981536065299845,-0.3270934263812464,-1.4199865500079554,1.2360749244689941,-1.386092487965719,-1.5709541479693812,2.7380564212799072,0.0,0.0,-0.0,0.0,0.0,0.0,-0.3270713133229423,-1.4200358366799914,1.2360838602485464,-1.386198466804576,-1.5710168420161614,2.7380370828586846,0.00012212477428330537,-0.00025832093315523194,8.567724089055754e-05,-0.0006568991983187254,-8.556863436018553e-05,4.6381830327702084e-05,0.000931674924840346,-8.037823125808487,-6.269904254787374,-0.9629102523854762,-2.8657165613810104e-05,-4.5799331609577973e-07,28.0,28.0,14.0,6.0,6.0,6.0
0.2737404299580959,1.0,4.02063704145195e-05,0.00012064934401668325,0.35005894896401785,-0.00012798241399927254,0.3498625216665943,0.35005894896401785,-0.00012798241399927254,0.3498625216665943,0.35005958418827277,-0.00014489225004790478,0.3498260496751918,-0.3270934263812464,-1.4199865500079554,1.2360386848449707,-1.386092487965719,-1.5709903875934046,2.738020658493042,0.0,0.0,-0.0,0.0,0.0,0.0,-0.32707082671224064,-1.4200368505493095,1.236084188863629,-1.3862010396054671,-1.5710171637672823,2.7380372849505816,0.00012165267542010157,-0.0002534673294955343,8.215377060783496e-05,-0.0006432002227819469,-8.043778021215655e-05,5.052297427574124e-05,0.0008101411237895004,-8.037434451274853,-6.269679525650581,-0.9628698385714332,-2.894509816212337e-05,3.378395163751123e-09,28.0,28.0,14.0,6.0,6.0,6.0
0.27873111694073316,1.0,4.02063704145195e-05,0.00012064934401668325,0.35005894896401785,-0.00012798241399927254,0.3498625216665943,0.35005894896401785,-0.00012798241399927254,0.3498625216665943,0.35005958418827277,-0.00014489225004790478,0.3498260496751918,-0.3270934263812464,-1.4199865500079554,1.2360386848449707,-1.386092487965719,-1.5709903875934046,2.738020658493042,0.0,0.0,-0.0,0.0,0.0,0.0,-0.3270703418766307,-1.4200378461690777,1.2360845042304631,-1.3862035608982102,-1.5710174662263916,2.73803750261318,0.00012120890248868999,-0.0002489049420554185,7.884170854207573e-05,-0.000630323185777375,-7.56147773130093e-05,5.441564958689805e-05,0.0008101411237895004,-8.037434451274853,-6.269679525650581,-0.9628698385714332,-2.894509816212337e-05,3.378395163751123e-09,28.0,28.0,14.0,6.0,6.0,6.0
0.28273111694073316,1.0,3.268490451960933e-05,7.446963506837123e-05,0.35005894896401785,-0.00012798241399927254,0.3498625216665943,0.35005894896401785,-0.00012798241399927254,0.3498625216665943,0.3500623256078783,-0.0001489237960423465,0.34983765482566465,-0.32710534731020147,-1.4199865500079554,1.2360029220581055,-1.3861048857318323,-1.5709779898272913,2.738020658493042,0.0,0.0,-0.0,0.0,0.0,0.0,-0.3270698501019472,-1.4200388122726924,1.2360848018974182,-1.3862059854097726,-1.5710177648371244,2.7380377297875054,0.00012294367086233704,-0.00024152590365836307,7.441673876610585e-05,-0.0006061278905941404,-7.465268320588545e-05,5.679358134079771e-05,0.0008849212619078782,-8.03704938228854,-6.269452083555841,-0.9628238733197476,-2.5772416020236086e-05,-1.5055655491532266e-07,28.0,28.0,14.0,6.0,6.0,6.0
0.28783935895119805,1.0,3.268490451960933e-05,7.446963506837123e-05,0.35005894896401785,-0.00012798241399927254,0.3498625216665943,0.35005894896401785,-0.00012798241399927254,0.3498625216665943,0.3500623256078783,-0.0001489237960423465,0.34983765482566465,-0.32710534731020147,-1.4199865500079554,1.2360029220581055,-1.3861048857318323,-1.5709779898272913,2.738020658493042,0.0,0.0,-0.0,0.0,0.0,0.0,-0.32706935180453467,-1.4200397506311226,1.2360850829264869,-1.3862083189470251,-1.5710180598303833,2.738037965902854,0.0001245743531335653,-0.00023458960756513094,7.025726717669417e-05,-0.0005833843131218998,-7.374831474518903e-05,5.902883718946339e-05,0.0008849212619078782,-8.03704938228854,-6.269452083555841,-0.9628238733197476,-2.5772416020236086e-05,-1.5055655491532266e-07,28.0,28.0,14.0,6.0,6.0,6.0
0.29183935895119806,1.0,3.268490451960933e-05,7.446963506837123e-05,0.35005894896401785,-0.00012798241399927254,0.3498625216665943,0.35005894896401785,-0.00012798241399927254,0.3498625216665943,0.3500623256078783,-0.0001489237960423465,0.34983765482566465,-0.32710534731020147,-1.4199865500079554,1.2360029220581055,-1.3861048857318323,-1.5709779898272913,2.738020658493042,0.0,0.0,-0.0,0.0,0.0,0.0,-0.3270688473757568,-1.4200406629090796,1.2360853483159424,-1.3862105669684264,-1.571018351423217,2.7380382104227645,0.00012610719446851985,-0.00022806948923749274,6.634736388264719e-05,-0.0005620053502979936,-7.289820839213439e-05,6.112997768720912e-05,0.0008849212619078782,-8.03704938228854,-6.269452083555841,-0.9628238733197476,-2.5772416020236086e-05,-1.5055655491532266e-07,28.0,28.0,14.0,6.0,6.0,6.0
0.2963479579498527,1.0,3.268490451960933e-05,7.446963506837123e-05,0.35005894896401785,-0.00012798241399927254,0.3498625216665943,0.35005894896401785,-0.00012798241399927254,0.3498625216665943,0.3500623256078783,-0.0001489237960423465,0.34983765482566465,-0.32710534731020147,-1.4199865500079554,1.2360029220581055,-1.3861048857318323,-1.5709779898272913,2.738020658493042,0.0,0.0,-0.0,0.0,0.0,0.0,-0.32706833718349554,-1.4200415506713917,1.2360855990041615,-1.3862127346049273,-1.5710186398196506,2.7380384628429635,0.0001275480653233771,-0.00022194057800951282,6.267205478624303e-05,-0.0005419091252435219,-7.209910842026303e-05,6.310504975509012e-05,0.0008849212619078782,-8.03704938228854,-6.269452083555841,-0.9628238733197476,-2.5772416020236086e-05,-1.5055655491532266e-07,28.0,28.0,14.0,6.0,6.0,6.0
0.3003479579498527,1.0,4.4623336435463984e-05,0.00014692828764857434,0.35005894896401785,-0.00012798241399927254,0.3498625216665943,0.35005894896401785,-0.00012798241399927254,0.3498625216665943,0.3500612194575203,-0.00014437483877988126,0.3498210804380447,-0.3270934263812464,-1.4199746290790003,1.2360386848449707,-1.386080567036764,-1.5709779898272913,2.738044500350952,0.0,0.0,-0.0,0.0,0.0,0.0,-0.3270678284164961,-1.4200424393968096,1.236085852325157,-1.386214902065886,-1.5710189252075595,2.7380387021141006,0.00012719174986085534,-0.00022218135447730673,6.333024888854327e-05,-0.0005418652396640748,-7.134697722285975e-05,5.981778422821346e-05,0.0009138008274730314,-8.037874285707941,-6.269778712275085,-0.9628873054232738,-2.8845611710147263e-05,-3.0419064601242167e-07,28.0,28.0,14.0,6.0,6.0,6.0
0.3054514499532526,1.0,4.4623336435463984e-05,0.00014692828764857434,0.35005894896401785,-0.00012798241399927254,0.3498625216665943,0.35005894896401785,-0.00012798241399927254,0.3498625216665943,0.3500612194575203,-0.00014437483877988126,0.3498210804380447,-0.3270934263812464,-1.4199746290790003,1.2360386848449707,-1.386080567036764,-1.5709779898272913,2.738044500350952,0.0,0.0,-0.0,0.0,0.0,0.0,-0.3270673209892428,-1.4200433290275472,1.2360861081209624,-1.386217069361835,-1.571019207767455,2.738038929025119,0.00012685681332608487,-0.000222407684357033,6.394895134470549e-05,-0.0005418239872193945,-7.063997389730067e-05,5.6727754632949405e-05,0.0009138008274730314,-8.037874285707941,-6.269778712275085,-0.9628873054232738,-2.8845611710147263e-05,-3.0419064601242167e-07,28.0,28.0,14.0,6.0,6.0,6.0
0.3094514499532526,1.0,5.3086972961375346e-05,0.0001827350913525775,0.35005894896401785,-0.00012798241399927254,0.3498625216665943,0.35005894896401785,-0.00012798241399927254,0.3498625216665943,0.350054619911732,-0.00014110475476935996,0.349811264567796,-0.3270934263812464,-1.4199984709369105,1.2360987663269043,-1.386080567036764,-1.5709660688983362,2.738032579421997,0.0,0.0,-0.0,0.0,0.0,0.0,-0.3270668131297459,-1.4200442137555118,1.2360863495519232,-1.3862192673149314,-1.571019501398632,2.7380391597436398,0.00012696487422208893,-0.00022118199114728196,6.0357740215469694e-05,-0.000549488274097756,-7.34077942520847e-05,5.7679630224545586e-05,0.0008994888696805969,-8.037728971529411,-6.269967724611786,-0.9629290760192937,-2.875253144212492e-05,-1.5030810435815275e-07,28.0,28.0,14.0,6.0,6.0,6.0
0.3146736829655712,1.0,5.3086972961375346e-05,0.0001827350913525775,0.35005894896401785,-0.00012798241399927254,0.3498625216665943,0.35005894896401785,-0.00012798241399927254,0.3498625216665943,0.350054619911732,-0.00014110475476935996,0.349811264567796,-0.3270934263812464,-1.4199984709369105,1.2360987663269043,-1.386080567036764,-1.5709660688983362,2.738032579421997,0.0,0.0,-0.0,0.0,0.0,0.0,-0.32706630486394006,-1.4200450938748699,1.2360865774799301,-1.3862214940857465,-1.5710198054368134,2.738039394041213,0.00012706645146433275,-0.00022002983953011598,5.698200175398804e-05,-0.0005566927037634158,-7.600954538558169e-05,5.857439328064599e-05,0.0008994888696805969,-8.037728971529411,-6.269967724611786,-0.9629290760192937,-2.875253144212492e-05,-1.5030810435815275e-07,28.0,28.0,14.0,6.0,6.0,6.0
0.3186736829655712,1.0,5.3086972961375346e-05,0.0001827350913525775,0.35005894896401785,-0.00012798241399927254,0.3498625216665943,0.35005894896401785,-0.00012798241399927254,0.3498625216665943,0.350054619911732,-0.00014110475476935996,0.349811264567796,-0.3270934263812464,-1.4199984709369105,1.2360987663269043,-1.386080567036764,-1.5709660688983362,2.738032579421997,0.0,0.0,-0.0,0.0,0.0,0.0,-0.3270657962162038,-1.420045969662138,1.2360867927151604,-1.386223747945217,-1.5710201192575792,2.7380396317030953,0.00012716193407204192,-0.00021894681700997993,5.3808807600195286e-05,-0.0005634648676491361,-7.845519145106886e-05,5.941547055338037e-05,0.0008994888696805969,-8.037728971529411,-6.269967724611786,-0.9629290760192937,-2.875253144212492e-05,-1.5030810435815275e-07,28.0,28.0,14.0,6.0,6.0,6.0
0.3233212089824957,1.0,3.3425433648126433e-05,8.806540379773505e-05,0.35005894896401785,-0.00012798241399927254,0.3498625216665943,0.35005894896401785,-0.00012798241399927254,0.3498625216665943,0.35005675487155863,-0.0001428600917931483,0.34983267036383703,-0.3270934263812464,-1.4200108687030237,1.2360506057739258,-1.3861168066607874,-1.5709779898272913,2.738044500350952,0.0,0.0,-0.0,0.0,0.0,0.0,-0.3270652889120887,-1.4200468120072807,1.2360869749175323,-1.3862259240296062,-1.5710204285450096,2.7380398570899502,0.00012682602877796568,-0.00021058628568914654,4.5550592981543184e-05,-0.0005440210972566387,-7.73218575677855e-05,5.634671372561695e-05,0.000683081197155502,-8.036661708368532,-6.26955048055992,-0.9628474966891216,-2.884904489261798e-05,-3.0433744436731814e-07,28.0,28.0,14.0,6.0,6.0,6.0
0.3273212089824957,1.0,3.3425433648126433e-05,8.806540379773505e-05,0.35005894896401785,-0.00012798241399927254,0.3498625216665943,0.35005894896401785,-0.00012798241399927254,0.3498625216665943,0.35005675487155863,-0.0001428600917931483,0.34983267036383703,-0.3270934263812464,-1.4200108687030237,1.2360506057739258,-1.3861168066607874,-1.5709779898272913,2.738044500350952,0.0,0.0,-0.0,0.0,0.0,0.0,-0.3270647828709775,-1.4200476229168257,1.2360871260690172,-1.3862280270054186,-1.5710207335711044,2.7380400709382795,0.000126510277801534,-0.00020272738624756313,3.778787124001021e-05,-0.0005257439530876913,-7.625652371749915e-05,5.346208230751933e-05,0.000683081197155502,-8.036661708368532,-6.26955048055992,-0.9628474966891216,-2.884904489261798e-05,-3.0433744436731814e-07,28.0,28.0,14.0,6.0,6.0,6.0
0.33229883498093127,1.0,3.3425433648126433e-05,8.806540379773505e-05,0.35005894896401785,-0.00012798241399927254,0.3498625216665943,0.35005894896401785,-0.00012798241399927254,0.3498625216665943,0.35005675487155863,-0.0001428600917931483,0.34983267036383703,-0.3270934263812464,-1.4200108687030237,1.2360506057739258,-1.3861168066607874,-1.5709779898272913,2.738044500350952,0.0,0.0,-0.0,0.0,0.0,0.0,-0.32706427801709,-1.4200484042769088,1.2360872480326683,-1.386230061259169,-1.571021034591544,2.7380402739403946,0.00012621347188368823,-0.00019534002077247473,3.049091280296922e-05,-0.0005085634375688807,-7.525510989822997e-05,5.075052877450757e-05,0.000683081197155502,-8.036661708368532,-6.26955048055992,-0.9628474966891216,-2.884904489261798e-05,-3.0433744436731814e-07,28.0,28.0,14.0,6.0,6.0,6.0
0.33629883498093127,1.0,4.0769683056950996e-05,9.115904931282296e-05,0.35005894896401785,-0.00012798241399927254,0.3498625216665943,0.35005894896401785,-0.00012798241399927254,0.3498625216665943,0.3500661965622687,-0.00014503248661814727,0.3498262045301454,-0.3270934263812464,-1.4199746290790003,1.2360386848449707,-1.3861406485186976,-1.5709660688983362,2.7379965782165527,0.0,0.0,-0.0,0.0,0.0,0.0,-0.3270637725801303,-1.4200491778259439,1.2360873484911583,-1.3862320174262401,-1.5710213455761441,2.7380405236530128,0.00012635923991789527,-0.00019338725877360148,2.5114622477872653e-05,-0.0004890417677889318,-7.774614999715222e-05,6.242815448518631e-05,0.0008542686246069622,-8.037653674932532,-6.269742548511863,-0.962862857043234,-2.8751405827242853e-05,3.1396776575529313e-07,28.0,28.0,14.0,6.0,6.0,6.0
0.3414130129795523,1.0,4.0769683056950996e-05,9.115904931282296e-05,0.35005894896401785,-0.00012798241399927254,0.3498625216665943,0.35005894896401785,-0.00012798241399927254,0.3498625216665943,0.3500661965622687,-0.00014503248661814727,0.3498262045301454,-0.3270934263812464,-1.4199746290790003,1.2360386848449707,-1.3861406485186976,-1.5709660688983362,2.7379965782165527,0.0,0.0,-0.0,0.0,0.0,0.0,-0.32706326659508284,-1.4200499440325938,1.2360874287347965,-1.386233900191833,-1.5710216659270548,2.7380408172735033,0.0001264962618700499,-0.00019155166249466062,2.006090957228188e-05,-0.00047069139819577976,-8.008772769013912e-05,7.340512265322432e-05,0.0008542686246069622,-8.037653674932532,-6.269742548511863,-0.962862857043234,-2.8751405827242853e-05,3.1396776575529313e-07,28.0,28.0,14.0,6.0,6.0,6.0
0.3454130129795523,1.0,4.0769683056950996e-05,9.115904931282296e-05,0.35005894896401785,-0.00012798241399927254,0.3498625216665943,0.35005894896401785,-0.00012798241399927254,0.3498625216665943,0.3500661965622687,-0.00014503248661814727,0.3498262045301454,-0.3270934263812464,-1.4199746290790003,1.2360386848449707,-1.3861406485186976,-1.5709660688983362,2.7379965782165527,0.0,0.0,-0.0,0.0,0.0,0.0,-0.3270627600948328,-1.4200507033374017,1.2360874899764742,-1.386235713960036,-1.5710219950822977,2.738041152167394,0.00012662506250507525,-0.00018982620199245622,1.5310419441026556e-05,-0.00045344205077821684,-8.228881072154682e-05,8.372347273118005e-05,0.0008542686246069622,-8.037653674932532,-6.269742548511863,-0.962862857043234,-2.8751405827242853e-05,3.1396776575529313e-07,28.0,28.0,14.0,6.0,6.0,6.0
0.3500641009851826,1.0,4.5367544542611816e-05,9.7619355146487e-05,0.35005894896401785,-0.00012798241399927254,0.3498625216665943,0.35005894896401785,-0.00012798241399927254,0.3498625216665943,0.3500663214030508,-0.0001502795445703743,0.34982370544306823,-0.32710534731020147,-1.4199746290790003,1.2360506057739258,-1.3861525694476526,-1.5709779898272913,2.7380564212799072,0.0,0.0,-0.0,0.0,0.0,0.0,-0.3270622479505017,-1.4200514569447316,1.2360875274317498,-1.386237456156083,-1.5710223187889114,2.7380414483453754,0.0001280360827819672,-0.00018840183244967081,9.363818907969056e-06,-0.00043554901176863704,-8.092665343689372e-05,7.404449534946161e-05,0.0009678416307732753,-8.03779109197297,-6.269812845577647,-0.9628702675338714,-2.5772393976102698e-05,-6.119534373334535e-07,28.0,28.0,14.0,6.0,6.0,6.0
0.3540641009851826,1.0,4.5367544542611816e-05,9.7619355146487e-05,0.35005894896401785,-0.00012798241399927254,0.3498625216665943,0.35005894896401785,-0.00012798241399927254,0.3498625216665943,0.3500663214030508,-0.0001502795445703743,0.34982370544306823,-0.32710534731020147,-1.4199746290790003,1.2360506057739258,-1.3861525694476526,-1.5709779898272913,2.7380564212799072,0.0,0.0,-0.0,0.0,0.0,0.0,-0.32706173050073434,-1.420052205196432,1.2360875425278075,-1.3862391310743034,-1.5710226373738139,2.738041708130402,0.00012936244184224562,-0.0001870629250794525,3.774014406895006e-06,-0.000418729555099632,-7.964622558931982e-05,6.494625661064629e-05,0.0009678416307732753,-8.03779109197297,-6.269812845577647,-0.9628702675338714,-2.5772393976102698e-05,-6.119534373334535e-07,28.0,28.0,14.0,6.0,6.0,6.0
0.3591996529824102,1.0,4.5367544542611816e-05,9.7619355146487e-05,0.35005894896401785,-0.00012798241399927254,0.3498625216665943,0.35005894896401785,-0.00012798241399927254,0.3498625216665943,0.3500663214030508,-0.0001502795445703743,0.34982370544306823,-0.32710534731020147,-1.4199746290790003,1.2360506057739258,-1.3861525694476526,-1.5709779898272913,2.7380564212799072,0.0,0.0,-0.0,0.0,0.0,0.0,-0.3270612080638569,-1.4200529484138404,1.2360875366062003,-1.3862407427513668,-1.5710229511443075,2.7380419337060506,0.00013060921935890735,-0.00018580435215144732,-1.4804018241146003e-06,-0.0004029192658307673,-7.844262341260036e-05,5.639391219615989e-05,0.0009678416307732753,-8.03779109197297,-6.269812845577647,-0.9628702675338714,-2.5772393976102698e-05,-6.119534373334535e-07,28.0,28.0,14.0,6.0,6.0,6.0
0.3631996529824102,1.0,3.3722112821078326e-05,2.0922227948848908e-05,0.35005894896401785,-0.00012798241399927254,0.3498625216665943,0.35005894896401785,-0.00012798241399927254,0.3498625216665943,0.35007083640880887,-0.0001372196463533759,0.34983234646008476,-0.32705766359438115,-1.4199746290790003,1.2360386848449707,-1.3862126509295862,-1.5710023085223597,2.7380685806274414,0.0,0.0,-0.0,-0.003954794257879257,0.0,0.0,-0.32706071180024215,-1.4200536711772325,1.236087482061739,-1.3862423887131519,-1.5710232323611881,2.738042137187119,0.00012406590369452476,-0.0001806908479982665,-1.3636115362272506e-05,-0.00041149044624969917,-7.030422019163376e-05,5.087026712304602e-05,0.00042647719353401225,-8.035739089881373,-6.268109561919531,-0.9621881755959919,-3.824497550736485e-05,-1.5552831229661731e-07,28.0,28.0,14.0,6.0,6.0,6.0
0.36839457498933204,1.0,3.3722112821078326e-05,2.0922227948848908e-05,0.35005894896401785,-0.00012798241399927254,0.3498625216665943,0.35005894896401785,-0.00012798241399927254,0.3498625216665943,0.35007083640880887,-0.0001372196463533759,0.34983234646008476,-0.32705766359438115,-1.4199746290790003,1.2360386848449707,-1.3862126509295862,-1.5710023085223597,2.7380685806274414,0.0,0.0,-0.0,-0.003954794257879257,0.0,0.0,-0.32706024013949425,-1.4200543747138488,1.2360873818117946,-1.3862440669025753,-1.5710234829776728,2.7380423198992823,0.00011791518697000512,-0.00017588415409427655,-2.5062486088140935e-05,-0.00041954735584349517,-6.265412116392517e-05,4.567804075431898e-05,0.00042647719353401225,-8.035739089881373,-6.268109561919531,-0.9621881755959919,-3.824497550736485e-05,-1.5552831229661731e-07,28.0,28.0,14.0,6.0,6.0,6.0
0.37239457498933204,1.0,2.0622722877334113e-05,6.087862431166543e-05,0.35005894896401785,-0.00012798241399927254,0.3498625216665943,0.35005894896401785,-0.00012798241399927254,0.3498625216665943,0.35006701501292325,-0.00014216745029713656,0.34984991134149307,-0.3270815054522913,-1.4200108687030237,1.2360267639160156,-1.3862364927874964,-1.5709779898272913,2.738032579421997,0.0,0.0,-0.0,-0.003954794257879257,0.0,0.0,-0.32705977446251167,-1.4200550206311697,1.2360872066182216,-1.3862457000123982,-1.5710237328515375,2.738042514238832,0.00011641924564013795,-0.0001614793302161338,-4.379839325719497e-05,-0.00040827745573445513,-6.246846619971086e-05,4.8584887489421973e-05,0.000471547805403293,-8.034409656886366,-6.267745532241291,-0.9621247394402823,-3.190837903992109e-05,1.3868573531674686e-09,28.0,28.0,14.0,6.0,6.0,6.0
0.37702072700765,1.0,2.0622722877334113e-05,6.087862431166543e-05,0.35005894896401785,-0.00012798241399927254,0.3498625216665943,0.35005894896401785,-0.00012798241399927254,0.3498625216665943,0.35006701501292325,-0.00014216745029713656,0.34984991134149307,-0.3270815054522913,-1.4200108687030237,1.2360267639160156,-1.3862364927874964,-1.5709779898272913,2.738032579421997,0.0,0.0,-0.0,-0.003954794257879257,0.0,0.0,-0.32705931441026853,-1.4200556123863528,1.2360869609776377,-1.3862472907473968,-1.5710239820273397,2.7380427195081256,0.00011501306079006281,-0.00014793879577067962,-6.141014599610577e-05,-0.0003976837496319575,-6.229395053334941e-05,5.1317323420418786e-05,0.000471547805403293,-8.034409656886366,-6.267745532241291,-0.9621247394402823,-3.190837903992109e-05,1.3868573531674686e-09,28.0,28.0,14.0,6.0,6.0,6.0
0.38102072700765,1.0,2.0622722877334113e-05,6.087862431166543e-05,0.35005894896401785,-0.00012798241399927254,0.3498625216665943,0.35005894896401785,-0.00012798241399927254,0.3498625216665943,0.35006701501292325,-0.00014216745029713656,0.34984991134149307,-0.3270815054522913,-1.4200108687030237,1.2360267639160156,-1.3862364927874964,-1.5709779898272913,2.738032579421997,0.0,0.0,-0.0,-0.003954794257879257,0.0,0.0,-0.3270588596452804,-1.4200561532291265,1.2360866491168634,-1.3862488416500605,-1.571024230546963,2.738042935051378,0.00011369124703099217,-0.0001352106933919527,-7.796519357068192e-05,-0.0003877256658956097,-6.212990580696965e-05,5.388581319555579e-05,0.000471547805403293,-8.034409656886366,-6.267745532241291,-0.9621247394402823,-3.190837903992109e-05,1.3868573531674686e-09,28.0,28.0,14.0,6.0,6.0,6.0
0.38604703702055865,1.0,2.0622722877334113e-05,6.087862431166543e-05,0.35005894896401785,-0.00012798241399927254,0.3498625216665943,0.35005894896401785,-0.00012798241399927254,0.3498625216665943,0.35006701501292325,-0.00014216745029713656,0.34984991134149307,-0.3270815054522913,-1.4200108687030237,1.2360267639160156,-1.3862364927874964,-1.5709779898272913,2.738032579421997,0.0,0.0,-0.0,-0.003954794257879257,0.0,0.0,-0.32705840985031204,-1.420056646214235,1.2360862750091102,-1.3862503551103291,-1.5710244784497782,2.7380431602521527,0.00011244874209746577,-0.00012324627715594937,-9.35269382907835e-05,-0.0003783650671834428,-6.197570376417267e-05,5.630019358418458e-05,0.000471547805403293,-8.034409656886366,-6.267745532241291,-0.9621247394402823,-3.190837903992109e-05,1.3868573531674686e-09,28.0,28.0,14.0,6.0,6.0,6.0
0.39004703702055865,1.0,1.8547635780588313e-05,9.315857518788688e-05,0.35005894896401785,-0.00012798241399927254,0.3498625216665943,0.35005894896401785,-0.00012798241399927254,0.3498625216665943,0.35006709551162224,-0.00013491960777832872,0.3498473716204673,-0.32705766359438115,-1.4200108687030237,1.2360386848449707,-1.3862479368792933,-1.5709903875934046,2.7379846572875977,0.0,0.0,-0.0,-0.003067961661145091,0.0,0.0,-0.3270579801899272,-1.4200570952697817,1.2360858369933478,-1.3862517849038491,-1.5710247114852989,2.7380434617407743,0.0001074150962125599,-0.0001122638867064742,-0.00010950394060486781,-0.000357448380028268,-5.825888017279569e-05,7.537215538498785e-05,0.00017078433396785356,-8.034736911755896,-6.2681621638750045,-0.962280862190397,-3.8158992220944644e-05,9.275756025258415e-07,28.0,28.0,14.0,6.0,6.0,6.0
0.3945627610152589,1.0,1.8547635780588313e-05,9.315857518788688e-05,0.35005894896401785,-0.00012798241399927254,0.3498625216665943,0.35005894896401785,-0.00012798241399927254,0.3498625216665943,0.35006709551162224,-0.00013491960777832872,0.3498473716204673,-0.32705766359438115,-1.4200108687030237,1.2360386848449707,-1.3862479368792933,-1.5709903875934046,2.7379846572875977,0.0,0.0,-0.0,-0.003067961661145091,0.0,0.0,-0.3270575694560509,-1.4200575030315405,1.2360853389040567,-1.3862531360506256,-1.5710249305455628,2.738043834939972,0.0001026834690807484,-0.00010194043968396754,-0.00012452232278010704,-0.0003377866941024036,-5.4765065996901325e-05,9.329979947774292e-05,0.00017078433396785356,-8.034736911755896,-6.2681621638750045,-0.962280862190397,-3.8158992220944644e-05,9.275756025258415e-07,28.0,28.0,14.0,6.0,6.0,6.0
0.3985627610152589,1.0,4.0948535015418546e-05,6.389898006659504e-05,0.35005894896401785,-0.00012798241399927254,0.3498625216665943,0.35005894896401785,-0.00012798241399927254,0.3498625216665943,0.35007957025569186,-0.00014956992008817652,0.34983449445784165,-0.3270934263812464,-1.4199627081500452,1.2360386848449707,-1.3862841765033167,-1.5709660688983362,2.7380564212799072,0.0,0.0,-0.0,-0.002229065867140889,0.0,0.0,-0.32705715249656253,-1.420057900623576,1.2360847883263464,-1.3862543620678478,-1.5710251644917663,2.7380441756921354,0.00010423987208955857,-9.939800887630045e-05,-0.00013764442757427175,-0.00030650430556649705,-5.848655089473842e-05,8.518804080081661e-05,0.0007972664617389516,-8.036678871453484,-6.268857455742279,-0.962451555683543,-2.8743901595237344e-05,-4.5927391566236883e-07,28.0,28.0,14.0,6.0,6.0,6.0
0.40371612400375323,1.0,4.0948535015418546e-05,6.389898006659504e-05,0.35005894896401785,-0.00012798241399927254,0.3498625216665943,0.35005894896401785,-0.00012798241399927254,0.3498625216665943,0.35007957025569186,-0.00014956992008817652,0.34983449445784165,-0.3270934263812464,-1.4199627081500452,1.2360386848449707,-1.3862841765033167,-1.5709660688983362,2.7380564212799072,0.0,0.0,-0.0,-0.002229065867140889,0.0,0.0,-0.3270567296849989,-1.4200582886560718,1.2360841884095222,-1.3862554704632892,-1.5710254124307532,2.7380444859440862,0.00010570289091784014,-9.700812391709339e-05,-0.00014997920608078656,-0.0002770988603427449,-6.198474669870529e-05,7.756298764450588e-05,0.0007972664617389516,-8.036678871453484,-6.268857455742279,-0.962451555683543,-2.8743901595237344e-05,-4.5927391566236883e-07,28.0,28.0,14.0,6.0,6.0,6.0
0.40771612400375323,1.0,4.0948535015418546e-05,6.389898006659504e-05,0.35005894896401785,-0.00012798241399927254,0.3498625216665943,0.35005894896401785,-0.00012798241399927254,0.3498625216665943,0.35007957025569186,-0.00014956992008817652,0.34983449445784165,-0.3270934263812464,-1.4199627081500452,1.2360386848449707,-1.3862841765033167,-1.5709660688983362,2.7380564212799072,0.0,0.0,-0.0,-0.002229065867140889,0.0,0.0,-0.3270563013724844,-1.4200586677026,1.2360835421139307,-1.3862564682942566,-1.5710256735229562,2.738044767525837,0.00010707812861642481,-9.476163205543875e-05,-0.0001615738978769105,-0.0002494577418324179,-6.527305075443415e-05,7.03954376775738e-05,0.0007972664617389516,-8.036678871453484,-6.268857455742279,-0.962451555683543,-2.8743901595237344e-05,-4.5927391566236883e-07,28.0,28.0,14.0,6.0,6.0,6.0
0.4128362389800606,1.0,3.197140413580471e-05,2.3356960570974323e-05,0.35005894896401785,-0.00012798241399927254,0.3498625216665943,0.35005894896401785,-0.00012798241399927254,0.3498625216665943,0.3500703204772255,-0.00014853486359328263,0.3498408316646241,-0.3270934263812464,-1.4199865500079554,1.2360267639160156,-1.3862245718585413,-1.5709903875934046,2.738020658493042,0.0,0.0,-0.0,-0.001749696908518672,0.0,0.0,-0.32705587134566255,-1.4200590320878406,1.2360828735069966,-1.3862573941526182,-1.5710259189664353,2.7380450599004056,0.00010750670546867059,-9.109631016875041e-05,-0.00016715173350000795,-0.0002314645904008598,-6.13608697700804e-05,7.309364210687959e-05,0.0006672521628716805,-8.036156666536918,-6.268826450084731,-0.9625158835116233,-2.89391222120921e-05,2.2876374442106714e-09,28.0,28.0,14.0,6.0,6.0,6.0
0.4168362389800606,1.0,3.197140413580471e-05,2.3356960570974323e-05,0.35005894896401785,-0.00012798241399927254,0.3498625216665943,0.35005894896401785,-0.00012798241399927254,0.3498625216665943,0.3500703204772255,-0.00014853486359328263,0.3498408316646241,-0.3270934263812464,-1.4199865500079554,1.2360267639160156,-1.3862245718585413,-1.5709903875934046,2.738020658493042,0.0,0.0,-0.0,-0.001749696908518672,0.0,0.0,-0.3270554397073917,-1.420059382691471,1.2360821839274008,-1.3862582523567304,-1.571026149700114,2.738045362420223,0.00010790956770978162,-8.765090759526336e-05,-0.00017239489898571956,-0.0002145510280551952,-5.768341964478788e-05,7.562995427042703e-05,0.0006672521628716805,-8.036156666536918,-6.268826450084731,-0.9625158835116233,-2.89391222120921e-05,2.2876374442106714e-09,28.0,28.0,14.0,6.0,6.0,6.0
0.4214338929641528,1.0,3.197140413580471e-05,2.3356960570974323e-05,0.35005894896401785,-0.00012798241399927254,0.3498625216665943,0.35005894896401785,-0.00012798241399927254,0.3498625216665943,0.3500703204772255,-0.00014853486359328263,0.3498408316646241,-0.3270934263812464,-1.4199865500079554,1.2360267639160156,-1.3862245718585413,-1.5709903875934046,2.738020658493042,0.0,0.0,-0.0,-0.001749696908518672,0.0,0.0,-0.3270550065543588,-1.4200597203403875,1.2360814746335027,-1.3862590469658482,-1.57102636660658,2.7380456744765738,0.00010828825821642599,-8.441222917618555e-05,-0.00017732347454228848,-0.0001986522794502705,-5.422661652701291e-05,7.801408770416163e-05,0.0006672521628716805,-8.036156666536918,-6.268826450084731,-0.9625158835116233,-2.89391222120921e-05,2.2876374442106714e-09,28.0,28.0,14.0,6.0,6.0,6.0
0.4254338929641528,1.0,5.277923606469325e-05,4.076435366330188e-05,0.35005894896401785,-0.00012798241399927254,0.3498625216665943,0.35005894896401785,-0.00012798241399927254,0.3498625216665943,0.35007656605518045,-0.00014751101030520584,0.34981676229832004,-0.3270815054522913,-1.4199507872210901,1.2360749244689941,-1.3862479368792933,-1.5710023085223597,2.738044500350952,0.0,0.0,-0.0,-0.0014381069922819734,0.0,0.0,-0.327054580508627,-1.4200600815112914,1.2360807511242913,-1.3862598052136499,-1.5710265567789592,2.7380459732329236,0.00010651143294692452,-9.029272597311366e-05,-0.00018087730286277077,-0.0001895619504357165,-4.754309479047568e-05,7.468908741639428e-05,0.0007579045106356956,-8.037858472957936,-6.269511448822591,-0.9626500765833063,-3.2107101239973025e-05,-1.5127332685148379e-07,28.0,28.0,14.0,6.0,6.0,6.0
0.4304162679801231,1.0,5.277923606469325e-05,4.076435366330188e-05,0.35005894896401785,-0.00012798241399927254,0.3498625216665943,0.35005894896401785,-0.00012798241399927254,0.3498625216665943,0.35007656605518045,-0.00014751101030520584,0.34981676229832004,-0.3270815054522913,-1.4199507872210901,1.2360749244689941,-1.3862479368792933,-1.5710023085223597,2.738044500350952,0.0,0.0,-0.0,-0.0014381069922819734,0.0,0.0,-0.32705416114375824,-1.4200604647928632,1.2360800142526853,-1.3862605292818146,-1.5710267218212965,2.7380462594872723,0.00010484121719359314,-9.58203929622261e-05,-0.00018421790148402412,-0.00018101704116203575,-4.1260584358130686e-05,7.156358714589296e-05,0.0007579045106356956,-8.037858472957936,-6.269511448822591,-0.9626500765833063,-3.2107101239973025e-05,-1.5127332685148379e-07,28.0,28.0,14.0,6.0,6.0,6.0
0.4344162679801231,1.0,5.277923606469325e-05,4.076435366330188e-05,0.35005894896401785,-0.00012798241399927254,0.3498625216665943,0.35005894896401785,-0.00012798241399927254,0.3498625216665943,0.35007656605518045,-0.00014751101030520584,0.34981676229832004,-0.3270815054522913,-1.4199507872210901,1.2360749244689941,-1.3862479368792933,-1.5710023085223597,2.738044500350952,0.0,0.0,-0.0,-0.0014381069922819734,0.0,0.0,-0.3270537480589007,-1.4200608688584628,1.2360792648204286,-1.3862612212211205,-1.5710268632413948,2.7380465339897397,0.00010327121438546165,-0.00010101639993199179,-0.0001873580641880023,-0.00017298482644477586,-3.535502455172639e-05,6.862561689162172e-05,0.0007579045106356956,-8.037858472957936,-6.269511448822591,-0.9626500765833063,-3.2107101239973025e-05,-1.5127332685148379e-07,28.0,28.0,14.0,6.0,6.0,6.0
0.4394473259919325,1.0,4.024075447716935e-05,1.6691775010988504e-05,0.35005894896401785,-0.00012798241399927254,0.3498625216665943,0.35005894896401785,-0.00012798241399927254,0.3498625216665943,0.35006673692403706,-0.00015252374978976668,0.3498315961296184,-0.32710534731020147,-1.4199984709369105,1.2360749244689941,-1.3862364927874964,-1.5710023085223597,2.738020658493042,0.0,0.0,-0.0,-0.0012223910307511687,0.0,0.0,-0.32705332718718183,-1.4200612565957977,1.2360784851985396,-1.3862618483475742,-1.5710269824646648,2.7380468111357614,0.00010521792971906147,-9.693433375235972e-05,-0.00019490547228296487,-0.00015678161339785602,-2.980581749828359e-05,6.928650537226362e-05,0.0007578280657253737,-8.036490437346485,-6.269240947873701,-0.9626375607224615,-2.596274811921403e-05,-1.5127123955842894e-07,28.0,28.0,14.0,6.0,6.0,6.0
0.4434473259919325,1.0,4.024075447716935e-05,1.6691775010988504e-05,0.35005894896401785,-0.00012798241399927254,0.3498625216665943,0.35005894896401785,-0.00012798241399927254,0.3498625216665943,0.35006673692403706,-0.00015252374978976668,0.3498315961296184,-0.32710534731020147,-1.4199984709369105,1.2360749244689941,-1.3862364927874964,-1.5710023085223597,2.738020658493042,0.0,0.0,-0.0,-0.0012223910307511687,0.0,0.0,-0.3270528989958133,-1.420061628984564,1.2360776771983961,-1.3862624145499467,-1.5710270808229163,2.738047090766724,0.00010704784213264531,-9.309719154350559e-05,-0.0002020000358922297,-0.00014155059313375134,-2.4589562868047355e-05,6.990774054406702e-05,0.0007578280657253737,-8.036490437346485,-6.269240947873701,-0.9626375607224615,-2.596274811921403e-05,-1.5127123955842894e-07,28.0,28.0,14.0,6.0,6.0,6.0
0.448238527986454,1.0,4.024075447716935e-05,1.6691775010988504e-05,0.35005894896401785,-0.00012798241399927254,0.3498625216665943,0.35005894896401785,-0.00012798241399927254,0.3498625216665943,0.35006673692403706,-0.00015252374978976668,0.3498315961296184,-0.32710534731020147,-1.4199984709369105,1.2360749244689941,-1.3862364927874964,-1.5710023085223597,2.738020658493042,0.0,0.0,-0.0,-0.0012223910307511687,0.0,0.0,-0.3270524639239741,-1.4200619869456754,1.2360768425226933,-1.386262923483683,-1.5710271595680503,2.73804737273353,0.00010876795980141411,-8.94902778671827e-05,-0.00020866892568493866,-0.00012723343408549295,-1.9686283515625298e-05,7.049170160556221e-05,0.0007578280657253737,-8.036490437346485,-6.269240947873701,-0.9626375607224615,-2.596274811921403e-05,-1.5127123955842894e-07,28.0,28.0,14.0,6.0,6.0,6.0
0.45223852798645403,1.0,2.485218155854545e-05,7.555593486800642e-05,0.35005894896401785,-0.00012798241399927254,0.3498625216665943,0.35005894896401785,-0.00012798241399927254,0.3498625216665943,0.35007374484709275,-0.00014341967977073419,0.34984985661239965,-0.3270815054522913,-1.4199865500079554,1.2360029220581055,-1.3862479368792933,-1.5709660688983362,2.738044500350952,0.0,0.0,-0.0,-0.0010546118719503284,0.0,0.0,-0.327052030945913,-1.4200623186535886,1.2360759844604368,-1.3862633025132065,-1.5710272616145475,2.7380476483336236,0.00010824451527375455,-8.292697826899813e-05,-0.00021451556415241164,-9.475738090814286e-05,-2.5511624310843586e-05,6.890002338930297e-05,0.0004895682824564719,-8.03602450938525,-6.268938660931366,-0.9625947861184959,-3.1824595464972116e-05,-1.512829084936408e-07,28.0,28.0,14.0,6.0,6.0,6.0
0.4572387139936911,1.0,2.485218155854545e-05,7.555593486800642e-05,0.35005894896401785,-0.00012798241399927254,0.3498625216665943,0.35005894896401785,-0.00012798241399927254,0.3498625216665943,0.35007374484709275,-0.00014341967977073419,0.34984985661239965,-0.3270815054522913,-1.4199865500079554,1.2360029220581055,-1.3862479368792933,-1.5709660688983362,2.738044500350952,0.0,0.0,-0.0,-0.0010546118719503284,0.0,0.0,-0.32705159993600336,-1.4200626256834952,1.2360751044148195,-1.3862635594327701,-1.5710273855643262,2.738047917949007,0.00010775247741775456,-7.675747664670463e-05,-0.00022001140431183625,-6.422989092143378e-05,-3.098744465834878e-05,6.740384586601927e-05,0.0004895682824564719,-8.03602450938525,-6.268938660931366,-0.9625947861184959,-3.1824595464972116e-05,-1.512829084936408e-07,28.0,28.0,14.0,6.0,6.0,6.0
0.4612387139936911,1.0,3.105706038340387e-05,4.413713884410659e-05,0.35005894896401785,-0.00012798241399927254,0.3498625216665943,0.35005894896401785,-0.00012798241399927254,0.3498625216665943,0.3500678989309893,-0.00014977525370495043,0.3498422852828158,-0.3270934263812464,-1.4199984709369105,1.2360386848449707,-1.3862364927874964,-1.5710142294513147,2.738032579421997,0.0,0.0,-0.0,-0.0009347695740871131,0.0,0.0,-0.3270511707622123,-1.4200629144073627,1.2360742052247846,-1.3862637330961862,-1.5710274746302906,2.738048181954182,0.00010729344775962163,-7.218096687497061e-05,-0.00022479750870576712,-4.3415854047678895e-05,-2.2266491098073394e-05,6.600129381189995e-05,0.0005407519370478923,-8.036158303730689,-6.269127794212343,-0.9626453354283205,-2.9132681972567842e-05,-1.5126408192704093e-07,28.0,28.0,14.0,6.0,6.0,6.0
0.4662614609992599,1.0,3.105706038340387e-05,4.413713884410659e-05,0.35005894896401785,-0.00012798241399927254,0.3498625216665943,0.35005894896401785,-0.00012798241399927254,0.3498625216665943,0.3500678989309893,-0.00014977525370495043,0.3498422852828158,-0.3270934263812464,-1.4199984709369105,1.2360386848449707,-1.3862364927874964,-1.5710142294513147,2.738032579421997,0.0,0.0,-0.0,-0.0009347695740871131,0.0,0.0,-0.3270507433143728,-1.4200631859235535,1.2360732880389973,-1.3862638284988238,-1.5710275309054695,2.7380484406857617,0.00010686195988097668,-6.787904768954062e-05,-0.00022929644683606214,-2.3850659386349305e-05,-1.4068794751414535e-05,6.468289488102779e-05,0.0005407519370478923,-8.036158303730689,-6.269127794212343,-0.9626453354283205,-2.9132681972567842e-05,-1.5126408192704093e-07,28.0,28.0,14.0,6.0,6.0,6.0
0.4702614609992599,1.0,3.105706038340387e-05,4.413713884410659e-05,0.35005894896401785,-0.00012798241399927254,0.3498625216665943,0.35005894896401785,-0.00012798241399927254,0.3498625216665943,0.3500678989309893,-0.00014977525370495043,0.3498422852828158,-0.3270934263812464,-1.4199984709369105,1.2360386848449707,-1.3862364927874964,-1.5710142294513147,2.738032579421997,0.0,0.0,-0.0,-0.0009347695740871131,0.0,0.0,-0.32705031748892766,-1.420063441264528,1.2360723539372025,-1.3862638503363294,-1.5710275563573102,2.7380486944601614,0.00010645636127505043,-6.383524365523644e-05,-0.00023352544867853944,-5.459376404699493e-06,-6.362960185555207e-06,6.344359988600796e-05,0.0005407519370478923,-8.036158303730689,-6.269127794212343,-0.9626453354283205,-2.9132681972567842e-05,-1.5126408192704093e-07,28.0,28.0,14.0,6.0,6.0,6.0
0.47536138999531996,1.0,3.105706038340387e-05,4.413713884410659e-05,0.35005894896401785,-0.00012798241399927254,0.3498625216665943,0.35005894896401785,-0.00012798241399927254,0.3498625216665943,0.3500678989309893,-0.00014977525370495043,0.3498422852828158,-0.3270934263812464,-1.4199984709369105,1.2360386848449707,-1.3862364927874964,-1.5710142294513147,2.738032579421997,0.0,0.0,-0.0,-0.0009347695740871131,0.0,0.0,-0.32704989318853334,-1.4200636814007996,1.2360714039343608,-1.3862638030226109,-1.571027552835213,2.7380489435748117,0.00010607509858547975,-6.00340678629905e-05,-0.0002375007104104681,1.1828429598051332e-05,8.805243063525607e-07,6.227866259068931e-05,0.0005407519370478923,-8.036158303730689,-6.269127794212343,-0.9626453354283205,-2.9132681972567842e-05,-1.5126408192704093e-07,28.0,28.0,14.0,6.0,6.0,6.0
0.47936138999531996,1.0,2.6222773976904215e-05,6.840071569338812e-05,0.35005894896401785,-0.00012798241399927254,0.3498625216665943,0.35005894896401785,-0.00012798241399927254,0.3498625216665943,0.3500710181937685,-0.00014249461569804583,0.34984431827212725,-0.3270815054522913,-1.4199984709369105,1.2360386848449707,-1.3862603346454065,-1.5709660688983362,2.738008499145508,0.0,0.0,2.3968450477696024e-05,-0.0008388957940042019,0.0,0.0,-0.327049470335875,-1.4200638983024618,1.2360704240814002,-1.3862636515280566,-1.5710275775515223,2.7380492297671823,0.00010571316458419206,-5.422541553002335e-05,-0.0002449632401393114,3.787363858291267e-05,-6.179077380511751e-06,7.154809270969989e-05,0.00046076163941518824,-8.036110595799437,-6.269194511768279,-0.962661971353209,-3.182692156953255e-05,3.133333926918887e-07,28.0,28.0,14.0,6.0,6.0,6.0
0.483944795005955,1.0,2.6222773976904215e-05,6.840071569338812e-05,0.35005894896401785,-0.00012798241399927254,0.3498625216665943,0.35005894896401785,-0.00012798241399927254,0.3498625216665943,0.3500710181937685,-0.00014249461569804583,0.34984431827212725,-0.3270815054522913,-1.4199984709369105,1.2360386848449707,-1.3862603346454065,-1.5709660688983362,2.738008499145508,0.0,0.0,2.3968450477696024e-05,-0.0008388957940042019,0.0,0.0,-0.32704904884408853,-1.420064093363591,1.236069416169328,-1.3862634021035165,-1.5710276288119343,2.7380495508126104,0.00010537294662298163,-4.8765282337034236e-05,-0.0002519780180844241,6.235613502868232e-05,-1.2815102966164202e-05,8.026135702156984e-05,0.00046076163941518824,-8.036110595799437,-6.269194511768279,-0.962661971353209,-3.182692156953255e-05,3.133333926918887e-07,28.0,28.0,14.0,6.0,6.0,6.0
0.487944795005955,1.0,4.979276644557783e-05,3.0500700513430123e-05,0.35005894896401785,-0.00012798241399927254,0.3498625216665943,0.35005894896401785,-0.00012798241399927254,0.3498625216665943,0.3500722488070488,-0.00015229067599296649,0.3498211508778116,-0.32710534731020147,-1.4199746290790003,1.2360868453979492,-1.3862479368792933,-1.5709779898272913,2.738020658493042,0.0,0.0,2.3968450477696024e-05,-0.0007430219557136297,0.0,0.0,-0.32704861661031265,-1.4200643024142767,1.23606839841137,-1.3862631352580956,-1.5710276912973524,2.738049875168745,0.000108058443968819,-5.226267142863988e-05,-0.0002544394894644254,6.671135519356954e-05,-1.5621354543735453e-05,8.108903370392303e-05,0.0009249867121404137,-8.037612411793404,-6.2697309223294715,-0.9627596305236221,-2.5770684199134678e-05,-1.5095188688297128e-07,28.0,28.0,14.0,6.0,6.0,6.0
0.4931456530301368,1.0,4.979276644557783e-05,3.0500700513430123e-05,0.35005894896401785,-0.00012798241399927254,0.3498625216665943,0.35005894896401785,-0.00012798241399927254,0.3498625216665943,0.3500722488070488,-0.00015229067599296649,0.3498211508778116,-0.32710534731020147,-1.4199746290790003,1.2360868453979492,-1.3862479368792933,-1.5709779898272913,2.738020658493042,0.0,0.0,2.3968450477696024e-05,-0.0007430219557136297,0.0,0.0,-0.32704817427906674,-1.4200645246151453,1.2360673713982797,-1.386262852037047,-1.5710277643342765,2.7380502026369444,0.00011058281147390613,-5.555021717474919e-05,-0.0002567532725616266,7.080526214856351e-05,-1.8259231026652428e-05,8.186704978533503e-05,0.0009249867121404137,-8.037612411793404,-6.2697309223294715,-0.9627596305236221,-2.5770684199134678e-05,-1.5095188688297128e-07,28.0,28.0,14.0,6.0,6.0,6.0
0.4971456530301368,1.0,4.979276644557783e-05,3.0500700513430123e-05,0.35005894896401785,-0.00012798241399927254,0.3498625216665943,0.35005894896401785,-0.00012798241399927254,0.3498625216665943,0.3500722488070488,-0.00015229067599296649,0.3498211508778116,-0.32710534731020147,-1.4199746290790003,1.2360868453979492,-1.3862479368792933,-1.5709779898272913,2.738020658493042,0.0,0.0,2.3968450477696024e-05,-0.0007430219557136297,0.0,0.0,-0.327047722456199,-1.420064759177186,1.236066335685365,-1.3862625534229083,-1.5710278472896162,2.738050533030484,0.00011295571692868802,-5.864051017609194e-05,-0.00025892822867299575,7.465353468625785e-05,-2.0738834920594386e-05,8.25983849018623e-05,0.0009249867121404137,-8.037612411793404,-6.2697309223294715,-0.9627596305236221,-2.5770684199134678e-05,-1.5095188688297128e-07,28.0,28.0,14.0,6.0,6.0,6.0
0.5022432060185822,1.0,3.2244805569918984e-05,4.867294545035291e-05,0.35005894896401785,-0.00012798241399927254,0.3498625216665943,0.35005894896401785,-0.00012798241399927254,0.3498625216665943,0.3500695780964308,-0.00014931397503502376,0.3498408026994419,-0.3270934263812464,-1.4199984709369105,1.2360506057739258,-1.3862603346454065,-1.5710023085223597,2.738020658493042,0.0,0.0,2.3968450477696024e-05,-0.0006950850947760046,0.0,0.0,-0.32704727202582395,-1.420064976140501,1.2360652774437055,-1.386262169413699,-1.5710279115531682,2.738050869592279,0.00011260759376499979,-5.424082876567824e-05,-0.0002645604148561442,9.600230234582101e-05,-1.6065888013926237e-05,8.414044866722096e-05,0.0005440622961225476,-8.036349438014971,-6.269330057953563,-0.962697818299801,-2.9040154162316637e-05,2.6572032338889483e-09,28.0,28.0,14.0,6.0,6.0,6.0
0.5062432060185822,1.0,3.2244805569918984e-05,4.867294545035291e-05,0.35005894896401785,-0.00012798241399927254,0.3498625216665943,0.35005894896401785,-0.00012798241399927254,0.3498625216665943,0.3500695780964308,-0.00014931397503502376,0.3498408026994419,-0.3270934263812464,-1.4199984709369105,1.2360506057739258,-1.3862603346454065,-1.5710023085223597,2.738020658493042,0.0,0.0,2.3968450477696024e-05,-0.0006950850947760046,0.0,0.0,-0.32704682290439197,-1.420065176561014,1.236064198025026,-1.3862617051331232,-1.57102795824644,2.7380512119522336,0.00011228035799113285,-5.0105128239889366e-05,-0.0002698546698683037,0.00011607014394581037,-1.1673317921658175e-05,8.55899886066581e-05,0.0005440622961225476,-8.036349438014971,-6.269330057953563,-0.962697818299801,-2.9040154162316637e-05,2.6572032338889483e-09,28.0,28.0,14.0,6.0,6.0,6.0
0.510920415992616,1.0,3.2244805569918984e-05,4.867294545035291e-05,0.35005894896401785,-0.00012798241399927254,0.3498625216665943,0.35005894896401785,-0.00012798241399927254,0.3498625216665943,0.3500695780964308,-0.00014931397503502376,0.3498408026994419,-0.3270934263812464,-1.4199984709369105,1.2360506057739258,-1.3862603346454065,-1.5710023085223597,2.738020658493042,0.0,0.0,2.3968450477696024e-05,-0.0006950850947760046,0.0,0.0,-0.32704637501336653,-1.420065361431293,1.2360630986999477,-1.386261165397463,-1.571027988423648,2.738051559762458,0.00011197275636369793,-4.6217569745647824e-05,-0.00027483126957973366,0.00013493391504980037,-7.544302034926196e-06,8.6952556149729e-05,0.0005440622961225476,-8.036349438014971,-6.269330057953563,-0.962697818299801,-2.9040154162316637e-05,2.6572032338889483e-09,28.0,28.0,14.0,6.0,6.0,6.0
0.514920415992616,1.0,4.4681321358374686e-05,5.395744419290087e-05,0.35005894896401785,-0.00012798241399927254,0.3498625216665943,0.35005894896401785,-0.00012798241399927254,0.3498625216665943,0.3500769843492261,-0.00013827430325270262,0.3498229587752147,-0.32705766359438115,-1.4199507872210901,1.2360506057739258,-1.3862364927874964,-1.5709903875934046,2.738008499145508,0.0,0.0,2.3968450477696024e-05,-0.0006231797160580754,0.0,0.0,-0.32704594712553964,-1.4200655752011841,1.2360620163263925,-1.3862606258169252,-1.5710280167938613,2.738051949055292,0.00010697195672484444,-5.344247275656046e-05,-0.0002705933888076198,0.00013489513442457662,-7.092553332047066e-06,9.732320846651199e-05,0.000472939061963586,-8.037904240031308,-6.269733496761876,-0.962772893174342,-3.8165069197294567e-05,6.211975880421895e-07,28.0,28.0,14.0,6.0,6.0,6.0
0.5198398579915522,1.0,4.4681321358374686e-05,5.395744419290087e-05,0.35005894896401785,-0.00012798241399927254,0.3498625216665943,0.35005894896401785,-0.00012798241399927254,0.3498625216665943,0.3500769843492261,-0.00013827430325270262,0.3498229587752147,-0.32705766359438115,-1.4199507872210901,1.2360506057739258,-1.3862364927874964,-1.5709903875934046,2.738008499145508,0.0,0.0,2.3968450477696024e-05,-0.0006231797160580754,0.0,0.0,-0.3270455380407194,-1.4200658161367106,1.236060949887269,-1.3862600863822028,-1.5710280434654995,2.738052377341779,0.00010227120506432216,-6.023388158681834e-05,-0.00026660978088183273,0.0001348586806368663,-6.667909551340682e-06,0.00010707162164428799,0.000472939061963586,-8.037904240031308,-6.269733496761876,-0.962772893174342,-3.8165069197294567e-05,6.211975880421895e-07,28.0,28.0,14.0,6.0,6.0,6.0
0.5238398579915522,1.0,4.4681321358374686e-05,5.395744419290087e-05,0.35005894896401785,-0.00012798241399927254,0.3498625216665943,0.35005894896401785,-0.00012798241399927254,0.3498625216665943,0.3500769843492261,-0.00013827430325270262,0.3498229587752147,-0.32705766359438115,-1.4199507872210901,1.2360506057739258,-1.3862364927874964,-1.5709903875934046,2.738008499145508,0.0,0.0,2.3968450477696024e-05,-0.0006231797160580754,0.0,0.0,-0.32704514663072537,-1.420066082607934,1.2360598984265112,-1.3862595470845465,-1.5710280685404772,2.738052842282299,9.785249850343121e-05,-6.661780588726075e-05,-0.0002628651894315929,0.0001348244140764186,-6.268744397476682e-06,0.00011623513003139742,0.000472939061963586,-8.037904240031308,-6.269733496761876,-0.962772893174342,-3.8165069197294567e-05,6.211975880421895e-07,28.0,28.0,14.0,6.0,6.0,6.0
0.5281026619870683,1.0,3.859006949803566e-05,2.579649672537406e-05,0.35005894896401785,-0.00012798241399927254,0.3498625216665943,0.35005894896401785,-0.00012798241399927254,0.3498625216665943,0.35007445382654623,-0.00014262060244669083,0.34983035777160604,-0.32706958452333623,-1.4199746290790003,1.2360625267028809,-1.3862717787372034,-1.5710023085223597,2.738044500350952,0.0,0.0,2.3968450477696024e-05,-0.0005752427969127893,0.0,0.0,-0.3270447666841479,-1.4200663490127796,1.2360588309822171,-1.386258945244537,-1.571028078387746,2.73805329162239,9.498664437442627e-05,-6.660121135879548e-05,-0.00026686107350752355,0.000150460002357302,-2.4618172024006735e-06,0.00011233502275491186,0.0004207456826449466,-8.037178832614254,-6.269624301022288,-0.9627534160407987,-3.5187974080978936e-05,2.772985890970914e-09,28.0,28.0,14.0,6.0,6.0,6.0
0.5321026619870683,1.0,3.859006949803566e-05,2.579649672537406e-05,0.35005894896401785,-0.00012798241399927254,0.3498625216665943,0.35005894896401785,-0.00012798241399927254,0.3498625216665943,0.35007445382654623,-0.00014262060244669083,0.34983035777160604,-0.32706958452333623,-1.4199746290790003,1.2360625267028809,-1.3862717787372034,-1.5710023085223597,2.738044500350952,0.0,0.0,2.3968450477696024e-05,-0.0005752427969127893,0.0,0.0,-0.32704439751318193,-1.4200666153552297,1.236057748513399,-1.3862582846147158,-1.5710280739209685,2.7380537262980775,9.229274149316162e-05,-6.658561250203813e-05,-0.00027061720453889837,0.0001651574553413324,1.1166943609707744e-06,0.00010866892191501544,0.0004207456826449466,-8.037178832614254,-6.269624301022288,-0.9627534160407987,-3.5187974080978936e-05,2.772985890970914e-09,28.0,28.0,14.0,6.0,6.0,6.0
0.5368238069871443,1.0,3.859006949803566e-05,2.579649672537406e-05,0.35005894896401785,-0.00012798241399927254,0.3498625216665943,0.35005894896401785,-0.00012798241399927254,0.3498625216665943,0.35007445382654623,-0.00014262060244669083,0.34983035777160604,-0.32706958452333623,-1.4199746290790003,1.2360625267028809,-1.3862717787372034,-1.5710023085223597,2.738044500350952,0.0,0.0,2.3968450477696024e-05,-0.0005752427969127893,0.0,0.0,-0.32704403847129077,-1.420066881639028,1.2360566519215281,-1.3862575687224712,-1.5710280559989875,2.738054147189226,8.976047278477285e-05,-6.657094957668621e-05,-0.00027414796770839066,0.00017897306114632097,4.480495230539936e-06,0.00010522278712551279,0.0004207456826449466,-8.037178832614254,-6.269624301022288,-0.9627534160407987,-3.5187974080978936e-05,2.772985890970914e-09,28.0,28.0,14.0,6.0,6.0,6.0
0.5408238069871443,1.0,4.136404922146901e-05,7.775571838970539e-05,0.35005894896401785,-0.00012798241399927254,0.3498625216665943,0.35005894896401785,-0.00012798241399927254,0.3498625216665943,0.3500706916429772,-0.00016014259006302643,0.3498393092316854,-0.32711726823915654,-1.4199865500079554,1.2360386848449707,-1.3862479368792933,-1.571026627217428,2.7380564212799072,0.0,0.0,2.3968450477696024e-05,-0.0005512743955478072,0.0,0.0,-0.32704366500295173,-1.4200671398035345,1.236055551527172,-1.3862568035428708,-1.5710279974319785,2.73805451040671,9.33670847590703e-05,-6.454112661470081e-05,-0.00027509858901695824,0.00019129490009834845,1.4641752271469846e-05,9.08043710525458e-05,0.0008205807724718731,-8.036821066594552,-6.2694195683466605,-0.9627237048780999,-2.308362011438664e-05,-7.663230360967536e-07,28.0,28.0,14.0,6.0,6.0,6.0
0.5458014329855798,1.0,4.136404922146901e-05,7.775571838970539e-05,0.35005894896401785,-0.00012798241399927254,0.3498625216665943,0.35005894896401785,-0.00012798241399927254,0.3498625216665943,0.3500706916429772,-0.00016014259006302643,0.3498393092316854,-0.32711726823915654,-1.4199865500079554,1.2360386848449707,-1.3862479368792933,-1.571026627217428,2.7380564212799072,0.0,0.0,2.3968450477696024e-05,-0.0005512743955478072,0.0,0.0,-0.32704327797375166,-1.4200673903359067,1.2360544475584798,-1.386255992033156,-1.571027900658643,2.73805481941095,9.675730001490991e-05,-6.263309303043453e-05,-0.00027599217304701175,0.00020287742871325428,2.4193333889943963e-05,7.725105994395684e-05,0.0008205807724718731,-8.036821066594552,-6.2694195683466605,-0.9627237048780999,-2.308362011438664e-05,-7.663230360967536e-07,28.0,28.0,14.0,6.0,6.0,6.0
0.5498014329855798,1.0,2.823657664314536e-05,8.664798577440996e-05,0.35005894896401785,-0.00012798241399927254,0.3498625216665943,0.35005894896401785,-0.00012798241399927254,0.3498625216665943,0.35006501777456106,-0.00015194045302888655,0.3498488656728564,-0.32710534731020147,-1.4200227896319788,1.2360506057739258,-1.3862603346454065,-1.5710023085223597,2.7380564212799072,0.0,0.0,2.3968450477696024e-05,-0.0005033374764025211,0.0,0.0,-0.32704288160508954,-1.4200676026340917,1.2360533127961766,-1.386255096004912,-1.5710277959802055,2.7380550877796646,9.909216553403085e-05,-5.30745462774842e-05,-0.000283690575809153,0.00022400706099361725,2.616960939081171e-05,6.709217859970843e-05,0.0005320135934886127,-8.035660630202015,-6.269221250866137,-0.9627024792448434,-2.5968278131226857e-05,-6.125549721422498e-07,28.0,28.0,14.0,6.0,6.0,6.0
0.5544727070005613,1.0,2.823657664314536e-05,8.664798577440996e-05,0.35005894896401785,-0.00012798241399927254,0.3498625216665943,0.35005894896401785,-0.00012798241399927254,0.3498625216665943,0.35006501777456106,-0.00015194045302888655,0.3498488656728564,-0.32710534731020147,-1.4200227896319788,1.2360506057739258,-1.3862603346454065,-1.5710023085223597,2.7380564212799072,0.0,0.0,2.3968450477696024e-05,-0.0005033374764025211,0.0,0.0,-0.32704247645733303,-1.420067778992141,1.2360521490878789,-1.3862541205292507,-1.571027683870972,2.7380553179509852,0.00010128693912200453,-4.408951232971088e-05,-0.0002909270744055657,0.00024386891533715842,2.8027308361627395e-05,5.754283013611492e-05,0.0005320135934886127,-8.035660630202015,-6.269221250866137,-0.9627024792448434,-2.5968278131226857e-05,-6.125549721422498e-07,28.0,28.0,14.0,6.0,6.0,6.0
0.5584727070005613,1.0,2.823657664314536e-05,8.664798577440996e-05,0.35005894896401785,-0.00012798241399927254,0.3498625216665943,0.35005894896401785,-0.00012798241399927254,0.3498625216665943,0.35006501777456106,-0.00015194045302888655,0.3498488656728564,-0.32710534731020147,-1.4200227896319788,1.2360506057739258,-1.3862603346454065,-1.5710023085223597,2.7380564212799072,0.0,0.0,2.3968450477696024e-05,-0.0005033374764025211,0.0,0.0,-0.3270420630572278,-1.4200679215664627,1.2360509581703465,-1.386253070373017,-1.5710275647767904,2.7380555122167554,0.0001033500262946998,-3.564358041880396e-05,-0.0002977293830861937,0.00026253905842008713,2.9773545394194136e-05,4.856644258033702e-05,0.0005320135934886127,-8.035660630202015,-6.269221250866137,-0.9627024792448434,-2.5968278131226857e-05,-6.125549721422498e-07,28.0,28.0,14.0,6.0,6.0,6.0
0.5634479569913822,1.0,2.823657664314536e-05,8.664798577440996e-05,0.35005894896401785,-0.00012798241399927254,0.3498625216665943,0.35005894896401785,-0.00012798241399927254,0.3498625216665943,0.35006501777456106,-0.00015194045302888655,0.3498488656728564,-0.32710534731020147,-1.4200227896319788,1.2360506057739258,-1.3862603346454065,-1.5710023085223597,2.7380564212799072,0.0,0.0,2.3968450477696024e-05,-0.0005033374764025211,0.0,0.0,-0.32704164189991486,-1.4200680323840804,1.2360497416761336,-1.3862519500170452,-1.5710274391167576,2.7380556727313086,0.00010528932823703334,-2.7704404422551455e-05,-0.00030412355324598397,0.0002800889929180401,3.141500820480687e-05,4.0128638277905795e-05,0.0005320135934886127,-8.035660630202015,-6.269221250866137,-0.9627024792448434,-2.5968278131226857e-05,-6.125549721422498e-07,28.0,28.0,14.0,6.0,6.0,6.0
0.5674479569913822,1.0,3.5254388507375784e-05,3.98781133049018e-05,0.35005894896401785,-0.00012798241399927254,0.3498625216665943,0.35005894896401785,-0.00012798241399927254,0.3498625216665943,0.35006932416870074,-0.00014715728016256947,0.34983481694597784,-0.3270815054522913,-1.4199865500079554,1.2360506057739258,-1.3862364927874964,-1.571026627217428,2.738020658493042,0.0,0.0,2.3968450477696024e-05,-0.0004793690168298781,0.0,0.0,-0.3270412305947432,-1.4200681500513026,1.236048533838517,-1.3862508277268422,-1.5710272792642423,2.7380558530400987,0.00010282629290649143,-2.941680557375853e-05,-0.000301959404131303,0.00028057255076602,3.996312878627066e-05,4.507719754500477e-05,0.0004656624122636761,-8.036869737812145,-6.269520643013751,-0.9627565503060771,-3.2307322177291485e-05,1.5662800575637065e-07,28.0,28.0,14.0,6.0,6.0,6.0
0.5726583150005902,1.0,3.5254388507375784e-05,3.98781133049018e-05,0.35005894896401785,-0.00012798241399927254,0.3498625216665943,0.35005894896401785,-0.00012798241399927254,0.3498625216665943,0.35006932416870074,-0.00014715728016256947,0.34983481694597784,-0.3270815054522913,-1.4199865500079554,1.2360506057739258,-1.3862364927874964,-1.571026627217428,2.738020658493042,0.0,0.0,2.3968450477696024e-05,-0.0004793690168298781,0.0,0.0,-0.3270408285505844,-1.4200682741571533,1.236047334138101,-1.3862497036184616,-1.5710270872707939,2.7380560519554717,0.00010051103969578204,-3.1026462655893174e-05,-0.0002999251039635029,0.00028102709514312113,4.799836213284662e-05,4.972884325607781e-05,0.0004656624122636761,-8.036869737812145,-6.269520643013751,-0.9627565503060771,-3.2307322177291485e-05,1.5662800575637065e-07,28.0,28.0,14.0,6.0,6.0,6.0
0.5766583150005902,1.0,3.964624143206617e-05,2.1191704086791875e-05,0.35005894896401785,-0.00012798241399927254,0.3498625216665943,0.35005894896401785,-0.00012798241399927254,0.3498625216665943,0.3500685522551332,-0.00014896592708277376,0.34983028359223933,-0.3270934263812464,-1.4199865500079554,1.2360625267028809,-1.3862245718585413,-1.5710023085223597,2.738008499145508,0.0,0.0,2.3968450477696024e-05,-0.00045540055725723505,0.0,0.0,-0.3270404249057881,-1.420068408333779,1.2360461455384657,-1.3862486035494783,-1.5710268930810274,2.7380562789413574,0.000100911199077247,-3.354415639126364e-05,-0.00029714990882972206,0.00027501724583626884,4.8547441640290725e-05,5.674647138137206e-05,0.0006703398560027111,-8.037098504678681,-6.26961387196349,-0.9627775935049808,-2.9039944697222587e-05,1.5980197205029353e-07,28.0,28.0,14.0,6.0,6.0,6.0
0.5813450250178578,1.0,3.964624143206617e-05,2.1191704086791875e-05,0.35005894896401785,-0.00012798241399927254,0.3498625216665943,0.35005894896401785,-0.00012798241399927254,0.3498625216665943,0.3500685522551332,-0.00014896592708277376,0.34983028359223933,-0.3270934263812464,-1.4199865500079554,1.2360625267028809,-1.3862245718585413,-1.5710023085223597,2.738008499145508,0.0,0.0,2.3968450477696024e-05,-0.00045540055725723505,0.0,0.0,-0.3270400197563925,-1.420068551976933,1.236044967373564,-1.3862475260775284,-1.571026696826722,2.7380565323135246,0.00010128734889582406,-3.591078850251187e-05,-0.0002945412254039681,0.0002693679874878277,4.9063576377288183e-05,6.334304181914866e-05,0.0006703398560027111,-8.037098504678681,-6.26961387196349,-0.9627775935049808,-2.9039944697222587e-05,1.5980197205029353e-07,28.0,28.0,14.0,6.0,6.0,6.0
0.5853450250178578,1.0,3.964624143206617e-05,2.1191704086791875e-05,0.35005894896401785,-0.00012798241399927254,0.3498625216665943,0.35005894896401785,-0.00012798241399927254,0.3498625216665943,0.3500685522551332,-0.00014896592708277376,0.34983028359223933,-0.3270934263812464,-1.4199865500079554,1.2360625267028809,-1.3862245718585413,-1.5710023085223597,2.738008499145508,0.0,0.0,2.3968450477696024e-05,-0.00045540055725723505,0.0,0.0,-0.3270396131926736,-1.4200687045186238,1.236043799017312,-1.3862464698467898,-1.5710264986317497,2.738056810488797,0.0001016409297252865,-3.8135422687085216e-05,-0.0002920890629837594,0.000264057684640293,4.954874303006579e-05,6.954381803065865e-05,0.0006703398560027111,-8.037098504678681,-6.26961387196349,-0.9627775935049808,-2.9039944697222587e-05,1.5980197205029353e-07,28.0,28.0,14.0,6.0,6.0,6.0
0.5903855830146933,1.0,3.964624143206617e-05,2.1191704086791875e-05,0.35005894896401785,-0.00012798241399927254,0.3498625216665943,0.35005894896401785,-0.00012798241399927254,0.3498625216665943,0.3500685522551332,-0.00014896592708277376,0.34983028359223933,-0.3270934263812464,-1.4199865500079554,1.2360625267028809,-1.3862245718585413,-1.5710023085223597,2.738008499145508,0.0,0.0,2.3968450477696024e-05,-0.00045540055725723505,0.0,0.0,-0.32703920529949077,-1.4200688654249392,1.2360426398811908,-1.3862454335827898,-1.571026298612551,2.7380571119789874,0.0001019732957049812,-4.022657882058416e-05,-0.0002897840303087632,0.0002590659999636104,5.0004799683676745e-05,7.537254766947806e-05,0.0006703398560027111,-8.037098504678681,-6.26961387196349,-0.9627775935049808,-2.9039944697222587e-05,1.5980197205029353e-07,28.0,28.0,14.0,6.0,6.0,6.0
0.5943855830146934,1.0,3.1608159721630405e-05,6.856851213394563e-05,0.35005894896401785,-0.00012798241399927254,0.3498625216665943,0.35005894896401785,-0.00012798241399927254,0.3498625216665943,0.3500707798970857,-0.00014869073579570864,0.34984177871135386,-0.3270934263812464,-1.4199984709369105,1.2360506057739258,-1.3862717787372034,-1.5709903875934046,2.7380564212799072,0.0,0.0,2.3968450477696024e-05,-0.00043143212678842247,0.0,0.0,-0.3270387944715522,-1.420069009626541,1.2360414588301993,-1.3862443270785272,-1.5710261106109589,2.738057381864046,0.00010270698463494908,-3.605040045921486e-05,-0.0002952627478763236,0.00027662606568357845,4.700039799200589e-05,6.747126472545921e-05,0.0005420204189194147,-8.036406675299595,-6.26942842434849,-0.9627363911387821,-2.89468986379464e-05,-4.5866637581101027e-07,28.0,28.0,14.0,6.0,6.0,6.0
0.5994819500220476,1.0,3.1608159721630405e-05,6.856851213394563e-05,0.35005894896401785,-0.00012798241399927254,0.3498625216665943,0.35005894896401785,-0.00012798241399927254,0.3498625216665943,0.3500707798970857,-0.00014869073579570864,0.34984177871135386,-0.3270934263812464,-1.4199984709369105,1.2360506057739258,-1.3862717787372034,-1.5709903875934046,2.7380564212799072,0.0,0.0,2.3968450477696024e-05,-0.00043143212678842247,0.0,0.0,-0.3270383808849433,-1.4200691381257122,1.2360402571792297,-1.3862431545484173,-1.5710259339059172,2.738057622040281,0.0001033966522291189,-3.212479279952773e-05,-0.0003004127423898304,0.0002931325274603484,4.417626040183529e-05,6.00440587580815e-05,0.0005420204189194147,-8.036406675299595,-6.26942842434849,-0.9627363911387821,-2.89468986379464e-05,-4.5866637581101027e-07,28.0,28.0,14.0,6.0,6.0,6.0
0.6034819500220476,1.0,3.8468158851533644e-05,2.6671621680556663e-05,0.35005894896401785,-0.00012798241399927254,0.3498625216665943,0.35005894896401785,-0.00012798241399927254,0.3498625216665943,0.35007067927757474,-0.0001486565975591964,0.3498322763839305,-0.3270934263812464,-1.4199865500079554,1.2360625267028809,-1.3862479368792933,-1.5709903875934046,2.7379965782165527,0.0,0.0,2.3968450477696024e-05,-0.0004074636672157794,0.0,0.0,-0.3270379646990766,-1.42006927004586,1.2360390537821029,-1.3862419731688298,-1.5710257678198334,2.7380579032355388,0.00010404646668463374,-3.2980036943813933e-05,-0.0003008492817057088,0.00029534489684858965,4.152152093473595e-05,7.029881445173905e-05,0.00065823340410961,-8.037030060563078,-6.269618817355726,-0.9627759435607914,-2.8945906342777886e-05,3.135821687022988e-07,28.0,28.0,14.0,6.0,6.0,6.0
0.608090291019995,1.0,3.8468158851533644e-05,2.6671621680556663e-05,0.35005894896401785,-0.00012798241399927254,0.3498625216665943,0.35005894896401785,-0.00012798241399927254,0.3498625216665943,0.35007067927757474,-0.0001486565975591964,0.3498322763839305,-0.3270934263812464,-1.4199865500079554,1.2360625267028809,-1.3862479368792933,-1.5709903875934046,2.7379965782165527,0.0,0.0,2.3968450477696024e-05,-0.0004074636672157794,0.0,0.0,-0.3270375460699075,-1.4200694051817258,1.2360378487435881,-1.3862407834707335,-1.57102561171557,2.738058222988678,0.0001046572922728177,-3.378396643944297e-05,-0.0003012596286626345,0.0002974245240735365,3.9026065835662567e-05,7.993828480377715e-05,0.00065823340410961,-8.037030060563078,-6.269618817355726,-0.9627759435607914,-2.8945906342777886e-05,3.135821687022988e-07,28.0,28.0,14.0,6.0,6.0,6.0
0.612090291019995,1.0,3.8468158851533644e-05,2.6671621680556663e-05,0.35005894896401785,-0.00012798241399927254,0.3498625216665943,0.35005894896401785,-0.00012798241399927254,0.3498625216665943,0.35007067927757474,-0.0001486565975591964,0.3498322763839305,-0.3270934263812464,-1.4199865500079554,1.2360625267028809,-1.3862479368792933,-1.5709903875934046,2.7379965782165527,0.0,0.0,2.3968450477696024e-05,-0.0004074636672157794,0.0,0.0,-0.32703712514403416,-1.4200695433403665,1.236036642162169,-1.3862395859532388,-1.571025464994218,2.7380585789862257,0.0001052314683257106,-3.4539660165334266e-05,-0.00030164535480214466,0.0002993793736649865,3.668033804253359e-05,8.899938693469297e-05,0.00065823340410961,-8.037030060563078,-6.269618817355726,-0.9627759435607914,-2.8945906342777886e-05,3.135821687022988e-07,28.0,28.0,14.0,6.0,6.0,6.0
0.6172199049917984,1.0,2.0456573070558325e-05,4.925306035820474e-05,0.35005894896401785,-0.00012798241399927254,0.3498625216665943,0.35005894896401785,-0.00012798241399927254,0.3498625216665943,0.35006193393960927,-0.00013940416015477254,0.34984581523019187,-0.32706958452333623,-1.4200227896319788,1.2360506057739258,-1.3862245718585413,-1.5710142294513147,2.738020658493042,0.0,0.0,2.3968450477696024e-05,-0.0003834952076431364,0.0,0.0,-0.32703671915682075,-1.4200696594232882,1.2360354303981325,-1.3862383725584742,-1.5710252996214567,2.7380589516817855,0.00010149680334820078,-2.9020730454325922e-05,-0.0003029410091318736,0.0003033486911457517,4.1343190343016685e-05,9.317388993422638e-05,0.00016791054790106256,-8.03568837319627,-6.269282092196139,-0.9627397895240832,-3.528637240199804e-05,3.1042991266552936e-07,28.0,28.0,14.0,6.0,6.0,6.0
0.6212199049917984,1.0,2.0456573070558325e-05,4.925306035820474e-05,0.35005894896401785,-0.00012798241399927254,0.3498625216665943,0.35005894896401785,-0.00012798241399927254,0.3498625216665943,0.35006193393960927,-0.00013940416015477254,0.34984581523019187,-0.32706958452333623,-1.4200227896319788,1.2360506057739258,-1.3862245718585413,-1.5710142294513147,2.738020658493042,0.0,0.0,2.3968450477696024e-05,-0.0003834952076431364,0.0,0.0,-0.3270363272119477,-1.4200697547550343,1.2360342137624356,-1.3862371442390757,-1.5710251167163707,2.7380593400734763,9.798621826934155e-05,-2.3832936525978077e-05,-0.00030415892420181876,0.00030707984957767094,4.572627150547079e-05,9.709792275378779e-05,0.00016791054790106256,-8.03568837319627,-6.269282092196139,-0.9627397895240832,-3.528637240199804e-05,3.1042991266552936e-07,28.0,28.0,14.0,6.0,6.0,6.0
0.6262984599892518,1.0,2.0456573070558325e-05,4.925306035820474e-05,0.35005894896401785,-0.00012798241399927254,0.3498625216665943,0.35005894896401785,-0.00012798241399927254,0.3498625216665943,0.35006193393960927,-0.00013940416015477254,0.34984581523019187,-0.32706958452333623,-1.4200227896319788,1.2360506057739258,-1.3862245718585413,-1.5710142294513147,2.738020658493042,0.0,0.0,2.3968450477696024e-05,-0.0003834952076431364,0.0,0.0,-0.3270359484668745,-1.4200698305806752,1.236032992547378,-1.3862359018905217,-1.5710249173308994,2.7380597432195306,9.468626829521387e-05,-1.8956410233331103e-05,-0.0003053037643675672,0.000310587138503675,4.984636779817765e-05,0.00010078651360417551,0.00016791054790106256,-8.03568837319627,-6.269282092196139,-0.9627397895240832,-3.528637240199804e-05,3.1042991266552936e-07,28.0,28.0,14.0,6.0,6.0,6.0
0.6302984599892518,1.0,2.4544976237088887e-05,5.195706491778774e-05,0.35005894896401785,-0.00012798241399927254,0.3498625216665943,0.35005894896401785,-0.00012798241399927254,0.3498625216665943,0.35006268630665294,-0.00014280206670074023,0.34984331578149847,-0.3270815054522913,-1.4200227896319788,1.2360625267028809,-1.3862364927874964,-1.5710023085223597,2.7380685806274414,0.0,0.0,2.3968450477696024e-05,-0.00035952674807049334,0.0,0.0,-0.32703557358539964,-1.4200698872406452,1.2360317592040655,-1.386234638211563,-1.5710247161886977,2.738060099839447,9.372036871534305e-05,-1.4164992511928176e-05,-0.0003083358281535293,0.0003159197397100291,5.028555043268402e-05,8.91549790150152e-05,0.0003209862947664693,-8.035831846037885,-6.269361404129783,-0.9627511300142129,-3.211763819350486e-05,-4.616666121066521e-07,28.0,28.0,14.0,6.0,6.0,6.0
0.6349388609810269,1.0,2.4544976237088887e-05,5.195706491778774e-05,0.35005894896401785,-0.00012798241399927254,0.3498625216665943,0.35005894896401785,-0.00012798241399927254,0.3498625216665943,0.35006268630665294,-0.00014280206670074023,0.34984331578149847,-0.3270815054522913,-1.4200227896319788,1.2360625267028809,-1.3862364927874964,-1.5710023085223597,2.7380685806274414,0.0,0.0,2.3968450477696024e-05,-0.00035952674807049334,0.0,0.0,-0.3270352023357072,-1.4200699258848846,1.236030514460193,-1.3862333544820236,-1.5710245133951692,2.738060412724793,9.281242311026448e-05,-9.661059853809423e-06,-0.0003111859681123336,0.0003209323848440019,5.069838210912001e-05,7.82213365012045e-05,0.0003209862947664693,-8.035831846037885,-6.269361404129783,-0.9627511300142129,-3.211763819350486e-05,-4.616666121066521e-07,28.0,28.0,14.0,6.0,6.0,6.0
0.6389388609810269,1.0,5.236449006928067e-05,4.510945024123722e-05,0.35005894896401785,-0.00012798241399927254,0.3498625216665943,0.35005894896401785,-0.00012798241399927254,0.3498625216665943,0.35007586681745156,-0.00015247860226063576,0.349819443100972,-0.3270934263812464,-1.4199507872210901,1.2360625267028809,-1.3862364927874964,-1.5710142294513147,2.738008499145508,0.0,0.0,2.3968450477696024e-05,-0.00033555831760168076,0.0,0.0,-0.32703482932150213,-1.4200700066301508,1.2360292965528576,-1.38623211220877,-1.5710242953210911,2.738060745158249,9.325355126952194e-05,-2.0186316583370805e-05,-0.0003044768338599996,0.00031056831342587304,5.45185195364365e-05,8.310836402082744e-05,0.0008309781983223186,-8.038296164487724,-6.2699320918902535,-0.9628302518864751,-2.913273353632804e-05,1.5991139004848466e-07,28.0,28.0,14.0,6.0,6.0,6.0
0.643599446992623,1.0,5.236449006928067e-05,4.510945024123722e-05,0.35005894896401785,-0.00012798241399927254,0.3498625216665943,0.35005894896401785,-0.00012798241399927254,0.3498625216665943,0.35007586681745156,-0.00015247860226063576,0.349819443100972,-0.3270934263812464,-1.4199507872210901,1.2360625267028809,-1.3862364927874964,-1.5710142294513147,2.738008499145508,0.0,0.0,2.3968450477696024e-05,-0.00033555831760168076,0.0,0.0,-0.32703445464865516,-1.4200701269503824,1.236028103871867,-1.3862309089044247,-1.5710240628832963,2.7380610959669283,9.366821173922396e-05,-3.0080057909158503e-05,-0.00029817024766280563,0.0003008260862928319,5.8109448718114e-05,8.770216988927301e-05,0.0008309781983223186,-8.038296164487724,-6.2699320918902535,-0.9628302518864751,-2.913273353632804e-05,1.5991139004848466e-07,28.0,28.0,14.0,6.0,6.0,6.0
0.647599446992623,1.0,5.236449006928067e-05,4.510945024123722e-05,0.35005894896401785,-0.00012798241399927254,0.3498625216665943,0.35005894896401785,-0.00012798241399927254,0.3498625216665943,0.35007586681745156,-0.00015247860226063576,0.349819443100972,-0.3270934263812464,-1.4199507872210901,1.2360625267028809,-1.3862364927874964,-1.5710142294513147,2.738008499145508,0.0,0.0,2.3968450477696024e-05,-0.00033555831760168076,0.0,0.0,-0.32703407841668486,-1.4200702844710813,1.2360269349036406,-1.3862297422308536,-1.5710238169436077,2.738061464048318,9.405799258074385e-05,-3.9380174755398946e-05,-0.0002922420566374433,0.00029166839278777325,6.148492214889085e-05,9.202034740561185e-05,0.0008309781983223186,-8.038296164487724,-6.2699320918902535,-0.9628302518864751,-2.913273353632804e-05,1.5991139004848466e-07,28.0,28.0,14.0,6.0,6.0,6.0
0.6523763989950533,1.0,5.236449006928067e-05,4.510945024123722e-05,0.35005894896401785,-0.00012798241399927254,0.3498625216665943,0.35005894896401785,-0.00012798241399927254,0.3498625216665943,0.35007586681745156,-0.00015247860226063576,0.349819443100972,-0.3270934263812464,-1.4199507872210901,1.2360625267028809,-1.3862364927874964,-1.5710142294513147,2.738008499145508,0.0,0.0,2.3968450477696024e-05,-0.00033555831760168076,0.0,0.0,-0.32703370071913856,-1.4200704769602197,1.2360257882254122,-1.3862286099902101,-1.571023558312139,2.7380618483660553,9.442438657177255e-05,-4.812228459086496e-05,-0.00028666955707360266,0.0002830601608930181,6.465786717382109e-05,9.607943427097035e-05,0.0008309781983223186,-8.038296164487724,-6.2699320918902535,-0.9628302518864751,-2.913273353632804e-05,1.5991139004848466e-07,28.0,28.0,14.0,6.0,6.0,6.0
0.6563763989950533,1.0,2.703487891895974e-05,7.624705046866392e-05,0.35005894896401785,-0.00012798241399927254,0.3498625216665943,0.35005894896401785,-0.00012798241399927254,0.3498625216665943,0.35007037829897814,-0.00014438072489465393,0.3498443186344209,-0.3270815054522913,-1.4199984709369105,1.2360386848449707,-1.3862603346454065,-1.5709903875934046,2.7379846572875977,0.0,0.0,2.3968450477696024e-05,-0.00033555831760168076,0.0,0.0,-0.3270333251261795,-1.4200706507622287,1.2360246255326193,-1.3862274148511924,-1.5710233152134567,2.7380622856629544,9.389823976841052e-05,-4.3450502251219996e-05,-0.00029067319823158585,0.0002987847544343952,6.0774670598516446e-05,0.00010932422480111135,0.00040473215278374024,-8.036305599362912,-6.269396485642269,-0.9627445065865935,-3.202188652740922e-05,6.211087348932506e-07,28.0,28.0,14.0,6.0,6.0,6.0
0.6609930519887715,1.0,2.703487891895974e-05,7.624705046866392e-05,0.35005894896401785,-0.00012798241399927254,0.3498625216665943,0.35005894896401785,-0.00012798241399927254,0.3498625216665943,0.35007037829897814,-0.00014438072489465393,0.3498443186344209,-0.3270815054522913,-1.4199984709369105,1.2360386848449707,-1.3862603346454065,-1.5709903875934046,2.7379846572875977,0.0,0.0,2.3968450477696024e-05,-0.00033555831760168076,0.0,0.0,-0.3270329515115324,-1.420070806998336,1.2360234477861356,-1.3862261605877029,-1.5710230867155934,2.738062772760266,9.34036617732502e-05,-3.905902685195374e-05,-0.00029443662092009005,0.00031356587236328965,5.712446581773008e-05,0.00012177432789944389,0.00040473215278374024,-8.036305599362912,-6.269396485642269,-0.9627445065865935,-3.202188652740922e-05,6.211087348932506e-07,28.0,28.0,14.0,6.0,6.0,6.0
0.6649930519887715,1.0,3.655992491539261e-05,2.86622896260367e-05,0.35005894896401785,-0.00012798241399927254,0.3498625216665943,0.35005894896401785,-0.00012798241399927254,0.3498625216665943,0.3500682667948785,-0.00014676586296231644,0.34983257190561157,-0.3270934263812464,-1.4199984709369105,1.2360749244689941,-1.3862479368792933,-1.5709779898272913,2.738044500350952,0.0,0.0,2.3968450477696024e-05,-0.0003115898580290377,0.0,0.0,-0.3270325711411569,-1.4200709574704315,1.2360222590781997,-1.3862248980672063,-1.5710228862249345,2.7380632326131145,9.509259386664544e-05,-3.7618023883594976e-05,-0.00029717698395609034,0.00031563012413042644,5.0122664758507984e-05,0.00011496321207146142,0.0006308329108342374,-8.03680159795519,-6.269641686347782,-0.9627928717811726,-2.8848833055992026e-05,-3.0467866875920795e-07,28.0,28.0,14.0,6.0,6.0,6.0
0.6701309769959192,1.0,3.655992491539261e-05,2.86622896260367e-05,0.35005894896401785,-0.00012798241399927254,0.3498625216665943,0.35005894896401785,-0.00012798241399927254,0.3498625216665943,0.3500682667948785,-0.00014676586296231644,0.34983257190561157,-0.3270934263812464,-1.4199984709369105,1.2360749244689941,-1.3862479368792933,-1.5709779898272913,2.738044500350952,0.0,0.0,2.3968450477696024e-05,-0.0003115898580290377,0.0,0.0,-0.3270321844203968,-1.420071102524356,1.236021060066499,-1.3862236277851232,-1.5710227120610474,2.738063666856167,9.668019003443696e-05,-3.6263481093337736e-05,-0.0002997529252099306,0.000317570520791535,4.354097176283921e-05,0.0001085607631931579,0.0006308329108342374,-8.03680159795519,-6.269641686347782,-0.9627928717811726,-2.8848833055992026e-05,-3.0467866875920795e-07,28.0,28.0,14.0,6.0,6.0,6.0
0.6741309769959192,1.0,3.655992491539261e-05,2.86622896260367e-05,0.35005894896401785,-0.00012798241399927254,0.3498625216665943,0.35005894896401785,-0.00012798241399927254,0.3498625216665943,0.3500682667948785,-0.00014676586296231644,0.34983257190561157,-0.3270934263812464,-1.4199984709369105,1.2360749244689941,-1.3862479368792933,-1.5709779898272913,2.738044500350952,0.0,0.0,2.3968450477696024e-05,-0.0003115898580290377,0.0,0.0,-0.327031791730275,-1.4200712424851996,1.236019851369259,-1.3862223502071487,-1.571022562644326,2.7380640770260123,9.8172530432161e-05,-3.499021087049593e-05,-0.0003021743099885405,0.00031939449365297703,3.7354180346910564e-05,0.00010254246124755258,0.0006308329108342374,-8.03680159795519,-6.269641686347782,-0.9627928717811726,-2.8848833055992026e-05,-3.0467866875920795e-07,28.0,28.0,14.0,6.0,6.0,6.0
0.6792095319933726,1.0,3.655992491539261e-05,2.86622896260367e-05,0.35005894896401785,-0.00012798241399927254,0.3498625216665943,0.35005894896401785,-0.00012798241399927254,0.3498625216665943,0.3500682667948785,-0.00014676586296231644,0.34983257190561157,-0.3270934263812464,-1.4199984709369105,1.2360749244689941,-1.3862479368792933,-1.5709779898272913,2.738044500350952,0.0,0.0,2.3968450477696024e-05,-0.0003115898580290377,0.0,0.0,-0.3270313934289534,-1.420071377658547,1.2360186335676124,-1.386221065771036,-1.5710224364899403,2.738064464567042,9.957533040602159e-05,-3.3793336861024636e-05,-0.0003044504116804338,0.00032110902814273253,3.1538596415937635e-05,9.68852574186836e-05,0.0006308329108342374,-8.03680159795519,-6.269641686347782,-0.9627928717811726,-2.8848833055992026e-05,-3.0467866875920795e-07,28.0,28.0,14.0,6.0,6.0,6.0
0.6832095319933726,1.0,4.105540695706851e-05,5.415799105785121e-05,0.35005894896401785,-0.00012798241399927254,0.3498625216665943,0.35005894896401785,-0.00012798241399927254,0.3498625216665943,0.350064818741802,-0.00014248603660322795,0.34982456462402595,-0.32706958452333623,-1.4199984709369105,1.2360987663269043,-1.3862364927874964,-1.571038548146383,2.738044500350952,0.0,0.0,2.3968450477696024e-05,-0.0003115898580290377,0.0,0.0,-0.32703101215127883,-1.420071520916382,1.236017416555966,-1.3862198122994094,-1.57102226243658,2.7380648360040167,9.531941864207032e-05,-3.5814458707139594e-05,-0.00030425291156651067,0.00031336790669329054,4.351334007647475e-05,9.285924373910442e-05,0.0003245891572985678,-8.037010067091739,-6.269792599847266,-0.9628261939439832,-3.547869167616118e-05,2.9962174208741664e-09,28.0,28.0,14.0,6.0,6.0,6.0
0.6877739379943817,1.0,4.105540695706851e-05,5.415799105785121e-05,0.35005894896401785,-0.00012798241399927254,0.3498625216665943,0.35005894896401785,-0.00012798241399927254,0.3498625216665943,0.350064818741802,-0.00014248603660322795,0.34982456462402595,-0.32706958452333623,-1.4199984709369105,1.2360987663269043,-1.3862364927874964,-1.571038548146383,2.738044500350952,0.0,0.0,2.3968450477696024e-05,-0.0003115898580290377,0.0,0.0,-0.3270306468758325,-1.4200716717736348,1.2360162002869202,-1.3862185879343993,-1.5710220433581834,2.7380651923031802,9.131886158395614e-05,-3.771431324248766e-05,-0.00030406726145942295,0.0003060912525308151,5.476959911737964e-05,8.907479088029999e-05,0.0003245891572985678,-8.037010067091739,-6.269792599847266,-0.9628261939439832,-3.547869167616118e-05,2.9962174208741664e-09,28.0,28.0,14.0,6.0,6.0,6.0
0.6917739379943817,1.0,5.72321352668853e-05,5.577779521988425e-05,0.35005894896401785,-0.00012798241399927254,0.3498625216665943,0.35005894896401785,-0.00012798241399927254,0.3498625216665943,0.3500760792088686,-0.000151519675758554,0.34981324622314186,-0.3270934263812464,-1.4199507872210901,1.2360868453979492,-1.3862479368792933,-1.5710023085223597,2.738044500350952,0.0,0.0,2.3968450477696024e-05,-0.00028762139845639467,0.0,0.0,-0.32703027778314053,-1.4200718602645923,1.2360150008551698,-1.3862174034382442,-1.5710218237086595,2.7380655257666744,9.227317298872068e-05,-4.712273937941265e-05,-0.000299857937583065,0.0002961240387704137,5.4912380993440835e-05,8.336587351726683e-05,0.0008752436335145847,-8.038535121464552,-6.270095529367884,-0.9628605772362331,-2.903859551766573e-05,-3.045309008654224e-07,28.0,28.0,14.0,6.0,6.0,6.0
0.6968394309889994,1.0,5.72321352668853e-05,5.577779521988425e-05,0.35005894896401785,-0.00012798241399927254,0.3498625216665943,0.35005894896401785,-0.00012798241399927254,0.3498625216665943,0.3500760792088686,-0.000151519675758554,0.34981324622314186,-0.3270934263812464,-1.4199507872210901,1.2360868453979492,-1.3862479368792933,-1.5710023085223597,2.738044500350952,0.0,0.0,2.3968450477696024e-05,-0.00028762139845639467,0.0,0.0,-0.3270299051022377,-1.4200720841312322,1.2360138172504773,-1.3862162564188127,-1.5710216035222757,2.738065837764639,9.317022570919934e-05,-5.596665994812214e-05,-0.0002959011731392885,0.00028675485783563636,5.504659595693836e-05,7.799949119601566e-05,0.0008752436335145847,-8.038535121464552,-6.270095529367884,-0.9628605772362331,-2.903859551766573e-05,-3.045309008654224e-07,28.0,28.0,14.0,6.0,6.0,6.0
0.7008394309889994,1.0,5.72321352668853e-05,5.577779521988425e-05,0.35005894896401785,-0.00012798241399927254,0.3498625216665943,0.35005894896401785,-0.00012798241399927254,0.3498625216665943,0.3500760792088686,-0.000151519675758554,0.34981324622314186,-0.3270934263812464,-1.4199507872210901,1.2360868453979492,-1.3862479368792933,-1.5710023085223597,2.738044500350952,0.0,0.0,2.3968450477696024e-05,-0.00028762139845639467,0.0,0.0,-0.3270295290484166,-1.4200723412510132,1.236012648523219,-1.3862151446275017,-1.5710213828312436,2.7380661295850066,9.401345526644929e-05,-6.427994528270905e-05,-0.0002921818145621386,0.0002779478277569457,5.517275802262603e-05,7.295509181403956e-05,0.0008752436335145847,-8.038535121464552,-6.270095529367884,-0.9628605772362331,-2.903859551766573e-05,-3.045309008654224e-07,28.0,28.0,14.0,6.0,6.0,6.0
0.7059844809921927,1.0,3.0052031763541863e-05,3.302964648043669e-05,0.35005894896401785,-0.00012798241399927254,0.3498625216665943,0.35005894896401785,-0.00012798241399927254,0.3498625216665943,0.3500622717613876,-0.00014369240768639469,0.34983711930983147,-0.3270815054522913,-1.4200227896319788,1.2360868453979492,-1.3862479368792933,-1.5710142294513147,2.738032579421997,0.0,0.0,2.3968450477696024e-05,-0.00028762139845639467,0.0,0.0,-0.3270291583876839,-1.4200725722160452,1.2360114581355057,-1.3862140047806493,-1.5710211479305554,2.7380664213412693,9.266518317243232e-05,-5.7741258008581576e-05,-0.0002975969283242576,0.0002849617130969481,5.872517206556067e-05,7.293906568124194e-05,0.0003232608898747109,-8.036083040844574,-6.269535034967042,-0.9627853891350292,-3.221297638107703e-05,2.891900423982498e-09,28.0,28.0,14.0,6.0,6.0,6.0
0.7099844809921927,1.0,3.0052031763541863e-05,3.302964648043669e-05,0.35005894896401785,-0.00012798241399927254,0.3498625216665943,0.35005894896401785,-0.00012798241399927254,0.3498625216665943,0.3500622717613876,-0.00014369240768639469,0.34983711930983147,-0.3270815054522913,-1.4200227896319788,1.2360868453979492,-1.3862479368792933,-1.5710142294513147,2.738032579421997,0.0,0.0,2.3968450477696024e-05,-0.00028762139845639467,0.0,0.0,-0.3270287927964543,-1.420072778595613,1.2360102473869647,-1.386212838561588,-1.5710208996727903,2.738066713037274,9.139780740405637e-05,-5.159489197090175e-05,-0.00030268713526064947,0.0002915547653165504,6.206444126591924e-05,7.292400111641217e-05,0.0003232608898747109,-8.036083040844574,-6.269535034967042,-0.9627853891350292,-3.221297638107703e-05,2.891900423982498e-09,28.0,28.0,14.0,6.0,6.0,6.0
0.7144930790013171,1.0,3.0052031763541863e-05,3.302964648043669e-05,0.35005894896401785,-0.00012798241399927254,0.3498625216665943,0.35005894896401785,-0.00012798241399927254,0.3498625216665943,0.3500622717613876,-0.00014369240768639469,0.34983711930983147,-0.3270815054522913,-1.4200227896319788,1.2360868453979492,-1.3862479368792933,-1.5710142294513147,2.738032579421997,0.0,0.0,2.3968450477696024e-05,-0.00028762139845639467,0.0,0.0,-0.3270284319705576,-1.4200729618648447,1.2360090174992455,-1.3862116475526503,-1.571020638859373,2.7380670046766356,9.020647418178297e-05,-4.581730789548271e-05,-0.0003074719297808578,0.0002977522344029765,6.520335431425628e-05,7.29098404254722e-05,0.0003232608898747109,-8.036083040844574,-6.269535034967042,-0.9627853891350292,-3.221297638107703e-05,2.891900423982498e-09,28.0,28.0,14.0,6.0,6.0,6.0
0.7184930790013171,1.0,3.776009598357324e-05,5.4938146246286065e-05,0.35005894896401785,-0.00012798241399927254,0.3498625216665943,0.35005894896401785,-0.00012798241399927254,0.3498625216665943,0.3500732536904323,-0.0001390706607497377,0.34982938180487316,-0.32705766359438115,-1.4199746290790003,1.2360625267028809,-1.3862603346454065,-1.5710142294513147,2.738008499145508,0.0,0.0,2.3968450477696024e-05,-0.0002636529679875821,0.0,0.0,-0.3270280893162371,-1.4200731536438347,1.2360077892575096,-1.386210434670286,-1.5710203662358944,2.73806733777673,8.566358012188873e-05,-4.794474748778533e-05,-0.000307060433952646,0.0003032205910853332,6.815586964591674e-05,8.327502360489363e-05,0.00027712424224840364,-8.037290920087079,-6.269753176230014,-0.9628102006177606,-3.8358469682978004e-05,6.212440267139967e-07,28.0,28.0,14.0,6.0,6.0,6.0
0.7236203180132437,1.0,3.776009598357324e-05,5.4938146246286065e-05,0.35005894896401785,-0.00012798241399927254,0.3498625216665943,0.35005894896401785,-0.00012798241399927254,0.3498625216665943,0.3500732536904323,-0.0001390706607497377,0.34982938180487316,-0.32705766359438115,-1.4199746290790003,1.2360625267028809,-1.3862603346454065,-1.5710142294513147,2.738008499145508,0.0,0.0,2.3968450477696024e-05,-0.0002636529679875821,0.0,0.0,-0.3270277637431983,-1.4200733534219976,1.2360065625629981,-1.3862092012269005,-1.5710200825109581,2.7380677098499135,8.139325970558814e-05,-4.99445407045498e-05,-0.0003066736278741269,0.00030836084636674853,7.093123405767755e-05,9.301829579354977e-05,0.00027712424224840364,-8.037290920087079,-6.269753176230014,-0.9628102006177606,-3.8358469682978004e-05,6.212440267139967e-07,28.0,28.0,14.0,6.0,6.0,6.0
0.7276203180132437,1.0,3.570323996024654e-05,6.0179866577185065e-05,0.35005894896401785,-0.00012798241399927254,0.3498625216665943,0.35005894896401785,-0.00012798241399927254,0.3498625216665943,0.3500740475008366,-0.00012996147866753738,0.34983022865136454,-0.327033821736471,-1.4199865500079554,1.2360868453979492,-1.3863080183612269,-1.5710023085223597,2.738044500350952,0.0,0.0,2.3968450477696024e-05,-0.0002636529679875821,0.0,0.0,-0.32702746624061496,-1.4200735447280208,1.236005304371301,-1.3862078908480056,-1.571019802074531,2.738068092536341,7.437564583146419e-05,-4.782650580545103e-05,-0.00031454792425151786,0.00032759472374548624,7.010910679095721e-05,9.567160686411221e-05,-4.962390104636981e-05,-8.036881696555303,-6.269777639822173,-0.9628073622155819,-4.4414453858715705e-05,4.642751555226039e-07,28.0,28.0,14.0,6.0,6.0,6.0
0.7328211769978519,1.0,3.570323996024654e-05,6.0179866577185065e-05,0.35005894896401785,-0.00012798241399927254,0.3498625216665943,0.35005894896401785,-0.00012798241399927254,0.3498625216665943,0.3500740475008366,-0.00012996147866753738,0.34983022865136454,-0.327033821736471,-1.4199865500079554,1.2360868453979492,-1.3863080183612269,-1.5710023085223597,2.738044500350952,0.0,0.0,2.3968450477696024e-05,-0.0002636529679875821,0.0,0.0,-0.3270271951242598,-1.420073728070233,1.2360040165722497,-1.3862065081497317,-1.5710195247293024,2.738068485199218,6.777908878978767e-05,-4.5835553000298186e-05,-0.00032194976284626535,0.0003456745684814997,6.933630716024009e-05,9.816571927044092e-05,-4.962390104636981e-05,-8.036881696555303,-6.269777639822173,-0.9628073622155819,-4.4414453858715705e-05,4.642751555226039e-07,28.0,28.0,14.0,6.0,6.0,6.0
0.7368211769978519,1.0,3.570323996024654e-05,6.0179866577185065e-05,0.35005894896401785,-0.00012798241399927254,0.3498625216665943,0.35005894896401785,-0.00012798241399927254,0.3498625216665943,0.3500740475008366,-0.00012996147866753738,0.34983022865136454,-0.327033821736471,-1.4199865500079554,1.2360868453979492,-1.3863080183612269,-1.5710023085223597,2.738044500350952,0.0,0.0,2.3968450477696024e-05,-0.0002636529679875821,0.0,0.0,-0.3270269488109591,-1.4200739039264623,1.2360027009422851,-1.3862050574712415,-1.5710192502898004,2.7380688872399577,6.157832517061175e-05,-4.396405736345451e-05,-0.000328907491125328,0.0003626696225333524,6.860987550736599e-05,0.00010051018493238989,-4.962390104636981e-05,-8.036881696555303,-6.269777639822173,-0.9628073622155819,-4.4414453858715705e-05,4.642751555226039e-07,28.0,28.0,14.0,6.0,6.0,6.0
0.7414675149964172,1.0,3.570323996024654e-05,6.0179866577185065e-05,0.35005894896401785,-0.00012798241399927254,0.3498625216665943,0.35005894896401785,-0.00012798241399927254,0.3498625216665943,0.3500740475008366,-0.00012996147866753738,0.34983022865136454,-0.327033821736471,-1.4199865500079554,1.2360868453979492,-1.3863080183612269,-1.5710023085223597,2.738044500350952,0.0,0.0,2.3968450477696024e-05,-0.0002636529679875821,0.0,0.0,-0.3270267258125296,-1.420074072745868,1.2360013591512624,-1.3862035428913482,-1.5710189785816813,2.7380692980958883,5.5749607368586385e-05,-4.220485146482146e-05,-0.00033544775570764685,0.00037864497334209386,6.792702975366434e-05,0.00010271398265462193,-4.962390104636981e-05,-8.036881696555303,-6.269777639822173,-0.9628073622155819,-4.4414453858715705e-05,4.642751555226039e-07,28.0,28.0,14.0,6.0,6.0,6.0
0.7454675149964172,1.0,1.6934011491510482e-05,7.539031887361006e-05,0.35005894896401785,-0.00012798241399927254,0.3498625216665943,0.35005894896401785,-0.00012798241399927254,0.3498625216665943,0.35006471096981057,-0.00013617262284541234,0.3498488658797808,-0.32705766359438115,-1.4200227896319788,1.2360506057739258,-1.3862603346454065,-1.5710142294513147,2.7380564212799072,0.0,0.0,2.3968450477696024e-05,-0.0002636529679875821,0.0,0.0,-0.3270265127310889,-1.4200742091410785,1.2360000019412918,-1.3862019746679979,-1.5710186957167007,2.7380696880390216,5.327036018314065e-05,-3.409880261323645e-05,-0.0003393024926592906,0.0003920558375547221,7.071624514143653e-05,9.748578328336633e-05,-1.1178896987223847e-05,-8.035553767999296,-6.269305791122685,-0.9627459145865825,-3.836182906180652e-05,2.7738011894284672e-09,28.0,28.0,14.0,6.0,6.0,6.0
0.7505947540083437,1.0,1.6934011491510482e-05,7.539031887361006e-05,0.35005894896401785,-0.00012798241399927254,0.3498625216665943,0.35005894896401785,-0.00012798241399927254,0.3498625216665943,0.35006471096981057,-0.00013617262284541234,0.3498488658797808,-0.32705766359438115,-1.4200227896319788,1.2360506057739258,-1.3862603346454065,-1.5710142294513147,2.7380564212799072,0.0,0.0,2.3968450477696024e-05,-0.0002636529679875821,0.0,0.0,-0.3270263089716176,-1.4200743150575452,1.23599863023751,-1.3862003560197982,-1.5710184023642704,2.738070058324125,5.093986782882166e-05,-2.6479116692746542e-05,-0.00034292594539383575,0.0004046620499145927,7.33381076059424e-05,9.257127587438606e-05,-1.1178896987223847e-05,-8.035553767999296,-6.269305791122685,-0.9627459145865825,-3.836182906180652e-05,2.7738011894284672e-09,28.0,28.0,14.0,6.0,6.0,6.0
0.7545947540083437,1.0,4.16618351438003e-05,5.545527149734568e-05,0.35005894896401785,-0.00012798241399927254,0.3498625216665943,0.35005894896401785,-0.00012798241399927254,0.3498625216665943,0.35007107169873064,-0.00015192393819105814,0.34983065395205426,-0.3270934263812464,-1.4199865500079554,1.2360749244689941,-1.3862717787372034,-1.571026627217428,2.7380564212799072,0.0,0.0,2.3968450477696024e-05,-0.00023968450841493905,0.0,0.0,-0.3270260951693699,-1.4200744254955204,1.235997256907031,-1.386198724224664,-1.571018084884677,2.738070387736869,5.345056192540034e-05,-2.7609493789676712e-05,-0.0003433326197727038,0.0004079487835534505,7.936989830599406e-05,8.235318599175972e-05,0.0005818422474448834,-8.037146378411672,-6.269749786179056,-0.9628075818707529,-2.9234833397105716e-05,-4.585176605939783e-07,28.0,28.0,14.0,6.0,6.0,6.0
0.759711306035519,1.0,4.16618351438003e-05,5.545527149734568e-05,0.35005894896401785,-0.00012798241399927254,0.3498625216665943,0.35005894896401785,-0.00012798241399927254,0.3498625216665943,0.35007107169873064,-0.00015192393819105814,0.34983065395205426,-0.3270934263812464,-1.4199865500079554,1.2360749244689941,-1.3862717787372034,-1.571026627217428,2.7380564212799072,0.0,0.0,2.3968450477696024e-05,-0.00023968450841493905,0.0,0.0,-0.3270258719269124,-1.4200745401837134,1.2359958820474561,-1.3861970800714114,-1.571017744725551,2.7380706787295948,5.58106143761843e-05,-2.8672048260791074e-05,-0.0003437148936888398,0.00041103831317397684,8.503978156404263e-05,7.274818150209096e-05,0.0005818422474448834,-8.037146378411672,-6.269749786179056,-0.9628075818707529,-2.9234833397105716e-05,-4.585176605939783e-07,28.0,28.0,14.0,6.0,6.0,6.0
0.763711306035519,1.0,4.16618351438003e-05,5.545527149734568e-05,0.35005894896401785,-0.00012798241399927254,0.3498625216665943,0.35005894896401785,-0.00012798241399927254,0.3498625216665943,0.35007107169873064,-0.00015192393819105814,0.34983065395205426,-0.3270934263812464,-1.4199865500079554,1.2360749244689941,-1.3862717787372034,-1.571026627217428,2.7380564212799072,0.0,0.0,2.3968450477696024e-05,-0.00023968450841493905,0.0,0.0,-0.3270256398106577,-1.4200746588671112,1.2359945057505315,-1.3861954243015273,-1.5710173832476635,2.7380709336075038,5.802906367992123e-05,-2.9670849463638572e-05,-0.00034407423117000766,0.00041394247101727156,9.036947182660829e-05,6.371947728180233e-05,0.0005818422474448834,-8.037146378411672,-6.269749786179056,-0.9628075818707529,-2.9234833397105716e-05,-4.585176605939783e-07,28.0,28.0,14.0,6.0,6.0,6.0
0.7683790170431606,1.0,4.16618351438003e-05,5.545527149734568e-05,0.35005894896401785,-0.00012798241399927254,0.3498625216665943,0.35005894896401785,-0.00012798241399927254,0.3498625216665943,0.35007107169873064,-0.00015192393819105814,0.34983065395205426,-0.3270934263812464,-1.4199865500079554,1.2360749244689941,-1.3862717787372034,-1.571026627217428,2.7380564212799072,0.0,0.0,2.3968450477696024e-05,-0.00023968450841493905,0.0,0.0,-0.3270253993530336,-1.4200747813060015,1.2359931281024978,-1.3861937576120098,-1.5710170017301408,2.738071154537485,6.011440602543394e-05,-3.0609722594315226e-05,-0.00034441200840230543,0.00041667237938996864,9.537938067342e-05,5.523249531473101e-05,0.0005818422474448834,-8.037146378411672,-6.269749786179056,-0.9628075818707529,-2.9234833397105716e-05,-4.585176605939783e-07,28.0,28.0,14.0,6.0,6.0,6.0
0.7723790170431606,1.0,3.569997237523308e-05,3.8244891968283605e-05,0.35005894896401785,-0.00012798241399927254,0.3498625216665943,0.35005894896401785,-0.00012798241399927254,0.3498625216665943,0.350066507210146,-0.000137854193777096,0.3498290566265215,-0.32705766359438115,-1.4199984709369105,1.2360868453979492,-1.3862479368792933,-1.571026627217428,2.738044500350952,0.0,0.0,2.3968450477696024e-05,-0.00023968450841493905,0.0,0.0,-0.3270251716090748,-1.4200749062292266,1.235991754752124,-1.3861921147351828,-1.5710166013633093,2.7380713779330006,5.693598970168117e-05,-3.123080630115904e-05,-0.00034333759347268596,0.0004107192067734384,0.00010009170787693966,5.584887887876364e-05,0.00017897036090544442,-8.036814883955602,-6.2697371254033385,-0.962821062617936,-3.845879504711086e-05,1.5678188545020017e-07,28.0,28.0,14.0,6.0,6.0,6.0
0.7774231370287019,1.0,3.569997237523308e-05,3.8244891968283605e-05,0.35005894896401785,-0.00012798241399927254,0.3498625216665943,0.35005894896401785,-0.00012798241399927254,0.3498625216665943,0.350066507210146,-0.000137854193777096,0.3498290566265215,-0.32705766359438115,-1.4199984709369105,1.2360868453979492,-1.3862479368792933,-1.571026627217428,2.738044500350952,0.0,0.0,2.3968450477696024e-05,-0.00023968450841493905,0.0,0.0,-0.32702495581596136,-1.4200750334877266,1.2359903854415502,-1.3861904942422847,-1.5710161832781275,2.738071603646118,5.394827835735356e-05,-3.1814624985592234e-05,-0.0003423276434388436,0.0004051232245139,0.00010452129544824813,5.6428279428954316e-05,0.00017897036090544442,-8.036814883955602,-6.2697371254033385,-0.962821062617936,-3.845879504711086e-05,1.5678188545020017e-07,28.0,28.0,14.0,6.0,6.0,6.0
0.7814231370287019,1.0,4.423005246482719e-05,4.972438675322534e-05,0.35005894896401785,-0.00012798241399927254,0.3498625216665943,0.35005894896401785,-0.00012798241399927254,0.3498625216665943,0.3500704729598712,-0.00015064857152992056,0.3498263313313733,-0.3270934263812464,-1.4199746290790003,1.2360625267028809,-1.3862245718585413,-1.5710142294513147,2.7379846572875977,0.0,0.0,2.3968450477696024e-05,-0.00023968450841493905,0.0,0.0,-0.32702472893674644,-1.4200751810964918,1.2359890444635742,-1.3861889275353252,-1.5710157628297752,2.738071881597857,5.671980373549269e-05,-3.690219131328034e-05,-0.0003352444939941532,0.00039167673984781743,0.00010511208807760297,6.94879347551602e-05,0.0007102685677616376,-8.037580234959375,-6.269792836562332,-0.9628255854979368,-2.913475673172234e-05,4.675418176418486e-07,28.0,28.0,14.0,6.0,6.0,6.0
0.786600247025723,1.0,4.423005246482719e-05,4.972438675322534e-05,0.35005894896401785,-0.00012798241399927254,0.3498625216665943,0.35005894896401785,-0.00012798241399927254,0.3498625216665943,0.3500704729598712,-0.00015064857152992056,0.3498263313313733,-0.3270934263812464,-1.4199746290790003,1.2360625267028809,-1.3862245718585413,-1.5710142294513147,2.7379846572875977,0.0,0.0,2.3968450477696024e-05,-0.00023968450841493905,0.0,0.0,-0.3270244916365961,-1.4200753478345065,1.23598773011824,-1.3861874113871482,-1.5710153401600426,2.7380722086539,5.932503759094347e-05,-4.168450366130716e-05,-0.00032858633351614424,0.0003790370442616998,0.00010566743314919653,8.176401076179373e-05,0.0007102685677616376,-8.037580234959375,-6.269792836562332,-0.9628255854979368,-2.913475673172234e-05,4.675418176418486e-07,28.0,28.0,14.0,6.0,6.0,6.0
0.790600247025723,1.0,4.423005246482719e-05,4.972438675322534e-05,0.35005894896401785,-0.00012798241399927254,0.3498625216665943,0.35005894896401785,-0.00012798241399927254,0.3498625216665943,0.3500704729598712,-0.00015064857152992056,0.3498263313313733,-0.3270934263812464,-1.4199746290790003,1.2360625267028809,-1.3862245718585413,-1.5710142294513147,2.7379846572875977,0.0,0.0,2.3968450477696024e-05,-0.00023968450841493905,0.0,0.0,-0.3270242445407664,-1.4200755325540155,1.2359864408075893,-1.3861859427642265,-1.5710149154022126,2.738072581867989,6.177395741506721e-05,-4.617987726845238e-05,-0.0003223276626668158,0.0003671557304107492,0.00010618945751649447,9.330352220802924e-05,0.0007102685677616376,-8.037580234959375,-6.269792836562332,-0.9628255854979368,-2.913475673172234e-05,4.675418176418486e-07,28.0,28.0,14.0,6.0,6.0,6.0
0.795360576026142,1.0,3.71921866052706e-05,5.57945959761973e-05,0.35005894896401785,-0.00012798241399927254,0.3498625216665943,0.35005894896401785,-0.00012798241399927254,0.3498625216665943,0.35007117268760124,-0.0001519582017448572,0.34983685065320924,-0.3270934263812464,-1.4199865500079554,1.2360506057739258,-1.3862603346454065,-1.571026627217428,2.738044500350952,0.0,0.0,2.3968450477696024e-05,-0.00021571606339421123,0.0,0.0,-0.3270239900038914,-1.420075713995442,1.2359851522784089,-1.3861844464340858,-1.5710144744017687,2.7380729277656086,6.363421875785143e-05,-4.536035662938501e-05,-0.0003221322951128834,0.0003740825351833317,0.00011025011101271453,8.64744048719866e-05,0.0005559968763426332,-8.036933277399338,-6.26961481469944,-0.9627890447747435,-2.9234554934183866e-05,-3.047324453753355e-07,28.0,28.0,14.0,6.0,6.0,6.0
0.799360576026142,1.0,3.71921866052706e-05,5.57945959761973e-05,0.35005894896401785,-0.00012798241399927254,0.3498625216665943,0.35005894896401785,-0.00012798241399927254,0.3498625216665943,0.35007117268760124,-0.0001519582017448572,0.34983685065320924,-0.3270934263812464,-1.4199865500079554,1.2360506057739258,-1.3862603346454065,-1.571026627217428,2.738044500350952,0.0,0.0,2.3968450477696024e-05,-0.00021571606339421123,0.0,0.0,-0.3270237284724337,-1.420075892355471,1.2359838644838104,-1.386182924059159,-1.5710140181332675,2.738073247985747,6.538286442006858e-05,-4.459000722866169e-05,-0.0003219486496121869,0.00038059373166955923,0.00011406712529916139,8.005503457610652e-05,0.0005559968763426332,-8.036933277399338,-6.26961481469944,-0.9627890447747435,-2.9234554934183866e-05,-3.047324453753355e-07,28.0,28.0,14.0,6.0,6.0,6.0
0.804307329030475,1.0,3.71921866052706e-05,5.57945959761973e-05,0.35005894896401785,-0.00012798241399927254,0.3498625216665943,0.35005894896401785,-0.00012798241399927254,0.3498625216665943,0.35007117268760124,-0.0001519582017448572,0.34983685065320924,-0.3270934263812464,-1.4199865500079554,1.2360506057739258,-1.3862603346454065,-1.571026627217428,2.738044500350952,0.0,0.0,2.3968450477696024e-05,-0.00021571606339421123,0.0,0.0,-0.32702346036606833,-1.4200760678189863,1.235982577379719,-1.3861813772021336,-1.5710135475127927,2.738073544069053,6.702659134255272e-05,-4.3865878791981765e-05,-0.00032177602284153223,0.00038671425636661313,0.00011765511872842143,7.402082649797924e-05,0.0005559968763426332,-8.036933277399338,-6.26961481469944,-0.9627890447747435,-2.9234554934183866e-05,-3.047324453753355e-07,28.0,28.0,14.0,6.0,6.0,6.0
0.808307329030475,1.0,3.712731914676996e-05,2.432919300857245e-05,0.35005894896401785,-0.00012798241399927254,0.3498625216665943,0.35005894896401785,-0.00012798241399927254,0.3498625216665943,0.35006239333348416,-0.00014584533825583369,0.3498301567151343,-0.3270934263812464,-1.4200108687030237,1.2360868453979492,-1.3862126509295862,-1.5709903875934046,2.738020658493042,0.0,0.0,2.3968450477696024e-05,-0.00021571606339421123,0.0,0.0,-0.32702318093381416,-1.4200762384563268,1.2359812980151532,-1.3861798851902456,-1.5710131051450107,2.738073850074295,6.985806354342293e-05,-4.265933511609746e-05,-0.00031984114144574695,0.00037300297202902367,0.0001105919454923572,7.650131050853015e-05,0.0006035160293541511,-8.036683881808287,-6.269679554426221,-0.9628231271147162,-2.8948197097530975e-05,3.057184866957555e-09,28.0,28.0,14.0,6.0,6.0,6.0
0.8134286300169773,1.0,3.712731914676996e-05,2.432919300857245e-05,0.35005894896401785,-0.00012798241399927254,0.3498625216665943,0.35005894896401785,-0.00012798241399927254,0.3498625216665943,0.35006239333348416,-0.00014584533825583369,0.3498301567151343,-0.3270934263812464,-1.4200108687030237,1.2360868453979492,-1.3862126509295862,-1.5709903875934046,2.738020658493042,0.0,0.0,2.3968450477696024e-05,-0.00021571606339421123,0.0,0.0,-0.3270228908552245,-1.420076404557063,1.2359800259257414,-1.3861784447327865,-1.57101268933476,2.738074165406157,7.251964741224094e-05,-4.152518406076622e-05,-0.0003180223529337088,0.00036011436475168955,0.00010395256265045683,7.8832965478448e-05,0.0006035160293541511,-8.036683881808287,-6.269679554426221,-0.9628231271147162,-2.8948197097530975e-05,3.057184866957555e-09,28.0,28.0,14.0,6.0,6.0,6.0
0.8174286300169773,1.0,4.786978845278156e-05,7.683744434238753e-05,0.35005894896401785,-0.00012798241399927254,0.3498625216665943,0.35005894896401785,-0.00012798241399927254,0.3498625216665943,0.3500709937287712,-0.00015081665493461543,0.3498222099098792,-0.3270815054522913,-1.4199746290790003,1.2360868453979492,-1.3862603346454065,-1.5710623900042933,2.7380564212799072,0.0,0.0,2.3968450477696024e-05,-0.00021571606339421123,0.0,0.0,-0.327022607836722,-1.4200765892441114,1.2359787603561911,-1.3861770163814588,-1.571012215545689,2.738074444971046,7.07546256356468e-05,-4.6171762054557894e-05,-0.0003163923875869881,0.0003570878319088714,0.00011844726774675174,6.989122228974808e-05,0.0004929290642804444,-8.037679278386301,-6.269930746331617,-0.9628431231651583,-3.259292286358488e-05,-3.046123990186848e-07,28.0,28.0,14.0,6.0,6.0,6.0
0.8220524070172108,1.0,4.786978845278156e-05,7.683744434238753e-05,0.35005894896401785,-0.00012798241399927254,0.3498625216665943,0.35005894896401785,-0.00012798241399927254,0.3498625216665943,0.3500709937287712,-0.00015081665493461543,0.3498222099098792,-0.3270815054522913,-1.4199746290790003,1.2360868453979492,-1.3862603346454065,-1.5710623900042933,2.7380564212799072,0.0,0.0,2.3968450477696024e-05,-0.00021571606339421123,0.0,0.0,-0.32702233145470133,-1.420076791402293,1.2359775009153104,-1.3861755994098948,-1.5710116872565267,2.7380746909149805,6.90955051656483e-05,-5.0539545368722064e-05,-0.00031486022016107067,0.0003542428910366223,0.00013207229053726894,6.148598369237015e-05,0.0004929290642804444,-8.037679278386301,-6.269930746331617,-0.9628431231651583,-3.259292286358488e-05,-3.046123990186848e-07,28.0,28.0,14.0,6.0,6.0,6.0
0.8260524070172108,1.0,4.786978845278156e-05,7.683744434238753e-05,0.35005894896401785,-0.00012798241399927254,0.3498625216665943,0.35005894896401785,-0.00012798241399927254,0.3498625216665943,0.3500709937287712,-0.00015081665493461543,0.3498222099098792,-0.3270815054522913,-1.4199746290790003,1.2360868453979492,-1.3862603346454065,-1.5710623900042933,2.7380564212799072,0.0,0.0,2.3968450477696024e-05,-0.00021571606339421123,0.0,0.0,-0.3270220613109736,-1.4200770099833397,1.2359762472353792,-1.3861741931353082,-1.5710111077372788,2.738074905255218,6.753593192384972e-05,-5.464526168403638e-05,-0.00031341998278070827,0.00035156864661670817,0.00014487981196035512,5.3585059410834904e-05,0.0004929290642804444,-8.037679278386301,-6.269930746331617,-0.9628431231651583,-3.259292286358488e-05,-3.046123990186848e-07,28.0,28.0,14.0,6.0,6.0,6.0
0.8311784590294122,1.0,4.786978845278156e-05,7.683744434238753e-05,0.35005894896401785,-0.00012798241399927254,0.3498625216665943,0.35005894896401785,-0.00012798241399927254,0.3498625216665943,0.3500709937287712,-0.00015081665493461543,0.3498222099098792,-0.3270815054522913,-1.4199746290790003,1.2360868453979492,-1.3862603346454065,-1.5710623900042933,2.7380564212799072,0.0,0.0,2.3968450477696024e-05,-0.00021571606339421123,0.0,0.0,-0.3270217970312413,-1.4200772440018798,1.2359749989707407,-1.3861727969158808,-1.5710104800617504,2.7380750898879804,6.606993307655905e-05,-5.850463502043184e-05,-0.0003120661596431676,0.00034905485686198887,0.00015691888209805612,4.615819058619177e-05,0.0004929290642804444,-8.037679278386301,-6.269930746331617,-0.9628431231651583,-3.259292286358488e-05,-3.046123990186848e-07,28.0,28.0,14.0,6.0,6.0,6.0
0.8351784590294122,1.0,5.59380383420915e-05,5.6365071751358815e-05,0.35005894896401785,-0.00012798241399927254,0.3498625216665943,0.35005894896401785,-0.00012798241399927254,0.3498625216665943,0.3500712873065518,-0.0001550986573055308,0.3498151767747259,-0.32710534731020147,-1.4199746290790003,1.2361106872558594,-1.3862603346454065,-1.5710142294513147,2.738044500350952,0.0,0.0,2.3968450477696024e-05,-0.0001917476038215682,0.0,0.0,-0.3270215177209909,-1.4200774949078687,1.235973750468464,-1.3861714287585774,-1.5710098626032325,2.738075253405511,6.982756259827032e-05,-6.272649721082528e-05,-0.0003121255691749137,0.00034203932586087055,0.00015436462947144216,4.08793826278777e-05,0.0008709555175850867,-8.03804081073323,-6.270093384229025,-0.9628715734107882,-2.6061617232867183e-05,-4.583304664519876e-07,28.0,28.0,14.0,6.0,6.0,6.0
0.8405111200071409,1.0,5.59380383420915e-05,5.6365071751358815e-05,0.35005894896401785,-0.00012798241399927254,0.3498625216665943,0.35005894896401785,-0.00012798241399927254,0.3498625216665943,0.3500712873065518,-0.0001550986573055308,0.3498151767747259,-0.32710534731020147,-1.4199746290790003,1.2361106872558594,-1.3862603346454065,-1.5710142294513147,2.738044500350952,0.0,0.0,2.3968450477696024e-05,-0.0001917476038215682,0.0,0.0,-0.32702122428205355,-1.4200777616880593,1.2359725017428076,-1.3861700869796705,-1.5710092547487045,2.7380753970747236,7.335973434867891e-05,-6.669504766979512e-05,-0.00031218141413475505,0.0003354447267198193,0.00015196363200242503,3.5917303147062474e-05,0.0008709555175850867,-8.03804081073323,-6.270093384229025,-0.9628715734107882,-2.6061617232867183e-05,-4.583304664519876e-07,28.0,28.0,14.0,6.0,6.0,6.0
0.8445111200071409,1.0,4.986564506846371e-05,3.640045945368196e-05,0.35005894896401785,-0.00012798241399927254,0.3498625216665943,0.35005894896401785,-0.00012798241399927254,0.3498625216665943,0.3500772180418705,-0.00014041552981978303,0.3498178199777727,-0.32705766359438115,-1.4199507872210901,1.2360749244689941,-1.3862603346454065,-1.5710142294513147,2.7380685806274414,0.0,0.0,2.3968450477696024e-05,-0.0001917476038215682,0.0,0.0,-0.32702094496351447,-1.4200780542181446,1.2359712671910552,-1.3861687598142212,-1.5710086559065126,2.738075521876474,6.982963476813513e-05,-7.313252129536446e-05,-0.0003086379381127682,0.00033179136231780294,0.00014971054797832014,3.120043761477337e-05,0.0004295549710749667,-8.038248818886188,-6.27004384828334,-0.9628610590640142,-3.835718443692995e-05,-1.5382127779500084e-07,28.0,28.0,14.0,6.0,6.0,6.0
0.8489294749833647,1.0,4.986564506846371e-05,3.640045945368196e-05,0.35005894896401785,-0.00012798241399927254,0.3498625216665943,0.35005894896401785,-0.00012798241399927254,0.3498625216665943,0.3500772180418705,-0.00014041552981978303,0.3498178199777727,-0.32705766359438115,-1.4199507872210901,1.2360749244689941,-1.3862603346454065,-1.5710142294513147,2.7380685806274414,0.0,0.0,2.3968450477696024e-05,-0.0001917476038215682,0.0,0.0,-0.32702067891814984,-1.4200783709531306,1.2359700459627727,-1.386167446385422,-1.5710080655359167,2.73807562894281,6.651134116242398e-05,-7.918374650339964e-05,-0.00030530707065210054,0.00032835719977990756,0.00014759264899566154,2.6766584014421612e-05,0.0004295549710749667,-8.038248818886188,-6.27004384828334,-0.9628610590640142,-3.835718443692995e-05,-1.5382127779500084e-07,28.0,28.0,14.0,6.0,6.0,6.0
0.8529294749833647,1.0,4.986564506846371e-05,3.640045945368196e-05,0.35005894896401785,-0.00012798241399927254,0.3498625216665943,0.35005894896401785,-0.00012798241399927254,0.3498625216665943,0.3500772180418705,-0.00014041552981978303,0.3498178199777727,-0.32705766359438115,-1.4199507872210901,1.2360749244689941,-1.3862603346454065,-1.5710142294513147,2.7380685806274414,0.0,0.0,2.3968450477696024e-05,-0.0001917476038215682,0.0,0.0,-0.32702042534956915,-1.4200787104407233,1.2359688372585518,-1.3861661458690742,-1.571007483128621,2.7380757193378567,6.33921451730555e-05,-8.487189819895271e-05,-0.00030217605523907295,0.00032512908699428586,0.00014560182395196246,2.259876163009096e-05,0.0004295549710749667,-8.038248818886188,-6.27004384828334,-0.9628610590640142,-3.835718443692995e-05,-1.5382127779500084e-07,28.0,28.0,14.0,6.0,6.0,6.0
0.8580080299808182,1.0,4.986564506846371e-05,3.640045945368196e-05,0.35005894896401785,-0.00012798241399927254,0.3498625216665943,0.35005894896401785,-0.00012798241399927254,0.3498625216665943,0.3500772180418705,-0.00014041552981978303,0.3498178199777727,-0.32705766359438115,-1.4199507872210901,1.2360749244689941,-1.3862603346454065,-1.5710142294513147,2.7380685806274414,0.0,0.0,2.3968450477696024e-05,-0.0001917476038215682,0.0,0.0,-0.3270201835091654,-1.4200790713157665,1.2359676403269488,-1.3861648574904302,-1.5710069082068272,2.738075794061891,6.046010094304912e-05,-9.02187607927726e-05,-0.000299232900750827,0.00032209466097580147,0.0001437304484108853,1.868100858882015e-05,0.0004295549710749667,-8.038248818886188,-6.27004384828334,-0.9628610590640142,-3.835718443692995e-05,-1.5382127779500084e-07,28.0,28.0,14.0,6.0,6.0,6.0
0.8620080299808182,1.0,4.443392301578946e-05,6.026192451804857e-05,0.35005894896401785,-0.00012798241399927254,0.3498625216665943,0.35005894896401785,-0.00012798241399927254,0.3498625216665943,0.35007210605008404,-0.00014913206390360526,0.34982572551313035,-0.3270815054522913,-1.4199746290790003,1.2360749244689941,-1.3862603346454065,-1.571038548146383,2.7379965782165527,0.0,0.0,2.3968450477696024e-05,-0.0001917476038215682,0.0,0.0,-0.32701994245056965,-1.4200794346233023,1.235966444220144,-1.3861635604894476,-1.571006312316315,2.7380759197791265,6.026464893621035e-05,-9.08268839388414e-05,-0.0002990267012475372,0.00032425024565015093,0.00014897262807526704,3.142930880840304e-05,0.0005121898822701943,-8.037555922484426,-6.26986554133635,-0.9628337545398626,-3.240332597209195e-05,4.674935211646485e-07,28.0,28.0,14.0,6.0,6.0,6.0
0.8664631939975083,1.0,4.443392301578946e-05,6.026192451804857e-05,0.35005894896401785,-0.00012798241399927254,0.3498625216665943,0.35005894896401785,-0.00012798241399927254,0.3498625216665943,0.35007210605008404,-0.00014913206390360526,0.34982572551313035,-0.3270815054522913,-1.4199746290790003,1.2360749244689941,-1.3862603346454065,-1.571038548146383,2.7379965782165527,0.0,0.0,2.3968450477696024e-05,-0.0001917476038215682,0.0,0.0,-0.3270197021268734,-1.4200798002173811,1.235965248888649,-1.3861622553834665,-1.571005696715207,2.7380760934299704,6.00809240497819e-05,-9.139851969614607e-05,-0.0002988328737144447,0.0003262764952440394,0.0001539002769597859,4.341271101481097e-05,0.0005121898822701943,-8.037555922484426,-6.26986554133635,-0.9628337545398626,-3.240332597209195e-05,4.674935211646485e-07,28.0,28.0,14.0,6.0,6.0,6.0
0.8704631939975083,1.0,2.822720930333048e-05,8.388094339904156e-05,0.35005894896401785,-0.00012798241399927254,0.3498625216665943,0.35005894896401785,-0.00012798241399927254,0.3498625216665943,0.35006293278852735,-0.00014916256461596815,0.34984429241243553,-0.3270934263812464,-1.4200227896319788,1.2360625267028809,-1.3862479368792933,-1.571026627217428,2.7380800247192383,0.0,0.0,2.3968450477696024e-05,-0.0001917476038215682,0.0,0.0,-0.32701945396405935,-1.4200801281745135,1.2359640359352333,-1.3861609086226292,-1.5710050763210008,2.7380762108060597,6.204070351792054e-05,-8.198928310464363e-05,-0.0003032383539431312,0.00033669020929864434,0.00015509855157732453,2.93440223353176e-05,0.0003890728632160579,-8.035907189416811,-6.269425211353065,-0.9627729513409763,-2.9237026661853506e-05,-7.631028212869484e-07,28.0,28.0,14.0,6.0,6.0,6.0
0.8754467559840999,1.0,2.822720930333048e-05,8.388094339904156e-05,0.35005894896401785,-0.00012798241399927254,0.3498625216665943,0.35005894896401785,-0.00012798241399927254,0.3498625216665943,0.35006293278852735,-0.00014916256461596815,0.34984429241243553,-0.3270934263812464,-1.4200227896319788,1.2360625267028809,-1.3862479368792933,-1.571026627217428,2.7380800247192383,0.0,0.0,2.3968450477696024e-05,-0.0001917476038215682,0.0,0.0,-0.32701919843247446,-1.4200804207529163,1.235962806417212,-1.386159522706227,-1.571004451421282,2.7380762752838796,6.388289621797086e-05,-7.314460070863133e-05,-0.0003073795053580965,0.00034647910050997297,0.00015622492971781088,1.6119454976593827e-05,0.0003890728632160579,-8.035907189416811,-6.269425211353065,-0.9627729513409763,-2.9237026661853506e-05,-7.631028212869484e-07,28.0,28.0,14.0,6.0,6.0,6.0
0.8794467559840999,1.0,2.822720930333048e-05,8.388094339904156e-05,0.35005894896401785,-0.00012798241399927254,0.3498625216665943,0.35005894896401785,-0.00012798241399927254,0.3498625216665943,0.35006293278852735,-0.00014916256461596815,0.34984429241243553,-0.3270934263812464,-1.4200227896319788,1.2360625267028809,-1.3862479368792933,-1.571026627217428,2.7380800247192383,0.0,0.0,2.3968450477696024e-05,-0.0001917476038215682,0.0,0.0,-0.32701893597424503,-1.4200806800753134,1.2359615613284611,-1.386158099983594,-1.5710038222863814,2.738076290037326,6.561455735601816e-05,-6.483059925637978e-05,-0.00031127218768816386,0.0003556806582486219,0.00015728372516986803,3.688361659393484e-06,0.0003890728632160579,-8.035907189416811,-6.269425211353065,-0.9627729513409763,-2.9237026661853506e-05,-7.631028212869484e-07,28.0,28.0,14.0,6.0,6.0,6.0
0.8847544810036201,1.0,3.9328951239165724e-05,7.9658441273368e-05,0.35005894896401785,-0.00012798241399927254,0.3498625216665943,0.35005894896401785,-0.00012798241399927254,0.3498625216665943,0.3500687122738738,-0.00015735917712324316,0.34983826367874316,-0.32710534731020147,-1.4199984709369105,1.2360625267028809,-1.3862717787372034,-1.5710504690753382,2.738032579421997,0.0,0.0,2.3968450477696024e-05,-0.0001917476038215682,0.0,0.0,-0.3270186635335574,-1.420080923718734,1.2359603035825484,-1.3861566296078265,-1.5710031617121536,2.7380763024459807,6.811017191181945e-05,-6.091085515842573e-05,-0.00031443647818224626,0.00036759394188800524,0.000165143556932173,3.1021636677464594e-06,0.0005817272077480775,-8.036685171213769,-6.269602919869147,-0.9627879616590356,-2.635062997486662e-05,-3.0476766259565007e-07,28.0,28.0,14.0,6.0,6.0,6.0
0.8887544810036201,1.0,3.9328951239165724e-05,7.9658441273368e-05,0.35005894896401785,-0.00012798241399927254,0.3498625216665943,0.35005894896401785,-0.00012798241399927254,0.3498625216665943,0.3500687122738738,-0.00015735917712324316,0.34983826367874316,-0.32710534731020147,-1.4199984709369105,1.2360625267028809,-1.3862717787372034,-1.5710504690753382,2.738032579421997,0.0,0.0,2.3968450477696024e-05,-0.0001917476038215682,0.0,0.0,-0.32701838170935904,-1.4200811526239168,1.2359590339389035,-1.3861551144381123,-1.5710024715849584,2.7380763126505308,7.045604959427266e-05,-5.722629570634893e-05,-0.0003174109112466837,0.0003787924285090256,0.00017253179878873965,2.551137555598256e-06,0.0005817272077480775,-8.036685171213769,-6.269602919869147,-0.9627879616590356,-2.635062997486662e-05,-3.0476766259565007e-07,28.0,28.0,14.0,6.0,6.0,6.0
0.8933058260204274,1.0,3.9328951239165724e-05,7.9658441273368e-05,0.35005894896401785,-0.00012798241399927254,0.3498625216665943,0.35005894896401785,-0.00012798241399927254,0.3498625216665943,0.3500687122738738,-0.00015735917712324316,0.34983826367874316,-0.32710534731020147,-1.4199984709369105,1.2360625267028809,-1.3862717787372034,-1.5710504690753382,2.738032579421997,0.0,0.0,2.3968450477696024e-05,-0.0001917476038215682,0.0,0.0,-0.32701809106466057,-1.420081367675156,1.2359577531113901,-1.3861535571620887,-1.571001753677974,2.7380763207832226,7.266117461577868e-05,-5.376280982139674e-05,-0.0003202068783272549,0.00038931900593278476,0.0001794767461339123,2.033173010178945e-06,0.0005817272077480775,-8.036685171213769,-6.269602919869147,-0.9627879616590356,-2.635062997486662e-05,-3.0476766259565007e-07,28.0,28.0,14.0,6.0,6.0,6.0
0.8973058260204274,1.0,4.329550431493361e-05,2.9987860347640186e-05,0.35005894896401785,-0.00012798241399927254,0.3498625216665943,0.35005894896401785,-0.00012798241399927254,0.3498625216665943,0.3500663433446404,-0.00014924747358495093,0.3498255403054794,-0.3270934263812464,-1.4199984709369105,1.2360987663269043,-1.3862479368792933,-1.5710142294513147,2.738008499145508,0.0,0.0,2.3968450477696024e-05,-0.00016777915880084038,0.0,0.0,-0.3270177938294592,-1.4200815816007477,1.235956468997132,-1.386152023694846,-1.5710010513976764,2.7380763667391874,7.430880033380346e-05,-5.348139793963971e-05,-0.00032102856448726114,0.00038336681067801013,0.00017557007437067916,1.1488991215930747e-05,0.0006041283477641959,-8.03711988850867,-6.269848532070558,-0.962843048160237,-2.9137496396466567e-05,1.5992917424196997e-07,28.0,28.0,14.0,6.0,6.0,6.0
0.90223120499705,1.0,4.329550431493361e-05,2.9987860347640186e-05,0.35005894896401785,-0.00012798241399927254,0.3498625216665943,0.35005894896401785,-0.00012798241399927254,0.3498625216665943,0.3500663433446404,-0.00014924747358495093,0.3498255403054794,-0.3270934263812464,-1.4199984709369105,1.2360987663269043,-1.3862479368792933,-1.5710142294513147,2.738008499145508,0.0,0.0,2.3968450477696024e-05,-0.00016777915880084038,0.0,0.0,-0.3270174903991852,-1.4200817944682307,1.235955181793334,-1.3861505126078573,-1.5710003638064647,2.7380764482490285,7.585756850874674e-05,-5.3216870770788096e-05,-0.00032180094947766697,0.000377771747138522,0.00017189780291324,2.0377460329337438e-05,0.0006041283477641959,-8.03711988850867,-6.269848532070558,-0.962843048160237,-2.9137496396466567e-05,1.5992917424196997e-07,28.0,28.0,14.0,6.0,6.0,6.0
0.90623120499705,1.0,4.329550431493361e-05,2.9987860347640186e-05,0.35005894896401785,-0.00012798241399927254,0.3498625216665943,0.35005894896401785,-0.00012798241399927254,0.3498625216665943,0.3500663433446404,-0.00014924747358495093,0.3498255403054794,-0.3270934263812464,-1.4199984709369105,1.2360987663269043,-1.3862479368792933,-1.5710142294513147,2.738008499145508,0.0,0.0,2.3968450477696024e-05,-0.00016777915880084038,0.0,0.0,-0.32701718114554285,-1.4200820063410917,1.2359538916853685,-1.3861490225583075,-1.5709996900229937,2.7380765631795136,7.731341059319343e-05,-5.296821523206758e-05,-0.0003225269913686484,0.0003725123874114031,0.0001684458677432472,2.873262129593973e-05,0.0006041283477641959,-8.03711988850867,-6.269848532070558,-0.962843048160237,-2.9137496396466567e-05,1.5992917424196997e-07,28.0,28.0,14.0,6.0,6.0,6.0
0.9112123919946611,1.0,3.924717781711263e-05,4.971075615714682e-05,0.35005894896401785,-0.00012798241399927254,0.3498625216665943,0.35005894896401785,-0.00012798241399927254,0.3498625216665943,0.35006578511528946,-0.0001511612902511614,0.3498315967947579,-0.3270934263812464,-1.4199984709369105,1.2360749244689941,-1.3862364927874964,-1.571038548146383,2.738008499145508,0.0,0.0,2.3968450477696024e-05,-0.00016777915880084038,0.0,0.0,-0.3270168698723377,-1.420082215974654,1.2359526081088028,-1.386147548567719,-1.5709990012063662,2.738076706071158,7.781830129037089e-05,-5.2408390584513426e-05,-0.00032089414144656215,0.0003684976471362813,0.00017220415690410003,3.572291112491748e-05,0.0005387412212593846,-8.036905984614867,-6.269707536993511,-0.9628211151301035,-2.9330353566098337e-05,1.5988885316068557e-07,28.0,28.0,14.0,6.0,6.0,6.0
0.9152123919946611,1.0,3.924717781711263e-05,4.971075615714682e-05,0.35005894896401785,-0.00012798241399927254,0.3498625216665943,0.35005894896401785,-0.00012798241399927254,0.3498625216665943,0.35006578511528946,-0.0001511612902511614,0.3498315967947579,-0.3270934263812464,-1.4199984709369105,1.2360749244689941,-1.3862364927874964,-1.571038548146383,2.738008499145508,0.0,0.0,2.3968450477696024e-05,-0.00016777915880084038,0.0,0.0,-0.32701655670074353,-1.4200824235032756,1.2359513306717527,-1.386146089672554,-1.5709982982585713,2.7380768752462923,7.829289854571769e-05,-5.188215541581252e-05,-0.00031935926251980105,0.00036472379127766683,0.0001757369487153017,4.229378356415656e-05,0.0005387412212593846,-8.036905984614867,-6.269707536993511,-0.9628211151301035,-2.9330353566098337e-05,1.5988885316068557e-07,28.0,28.0,14.0,6.0,6.0,6.0
0.9198373559946198,1.0,3.924717781711263e-05,4.971075615714682e-05,0.35005894896401785,-0.00012798241399927254,0.3498625216665943,0.35005894896401785,-0.00012798241399927254,0.3498625216665943,0.35006578511528946,-0.0001511612902511614,0.3498315967947579,-0.3270934263812464,-1.4199984709369105,1.2360749244689941,-1.3862364927874964,-1.571038548146383,2.738008499145508,0.0,0.0,2.3968450477696024e-05,-0.00016777915880084038,0.0,0.0,-0.32701624174466365,-1.420082629053253,1.2359500590058474,-1.386144644967087,-1.5709975820274793,2.738077069127907,7.873901996574369e-05,-5.1387494357233665e-05,-0.00031791647632864564,0.0003611763667705692,0.00017905777301783127,4.8470403657041307e-05,0.0005387412212593846,-8.036905984614867,-6.269707536993511,-0.9628211151301035,-2.9330353566098337e-05,1.5988885316068557e-07,28.0,28.0,14.0,6.0,6.0,6.0
0.9238373559946198,1.0,5.002825781672637e-05,2.7074766106305383e-05,0.35005894896401785,-0.00012798241399927254,0.3498625216665943,0.35005894896401785,-0.00012798241399927254,0.3498625216665943,0.35007497850278807,-0.00015217721441163355,0.3498217725304072,-0.3270934263812464,-1.4199627081500452,1.2360749244689941,-1.3862603346454065,-1.5710142294513147,2.738020658493042,0.0,0.0,2.3968450477696024e-05,-0.00016777915880084038,0.0,0.0,-0.3270159216500577,-1.4200828543255664,1.2359487967484994,-1.3861432097302957,-1.570996881322812,2.7380772756870044,8.002365148960226e-05,-5.63180783253763e-05,-0.0003155643369922347,0.0003588091978062353,0.00017517616686323897,5.163977429684824e-05,0.0007486708493468117,-8.038009808486931,-6.269969805843634,-0.9628492690457324,-2.913489514791108e-05,3.0431412882336258e-09,28.0,28.0,14.0,6.0,6.0,6.0
0.9283981999778192,1.0,5.002825781672637e-05,2.7074766106305383e-05,0.35005894896401785,-0.00012798241399927254,0.3498625216665943,0.35005894896401785,-0.00012798241399927254,0.3498625216665943,0.35007497850278807,-0.00015217721441163355,0.3498217725304072,-0.3270934263812464,-1.4199627081500452,1.2360749244689941,-1.3862603346454065,-1.5710142294513147,2.738020658493042,0.0,0.0,2.3968450477696024e-05,-0.00016777915880084038,0.0,0.0,-0.3270155967252372,-1.4200830981368753,1.2359475433351954,-1.3861417833940597,-1.5709961952129836,2.738077494162935,8.123120512202932e-05,-6.095282725543038e-05,-0.00031335332601600834,0.0003565840589797614,0.0001715274570779222,5.461898269826676e-05,0.0007486708493468117,-8.038009808486931,-6.269969805843634,-0.9628492690457324,-2.913489514791108e-05,3.0431412882336258e-09,28.0,28.0,14.0,6.0,6.0,6.0
0.9323981999778193,1.0,5.002825781672637e-05,2.7074766106305383e-05,0.35005894896401785,-0.00012798241399927254,0.3498625216665943,0.35005894896401785,-0.00012798241399927254,0.3498625216665943,0.35007497850278807,-0.00015217721441163355,0.3498217725304072,-0.3270934263812464,-1.4199627081500452,1.2360749244689941,-1.3862603346454065,-1.5710142294513147,2.738020658493042,0.0,0.0,2.3968450477696024e-05,-0.00016777915880084038,0.0,0.0,-0.32701526726001506,-1.4200833593748403,1.2359462982352927,-1.3861403654243458,-1.570995522822304,2.7380777238406897,8.236630553651075e-05,-6.530949124968121e-05,-0.0003112749756983556,0.00035449242848287595,0.00016809766987972444,5.741943859560017e-05,0.0007486708493468117,-8.038009808486931,-6.269969805843634,-0.9628492690457324,-2.913489514791108e-05,3.0431412882336258e-09,28.0,28.0,14.0,6.0,6.0,6.0
0.9370896589835178,1.0,4.274261677548893e-05,3.609418679246575e-05,0.35005894896401785,-0.00012798241399927254,0.3498625216665943,0.35005894896401785,-0.00012798241399927254,0.3498625216665943,0.3500690644296109,-0.00014599693730524204,0.3498251039489366,-0.3270815054522913,-1.4199865500079554,1.2360868453979492,-1.3862479368792933,-1.5710142294513147,2.7380564212799072,0.0,0.0,2.3968450477696024e-05,-0.00016777915880084038,0.0,0.0,-0.32701494038257867,-1.4200836235332694,1.2359450545120467,-1.386138962893342,-1.5709948633237683,2.738077929726566,8.171935909490872e-05,-6.603960729280743e-05,-0.0003109308114653563,0.00035063275097181883,0.00016487463393320684,5.1471469095715826e-05,0.0005227443909518724,-8.037338523669602,-6.269863775087506,-0.9628434050681565,-3.22109782829529e-05,-3.045728137040902e-07,28.0,28.0,14.0,6.0,6.0,6.0
0.9410896589835178,1.0,4.274261677548893e-05,3.609418679246575e-05,0.35005894896401785,-0.00012798241399927254,0.3498625216665943,0.35005894896401785,-0.00012798241399927254,0.3498625216665943,0.3500690644296109,-0.00014599693730524204,0.3498251039489366,-0.3270815054522913,-1.4199865500079554,1.2360868453979492,-1.3862479368792933,-1.5710142294513147,2.7380564212799072,0.0,0.0,2.3968450477696024e-05,-0.00016777915880084038,0.0,0.0,-0.3270146159376609,-1.4200838904369348,1.2359438120828583,-1.3861375748747256,-1.5709942159438477,2.738078113248077,8.111122943980281e-05,-6.672591637334607e-05,-0.00031060729708633694,0.0003470046541114251,0.0001618449801434803,4.5880377765824543e-05,0.0005227443909518724,-8.037338523669602,-6.269863775087506,-0.9628434050681565,-3.22109782829529e-05,-3.045728137040902e-07,28.0,28.0,14.0,6.0,6.0,6.0
0.9462620199630041,1.0,4.274261677548893e-05,3.609418679246575e-05,0.35005894896401785,-0.00012798241399927254,0.3498625216665943,0.35005894896401785,-0.00012798241399927254,0.3498625216665943,0.3500690644296109,-0.00014599693730524204,0.3498251039489366,-0.3270815054522913,-1.4199865500079554,1.2360868453979492,-1.3862479368792933,-1.5710142294513147,2.7380564212799072,0.0,0.0,2.3968450477696024e-05,-0.00016777915880084038,0.0,0.0,-0.3270142937793106,-1.4200841599211225,1.235942570870084,-1.3861362004977533,-1.5709935799554253,2.7380782757470845,8.053958756400327e-05,-6.73710469090524e-05,-0.00031030319357005875,0.00034359424306265504,0.00015899710558113736,4.062475191572674e-05,0.0005227443909518724,-8.037338523669602,-6.269863775087506,-0.9628434050681565,-3.22109782829529e-05,-3.045728137040902e-07,28.0,28.0,14.0,6.0,6.0,6.0
0.9502620199630041,1.0,3.567818737794103e-05,7.331210786618612e-05,0.35005894896401785,-0.00012798241399927254,0.3498625216665943,0.35005894896401785,-0.00012798241399927254,0.3498625216665943,0.35006268185750294,-0.00015113940214048707,0.3498356376107055,-0.3270934263812464,-1.4200227896319788,1.2360987663269043,-1.3862717787372034,-1.5710504690753382,2.738044500350952,0.0,0.0,2.3968450477696024e-05,-0.00016777915880084038,0.0,0.0,-0.3270139720750977,-1.420084402117257,1.2359413022542358,-1.3861347846373295,-1.5709929129344196,2.7380784201815636,8.042605323270509e-05,-6.054903362917871e-05,-0.0003171539620123506,0.0003539651059527533,0.00016675525146613252,3.610861981395894e-05,0.0003758778584642045,-8.036225859438341,-6.26964677411506,-0.9628076019652607,-2.942730392800183e-05,-3.0472012521337186e-07,28.0,28.0,14.0,6.0,6.0,6.0
0.9553263259578966,1.0,3.567818737794103e-05,7.331210786618612e-05,0.35005894896401785,-0.00012798241399927254,0.3498625216665943,0.35005894896401785,-0.00012798241399927254,0.3498625216665943,0.35006268185750294,-0.00015113940214048707,0.3498356376107055,-0.3270934263812464,-1.4200227896319788,1.2360987663269043,-1.3862717787372034,-1.5710504690753382,2.738044500350952,0.0,0.0,2.3968450477696024e-05,-0.00016777915880084038,0.0,0.0,-0.32701365079777384,-1.4200846186626215,1.2359400078794984,-1.3861333297824612,-1.5709922167427852,2.738078547635386,8.03193309612848e-05,-5.4136341146097446e-05,-0.000323593684348105,0.0003637137170694456,0.00017404790859802796,3.186345563829721e-05,0.0003758778584642045,-8.036225859438341,-6.26964677411506,-0.9628076019652607,-2.942730392800183e-05,-3.0472012521337186e-07,28.0,28.0,14.0,6.0,6.0,6.0
0.9593263259578966,1.0,4.3762948328180874e-05,3.639800105071067e-05,0.35005894896401785,-0.00012798241399927254,0.3498625216665943,0.35005894896401785,-0.00012798241399927254,0.3498625216665943,0.35006682231475944,-0.00014523626124906543,0.3498230817027308,-0.3270815054522913,-1.4199984709369105,1.2361106872558594,-1.3862603346454065,-1.5710142294513147,2.738008499145508,0.0,0.0,2.3968450477696024e-05,-0.00016777915880084038,0.0,0.0,-0.32701333161890056,-1.4200848338984802,1.235938703964163,-1.3861318850686408,-1.570991534870948,2.738078712635133,7.979471831389268e-05,-5.380896469408455e-05,-0.000325978833849448,0.0003611784550791807,0.0001704679593052701,4.1249936733842144e-05,0.00047842313446700503,-8.037154141780332,-6.269912434086803,-0.9628523322033665,-3.221215099535849e-05,3.137364656476255e-07,28.0,28.0,14.0,6.0,6.0,6.0
0.9635250099657573,1.0,4.3762948328180874e-05,3.639800105071067e-05,0.35005894896401785,-0.00012798241399927254,0.3498625216665943,0.35005894896401785,-0.00012798241399927254,0.3498625216665943,0.35006682231475944,-0.00014523626124906543,0.3498230817027308,-0.3270815054522913,-1.4199984709369105,1.2361106872558594,-1.3862603346454065,-1.5710142294513147,2.738008499145508,0.0,0.0,2.3968450477696024e-05,-0.00016777915880084038,0.0,0.0,-0.32701301441257086,-1.4200850479034035,1.2359373910806655,-1.3861304498874056,-1.57099086645972,2.738078912928049,7.930158242534408e-05,-5.3501230829192425e-05,-0.00032822087438071036,0.00035879530880833174,0.0001671028069700777,5.0073228963654385e-05,0.00047842313446700503,-8.037154141780332,-6.269912434086803,-0.9628523322033665,-3.221215099535849e-05,3.137364656476255e-07,28.0,28.0,14.0,6.0,6.0,6.0
0.9675250099657573,1.0,4.3762948328180874e-05,3.639800105071067e-05,0.35005894896401785,-0.00012798241399927254,0.3498625216665943,0.35005894896401785,-0.00012798241399927254,0.3498625216665943,0.35006682231475944,-0.00014523626124906543,0.3498230817027308,-0.3270815054522913,-1.4199984709369105,1.2361106872558594,-1.3862603346454065,-1.5710142294513147,2.738008499145508,0.0,0.0,2.3968450477696024e-05,-0.00016777915880084038,0.0,0.0,-0.3270126990604321,-1.4200852607512475,1.2359360697670956,-1.3861290236668005,-1.570990210701465,2.7380791463965437,7.88380346901084e-05,-5.321196099619383e-05,-0.000330328392480097,0.0003565551513137337,0.00016393956377499686,5.8367123659677894e-05,0.00047842313446700503,-8.037154141780332,-6.269912434086803,-0.9628523322033665,-3.221215099535849e-05,3.137364656476255e-07,28.0,28.0,14.0,6.0,6.0,6.0
0.9724622629559603,1.0,4.3762948328180874e-05,3.639800105071067e-05,0.35005894896401785,-0.00012798241399927254,0.3498625216665943,0.35005894896401785,-0.00012798241399927254,0.3498625216665943,0.35006682231475944,-0.00014523626124906543,0.3498230817027308,-0.3270815054522913,-1.4199984709369105,1.2361106872558594,-1.3862603346454065,-1.5710142294513147,2.738008499145508,0.0,0.0,2.3968450477696024e-05,-0.00016777915880084038,0.0,0.0,-0.32701238545123285,-1.420085472511437,1.2359347405292576,-1.3861276058691874,-1.5709895668370044,2.7380794110500823,7.840229981898687e-05,-5.294004735317515e-05,-0.0003323094594935204,0.0003544494032688116,0.00016096611517162087,6.616338467394e-05,0.00047842313446700503,-8.037154141780332,-6.269912434086803,-0.9628523322033665,-3.221215099535849e-05,3.137364656476255e-07,28.0,28.0,14.0,6.0,6.0,6.0
0.9764622629559603,1.0,3.7046405369069736e-05,4.3633663566517056e-05,0.35005894896401785,-0.00012798241399927254,0.3498625216665943,0.35005894896401785,-0.00012798241399927254,0.3498625216665943,0.35006699063835667,-0.00014219188259612415,0.349829267213858,-0.32706958452333623,-1.4199865500079554,1.2360625267028809,-1.3862126509295862,-1.571026627217428,2.738044500350952,0.0,0.0,2.3968450477696024e-05,-0.00014381069922819734,0.0,0.0,-0.3270120820901633,-1.4200856936450632,1.2359334383517022,-1.3861262321335341,-1.5709889198679285,2.7380796686669857,7.584026739200644e-05,-5.528340660039155e-05,-0.00032554438881812737,0.0003434339133081343,0.00016174226895727226,6.440422589311674e-05,0.0003782606448494819,-8.037163999973842,-6.269740425130037,-0.9628356066864442,-3.538334776550393e-05,3.083468485044054e-09,28.0,28.0,14.0,6.0,6.0,6.0
0.9810539799623661,1.0,3.7046405369069736e-05,4.3633663566517056e-05,0.35005894896401785,-0.00012798241399927254,0.3498625216665943,0.35005894896401785,-0.00012798241399927254,0.3498625216665943,0.35006699063835667,-0.00014219188259612415,0.349829267213858,-0.32706958452333623,-1.4199865500079554,1.2360625267028809,-1.3862126509295862,-1.571026627217428,2.738044500350952,0.0,0.0,2.3968450477696024e-05,-0.00014381069922819734,0.0,0.0,-0.3270117883623357,-1.4200859235897203,1.2359321616108128,-1.386124899816123,-1.5709882699805144,2.738079919669452,7.343195691064483e-05,-5.7486164292774966e-05,-0.0003191852223832579,0.00033307935274509763,0.00016247185351578458,6.275061663914289e-05,0.0003782606448494819,-8.037163999973842,-6.269740425130037,-0.9628356066864442,-3.538334776550393e-05,3.083468485044054e-09,28.0,28.0,14.0,6.0,6.0,6.0
0.9850539799623661,1.0,4.8217783984725916e-05,4.35980933634235e-05,0.35005894896401785,-0.00012798241399927254,0.3498625216665943,0.35005894896401785,-0.00012798241399927254,0.3498625216665943,0.3500719243653038,-0.00014907903155635146,0.34982115106856243,-0.3270934263812464,-1.4199746290790003,1.2360868453979492,-1.3862479368792933,-1.5709903875934046,2.7380564212799072,0.0,0.0,2.3968450477696024e-05,-0.00014381069922819734,0.0,0.0,-0.32701148483834624,-1.4200861663345878,1.2359308922810839,-1.3861235865132313,-1.5709876591025134,2.738080142107536,7.588099735588821e-05,-6.068621689243e-05,-0.00031733243219274896,0.0003283257229518161,0.00015271950024533577,5.560952098005822e-05,0.0007581042883401461,-8.037792467598402,-6.269968054468348,-0.9628589194927891,-2.894626604353331e-05,-4.583362014528101e-07,28.0,28.0,14.0,6.0,6.0,6.0
0.9900897879812405,1.0,4.8217783984725916e-05,4.35980933634235e-05,0.35005894896401785,-0.00012798241399927254,0.3498625216665943,0.35005894896401785,-0.00012798241399927254,0.3498625216665943,0.3500719243653038,-0.00014907903155635146,0.34982115106856243,-0.3270934263812464,-1.4199746290790003,1.2360868453979492,-1.3862479368792933,-1.5709903875934046,2.7380564212799072,0.0,0.0,2.3968450477696024e-05,-0.00014381069922819734,0.0,0.0,-0.32701117210596475,-1.4200864211116533,1.2359296299178462,-1.3861222910839874,-1.5709870848933607,2.7380803376951004,7.818309537441699e-05,-6.369426633610573e-05,-0.00031559080941367056,0.00032385731094613146,0.0001435522881711139,4.889689106051864e-05,0.0007581042883401461,-8.037792467598402,-6.269968054468348,-0.9628589194927891,-2.894626604353331e-05,-4.583362014528101e-07,28.0,28.0,14.0,6.0,6.0,6.0
0.9940897879812405,1.0,4.8217783984725916e-05,4.35980933634235e-05,0.35005894896401785,-0.00012798241399927254,0.3498625216665943,0.35005894896401785,-0.00012798241399927254,0.3498625216665943,0.3500719243653038,-0.00014907903155635146,0.34982115106856243,-0.3270934263812464,-1.4199746290790003,1.2360868453979492,-1.3862479368792933,-1.5709903875934046,2.7380564212799072,0.0,0.0,2.3968450477696024e-05,-0.00014381069922819734,0.0,0.0,-0.3270108507176947,-1.4200866871989846,1.2359283741031102,-1.3861210124559729,-1.5709865451529255,2.738080508043176,8.034706751183404e-05,-6.652183281316092e-05,-0.00031395368400133686,0.00031965700366078787,0.00013493510882134534,4.258701893615143e-05,0.0007581042883401461,-8.037792467598402,-6.269968054468348,-0.9628589194927891,-2.894626604353331e-05,-4.583362014528101e-07,28.0,28.0,14.0,6.0,6.0,6.0
0.9991790299925492,1.0,4.4335681034007185e-05,6.879415072889905e-05,0.35005894896401785,-0.00012798241399927254,0.3498625216665943,0.35005894896401785,-0.00012798241399927254,0.3498625216665943,0.3500652983751836,-0.00015516987153640585,0.34982808070633964,-0.32710534731020147,-1.4199984709369105,1.2360868453979492,-1.3862364927874964,-1.571038548146383,2.7380564212799072,0.0,0.0,2.3968450477696024e-05,-0.00014381069922819734,0.0,0.0,-0.3270105211854693,-1.4200869506222704,1.2359271220249186,-1.3861197462204655,-1.5709859823407977,2.7380806409402876,8.238305634694756e-05,-6.585582143918166e-05,-0.00031301954789906655,0.00031655887683517943,0.00014070303194333404,3.3224277837957304e-05,0.000687334068680256,-8.037094459737189,-6.269794247486386,-0.9628373082622834,-2.6256298547127033e-05,-6.121842126385382e-07,28.0,28.0,14.0,6.0,6.0,6.0
1.0031790299925492,1.0,4.4335681034007185e-05,6.879415072889905e-05,0.35005894896401785,-0.00012798241399927254,0.3498625216665943,0.35005894896401785,-0.00012798241399927254,0.3498625216665943,0.3500652983751836,-0.00015516987153640585,0.34982808070633964,-0.32710534731020147,-1.4199984709369105,1.2360868453979492,-1.3862364927874964,-1.571038548146383,2.7380564212799072,0.0,0.0,2.3968450477696024e-05,-0.00014381069922819734,0.0,0.0,-0.3270101839979259,-1.4200872115413534,1.2359258734590788,-1.386118491633915,-1.5709853978412789,2.738080738633492,8.429688585195427e-05,-6.522977074764116e-05,-0.0003121414599629324,0.00031364663761910747,0.00014612487967800343,2.442330120565482e-05,0.000687334068680256,-8.037094459737189,-6.269794247486386,-0.9628373082622834,-2.6256298547127033e-05,-6.121842126385382e-07,28.0,28.0,14.0,6.0,6.0,6.0
1.0077553099780348,1.0,4.4335681034007185e-05,6.879415072889905e-05,0.35005894896401785,-0.00012798241399927254,0.3498625216665943,0.35005894896401785,-0.00012798241399927254,0.3498625216665943,0.3500652983751836,-0.00015516987153640585,0.34982808070633964,-0.32710534731020147,-1.4199984709369105,1.2360868453979492,-1.3862364927874964,-1.571038548146383,2.7380564212799072,0.0,0.0,2.3968450477696024e-05,-0.00014381069922819734,0.0,0.0,-0.32700983961438357,-1.4200874701064858,1.2359246281948495,-1.386117247997384,-1.5709847929556127,2.738080803235025,8.609588558666059e-05,-6.464128309759309e-05,-0.00031131605730296637,0.0003109091327559998,0.00015122141654859262,1.6150383171290486e-05,0.000687334068680256,-8.037094459737189,-6.269794247486386,-0.9628373082622834,-2.6256298547127033e-05,-6.121842126385382e-07,28.0,28.0,14.0,6.0,6.0,6.0
1.0117553099780348,1.0,3.1747645207103246e-05,5.277472548022744e-05,0.35005894896401785,-0.00012798241399927254,0.3498625216665943,0.35005894896401785,-0.00012798241399927254,0.3498625216665943,0.35006989178135633,-0.00014838941544186208,0.34984080250415617,-0.3270934263812464,-1.4199984709369105,1.2360506057739258,-1.3862603346454065,-1.5709903875934046,2.738044500350952,0.0,0.0,2.3968450477696024e-05,-0.00014381069922819734,0.0,0.0,-0.32700948848480005,-1.4200877088585262,1.235923372123727,-1.386115949129958,-1.5709842243798002,2.7380808641783623,8.77823958859947e-05,-5.968801009900365e-05,-0.00031401778062242145,0.00032471685650254447,0.0001421439531227418,1.5235834390752742e-05,0.00054861624005632,-8.036558020813121,-6.269550327697412,-0.9627882118899127,-2.8948099213518668e-05,-3.0470909900983426e-07,28.0,28.0,14.0,6.0,6.0,6.0
1.0167341229761955,1.0,3.1747645207103246e-05,5.277472548022744e-05,0.35005894896401785,-0.00012798241399927254,0.3498625216665943,0.35005894896401785,-0.00012798241399927254,0.3498625216665943,0.35006989178135633,-0.00014838941544186208,0.34984080250415617,-0.3270934263812464,-1.4199984709369105,1.2360506057739258,-1.3862603346454065,-1.5709903875934046,2.738044500350952,0.0,0.0,2.3968450477696024e-05,-0.00014381069922819734,0.0,0.0,-0.3270091310139378,-1.42008792898626,1.2359221058941248,-1.3861145983454906,-1.5709836899352503,2.738080921682996,8.936771556736877e-05,-5.503193348032958e-05,-0.0003165574005427092,0.0003376961168242964,0.000133611137502442,1.4376158537047262e-05,0.00054861624005632,-8.036558020813121,-6.269550327697412,-0.9627882118899127,-2.8948099213518668e-05,-3.0470909900983426e-07,28.0,28.0,14.0,6.0,6.0,6.0
1.0207341229761955,1.0,3.1747645207103246e-05,5.277472548022744e-05,0.35005894896401785,-0.00012798241399927254,0.3498625216665943,0.35005894896401785,-0.00012798241399927254,0.3498625216665943,0.35006989178135633,-0.00014838941544186208,0.34984080250415617,-0.3270934263812464,-1.4199984709369105,1.2360506057739258,-1.3862603346454065,-1.5709903875934046,2.738044500350952,0.0,0.0,2.3968450477696024e-05,-0.00014381069922819734,0.0,0.0,-0.32700876758227354,-1.4200881316071459,1.2359208301155518,-1.3861131987590045,-1.570983187574087,2.738080975955249,9.08579160678604e-05,-5.0655221458775955e-05,-0.0003189446432677797,0.00034989662152674325,0.0001255902908193602,1.3568063234564111e-05,0.00054861624005632,-8.036558020813121,-6.269550327697412,-0.9627882118899127,-2.8948099213518668e-05,-3.0470909900983426e-07,28.0,28.0,14.0,6.0,6.0,6.0
1.0259563539803498,1.0,3.7689774901152134e-05,7.200949415831797e-05,0.35005894896401785,-0.00012798241399927254,0.3498625216665943,0.35005894896401785,-0.00012798241399927254,0.3498625216665943,0.35006828560735764,-0.0001415504211227416,0.34982862099689677,-0.32705766359438115,-1.4199865500079554,1.2360749244689941,-1.3862479368792933,-1.5710623900042933,2.7380564212799072,0.0,0.0,2.3968450477696024e-05,-0.00014381069922819734,0.0,0.0,-0.3270084293182571,-1.4200883411388687,1.2359195621758168,-1.386111802773358,-1.5709826324190381,2.738081023884021,8.45660041107901e-05,-5.2382930724948386e-05,-0.00031698493375776515,0.0003489964116213836,0.00013878876218310533,1.1982193066892102e-05,0.00016282062274483656,-8.037124648095693,-6.269794519288682,-0.9628361103885795,-3.874255441996152e-05,3.0118862021629884e-09,28.0,28.0,14.0,6.0,6.0,6.0
1.0299563539803498,1.0,3.7689774901152134e-05,7.200949415831797e-05,0.35005894896401785,-0.00012798241399927254,0.3498625216665943,0.35005894896401785,-0.00012798241399927254,0.3498625216665943,0.35006828560735764,-0.0001415504211227416,0.34982862099689677,-0.32705766359438115,-1.4199865500079554,1.2360749244689941,-1.3862479368792933,-1.5710623900042933,2.7380564212799072,0.0,0.0,2.3968450477696024e-05,-0.00014381069922819734,0.0,0.0,-0.3270081147118296,-1.4200885571667785,1.2359183016045896,-1.3861104101725008,-1.570982027637737,2.7380810658499217,7.8651606871144e-05,-5.4006977435150475e-05,-0.00031514280681835147,0.0003481502143103455,0.00015119532526502576,1.0491475109280412e-05,0.00016282062274483656,-8.037124648095693,-6.269794519288682,-0.9628361103885795,-3.874255441996152e-05,3.0118862021629884e-09,28.0,28.0,14.0,6.0,6.0,6.0
1.0345777559916027,1.0,3.7689774901152134e-05,7.200949415831797e-05,0.35005894896401785,-0.00012798241399927254,0.3498625216665943,0.35005894896401785,-0.00012798241399927254,0.3498625216665943,0.35006828560735764,-0.0001415504211227416,0.34982862099689677,-0.32705766359438115,-1.4199865500079554,1.2360749244689941,-1.3862479368792933,-1.5710623900042933,2.7380564212799072,0.0,0.0,2.3968450477696024e-05,-0.00014381069922819734,0.0,0.0,-0.32700782234353576,-1.4200887793011039,1.2359170479597597,-1.3861090207533455,-1.570981376207759,2.7380811022107228,7.309207346587668e-05,-5.553358134274044e-05,-0.0003134112074953026,0.0003473547888379697,0.00016285749456203095,9.090200229125424e-06,0.00016282062274483656,-8.037124648095693,-6.269794519288682,-0.9628361103885795,-3.874255441996152e-05,3.0118862021629884e-09,28.0,28.0,14.0,6.0,6.0,6.0
1.0385777559916027,1.0,2.7886363003751526e-05,2.6333408625649173e-05,0.35005894896401785,-0.00012798241399927254,0.3498625216665943,0.35005894896401785,-0.00012798241399927254,0.3498625216665943,0.3500680449296915,-0.00013941538063061944,0.3498387687736327,-0.32706958452333623,-1.4199984709369105,1.2360506057739258,-1.3862364927874964,-1.5709903875934046,2.738032579421997,0.0,0.0,2.3968450477696024e-05,-0.00014381069922819734,0.0,0.0,-0.3270075338093029,-1.420088989539705,1.235915796331226,-1.386107618902428,-1.5709807638721778,2.738081164105483,7.213355821628482e-05,-5.255965031463368e-05,-0.00031290713340956965,0.00035046272942022263,0.00015308389526320896,1.547369012900544e-05,0.00032179286462758546,-8.03654503730938,-6.269558729342984,-0.9627999834031428,-3.509666402819613e-05,1.5677631751303373e-07,28.0,28.0,14.0,6.0,6.0,6.0
1.0434580139901959,1.0,2.7886363003751526e-05,2.6333408625649173e-05,0.35005894896401785,-0.00012798241399927254,0.3498625216665943,0.35005894896401785,-0.00012798241399927254,0.3498625216665943,0.3500680449296915,-0.00013941538063061944,0.3498387687736327,-0.32706958452333623,-1.4199984709369105,1.2360506057739258,-1.3862364927874964,-1.5709903875934046,2.738032579421997,0.0,0.0,2.3968450477696024e-05,-0.00014381069922819734,0.0,0.0,-0.3270072488790874,-1.4200891885963256,1.2359145465980108,-1.3861062053656537,-1.57098018828533,2.738081250002166,7.123255388166849e-05,-4.9764155148213334e-05,-0.00031243330376898065,0.0003533841935675404,0.00014389671192231628,2.147417063489265e-05,0.00032179286462758546,-8.03654503730938,-6.269558729342984,-0.9627999834031428,-3.509666402819613e-05,1.5677631751303373e-07,28.0,28.0,14.0,6.0,6.0,6.0
1.047458013990196,1.0,3.221944368171805e-05,2.611666460636119e-05,0.35005894896401785,-0.00012798241399927254,0.3498625216665943,0.35005894896401785,-0.00012798241399927254,0.3498625216665943,0.3500680415062746,-0.00014776165317629934,0.3498387687736327,-0.3270934263812464,-1.4199984709369105,1.2360506057739258,-1.3862364927874964,-1.5709903875934046,2.738032579421997,0.0,0.0,2.3968450477696024e-05,-0.00014381069922819734,0.0,0.0,-0.3270069536340102,-1.420089377101978,1.235913298591886,-1.3861047808311389,-1.570979647250276,2.7380813446974757,7.381126929559106e-05,-4.712641309775067e-05,-0.0003120015312040066,0.00035613362871600093,0.00013525876351365838,2.367382740408717e-05,0.0005798405640866349,-8.036644919483834,-6.269564551828506,-0.9627979166806659,-2.8947801162389928e-05,-1.5084080433986194e-07,28.0,28.0,14.0,6.0,6.0,6.0
1.0521696590052456,1.0,3.221944368171805e-05,2.611666460636119e-05,0.35005894896401785,-0.00012798241399927254,0.3498625216665943,0.35005894896401785,-0.00012798241399927254,0.3498625216665943,0.3500680415062746,-0.00014776165317629934,0.3498387687736327,-0.3270934263812464,-1.4199984709369105,1.2360506057739258,-1.3862364927874964,-1.5709903875934046,2.738032579421997,0.0,0.0,2.3968450477696024e-05,-0.00014381069922819734,0.0,0.0,-0.3270066486929631,-1.4200895556897204,1.235912052209226,-1.3861033459587477,-1.5709791386939078,2.738081447663495,7.623526178467829e-05,-4.464693557031577e-05,-0.00031159566499293096,0.0003587180977555538,0.00012713909200951995,2.574150476713002e-05,0.0005798405640866349,-8.036644919483834,-6.269564551828506,-0.9627979166806659,-2.8947801162389928e-05,-1.5084080433986194e-07,28.0,28.0,14.0,6.0,6.0,6.0
1.0561696590052456,1.0,3.221944368171805e-05,2.611666460636119e-05,0.35005894896401785,-0.00012798241399927254,0.3498625216665943,0.35005894896401785,-0.00012798241399927254,0.3498625216665943,0.3500680415062746,-0.00014776165317629934,0.3498387687736327,-0.3270934263812464,-1.4199984709369105,1.2360506057739258,-1.3862364927874964,-1.5709903875934046,2.738032579421997,0.0,0.0,2.3968450477696024e-05,-0.00014381069922819734,0.0,0.0,-0.3270063346377042,-1.4200897249546272,1.235910807352623,-1.3861019013687532,-1.5709786606675047,2.738081558403981,7.851381472442028e-05,-4.231622669452696e-05,-0.00031121415075451985,0.00036114749865273356,0.00011950660079562982,2.7685121488390298e-05,0.0005798405640866349,-8.036644919483834,-6.269564551828506,-0.9627979166806659,-2.8947801162389928e-05,-1.5084080433986194e-07,28.0,28.0,14.0,6.0,6.0,6.0
1.061099788018037,1.0,3.221944368171805e-05,2.611666460636119e-05,0.35005894896401785,-0.00012798241399927254,0.3498625216665943,0.35005894896401785,-0.00012798241399927254,0.3498625216665943,0.3500680415062746,-0.00014776165317629934,0.3498387687736327,-0.3270934263812464,-1.4199984709369105,1.2360506057739258,-1.3862364927874964,-1.5709903875934046,2.738032579421997,0.0,0.0,2.3968450477696024e-05,-0.00014381069922819734,0.0,0.0,-0.3270060120150862,-1.4200898854560686,1.2359095639305135,-1.3861004476442111,-1.5709782113392685,2.738081676452466,8.065565448777774e-05,-4.012536035128548e-05,-0.0003108555273704134,0.0003634311354960825,0.0001123320590545731,2.951212120637496e-05,0.0005798405640866349,-8.036644919483834,-6.269564551828506,-0.9627979166806659,-2.8947801162389928e-05,-1.5084080433986194e-07,28.0,28.0,14.0,6.0,6.0,6.0
1.065099788018037,1.0,4.1914166855704504e-05,6.081734745995173e-05,0.35005894896401785,-0.00012798241399927254,0.3498625216665943,0.35005894896401785,-0.00012798241399927254,0.3498625216665943,0.35007213130530124,-0.00015331442880953662,0.34983184085358116,-0.3270934263812464,-1.4199746290790003,1.2360506057739258,-1.3862479368792933,-1.571038548146383,2.7380564212799072,0.0,0.0,2.3968450477696024e-05,-0.00014381069922819734,0.0,0.0,-0.3270056881715738,-1.4200900575512576,1.2359083319441777,-1.386098989869707,-1.570977733510688,2.7380817670725324,8.096087810546854e-05,-4.3023797234429214e-05,-0.0003079965839706457,0.00036444362603833174,0.00011945714514154962,2.2655016606075024e-05,0.0006168645457485961,-8.037405386853177,-6.26974364035577,-0.9628185029648518,-2.9328691402715436e-05,-4.584427630145033e-07,28.0,28.0,14.0,6.0,6.0,6.0
1.0701486580106434,1.0,4.1914166855704504e-05,6.081734745995173e-05,0.35005894896401785,-0.00012798241399927254,0.3498625216665943,0.35005894896401785,-0.00012798241399927254,0.3498625216665943,0.35007213130530124,-0.00015331442880953662,0.34983184085358116,-0.3270934263812464,-1.4199746290790003,1.2360506057739258,-1.3862479368792933,-1.571038548146383,2.7380564212799072,0.0,0.0,2.3968450477696024e-05,-0.00014381069922819734,0.0,0.0,-0.3270053631804206,-1.4200902405445692,1.235907110707469,-1.3860975282882384,-1.5709772288917838,2.7380818319098856,8.124778830609789e-05,-4.574832790458433e-05,-0.00030530917717486405,0.000365395367148046,0.00012615472606330755,1.6209338281793087e-05,0.0006168645457485961,-8.037405386853177,-6.26974364035577,-0.9628185029648518,-2.9328691402715436e-05,-4.584427630145033e-07,28.0,28.0,14.0,6.0,6.0,6.0
1.0741486580106434,1.0,3.390733618328803e-05,2.6850222034722614e-05,0.35005894896401785,-0.00012798241399927254,0.3498625216665943,0.35005894896401785,-0.00012798241399927254,0.3498625216665943,0.3500655638154506,-0.00014898299452456397,0.3498367354919038,-0.3270934263812464,-1.4199984709369105,1.2360506057739258,-1.3862126509295862,-1.5710142294513147,2.738008499145508,0.0,0.0,2.3968450477696024e-05,-0.00011984225420746952,0.0,0.0,-0.3270050336617828,-1.4200904212667533,1.2359059036627738,-1.3860960917647267,-1.570976727102623,2.7380819311661777,8.237965945603326e-05,-4.518054604904046e-05,-0.000301761173803187,0.0003591308779452387,0.00012544729024361497,2.481407300884203e-05,0.0005698484147904213,-8.036744052099314,-6.269588951488958,-0.962811552801425,-2.9136899869776564e-05,1.5991741760549723e-07,28.0,28.0,14.0,6.0,6.0,6.0
1.0786798160285693,1.0,3.390733618328803e-05,2.6850222034722614e-05,0.35005894896401785,-0.00012798241399927254,0.3498625216665943,0.35005894896401785,-0.00012798241399927254,0.3498625216665943,0.3500655638154506,-0.00014898299452456397,0.3498367354919038,-0.3270934263812464,-1.4199984709369105,1.2360506057739258,-1.3862126509295862,-1.5710142294513147,2.738008499145508,0.0,0.0,2.3968450477696024e-05,-0.00011984225420746952,0.0,0.0,-0.32700469988730946,-1.4200905998540778,1.2359047099585712,-1.3860946787956943,-1.5709762279734207,2.7380820627762725,8.34436183369725e-05,-4.464683110482923e-05,-0.0002984260506338106,0.0003532422580945998,0.00012478230057310394,3.2902523652268036e-05,0.0005698484147904213,-8.036744052099314,-6.269588951488958,-0.962811552801425,-2.9136899869776564e-05,1.5991741760549723e-07,28.0,28.0,14.0,6.0,6.0,6.0
1.0826798160285693,1.0,3.390733618328803e-05,2.6850222034722614e-05,0.35005894896401785,-0.00012798241399927254,0.3498625216665943,0.35005894896401785,-0.00012798241399927254,0.3498625216665943,0.3500655638154506,-0.00014898299452456397,0.3498367354919038,-0.3270934263812464,-1.4199984709369105,1.2360506057739258,-1.3862126509295862,-1.5710142294513147,2.738008499145508,0.0,0.0,2.3968450477696024e-05,-0.00011984225420746952,0.0,0.0,-0.32700436211235073,-1.420090776434634,1.2359035287944318,-1.3860932879678725,-1.5709757313445796,2.7380822247989416,8.44437396850554e-05,-4.4145139057270674e-05,-0.00029529103485459674,0.00034770695543499927,0.00012415721028282355,4.050566725708848e-05,0.0005698484147904213,-8.036744052099314,-6.269588951488958,-0.962811552801425,-2.9136899869776564e-05,1.5991741760549723e-07,28.0,28.0,14.0,6.0,6.0,6.0
1.0877322480389853,1.0,3.390733618328803e-05,2.6850222034722614e-05,0.35005894896401785,-0.00012798241399927254,0.3498625216665943,0.35005894896401785,-0.00012798241399927254,0.3498625216665943,0.3500655638154506,-0.00014898299452456397,0.3498367354919038,-0.3270934263812464,-1.4199984709369105,1.2360506057739258,-1.3862126509295862,-1.5710142294513147,2.738008499145508,0.0,0.0,2.3968450477696024e-05,-0.00011984225420746952,0.0,0.0,-0.32700402057693573,-1.4200909511288282,1.2359023594179517,-1.3860919179527886,-1.570975237066078,2.7380824154094308,8.538385375225332e-05,-4.367354853256563e-05,-0.0002923441200221357,0.0003425037709349748,0.00012356962540996,4.76526222456197e-05,0.0005698484147904213,-8.036744052099314,-6.269588951488958,-0.962811552801425,-2.9136899869776564e-05,1.5991741760549723e-07,28.0,28.0,14.0,6.0,6.0,6.0
1.0917322480389853,1.0,4.0629017363495055e-05,5.245592685681376e-05,0.35005894896401785,-0.00012798241399927254,0.3498625216665943,0.35005894896401785,-0.00012798241399927254,0.3498625216665943,0.3500666648570007,-0.00014832556968980126,0.3498282093063731,-0.3270934263812464,-1.4199865500079554,1.2360625267028809,-1.386200253163473,-1.5710023085223597,2.7380564212799072,0.0,0.0,2.3968450477696024e-05,-0.00011984225420746952,0.0,0.0,-0.32700367380879625,-1.420091138687202,1.2359012118955293,-1.386090605383888,-1.57097475872861,2.7380825793838217,8.669203486856179e-05,-4.688959343087377e-05,-0.00028688060561816607,0.000328142225162709,0.00011958436696885501,4.099359776434179e-05,0.0006932676063456212,-8.037315056404454,-6.2697626382894205,-0.9628425134710665,-2.9041311846824346e-05,-4.5829717596495766e-07,28.0,28.0,14.0,6.0,6.0,6.0
1.0963251520451163,1.0,4.0629017363495055e-05,5.245592685681376e-05,0.35005894896401785,-0.00012798241399927254,0.3498625216665943,0.35005894896401785,-0.00012798241399927254,0.3498625216665943,0.3500666648570007,-0.00014832556968980126,0.3498282093063731,-0.3270934263812464,-1.4199865500079554,1.2360625267028809,-1.386200253163473,-1.5710023085223597,2.7380564212799072,0.0,0.0,2.3968450477696024e-05,-0.00011984225420746952,0.0,0.0,-0.32700332212189576,-1.4200913383379046,1.235900084915921,-1.3860893468143993,-1.570974295375714,2.738082718320281,8.792172511789174e-05,-4.991267563528342e-05,-0.00028174490207843463,0.0003146423721367792,0.00011583822403421632,3.473411475194056e-05,0.0006932676063456212,-8.037315056404454,-6.2697626382894205,-0.9628425134710665,-2.9041311846824346e-05,-4.5829717596495766e-07,28.0,28.0,14.0,6.0,6.0,6.0
1.1003251520451163,1.0,3.322086462838913e-05,3.335472406856396e-05,0.35005894896401785,-0.00012798241399927254,0.3498625216665943,0.35005894896401785,-0.00012798241399927254,0.3498625216665943,0.3500674141364399,-0.00014961077236563274,0.34983876917584283,-0.3270934263812464,-1.4199984709369105,1.2360506057739258,-1.3862364927874964,-1.5710142294513147,2.738020658493042,0.0,0.0,2.3968450477696024e-05,-0.00011984225420746952,0.0,0.0,-0.32700296751075547,-1.4200915290261422,1.2358989542071768,-1.386088067083578,-1.570973832377142,2.7380828732209914,8.865278507372627e-05,-4.767205940610012e-05,-0.0002826771860271163,0.00031993270532675906,0.00011574964297673867,3.872517759735795e-05,0.0005386280981141461,-8.036657148632054,-6.269574725301249,-0.9628018484612344,-2.9137220273532273e-05,2.969283830370297e-09,28.0,28.0,14.0,6.0,6.0,6.0
1.105366897041677,1.0,3.322086462838913e-05,3.335472406856396e-05,0.35005894896401785,-0.00012798241399927254,0.3498625216665943,0.35005894896401785,-0.00012798241399927254,0.3498625216665943,0.3500674141364399,-0.00014961077236563274,0.34983876917584283,-0.3270934263812464,-1.4199984709369105,1.2360506057739258,-1.3862364927874964,-1.5710142294513147,2.738020658493042,0.0,0.0,2.3968450477696024e-05,-0.00011984225420746952,0.0,0.0,-0.32700261015082976,-1.4200917112896627,1.235897819993045,-1.386086767461104,-1.5709733697116348,2.738083043128098,8.933998143221073e-05,-4.5565880150667824e-05,-0.0002835535329388771,0.0003249056185253401,0.00011566637678270969,4.247677667205029e-05,0.0005386280981141461,-8.036657148632054,-6.269574725301249,-0.9628018484612344,-2.9137220273532273e-05,2.969283830370297e-09,28.0,28.0,14.0,6.0,6.0,6.0
1.109366897041677,1.0,3.322086462838913e-05,3.335472406856396e-05,0.35005894896401785,-0.00012798241399927254,0.3498625216665943,0.35005894896401785,-0.00012798241399927254,0.3498625216665943,0.3500674141364399,-0.00014961077236563274,0.34983876917584283,-0.3270934263812464,-1.4199984709369105,1.2360506057739258,-1.3862364927874964,-1.5710142294513147,2.738020658493042,0.0,0.0,2.3968450477696024e-05,-0.00011984225420746952,0.0,0.0,-0.3270022502070457,-1.4200918856339493,1.2358966824838489,-1.3860854491404762,-1.5709729073592085,2.7380832271412174,8.998594600918612e-05,-4.358607165056146e-05,-0.00028437729903593224,0.0003295801569320063,0.00011558810656032243,4.60032798022611e-05,0.0005386280981141461,-8.036657148632054,-6.269574725301249,-0.9628018484612344,-2.9137220273532273e-05,2.969283830370297e-09,28.0,28.0,14.0,6.0,6.0,6.0
1.1143528340172493,1.0,2.7775977977646844e-05,6.439615385172339e-05,0.35005894896401785,-0.00012798241399927254,0.3498625216665943,0.35005894896401785,-0.00012798241399927254,0.3498625216665943,0.3500603654564442,-0.00014932250565287636,0.3498447988285023,-0.3270934263812464,-1.4200227896319788,1.2360506057739258,-1.3862126509295862,-1.571038548146383,2.7380564212799072,0.0,0.0,2.3968450477696024e-05,-0.00011984225420746952,0.0,0.0,-0.32700189129265134,-1.4200920402105488,1.2358955437177215,-1.3860841268619997,-1.570972417287592,2.7380833797573816,8.972859859240053e-05,-3.864414987170323e-05,-0.0002846915318663247,0.0003305696191300315,0.00012251790409781532,3.8154041086832376e-05,0.0003933111975493801,-8.035935367011689,-6.269401111651735,-0.9627858097647274,-2.933156562689503e-05,-4.5846651709856374e-07,28.0,28.0,14.0,6.0,6.0,6.0
1.1183528340172493,1.0,2.7775977977646844e-05,6.439615385172339e-05,0.35005894896401785,-0.00012798241399927254,0.3498625216665943,0.35005894896401785,-0.00012798241399927254,0.3498625216665943,0.3500603654564442,-0.00014932250565287636,0.3498447988285023,-0.3270934263812464,-1.4200227896319788,1.2360506057739258,-1.3862126509295862,-1.571038548146383,2.7380564212799072,0.0,0.0,2.3968450477696024e-05,-0.00011984225420746952,0.0,0.0,-0.3270015333458833,-1.4200921762055223,1.2358944037700785,-1.3860828008631452,-1.570971901159937,2.7380835028604085,8.948669202062208e-05,-3.399874339957649e-05,-0.00028498691072689357,0.0003314997135961752,0.00012903191378305865,3.077575669432938e-05,0.0003933111975493801,-8.035935367011689,-6.269401111651735,-0.9627858097647274,-2.933156562689503e-05,-4.5846651709856374e-07,28.0,28.0,14.0,6.0,6.0,6.0
1.1229124900402971,1.0,2.7775977977646844e-05,6.439615385172339e-05,0.35005894896401785,-0.00012798241399927254,0.3498625216665943,0.35005894896401785,-0.00012798241399927254,0.3498625216665943,0.3500603654564442,-0.00014932250565287636,0.3498447988285023,-0.3270934263812464,-1.4200227896319788,1.2360506057739258,-1.3862126509295862,-1.571038548146383,2.7380564212799072,0.0,0.0,2.3968450477696024e-05,-0.00011984225420746952,0.0,0.0,-0.3270011763086839,-1.4200922947337675,1.235893262711811,-1.3860814713671357,-1.5709713605396054,2.738083598221086,8.925929984315034e-05,-2.963206131577736e-05,-0.0002852645668558283,0.0003323740023943503,0.00013515508288718738,2.384016936537656e-05,0.0003933111975493801,-8.035935367011689,-6.269401111651735,-0.9627858097647274,-2.933156562689503e-05,-4.5846651709856374e-07,28.0,28.0,14.0,6.0,6.0,6.0
1.1269124900402971,1.0,3.409338580920517e-05,4.8678469684721716e-05,0.35005894896401785,-0.00012798241399927254,0.3498625216665943,0.35005894896401785,-0.00012798241399927254,0.3498625216665943,0.35007374269284786,-0.0001475841186319513,0.3498388726133631,-0.3270815054522913,-1.4199746290790003,1.2360267639160156,-1.3862479368792933,-1.5710142294513147,2.738008499145508,0.0,0.0,2.3968450477696024e-05,-0.00011984225420746952,0.0,0.0,-0.3270008235158488,-1.4200924200490017,1.2358921264669054,-1.3860801085943322,-1.5709708249062724,2.7380837330536103,8.819820878496838e-05,-3.1328808546529916e-05,-0.0002840612264165592,0.0003406932008894543,0.00013390833325116605,3.37081311027072e-05,0.000488427446649157,-8.037102642676462,-6.269601300673231,-0.9627968713606794,-3.220992378101243e-05,3.1363219371041447e-07,28.0,28.0,14.0,6.0,6.0,6.0
1.131863992033061,1.0,3.409338580920517e-05,4.8678469684721716e-05,0.35005894896401785,-0.00012798241399927254,0.3498625216665943,0.35005894896401785,-0.00012798241399927254,0.3498625216665943,0.35007374269284786,-0.0001475841186319513,0.3498388726133631,-0.3270815054522913,-1.4199746290790003,1.2360267639160156,-1.3862479368792933,-1.5710142294513147,2.738008499145508,0.0,0.0,2.3968450477696024e-05,-0.00011984225420746952,0.0,0.0,-0.32700047471271604,-1.4200925517440055,1.2358909947465597,-1.3860787145413422,-1.570970293960718,2.738083904989671,8.720078319027734e-05,-3.292375094343732e-05,-0.0002829300864036463,0.00034851324747485203,0.000132736388593306,4.2984015135798e-05,0.000488427446649157,-8.037102642676462,-6.269601300673231,-0.9627968713606794,-3.220992378101243e-05,3.1363219371041447e-07,28.0,28.0,14.0,6.0,6.0,6.0
1.135863992033061,1.0,3.409338580920517e-05,4.8678469684721716e-05,0.35005894896401785,-0.00012798241399927254,0.3498625216665943,0.35005894896401785,-0.00012798241399927254,0.3498625216665943,0.35007374269284786,-0.0001475841186319513,0.3498388726133631,-0.3270815054522913,-1.4199746290790003,1.2360267639160156,-1.3862479368792933,-1.5710142294513147,2.738008499145508,0.0,0.0,2.3968450477696024e-05,-0.00011984225420746952,0.0,0.0,-0.3270001296599035,-1.4200926894359927,1.2358898672793006,-1.3860772910849772,-1.5709697674216756,2.7380841118030554,8.626320313126776e-05,-3.442299679653028e-05,-0.00028186681479150816,0.0003558640912651259,0.00013163476061491753,5.170334612690335e-05,0.000488427446649157,-8.037102642676462,-6.269601300673231,-0.9627968713606794,-3.220992378101243e-05,3.1363219371041447e-07,28.0,28.0,14.0,6.0,6.0,6.0
1.140797682045028,1.0,3.4159098005059786e-05,2.9280474622176272e-05,0.35005894896401785,-0.00012798241399927254,0.3498625216665943,0.35005894896401785,-0.00012798241399927254,0.3498625216665943,0.3500595315308348,-0.0001469363579482797,0.3498341094755278,-0.3270934263812464,-1.4200227896319788,1.2360868453979492,-1.3862126509295862,-1.5710142294513147,2.738032579421997,0.0,0.0,2.3968450477696024e-05,-0.00011984225420746952,0.0,0.0,-0.32699978128650903,-1.4200928165542923,1.2358887338325384,-1.3860759006099013,-1.5709692450272934,2.738084316772971,8.70933486160511e-05,-3.1779574923132154e-05,-0.00028336169056982586,0.0003476187689882294,0.00013059859553275524,5.1242478915315325e-05,0.0004938735983963953,-8.036325555166425,-6.269626129069338,-0.9628262299643835,-2.9138956983998225e-05,-1.5074425761860168e-07,28.0,28.0,14.0,6.0,6.0,6.0
1.144797682045028,1.0,3.4159098005059786e-05,2.9280474622176272e-05,0.35005894896401785,-0.00012798241399927254,0.3498625216665943,0.35005894896401785,-0.00012798241399927254,0.3498625216665943,0.3500595315308348,-0.0001469363579482797,0.3498341094755278,-0.3270934263812464,-1.4200227896319788,1.2360868453979492,-1.3862126509295862,-1.5710142294513147,2.738032579421997,0.0,0.0,2.3968450477696024e-05,-0.00011984225420746952,0.0,0.0,-0.32699942979176755,-1.4200929337333257,1.2358875947650432,-1.386074541137237,-1.570968726528892,2.738084520010026,8.787368537174742e-05,-2.9294758362137916e-05,-0.0002847668738014445,0.00033986816604794667,0.0001296246003555227,5.0809263736422574e-05,0.0004938735983963953,-8.036325555166425,-6.269626129069338,-0.9628262299643835,-2.9138956983998225e-05,-1.5074425761860168e-07,28.0,28.0,14.0,6.0,6.0,6.0
1.1497040620702323,1.0,3.4159098005059786e-05,2.9280474622176272e-05,0.35005894896401785,-0.00012798241399927254,0.3498625216665943,0.35005894896401785,-0.00012798241399927254,0.3498625216665943,0.3500595315308348,-0.0001469363579482797,0.3498341094755278,-0.3270934263812464,-1.4200227896319788,1.2360868453979492,-1.3862126509295862,-1.5710142294513147,2.738032579421997,0.0,0.0,2.3968450477696024e-05,-0.00011984225420746952,0.0,0.0,-0.32699907536295986,-1.4200930415694488,1.235886450414059,-1.3860732108068399,-1.5709682116927126,2.7380847216181916,8.860720192210198e-05,-2.6959030794803333e-05,-0.000286087746039166,0.0003325825992840809,0.0001287090448889241,5.040204146826339e-05,0.0004938735983963953,-8.036325555166425,-6.269626129069338,-0.9628262299643835,-2.9138956983998225e-05,-1.5074425761860168e-07,28.0,28.0,14.0,6.0,6.0,6.0
1.1537040620702324,1.0,2.122407097346156e-05,9.267423060394765e-05,0.35005894896401785,-0.00012798241399927254,0.3498625216665943,0.35005894896401785,-0.00012798241399927254,0.3498625216665943,0.35006390399053,-0.00014531839141761812,0.3498513246675365,-0.3270815054522913,-1.4200227896319788,1.2360386848449707,-1.3862479368792933,-1.571026627217428,2.7380800247192383,0.0,0.0,2.3968450477696024e-05,-9.58738019107841e-05,0.0,0.0,-0.3269987267951747,-1.420093121569974,1.2358852868589545,-1.3860718154081704,-1.5709676860132074,2.738084872153736,8.714194628876468e-05,-2.0000131280152193e-05,-0.0002908887760962528,0.000348849667356729,0.00013141987629797718,3.763388608353211e-05,0.00021800558748874,-8.035635012343134,-6.269312226618045,-0.9627631103318883,-3.231164947030196e-05,-6.093120531814802e-07,28.0,28.0,14.0,6.0,6.0,6.0
1.1587078100661752,1.0,2.122407097346156e-05,9.267423060394765e-05,0.35005894896401785,-0.00012798241399927254,0.3498625216665943,0.35005894896401785,-0.00012798241399927254,0.3498625216665943,0.35006390399053,-0.00014531839141761812,0.3498513246675365,-0.3270815054522913,-1.4200227896319788,1.2360386848449707,-1.3862479368792933,-1.571026627217428,2.7380800247192383,0.0,0.0,2.3968450477696024e-05,-9.58738019107841e-05,0.0,0.0,-0.3269983837367508,-1.4200931754050368,1.2358841052519771,-1.386070358845325,-1.570967150140976,2.738084974681016,8.576460599342763e-05,-1.3458765736380122e-05,-0.0002954017443499144,0.0003641407113450182,0.00013396805782248708,2.563182002188471e-05,0.00021800558748874,-8.035635012343134,-6.269312226618045,-0.9627631103318883,-3.231164947030196e-05,-6.093120531814802e-07,28.0,28.0,14.0,6.0,6.0,6.0
1.1627078100661752,1.0,1.9963658676160776e-05,5.4876358060075446e-05,0.35005894896401785,-0.00012798241399927254,0.3498625216665943,0.35005894896401785,-0.00012798241399927254,0.3498625216665943,0.35005989150098177,-0.00014081445083576616,0.3498472573905736,-0.32706958452333623,-1.4200227896319788,1.2360386848449707,-1.386200253163473,-1.571038548146383,2.738032579421997,0.0,-0.0004410194815136492,2.3968450477696024e-05,-9.58738019107841e-05,0.0,0.0,-0.3269980544310198,-1.4200932388688805,1.235882932980563,-1.3860689129794759,-1.5709665909522297,2.7380850918956883,8.232643274051005e-05,-1.5865960929951887e-05,-0.0002930678535189568,0.0003614664622635547,0.0001397971866098326,2.930366802475965e-05,-0.00048477227769011164,-8.033074929891713,-6.268255322958921,-0.9626154444310089,-3.548582567079911e-05,1.5655190195587017e-07,28.0,28.0,14.0,6.0,6.0,6.0
1.1673173380638477,1.0,1.9963658676160776e-05,5.4876358060075446e-05,0.35005894896401785,-0.00012798241399927254,0.3498625216665943,0.35005894896401785,-0.00012798241399927254,0.3498625216665943,0.35005989150098177,-0.00014081445083576616,0.3498472573905736,-0.32706958452333623,-1.4200227896319788,1.2360386848449707,-1.386200253163473,-1.571038548146383,2.738032579421997,0.0,-0.0004410194815136492,2.3968450477696024e-05,-9.58738019107841e-05,0.0,0.0,-0.3269977380528203,-1.4200933113837781,1.2358817694845785,-1.3860674771688033,-1.570966009845959,2.7380852229165087,7.909454988276753e-05,-1.8128724411909348e-05,-0.00029087399613785664,0.00035895266812697904,0.00014527656766993743,3.275520514746209e-05,-0.00048477227769011164,-8.033074929891713,-6.268255322958921,-0.9626154444310089,-3.548582567079911e-05,1.5655190195587017e-07,28.0,28.0,14.0,6.0,6.0,6.0
1.1713173380638477,1.0,1.9963658676160776e-05,5.4876358060075446e-05,0.35005894896401785,-0.00012798241399927254,0.3498625216665943,0.35005894896401785,-0.00012798241399927254,0.3498625216665943,0.35005989150098177,-0.00014081445083576616,0.3498472573905736,-0.32706958452333623,-1.4200227896319788,1.2360386848449707,-1.386200253163473,-1.571038548146383,2.738032579421997,0.0,-0.0004410194815136492,2.3968450477696024e-05,-9.58738019107841e-05,0.0,0.0,-0.3269974338265003,-1.4200933924066665,1.2358806142374976,-1.3860660508099967,-1.5709654081372155,2.738085366915109,7.605657999648956e-05,-2.0255722084949358e-05,-0.00028881177019962254,0.0003565897016385979,0.00015042718586643595,3.599965004280239e-05,-0.00048477227769011164,-8.033074929891713,-6.268255322958921,-0.9626154444310089,-3.548582567079911e-05,1.5655190195587017e-07,28.0,28.0,14.0,6.0,6.0,6.0
1.1764077680644118,1.0,1.9963658676160776e-05,5.4876358060075446e-05,0.35005894896401785,-0.00012798241399927254,0.3498625216665943,0.35005894896401785,-0.00012798241399927254,0.3498625216665943,0.35005989150098177,-0.00014081445083576616,0.3498472573905736,-0.32706958452333623,-1.4200227896319788,1.2360386848449707,-1.386200253163473,-1.571038548146383,2.738032579421997,0.0,-0.0004410194815136492,2.3968450477696024e-05,-9.58738019107841e-05,0.0,0.0,-0.3269971410229471,-1.420093481427066,1.2358794667443864,-1.386064633335944,-1.5709647870621477,2.738085523112822,7.320088830338828e-05,-2.225509989760697e-05,-0.0002868732778176825,0.0003543685131395196,0.00015526876697114454,3.904942824442226e-05,-0.00048477227769011164,-8.033074929891713,-6.268255322958921,-0.9626154444310089,-3.548582567079911e-05,1.5655190195587017e-07,28.0,28.0,14.0,6.0,6.0,6.0
1.1804077680644118,1.0,2.866592479746048e-05,5.146177666196394e-05,0.35005894896401785,-0.00012798241399927254,0.3498625216665943,0.35005894896401785,-0.00012798241399927254,0.3498625216665943,0.3500677722389651,-0.00014870128279944277,0.3498447843178821,-0.3270934263812464,-1.4199984709369105,1.2360267639160156,-1.3862245718585413,-1.5710023085223597,2.7380564212799072,0.0,-0.0004410194815136492,2.3968450477696024e-05,-9.58738019107841e-05,0.0,0.0,-0.32699684010439817,-1.4200935864787496,1.2358783241642508,-1.3860631995903867,-1.5709641895352326,2.7380856546980534,7.522963722259714e-05,-2.6262920910214507e-05,-0.0002856450338904844,0.0003584363893619041,0.00014938172879081998,3.289630794210738e-05,-8.072121046367854e-05,-8.03376390259941,-6.268359957175967,-0.9626159188177141,-2.904921426617123e-05,-4.586677404609366e-07,28.0,28.0,14.0,6.0,6.0,6.0
1.1855314440689986,1.0,2.866592479746048e-05,5.146177666196394e-05,0.35005894896401785,-0.00012798241399927254,0.3498625216665943,0.35005894896401785,-0.00012798241399927254,0.3498625216665943,0.3500677722389651,-0.00014870128279944277,0.3498447843178821,-0.3270934263812464,-1.4199984709369105,1.2360267639160156,-1.3862245718585413,-1.5710023085223597,2.7380564212799072,0.0,-0.0004410194815136492,2.3968450477696024e-05,-9.58738019107841e-05,0.0,0.0,-0.3269965315577533,-1.4200937065998402,1.2358771862023124,-1.3860617505496147,-1.570963614143581,2.738085763147553,7.713666120665346e-05,-3.003027266206559e-05,-0.0002844904845989182,0.00036226019301094554,0.00014384791290131488,2.7112374857931392e-05,-8.072121046367854e-05,-8.03376390259941,-6.268359957175967,-0.9626159188177141,-2.904921426617123e-05,-4.586677404609366e-07,28.0,28.0,14.0,6.0,6.0,6.0
1.1895314440689986,1.0,2.1338642812780135e-05,2.3836092326849284e-05,0.35005894896401785,-0.00012798241399927254,0.3498625216665943,0.35005894896401785,-0.00012798241399927254,0.3498625216665943,0.35005891510849296,-0.00014049164020761342,0.34984523422055497,-0.3270815054522913,-1.4200347105609339,1.2360625267028809,-1.3862126509295862,-1.5709903875934046,2.738032579421997,0.0,-0.0004410194815136492,2.3968450477696024e-05,-9.58738019107841e-05,0.0,0.0,-0.3269962210050869,-1.4200938221633808,1.2358760372096145,-1.3860603036683692,-1.5709630732869877,2.7380858858835615,7.763816660650217e-05,-2.889088511299346e-05,-0.00028724817447376756,0.0003617203113797144,0.00013521414832222008,3.068400212423963e-05,-0.00031791158499582634,-8.03293428706607,-6.26830573374064,-0.9626233353236875,-3.203232017685181e-05,2.8025259487494735e-09,28.0,28.0,14.0,6.0,6.0,6.0
1.1941742190893279,1.0,2.1338642812780135e-05,2.3836092326849284e-05,0.35005894896401785,-0.00012798241399927254,0.3498625216665943,0.35005894896401785,-0.00012798241399927254,0.3498625216665943,0.35005891510849296,-0.00014049164020761342,0.34984523422055497,-0.3270815054522913,-1.4200347105609339,1.2360625267028809,-1.3862126509295862,-1.5709903875934046,2.738032579421997,0.0,-0.0004410194815136492,2.3968450477696024e-05,-9.58738019107841e-05,0.0,0.0,-0.3269959085667602,-1.420093933442824,1.2358748778480027,-1.3860588588170786,-1.5709625648933492,2.7380860220488885,7.810958168235996e-05,-2.7819860816865657e-05,-0.0002898404029561259,0.0003612128226463571,0.00012709840961787095,3.404133175456938e-05,-0.00031791158499582634,-8.03293428706607,-6.26830573374064,-0.9626233353236875,-3.203232017685181e-05,2.8025259487494735e-09,28.0,28.0,14.0,6.0,6.0,6.0
1.1981742190893279,1.0,2.1338642812780135e-05,2.3836092326849284e-05,0.35005894896401785,-0.00012798241399927254,0.3498625216665943,0.35005894896401785,-0.00012798241399927254,0.3498625216665943,0.35005891510849296,-0.00014049164020761342,0.34984523422055497,-0.3270815054522913,-1.4200347105609339,1.2360625267028809,-1.3862126509295862,-1.5709903875934046,2.738032579421997,0.0,-0.0004410194815136492,2.3968450477696024e-05,-9.58738019107841e-05,0.0,0.0,-0.3269955943559128,-1.4200940406952158,1.2358737087396117,-1.3860574158739456,-1.5709620870148882,2.738086170837775,7.855271185366628e-05,-2.6813097978505523e-05,-0.0002922770977295428,0.00036073578323700124,0.00011946961523578277,3.719722160707935e-05,-0.00031791158499582634,-8.03293428706607,-6.26830573374064,-0.9626233353236875,-3.203232017685181e-05,2.8025259487494735e-09,28.0,28.0,14.0,6.0,6.0,6.0
1.2023954630768863,1.0,2.1338642812780135e-05,2.3836092326849284e-05,0.35005894896401785,-0.00012798241399927254,0.3498625216665943,0.35005894896401785,-0.00012798241399927254,0.3498625216665943,0.35005891510849296,-0.00014049164020761342,0.34984523422055497,-0.3270815054522913,-1.4200347105609339,1.2360625267028809,-1.3862126509295862,-1.5709903875934046,2.738032579421997,0.0,-0.0004410194815136492,2.3968450477696024e-05,-9.58738019107841e-05,0.0,0.0,-0.3269952784788959,-1.4200941441621795,1.2358725304692484,-1.3860559747244807,-1.570961637820694,2.7380863314928074,7.896925421469423e-05,-2.5866740910446997e-05,-0.00029456759081655467,0.0003602873661922067,0.00011229854851661989,4.016375806843872e-05,-0.00031791158499582634,-8.03293428706607,-6.26830573374064,-0.9626233353236875,-3.203232017685181e-05,2.8025259487494735e-09,28.0,28.0,14.0,6.0,6.0,6.0
1.2063954630768863,1.0,1.8504848448418684e-05,6.410366626622637e-05,0.35005894896401785,-0.00012798241399927254,0.3498625216665943,0.35005894896401785,-0.00012798241399927254,0.3498625216665943,0.3500603674993675,-0.0001451580122260315,0.34985578252724914,-0.3270934263812464,-1.4200347105609339,1.2360267639160156,-1.3862126509295862,-1.5709903875934046,2.738044500350952,0.0,-0.0004410194815136492,2.3968450477696024e-05,-9.58738019107841e-05,0.0,0.0,-0.3269949541876278,-1.420094235515209,1.235871345707839,-1.3860545047410402,-1.5709612155939456,2.7380864826842495,8.107281703067779e-05,-2.2838257416242694e-05,-0.0002961903523369487,0.0003674958601472672,0.00010555668710069778,3.779786054525568e-05,-0.00024766192102413623,-8.032595995554706,-6.268085962507664,-0.9625824051697509,-2.8957730774169863e-05,-3.049041801187866e-07,28.0,28.0,14.0,6.0,6.0,6.0
1.2115013280611024,1.0,1.8504848448418684e-05,6.410366626622637e-05,0.35005894896401785,-0.00012798241399927254,0.3498625216665943,0.35005894896401785,-0.00012798241399927254,0.3498625216665943,0.3500603674993675,-0.0001451580122260315,0.34985578252724914,-0.3270934263812464,-1.4200347105609339,1.2360267639160156,-1.3862126509295862,-1.5709903875934046,2.738044500350952,0.0,-0.0004410194815136492,2.3968450477696024e-05,-9.58738019107841e-05,0.0,0.0,-0.3269946219869635,-1.4200943154811407,1.2358701548448463,-1.3860530076536624,-1.5709608187165962,2.738086624979917,8.305016607770233e-05,-1.999148293169065e-05,-0.000297715748166119,0.000374271844465024,9.9219337369731e-05,3.557391687346362e-05,-0.00024766192102413623,-8.032595995554706,-6.268085962507664,-0.9625824051697509,-2.8957730774169863e-05,-3.049041801187866e-07,28.0,28.0,14.0,6.0,6.0,6.0
1.2155013280611024,1.0,1.3599964786405078e-05,8.515381442768667e-05,0.35005894896401785,-0.00012798241399927254,0.3498625216665943,0.35005894896401785,-0.00012798241399927254,0.3498625216665943,0.3500587459004937,-0.00014146521608158453,0.349860751961702,-0.3270815054522913,-1.420046631489889,1.2360267639160156,-1.3862245718585413,-1.5710023085223597,2.738020658493042,0.0,-0.0004410194815136492,2.3968450477696024e-05,-9.58738019107841e-05,0.0,0.0,-0.3269942908994023,-1.420094373086456,1.2358689470303679,-1.3860514580648537,-1.5709604319331596,2.7380867915649225,8.277189030348358e-05,-1.4401328801442892e-05,-0.00030195361961091535,0.00038739720216904376,9.669585913356638e-05,4.1646251344381506e-05,-0.0004795185300652878,-8.032106180744815,-6.267983849142621,-0.9625659621011252,-3.212741806633899e-05,1.5644230398578886e-07,28.0,28.0,14.0,6.0,6.0,6.0
1.2206713140516081,1.0,1.3599964786405078e-05,8.515381442768667e-05,0.35005894896401785,-0.00012798241399927254,0.3498625216665943,0.35005894896401785,-0.00012798241399927254,0.3498625216665943,0.3500587459004937,-0.00014146521608158453,0.349860751961702,-0.3270815054522913,-1.420046631489889,1.2360267639160156,-1.3862245718585413,-1.5710023085223597,2.738020658493042,0.0,-0.0004410194815136492,2.3968450477696024e-05,-9.58738019107841e-05,0.0,0.0,-0.326993960858158,-1.4200944096727917,1.2358677232814927,-1.3860498591247001,-1.5709600546380011,2.7380869809819055,8.251031107571795e-05,-9.146583919009999e-06,-0.0003059372187690239,0.00039973503841082234,9.432378959157164e-05,4.735424574704432e-05,-0.0004795185300652878,-8.032106180744815,-6.267983849142621,-0.9625659621011252,-3.212741806633899e-05,1.5644230398578886e-07,28.0,28.0,14.0,6.0,6.0,6.0
1.2246713140516081,1.0,1.3599964786405078e-05,8.515381442768667e-05,0.35005894896401785,-0.00012798241399927254,0.3498625216665943,0.35005894896401785,-0.00012798241399927254,0.3498625216665943,0.3500587459004937,-0.00014146521608158453,0.349860751961702,-0.3270815054522913,-1.420046631489889,1.2360267639160156,-1.3862245718585413,-1.5710023085223597,2.738020658493042,0.0,-0.0004410194815136492,2.3968450477696024e-05,-9.58738019107841e-05,0.0,0.0,-0.3269936318004516,-1.4200944265012865,1.2358664845542848,-1.3860482137942822,-1.5709596862618243,2.7380871918609473,8.226442660161826e-05,-4.20712372952308e-06,-0.00030968180197764593,0.0004113326044780942,9.209404422209657e-05,5.271976048554736e-05,-0.0004795185300652878,-8.032106180744815,-6.267983849142621,-0.9625659621011252,-3.212741806633899e-05,1.5644230398578886e-07,28.0,28.0,14.0,6.0,6.0,6.0
1.2292084090472204,1.0,1.3599964786405078e-05,8.515381442768667e-05,0.35005894896401785,-0.00012798241399927254,0.3498625216665943,0.35005894896401785,-0.00012798241399927254,0.3498625216665943,0.3500587459004937,-0.00014146521608158453,0.349860751961702,-0.3270815054522913,-1.420046631489889,1.2360267639160156,-1.3862245718585413,-1.5710023085223597,2.738020658493042,0.0,-0.0004410194815136492,2.3968450477696024e-05,-9.58738019107841e-05,0.0,0.0,-0.3269933036672708,-1.420094424757411,1.2358652317474441,-1.386046524857016,-1.5709593262694899,2.7380874229143246,8.203329519596455e-05,4.359688485946241e-07,-0.00031320171019375064,0.00042223431658132974,8.999808357479001e-05,5.7763344339740216e-05,-0.0004795185300652878,-8.032106180744815,-6.267983849142621,-0.9625659621011252,-3.212741806633899e-05,1.5644230398578886e-07,28.0,28.0,14.0,6.0,6.0,6.0
1.2332084090472204,1.0,3.200576806756583e-05,9.691240292486385e-05,0.35005894896401785,-0.00012798241399927254,0.3498625216665943,0.35005894896401785,-0.00012798241399927254,0.3498625216665943,0.35006225633471816,-0.00015831142524527558,0.34985284791006,-0.32711726823915654,-1.4200227896319788,1.2360267639160156,-1.3862245718585413,-1.571038548146383,2.7380564212799072,0.0,-0.0004410194815136492,2.3968450477696024e-05,-9.58738019107841e-05,0.0,0.0,-0.3269929609885048,-1.4200944272474911,1.2358639806454572,-1.386044815643114,-1.5709589324234283,2.7380876059498407,8.566969150443516e-05,-6.22520045688773e-07,-0.00031277549671791127,0.00042730347550554696,9.846151538074586e-05,4.5758879074462696e-05,-2.002488959883257e-05,-8.03305665894595,-6.268178230246323,-0.9625881084302653,-2.318808501903419e-05,-7.664015333930879e-07,28.0,28.0,14.0,6.0,6.0,6.0
1.2382703400240285,1.0,3.200576806756583e-05,9.691240292486385e-05,0.35005894896401785,-0.00012798241399927254,0.3498625216665943,0.35005894896401785,-0.00012798241399927254,0.3498625216665943,0.35006225633471816,-0.00015831142524527558,0.34985284791006,-0.32711726823915654,-1.4200227896319788,1.2360267639160156,-1.3862245718585413,-1.571038548146383,2.7380564212799072,0.0,-0.0004410194815136492,2.3968450477696024e-05,-9.58738019107841e-05,0.0,0.0,-0.3269926046368886,-1.4200944337174894,1.235862731146033,-1.3860430873691745,-1.5709585067548633,2.738087743848568,8.908790403439754e-05,-1.6174996063151621e-06,-0.0003123748560506223,0.0004320684848943112,0.00010641714127834435,3.447468172510183e-05,-2.002488959883257e-05,-8.03305665894595,-6.268178230246323,-0.9625881084302653,-2.318808501903419e-05,-7.664015333930879e-07,28.0,28.0,14.0,6.0,6.0,6.0
1.2422703400240285,1.0,2.1155017294546004e-05,6.400255334508121e-05,0.35005894896401785,-0.00012798241399927254,0.3498625216665943,0.35005894896401785,-0.00012798241399927254,0.3498625216665943,0.3500584517723205,-0.00014764224316756244,0.34985472559872505,-0.3270934263812464,-1.4200347105609339,1.2360267639160156,-1.386200253163473,-1.571026627217428,2.738044500350952,0.0,-0.0004410194815136492,-2.3968450477696024e-05,-9.58738019107841e-05,0.0,0.0,-0.32699224744491295,-1.4200944393181065,1.2358614863711272,-1.3860413655889463,-1.5709580648972599,2.738087868504653,8.929799391594828e-05,-1.4001542599065096e-06,-0.0003111937264364871,0.00043044505701517183,0.00011046440086259955,3.116402124292214e-05,-0.00029659947990028383,-8.032528212201672,-6.268000902488086,-0.9625682775561514,-2.9242854147146874e-05,-3.04947882180135e-07,28.0,28.0,14.0,6.0,6.0,6.0
1.246898866012693,1.0,2.1155017294546004e-05,6.400255334508121e-05,0.35005894896401785,-0.00012798241399927254,0.3498625216665943,0.35005894896401785,-0.00012798241399927254,0.3498625216665943,0.3500584517723205,-0.00014764224316756244,0.34985472559872505,-0.3270934263812464,-1.4200347105609339,1.2360267639160156,-1.386200253163473,-1.571026627217428,2.738044500350952,0.0,-0.0004410194815136492,-2.3968450477696024e-05,-9.58738019107841e-05,0.0,0.0,-0.32699188946299934,-1.420094444101505,1.235860246037269,-1.3860396499128071,-1.5709576078219605,2.7380879807126544,8.949547840460598e-05,-1.1958496342823748e-06,-0.0003100834645992,0.00042891903480878085,0.00011426882487179943,2.8052000389673227e-05,-0.00029659947990028383,-8.032528212201672,-6.268000902488086,-0.9625682775561514,-2.9242854147146874e-05,-3.04947882180135e-07,28.0,28.0,14.0,6.0,6.0,6.0
1.250898866012693,1.0,2.1155017294546004e-05,6.400255334508121e-05,0.35005894896401785,-0.00012798241399927254,0.3498625216665943,0.35005894896401785,-0.00012798241399927254,0.3498625216665943,0.3500584517723205,-0.00014764224316756244,0.34985472559872505,-0.3270934263812464,-1.4200347105609339,1.2360267639160156,-1.386200253163473,-1.571026627217428,2.738044500350952,0.0,-0.0004410194815136492,-2.3968450477696024e-05,-9.58738019107841e-05,0.0,0.0,-0.32699153073854403,-1.4200944481167181,1.2358590098779951,-1.3860379399745113,-1.5709571364420267,2.7380880812194577,8.968111382394422e-05,-1.003803286195689e-06,-0.00030903981847215013,0.0004274845739347733,0.00011784498344044731,2.5126700787619252e-05,-0.00029659947990028383,-8.032528212201672,-6.268000902488086,-0.9625682775561514,-2.9242854147146874e-05,-3.04947882180135e-07,28.0,28.0,14.0,6.0,6.0,6.0
1.2559809840174863,1.0,3.147163152899237e-05,6.395023560500867e-05,0.35005894896401785,-0.00012798241399927254,0.3498625216665943,0.35005894896401785,-0.00012798241399927254,0.3498625216665943,0.3500560531529683,-0.0001584439821384532,0.34985516158942326,-0.3271296660052698,-1.420046631489889,1.2360386848449707,-1.386200253163473,-1.5710142294513147,2.738020658493042,0.0,-0.0004410194815136492,-2.3968450477696024e-05,-9.58738019107841e-05,0.0,0.0,-0.32699114872912155,-1.420094443708855,1.2358577697914592,-1.3860362352825075,-1.5709566659095704,2.7380881790315525,9.550235561960235e-05,1.101965812660807e-06,-0.00031002163398105543,0.0004261730009301361,0.00011763311410696903,2.445302370724207e-05,6.928094890590914e-05,-8.032409892570906,-6.2679913065783,-0.9625658132551539,-1.979988533603257e-05,-4.6488999472813875e-07,28.0,28.0,14.0,6.0,6.0,6.0
1.2599809840174863,1.0,3.147163152899237e-05,6.395023560500867e-05,0.35005894896401785,-0.00012798241399927254,0.3498625216665943,0.35005894896401785,-0.00012798241399927254,0.3498625216665943,0.3500560531529683,-0.0001584439821384532,0.34985516158942326,-0.3271296660052698,-1.420046631489889,1.2360386848449707,-1.386200253163473,-1.5710142294513147,2.738020658493042,0.0,-0.0004410194815136492,-2.3968450477696024e-05,-9.58738019107841e-05,0.0,0.0,-0.32699074483182994,-1.4200944313833,1.235856526013297,-1.3860345355220183,-1.5709561961737426,2.7380882743106216,0.00010097432290752099,3.0813887655859156e-06,-0.00031094454055942644,0.0004249401223057771,0.00011743395693349945,2.3819767251687517e-05,6.928094890590914e-05,-8.032409892570906,-6.2679913065783,-0.9625658132551539,-1.979988533603257e-05,-4.6488999472813875e-07,28.0,28.0,14.0,6.0,6.0,6.0
1.265295834033052,1.0,3.147163152899237e-05,6.395023560500867e-05,0.35005894896401785,-0.00012798241399927254,0.3498625216665943,0.35005894896401785,-0.00012798241399927254,0.3498625216665943,0.3500560531529683,-0.0001584439821384532,0.34985516158942326,-0.3271296660052698,-1.420046631489889,1.2360386848449707,-1.386200253163473,-1.5710142294513147,2.738020658493042,0.0,-0.0004410194815136492,-2.3968450477696024e-05,-9.58738019107841e-05,0.0,0.0,-0.3269903203599413,-1.4200944116151146,1.2358552787650061,-1.3860328403971527,-1.5709557271867458,2.7380883672086465,0.00010611797215816452,4.942046341335518e-06,-0.00031181207274309515,0.0004237812163988797,0.00011724674919043805,2.322450618346624e-05,6.928094890590914e-05,-8.032409892570906,-6.2679913065783,-0.9625658132551539,-1.979988533603257e-05,-4.6488999472813875e-07,28.0,28.0,14.0,6.0,6.0,6.0
1.269295834033052,1.0,2.1608670225675733e-05,0.0001010852250386344,0.35005894896401785,-0.00012798241399927254,0.3498625216665943,0.35005894896401785,-0.00012798241399927254,0.3498625216665943,0.3500647942639434,-0.00014872190069457197,0.3498608966160357,-0.3270934263812464,-1.4200227896319788,1.2360029220581055,-1.3862364927874964,-1.5710142294513147,2.738044500350952,0.0,-0.0004410194815136492,-2.3968450477696024e-05,-9.58738019107841e-05,0.0,0.0,-0.32698989737594736,-1.4200943870089586,1.235854023965913,-1.3860310876989066,-1.5709552588913993,2.7380884513233577,0.00010574599848054285,6.151539016566579e-06,-0.0003136997732772746,0.00043817456153721196,0.00011707383661885485,2.1028677766186957e-05,-0.0002959242156158024,-8.032533647636544,-6.267922889435453,-0.962539539342462,-2.9144440985246252e-05,-3.050571578533443e-07,28.0,28.0,14.0,6.0,6.0,6.0
1.273768810030539,1.0,2.1608670225675733e-05,0.0001010852250386344,0.35005894896401785,-0.00012798241399927254,0.3498625216665943,0.35005894896401785,-0.00012798241399927254,0.3498625216665943,0.3500647942639434,-0.00014872190069457197,0.3498608966160357,-0.3270934263812464,-1.4200227896319788,1.2360029220581055,-1.3862364927874964,-1.5710142294513147,2.738044500350952,0.0,-0.0004410194815136492,-2.3968450477696024e-05,-9.58738019107841e-05,0.0,0.0,-0.32698947579057447,-1.4200943578551102,1.235852762069066,-1.3860292808816828,-1.570954791246204,2.7380885271817537,0.00010539634322357847,7.288462131283778e-06,-0.00031547421177940325,0.0004517043059672443,0.00011691129880156664,1.896459905394443e-05,-0.0002959242156158024,-8.032533647636544,-6.267922889435453,-0.962539539342462,-2.9144440985246252e-05,-3.050571578533443e-07,28.0,28.0,14.0,6.0,6.0,6.0
1.277768810030539,1.0,2.1608670225675733e-05,0.0001010852250386344,0.35005894896401785,-0.00012798241399927254,0.3498625216665943,0.35005894896401785,-0.00012798241399927254,0.3498625216665943,0.3500647942639434,-0.00014872190069457197,0.3498608966160357,-0.3270934263812464,-1.4200227896319788,1.2360029220581055,-1.3862364927874964,-1.5710142294513147,2.738044500350952,0.0,-0.0004410194815136492,-2.3968450477696024e-05,-9.58738019107841e-05,0.0,0.0,-0.3269890555199053,-1.4200943244264308,1.2358514935003302,-1.3860274231926197,-1.570954324212151,2.7380885952792138,0.00010506766728203196,8.357169859117945e-06,-0.0003171421839714042,0.0004644222657314747,0.00011675851325331573,1.7024365064436456e-05,-0.0002959242156158024,-8.032533647636544,-6.267922889435453,-0.962539539342462,-2.9144440985246252e-05,-3.050571578533443e-07,28.0,28.0,14.0,6.0,6.0,6.0
1.2827416860219096,1.0,4.20776393769289e-05,0.0001158521671597519,0.35005894896401785,-0.00012798241399927254,0.3498625216665943,0.35005894896401785,-0.00012798241399927254,0.3498625216665943,0.3500695231670014,-0.0001682607051893974,0.3498564906446576,-0.3271415869342249,-1.4199984709369105,1.2359905242919922,-1.3862364927874964,-1.571026627217428,2.738044500350952,0.0,-0.0004410194815136492,-2.3968450477696024e-05,-9.58738019107841e-05,0.0,0.0,-0.3269886105611515,-1.420094304455762,1.2358502326554976,-1.386025527936459,-1.5709538434875487,2.7380886265247817,0.00011123968845361315,4.992667209187267e-06,-0.00031521120815381046,0.00047381404016509773,0.00012018115056574959,7.811392007412757e-06,0.0003199084369591704,-8.033414317191056,-6.268046217098271,-0.9625472837471218,-1.6819595789722824e-05,-9.264336937762058e-07,28.0,28.0,14.0,6.0,6.0,6.0
1.2867416860219096,1.0,4.20776393769289e-05,0.0001158521671597519,0.35005894896401785,-0.00012798241399927254,0.3498625216665943,0.35005894896401785,-0.00012798241399927254,0.3498625216665943,0.3500695231670014,-0.0001682607051893974,0.3498564906446576,-0.3271415869342249,-1.4199984709369105,1.2359905242919922,-1.3862364927874964,-1.571026627217428,2.738044500350952,0.0,-0.0004410194815136492,-2.3968450477696024e-05,-9.58738019107841e-05,0.0,0.0,-0.3269881423955981,-1.420094297135623,1.235848979071134,-1.3860235973672266,-1.5709533498938302,2.738088623129571,0.00011704138835489947,1.83003471825243e-06,-0.00031339609088527236,0.00048264230813270336,0.00012339842963943743,-8.488026661895189e-07,0.0003199084369591704,-8.033414317191056,-6.268046217098271,-0.9625472837471218,-1.6819595789722824e-05,-9.264336937762058e-07,28.0,28.0,14.0,6.0,6.0,6.0
1.2918523010131908,1.0,4.20776393769289e-05,0.0001158521671597519,0.35005894896401785,-0.00012798241399927254,0.3498625216665943,0.35005894896401785,-0.00012798241399927254,0.3498625216665943,0.3500695231670014,-0.0001682607051893974,0.3498564906446576,-0.3271415869342249,-1.4199984709369105,1.2359905242919922,-1.3862364927874964,-1.571026627217428,2.738044500350952,0.0,-0.0004410194815136492,-2.3968450477696024e-05,-9.58738019107841e-05,0.0,0.0,-0.32698765241565303,-1.4200943017069823,1.2358477323116115,-1.3860216336037066,-1.5709528442031424,2.738088587172028,0.0001224949862621086,-1.1428398232263175e-06,-0.0003116898806528465,0.0004909408800222527,0.000126422671968704,-8.989385659375659e-06,0.0003199084369591704,-8.033414317191056,-6.268046217098271,-0.9625472837471218,-1.6819595789722824e-05,-9.264336937762058e-07,28.0,28.0,14.0,6.0,6.0,6.0
1.2958523010131908,1.0,2.9520012585478915e-05,6.347625323692954e-05,0.35005894896401785,-0.00012798241399927254,0.3498625216665943,0.35005894896401785,-0.00012798241399927254,0.3498625216665943,0.350066538905177,-0.0001534875541553506,0.3498497423175551,-0.32710534731020147,-1.4199984709369105,1.2360029220581055,-1.386200253163473,-1.5710142294513147,2.7380564212799072,0.0,-0.0004218447138555348,-2.3968450477696024e-05,-9.58738019107841e-05,0.0,0.0,-0.32698716099234326,-1.4200943273248643,1.2358465089236947,-1.386019700830329,-1.5709523414097242,2.7380885295575994,0.0001228558274479628,-6.404470490213661e-06,-0.0003058469791905566,0.00048319334440546154,0.00012569835458295823,-1.4403607173187373e-05,4.371260225800035e-05,-8.033644302701813,-6.268182956886678,-0.9625863227917987,-2.606756156258479e-05,-6.125043729717503e-07,28.0,28.0,14.0,6.0,6.0,6.0
1.3004570790037984,1.0,2.9520012585478915e-05,6.347625323692954e-05,0.35005894896401785,-0.00012798241399927254,0.3498625216665943,0.35005894896401785,-0.00012798241399927254,0.3498625216665943,0.350066538905177,-0.0001534875541553506,0.3498497423175551,-0.32710534731020147,-1.4199984709369105,1.2360029220581055,-1.386200253163473,-1.5710142294513147,2.7380564212799072,0.0,-0.0004218447138555348,-2.3968450477696024e-05,-9.58738019107841e-05,0.0,0.0,-0.3269866682122706,-1.4200943727264776,1.2358453075050875,-1.3860177971876853,-1.5709518413397392,2.738088451585698,0.00012319501816266575,-1.135040331718176e-05,-0.00030035465181600413,0.00047591066092567786,0.0001250174962403572,-1.9492975396170384e-05,4.371260225800035e-05,-8.033644302701813,-6.268182956886678,-0.9625863227917987,-2.606756156258479e-05,-6.125043729717503e-07,28.0,28.0,14.0,6.0,6.0,6.0
1.3044570790037984,1.0,1.9389380764599843e-05,6.470511101515577e-05,0.35005894896401785,-0.00012798241399927254,0.3498625216665943,0.35005894896401785,-0.00012798241399927254,0.3498625216665943,0.3500599710493557,-0.0001450150560219602,0.34985331338044956,-0.3270815054522913,-1.4200227896319788,1.2360148429870605,-1.386188809071676,-1.571038548146383,2.738008499145508,0.0,-0.0003834952076431364,-2.3968450477696024e-05,-9.58738019107841e-05,0.0,0.0,-0.32698619131425316,-1.4200944224118017,1.235844121467481,-1.386015927030562,-1.5709513158098218,2.73808841999299,0.00011922450436641277,-1.2421331003262455e-05,-0.00029650940166677496,0.00046753928078186976,0.00013138247936398368,-7.898176953345405e-06,-0.000303873266705049,-8.03314036399608,-6.2681644950251485,-0.962595223256368,-3.240960226244434e-05,3.1340679883265126e-07,28.0,28.0,14.0,6.0,6.0,6.0
1.3096971209992194,1.0,1.9389380764599843e-05,6.470511101515577e-05,0.35005894896401785,-0.00012798241399927254,0.3498625216665943,0.35005894896401785,-0.00012798241399927254,0.3498625216665943,0.3500599710493557,-0.0001450150560219602,0.34985331338044956,-0.3270815054522913,-1.4200227896319788,1.2360148429870605,-1.386188809071676,-1.571038548146383,2.738008499145508,0.0,-0.0003834952076431364,-2.3968450477696024e-05,-9.58738019107841e-05,0.0,0.0,-0.32698572934536757,-1.420094476123814,1.2358429498880148,-1.3860140883498282,-1.570950766347568,2.7380884319967245,0.00011549222139793496,-1.3428003028178308e-05,-0.00029289486652649957,0.00045967018344669015,0.00013736556350019258,3.0009335829100738e-06,-0.000303873266705049,-8.03314036399608,-6.2681644950251485,-0.962595223256368,-3.240960226244434e-05,3.1340679883265126e-07,28.0,28.0,14.0,6.0,6.0,6.0
1.3136971209992194,1.0,1.9389380764599843e-05,6.470511101515577e-05,0.35005894896401785,-0.00012798241399927254,0.3498625216665943,0.35005894896401785,-0.00012798241399927254,0.3498625216665943,0.3500599710493557,-0.0001450150560219602,0.34985331338044956,-0.3270815054522913,-1.4200227896319788,1.2360148429870605,-1.386188809071676,-1.571038548146383,2.738008499145508,0.0,-0.0003834952076431364,-2.3968450477696024e-05,-9.58738019107841e-05,0.0,0.0,-0.32698528140986594,-1.4200945336209128,1.2358417918992008,-1.3860122792569003,-1.5709501943889175,2.7380884849811142,0.00011198387540756583,-1.4374274731599212e-05,-0.0002894972034946407,0.0004522732319516213,0.00014298966258822894,1.3246097486990224e-05,-0.000303873266705049,-8.03314036399608,-6.2681644950251485,-0.962595223256368,-3.240960226244434e-05,3.1340679883265126e-07,28.0,28.0,14.0,6.0,6.0,6.0
1.3187269920113036,1.0,1.9389380764599843e-05,6.470511101515577e-05,0.35005894896401785,-0.00012798241399927254,0.3498625216665943,0.35005894896401785,-0.00012798241399927254,0.3498625216665943,0.3500599710493557,-0.0001450150560219602,0.34985331338044956,-0.3270815054522913,-1.4200227896319788,1.2360148429870605,-1.386188809071676,-1.571038548146383,2.738008499145508,0.0,-0.0003834952076431364,-2.3968450477696024e-05,-9.58738019107841e-05,0.0,0.0,-0.32698484666574523,-1.4200945946759933,1.2358406466855998,-1.3860104979765102,-1.5709496012836546,2.7380885764873204,0.00010868603017661884,-1.526377013281486e-05,-0.0002863034002446933,0.00044532009754625663,0.0001482763157309831,2.2876551556825565e-05,-0.000303873266705049,-8.03314036399608,-6.2681644950251485,-0.962595223256368,-3.240960226244434e-05,3.1340679883265126e-07,28.0,28.0,14.0,6.0,6.0,6.0
1.3227269920113036,1.0,2.827178611024401e-05,7.645157763560698e-05,0.35005894896401785,-0.00012798241399927254,0.3498625216665943,0.35005894896401785,-0.00012798241399927254,0.3498625216665943,0.35005546658451747,-0.00015600761484318816,0.34986384644602386,-0.32711726823915654,-1.4200347105609339,1.235978603363037,-1.3861406485186976,-1.571038548146383,2.738044500350952,0.0,-0.0003451456723269075,-2.3968450477696024e-05,0.0005752427969127893,0.0,0.0,-0.32698440376828153,-1.420094650354643,1.2358395343477966,-1.386008738377891,-1.570948988311776,2.7380886420851596,0.00011072436592245302,-1.3919662413842064e-05,-0.00027808445077248325,0.0004398996548391746,0.00015324296965378825,1.6399459752293324e-05,5.4814194394347266e-05,-8.033163715811526,-6.2682466073269705,-0.9626833523761731,-2.3189254599424166e-05,-6.121512941019941e-07,28.0,28.0,14.0,6.0,6.0,6.0
1.326828308019322,1.0,2.827178611024401e-05,7.645157763560698e-05,0.35005894896401785,-0.00012798241399927254,0.3498625216665943,0.35005894896401785,-0.00012798241399927254,0.3498625216665943,0.35005546658451747,-0.00015600761484318816,0.34986384644602386,-0.32711726823915654,-1.4200347105609339,1.235978603363037,-1.3861406485186976,-1.571038548146383,2.738044500350952,0.0,-0.0003451456723269075,-2.3968450477696024e-05,0.0005752427969127893,0.0,0.0,-0.32698395320667545,-1.4200947009794476,1.2358384529132436,-1.3860069991601363,-1.5709483566652787,2.7380886833291336,0.00011264040152353715,-1.2656201158007634e-05,-0.00027035863826860583,0.00043480443869451746,0.00015791162434122507,1.0310993456033019e-05,5.4814194394347266e-05,-8.033163715811526,-6.2682466073269705,-0.9626833523761731,-2.3189254599424166e-05,-6.121512941019941e-07,28.0,28.0,14.0,6.0,6.0,6.0
1.330828308019322,1.0,3.078794841997551e-05,9.610415858750104e-05,0.35005894896401785,-0.00012798241399927254,0.3498625216665943,0.35005894896401785,-0.00012798241399927254,0.3498625216665943,0.35005494514145513,-0.0001570370112072759,0.349853156969382,-0.3271296660052698,-1.4200347105609339,1.2360148429870605,-1.3861406485186976,-1.5710023085223597,2.7380800247192383,0.0,-0.00032597093377262354,-2.3968450477696024e-05,0.0005752427969127893,0.0,0.0,-0.3269834831644628,-1.4200947520588494,1.2358373953920576,-1.3860053095857485,-1.5709477492132127,2.7380886587494944,0.00011751055316432013,-1.2769850464969225e-05,-0.0002643802964839874,0.00042239359691219645,0.00015186301648980718,-6.1449097870031944e-06,0.0003372875869977281,-8.033721130478648,-6.268521479974959,-0.9627300099938045,-1.9705555309542753e-05,-1.230367480570366e-06,28.0,28.0,14.0,6.0,6.0,6.0
1.3354912700094288,1.0,3.078794841997551e-05,9.610415858750104e-05,0.35005894896401785,-0.00012798241399927254,0.3498625216665943,0.35005894896401785,-0.00012798241399927254,0.3498625216665943,0.35005494514145513,-0.0001570370112072759,0.349853156969382,-0.3271296660052698,-1.4200347105609339,1.2360148429870605,-1.3861406485186976,-1.5710023085223597,2.7380800247192383,0.0,-0.00032597093377262354,-2.3968450477696024e-05,0.0005752427969127893,0.0,0.0,-0.32698299481048,-1.4200948035655727,1.235836360349437,-1.386003666676126,-1.5709471645039121,2.738088572295659,0.00012208849570665613,-1.2876680813513123e-05,-0.0002587606552064461,0.0004107274056368147,0.00014617732510947436,-2.1613458835457237e-05,0.0003372875869977281,-8.033721130478648,-6.268521479974959,-0.9627300099938045,-1.9705555309542753e-05,-1.230367480570366e-06,28.0,28.0,14.0,6.0,6.0,6.0
1.3394912700094288,1.0,3.078794841997551e-05,9.610415858750104e-05,0.35005894896401785,-0.00012798241399927254,0.3498625216665943,0.35005894896401785,-0.00012798241399927254,0.3498625216665943,0.35005494514145513,-0.0001570370112072759,0.349853156969382,-0.3271296660052698,-1.4200347105609339,1.2360148429870605,-1.3861406485186976,-1.5710023085223597,2.7380800247192383,0.0,-0.00032597093377262354,-2.3968450477696024e-05,0.0005752427969127893,0.0,0.0,-0.3269824892434332,-1.420094855473978,1.2358353464366674,-1.3860020676313827,-1.5709466011728113,2.738088427680079,0.00012639176169645198,-1.2977101341144386e-05,-0.00025347819240555727,0.0003997611858379559,0.00014083277521196151,-3.615389494100404e-05,0.0003372875869977281,-8.033721130478648,-6.268521479974959,-0.9627300099938045,-1.9705555309542753e-05,-1.230367480570366e-06,28.0,28.0,14.0,6.0,6.0,6.0
1.3445555760334251,1.0,3.078794841997551e-05,9.610415858750104e-05,0.35005894896401785,-0.00012798241399927254,0.3498625216665943,0.35005894896401785,-0.00012798241399927254,0.3498625216665943,0.35005494514145513,-0.0001570370112072759,0.349853156969382,-0.3271296660052698,-1.4200347105609339,1.2360148429870605,-1.3861406485186976,-1.5710023085223597,2.7380800247192383,0.0,-0.00032597093377262354,-2.3968450477696024e-05,0.0005752427969127893,0.0,0.0,-0.3269819674961063,-1.4200949077599647,1.2358343523859578,-1.3860005098196257,-1.570946057937218,2.7380882283924595,0.00013043683172686007,-1.3071496637117774e-05,-0.00024851267737272176,0.0003894529392270286,0.00013580889830829942,-4.982190488021803e-05,0.0003372875869977281,-8.033721130478648,-6.268521479974959,-0.9627300099938045,-1.9705555309542753e-05,-1.230367480570366e-06,28.0,28.0,14.0,6.0,6.0,6.0
1.3485555760334251,1.0,2.5144977929947082e-05,6.894970334036446e-05,0.35005894896401785,-0.00012798241399927254,0.3498625216665943,0.35005894896401785,-0.00012798241399927254,0.3498625216665943,0.35004777257714575,-0.0001502544678611973,0.34985915805122475,-0.32710534731020147,-1.420046631489889,1.2359905242919922,-1.386080567036764,-1.5710504690753382,2.738032579421997,0.0,-0.0003067961661145091,-2.3968450477696024e-05,0.0036911414936184883,0.0,0.0,-0.3269814513566248,-1.4200949618700227,1.2358334077543596,-1.3859988970330614,-1.5709454781066061,2.7380880395670912,0.00012903487037295574,-1.3527514477068628e-05,-0.00023615789955872853,0.00040319664110213924,0.00014495765298310352,-4.7206342103896476e-05,-9.888665635575134e-05,-8.034487276434644,-6.269602569002265,-0.9632350742232083,-2.6376115140997275e-05,-3.026340477331262e-07,28.0,28.0,14.0,6.0,6.0,6.0
1.3532945320538716,1.0,2.5144977929947082e-05,6.894970334036446e-05,0.35005894896401785,-0.00012798241399927254,0.3498625216665943,0.35005894896401785,-0.00012798241399927254,0.3498625216665943,0.35004777257714575,-0.0001502544678611973,0.34985915805122475,-0.32710534731020147,-1.420046631489889,1.2359905242919922,-1.386080567036764,-1.5710504690753382,2.738032579421997,0.0,-0.0003067961661145091,-2.3968450477696024e-05,0.0036911414936184883,0.0,0.0,-0.326980940488518,-1.4200950176947078,1.235832509576726,-1.385997232570178,-1.5709448638766765,2.738087860576239,0.00012771702670028568,-1.3956171246622434e-05,-0.00022454440841357487,0.0004161157208647433,0.0001535574823774194,-4.474771309415422e-05,-9.888665635575134e-05,-8.034487276434644,-6.269602569002265,-0.9632350742232083,-2.6376115140997275e-05,-3.026340477331262e-07,28.0,28.0,14.0,6.0,6.0,6.0
1.3572945320538716,1.0,3.020246708682306e-05,9.873492544346403e-05,0.35005894896401785,-0.00012798241399927254,0.3498625216665943,0.35005894896401785,-0.00012798241399927254,0.3498625216665943,0.35004832597393454,-0.00015564674523044786,0.34985668849615686,-0.32711726823915654,-1.4200347105609339,1.235978603363037,-1.3860567251788538,-1.5710623900042933,2.738044500350952,0.0,-0.00028762139845639467,-2.3968450477696024e-05,0.0036911414936184883,0.0,0.0,-0.32698042941133926,-1.4200950874562985,1.235831675002154,-1.3859955536868955,-1.570944203583882,2.738087668527022,0.00012776929469109958,-1.7440397678704717e-05,-0.0002086436429670604,0.00041972082062405964,0.0001650731986010327,-4.801230425834177e-05,0.00011527848690883453,-8.035011011623007,-6.269685236573948,-0.963250379859999,-2.3395574204201252e-05,-6.100814357443615e-07,28.0,28.0,14.0,6.0,6.0,6.0
1.3621842890479607,1.0,3.020246708682306e-05,9.873492544346403e-05,0.35005894896401785,-0.00012798241399927254,0.3498625216665943,0.35005894896401785,-0.00012798241399927254,0.3498625216665943,0.35004832597393454,-0.00015564674523044786,0.34985668849615686,-0.32711726823915654,-1.4200347105609339,1.235978603363037,-1.3860567251788538,-1.5710623900042933,2.738044500350952,0.0,-0.00028762139845639467,-2.3968450477696024e-05,0.0036911414936184883,0.0,0.0,-0.32697991813763283,-1.4200951703185807,1.2358309002144603,-1.385993861248438,-1.5709434999919947,2.738087464202942,0.00012781842660246465,-2.071557052486206e-05,-0.00019369692344733678,0.00042310961439781704,0.00017589797185122924,-5.108101995267806e-05,0.00011527848690883453,-8.035011011623007,-6.269685236573948,-0.963250379859999,-2.3395574204201252e-05,-6.100814357443615e-07,28.0,28.0,14.0,6.0,6.0,6.0
1.3661842890479607,1.0,3.020246708682306e-05,9.873492544346403e-05,0.35005894896401785,-0.00012798241399927254,0.3498625216665943,0.35005894896401785,-0.00012798241399927254,0.3498625216665943,0.35004832597393454,-0.00015564674523044786,0.34985668849615686,-0.32711726823915654,-1.4200347105609339,1.235978603363037,-1.3860567251788538,-1.5710623900042933,2.738044500350952,0.0,-0.00028762139845639467,-2.3968450477696024e-05,0.0036911414936184883,0.0,0.0,-0.32697940667919045,-1.4200952654955126,1.2358301816264319,-1.3859921560681157,-1.57094275569896,2.738087248340491,0.00012786461059914782,-2.3794233000249963e-05,-0.00017964700709879658,0.000426295080545149,0.00018607325870641396,-5.3965612705354174e-05,0.00011527848690883453,-8.035011011623007,-6.269685236573948,-0.963250379859999,-2.3395574204201252e-05,-6.100814357443615e-07,28.0,28.0,14.0,6.0,6.0,6.0
1.3714991390635265,1.0,2.5806501533682135e-05,0.00010766219622818112,0.35005894896401785,-0.00012798241399927254,0.3498625216665943,0.35005894896401785,-0.00012798241399927254,0.3498625216665943,0.3500418599353734,-0.00014716789012648852,0.34986010130976747,-0.3270934263812464,-1.420058552418844,1.2359905242919922,-1.386045281087057,-1.5710862318622034,2.738032579421997,0.0,-0.00026844663079828024,-2.3968450477696024e-05,0.0036911414936184883,0.0,0.0,-0.3269789121392335,-1.4200953592462626,1.2358295108354602,-1.3859904454126182,-1.5709419456750913,2.738087045737927,0.0001236349892394296,-2.343768750369018e-05,-0.00016769774288861024,0.00042766387436426,0.00020250596713427017,-5.065064106886142e-05,-0.0002551332910055419,-8.034406139266114,-6.269623371103699,-0.9632524780865427,-2.9735836954602858e-05,-1.4846458836649452e-07,28.0,28.0,14.0,6.0,6.0,6.0
1.3754991390635265,1.0,2.5806501533682135e-05,0.00010766219622818112,0.35005894896401785,-0.00012798241399927254,0.3498625216665943,0.35005894896401785,-0.00012798241399927254,0.3498625216665943,0.3500418599353734,-0.00014716789012648852,0.34986010130976747,-0.3270934263812464,-1.420058552418844,1.2359905242919922,-1.386045281087057,-1.5710862318622034,2.738032579421997,0.0,-0.00026844663079828024,-2.3968450477696024e-05,0.0036911414936184883,0.0,0.0,-0.3269784335026529,-1.4200954516564015,1.235828884973722,-1.385988729610456,-1.570941073864239,2.738086855599656,0.00011965914516129446,-2.3102534736923984e-05,-0.00015646543453103507,0.0004289505405542243,0.00021795271305645502,-4.7534567730558226e-05,-0.0002551332910055419,-8.034406139266114,-6.269623371103699,-0.9632524780865427,-2.9735836954602858e-05,-1.4846458836649452e-07,28.0,28.0,14.0,6.0,6.0,6.0
1.3801347900482366,1.0,2.5806501533682135e-05,0.00010766219622818112,0.35005894896401785,-0.00012798241399927254,0.3498625216665943,0.35005894896401785,-0.00012798241399927254,0.3498625216665943,0.3500418599353734,-0.00014716789012648852,0.34986010130976747,-0.3270934263812464,-1.420058552418844,1.2359905242919922,-1.386045281087057,-1.5710862318622034,2.738032579421997,0.0,-0.00026844663079828024,-2.3968450477696024e-05,0.0036911414936184883,0.0,0.0,-0.32697796981524596,-1.420095542806366,1.2358283013454634,-1.385987008970429,-1.5709401439736221,2.738086677177821,0.00011592185172784743,-2.278749113616376e-05,-0.0001459070646749144,0.0004301600067727908,0.00023247265422330875,-4.460545879255323e-05,-0.0002551332910055419,-8.034406139266114,-6.269623371103699,-0.9632524780865427,-2.9735836954602858e-05,-1.4846458836649452e-07,28.0,28.0,14.0,6.0,6.0,6.0
1.3841347900482366,1.0,2.4177244037221982e-05,6.206296966600122e-05,0.35005894896401785,-0.00012798241399927254,0.3498625216665943,0.35005894896401785,-0.00012798241399927254,0.3498625216665943,0.3500439112121694,-0.00014688234879970633,0.34986361602170973,-0.32710534731020147,-1.420058552418844,1.235978603363037,-1.386045281087057,-1.571026627217428,2.738044500350952,0.0,-0.00024927189224399626,-2.3968450477696024e-05,0.002540655666962266,0.0,0.0,-0.32697750486368626,-1.4200956248159649,1.2358277531015058,-1.385985327990615,-1.5709392281508519,2.7380864976218784,0.0001162378899310087,-2.050239974996007e-05,-0.00013706098938001917,0.0004202449535080926,0.00022895569257267513,-4.488898564257752e-05,1.5268085413583457e-05,-8.03399699690676,-6.269137315989608,-0.9630568000268629,-2.6179287964738322e-05,-4.5712861204815294e-07,28.0,28.0,14.0,6.0,6.0,6.0
1.3890352330375468,1.0,2.4177244037221982e-05,6.206296966600122e-05,0.35005894896401785,-0.00012798241399927254,0.3498625216665943,0.35005894896401785,-0.00012798241399927254,0.3498625216665943,0.3500439112121694,-0.00014688234879970633,0.34986361602170973,-0.32710534731020147,-1.420058552418844,1.235978603363037,-1.386045281087057,-1.571026627217428,2.738044500350952,0.0,-0.00024927189224399626,-2.3968450477696024e-05,0.002540655666962266,0.0,0.0,-0.3269770387238229,-1.4200956982336201,1.2358272381187914,-1.385983684291401,-1.5709383255518574,2.738086316999875,0.0001165349658419803,-1.8354413846928607e-05,-0.00012874567860281764,0.0004109248034392763,0.00022564974862107954,-4.5155500881600346e-05,1.5268085413583457e-05,-8.03399699690676,-6.269137315989608,-0.9630568000268629,-2.6179287964738322e-05,-4.5712861204815294e-07,28.0,28.0,14.0,6.0,6.0,6.0
1.3930352330375468,1.0,2.4177244037221982e-05,6.206296966600122e-05,0.35005894896401785,-0.00012798241399927254,0.3498625216665943,0.35005894896401785,-0.00012798241399927254,0.3498625216665943,0.3500439112121694,-0.00014688234879970633,0.34986361602170973,-0.32710534731020147,-1.420058552418844,1.235978603363037,-1.386045281087057,-1.571026627217428,2.738044500350952,0.0,-0.00024927189224399626,-2.3968450477696024e-05,0.002540655666962266,0.0,0.0,-0.3269765714669541,-1.4200957635748486,1.2358267544016455,-1.3859820756359515,-1.5709374353832122,2.738086135375774,0.00011681421719829361,-1.6335307098079028e-05,-0.0001209292864722482,0.0004021638623745889,0.00022254216130657966,-4.540602520628181e-05,1.5268085413583457e-05,-8.03399699690676,-6.269137315989608,-0.9630568000268629,-2.6179287964738322e-05,-4.5712861204815294e-07,28.0,28.0,14.0,6.0,6.0,6.0
1.3981244750488555,1.0,2.0909483284991916e-05,8.333759995215673e-05,0.35005894896401785,-0.00012798241399927254,0.3498625216665943,0.35005894896401785,-0.00012798241399927254,0.3498625216665943,0.3500509433344952,-0.00014402255034462642,0.3498517592127285,-0.3270934263812464,-1.4200227896319788,1.235978603363037,-1.386045281087057,-1.5710142294513147,2.7380564212799072,0.0,-0.00023009712458588183,-0.0006711166352033615,0.0019174760673195124,0.0,0.0,-0.3269761082463973,-1.4200958484086705,1.2358262856686906,-1.3859805596752004,-1.5709365711763275,2.7380859477231696,0.00011580513920548653,-2.1208455512315697e-05,-0.0001171832386967648,0.00037899018777812833,0.00021605172118699555,-4.691315110216138e-05,9.94330983659593e-05,-8.03342980156323,-6.267948787908596,-0.9627418958121835,-2.9141277979593307e-05,-4.5768316894441946e-07,28.0,28.0,14.0,6.0,6.0,6.0
1.4021244750488555,1.0,2.0909483284991916e-05,8.333759995215673e-05,0.35005894896401785,-0.00012798241399927254,0.3498625216665943,0.35005894896401785,-0.00012798241399927254,0.3498625216665943,0.3500509433344952,-0.00014402255034462642,0.3498517592127285,-0.3270934263812464,-1.4200227896319788,1.235978603363037,-1.386045281087057,-1.5710142294513147,2.7380564212799072,0.0,-0.00023009712458588183,-0.0006711166352033615,0.0019174760673195124,0.0,0.0,-0.3269756488199737,-1.4200959515655307,1.2358258310208754,-1.3859791308474658,-1.5709357313734975,2.7380857544037718,0.00011485660589224787,-2.578921502169817e-05,-0.00011366195378781042,0.0003572069336574554,0.00020995070747458646,-4.832984944428817e-05,9.94330983659593e-05,-8.03342980156323,-6.267948787908596,-0.9627418958121835,-2.9141277979593307e-05,-4.5768316894441946e-07,28.0,28.0,14.0,6.0,6.0,6.0
1.4067909990276681,1.0,2.0909483284991916e-05,8.333759995215673e-05,0.35005894896401785,-0.00012798241399927254,0.3498625216665943,0.35005894896401785,-0.00012798241399927254,0.3498625216665943,0.3500509433344952,-0.00014402255034462642,0.3498517592127285,-0.3270934263812464,-1.4200227896319788,1.235978603363037,-1.386045281087057,-1.5710142294513147,2.7380564212799072,0.0,-0.00023009712458588183,-0.0006711166352033615,0.0019174760673195124,0.0,0.0,-0.3269751929600354,-1.4200960719460465,1.2358253896130915,-1.3859777839247667,-1.5709349145104792,2.7380855557575883,0.00011396498457780353,-3.0095128960517696e-05,-0.00011035194597339329,0.00033673067478402286,0.00020421575458492194,-4.966154588588735e-05,9.94330983659593e-05,-8.03342980156323,-6.267948787908596,-0.9627418958121835,-2.9141277979593307e-05,-4.5768316894441946e-07,28.0,28.0,14.0,6.0,6.0,6.0
1.4107909990276681,1.0,2.6671977557000072e-05,2.8798019746351843e-05,0.35005894896401785,-0.00012798241399927254,0.3498625216665943,0.35005894896401785,-0.00012798241399927254,0.3498625216665943,0.3500455378077034,-0.00014950448531935595,0.34987078820874956,-0.32711726823915654,-1.420058552418844,1.2359542846679688,-1.386045281087057,-1.5710023085223597,2.738020658493042,0.0,-0.0002109223569277674,-0.0070946612395346165,0.0015579493483528495,0.0,0.0,-0.326974725132826,-1.42009617175242,1.2358246303530083,-1.3859764758886508,-1.5709341329486557,2.738085381157815,0.00011695680235897007,-2.495159339737569e-05,-0.00018981502082097935,0.0003270090289605472,0.00019539045587189054,-4.364994338066892e-05,-0.00034635081048468684,-8.016286828663898,-6.254920348812018,-0.960052835910114,-2.2826620024922465e-05,-3.070571481169324e-07,28.0,28.0,14.0,6.0,6.0,6.0
1.4157389390317263,1.0,2.6671977557000072e-05,2.8798019746351843e-05,0.35005894896401785,-0.00012798241399927254,0.3498625216665943,0.35005894896401785,-0.00012798241399927254,0.3498625216665943,0.3500455378077034,-0.00014950448531935595,0.34987078820874956,-0.32711726823915654,-1.420058552418844,1.2359542846679688,-1.386045281087057,-1.5710023085223597,2.738020658493042,0.0,-0.0002109223569277674,-0.0070946612395346165,0.0015579493483528495,0.0,0.0,-0.3269742460563817,-1.4200962522190999,1.2358235723117637,-1.3859752044059233,-1.5709333845699553,2.738085229161667,0.00011976911107326662,-2.0116669968022204e-05,-0.00026451031117771025,0.00031787068188648005,0.00018709467508164101,-3.799903702576359e-05,-0.00034635081048468684,-8.016286828663898,-6.254920348812018,-0.960052835910114,-2.2826620024922465e-05,-3.070571481169324e-07,28.0,28.0,14.0,6.0,6.0,6.0
1.4197389390317263,1.0,2.998674271130063e-05,7.070716082392597e-05,0.35005894896401785,-0.00012798241399927254,0.3498625216665943,0.35005894896401785,-0.00012798241399927254,0.3498625216665943,0.35005681021339763,-0.0001470852942188989,0.3498855371060108,-0.3270934263812464,-1.4200227896319788,1.2358708381652832,-1.3860686461078089,-1.571026627217428,2.738032579421997,0.0,-0.0002109223569277674,-0.0070946612395346165,0.001294296351261437,0.0,0.0,-0.32697377356176294,-1.4200963196169523,1.2358222465475437,-1.3859739061081342,-1.5709326393638643,2.738085094991052,0.00011812365469275825,-1.6849463088022286e-05,-0.0003314410549654381,0.00032457444728889256,0.0001863015227455844,-3.35426537461469e-05,-0.0006062554859580221,-8.016291425199457,-6.254553217133877,-0.9599469169672686,-2.9150534203944068e-05,-1.5387248954717687e-07,28.0,28.0,14.0,6.0,6.0,6.0
1.4248982380374806,1.0,2.998674271130063e-05,7.070716082392597e-05,0.35005894896401785,-0.00012798241399927254,0.3498625216665943,0.35005894896401785,-0.00012798241399927254,0.3498625216665943,0.35005681021339763,-0.0001470852942188989,0.3498855371060108,-0.3270934263812464,-1.4200227896319788,1.2358708381652832,-1.3860686461078089,-1.571026627217428,2.738032579421997,0.0,-0.0002109223569277674,-0.0070946612395346165,0.001294296351261437,0.0,0.0,-0.32697330725406015,-1.4200963747301067,1.2358206691237272,-1.385972582604187,-1.5709318971400261,2.7380849775764378,0.0001165769256950804,-1.3778288620822362e-05,-0.0003943559541259023,0.0003308759867671603,0.0001855559595496912,-2.9353653463307213e-05,-0.0006062554859580221,-8.016291425199457,-6.254553217133877,-0.9599469169672686,-2.9150534203944068e-05,-1.5387248954717687e-07,28.0,28.0,14.0,6.0,6.0,6.0
1.4288982380374806,1.0,2.998674271130063e-05,7.070716082392597e-05,0.35005894896401785,-0.00012798241399927254,0.3498625216665943,0.35005894896401785,-0.00012798241399927254,0.3498625216665943,0.35005681021339763,-0.0001470852942188989,0.3498855371060108,-0.3270934263812464,-1.4200227896319788,1.2358708381652832,-1.3860686461078089,-1.571026627217428,2.738032579421997,0.0,-0.0002109223569277674,-0.0070946612395346165,0.001294296351261437,0.0,0.0,-0.3269728467620584,-1.4200964182956453,1.2358188551398899,-1.3859712354064515,-1.5709311577195055,2.738084875912465,0.0001151230004372632,-1.0891384621654436e-05,-0.0004534959593367386,0.000336799433876732,0.00018485513014555158,-2.5415993197437908e-05,-0.0006062554859580221,-8.016291425199457,-6.254553217133877,-0.9599469169672686,-2.9150534203944068e-05,-1.5387248954717687e-07,28.0,28.0,14.0,6.0,6.0,6.0
1.4334911420436116,1.0,2.998674271130063e-05,7.070716082392597e-05,0.35005894896401785,-0.00012798241399927254,0.3498625216665943,0.35005894896401785,-0.00012798241399927254,0.3498625216665943,0.35005681021339763,-0.0001470852942188989,0.3498855371060108,-0.3270934263812464,-1.4200227896319788,1.2358708381652832,-1.3860686461078089,-1.571026627217428,2.738032579421997,0.0,-0.0002109223569277674,-0.0070946612395346165,0.001294296351261437,0.0,0.0,-0.32697239173681564,-1.4200964510064247,1.235816818789633,-1.385969865936555,-1.5709304209341035,2.7380847890540947,0.00011375631069491504,-8.177694862436582e-06,-0.0005090875642349248,0.0003423674741597294,0.00018419635050566035,-2.1714592547520757e-05,-0.0006062554859580221,-8.016291425199457,-6.254553217133877,-0.9599469169672686,-2.9150534203944068e-05,-1.5387248954717687e-07,28.0,28.0,14.0,6.0,6.0,6.0
1.4374911420436116,1.0,4.337596979117442e-05,0.00012709554264415758,0.35005894896401785,-0.00012798241399927254,0.3498625216665943,0.35005894896401785,-0.00012798241399927254,0.3498625216665943,0.35005185972287506,-0.00014433346304693396,0.34990206734411267,-0.3270934263812464,-1.420058552418844,1.23585844039917,-1.386080567036764,-1.5710142294513147,2.7380564212799072,0.0,-0.0001917476038215682,-0.004026699811220169,0.0011265171924605966,0.0,0.0,-0.32697194006904184,-1.4200964370688829,1.2358146980242959,-1.3859684272610555,-1.5709297009067513,2.73808469042885,0.00011291694344447657,3.4843854574569795e-06,-0.000530191334256256,0.00035966887487413944,0.00018000683802560057,-2.465631124818013e-05,-0.0005414520323972612,-8.02249806838279,-6.260145617054676,-0.9610978890924698,-2.909764821211833e-05,-4.60116388787207e-07,28.0,28.0,14.0,6.0,6.0,6.0
1.442559011045844,1.0,4.337596979117442e-05,0.00012709554264415758,0.35005894896401785,-0.00012798241399927254,0.3498625216665943,0.35005894896401785,-0.00012798241399927254,0.3498625216665943,0.35005185972287506,-0.00014433346304693396,0.34990206734411267,-0.3270934263812464,-1.420058552418844,1.23585844039917,-1.386080567036764,-1.5710142294513147,2.7380564212799072,0.0,-0.0001917476038215682,-0.004026699811220169,0.0011265171924605966,0.0,0.0,-0.32697149155728894,-1.420096379281919,1.2358124979087837,-1.3859669235322893,-1.5709289966319662,2.7380845807427425,0.0001121279382290644,1.4446740958156927e-05,-0.0005500288780763073,0.0003759321915456849,0.00017606869629434438,-2.7421526826799945e-05,-0.0005414520323972612,-8.02249806838279,-6.260145617054676,-0.9610978890924698,-2.909764821211833e-05,-4.60116388787207e-07,28.0,28.0,14.0,6.0,6.0,6.0
1.446559011045844,1.0,5.7560305409855715e-05,0.00014642024614310215,0.35005894896401785,-0.00012798241399927254,0.3498625216665943,0.35005894896401785,-0.00012798241399927254,0.3498625216665943,0.3500488224536373,-0.0001433029767998309,0.34991707368673897,-0.3270934263812464,-1.4200704733477991,1.2358107566833496,-1.386045281087057,-1.5710142294513147,2.738032579421997,0.0,-0.0001917476038215682,-0.002684466540813446,0.0009827064350247383,0.0,0.0,-0.3269710460034152,-1.4200962677150255,1.2358103034317598,-1.3859653659104383,-1.5709283071668572,2.7380844881343576,0.00011138846843257386,2.789172339950922e-05,-0.0005486192559630797,0.0003894054627645905,0.00017236627726999786,-2.3152096246670177e-05,-0.0005275161591982726,-8.024950246525608,-6.262333534149229,-0.9615599535045615,-2.9113407090602978e-05,-1.520022835562903e-07,28.0,28.0,14.0,6.0,6.0,6.0
1.4511436030562042,1.0,5.7560305409855715e-05,0.00014642024614310215,0.35005894896401785,-0.00012798241399927254,0.3498625216665943,0.35005894896401785,-0.00012798241399927254,0.3498625216665943,0.3500488224536373,-0.0001433029767998309,0.34991707368673897,-0.3270934263812464,-1.4200704733477991,1.2358107566833496,-1.386045281087057,-1.5710142294513147,2.738032579421997,0.0,-0.0001917476038215682,-0.002684466540813446,0.0009827064350247383,0.0,0.0,-0.3269706032299479,-1.4200961055949979,1.235808114254915,-1.3859637576290875,-1.5709276316228435,2.7380844115790315,0.00011069336682387274,4.053000689438038e-05,-0.0005472942111766458,0.00040207033771036177,0.00016888600338711216,-1.9138831501348195e-05,-0.0005275161591982726,-8.024950246525608,-6.262333534149229,-0.9615599535045615,-2.9113407090602978e-05,-1.520022835562903e-07,28.0,28.0,14.0,6.0,6.0,6.0
1.4551436030562042,1.0,5.7560305409855715e-05,0.00014642024614310215,0.35005894896401785,-0.00012798241399927254,0.3498625216665943,0.35005894896401785,-0.00012798241399927254,0.3498625216665943,0.3500488224536373,-0.0001433029767998309,0.34991707368673897,-0.3270934263812464,-1.4200704733477991,1.2358107566833496,-1.386045281087057,-1.5710142294513147,2.738032579421997,0.0,-0.0001917476038215682,-0.002684466540813446,0.0009827064350247383,0.0,0.0,-0.32697016307006266,-1.4200958959550243,1.2358059300602389,-1.385962101727807,-1.57092696916466,2.738084350113581,0.0001100399713116937,5.240999337955927e-05,-0.0005460486690773978,0.00041397532015938676,0.0001656145459371996,-1.5366362640745532e-05,-0.0005275161591982726,-8.024950246525608,-6.262333534149229,-0.9615599535045615,-2.9113407090602978e-05,-1.520022835562903e-07,28.0,28.0,14.0,6.0,6.0,6.0
1.4601212280651095,1.0,5.7560305409855715e-05,0.00014642024614310215,0.35005894896401785,-0.00012798241399927254,0.3498625216665943,0.35005894896401785,-0.00012798241399927254,0.3498625216665943,0.3500488224536373,-0.0001433029767998309,0.34991707368673897,-0.3270934263812464,-1.4200704733477991,1.2358107566833496,-1.386045281087057,-1.5710142294513147,2.738032579421997,0.0,-0.0001917476038215682,-0.002684466540813446,0.0009827064350247383,0.0,0.0,-0.3269697253669445,-1.4200956416463015,1.2358037505488009,-1.3859604010637923,-1.570926319007156,2.7380843028326134,0.00010942577953024538,6.357718067562742e-05,-0.0005448778595041048,0.00042516600366147026,0.0001625393759342818,-1.1820241911779029e-05,-0.0005275161591982726,-8.024950246525608,-6.262333534149229,-0.9615599535045615,-2.9113407090602978e-05,-1.520022835562903e-07,28.0,28.0,14.0,6.0,6.0,6.0
1.4641212280651095,1.0,5.228941571585643e-05,0.00015413857527392938,0.35005894896401785,-0.00012798241399927254,0.3498625216665943,0.35005894896401785,-0.00012798241399927254,0.3498625216665943,0.35005107290696963,-0.00015657879908143372,0.3499055843822717,-0.32711726823915654,-1.420058552418844,1.2358465194702148,-1.386080567036764,-1.5710623900042933,2.738032579421997,0.0,-0.0001917476038215682,-0.0020133499056100845,0.0008628642535768449,0.0,0.0,-0.3269692830974253,-1.420095358349489,1.235801597609984,-1.3859586553176053,-1.570925624943155,2.738084248298485,0.0001105673798052667,7.082420312158137e-05,-0.0005382347041991706,0.0004364365467381855,0.00017351600031336207,-1.3633532134348065e-05,-0.00021376322627123445,-8.027315822271637,-6.263893535493524,-0.9618449102739566,-2.334444836607306e-05,-4.5950803989585084e-07,28.0,28.0,14.0,6.0,6.0,6.0
1.4692769650530542,1.0,5.228941571585643e-05,0.00015413857527392938,0.35005894896401785,-0.00012798241399927254,0.3498625216665943,0.35005894896401785,-0.00012798241399927254,0.3498625216665943,0.35005107290696963,-0.00015657879908143372,0.3499055843822717,-0.32711726823915654,-1.420058552418844,1.2358465194702148,-1.386080567036764,-1.5710623900042933,2.738032579421997,0.0,-0.0001917476038215682,-0.0020133499056100845,0.0008628642535768449,0.0,0.0,-0.326968836535489,-1.4200950478038723,1.2357994696494312,-1.3859568671941764,-1.570924889607046,2.7380841869463852,0.00011164048406378676,7.763640422077809e-05,-0.0005319901382125325,0.0004470308572302978,0.00018383402722969754,-1.533802494356296e-05,-0.00021376322627123445,-8.027315822271637,-6.263893535493524,-0.9618449102739566,-2.334444836607306e-05,-4.5950803989585084e-07,28.0,28.0,14.0,6.0,6.0,6.0
1.4732769650530542,1.0,5.36678494420907e-05,0.00013040454933940972,0.35005894896401785,-0.00012798241399927254,0.3498625216665943,0.35005894896401785,-0.00012798241399927254,0.3498625216665943,0.35004168641013006,-0.00014298506935326536,0.34991107228584206,-0.3270934263812464,-1.4200947920428675,1.23585844039917,-1.386045281087057,-1.571038548146383,2.738032579421997,0.0,-0.0001917476038215682,-0.0016058861510828137,0.0007909588748589158,0.0,0.0,-0.32696839625871865,-1.4200946920284776,1.235797382139556,-1.3859550723536085,-1.5709241429309064,2.7380841363290593,0.00011006919259670168,8.894384865634997e-05,-0.000521877468774629,0.00044871014199805183,0.00018666903492177788,-1.2654331456633343e-05,-0.0005327924339062935,-8.02723385278692,-6.264466202782977,-0.9619875213801655,-2.9316438997135158e-05,-1.515962018223827e-07,28.0,28.0,14.0,6.0,6.0,6.0
1.477897180035478,1.0,5.36678494420907e-05,0.00013040454933940972,0.35005894896401785,-0.00012798241399927254,0.3498625216665943,0.35005894896401785,-0.00012798241399927254,0.3498625216665943,0.35004168641013006,-0.00014298506935326536,0.34991107228584206,-0.3270934263812464,-1.4200947920428675,1.23585844039917,-1.386045281087057,-1.571038548146383,2.738032579421997,0.0,-0.0001917476038215682,-0.0016058861510828137,0.0007909588748589158,0.0,0.0,-0.32696796189000416,-1.420094293737092,1.235795332653318,-1.3859532711989297,-1.5709233855951379,2.738084095802421,0.00010859217861764172,9.957284642578752e-05,-0.0005123715595029998,0.00045028866967974056,0.0001893339421523334,-1.0131659578919502e-05,-0.0005327924339062935,-8.02723385278692,-6.264466202782977,-0.9619875213801655,-2.9316438997135158e-05,-1.515962018223827e-07,28.0,28.0,14.0,6.0,6.0,6.0
1.481897180035478,1.0,5.36678494420907e-05,0.00013040454933940972,0.35005894896401785,-0.00012798241399927254,0.3498625216665943,0.35005894896401785,-0.00012798241399927254,0.3498625216665943,0.35004168641013006,-0.00014298506935326536,0.34991107228584206,-0.3270934263812464,-1.4200947920428675,1.23585844039917,-1.386045281087057,-1.571038548146383,2.738032579421997,0.0,-0.0001917476038215682,-0.0016058861510828137,0.0007909588748589158,0.0,0.0,-0.32696753307486226,-1.4200938554806746,1.2357933189092989,-1.385951464108987,-1.5709226182393181,2.7380840647610287,0.00010720378547732535,0.00010956410432905882,-0.0005034360047876683,0.000451772485700528,0.00019183895494905557,-7.760348013868493e-06,-0.0005327924339062935,-8.02723385278692,-6.264466202782977,-0.9619875213801655,-2.9316438997135158e-05,-1.515962018223827e-07,28.0,28.0,14.0,6.0,6.0,6.0
1.4869626740487298,1.0,3.9893719122543434e-05,0.00011332889840987243,0.35005894896401785,-0.00012798241399927254,0.3498625216665943,0.35005894896401785,-0.00012798241399927254,0.3498625216665943,0.350048552450283,-0.00014634556969607323,0.34989637747614666,-0.3270934263812464,-1.420058552418844,1.2358708381652832,-1.3860567251788538,-1.5710504690753382,2.7380685806274414,0.0,-0.0001917476038215682,-0.001342233270406723,0.0007190534961409867,0.0,0.0,-0.32696711116011,-1.4200934100076312,1.235791364319603,-1.3859496802863696,-1.5709218277308579,2.73808399948189,0.00010547868805982394,0.00011136826084983757,-0.0004886474239933867,0.0004459556543379062,0.00019762711505767283,-1.6319784597508454e-05,-0.0003209097795251746,-8.029157991756179,-6.26530242033047,-0.962128761236124,-2.941033512088263e-05,-6.159208954204788e-07,28.0,28.0,14.0,6.0,6.0,6.0
1.4909626740487298,1.0,3.9893719122543434e-05,0.00011332889840987243,0.35005894896401785,-0.00012798241399927254,0.3498625216665943,0.35005894896401785,-0.00012798241399927254,0.3498625216665943,0.350048552450283,-0.00014634556969607323,0.34989637747614666,-0.3270934263812464,-1.420058552418844,1.2358708381652832,-1.3860567251788538,-1.5710504690753382,2.7380685806274414,0.0,-0.0001917476038215682,-0.001342233270406723,0.0007190534961409867,0.0,0.0,-0.32696669573172404,-1.4200929577509593,1.2357894653349708,-1.385947918335038,-1.5709210154589157,2.7380839020192704,0.00010385709648737262,0.0001130641679793696,-0.00047474615804676194,0.0004404878328570417,0.00020306798555977306,-2.4365654986130018e-05,-0.0003209097795251746,-8.029157991756179,-6.26530242033047,-0.962128761236124,-2.941033512088263e-05,-6.159208954204788e-07,28.0,28.0,14.0,6.0,6.0,6.0
1.4961100980513735,1.0,3.9893719122543434e-05,0.00011332889840987243,0.35005894896401785,-0.00012798241399927254,0.3498625216665943,0.35005894896401785,-0.00012798241399927254,0.3498625216665943,0.350048552450283,-0.00014634556969607323,0.34989637747614666,-0.3270934263812464,-1.420058552418844,1.2358708381652832,-1.3860567251788538,-1.5710504690753382,2.7380685806274414,0.0,-0.0001917476038215682,-0.001342233270406723,0.0007190534961409867,0.0,0.0,-0.3269662864005224,-1.4200924991176767,1.2357876186190986,-1.3859461769427155,-1.5709201827293005,2.7380837743041777,0.00010233280040926837,0.00011465832068112972,-0.0004616789680569347,0.000435348080665029,0.00020818240383174726,-3.192877315143429e-05,-0.0003209097795251746,-8.029157991756179,-6.26530242033047,-0.962128761236124,-2.941033512088263e-05,-6.159208954204788e-07,28.0,28.0,14.0,6.0,6.0,6.0
1.5001100980513735,1.0,5.087728274521613e-05,0.0001224943555652262,0.35005894896401785,-0.00012798241399927254,0.3498625216665943,0.35005894896401785,-0.00012798241399927254,0.3498625216665943,0.35004513676808385,-0.0001378790662492427,0.3499104776611858,-0.3270815054522913,-1.4200823942767542,1.2358465194702148,-1.386045281087057,-1.5710142294513147,2.738032579421997,0.0,-0.0001917476038215682,-0.0011504855938255787,0.0006471481756307185,0.0,0.0,-0.3269658845121341,-1.4200920096918404,1.235785822710464,-1.3859444333009294,-1.5709193725126485,2.7380836716453594,0.00010047209707453593,0.0001223564590617636,-0.0004489771586068225,0.0004359104465129149,0.0002025541630066316,-2.5664704602832863e-05,-0.0005297074570457674,-8.028528325629363,-6.26531381029684,-0.9621470071991662,-3.220598876195798e-05,2.43120347525723e-09,28.0,28.0,14.0,6.0,6.0,6.0
1.5046697550348478,1.0,5.087728274521613e-05,0.0001224943555652262,0.35005894896401785,-0.00012798241399927254,0.3498625216665943,0.35005894896401785,-0.00012798241399927254,0.3498625216665943,0.35004513676808385,-0.0001378790662492427,0.3499104776611858,-0.3270815054522913,-1.4200823942767542,1.2358465194702148,-1.386045281087057,-1.5710142294513147,2.738032579421997,0.0,-0.0001917476038215682,-0.0011504855938255787,0.0006471481756307185,0.0,0.0,-0.32696548961999033,-1.4200914913210039,1.2357840745606332,-1.3859426875446479,-1.570918583458182,2.738083592539439,9.872303593988744e-05,0.00012959270913955945,-0.00043703745772371693,0.00043643907040992756,0.00019726361663102287,-1.9776480167147524e-05,-0.0005297074570457674,-8.028528325629363,-6.26531381029684,-0.9621470071991662,-3.220598876195798e-05,2.43120347525723e-09,28.0,28.0,14.0,6.0,6.0,6.0
1.5086697550348478,1.0,5.087728274521613e-05,0.0001224943555652262,0.35005894896401785,-0.00012798241399927254,0.3498625216665943,0.35005894896401785,-0.00012798241399927254,0.3498625216665943,0.35004513676808385,-0.0001378790662492427,0.3499104776611858,-0.3270815054522913,-1.4200823942767542,1.2358465194702148,-1.386045281087057,-1.5710142294513147,2.738032579421997,0.0,-0.0001917476038215682,-0.0011504855938255787,0.0006471481756307185,0.0,0.0,-0.32696510130431644,-1.4200909457418671,1.2357823713040776,-1.3859409398007403,-1.57091781429617,2.7380835355732422,9.707891847331786e-05,0.00013639478421268754,-0.00042581413889359774,0.0004369359768731195,0.00019229050303795067,-1.4241549197603303e-05,-0.0005297074570457674,-8.028528325629363,-6.26531381029684,-0.9621470071991662,-3.220598876195798e-05,2.43120347525723e-09,28.0,28.0,14.0,6.0,6.0,6.0
1.5138136170487857,1.0,6.159031216320068e-05,0.00016487936039206156,0.35005894896401785,-0.00012798241399927254,0.3498625216665943,0.35005894896401785,-0.00012798241399927254,0.3498625216665943,0.35004082306807055,-0.00014269215422058832,0.34991951677156913,-0.3270934263812464,-1.4201067129718226,1.2358465194702148,-1.3860567251788538,-1.571038548146383,2.738044500350952,0.0,-0.0001917476038215682,-0.0010066749528050423,0.0005992112564854324,0.0,0.0,-0.32696471577819985,-1.4200903538240055,1.235780700897449,-1.3859391558068652,-1.570917035823119,2.7380834753475654,9.638152915298767e-05,0.00014797946537692242,-0.00041760165714752333,0.00044599846875012034,0.00019461826271284497,-1.5056419215633408e-05,-0.0005796776134362679,-8.028062611818259,-6.265382846938526,-0.9621652403573256,-2.932435449157966e-05,-3.0529187818635846e-07,28.0,28.0,14.0,6.0,6.0,6.0
1.5178136170487857,1.0,6.159031216320068e-05,0.00016487936039206156,0.35005894896401785,-0.00012798241399927254,0.3498625216665943,0.35005894896401785,-0.00012798241399927254,0.3498625216665943,0.35004082306807055,-0.00014269215422058832,0.34991951677156913,-0.3270934263812464,-1.4201067129718226,1.2358465194702148,-1.3860567251788538,-1.571038548146383,2.738044500350952,0.0,-0.0001917476038215682,-0.0010066749528050423,0.0005992112564854324,0.0,0.0,-0.32696433287426707,-1.4200897183477428,1.235779061369752,-1.3859373377380209,-1.5709162485976917,2.738083412057977,9.57259831918773e-05,0.0001588690656713032,-0.0004098819243062134,0.00045451721111450114,0.00019680635680724561,-1.5822397032581706e-05,-0.0005796776134362679,-8.028062611818259,-6.265382846938526,-0.9621652403573256,-2.932435449157966e-05,-3.0529187818635846e-07,28.0,28.0,14.0,6.0,6.0,6.0
1.5224302700716077,1.0,6.159031216320068e-05,0.00016487936039206156,0.35005894896401785,-0.00012798241399927254,0.3498625216665943,0.35005894896401785,-0.00012798241399927254,0.3498625216665943,0.35004082306807055,-0.00014269215422058832,0.34991951677156913,-0.3270934263812464,-1.4201067129718226,1.2358465194702148,-1.3860567251788538,-1.571038548146383,2.738044500350952,0.0,-0.0001917476038215682,-0.0010066749528050423,0.0005992112564854324,0.0,0.0,-0.3269639524351871,-1.420089041926583,1.2357774508682502,-1.385935487638705,-1.5709154531450307,2.7380833458883123,9.510976998843354e-05,0.00016910528994802117,-0.0004026253754353821,0.0004625248289370191,0.0001988631652559822,-1.654241618051311e-05,-0.0005796776134362679,-8.028062611818259,-6.265382846938526,-0.9621652403573256,-2.932435449157966e-05,-3.0529187818635846e-07,28.0,28.0,14.0,6.0,6.0,6.0
1.5264302700716077,1.0,3.941119831879411e-05,0.00011587371371716975,0.35005894896401785,-0.00012798241399927254,0.3498625216665943,0.35005894896401785,-0.00012798241399927254,0.3498625216665943,0.3500536573615753,-0.00013659629860150534,0.3499006142182097,-0.32706958452333623,-1.420046631489889,1.2358465194702148,-1.3860686461078089,-1.5710142294513147,2.7380800247192383,0.0,-0.0001917476038215682,-0.0008868326549418271,0.0005512743955478072,0.0,0.0,-0.32696358454659546,-1.4200883711478272,1.2357758959980987,-1.385933643667231,-1.5709146779618626,2.7380832533167507,9.197214790459847e-05,0.0001676946889629779,-0.00038871753789091737,0.00046099286853875065,0.00019379579202624905,-2.3142890402267918e-05,-0.00046461730361502647,-8.030197874384443,-6.266049207673112,-0.9622661551281313,-3.528057179489602e-05,-4.558068649832109e-07,28.0,28.0,14.0,6.0,6.0,6.0
1.5314138330768334,1.0,3.941119831879411e-05,0.00011587371371716975,0.35005894896401785,-0.00012798241399927254,0.3498625216665943,0.35005894896401785,-0.00012798241399927254,0.3498625216665943,0.3500536573615753,-0.00013659629860150534,0.3499006142182097,-0.32706958452333623,-1.420046631489889,1.2358465194702148,-1.3860686461078089,-1.5710142294513147,2.7380800247192383,0.0,-0.0001917476038215682,-0.0008868326549418271,0.0005512743955478072,0.0,0.0,-0.3269632284554629,-1.420087705672931,1.2357743934214163,-1.385931805455928,-1.5709139218320178,2.7380831359274063,8.902278314579351e-05,0.0001663687240370372,-0.0003756441705991205,0.0004595528257643783,0.0001890324611902999,-2.934733617071744e-05,-0.00046461730361502647,-8.030197874384443,-6.266049207673112,-0.9622661551281313,-3.528057179489602e-05,-4.558068649832109e-07,28.0,28.0,14.0,6.0,6.0,6.0
1.5354138330768334,1.0,5.1887689952973016e-05,0.00012091268839441472,0.35005894896401785,-0.00012798241399927254,0.3498625216665943,0.35005894896401785,-0.00012798241399927254,0.3498625216665943,0.3500411812618329,-0.00014698708450410899,0.3499074155818471,-0.32710534731020147,-1.4200947920428675,1.2358708381652832,-1.386045281087057,-1.571038548146383,2.7379846572875977,0.0,-0.0001917476038215682,-0.0007909588748589158,0.0005273059359751642,0.0,0.0,-0.32696286635901134,-1.4200870192088404,1.235772932590679,-1.3859299872295774,-1.570913155616817,2.7380830809703522,9.052411288756518e-05,0.00017161602267538875,-0.00036520768430547615,0.00045455658762351826,0.0001915538001986589,-1.373926345854006e-05,-0.0003099621623362378,-8.029318480568945,-6.2660277577482395,-0.9622831417901472,-2.6252423369325256e-05,3.13227819177115e-07,28.0,28.0,14.0,6.0,6.0,6.0
1.5406764370892203,1.0,5.1887689952973016e-05,0.00012091268839441472,0.35005894896401785,-0.00012798241399927254,0.3498625216665943,0.35005894896401785,-0.00012798241399927254,0.3498625216665943,0.3500411812618329,-0.00014698708450410899,0.3499074155818471,-0.32710534731020147,-1.4200947920428675,1.2358708381652832,-1.386045281087057,-1.571038548146383,2.7379846572875977,0.0,-0.0001917476038215682,-0.0007909588748589158,0.0005273059359751642,0.0,0.0,-0.32696249861755994,-1.4200863130149068,1.2357715110011303,-1.3859281877890823,-1.5709123799213816,2.738083084699652,9.193536284483055e-05,0.00017654848339543921,-0.00035539738718945045,0.0004498601237711098,0.00019392385886651635,9.323248909066724e-07,-0.0003099621623362378,-8.029318480568945,-6.2660277577482395,-0.9622831417901472,-2.6252423369325256e-05,3.13227819177115e-07,28.0,28.0,14.0,6.0,6.0,6.0
1.5446764370892203,1.0,5.1887689952973016e-05,0.00012091268839441472,0.35005894896401785,-0.00012798241399927254,0.3498625216665943,0.35005894896401785,-0.00012798241399927254,0.3498625216665943,0.3500411812618329,-0.00014698708450410899,0.3499074155818471,-0.32710534731020147,-1.4200947920428675,1.2358708381652832,-1.386045281087057,-1.571038548146383,2.7379846572875977,0.0,-0.0001917476038215682,-0.0007909588748589158,0.0005273059359751642,0.0,0.0,-0.3269621255698087,-1.420085588274921,1.2357701262982987,-1.3859264060072913,-1.5709115953145254,2.7380831435941237,9.326193780465999e-05,0.00018118499647228664,-0.0003461757079003863,0.00044544544774984587,0.00019615171401430237,1.4723617939386602e-05,-0.0003099621623362378,-8.029318480568945,-6.2660277577482395,-0.9622831417901472,-2.6252423369325256e-05,3.13227819177115e-07,28.0,28.0,14.0,6.0,6.0,6.0
1.5493192120804458,1.0,5.1887689952973016e-05,0.00012091268839441472,0.35005894896401785,-0.00012798241399927254,0.3498625216665943,0.35005894896401785,-0.00012798241399927254,0.3498625216665943,0.3500411812618329,-0.00014698708450410899,0.3499074155818471,-0.32710534731020147,-1.4200947920428675,1.2358708381652832,-1.386045281087057,-1.571038548146383,2.7379846572875977,0.0,-0.0001917476038215682,-0.0007909588748589158,0.0005273059359751642,0.0,0.0,-0.32696174753413565,-1.420084846101646,1.2357687762689813,-1.3859246408246821,-1.570910802330934,2.7380832543438576,9.450891826689968e-05,0.00018554331876452322,-0.000337507329368666,0.00044129565228985773,0.0001982458978532212,2.7687433404957737e-05,-0.0003099621623362378,-8.029318480568945,-6.2660277577482395,-0.9622831417901472,-2.6252423369325256e-05,3.13227819177115e-07,28.0,28.0,14.0,6.0,6.0,6.0
1.5533192120804458,1.0,4.3906239941479116e-05,0.00010362154785961338,0.35005894896401785,-0.00012798241399927254,0.3498625216665943,0.35005894896401785,-0.00012798241399927254,0.3498625216665943,0.3500488433781966,-0.00013186190433476402,0.34990507263128073,-0.32705766359438115,-1.420058552418844,1.2358345985412598,-1.3860333601581019,-1.571026627217428,2.738044500350952,0.0,-0.0001917476038215682,-0.0007190534961409867,0.0004793690168298781,0.0,0.0,-0.3269613905169297,-1.4200841103190258,1.2357674882201122,-1.385922910431163,-1.5709100151855733,2.738083374121859,8.925430148553921e-05,0.00018394565505965428,-0.0003220122172554488,0.0004325983797680627,0.0001967863401486872,2.9944500299802224e-05,-0.0006391937516194179,-8.030135240922052,-6.266198966818689,-0.9623109800056112,-3.845436997228631e-05,1.5640744088568797e-07,28.0,28.0,14.0,6.0,6.0,6.0
1.5584072660733952,1.0,4.3906239941479116e-05,0.00010362154785961338,0.35005894896401785,-0.00012798241399927254,0.3498625216665943,0.35005894896401785,-0.00012798241399927254,0.3498625216665943,0.3500488433781966,-0.00013186190433476402,0.34990507263128073,-0.32705766359438115,-1.420058552418844,1.2358345985412598,-1.3860333601581019,-1.571026627217428,2.738044500350952,0.0,-0.0001917476038215682,-0.0007190534961409867,0.0004793690168298781,0.0,0.0,-0.32696105325708286,-1.420083380543621,1.2357662584328648,-1.3859212127393885,-1.5709092335281496,2.7380835023864316,8.431496171106036e-05,0.00018244385117707749,-0.0003074468118690247,0.00042442294359757544,0.00019541435590642522,3.2066143180956045e-05,-0.0006391937516194179,-8.030135240922052,-6.266198966818689,-0.9623109800056112,-3.845436997228631e-05,1.5640744088568797e-07,28.0,28.0,14.0,6.0,6.0,6.0
1.5624072660733952,1.0,4.8992160040807824e-05,0.00015329081287204929,0.35005894896401785,-0.00012798241399927254,0.3498625216665943,0.35005894896401785,-0.00012798241399927254,0.3498625216665943,0.3500467557737799,-0.0001280112697381954,0.3499099722411391,-0.3270457426654261,-1.4200823942767542,1.23585844039917,-1.386080567036764,-1.571038548146383,2.738044500350952,0.0,-0.0001917476038215682,-0.0006711166352033615,0.00045540055725723505,0.0,0.0,-0.3269607431207768,-1.4200826323823057,1.23576504887292,-1.385919479752616,-1.5709084432936247,2.738083643811637,7.753407652022856e-05,0.00018704032884814568,-0.0003023899862074594,0.0004332466931231084,0.0001975586312134368,3.5356301304989075e-05,-0.00093995104888228,-8.029486219849906,-6.2662155919777,-0.962309383495431,-4.162527812451414e-05,3.1007715495144244e-07,28.0,28.0,14.0,6.0,6.0,6.0
1.5675891260774812,1.0,4.8992160040807824e-05,0.00015329081287204929,0.35005894896401785,-0.00012798241399927254,0.3498625216665943,0.35005894896401785,-0.00012798241399927254,0.3498625216665943,0.3500467557737799,-0.0001280112697381954,0.3499099722411391,-0.3270457426654261,-1.4200823942767542,1.23585844039917,-1.386080567036764,-1.571038548146383,2.738044500350952,0.0,-0.0001917476038215682,-0.0006711166352033615,0.00045540055725723505,0.0,0.0,-0.326960458480599,-1.4200818669382342,1.2357638583266395,-1.3859177135885452,-1.5709076449966246,2.7380837976078367,7.116004444084666e-05,0.00019136101785894978,-0.00029763657008558805,0.0004415410176771094,0.00019957425000202768,3.8449049941580125e-05,-0.00093995104888228,-8.029486219849906,-6.2662155919777,-0.962309383495431,-4.162527812451414e-05,3.1007715495144244e-07,28.0,28.0,14.0,6.0,6.0,6.0
1.5715891260774812,1.0,4.8992160040807824e-05,0.00015329081287204929,0.35005894896401785,-0.00012798241399927254,0.3498625216665943,0.35005894896401785,-0.00012798241399927254,0.3498625216665943,0.3500467557737799,-0.0001280112697381954,0.3499099722411391,-0.3270457426654261,-1.4200823942767542,1.23585844039917,-1.386080567036764,-1.571038548146383,2.738044500350952,0.0,-0.0001917476038215682,-0.0006711166352033615,0.00045540055725723505,0.0,0.0,-0.32696019780678187,-1.420081085248372,1.2357626856532038,-1.385915916237814,-1.570906839120898,2.7380839630327714,6.516845428622768e-05,0.00019542246552910563,-0.00029316835893102895,0.0004493376827578703,0.0002014689316633031,4.135623365997571e-05,-0.00093995104888228,-8.029486219849906,-6.2662155919777,-0.962309383495431,-4.162527812451414e-05,3.1007715495144244e-07,28.0,28.0,14.0,6.0,6.0,6.0
1.576180843083887,1.0,4.8992160040807824e-05,0.00015329081287204929,0.35005894896401785,-0.00012798241399927254,0.3498625216665943,0.35005894896401785,-0.00012798241399927254,0.3498625216665943,0.3500467557737799,-0.0001280112697381954,0.3499099722411391,-0.3270457426654261,-1.4200823942767542,1.23585844039917,-1.386080567036764,-1.571038548146383,2.738044500350952,0.0,-0.0001917476038215682,-0.0006711166352033615,0.00045540055725723505,0.0,0.0,-0.3269599596613437,-1.4200802882874668,1.235761529780242,-1.3859140895716224,-1.5709060261211683,2.7380841393887168,5.9536359540885834e-05,0.00019924022633905213,-0.0002889682404457434,0.0004566665479337856,0.000203249932424902,4.408898635526756e-05,-0.00093995104888228,-8.029486219849906,-6.2662155919777,-0.962309383495431,-4.162527812451414e-05,3.1007715495144244e-07,28.0,28.0,14.0,6.0,6.0,6.0
1.580180843083887,1.0,4.473207793016821e-05,0.00012041691523998416,0.35005894896401785,-0.00012798241399927254,0.3498625216665943,0.35005894896401785,-0.00012798241399927254,0.3498625216665943,0.35004628073931104,-0.00012471597598880615,0.3499052978896797,-0.3270457426654261,-1.4200823942767542,1.2358708381652832,-1.3860686461078089,-1.5710023085223597,2.7380564212799072,0.0012655341997742653,-0.0001917476038215682,-0.0005992112564854324,0.00043143212678842247,0.0,0.0,-0.3269596762348377,-1.4200794810345247,1.2357603966920043,-1.385912264010789,-1.5709052481822459,2.738084317995838,7.085662651184346e-05,0.00020181323552822622,-0.0002832720594286049,0.00045639020832037103,0.0001944847306087533,4.465178026708147e-05,-0.005397707778552306,-8.02806022441273,-6.266326236880781,-0.9623894538452112,-0.00015016129916509504,2.8778221461192727e-06,28.0,28.0,14.0,6.0,6.0,6.0
1.5853603280989925,1.0,4.473207793016821e-05,0.00012041691523998416,0.35005894896401785,-0.00012798241399927254,0.3498625216665943,0.35005894896401785,-0.00012798241399927254,0.3498625216665943,0.35004628073931104,-0.00012471597598880615,0.3499052978896797,-0.3270457426654261,-1.4200823942767542,1.2358708381652832,-1.3860686461078089,-1.5710023085223597,2.7380564212799072,0.0012655341997742653,-0.0001917476038215682,-0.0005992112564854324,0.00043143212678842247,0.0,0.0,-0.3269593502441278,-1.4200786641070682,1.2357592850214072,-1.3859104394889927,-1.5709045032004822,2.738084498719064,8.149767746454362e-05,0.00020423186416604987,-0.00027791764927249463,0.00045613044908376135,0.0001862454409015735,4.518080654418655e-05,-0.005397707778552306,-8.02806022441273,-6.266326236880781,-0.9623894538452112,-0.00015016129916509504,2.8778221461192727e-06,28.0,28.0,14.0,6.0,6.0,6.0
1.5893603280989925,1.0,2.8772300747338964e-05,8.49322686256836e-05,0.35005894896401785,-0.00012798241399927254,0.3498625216665943,0.35005894896401785,-0.00012798241399927254,0.3498625216665943,0.35004733120140097,-0.0001230021052299837,0.34988836870523776,-0.327033821736471,-1.420058552418844,1.2358946800231934,-1.386045281087057,-1.571026627217428,2.738020658493042,0.0012655341997742653,-0.0001917476038215682,-0.0005752427969127893,0.0004074636672157794,0.0,0.0,-0.3269589945370034,-1.4200778703098795,1.235758219324855,-1.3859086914033782,-1.570903761182362,2.738084726069319,8.892678110882596e-05,0.0001984492971748231,-0.0002664241380032143,0.00043702140361736447,0.00018550453006537968,5.683756375445613e-05,-0.0053625025338558605,-8.029203203069155,-6.266708283553451,-0.962457520334557,-0.00015342332140998275,3.4932133636867054e-06,28.0,28.0,14.0,6.0,6.0,6.0
1.5943486400926492,1.0,2.8772300747338964e-05,8.49322686256836e-05,0.35005894896401785,-0.00012798241399927254,0.3498625216665943,0.35005894896401785,-0.00012798241399927254,0.3498625216665943,0.35004733120140097,-0.0001230021052299837,0.34988836870523776,-0.327033821736471,-1.420058552418844,1.2358946800231934,-1.386045281087057,-1.571026627217428,2.738020658493042,0.0012655341997742653,-0.0001917476038215682,-0.0005752427969127893,0.0004074636672157794,0.0,0.0,-0.32695861089644923,-1.4200770982551427,1.2357571968439054,-1.3859070151677748,-1.5709030219500664,2.7380849972489814,9.591013853445137e-05,0.00019301368420306992,-0.00025562023741009074,0.0004190589008789514,0.00018480807387935748,6.779491553210952e-05,-0.0053625025338558605,-8.029203203069155,-6.266708283553451,-0.962457520334557,-0.00015342332140998275,3.4932133636867054e-06,28.0,28.0,14.0,6.0,6.0,6.0
1.5983486400926492,1.0,2.8772300747338964e-05,8.49322686256836e-05,0.35005894896401785,-0.00012798241399927254,0.3498625216665943,0.35005894896401785,-0.00012798241399927254,0.3498625216665943,0.35004733120140097,-0.0001230021052299837,0.34988836870523776,-0.327033821736471,-1.420058552418844,1.2358946800231934,-1.386045281087057,-1.571026627217428,2.738020658493042,0.0012655341997742653,-0.0001917476038215682,-0.0005752427969127893,0.0004074636672157794,0.0,0.0,-0.32695820099847117,-1.4200763466383106,1.235756214985622,-1.3859054064711815,-1.570902285336446,2.738085309628286,0.00010247449451453927,0.00018790420800962195,-0.0002454645708525546,0.00040217414830484306,0.00018415340506449662,7.809482620310372e-05,-0.0053625025338558605,-8.029203203069155,-6.266708283553451,-0.962457520334557,-0.00015342332140998275,3.4932133636867054e-06,28.0,28.0,14.0,6.0,6.0,6.0
1.603022288107081,1.0,4.9213346145238955e-05,0.00013260548295823747,0.35005894896401785,-0.00012798241399927254,0.3498625216665943,0.35005894896401785,-0.00012798241399927254,0.3498625216665943,0.35004383468714284,-0.00010495588163561301,0.34990330512991785,-0.3269856611834925,-1.4200823942767542,1.2358708381652832,-1.386045281087057,-1.571026627217428,2.738044500350952,0.0012655341997742653,-0.0001917476038215682,-0.0005273059359751642,0.0003834952076431364,0.0,0.0,-0.3269577941094763,-1.4200755893460877,1.235755263067233,-1.3859038218223083,-1.5709015511678173,2.7380856610604187,0.00010172224872715324,0.000189323055732193,-0.0002379795972651282,0.0003961622183035031,0.0001835421571786715,8.785803316504806e-05,-0.006051236663486458,-8.028055130160299,-6.266446930517216,-0.9624250920278331,-0.00016584676914570224,3.8068641830930247e-06,28.0,28.0,14.0,6.0,6.0,6.0
1.607022288107081,1.0,4.9213346145238955e-05,0.00013260548295823747,0.35005894896401785,-0.00012798241399927254,0.3498625216665943,0.35005894896401785,-0.00012798241399927254,0.3498625216665943,0.35004383468714284,-0.00010495588163561301,0.34990330512991785,-0.3269856611834925,-1.4200823942767542,1.2358708381652832,-1.386045281087057,-1.571026627217428,2.738044500350952,0.0012655341997742653,-0.0001917476038215682,-0.0005273059359751642,0.0003834952076431364,0.0,0.0,-0.32695739004892554,-1.4200748267189973,1.2357543392923447,-1.385902259778292,-1.5709008192974807,2.7380860492022094,0.00010101513768701037,0.0001906567725914098,-0.0002309437220929474,0.0003905110041022435,0.00018296758416599587,9.703544770927573e-05,-0.006051236663486458,-8.028055130160299,-6.266446930517216,-0.9624250920278331,-0.00016584676914570224,3.8068641830930247e-06,28.0,28.0,14.0,6.0,6.0,6.0
1.612002288104967,1.0,4.9213346145238955e-05,0.00013260548295823747,0.35005894896401785,-0.00012798241399927254,0.3498625216665943,0.35005894896401785,-0.00012798241399927254,0.3498625216665943,0.35004383468714284,-0.00010495588163561301,0.34990330512991785,-0.3269856611834925,-1.4200823942767542,1.2358708381652832,-1.386045281087057,-1.571026627217428,2.738044500350952,0.0012655341997742653,-0.0001917476038215682,-0.0005273059359751642,0.0003834952076431364,0.0,0.0,-0.3269569886471123,-1.4200740590771315,1.235753441972347,-1.385900718982841,-1.5709000895875387,2.738086471851079,0.00010035045330927609,0.0001919104664390736,-0.00022432999943109742,0.00038519886275305954,0.0001824274855340808,0.00010566221738084975,-0.006051236663486458,-8.028055130160299,-6.266446930517216,-0.9624250920278331,-0.00016584676914570224,3.8068641830930247e-06,28.0,28.0,14.0,6.0,6.0,6.0
1.616002288104967,1.0,5.600583154153903e-05,0.000146691644701193,0.35005894896401785,-0.00012798241399927254,0.3498625216665943,0.35005894896401785,-0.00012798241399927254,0.3498625216665943,0.3500496646068696,-9.75143155481556e-05,0.3499085884534996,-0.3269618193255823,-1.420058552418844,1.2358226776123047,-1.3860333601581019,-1.5710142294513147,2.7380564212799072,0.0014764565275982022,-0.0001917476038215682,-0.0005033374764025211,0.00035952674807049334,0.0,0.0,-0.32695659146588396,-1.4200732966776715,1.2357525910690061,-1.3858991954708888,-1.570899376183249,2.7380869288233525,9.929530708483318e-05,0.0001905998649829911,-0.00021272583522178858,0.0003808779880559862,0.00017835107242861588,0.00011424306830543842,-0.006976287253611598,-8.028025476955483,-6.266352641223507,-0.9624152742665681,-0.00019003634516428722,4.414223703728013e-06,28.0,28.0,14.0,6.0,6.0,6.0
1.620609441113659,1.0,5.600583154153903e-05,0.000146691644701193,0.35005894896401785,-0.00012798241399927254,0.3498625216665943,0.35005894896401785,-0.00012798241399927254,0.3498625216665943,0.3500496646068696,-9.75143155481556e-05,0.3499085884534996,-0.3269618193255823,-1.420058552418844,1.2358226776123047,-1.3860333601581019,-1.5710142294513147,2.7380564212799072,0.0014764565275982022,-0.0001917476038215682,-0.0005033374764025211,0.00035952674807049334,0.0,0.0,-0.32695619825200545,-1.420072539206073,1.2357517837973226,-1.3858976882054255,-1.5708986781062726,2.7380874180596253,9.830346963385684e-05,0.00018936789961427358,-0.00020181792086503827,0.00037681636584073724,0.00017451924410947885,0.00012230906817455178,-0.006976287253611598,-8.028025476955483,-6.266352641223507,-0.9624152742665681,-0.00019003634516428722,4.414223703728013e-06,28.0,28.0,14.0,6.0,6.0,6.0
1.624609441113659,1.0,5.600583154153903e-05,0.000146691644701193,0.35005894896401785,-0.00012798241399927254,0.3498625216665943,0.35005894896401785,-0.00012798241399927254,0.3498625216665943,0.3500496646068696,-9.75143155481556e-05,0.3499085884534996,-0.3269618193255823,-1.420058552418844,1.2358226776123047,-1.3860333601581019,-1.5710142294513147,2.7380564212799072,0.0014764565275982022,-0.0001917476038215682,-0.0005033374764025211,0.00035952674807049334,0.0,0.0,-0.32695580876743574,-1.4200717863666643,1.235751017539397,-1.3858961962116616,-1.5708979944369705,2.7380879376240577,9.737114242993909e-05,0.00018820985216767911,-0.000191564481369693,0.00037299844095840324,0.00017091732548949005,0.00012989110805151831,-0.006976287253611598,-8.028025476955483,-6.266352641223507,-0.9624152742665681,-0.00019003634516428722,4.414223703728013e-06,28.0,28.0,14.0,6.0,6.0,6.0
1.6295930031293544,1.0,5.3628270648959396e-05,0.0001702467848165614,0.35005894896401785,-0.00012798241399927254,0.3498625216665943,0.35005894896401785,-0.00012798241399927254,0.3498625216665943,0.3500529869395853,-9.657914922590226e-05,0.3499055830255956,-0.3269618193255823,-1.420058552418844,1.2358465194702148,-1.386080567036764,-1.5709903875934046,2.738044500350952,0.0014764565275982022,-0.0001917476038215682,-0.00045540055725723505,0.00035952674807049334,0.0,0.0,-0.326955419402426,-1.4200710306782272,1.2357502645372744,-1.385894671262762,-1.5708973517758407,2.7380885028143735,9.734125243964416e-05,0.00018892210931089321,-0.00018825053063687807,0.00038123722492605487,0.00016066528247759,0.0001412975790070569,-0.006955033309872447,-8.028226885057522,-6.266565726422047,-0.9624418143830988,-0.00018985310921099704,4.568027721784404e-06,28.0,28.0,14.0,6.0,6.0,6.0
1.6335930031293544,1.0,5.3628270648959396e-05,0.0001702467848165614,0.35005894896401785,-0.00012798241399927254,0.3498625216665943,0.35005894896401785,-0.00012798241399927254,0.3498625216665943,0.3500529869395853,-9.657914922590226e-05,0.3499055830255956,-0.3269618193255823,-1.420058552418844,1.2358465194702148,-1.386080567036764,-1.5709903875934046,2.738044500350952,0.0014764565275982022,-0.0001917476038215682,-0.00045540055725723505,0.00035952674807049334,0.0,0.0,-0.3269550301498026,-1.4200702723117031,1.2357495239956067,-1.3858931153360345,-1.5708967476623925,2.7380891108930205,9.731315584876691e-05,0.00018959163102551447,-0.00018513541694803204,0.0003889816818556474,0.00015102836204640397,0.00015201966170526318,-0.006955033309872447,-8.028226885057522,-6.266565726422047,-0.9624418143830988,-0.00018985310921099704,4.568027721784404e-06,28.0,28.0,14.0,6.0,6.0,6.0
1.6386786831228535,1.0,5.3628270648959396e-05,0.0001702467848165614,0.35005894896401785,-0.00012798241399927254,0.3498625216665943,0.35005894896401785,-0.00012798241399927254,0.3498625216665943,0.3500529869395853,-9.657914922590226e-05,0.3499055830255956,-0.3269618193255823,-1.420058552418844,1.2358465194702148,-1.386080567036764,-1.5709903875934046,2.738044500350952,0.0014764565275982022,-0.0001917476038215682,-0.00045540055725723505,0.00035952674807049334,0.0,0.0,-0.3269546410028224,-1.4200695114277775,1.2357487951667663,-1.385891530290149,-1.570896179783765,2.7380897592866984,9.728674505334231e-05,0.00019022098143725843,-0.00018220721008051677,0.00039626147136946437,0.0001419696568410891,0.0001620984194415771,-0.006955033309872447,-8.028226885057522,-6.266565726422047,-0.9624418143830988,-0.00018985310921099704,4.568027721784404e-06,28.0,28.0,14.0,6.0,6.0,6.0
1.6426786831228535,1.0,4.665101148064257e-05,0.00011364318007055284,0.35005894896401785,-0.00012798241399927254,0.3498625216665943,0.35005894896401785,-0.00012798241399927254,0.3498625216665943,0.35004916038521566,-9.40752630674882e-05,0.34989303077528155,-0.32694942155946904,-1.420046631489889,1.23585844039917,-1.3860209623919886,-1.571026627217428,2.7380685806274414,0.0014764565275982022,-0.0001917476038215682,-0.00043143212678842247,0.00033555831760168076,0.0,0.0,-0.32695426421940665,-1.4200687773819713,1.2357481174482072,-1.3858900248944117,-1.570895604215264,2.738090419854998,9.419585393398021e-05,0.0001835114515372774,-0.00016942963977701803,0.0003763489343683141,0.00014389212529761363,0.00016514207492577127,-0.006982956891742645,-8.02897410855043,-6.266802937890107,-0.9624987700996206,-0.0001933288737953924,4.4174703281801965e-06,28.0,28.0,14.0,6.0,6.0,6.0
1.647360643133056,1.0,4.665101148064257e-05,0.00011364318007055284,0.35005894896401785,-0.00012798241399927254,0.3498625216665943,0.35005894896401785,-0.00012798241399927254,0.3498625216665943,0.35004916038521566,-9.40752630674882e-05,0.34989303077528155,-0.32694942155946904,-1.420046631489889,1.23585844039917,-1.3860209623919886,-1.571026627217428,2.7380685806274414,0.0014764565275982022,-0.0001917476038215682,-0.00043143212678842247,0.00033555831760168076,0.0,0.0,-0.3269538990577415,-1.4200680685639977,1.2357474877733126,-1.3858885943698134,-1.5708950214182813,2.7380910918674424,9.129041628177984e-05,0.00017720449343129526,-0.0001574187236917292,0.0003576311495872328,0.00014569924564674668,0.00016800311108091382,-0.006982956891742645,-8.02897410855043,-6.266802937890107,-0.9624987700996206,-0.0001933288737953924,4.4174703281801965e-06,28.0,28.0,14.0,6.0,6.0,6.0
1.651360643133056,1.0,5.369784938928886e-05,0.00015090363798828788,0.35005894896401785,-0.00012798241399927254,0.3498625216665943,0.35005894896401785,-0.00012798241399927254,0.3498625216665943,0.35004216671750454,-9.811380344588293e-05,0.34990386995960154,-0.3269737402545374,-1.4200823942767542,1.23585844039917,-1.3860090414630335,-1.5710023085223597,2.738008499145508,0.0013230585027486086,-0.0001917476038215682,-0.0004074636672157794,0.0003115898580290377,0.0,0.0,-0.3269535348305482,-1.4200673555955483,1.2357468902482587,-1.3858872216143712,-1.57089445984826,2.738091833188683,9.105679833770033e-05,0.00017824211236331646,-0.00014938126347976803,0.00034318886057047146,0.00014039250534633222,0.0001853303102427978,-0.006307761728104131,-8.028186065048237,-6.266587746964922,-0.9624648778738871,-0.00017367604547665786,4.548990260260168e-06,28.0,28.0,14.0,6.0,6.0,6.0
1.6563204571215908,1.0,5.369784938928886e-05,0.00015090363798828788,0.35005894896401785,-0.00012798241399927254,0.3498625216665943,0.35005894896401785,-0.00012798241399927254,0.3498625216665943,0.35004216671750454,-9.811380344588293e-05,0.34990386995960154,-0.3269737402545374,-1.4200823942767542,1.23585844039917,-1.3860090414630335,-1.5710023085223597,2.738008499145508,0.0013230585027486086,-0.0001917476038215682,-0.0004074636672157794,0.0003115898580290377,0.0,0.0,-0.3269531714817583,-1.4200666387256518,1.235746322944055,-1.3858859031619355,-1.570893918231582,2.7380926396601932,9.083719747026557e-05,0.00017921747415941642,-0.00014182605088052455,0.0003296131088947158,0.00013540416946394263,0.00020161787745496873,-0.006307761728104131,-8.028186065048237,-6.266587746964922,-0.9624648778738871,-0.00017367604547665786,4.548990260260168e-06,28.0,28.0,14.0,6.0,6.0,6.0
1.6603204571215908,1.0,5.369784938928886e-05,0.00015090363798828788,0.35005894896401785,-0.00012798241399927254,0.3498625216665943,0.35005894896401785,-0.00012798241399927254,0.3498625216665943,0.35004216671750454,-9.811380344588293e-05,0.34990386995960154,-0.3269737402545374,-1.4200823942767542,1.23585844039917,-1.3860090414630335,-1.5710023085223597,2.738008499145508,0.0013230585027486086,-0.0001917476038215682,-0.0004074636672157794,0.0003115898580290377,0.0,0.0,-0.3269528089586677,-1.4200659181883948,1.2357457840474508,-1.3858846357543262,-1.570893395371047,2.7380935073729558,9.063077265487692e-05,0.00018013431424775036,-0.00013472415103723566,0.0003168519023195055,0.00013071513373449643,0.0002169281906344094,-0.006307761728104131,-8.028186065048237,-6.266587746964922,-0.9624648778738871,-0.00017367604547665786,4.548990260260168e-06,28.0,28.0,14.0,6.0,6.0,6.0
1.6653158931217629,1.0,5.369784938928886e-05,0.00015090363798828788,0.35005894896401785,-0.00012798241399927254,0.3498625216665943,0.35005894896401785,-0.00012798241399927254,0.3498625216665943,0.35004216671750454,-9.811380344588293e-05,0.34990386995960154,-0.3269737402545374,-1.4200823942767542,1.23585844039917,-1.3860090414630335,-1.5710023085223597,2.738008499145508,0.0013230585027486086,-0.0001917476038215682,-0.0004074636672157794,0.0003115898580290377,0.0,0.0,-0.3269524472117344,-1.4200651942038192,1.23574527185399,-1.3858834163288536,-1.5708928901412864,2.738094432652496,9.043673332841157e-05,0.00018099614393078426,-0.0001280483651845441,0.00030485636813880785,0.00012630744014881698,0.00023131988502308364,-0.006307761728104131,-8.028186065048237,-6.266587746964922,-0.9624648778738871,-0.00017367604547665786,4.548990260260168e-06,28.0,28.0,14.0,6.0,6.0,6.0
1.6693158931217629,1.0,3.607323630917154e-05,0.00011152930164726784,0.35005894896401785,-0.00012798241399927254,0.3498625216665943,0.35005894896401785,-0.00012798241399927254,0.3498625216665943,0.35004900968124064,-0.00012129305602786824,0.3498965472676268,-0.3270214239703577,-1.420046631489889,1.2358465194702148,-1.3860209623919886,-1.5710504690753382,2.738020658493042,0.0010162623366340995,-0.0001917476038215682,-0.0004074636672157794,0.0003115898580290377,0.0,0.0,-0.3269520804788817,-1.4200644932289135,1.2357448010156664,-1.3858822457382434,-1.570892346019929,2.7380953635489136,9.168321316840746e-05,0.00017524372644310825,-0.00011770958093495378,0.00029264765253450374,0.00013603033931070368,0.00023272410444749055,-0.004602722761496009,-8.029841373332253,-6.266821484158276,-0.9624716023899568,-0.00013537479320555997,3.117119167019366e-06,28.0,28.0,14.0,6.0,6.0,6.0
1.6737900561189751,1.0,3.607323630917154e-05,0.00011152930164726784,0.35005894896401785,-0.00012798241399927254,0.3498625216665943,0.35005894896401785,-0.00012798241399927254,0.3498625216665943,0.35004900968124064,-0.00012129305602786824,0.3498965472676268,-0.3270214239703577,-1.420046631489889,1.2358465194702148,-1.3860209623919886,-1.5710504690753382,2.738020658493042,0.0010162623366340995,-0.0001917476038215682,-0.0004074636672157794,0.0003115898580290377,0.0,0.0,-0.3269517090592648,-1.4200638138830974,1.2357443690511714,-1.3858811210524038,-1.570891765340471,2.7380962997251963,9.285490421800359e-05,0.0001698364540046928,-0.00010799112374033887,0.0002811714598664579,0.00014516986452287717,0.00023404407070643304,-0.004602722761496009,-8.029841373332253,-6.266821484158276,-0.9624716023899568,-0.00013537479320555997,3.117119167019366e-06,28.0,28.0,14.0,6.0,6.0,6.0
1.6777900561189751,1.0,6.062722217058456e-05,0.000163821226173053,0.35005894896401785,-0.00012798241399927254,0.3498625216665943,0.35005894896401785,-0.00012798241399927254,0.3498625216665943,0.3500485761656403,-9.177403228311456e-05,0.3499100297523844,-0.32694942155946904,-1.420058552418844,1.2358107566833496,-1.3860090414630335,-1.5710023085223597,2.738032579421997,0.0008245147182606161,-0.0001917476038215682,-0.0004074636672157794,0.00028762139845639467,0.0,0.0,-0.32695137707672506,-1.4200631362801803,1.2357439720228987,-1.3858800164463416,-1.5708912057471425,2.73809727543824,8.299563494004261e-05,0.00016940072928931755,-9.925706816838538e-05,0.00027615151554894325,0.0001398983321384538,0.00024392826092282084,-0.0047181702071776065,-8.029049204202877,-6.266500685040459,-0.9624207017152091,-0.0001370798268245808,3.479925906336731e-06,28.0,28.0,14.0,6.0,6.0,6.0
1.6830716591118842,1.0,6.062722217058456e-05,0.000163821226173053,0.35005894896401785,-0.00012798241399927254,0.3498625216665943,0.35005894896401785,-0.00012798241399927254,0.3498625216665943,0.3500485761656403,-9.177403228311456e-05,0.3499100297523844,-0.32694942155946904,-1.420058552418844,1.2358107566833496,-1.3860090414630335,-1.5710023085223597,2.738032579421997,0.0008245147182606161,-0.0001917476038215682,-0.0004074636672157794,0.00028762139845639467,0.0,0.0,-0.32695108216503777,-1.420062460315588,1.2357436078346749,-1.3858789307152701,-1.5708906659747757,2.738098288315839,7.37279218187593e-05,0.0001689911480568648,-9.10470559307491e-05,0.0002714327678904795,0.0001349430916970958,0.0002532193997262254,-0.0047181702071776065,-8.029049204202877,-6.266500685040459,-0.9624207017152091,-0.0001370798268245808,3.479925906336731e-06,28.0,28.0,14.0,6.0,6.0,6.0
1.6870716591118842,1.0,6.062722217058456e-05,0.000163821226173053,0.35005894896401785,-0.00012798241399927254,0.3498625216665943,0.35005894896401785,-0.00012798241399927254,0.3498625216665943,0.3500485761656403,-9.177403228311456e-05,0.3499100297523844,-0.32694942155946904,-1.420058552418844,1.2358107566833496,-1.3860090414630335,-1.5710023085223597,2.738032579421997,0.0008245147182606161,-0.0001917476038215682,-0.0004074636672157794,0.00028762139845639467,0.0,0.0,-0.3269508220999518,-1.4200617858910212,1.2357432745160972,-1.3858778627266897,-1.570890144834113,2.73809933612812,6.501627148475297e-05,0.0001686061416983592,-8.332964442737099e-05,0.0002669971450915236,0.00013028516568221928,0.0002619530702014256,-0.0047181702071776065,-8.029049204202877,-6.266500685040459,-0.9624207017152091,-0.0001370798268245808,3.479925906336731e-06,28.0,28.0,14.0,6.0,6.0,6.0
1.691525636128849,1.0,5.223671834759446e-05,0.00011322952256362319,0.35005894896401785,-0.00012798241399927254,0.3498625216665943,0.35005894896401785,-0.00012798241399927254,0.3498625216665943,0.35004293376741297,-0.00010882359389443166,0.34990840333868267,-0.32699758211244756,-1.4200823942767542,1.2358465194702148,-1.3860209623919886,-1.571026627217428,2.7380685806274414,0.000690291344653815,-0.0001917476038215682,-0.0004074636672157794,0.00028762139845639467,0.0,0.0,-0.32695057706963426,-1.4200611008109345,1.2357429515281952,-1.38587680483726,-1.5708896132067727,2.738100343989763,6.125757938724571e-05,0.00017127002167776142,-8.074697551556868e-05,0.00026447235737793863,0.00013290683510374258,0.0002519654107812046,-0.0038438293563569335,-8.028990325770561,-6.266554818947156,-0.9624224520890425,-0.00011330863505319393,2.1053721295729778e-06,28.0,28.0,14.0,6.0,6.0,6.0
1.695525636128849,1.0,5.223671834759446e-05,0.00011322952256362319,0.35005894896401785,-0.00012798241399927254,0.3498625216665943,0.35005894896401785,-0.00012798241399927254,0.3498625216665943,0.35004293376741297,-0.00010882359389443166,0.34990840333868267,-0.32699758211244756,-1.4200823942767542,1.2358465194702148,-1.3860209623919886,-1.571026627217428,2.7380685806274414,0.000690291344653815,-0.0001917476038215682,-0.0004074636672157794,0.00028762139845639467,0.0,0.0,-0.326950346171999,-1.420060405714659,1.2357426382511283,-1.3858757564410324,-1.5708890717219552,2.738101314297807,5.772440881558888e-05,0.00017377406885839953,-7.83192667384745e-05,0.0002620990569271688,0.00013537120435997446,0.00024257701092619686,-0.0038438293563569335,-8.028990325770561,-6.266554818947156,-0.9624224520890425,-0.00011330863505319393,2.1053721295729778e-06,28.0,28.0,14.0,6.0,6.0,6.0
1.7000722311385914,1.0,5.223671834759446e-05,0.00011322952256362319,0.35005894896401785,-0.00012798241399927254,0.3498625216665943,0.35005894896401785,-0.00012798241399927254,0.3498625216665943,0.35004293376741297,-0.00010882359389443166,0.34990840333868267,-0.32699758211244756,-1.4200823942767542,1.2358465194702148,-1.3860209623919886,-1.571026627217428,2.7380685806274414,0.000690291344653815,-0.0001917476038215682,-0.0004074636672157794,0.00028762139845639467,0.0,0.0,-0.32695012855908506,-1.4200597012031662,1.2357423341022464,-1.3858747169684145,-1.5708885209711094,2.738102249305467,5.440322847823147e-05,0.00017612787320819934,-7.603722048800598e-05,0.00025986815450344515,0.00013768771146083244,0.00023375191506248957,-0.0038438293563569335,-8.028990325770561,-6.266554818947156,-0.9624224520890425,-0.00011330863505319393,2.1053721295729778e-06,28.0,28.0,14.0,6.0,6.0,6.0
1.7040722311385914,1.0,2.9427088625762245e-05,4.530379430951429e-05,0.35005894896401785,-0.00012798241399927254,0.3498625216665943,0.35005894896401785,-0.00012798241399927254,0.3498625216665943,0.3500500187803503,-0.00012808720067555062,0.3498905608246488,-0.3270457426654261,-1.4200347105609339,1.2358465194702148,-1.3859971205340784,-1.571026627217428,2.7380564212799072,0.0005944175645709038,-0.0001917476038215682,-0.0004074636672157794,0.00028762139845639467,0.0,0.0,-0.32694990038081095,-1.4200590319606614,1.2357420748554495,-1.3858737604776021,-1.570887961526237,2.7381031373108327,5.7044568523001074e-05,0.00016731062619152685,-6.481169922459768e-05,0.00023912270309323503,0.00013986121813128506,0.0002220013413910274,-0.002679300439430354,-8.031004821843405,-6.266958302995008,-0.9624757138032632,-9.264025267855631e-05,1.4348991165317112e-06,28.0,28.0,14.0,6.0,6.0,6.0
1.7091709721162922,1.0,2.9427088625762245e-05,4.530379430951429e-05,0.35005894896401785,-0.00012798241399927254,0.3498625216665943,0.35005894896401785,-0.00012798241399927254,0.3498625216665943,0.3500500187803503,-0.00012808720067555062,0.3498905608246488,-0.3270457426654261,-1.4200347105609339,1.2358465194702148,-1.3859971205340784,-1.571026627217428,2.7380564212799072,0.0005944175645709038,-0.0001917476038215682,-0.0004074636672157794,0.00028762139845639467,0.0,0.0,-0.3269496622710983,-1.4200583958710054,1.2357418578166126,-1.385872881989687,-1.5708873939089794,2.7381039811340413,5.9527428165084504e-05,0.0001590224139958547,-5.425970923699389e-05,0.00021962197876763753,0.0001419043144015105,0.00021095580213985294,-0.002679300439430354,-8.031004821843405,-6.266958302995008,-0.9624757138032632,-9.264025267855631e-05,1.4348991165317112e-06,28.0,28.0,14.0,6.0,6.0,6.0
1.7131709721162922,1.0,2.9427088625762245e-05,4.530379430951429e-05,0.35005894896401785,-0.00012798241399927254,0.3498625216665943,0.35005894896401785,-0.00012798241399927254,0.3498625216665943,0.3500500187803503,-0.00012808720067555062,0.3498905608246488,-0.3270457426654261,-1.4200347105609339,1.2358465194702148,-1.3859971205340784,-1.571026627217428,2.7380564212799072,0.0005944175645709038,-0.0001917476038215682,-0.0004074636672157794,0.00028762139845639467,0.0,0.0,-0.3269494148258334,-1.4200577909450272,1.235741680453258,-1.3858720768244954,-1.5708868186096798,2.738104783426022,6.186131622864293e-05,0.0001512314945319229,-4.434083864864633e-05,0.00020129129790157587,0.00014382482489552244,0.00020057299524374898,-0.002679300439430354,-8.031004821843405,-6.266958302995008,-0.9624757138032632,-9.264025267855631e-05,1.4348991165317112e-06,28.0,28.0,14.0,6.0,6.0,6.0
1.7183112731310546,1.0,4.806040718554877e-05,8.838968904233097e-05,0.35005894896401785,-0.00012798241399927254,0.3498625216665943,0.35005894896401785,-0.00012798241399927254,0.3498625216665943,0.350039528479604,-0.00011807703037079883,0.349905353090796,-0.3270214239703577,-1.4200823942767542,1.2358465194702148,-1.3859851996051233,-1.5710504690753382,2.7380685806274414,0.000517718552146107,-0.0001917476038215682,-0.0004074636672157794,0.00028762139845639467,0.0,0.0,-0.3269491796979101,-1.4200571812147822,1.235741524175269,-1.3858713172771118,-1.5708862086159296,2.738105543276577,5.878198081885878e-05,0.0001524325612211901,-3.906949724519268e-05,0.0001898868458884335,0.00015249843754751514,0.00018996263869148832,-0.002957021412884721,-8.029464599767298,-6.266596676317733,-0.9624299762512665,-9.250652982503967e-05,1.4267271944653332e-06,28.0,28.0,14.0,6.0,6.0,6.0
1.7223112731310546,1.0,4.806040718554877e-05,8.838968904233097e-05,0.35005894896401785,-0.00012798241399927254,0.3498625216665943,0.35005894896401785,-0.00012798241399927254,0.3498625216665943,0.350039528479604,-0.00011807703037079883,0.349905353090796,-0.3270214239703577,-1.4200823942767542,1.2358465194702148,-1.3859851996051233,-1.5710504690753382,2.7380685806274414,0.000517718552146107,-0.0001917476038215682,-0.0004074636672157794,0.00028762139845639467,0.0,0.0,-0.32694895614828795,-1.4200565669685266,1.2357413877175236,-1.3858706006104677,-1.5708855660093959,2.7381062632321913,5.588740553366168e-05,0.00015356156390910127,-3.411443632594626e-05,0.00017916666099607965,0.00016065163344038827,0.00017998890353236333,-0.002957021412884721,-8.029464599767298,-6.266596676317733,-0.9624299762512665,-9.250652982503967e-05,1.4267271944653332e-06,28.0,28.0,14.0,6.0,6.0,6.0
1.7264612731244422,1.0,4.806040718554877e-05,8.838968904233097e-05,0.35005894896401785,-0.00012798241399927254,0.3498625216665943,0.35005894896401785,-0.00012798241399927254,0.3498625216665943,0.350039528479604,-0.00011807703037079883,0.349905353090796,-0.3270214239703577,-1.4200823942767542,1.2358465194702148,-1.3859851996051233,-1.5710504690753382,2.7380685806274414,0.000517718552146107,-0.0001917476038215682,-0.0004074636672157794,0.00028762139845639467,0.0,0.0,-0.3269487434822689,-1.4200559484772208,1.2357412698908075,-1.385869924251719,-1.5708848927468455,2.738106945686561,5.31665047655764e-05,0.00015462282643573778,-2.9456679061854616e-05,0.00016908968719726703,0.000168315637579689,0.00017061359248278583,-0.002957021412884721,-8.029464599767298,-6.266596676317733,-0.9624299762512665,-9.250652982503967e-05,1.4267271944653332e-06,28.0,28.0,14.0,6.0,6.0,6.0
1.7304612731244422,1.0,5.219629377472859e-05,0.00011347691847624422,0.35005894896401785,-0.00012798241399927254,0.3498625216665943,0.35005894896401785,-0.00012798241399927254,0.3498625216665943,0.3500365749883328,-0.0001234773103731999,0.3499094637834744,-0.327033821736471,-1.4200947920428675,1.2358465194702148,-1.3859851996051233,-1.5710743109332483,2.7380564212799072,0.00046019424917176366,-0.0001917476038215682,-0.0004074636672157794,0.00028762139845639467,0.0,0.0,-0.32694854009672975,-1.420055317536728,1.2357411651028176,-1.3858692754867492,-1.570884163207749,2.7381075963278025,5.084638478529825e-05,0.0001577351231605083,-2.6196997487283535e-05,0.00016219124245751314,0.00018238477410220267,0.00016266031029006729,-0.0027253044300208362,-8.029186030874065,-6.266508883425924,-0.9624141153038607,-8.455062017662815e-05,1.2998878512941005e-06,28.0,28.0,14.0,6.0,6.0,6.0
1.7350256791254512,1.0,5.219629377472859e-05,0.00011347691847624422,0.35005894896401785,-0.00012798241399927254,0.3498625216665943,0.35005894896401785,-0.00012798241399927254,0.3498625216665943,0.3500365749883328,-0.0001234773103731999,0.3499094637834744,-0.327033821736471,-1.4200947920428675,1.2358465194702148,-1.3859851996051233,-1.5710743109332483,2.7380564212799072,0.00046019424917176366,-0.0001917476038215682,-0.0004074636672157794,0.00028762139845639467,0.0,0.0,-0.32694834543484175,-1.4200546748939997,1.2357410725712303,-1.3858686526599315,-1.5708833807686993,2.7381082170647026,4.866547200383679e-05,0.00016066068208179257,-2.313289680718672e-05,0.00015570670440214447,0.0001956097624333655,0.00015518422502891187,-0.0027253044300208362,-8.029186030874065,-6.266508883425924,-0.9624141153038607,-8.455062017662815e-05,1.2998878512941005e-06,28.0,28.0,14.0,6.0,6.0,6.0
1.7390256791254513,1.0,5.219629377472859e-05,0.00011347691847624422,0.35005894896401785,-0.00012798241399927254,0.3498625216665943,0.35005894896401785,-0.00012798241399927254,0.3498625216665943,0.3500365749883328,-0.0001234773103731999,0.3499094637834744,-0.327033821736471,-1.4200947920428675,1.2358465194702148,-1.3859851996051233,-1.5710743109332483,2.7380564212799072,0.00046019424917176366,-0.0001917476038215682,-0.0004074636672157794,0.00028762139845639467,0.0,0.0,-0.3269481589731858,-1.4200540212511699,1.2357409915606616,-1.385868054214977,-1.5708825486036935,2.7381088096915223,4.6615413989263016e-05,0.0001634107074677998,-2.0252642167895718e-05,0.00014961123863009793,0.00020804125146465857,0.00014815670488342575,-0.0027253044300208362,-8.029186030874065,-6.266508883425924,-0.9624141153038607,-8.455062017662815e-05,1.2998878512941005e-06,28.0,28.0,14.0,6.0,6.0,6.0
1.744129170139321,1.0,5.619334733598201e-05,0.00011311063843213591,0.35005894896401785,-0.00012798241399927254,0.3498625216665943,0.35005894896401785,-0.00012798241399927254,0.3498625216665943,0.35004160492336084,-0.0001252329903930163,0.34991590066254163,-0.3270457426654261,-1.4200823942767542,1.2358107566833496,-1.3859851996051233,-1.571026627217428,2.738020658493042,0.0004218447138555348,-0.00017257283616345376,-0.0004074636672157794,0.00028762139845639467,0.0,0.0,-0.32694796845214885,-1.420053354517192,1.2357409259329413,-1.3858674581526986,-1.570881724629462,2.738109416967562,4.763025923834359e-05,0.00016668349443606044,-1.640693010188717e-05,0.00014901556962570124,0.00020599355785470865,0.0001518190099635891,-0.0023406364487647945,-8.029425680913926,-6.266434193234316,-0.9623925063977057,-7.780405992036899e-05,1.5250380474807745e-06,28.0,28.0,14.0,6.0,6.0,6.0
1.748129170139321,1.0,5.619334733598201e-05,0.00011311063843213591,0.35005894896401785,-0.00012798241399927254,0.3498625216665943,0.35005894896401785,-0.00012798241399927254,0.3498625216665943,0.35004160492336084,-0.0001252329903930163,0.34991590066254163,-0.3270457426654261,-1.4200823942767542,1.2358107566833496,-1.3859851996051233,-1.571026627217428,2.738020658493042,0.0004218447138555348,-0.00017257283616345376,-0.0004074636672157794,0.00028762139845639467,0.0,0.0,-0.32694777411529374,-1.4200526754775353,1.2357408747650982,-1.3858668643301355,-1.5708809083545585,2.7381100380138688,4.858421377247933e-05,0.00016975991418622546,-1.2791960759839135e-05,0.00014845564076156837,0.00020406872586135573,0.00015526157673894264,-0.0023406364487647945,-8.029425680913926,-6.266434193234316,-0.9623925063977057,-7.780405992036899e-05,1.5250380474807745e-06,28.0,28.0,14.0,6.0,6.0,6.0
1.7533027181476362,1.0,5.619334733598201e-05,0.00011311063843213591,0.35005894896401785,-0.00012798241399927254,0.3498625216665943,0.35005894896401785,-0.00012798241399927254,0.3498625216665943,0.35004160492336084,-0.0001252329903930163,0.34991590066254163,-0.3270457426654261,-1.4200823942767542,1.2358107566833496,-1.3859851996051233,-1.571026627217428,2.738020658493042,0.0004218447138555348,-0.00017257283616345376,-0.0004074636672157794,0.00028762139845639467,0.0,0.0,-0.3269475761915696,-1.4200519848705404,1.23574083718954,-1.385866272612905,-1.5708800993170233,2.7381106720042268,4.948093103456692e-05,0.00017265174875138057,-9.393889578313982e-06,0.00014792930762928347,0.000202259383787604,0.00015849758950777496,-0.0023406364487647945,-8.029425680913926,-6.266434193234316,-0.9623925063977057,-7.780405992036899e-05,1.5250380474807745e-06,28.0,28.0,14.0,6.0,6.0,6.0
1.7573027181476362,1.0,5.9484705173131464e-05,9.264543137091032e-05,0.35005894896401785,-0.00012798241399927254,0.3498625216665943,0.35005894896401785,-0.00012798241399927254,0.3498625216665943,0.3500374283796846,-0.000127989473079432,0.3499179770049276,-0.32705766359438115,-1.4200947920428675,1.2358107566833496,-1.3859613577472132,-1.571026627217428,2.738044500350952,0.0003834952076431364,-0.00017257283616345376,-0.0004074636672157794,0.00028762139845639467,0.0,0.0,-0.32694736990452666,-1.4200512790144693,1.2357408182981942,-1.385865706343043,-1.570879297084737,2.738111283795463,5.157176074339957e-05,0.00017646401779396198,-4.722836446761317e-06,0.00014156746548137477,0.00020055807158799783,0.00015294780905689446,-0.002111005391819236,-8.029202175938003,-6.26635836689206,-0.9623869523372119,-7.143194623218331e-05,9.811768596515274e-07,28.0,28.0,14.0,6.0,6.0,6.0
1.7619253071295105,1.0,5.9484705173131464e-05,9.264543137091032e-05,0.35005894896401785,-0.00012798241399927254,0.3498625216665943,0.35005894896401785,-0.00012798241399927254,0.3498625216665943,0.3500374283796846,-0.000127989473079432,0.3499179770049276,-0.32705766359438115,-1.4200947920428675,1.2358107566833496,-1.3859613577472132,-1.571026627217428,2.738044500350952,0.0003834952076431364,-0.00017257283616345376,-0.0004074636672157794,0.00028762139845639467,0.0,0.0,-0.326947155755964,-1.4200505588242665,1.2357408169700081,-1.3858651639937076,-1.5708785012493844,2.7381118747195248,5.353714066970226e-05,0.0001800475506939885,-3.320465031018093e-07,0.00013558733386234058,0.000198958838120368,0.0001477310154330668,-0.002111005391819236,-8.029202175938003,-6.26635836689206,-0.9623869523372119,-7.143194623218331e-05,9.811768596515274e-07,28.0,28.0,14.0,6.0,6.0,6.0
1.7659253071295105,1.0,5.045078150960561e-05,0.00010063082605311414,0.35005894896401785,-0.00012798241399927254,0.3498625216665943,0.35005894896401785,-0.00012798241399927254,0.3498625216665943,0.3500387738201594,-0.0001188520112991316,0.34990785245824585,-0.3270214239703577,-1.4200823942767542,1.2358345985412598,-1.3859732786761683,-1.5710623900042933,2.7380564212799072,0.0003451456723269075,-0.00015339808305725455,-0.0004074636672157794,0.001294296351261437,0.0,0.0,-0.3269469619780389,-1.4200498396138301,1.2357408339462794,-1.385864610243056,-1.57087767021857,2.738112448124617,4.844448126922293e-05,0.00017980260910550492,4.244067818468894e-06,0.00013843766289143954,0.0002077577035815415,0.0001433512730841892,-0.00233476887065973,-8.030238347167526,-6.267040826811016,-0.9625962348337355,-7.776885286190651e-05,1.21309664687307e-06,28.0,28.0,14.0,6.0,6.0,6.0
1.7710323601320859,1.0,5.045078150960561e-05,0.00010063082605311414,0.35005894896401785,-0.00012798241399927254,0.3498625216665943,0.35005894896401785,-0.00012798241399927254,0.3498625216665943,0.3500387738201594,-0.0001188520112991316,0.34990785245824585,-0.3270214239703577,-1.4200823942767542,1.2358345985412598,-1.3859732786761683,-1.5710623900042933,2.7380564212799072,0.0003451456723269075,-0.00015339808305725455,-0.0004074636672157794,0.001294296351261437,0.0,0.0,-0.3269467873485132,-1.420049121324374,1.2357408681287405,-1.3858640457751674,-1.5708768061040217,2.7381130050618783,4.365738143277236e-05,0.00017957236401233034,8.54561528074536e-06,0.00014111697217879257,0.0002160286371150446,0.00013923431527624423,-0.00233476887065973,-8.030238347167526,-6.267040826811016,-0.9625962348337355,-7.776885286190651e-05,1.21309664687307e-06,28.0,28.0,14.0,6.0,6.0,6.0
1.7750323601320859,1.0,5.045078150960561e-05,0.00010063082605311414,0.35005894896401785,-0.00012798241399927254,0.3498625216665943,0.35005894896401785,-0.00012798241399927254,0.3498625216665943,0.3500387738201594,-0.0001188520112991316,0.34990785245824585,-0.3270214239703577,-1.4200823942767542,1.2358345985412598,-1.3859732786761683,-1.5710623900042933,2.7380564212799072,0.0003451456723269075,-0.00015339808305725455,-0.0004074636672157794,0.001294296351261437,0.0,0.0,-0.32694663071848284,-1.4200484039006396,1.23574091848502,-1.3858634712330757,-1.570875910890763,2.738113546519378,3.9157507586508826e-05,0.00017935593362474622,1.2589069895285236e-05,0.0001436355229089044,0.00022380331463653754,0.00013536437493677595,-0.00233476887065973,-8.030238347167526,-6.267040826811016,-0.9625962348337355,-7.776885286190651e-05,1.21309664687307e-06,28.0,28.0,14.0,6.0,6.0,6.0
1.7801453501414515,1.0,5.045078150960561e-05,0.00010063082605311414,0.35005894896401785,-0.00012798241399927254,0.3498625216665943,0.35005894896401785,-0.00012798241399927254,0.3498625216665943,0.3500387738201594,-0.0001188520112991316,0.34990785245824585,-0.3270214239703577,-1.4200823942767542,1.2358345985412598,-1.3859732786761683,-1.5710623900042933,2.7380564212799072,0.0003451456723269075,-0.00015339808305725455,-0.0004074636672157794,0.001294296351261437,0.0,0.0,-0.3269464910079782,-1.4200476872906833,1.2357409840446891,-1.3858628872212333,-1.5708749864447171,2.738114073425902,3.492762617102111e-05,0.00017915248906041716,1.638991723295272e-05,0.00014600296059520953,0.00023111151150674087,0.00013172663101767578,-0.00233476887065973,-8.030238347167526,-6.267040826811016,-0.9625962348337355,-7.776885286190651e-05,1.21309664687307e-06,28.0,28.0,14.0,6.0,6.0,6.0
1.7841453501414515,1.0,4.7899912636861154e-05,7.41777649146355e-05,0.35005894896401785,-0.00012798241399927254,0.3498625216665943,0.35005894896401785,-0.00012798241399927254,0.3498625216665943,0.3500424311471015,-0.00012551326807184494,0.3499074156157782,-0.3270457426654261,-1.4200704733477991,1.2358226776123047,-1.3859732786761683,-1.571026627217428,2.738044500350952,0.00032597093377262354,-0.00015339808305725455,-0.0004074636672157794,0.001294296351261437,0.0,0.0,-0.326946349071782,-1.420046975755505,1.235741067744714,-1.385862293845695,-1.5708740757238409,2.738114591421481,3.5484049040939943e-05,0.00017788379456269273,2.0925006202719613e-05,0.00014834388456702195,0.00022768021908816044,0.00012949889471929613,-0.0018950762314114992,-8.03063091381755,-6.26706562518564,-0.962592892795137,-6.95659273249158e-05,1.0118598882009918e-06,28.0,28.0,14.0,6.0,6.0,6.0
1.7887845641335014,1.0,4.7899912636861154e-05,7.41777649146355e-05,0.35005894896401785,-0.00012798241399927254,0.3498625216665943,0.35005894896401785,-0.00012798241399927254,0.3498625216665943,0.3500424311471015,-0.00012551326807184494,0.3499074156157782,-0.3270457426654261,-1.4200704733477991,1.2358226776123047,-1.3859732786761683,-1.571026627217428,2.738044500350952,0.00032597093377262354,-0.00015339808305725455,-0.0004074636672157794,0.001294296351261437,0.0,0.0,-0.32694620504343586,-1.4200462689906181,1.2357411684966735,-1.3858616916682827,-1.570873177904624,2.7381151010407714,3.6007086538663655e-05,0.00017669122173483176,2.518798983430049e-05,0.00015054435310052564,0.00022445480421469485,0.00012740482259881924,-0.0018950762314114992,-8.03063091381755,-6.26706562518564,-0.962592892795137,-6.95659273249158e-05,1.0118598882009918e-06,28.0,28.0,14.0,6.0,6.0,6.0
1.7927845641335014,1.0,4.2759382599474605e-05,9.39797772640352e-05,0.35005894896401785,-0.00012798241399927254,0.3498625216665943,0.35005894896401785,-0.00012798241399927254,0.3498625216665943,0.3500407482221714,-0.0001101442210662215,0.34989685673131554,-0.32699758211244756,-1.420058552418844,1.2358345985412598,-1.3859370390521448,-1.5710504690753382,2.738044500350952,0.0003067961661145091,-0.00015339808305725455,-0.0004074636672157794,0.001294296351261437,0.0,0.0,-0.3269460910383281,-1.4200455895448705,1.235741311270595,-1.3858611535827858,-1.5708722647327715,2.7381156271965787,2.8501276932744396e-05,0.00016986143690860152,3.5693480411473933e-05,0.00013452137419610964,0.0002282929631195105,0.00013153895187584304,-0.0022535626217918964,-8.031118577030309,-6.267244295597234,-0.9626371978199743,-8.052409139415077e-05,1.5922151098796967e-06,28.0,28.0,14.0,6.0,6.0,6.0
1.7977443781220361,1.0,4.2759382599474605e-05,9.39797772640352e-05,0.35005894896401785,-0.00012798241399927254,0.3498625216665943,0.35005894896401785,-0.00012798241399927254,0.3498625216665943,0.3500407482221714,-0.0001101442210662215,0.34989685673131554,-0.32699758211244756,-1.420058552418844,1.2358345985412598,-1.3859370390521448,-1.5710504690753382,2.738044500350952,0.0003067961661145091,-0.00015339808305725455,-0.0004074636672157794,0.001294296351261437,0.0,0.0,-0.3269460052550645,-1.4200449357791138,1.2357414935451612,-1.3858606757436898,-1.5708713371294416,2.7381161688967124,2.1445815903180296e-05,0.0001634414391719451,4.556864155401697e-05,0.00011945977402595858,0.00023190083249003722,0.0001354250333962454,-0.0022535626217918964,-8.031118577030309,-6.267244295597234,-0.9626371978199743,-8.052409139415077e-05,1.5922151098796967e-06,28.0,28.0,14.0,6.0,6.0,6.0
1.8017443781220361,1.0,4.2759382599474605e-05,9.39797772640352e-05,0.35005894896401785,-0.00012798241399927254,0.3498625216665943,0.35005894896401785,-0.00012798241399927254,0.3498625216665943,0.3500407482221714,-0.0001101442210662215,0.34989685673131554,-0.32699758211244756,-1.420058552418844,1.2358345985412598,-1.3859370390521448,-1.5710504690753382,2.738044500350952,0.0003067961661145091,-0.00015339808305725455,-0.0004074636672157794,0.001294296351261437,0.0,0.0,-0.3269459460003344,-1.4200443061525487,1.2357417129503332,-1.3858602545362102,-1.5708703959605228,2.7381167252085126,1.4813682535390042e-05,0.00015740664129948806,5.4851293028007424e-05,0.00010530186986601659,0.00023529222969833233,0.00013907795002542363,-0.0022535626217918964,-8.031118577030309,-6.267244295597234,-0.9626371978199743,-8.052409139415077e-05,1.5922151098796967e-06,28.0,28.0,14.0,6.0,6.0,6.0
1.8063752790996812,1.0,4.2759382599474605e-05,9.39797772640352e-05,0.35005894896401785,-0.00012798241399927254,0.3498625216665943,0.35005894896401785,-0.00012798241399927254,0.3498625216665943,0.3500407482221714,-0.0001101442210662215,0.34989685673131554,-0.32699758211244756,-1.420058552418844,1.2358345985412598,-1.3859370390521448,-1.5710504690753382,2.738044500350952,0.0003067961661145091,-0.00015339808305725455,-0.0004074636672157794,0.001294296351261437,0.0,0.0,-0.3269459116824257,-1.4200436992168235,1.2357419672582748,-1.3858598865624503,-1.5708694420399505,2.7381172952552792,8.579477169667201e-06,0.00015173393129937844,6.357698541355845e-05,9.199343995567114e-05,0.00023848014307412973,0.00014251169165685116,-0.0022535626217918964,-8.031118577030309,-6.267244295597234,-0.9626371978199743,-8.052409139415077e-05,1.5922151098796967e-06,28.0,28.0,14.0,6.0,6.0,6.0
1.8103752790996812,1.0,3.9940042634601735e-05,8.677000033059002e-05,0.35005894896401785,-0.00012798241399927254,0.3498625216665943,0.35005894896401785,-0.00012798241399927254,0.3498625216665943,0.3500404318783351,-0.00011941442499497542,0.3498968569852603,-0.3270214239703577,-1.420058552418844,1.2358345985412598,-1.3859370390521448,-1.5710623900042933,2.738044500350952,0.00028762139845639467,-0.00013422331539914012,-0.0004074636672157794,0.001294296351261437,0.0,0.0,-0.32694588972126626,-1.4200431134120277,1.235742255220291,-1.3858595687529562,-1.57086846240889,2.738117862751349,5.4902898667596726e-06,0.00014645119892523945,7.19905040748521e-05,7.945237354076788e-05,0.00024490776514371666,0.0001418740174366787,-0.001919817505043548,-8.031363539744978,-6.267299066651386,-0.9626418868403807,-7.282004515250483e-05,1.243394350768684e-06,28.0,28.0,14.0,6.0,6.0,6.0
1.815517954113894,1.0,3.9940042634601735e-05,8.677000033059002e-05,0.35005894896401785,-0.00012798241399927254,0.3498625216665943,0.35005894896401785,-0.00012798241399927254,0.3498625216665943,0.3500404318783351,-0.00011941442499497542,0.3498968569852603,-0.3270214239703577,-1.420058552418844,1.2358345985412598,-1.3859370390521448,-1.5710623900042933,2.738044500350952,0.00028762139845639467,-0.00013422331539914012,-0.0004074636672157794,0.001294296351261437,0.0,0.0,-0.32694587937545105,-1.4200425474703058,1.2357425748171376,-1.385859298097872,-1.5708674586099705,2.7381184278497637,2.5864538020265927e-06,0.0001414854304935488,7.989921161646813e-05,6.766377111075883e-05,0.00025094972988912834,0.0001412746036697166,-0.001919817505043548,-8.031363539744978,-6.267299066651386,-0.9626418868403807,-7.282004515250483e-05,1.243394350768684e-06,28.0,28.0,14.0,6.0,6.0,6.0
1.819517954113894,1.0,4.087149735721323e-05,6.483396773779881e-05,0.35005894896401785,-0.00012798241399927254,0.3498625216665943,0.35005894896401785,-0.00012798241399927254,0.3498625216665943,0.3500422444214909,-0.00010858978593706792,0.34989438643604315,-0.32699758211244756,-1.420046631489889,1.2358226776123047,-1.3859131971942347,-1.571026627217428,2.7380685806274414,0.00026844663079828024,-0.00013422331539914012,-0.0004074636672157794,0.001294296351261437,0.0,0.0,-0.32694588949888037,-1.4200420102881,1.235742940383094,-1.3858591053733393,-1.5708664732805668,2.738118981788792,-2.5308573261304894e-06,0.00013429555143786617,9.139148911758768e-05,4.81811331497211e-05,0.00024633235089548556,0.00013848475708234367,-0.0019694888403776847,-8.031641290219362,-6.267326322474681,-0.9626524292743425,-7.703699966541388e-05,1.1990920832907683e-06,28.0,28.0,14.0,6.0,6.0,6.0
1.824373276096071,1.0,4.087149735721323e-05,6.483396773779881e-05,0.35005894896401785,-0.00012798241399927254,0.3498625216665943,0.35005894896401785,-0.00012798241399927254,0.3498625216665943,0.3500422444214909,-0.00010858978593706792,0.34989438643604315,-0.32699758211244756,-1.420046631489889,1.2358226776123047,-1.3859131971942347,-1.571026627217428,2.7380685806274414,0.00026844663079828024,-0.00013422331539914012,-0.0004074636672157794,0.001294296351261437,0.0,0.0,-0.3269459188633995,-1.4200415001398394,1.2357433491600138,-1.3858589859035255,-1.5708655053125082,2.7381195252379973,-7.341129786598147e-06,0.0001275370651255245,0.00010219422996864006,2.9867453466345644e-05,0.00024199201464146134,0.00013586230129021312,-0.0019694888403776847,-8.031641290219362,-6.267326322474681,-0.9626524292743425,-7.703699966541388e-05,1.1990920832907683e-06,28.0,28.0,14.0,6.0,6.0,6.0
1.828373276096071,1.0,4.087149735721323e-05,6.483396773779881e-05,0.35005894896401785,-0.00012798241399927254,0.3498625216665943,0.35005894896401785,-0.00012798241399927254,0.3498625216665943,0.3500422444214909,-0.00010858978593706792,0.34989438643604315,-0.32699758211244756,-1.420046631489889,1.2358226776123047,-1.3859131971942347,-1.571026627217428,2.7380685806274414,0.00026844663079828024,-0.00013422331539914012,-0.0004074636672157794,0.001294296351261437,0.0,0.0,-0.32694596631454315,-1.4200410154034875,1.2357437985552393,-1.3858589352931472,-1.570864553664114,2.7381200588267687,-1.1862785899437744e-05,0.0001211840879919233,0.00011234880636862929,1.2652594563972719e-05,0.0002379120985626786,0.0001333971928456104,-0.0019694888403776847,-8.031641290219362,-6.267326322474681,-0.9626524292743425,-7.703699966541388e-05,1.1990920832907683e-06,28.0,28.0,14.0,6.0,6.0,6.0
1.8331288551185287,1.0,3.0476392842017648e-05,9.341141589358066e-05,0.35005894896401785,-0.00012798241399927254,0.3498625216665943,0.35005894896401785,-0.00012798241399927254,0.3498625216665943,0.35003879250855785,-0.00012634088259481493,0.3498853215174403,-0.3270457426654261,-1.420046631489889,1.2358465194702148,-1.3858893553363245,-1.5710504690753382,2.7380685806274414,0.00024927189224399626,-0.00013422331539914012,-0.0004074636672157794,0.0014381069922819734,0.0,0.0,-0.32694600739570157,-1.4200405674754706,1.2357442987654395,-1.3858589971544506,-1.5708635899091996,2.7381205519556038,-1.0270289600356718e-05,0.00011198200423208717,0.0001250525500571934,-1.5465325850553824e-05,0.00024093872860093892,0.00012328220877498786,-0.0013529898995142354,-8.032273534769216,-6.267560522849974,-0.962707588188979,-6.315607354648663e-05,5.367308667539382e-07,28.0,28.0,14.0,6.0,6.0,6.0
1.8371288551185287,1.0,3.0476392842017648e-05,9.341141589358066e-05,0.35005894896401785,-0.00012798241399927254,0.3498625216665943,0.35005894896401785,-0.00012798241399927254,0.3498625216665943,0.35003879250855785,-0.00012634088259481493,0.3498853215174403,-0.3270457426654261,-1.420046631489889,1.2358465194702148,-1.3858893553363245,-1.5710504690753382,2.7380685806274414,0.00024927189224399626,-0.00013422331539914012,-0.0004074636672157794,0.0014381069922819734,0.0,0.0,-0.3269460424890739,-1.4200401541472887,1.235744846741716,-1.3858591647391347,-1.5708626147741562,2.738121007052099,-8.773343079220553e-06,0.00010333204549784122,0.00013699406912444367,-4.189617104020878e-05,0.00024378376083690362,0.00011377412374860266,-0.0013529898995142354,-8.032273534769216,-6.267560522849974,-0.962707588188979,-6.315607354648663e-05,5.367308667539382e-07,28.0,28.0,14.0,6.0,6.0,6.0
1.842302403126844,1.0,3.0476392842017648e-05,9.341141589358066e-05,0.35005894896401785,-0.00012798241399927254,0.3498625216665943,0.35005894896401785,-0.00012798241399927254,0.3498625216665943,0.35003879250855785,-0.00012634088259481493,0.3498853215174403,-0.3270457426654261,-1.420046631489889,1.2358465194702148,-1.3858893553363245,-1.5710504690753382,2.7380685806274414,0.00024927189224399626,-0.00013422331539914012,-0.0004074636672157794,0.0014381069922819734,0.0,0.0,-0.3269460719539273,-1.4200397733429515,1.2357454396181042,-1.3858594317037969,-1.5708616289417916,2.738121426398194,-7.366213349352557e-06,9.520108428765002e-05,0.00014821909704765892,-6.674116551848443e-05,0.0002464580911387104,0.00010483652382380056,-0.0013529898995142354,-8.032273534769216,-6.267560522849974,-0.962707588188979,-6.315607354648663e-05,5.367308667539382e-07,28.0,28.0,14.0,6.0,6.0,6.0
1.846302403126844,1.0,4.971422130963385e-05,5.484173128873153e-05,0.35005894896401785,-0.00012798241399927254,0.3498625216665943,0.35005894896401785,-0.00012798241399927254,0.3498625216665943,0.3500340103077592,-0.00011741126649941293,0.34990420881167494,-0.327033821736471,-1.4200823942767542,1.2358226776123047,-1.3858893553363245,-1.5710142294513147,2.738032579421997,0.00023009712458588183,-0.00013422331539914012,-0.0004074636672157794,0.0014381069922819734,0.0,0.0,-0.32694609877598524,-1.4200393860397529,1.235746055071218,-1.3858597408657753,-1.5708606747931633,2.738121865619897,-6.7055144864931085e-06,9.682579966138086e-05,0.0001538632784360767,-7.729049460458425e-05,0.00023853715710748507,0.00010980542578381612,-0.0015912205236766435,-8.03079278177488,-6.2671325540770475,-0.9626436099655847,-6.429808939741911e-05,1.1135630011504394e-06,28.0,28.0,14.0,6.0,6.0,6.0
1.8511316021219835,1.0,4.971422130963385e-05,5.484173128873153e-05,0.35005894896401785,-0.00012798241399927254,0.3498625216665943,0.35005894896401785,-0.00012798241399927254,0.3498625216665943,0.3500340103077592,-0.00011741126649941293,0.34990420881167494,-0.327033821736471,-1.4200823942767542,1.2358226776123047,-1.3858893553363245,-1.5710142294513147,2.738032579421997,0.00023009712458588183,-0.00013422331539914012,-0.0004074636672157794,0.0014381069922819734,0.0,0.0,-0.32694612311381543,-1.4200389926276245,1.235746691746454,-1.3858600896932312,-1.5708597504272468,2.7381223235246717,-6.084457555405226e-06,9.835303211268786e-05,0.00015916880894118943,-8.720686394551806e-05,0.00023109147911813324,0.00011447619362623075,-0.0015912205236766435,-8.03079278177488,-6.2671325540770475,-0.9626436099655847,-6.429808939741911e-05,1.1135630011504394e-06,28.0,28.0,14.0,6.0,6.0,6.0
1.8551316021219835,1.0,3.8935779223771336e-05,0.00012470980248445487,0.35005894896401785,-0.00012798241399927254,0.3498625216665943,0.35005894896401785,-0.00012798241399927254,0.3498625216665943,0.3500273878972559,-0.00012351112030227035,0.3498848801437626,-0.32705766359438115,-1.4200823942767542,1.2358708381652832,-1.385829273854391,-1.5710142294513147,2.7380800247192383,0.0002109223569277674,-0.00013422331539914012,-0.0004074636672157794,0.0014381069922819734,0.0,0.0,-0.32694613233233505,-1.4200386192636516,1.2357473763124724,-1.3858606026506657,-1.5708588540664776,2.738122730571773,-2.3046299054543174e-06,9.334099323546508e-05,0.00017114150462843467,-0.00012823935863434335,0.0002240901922949768,0.00010176177538427793,-0.0011050089245841532,-8.03166147414809,-6.267475815966946,-0.962719180383816,-5.6499360155250514e-05,1.528419139466763e-07,28.0,28.0,14.0,6.0,6.0,6.0
1.8597589411400266,1.0,3.8935779223771336e-05,0.00012470980248445487,0.35005894896401785,-0.00012798241399927254,0.3498625216665943,0.35005894896401785,-0.00012798241399927254,0.3498625216665943,0.3500273878972559,-0.00012351112030227035,0.3498848801437626,-0.32705766359438115,-1.4200823942767542,1.2358708381652832,-1.385829273854391,-1.5710142294513147,2.7380800247192383,0.0002109223569277674,-0.00013422331539914012,-0.0004074636672157794,0.0014381069922819734,0.0,0.0,-0.3269461273387027,-1.4200382647449448,1.2357481058958268,-1.3858612698902804,-1.570857984030547,2.738123089812662,1.2484080854995366e-06,8.862967669087566e-05,0.00018239583857444517,-0.0001668099036418391,0.00021750898268120973,8.981022223684229e-05,-0.0011050089245841532,-8.03166147414809,-6.267475815966946,-0.962719180383816,-5.6499360155250514e-05,1.528419139466763e-07,28.0,28.0,14.0,6.0,6.0,6.0
1.8637589411400266,1.0,3.8935779223771336e-05,0.00012470980248445487,0.35005894896401785,-0.00012798241399927254,0.3498625216665943,0.35005894896401785,-0.00012798241399927254,0.3498625216665943,0.3500273878972559,-0.00012351112030227035,0.3498848801437626,-0.32705766359438115,-1.4200823942767542,1.2358708381652832,-1.385829273854391,-1.5710142294513147,2.7380800247192383,0.0002109223569277674,-0.00013422331539914012,-0.0004074636672157794,0.0014381069922819734,0.0,0.0,-0.3269461089856475,-1.4200379279407882,1.2357488777954768,-1.3858620821551442,-1.5708571387399644,2.738123404115711,4.588263796996162e-06,8.420103913896162e-05,0.00019297491248369505,-0.00020306621594888514,0.0002113226456442687,7.857576227825278e-05,-0.0011050089245841532,-8.03166147414809,-6.267475815966946,-0.962719180383816,-5.6499360155250514e-05,1.528419139466763e-07,28.0,28.0,14.0,6.0,6.0,6.0
1.8688137481394231,1.0,3.8935779223771336e-05,0.00012470980248445487,0.35005894896401785,-0.00012798241399927254,0.3498625216665943,0.35005894896401785,-0.00012798241399927254,0.3498625216665943,0.3500273878972559,-0.00012351112030227035,0.3498848801437626,-0.32705766359438115,-1.4200823942767542,1.2358708381652832,-1.385829273854391,-1.5710142294513147,2.7380800247192383,0.0002109223569277674,-0.00013422331539914012,-0.0004074636672157794,0.0014381069922819734,0.0,0.0,-0.32694607807473486,-1.4200376077883088,1.2357496894724447,-1.3858630307437423,-1.5708563167100091,2.7381236761771905,7.727728165802988e-06,8.003811984016242e-05,0.00020291924195838993,-0.0002371471495175084,0.0002055074888295441,6.801536991717864e-05,-0.0011050089245841532,-8.03166147414809,-6.267475815966946,-0.962719180383816,-5.6499360155250514e-05,1.528419139466763e-07,28.0,28.0,14.0,6.0,6.0,6.0
1.8728137481394231,1.0,4.774444893118162e-05,0.00012007179278597699,0.35005894896401785,-0.00012798241399927254,0.3498625216665943,0.35005894896401785,-0.00012798241399927254,0.3498625216665943,0.3500363005121474,-9.92665030720898e-05,0.3498932133021199,-0.3269856611834925,-1.420058552418844,1.2358226776123047,-1.385853115712301,-1.5709903875934046,2.738032579421997,0.0002109223569277674,-0.00011504856229294091,-0.0004074636672157794,0.0014381069922819734,0.0,0.0,-0.3269460733593456,-1.4200373029311404,1.2357505395275168,-1.3858640524128258,-1.5708555439818073,2.7381240081370866,1.1788473081145296e-06,7.621429209153162e-05,0.00021251376803884658,-0.00025541727087091166,0.0001931820504492274,8.298997401778631e-05,-0.0017951929925465698,-8.031659642996996,-6.267375311425063,-0.9626945369944545,-7.487904781012618e-05,1.693826780682508e-06,28.0,28.0,14.0,6.0,6.0,6.0
1.877765250161291,1.0,4.774444893118162e-05,0.00012007179278597699,0.35005894896401785,-0.00012798241399927254,0.3498625216665943,0.35005894896401785,-0.00012798241399927254,0.3498625216665943,0.3500363005121474,-9.92665030720898e-05,0.3498932133021199,-0.3269856611834925,-1.420058552418844,1.2358226776123047,-1.385853115712301,-1.5709903875934046,2.738032579421997,0.0002109223569277674,-0.00011504856229294091,-0.0004074636672157794,0.0014381069922819734,0.0,0.0,-0.3269460932677484,-1.4200370124515644,1.235751425658007,-1.3858651427775657,-1.5708548175972539,2.738124396401494,-4.977100698112622e-06,7.261989400781868e-05,0.00022153262255447583,-0.0002725911849431107,0.0001815961383717297,9.706610187235751e-05,-0.0017951929925465698,-8.031659642996996,-6.267375311425063,-0.9626945369944545,-7.487904781012618e-05,1.693826780682508e-06,28.0,28.0,14.0,6.0,6.0,6.0
1.881765250161291,1.0,5.123537279262287e-05,7.716534637556333e-05,0.35005894896401785,-0.00012798241399927254,0.3498625216665943,0.35005894896401785,-0.00012798241399927254,0.3498625216665943,0.35003056061124904,-0.00010983102391338073,0.3499011181935135,-0.32700950304140264,-1.4200823942767542,1.2358226776123047,-1.385853115712301,-1.571038548146383,2.7380685806274414,0.0001917476038215682,-0.00011504856229294091,-0.0004074636672157794,0.0014381069922819734,0.0,0.0,-0.32694613039275106,-1.4200367194278063,1.2357523373527075,-1.3858662779690263,-1.5708540793088717,2.738124775501753,-9.281250650585673e-06,7.325593952499955e-05,0.00022792367510390287,-0.0002837978651476625,0.00018457209557805313,9.477506485016864e-05,-0.0016823952937635393,-8.030996520286964,-6.267199061024823,-0.9626666807521914,-6.746309204311123e-05,8.805244304198547e-07,28.0,28.0,14.0,6.0,6.0,6.0
1.8864187121663716,1.0,5.123537279262287e-05,7.716534637556333e-05,0.35005894896401785,-0.00012798241399927254,0.3498625216665943,0.35005894896401785,-0.00012798241399927254,0.3498625216665943,0.35003056061124904,-0.00010983102391338073,0.3499011181935135,-0.32700950304140264,-1.4200823942767542,1.2358226776123047,-1.385853115712301,-1.571038548146383,2.7380685806274414,0.0001917476038215682,-0.00011504856229294091,-0.0004074636672157794,0.0014381069922819734,0.0,0.0,-0.3269461837013575,-1.420036424012517,1.2357532730777656,-1.3858674552976045,-1.5708533298308902,2.738125145987713,-1.332715160591034e-05,7.385382231114957e-05,0.00023393126450036429,-0.00029433214453994123,0.00018736949535199716,9.262149004931109e-05,-0.0016823952937635393,-8.030996520286964,-6.267199061024823,-0.9626666807521914,-6.746309204311123e-05,8.805244304198547e-07,28.0,28.0,14.0,6.0,6.0,6.0
1.8904187121663716,1.0,5.123537279262287e-05,7.716534637556333e-05,0.35005894896401785,-0.00012798241399927254,0.3498625216665943,0.35005894896401785,-0.00012798241399927254,0.3498625216665943,0.35003056061124904,-0.00010983102391338073,0.3499011181935135,-0.32700950304140264,-1.4200823942767542,1.2358226776123047,-1.385853115712301,-1.571038548146383,2.7380685806274414,0.0001917476038215682,-0.00011504856229294091,-0.0004074636672157794,0.0014381069922819734,0.0,0.0,-0.32694625222255147,-1.4200361263491885,1.2357542313913596,-1.385868672235073,-1.5708525698346856,2.738125508376232,-1.7130298503915525e-05,7.441583213013059e-05,0.000239578398533038,-0.00030423436716868317,0.00018999905113950455,9.0597129736505e-05,-0.0016823952937635393,-8.030996520286964,-6.267199061024823,-0.9626666807521914,-6.746309204311123e-05,8.805244304198547e-07,28.0,28.0,14.0,6.0,6.0,6.0
1.8955530761743438,1.0,5.123537279262287e-05,7.716534637556333e-05,0.35005894896401785,-0.00012798241399927254,0.3498625216665943,0.35005894896401785,-0.00012798241399927254,0.3498625216665943,0.35003056061124904,-0.00010983102391338073,0.3499011181935135,-0.32700950304140264,-1.4200823942767542,1.2358226776123047,-1.385853115712301,-1.571038548146383,2.7380685806274414,0.0001917476038215682,-0.00011504856229294091,-0.0004074636672157794,0.0014381069922819734,0.0,0.0,-0.32694633504357784,-1.420035826572703,1.2357552109381778,-1.3858699264048988,-1.5708517999513512,2.738125863153156,-2.07052565880404e-05,7.494412135997275e-05,0.00024488670452375134,-0.00031354245643970064,0.00019247083357976148,8.869423104246728e-05,-0.0016823952937635393,-8.030996520286964,-6.267199061024823,-0.9626666807521914,-6.746309204311123e-05,8.805244304198547e-07,28.0,28.0,14.0,6.0,6.0,6.0
1.8995530761743438,1.0,3.5491702759253984e-05,0.0001251516230507199,0.35005894896401785,-0.00012798241399927254,0.3498625216665943,0.35005894896401785,-0.00012798241399927254,0.3498625216665943,0.35003381124123073,-0.00011734374034186459,0.3498852059007811,-0.327033821736471,-1.420058552418844,1.2358465194702148,-1.3858416716205042,-1.5710142294513147,2.738020658493042,0.0001917476038215682,-0.00011504856229294091,-0.0004074636672157794,0.0014381069922819734,0.0,0.0,-0.3269464138652365,-1.4200355508187021,1.2357562250173175,-1.385871272248176,-1.5708510487923621,2.7381262554074195,-1.9705414663821148e-05,6.893850021755464e-05,0.0002535197849343468,-0.0003364608193108969,0.0001877897472491741,9.806356581175991e-05,-0.0011910224216612796,-8.032191855981447,-6.267544571591395,-0.9627210628942422,-6.0997315349987726e-05,1.1851672086255223e-06,28.0,28.0,14.0,6.0,6.0,6.0
1.904185165170348,1.0,3.5491702759253984e-05,0.0001251516230507199,0.35005894896401785,-0.00012798241399927254,0.3498625216665943,0.35005894896401785,-0.00012798241399927254,0.3498625216665943,0.35003381124123073,-0.00011734374034186459,0.3498852059007811,-0.327033821736471,-1.420058552418844,1.2358465194702148,-1.3858416716205042,-1.5710142294513147,2.738020658493042,0.0001917476038215682,-0.00011504856229294091,-0.0004074636672157794,0.0014381069922819734,0.0,0.0,-0.3269464889274895,-1.4200352976458368,1.2357572715568397,-1.3858727042644978,-1.5708503152342577,2.7381266828903814,-1.8765563255055052e-05,6.329321634368162e-05,0.0002616348805203065,-0.0003580040804098214,0.00018338952609842196,0.00010687074049489499,-0.0011910224216612796,-8.032191855981447,-6.267544571591395,-0.9627210628942422,-6.0997315349987726e-05,1.1851672086255223e-06,28.0,28.0,14.0,6.0,6.0,6.0
1.908185165170348,1.0,3.9667170305800846e-05,8.760277975356188e-05,0.35005894896401785,-0.00012798241399927254,0.3498625216665943,0.35005894896401785,-0.00012798241399927254,0.3498625216665943,0.35003477981143194,-0.00011767229295283938,0.3498922376196727,-0.327033821736471,-1.420058552418844,1.2358226776123047,-1.3858416716205042,-1.5710142294513147,2.7380685806274414,0.00017257283616345376,-0.00011504856229294091,-0.0004074636672157794,0.001318264752626419,0.0,0.0,-0.3269465613862999,-1.420035059990417,1.2357583500081195,-1.385874202678767,-1.570849598223614,2.7381270882723387,-1.8114702601190786e-05,5.941385496771097e-05,0.00026961281993894727,-0.0003746035672950945,0.00017925266096379468,0.000101345489377746,-0.0011570931344186822,-8.031914069670794,-6.267349696154431,-0.9626742637602148,-5.9348276166446565e-05,5.255037392529918e-07,28.0,28.0,14.0,6.0,6.0,6.0
1.913213849182707,1.0,3.9667170305800846e-05,8.760277975356188e-05,0.35005894896401785,-0.00012798241399927254,0.3498625216665943,0.35005894896401785,-0.00012798241399927254,0.3498625216665943,0.35003477981143194,-0.00011767229295283938,0.3498922376196727,-0.327033821736471,-1.420058552418844,1.2358226776123047,-1.3858416716205042,-1.5710142294513147,2.7380685806274414,0.00017257283616345376,-0.00011504856229294091,-0.0004074636672157794,0.001318264752626419,0.0,0.0,-0.3269466313978743,-1.420034836921396,1.2357594584564515,-1.3858757635071068,-1.5708488967675829,2.738127472879352,-1.7502893586558375e-05,5.5767255274298556e-05,0.00027711208299246954,-0.0003902070849672513,0.00017536400773724502,9.615175332762594e-05,-0.0011570931344186822,-8.031914069670794,-6.267349696154431,-0.9626742637602148,-5.9348276166446565e-05,5.255037392529918e-07,28.0,28.0,14.0,6.0,6.0,6.0
1.917213849182707,1.0,3.9667170305800846e-05,8.760277975356188e-05,0.35005894896401785,-0.00012798241399927254,0.3498625216665943,0.35005894896401785,-0.00012798241399927254,0.3498625216665943,0.35003477981143194,-0.00011767229295283938,0.3498922376196727,-0.327033821736471,-1.420058552418844,1.2358226776123047,-1.3858416716205042,-1.5710142294513147,2.7380685806274414,0.00017257283616345376,-0.00011504856229294091,-0.0004074636672157794,0.001318264752626419,0.0,0.0,-0.3269466991090467,-1.4200346275635898,1.2357605951020125,-1.3858773830046731,-1.570848209932888,2.7381278379579177,-1.692779311280391e-05,5.2339451562490886e-05,0.0002841613902627805,-0.0004048743915790786,0.00017170867370428834,9.12696414405131e-05,-0.0011570931344186822,-8.031914069670794,-6.267349696154431,-0.9626742637602148,-5.9348276166446565e-05,5.255037392529918e-07,28.0,28.0,14.0,6.0,6.0,6.0
1.9221487271839295,1.0,4.7856713403533565e-05,0.00010737335466254028,0.35005894896401785,-0.00012798241399927254,0.3498625216665943,0.35005894896401785,-0.00012798241399927254,0.3498625216665943,0.3500290086300151,-0.00010513954420436896,0.34989205206986157,-0.32700950304140264,-1.4200823942767542,1.2358465194702148,-1.385829273854391,-1.5709903875934046,2.7380564212799072,0.00017257283616345376,-0.00011504856229294091,-0.0003834952076431364,0.0011265171924605966,0.0,0.0,-0.3269467752548823,-1.420034418869654,1.2357617503585494,-1.3858790843167783,-1.5708475642965727,2.738128216106549,-1.9036458896266586e-05,5.2173483918084176e-05,0.00028881413421861076,-0.0004253280262811724,0.00016140907882495177,9.453715783664141e-05,-0.0014502775968206845,-8.031302963215923,-6.26728420676047,-0.9626609245658341,-6.543252979714277e-05,9.96065344643391e-07,28.0,28.0,14.0,6.0,6.0,6.0
1.9261487271839295,1.0,4.7856713403533565e-05,0.00010737335466254028,0.35005894896401785,-0.00012798241399927254,0.3498625216665943,0.35005894896401785,-0.00012798241399927254,0.3498625216665943,0.3500290086300151,-0.00010513954420436896,0.34989205206986157,-0.32700950304140264,-1.4200823942767542,1.2358465194702148,-1.385829273854391,-1.5709903875934046,2.7380564212799072,0.00017257283616345376,-0.00011504856229294091,-0.0003834952076431364,0.0011265171924605966,0.0,0.0,-0.32694685932930123,-1.4200342107997568,1.2357629231094036,-1.38588086253455,-1.570846957386734,2.7381286065410424,-2.1018604732721504e-05,5.201747433234187e-05,0.0002931877135370912,-0.0004445544429011405,0.0001517274596383754,9.760862324900203e-05,-0.0014502775968206845,-8.031302963215923,-6.26728420676047,-0.9626609245658341,-6.543252979714277e-05,9.96065344643391e-07,28.0,28.0,14.0,6.0,6.0,6.0
1.9304317171887968,1.0,4.7856713403533565e-05,0.00010737335466254028,0.35005894896401785,-0.00012798241399927254,0.3498625216665943,0.35005894896401785,-0.00012798241399927254,0.3498625216665943,0.3500290086300151,-0.00010513954420436896,0.34989205206986157,-0.32700950304140264,-1.4200823942767542,1.2358465194702148,-1.385829273854391,-1.5709903875934046,2.7380564212799072,0.00017257283616345376,-0.00011504856229294091,-0.0003834952076431364,0.0011265171924605966,0.0,0.0,-0.3269469508565885,-1.4200340033164556,1.235764112304916,-1.3858827130436482,-1.5708463868797837,2.738129008524245,-2.2881821818989125e-05,5.18708253217441e-05,0.0002972988780964628,-0.00046262727452391056,0.0001426267376029936,0.000100495800736621,-0.0014502775968206845,-8.031302963215923,-6.26728420676047,-0.9626609245658341,-6.543252979714277e-05,9.96065344643391e-07,28.0,28.0,14.0,6.0,6.0,6.0
1.9344317171887968,1.0,4.786724052228889e-05,6.199163164479075e-05,0.35005894896401785,-0.00012798241399927254,0.3498625216665943,0.35005894896401785,-0.00012798241399927254,0.3498625216665943,0.350030621640377,-0.00011940398160218588,0.34990014142135395,-0.3270457426654261,-1.4200823942767542,1.2358226776123047,-1.3858416716205042,-1.5710023085223597,2.7380564212799072,0.00017257283616345376,-9.58738019107841e-05,-0.00035952674807049334,0.0009827064350247383,0.0,0.0,-0.32694703025260125,-1.420033787515689,1.2357653139866696,-1.3858846004907606,-1.570845836872255,2.7381293987517545,-1.984900319585138e-05,5.395019166837252e-05,0.0003004204383948978,-0.0004718617781068756,0.00013750188215011765,9.755687732043471e-05,-0.0011009746411125942,-8.031273024416256,-6.2671736737186015,-0.9626194546104463,-5.6179849079920765e-05,5.283726976224109e-07,28.0,28.0,14.0,6.0,6.0,6.0
1.93891062917444,1.0,4.786724052228889e-05,6.199163164479075e-05,0.35005894896401785,-0.00012798241399927254,0.3498625216665943,0.35005894896401785,-0.00012798241399927254,0.3498625216665943,0.350030621640377,-0.00011940398160218588,0.34990014142135395,-0.3270457426654261,-1.4200823942767542,1.2358226776123047,-1.3858416716205042,-1.5710023085223597,2.7380564212799072,0.00017257283616345376,-9.58738019107841e-05,-0.00035952674807049334,0.0009827064350247383,0.0,0.0,-0.326947098245216,-1.420033563896505,1.2357665274054899,-1.3858865226596064,-1.570845306134183,2.7381297779289118,-1.6998153690101897e-05,5.5904796034203234e-05,0.00030335470507542663,-0.0004805422114748627,0.00013268451802441426,9.47942893092196e-05,-0.0011009746411125942,-8.031273024416256,-6.2671736737186015,-0.9626194546104463,-5.6179849079920765e-05,5.283726976224109e-07,28.0,28.0,14.0,6.0,6.0,6.0
1.94291062917444,1.0,4.786724052228889e-05,6.199163164479075e-05,0.35005894896401785,-0.00012798241399927254,0.3498625216665943,0.35005894896401785,-0.00012798241399927254,0.3498625216665943,0.350030621640377,-0.00011940398160218588,0.34990014142135395,-0.3270457426654261,-1.4200823942767542,1.2358226776123047,-1.3858416716205042,-1.5710023085223597,2.7380564212799072,0.00017257283616345376,-9.58738019107841e-05,-0.00035952674807049334,0.0009827064350247383,0.0,0.0,-0.3269471555186366,-1.4200333329280084,1.2357677518571528,-1.3858884774668818,-1.5708447935093999,2.738130146718738,-1.4318355154697383e-05,5.77421241380841e-05,0.0003061129157551238,-0.0004887018188407706,0.00012815619574625307,9.219745657867738e-05,-0.0011009746411125942,-8.031273024416256,-6.2671736737186015,-0.9626194546104463,-5.6179849079920765e-05,5.283726976224109e-07,28.0,28.0,14.0,6.0,6.0,6.0
1.9479808721761227,1.0,6.191691230369298e-05,0.00010586239031945996,0.35005894896401785,-0.00012798241399927254,0.3498625216665943,0.35005894896401785,-0.00012798241399927254,0.3498625216665943,0.35002430814878277,-9.726106719885697e-05,0.34990363026423327,-0.3269856611834925,-1.4201067129718226,1.2358345985412598,-1.385829273854391,-1.5710142294513147,2.738044500350952,0.00015339808305725455,0.0,-0.00033555831760168076,0.0008868326549418271,0.0,0.0,-0.3269472398716955,-1.4200330773041145,1.2357689820344164,-1.3858904749008703,-1.5708442841587829,2.738130552455542,-2.1088264721630086e-05,6.390597344620515e-05,0.000307544315919606,-0.0004993584971100402,0.00012733765424837522,0.00010143420106939412,-0.0016638149654401167,-8.031018533928165,-6.267297671824943,-0.9626471198063229,-7.011990029552664e-05,1.4161723664754095e-06,28.0,28.0,14.0,6.0,6.0,6.0
1.9519808721761227,1.0,6.191691230369298e-05,0.00010586239031945996,0.35005894896401785,-0.00012798241399927254,0.3498625216665943,0.35005894896401785,-0.00012798241399927254,0.3498625216665943,0.35002430814878277,-9.726106719885697e-05,0.34990363026423327,-0.3269856611834925,-1.4201067129718226,1.2358345985412598,-1.385829273854391,-1.5710142294513147,2.738044500350952,0.00015339808305725455,0.0,-0.00033555831760168076,0.0008868326549418271,0.0,0.0,-0.32694734967961436,-1.4200327985041474,1.2357702175937448,-1.385892512403969,-1.570843777885882,2.7381309929225055,-2.7451979714546823e-05,6.969999179583894e-05,0.0003088898320742193,-0.0005093757746831536,0.00012656822524037005,0.00011011674089066785,-0.0016638149654401167,-8.031018533928165,-6.267297671824943,-0.9626471198063229,-7.011990029552664e-05,1.4161723664754095e-06,28.0,28.0,14.0,6.0,6.0,6.0
1.9571104861770299,1.0,6.191691230369298e-05,0.00010586239031945996,0.35005894896401785,-0.00012798241399927254,0.3498625216665943,0.35005894896401785,-0.00012798241399927254,0.3498625216665943,0.35002430814878277,-9.726106719885697e-05,0.34990363026423327,-0.3269856611834925,-1.4201067129718226,1.2358345985412598,-1.385829273854391,-1.5710142294513147,2.738044500350952,0.00015339808305725455,0.0,-0.00033555831760168076,0.0008868326549418271,0.0,0.0,-0.3269474834151016,-1.4200324979186711,1.235771458212214,-1.3858945875720314,-1.5708432745060341,2.738131466035819,-3.343387180788856e-05,7.51463690444947e-05,0.00031015461725955574,-0.0005187920156018803,0.0001258449619728452,0.00011827832832266517,-0.0016638149654401167,-8.031018533928165,-6.267297671824943,-0.9626471198063229,-7.011990029552664e-05,1.4161723664754095e-06,28.0,28.0,14.0,6.0,6.0,6.0
1.9611104861770299,1.0,5.1439182178422765e-05,4.962013737906375e-05,0.35005894896401785,-0.00012798241399927254,0.3498625216665943,0.35005894896401785,-0.00012798241399927254,0.3498625216665943,0.3500316817767083,-0.00011662139607067614,0.34990463362725915,-0.327033821736471,-1.4200823942767542,1.2358107566833496,-1.385853115712301,-1.5710142294513147,2.7380564212799072,0.00015339808305725455,0.0,-0.00033555831760168076,0.0007909588748589158,0.0,0.0,-0.32694761195498684,-1.4200321850480628,1.2357727049845357,-1.3858966690369863,-1.5708427738623658,2.738131928310677,-3.213497130209626e-05,7.821765208572862e-05,0.00031169308044741006,-0.0005203662387358679,0.000125160917089664,0.00011556871448212871,-0.001074386388104867,-8.031649842109276,-6.26729688346412,-0.9626166626762653,-5.7697468813087696e-05,6.408701902294844e-07,28.0,28.0,14.0,6.0,6.0,6.0
1.965703390154057,1.0,5.1439182178422765e-05,4.962013737906375e-05,0.35005894896401785,-0.00012798241399927254,0.3498625216665943,0.35005894896401785,-0.00012798241399927254,0.3498625216665943,0.3500316817767083,-0.00011662139607067614,0.34990463362725915,-0.327033821736471,-1.4200823942767542,1.2358107566833496,-1.385853115712301,-1.5710142294513147,2.7380564212799072,0.00015339808305725455,0.0,-0.00033555831760168076,0.0007909588748589158,0.0,0.0,-0.32694773561100615,-1.4200318606294302,1.235773957541479,-1.3858987564210201,-1.5708422757907061,2.7381323803973867,-3.0914004826651505e-05,8.110465814448851e-05,0.00031313923584399314,-0.0005218460084818161,0.00012451791489947369,0.00011302167747202443,-0.001074386388104867,-8.031649842109276,-6.26729688346412,-0.9626166626762653,-5.7697468813087696e-05,6.408701902294844e-07,28.0,28.0,14.0,6.0,6.0,6.0
1.969703390154057,1.0,5.1439182178422765e-05,4.962013737906375e-05,0.35005894896401785,-0.00012798241399927254,0.3498625216665943,0.35005894896401785,-0.00012798241399927254,0.3498625216665943,0.3500316817767083,-0.00011662139607067614,0.34990463362725915,-0.327033821736471,-1.4200823942767542,1.2358107566833496,-1.385853115712301,-1.5710142294513147,2.7380564212799072,0.00015339808305725455,0.0,-0.00033555831760168076,0.0007909588748589158,0.0,0.0,-0.32694785467619153,-1.4200315253556548,1.2357752155359667,-1.3859008493689884,-1.5708417801367347,2.7381328229072373,-2.9766296339733432e-05,8.38184438397228e-05,0.0003144986219167812,-0.0005232369920430075,0.00012391349284069479,0.00011062746268252642,-0.001074386388104867,-8.031649842109276,-6.26729688346412,-0.9626166626762653,-5.7697468813087696e-05,6.408701902294844e-07,28.0,28.0,14.0,6.0,6.0,6.0
1.9748246921591934,1.0,5.2193906624614535e-05,8.552901779131737e-05,0.35005894896401785,-0.00012798241399927254,0.3498625216665943,0.35005894896401785,-0.00012798241399927254,0.3498625216665943,0.35003670679912624,-9.833211244960795e-05,0.3498992687699861,-0.3269856611834925,-1.420058552418844,1.2357988357543945,-1.3858416716205042,-1.5709779898272913,2.7380685806274414,0.00015339808305725455,0.0,-0.0003115898580290377,0.0007190534961409867,0.0,0.0,-0.326947991955795,-1.420031196664512,1.2357764957420843,-1.3859029770709632,-1.5708413284839953,2.7381332753593446,-3.4319900869956013e-05,8.21727856643567e-05,0.0003200515293930073,-0.000531925493712111,0.0001129131848535345,0.00011311302680349473,-0.0014013407103198,-8.032183148833777,-6.267419540817906,-0.9626352359003921,-6.983044448809143e-05,1.105365935843017e-06,28.0,28.0,14.0,6.0,6.0,6.0
1.9788246921591934,1.0,5.2193906624614535e-05,8.552901779131737e-05,0.35005894896401785,-0.00012798241399927254,0.3498625216665943,0.35005894896401785,-0.00012798241399927254,0.3498625216665943,0.35003670679912624,-9.833211244960795e-05,0.3498992687699861,-0.3269856611834925,-1.420058552418844,1.2357988357543945,-1.3858416716205042,-1.5709779898272913,2.7380685806274414,0.00015339808305725455,0.0,-0.0003115898580290377,0.0007190534961409867,0.0,0.0,-0.3269481463569515,-1.4200308741610441,1.235777796827134,-1.3859051374417044,-1.570840918192414,2.738133737157173,-3.860028912836524e-05,8.062586697951258e-05,0.0003252712624206598,-0.0005400926852810683,0.00010257289534560384,0.00011544945707720494,-0.0014013407103198,-8.032183148833777,-6.267419540817906,-0.9626352359003921,-6.983044448809143e-05,1.105365935843017e-06,28.0,28.0,14.0,6.0,6.0,6.0
1.9839151211411234,1.0,5.2193906624614535e-05,8.552901779131737e-05,0.35005894896401785,-0.00012798241399927254,0.3498625216665943,0.35005894896401785,-0.00012798241399927254,0.3498625216665943,0.35003670679912624,-9.833211244960795e-05,0.3498992687699861,-0.3269856611834925,-1.420058552418844,1.2357988357543945,-1.3858416716205042,-1.5709779898272913,2.7380685806274414,0.00015339808305725455,0.0,-0.0003115898580290377,0.0007190534961409867,0.0,0.0,-0.32694831685236786,-1.4200305574739904,1.2357791175383799,-1.385907328521086,-1.570840546780321,2.738134207739979,-4.262385409126991e-05,7.91717634157591e-05,0.00033017781146665317,-0.0005477698453558881,9.285302320814903e-05,0.00011764570153449254,-0.0014013407103198,-8.032183148833777,-6.267419540817906,-0.9626352359003921,-6.983044448809143e-05,1.105365935843017e-06,28.0,28.0,14.0,6.0,6.0,6.0
1.9879151211411235,1.0,5.088243859294888e-05,4.1706393662564294e-05,0.35005894896401785,-0.00012798241399927254,0.3498625216665943,0.35005894896401785,-0.00012798241399927254,0.3498625216665943,0.3500388911133424,-0.00011490180193944682,0.34990741713152773,-0.327033821736471,-1.420058552418844,1.2357745170593262,-1.385853115712301,-1.5709660688983362,2.7380564212799072,0.00013422331539914012,0.0,-0.0003115898580290377,0.0006471481756307185,0.0,0.0,-0.3269484740327483,-1.4200302368058377,1.2357804511777495,-1.3859095146511735,-1.5708402256624197,2.738134674471218,-3.92950951076439e-05,8.016703817646434e-05,0.00033340984238727875,-0.0005465325218953911,8.027947532217228e-05,0.0001166828097912269,-0.000844033202088949,-8.032076923552765,-6.267245530449648,-0.9625869287725022,-5.566722534132495e-05,5.995055197599503e-07,28.0,28.0,14.0,6.0,6.0,6.0
1.992529398127227,1.0,5.088243859294888e-05,4.1706393662564294e-05,0.35005894896401785,-0.00012798241399927254,0.3498625216665943,0.35005894896401785,-0.00012798241399927254,0.3498625216665943,0.3500388911133424,-0.00011490180193944682,0.34990741713152773,-0.327033821736471,-1.420058552418844,1.2357745170593262,-1.385853115712301,-1.5709660688983362,2.7380564212799072,0.00013422331539914012,0.0,-0.0003115898580290377,0.0006471481756307185,0.0,0.0,-0.32694861869699493,-1.4200299123954518,1.2357817969695553,-1.3859116961289248,-1.5708399518210585,2.7381351375819842,-3.616606166303544e-05,8.110259645152728e-05,0.00033644795145266684,-0.000545369437842524,6.846034030935415e-05,0.00011577769155255722,-0.000844033202088949,-8.032076923552765,-6.267245530449648,-0.9625869287725022,-5.566722534132495e-05,5.995055197599503e-07,28.0,28.0,14.0,6.0,6.0,6.0
1.996529398127227,1.0,3.789733923969214e-05,9.365416207133829e-05,0.35005894896401785,-0.00012798241399927254,0.3498625216665943,0.35005894896401785,-0.00012798241399927254,0.3498625216665943,0.3500404475724022,-0.00011005861721109104,0.34989031814727856,-0.3270214239703577,-1.420046631489889,1.2358226776123047,-1.3858655134784144,-1.5709541479693812,2.738044500350952,0.00013422331539914012,0.0,-0.00028762139845639467,0.0005992112564854324,0.0009827064350247383,0.0,-0.326948757009184,-1.4200296018409473,1.2357831511917388,-1.385913908945766,-1.5708396889767173,2.7381356198926916,-3.457804727940938e-05,7.763862616561081e-05,0.0003385555459012094,-0.0005532042102622296,6.571108530252833e-05,0.0001205776768915217,-0.0009096499097794685,-8.032939727319445,-6.267654670313104,-0.9626510273650233,-0.00010271801305848715,9.134195435742137e-07,28.0,28.0,14.0,6.0,6.0,6.0
