t,bf,pos_err,rot_err,pd_x,pd_y,pd_z,pd_ref_x,pd_ref_y,pd_ref_z,p_x,p_y,p_z,q0,q1,q2,q3,q4,q5,dq0,dq1,dq2,dq3,dq4,dq5,q_servo0,q_servo1,q_servo2,q_servo3,q_servo4,q_servo5,dq_des0,dq_des1,dq_des2,dq_des3,dq_des4,dq_des5,tau0,tau1,tau2,tau3,tau4,tau5,tau_lim0,tau_lim1,tau_lim2,tau_lim3,tau_lim4,tau_lim5
0.0,1.0,6.206309306056741e-05,0.0002341288300825532,-0.3499427809874881,0.00011962949350371266,0.22381006344904975,-0.3499427809874881,0.00011962949350371266,0.22381006344904975,-0.34997660263084945,0.00014895942831517483,0.22385304808449705,-0.3270815054522913,-1.4199865500079554,1.2359542846679688,-1.3861168066607874,-1.571038548146383,2.7379965782165527,0.0,0.0,-2.3968450477696024e-05,4.793690095539205e-05,0.0,0.0,-0.32706957277194043,-1.4199625743466164,1.2359783663037076,-1.386140191480276,-1.5710623620065978,2.7380325362449405,2.9378489466111033e-06,3.3450857195080745e-05,-5.926483235501362e-05,0.00011425960536634072,6.9994238734296184e-06,-1.0794264146093032e-05,-0.0006464309755617022,-8.03279293373247,-6.268084496907314,-0.962538835625277,-3.967485458976723e-05,-6.158983103628324e-07,28.0,28.0,14.0,6.0,6.0,6.0
0.004,1.0,6.206309306056741e-05,0.0002341288300825532,-0.3499427809874881,0.00011962949350371266,0.22381006344904975,-0.3499427809874881,0.00011962949350371266,0.22381006344904975,-0.34997660263084945,0.00014895942831517483,0.22385304808449705,-0.3270815054522913,-1.4199865500079554,1.2359542846679688,-1.3861168066607874,-1.571038548146383,2.7379965782165527,0.0,0.0,-2.3968450477696024e-05,4.793690095539205e-05,0.0,0.0,-0.3270695499742326,-1.4199623147679645,1.2359779965299824,-1.386139485068486,-1.5710623076910686,2.7380324524814506,5.69942695642554e-06,6.489466295845664e-05,-9.244343131969217e-05,0.00017660294751263247,1.3578882314453459e-05,-2.094087244342048e-05,-0.0006464309755617022,-8.03279293373247,-6.268084496907314,-0.962538835625277,-3.967485458976723e-05,-6.158983103628324e-07,28.0,28.0,14.0,6.0,6.0,6.0
0.008,1.0,7.70900591530628e-05,0.0003150554430674392,-0.3499427809874881,0.00011962949350371266,0.22381006344904975,-0.3499427809874881,0.00011962949350371266,0.22381006344904975,-0.3499846913232627,0.0001490865467776076,0.22386767146054035,-0.3270815054522913,-1.4200108687030237,1.2359423637390137,-1.3861525694476526,-1.571026627217428,2.738044500350952,0.0,0.0,-2.3968450477696024e-05,4.793690095539205e-05,0.0,0.0,-0.3270695125215929,-1.4199618817599742,1.2359774436289768,-1.3861384581465077,-1.5710622423560474,2.738032279630758,9.363159933377765e-06,0.00010825199759653123,-0.00013822525140357402,0.0002567304945877584,1.6333755287854382e-05,-4.321267306978512e-05,-0.000938489753740554,-8.0313369463587,-6.267772035885051,-0.9624922115677883,-3.8417673713971114e-05,-1.2344001279482745e-06,28.0,28.0,14.0,6.0,6.0,6.0
0.013024715006584302,1.0,7.70900591530628e-05,0.0003150554430674392,-0.3499427809874881,0.00011962949350371266,0.22381006344904975,-0.3499427809874881,0.00011962949350371266,0.22381006344904975,-0.3499846913232627,0.0001490865467776076,0.22386767146054035,-0.3270815054522913,-1.4200108687030237,1.2359423637390137,-1.3861525694476526,-1.571026627217428,2.738044500350952,0.0,0.0,-2.3968450477696024e-05,4.793690095539205e-05,0.0,0.0,-0.32706946129331715,-1.4199612857284056,1.2359767185883277,-1.3861371299449523,-1.5710621666627038,2.7380320230380955,1.2807068931712858e-05,0.00014900789215632133,-0.00018126016228242297,0.0003320503888383767,1.8923335882851248e-05,-6.414816565856787e-05,-0.000938489753740554,-8.0313369463587,-6.267772035885051,-0.9624922115677883,-3.8417673713971114e-05,-1.2344001279482745e-06,28.0,28.0,14.0,6.0,6.0,6.0
0.017024715006584302,1.0,7.70900591530628e-05,0.0003150554430674392,-0.3499427809874881,0.00011962949350371266,0.22381006344904975,-0.3499427809874881,0.00011962949350371266,0.22381006344904975,-0.3499846913232627,0.0001490865467776076,0.22386767146054035,-0.3270815054522913,-1.4200108687030237,1.2359423637390137,-1.3861525694476526,-1.571026627217428,2.738044500350952,0.0,0.0,-2.3968450477696024e-05,4.793690095539205e-05,0.0,0.0,-0.32706939711594357,-1.4199605364546735,1.2359758317364136,-1.3861355185405946,-1.5710620812325373,2.7380316877279807,1.6044343390147844e-05,0.00018731843304252405,-0.00022171297850854098,0.00040285108943395793,2.13575416421483e-05,-8.382752869202367e-05,-0.000938489753740554,-8.0313369463587,-6.267772035885051,-0.9624922115677883,-3.8417673713971114e-05,-1.2344001279482745e-06,28.0,28.0,14.0,6.0,6.0,6.0
0.022410373011836782,1.0,6.264200857770573e-05,0.0002566147748634031,-0.3499427809874881,0.00011962949350371266,0.22381006344904975,-0.3499427809874881,0.00011962949350371266,0.22381006344904975,-0.34997971062105276,0.00014273002939826413,0.22385508109719815,-0.3270457426654261,-1.4199865500079554,1.2359542846679688,-1.3861406485186976,-1.5710623900042933,2.7379965782165527,0.0,0.0,-2.3968450477696024e-05,4.793690095539205e-05,0.0,0.0,-0.3270693541929406,-1.4199596895039042,1.235974835223607,-1.386133692462389,-1.5710619454555772,2.7380313414068045,1.0730750741823812e-05,0.00021173769231413355,-0.0002491282016354134,0.0004565195513859838,3.39442400524884e-05,-8.658029409828765e-05,-0.0012362579132888366,-8.03243806314555,-6.268053871688925,-0.9625345521232572,-5.1427049706382796e-05,-1.5458094439916638e-07,28.0,28.0,14.0,6.0,6.0,6.0
0.026410373011836782,1.0,6.264200857770573e-05,0.0002566147748634031,-0.3499427809874881,0.00011962949350371266,0.22381006344904975,-0.3499427809874881,0.00011962949350371266,0.22381006344904975,-0.34997971062105276,0.00014273002939826413,0.22385508109719815,-0.3270457426654261,-1.4199865500079554,1.2359542846679688,-1.3861406485186976,-1.5710623900042933,2.7379965782165527,0.0,0.0,-2.3968450477696024e-05,4.793690095539205e-05,0.0,0.0,-0.32706933124904597,-1.41995875073672,1.2359737356295615,-1.3861316645907666,-1.571061762352631,2.73803098473523,5.735973652399222e-06,0.00023469179602944647,-0.00027489851137467344,0.0005069679056208882,4.577573655820809e-05,-8.916789358017579e-05,-0.0012362579132888366,-8.03243806314555,-6.268053871688925,-0.9625345521232572,-5.1427049706382796e-05,-1.5458094439916638e-07,28.0,28.0,14.0,6.0,6.0,6.0
0.0313507890063338,1.0,6.264200857770573e-05,0.0002566147748634031,-0.3499427809874881,0.00011962949350371266,0.22381006344904975,-0.3499427809874881,0.00011962949350371266,0.22381006344904975,-0.34997971062105276,0.00014273002939826413,0.22385508109719815,-0.3270457426654261,-1.4199865500079554,1.2359542846679688,-1.3861406485186976,-1.5710623900042933,2.7379965782165527,0.0,0.0,-2.3968450477696024e-05,4.793690095539205e-05,0.0,0.0,-0.32706932708551323,-1.4199577256621059,1.2359725391391514,-1.3861294470333323,-1.571061534763258,2.7380306183342817,1.0408831883401075e-06,0.0002562686535218406,-0.0002991226025295779,0.0005543893586016982,5.68973432735846e-05,-9.160023709315064e-05,-0.0012362579132888366,-8.03243806314555,-6.268053871688925,-0.9625345521232572,-5.1427049706382796e-05,-1.5458094439916638e-07,28.0,28.0,14.0,6.0,6.0,6.0
0.0353507890063338,1.0,4.368294078719799e-05,0.0001782821284497812,-0.3499427809874881,0.00011962949350371266,0.22381006344904975,-0.3499427809874881,0.00011962949350371266,0.22381006344904975,-0.34997163643975476,0.00014154651949603244,0.22383446029642715,-0.32705766359438115,-1.4199627081500452,1.2359905242919922,-1.3861168066607874,-1.5710504690753382,2.738020658493042,0.0,0.0,-2.3968450477696024e-05,4.793690095539205e-05,0.0,0.0,-0.32706932940700056,-1.4199566767566791,1.2359713015345337,-1.3861271404944675,-1.5710612790919405,2.7380302124793827,-5.803718393083047e-07,0.0002622263566640446,-0.00030940115444223683,0.0005766347161828492,6.391782936839611e-05,-0.00010146372474960256,-0.0006462876804587992,-8.034203818097925,-6.2685129758384575,-0.9626007459477071,-4.708446512542147e-05,-6.188085275130925e-07,28.0,28.0,14.0,6.0,6.0,6.0
0.03946958299959079,1.0,4.368294078719799e-05,0.0001782821284497812,-0.3499427809874881,0.00011962949350371266,0.22381006344904975,-0.3499427809874881,0.00011962949350371266,0.22381006344904975,-0.34997163643975476,0.00014154651949603244,0.22383446029642715,-0.32705766359438115,-1.4199627081500452,1.2359905242919922,-1.3861168066607874,-1.5710504690753382,2.738020658493042,0.0,0.0,-2.3968450477696024e-05,4.793690095539205e-05,0.0,0.0,-0.32706933782440684,-1.4199556054502886,1.2359700252825607,-1.3861247503130583,-1.5710609970235954,2.73802976953777,-2.104351565297812e-06,0.00026782659761771636,-0.00031906299324013624,0.000597545352309131,7.051708629751892e-05,-0.00011073540314666737,-0.0006462876804587992,-8.034203818097925,-6.2685129758384575,-0.9626007459477071,-4.708446512542147e-05,-6.188085275130925e-07,28.0,28.0,14.0,6.0,6.0,6.0
0.04346958299959079,1.0,4.368294078719799e-05,0.0001782821284497812,-0.3499427809874881,0.00011962949350371266,0.22381006344904975,-0.3499427809874881,0.00011962949350371266,0.22381006344904975,-0.34997163643975476,0.00014154651949603244,0.22383446029642715,-0.32705766359438115,-1.4199627081500452,1.2359905242919922,-1.3861168066607874,-1.5710504690753382,2.738020658493042,0.0,0.0,-2.3968450477696024e-05,4.793690095539205e-05,0.0,0.0,-0.32706935197197684,-1.4199545130869922,1.235968712702074,-1.3861222815076573,-1.571060690142044,2.7380292917346467,-3.5368925077279494e-06,0.00027309082411416783,-0.0003281451217101617,0.000617201350267836,7.672038781089437e-05,-0.00011945078083990828,-0.0006462876804587992,-8.034203818097925,-6.2685129758384575,-0.9626007459477071,-4.708446512542147e-05,-6.188085275130925e-07,28.0,28.0,14.0,6.0,6.0,6.0
0.048092986015602954,1.0,6.150115505222074e-05,0.0002621009010935163,-0.3499427809874881,0.00011962949350371266,0.22381006344904975,-0.3499427809874881,0.00011962949350371266,0.22381006344904975,-0.3499733884158317,0.0001410792539735898,0.22385890487796756,-0.32706958452333623,-1.4200227896319788,1.235978603363037,-1.3861287275897425,-1.571026627217428,2.738032579421997,0.0,0.0,-2.3968450477696024e-05,4.793690095539205e-05,0.0,0.0,-0.3270693560922672,-1.4199533167572567,1.2359672949558806,-1.3861196553055597,-1.5710603873939673,2.738028769107805,-1.0300726010207198e-06,0.00029908243389802097,-0.0003544365483161409,0.0006565505243793083,7.568701921062018e-05,-0.000130656710476928,-0.0009425142936542656,-8.031623777339815,-6.267935120308582,-0.9625260868166202,-4.149137146960388e-05,-9.266437369975981e-07,28.0,28.0,14.0,6.0,6.0,6.0
0.05209298601560296,1.0,6.150115505222074e-05,0.0002621009010935163,-0.3499427809874881,0.00011962949350371266,0.22381006344904975,-0.3499427809874881,0.00011962949350371266,0.22381006344904975,-0.3499733884158317,0.0001410792539735898,0.22385890487796756,-0.32706958452333623,-1.4200227896319788,1.235978603363037,-1.3861287275897425,-1.571026627217428,2.738032579421997,0.0,0.0,-2.3968450477696024e-05,4.793690095539205e-05,0.0,0.0,-0.3270693507869148,-1.4199520226990683,1.2359657783539233,-1.3861168811505675,-1.5710600885313564,2.7380282043466675,1.3263381112840764e-06,0.0003235145470948429,-0.0003791504893257613,0.0006935387480440923,7.471565272636244e-05,-0.00014119028433572656,-0.0009425142936542656,-8.031623777339815,-6.267935120308582,-0.9625260868166202,-4.149137146960388e-05,-9.266437369975981e-07,28.0,28.0,14.0,6.0,6.0,6.0
0.05689448602218182,1.0,6.150115505222074e-05,0.0002621009010935163,-0.3499427809874881,0.00011962949350371266,0.22381006344904975,-0.3499427809874881,0.00011962949350371266,0.22381006344904975,-0.3499733884158317,0.0001410792539735898,0.22385890487796756,-0.32706958452333623,-1.4200227896319788,1.235978603363037,-1.3861287275897425,-1.571026627217428,2.738032579421997,0.0,0.0,-2.3968450477696024e-05,4.793690095539205e-05,0.0,0.0,-0.3270693366214581,-1.4199506367761343,1.2359641688275478,-1.3861139679198544,-1.5710597933210835,2.7380275999792922,3.5413641808505847e-06,0.00034648073349985556,-0.0004023815938748045,0.0007283076782889893,7.380256823116016e-05,-0.0001510918437629972,-0.0009425142936542656,-8.031623777339815,-6.267935120308582,-0.9625260868166202,-4.149137146960388e-05,-9.266437369975981e-07,28.0,28.0,14.0,6.0,6.0,6.0
0.060894486022181823,1.0,5.9888077044657126e-05,0.000263550890314367,-0.3499427809874881,0.00011962949350371266,0.22381006344904975,-0.3499427809874881,0.00011962949350371266,0.22381006344904975,-0.3499770356177645,0.00014910632657989817,0.2238493612656371,-0.3270815054522913,-1.4199984709369105,1.2359905242919922,-1.3861525694476526,-1.571038548146383,2.7380564212799072,0.0,0.0,-2.3968450477696024e-05,4.793690095539205e-05,0.0,0.0,-0.3270693115632609,-1.4199491871659549,1.2359624781795862,-1.386110921794317,-1.5710594878170834,2.7380269197491263,6.264549291463661e-06,0.00036240254483956746,-0.0004226619904221995,0.0007615313843369926,7.63760000334411e-05,-0.00017005754154642355,-0.000723693945219484,-8.0325975854891,-6.268192054959247,-0.9625531933417887,-3.967745052692194e-05,-1.388051408938439e-06,28.0,28.0,14.0,6.0,6.0,6.0
0.06559387704404072,1.0,5.9888077044657126e-05,0.000263550890314367,-0.3499427809874881,0.00011962949350371266,0.22381006344904975,-0.3499427809874881,0.00011962949350371266,0.22381006344904975,-0.3499770356177645,0.00014910632657989817,0.2238493612656371,-0.3270815054522913,-1.4199984709369105,1.2359905242919922,-1.3861525694476526,-1.571038548146383,2.7380564212799072,0.0,0.0,-2.3968450477696024e-05,4.793690095539205e-05,0.0,0.0,-0.3270692762658877,-1.4199476776897648,1.2359607112773334,-1.386107750747645,-1.5710591726369796,2.7380261682079365,8.824343295439953e-06,0.00037736904749889665,-0.00044172556317675075,0.0007927616680221158,7.879502592758519e-05,-0.00018788529746284434,-0.000723693945219484,-8.0325975854891,-6.268192054959247,-0.9625531933417887,-3.967745052692194e-05,-1.388051408938439e-06,28.0,28.0,14.0,6.0,6.0,6.0
0.06959387704404073,1.0,5.9888077044657126e-05,0.000263550890314367,-0.3499427809874881,0.00011962949350371266,0.22381006344904975,-0.3499427809874881,0.00011962949350371266,0.22381006344904975,-0.3499770356177645,0.00014910632657989817,0.2238493612656371,-0.3270815054522913,-1.4199984709369105,1.2359905242919922,-1.3861525694476526,-1.571038548146383,2.7380564212799072,0.0,0.0,-2.3968450477696024e-05,4.793690095539205e-05,0.0,0.0,-0.3270692313436891,-1.419946111939525,1.235958872696047,-1.3861044622751062,-1.5710588483613386,2.7380253496343845,1.1230549659177666e-05,0.00039143755999866605,-0.00045964532156602897,0.0008221181346861315,8.106891026808063e-05,-0.00020464338802427987,-0.000723693945219484,-8.0325975854891,-6.268192054959247,-0.9625531933417887,-3.967745052692194e-05,-1.388051408938439e-06,28.0,28.0,14.0,6.0,6.0,6.0
0.07463046504557135,1.0,6.068349442167659e-05,0.0002484403246423405,-0.3499427809874881,0.00011962949350371266,0.22381006344904975,-0.3499427809874881,0.00011962949350371266,0.22381006344904975,-0.3499669622521335,0.00013685001895461936,0.2238629898738163,-0.327033821736471,-1.4200227896319788,1.2359542846679688,-1.386092487965719,-1.5710743109332483,2.738020658493042,0.0,0.0,-2.3968450477696024e-05,4.793690095539205e-05,0.0,0.0,-0.3270692176784754,-1.4199444854286039,1.2359569946598177,-1.3861010986690656,-1.5710584743316127,2.7380245238813954,3.4163034142817017e-06,0.0004066277302424087,-0.00046950905737328793,0.0008409015101590007,9.350743148689705e-05,-0.00020643824724513946,-0.0015400287645701298,-8.03142068921071,-6.267804102861183,-0.9625156709555427,-5.576609231640673e-05,-3.1144636716907186e-07,28.0,28.0,14.0,6.0,6.0,6.0
0.07863046504557135,1.0,6.068349442167659e-05,0.0002484403246423405,-0.3499427809874881,0.00011962949350371266,0.22381006344904975,-0.3499427809874881,0.00011962949350371266,0.22381006344904975,-0.3499669622521335,0.00013685001895461936,0.2238629898738163,-0.327033821736471,-1.4200227896319788,1.2359542846679688,-1.386092487965719,-1.5710743109332483,2.738020658493042,0.0,0.0,-2.3968450477696024e-05,4.793690095539205e-05,0.0,0.0,-0.32706923339482763,-1.4199428018026428,1.2359550795359415,-1.3860976644375331,-1.571058053533047,2.738023691379736,-3.929088055920506e-06,0.0004209064902715268,-0.00047878096903211133,0.0008585578831034976,0.00010519964143258448,-0.00020812541491274747,-0.0015400287645701298,-8.03142068921071,-6.267804102861183,-0.9625156709555427,-5.576609231640673e-05,-3.1144636716907186e-07,28.0,28.0,14.0,6.0,6.0,6.0
0.0835981890477706,1.0,6.068349442167659e-05,0.0002484403246423405,-0.3499427809874881,0.00011962949350371266,0.22381006344904975,-0.3499427809874881,0.00011962949350371266,0.22381006344904975,-0.3499669622521335,0.00013685001895461936,0.2238629898738163,-0.327033821736471,-1.4200227896319788,1.2359542846679688,-1.386092487965719,-1.5710743109332483,2.738020658493042,0.0,0.0,-2.3968450477696024e-05,4.793690095539205e-05,0.0,0.0,-0.32706927672985175,-1.419941064488544,1.2359531295496775,-1.3860941638180384,-1.571057588771772,2.7380228525343258,-1.083375603791058e-05,0.00043432852469889777,-0.00048749656599140535,0.0008751548736713247,0.00011619031878153066,-0.000209711352520299,-0.0015400287645701298,-8.03142068921071,-6.267804102861183,-0.9625156709555427,-5.576609231640673e-05,-3.1144636716907186e-07,28.0,28.0,14.0,6.0,6.0,6.0
0.0875981890477706,1.0,5.199227610843383e-05,0.00020537724587689653,-0.3499427809874881,0.00011962949350371266,0.22381006344904975,-0.3499427809874881,0.00011962949350371266,0.22381006344904975,-0.34997623111675447,0.0001378710436129794,0.2238454404398292,-0.32705766359438115,-1.4199746290790003,1.235966682434082,-1.3861168066607874,-1.571026627217428,2.7379965782165527,0.0,0.0,-2.3968450477696024e-05,4.793690095539205e-05,0.0,0.0,-0.32706931511790693,-1.4199393156537665,1.235951161328624,-1.3860906181049213,-1.5710571376186986,2.7380220389021335,-9.597013792630395e-06,0.00043720869436795915,-0.000492055263349252,0.0008864282792808192,0.00011278826835750328,-0.00020340804805290476,-0.0007059190310750445,-8.033350168568598,-6.268256876920972,-0.9625649927440002,-4.456060986730343e-05,-3.0819399126874617e-07,28.0,28.0,14.0,6.0,6.0,6.0
0.09205061803199353,1.0,5.199227610843383e-05,0.00020537724587689653,-0.3499427809874881,0.00011962949350371266,0.22381006344904975,-0.3499427809874881,0.00011962949350371266,0.22381006344904975,-0.34997623111675447,0.0001378710436129794,0.2238454404398292,-0.32705766359438115,-1.4199746290790003,1.235966682434082,-1.3861168066607874,-1.571026627217428,2.7379965782165527,0.0,0.0,-2.3968450477696024e-05,4.793690095539205e-05,0.0,0.0,-0.32706934885581124,-1.419937555989551,1.2359491759668686,-1.386087030003799,-1.5710566992573347,2.738021248970366,-8.434476082067021e-06,0.0004399160538568768,-0.0004963404388656279,0.0008970252805537439,0.00010959034095891755,-0.00019748294185355418,-0.0007059190310750445,-8.033350168568598,-6.268256876920972,-0.9625649927440002,-4.456060986730343e-05,-3.0819399126874617e-07,28.0,28.0,14.0,6.0,6.0,6.0
0.09605061803199354,1.0,5.263411443282008e-05,0.00019791985751849064,-0.3499427809874881,0.00011962949350371266,0.22381006344904975,-0.3499427809874881,0.00011962949350371266,0.22381006344904975,-0.3499774803311514,0.00014664009358796343,0.22383898978712688,-0.3270815054522913,-1.4199627081500452,1.235978603363037,-1.3861287275897425,-1.571026627217428,2.7379965782165527,0.0,0.0,-2.3968450477696024e-05,4.793690095539205e-05,0.0,0.0,-0.32706936451040314,-1.4199357994037247,1.2359471779358482,-1.3860834059701674,-1.5710562729306696,2.73802046756327,-3.913647969098925e-06,0.00043914645659726213,-0.0004995077550962443,0.0009060084079014912,0.00010658166625460447,-0.00019535177398992632,-0.0003522466065015795,-8.033997012449413,-6.268426802292832,-0.9625828339566921,-3.840929824620037e-05,-6.157766068168158e-07,28.0,28.0,14.0,6.0,6.0,6.0
0.10114538403763439,1.0,5.263411443282008e-05,0.00019791985751849064,-0.3499427809874881,0.00011962949350371266,0.22381006344904975,-0.3499427809874881,0.00011962949350371266,0.22381006344904975,-0.3499774803311514,0.00014664009358796343,0.22383898978712688,-0.3270815054522913,-1.4199627081500452,1.235978603363037,-1.3861287275897425,-1.571026627217428,2.7379965782165527,0.0,0.0,-2.3968450477696024e-05,4.793690095539205e-05,0.0,0.0,-0.3270693631666813,-1.419934045711584,1.2359451679957187,-1.386079748159977,-1.5710558579166214,2.738019694169365,3.35930457091086e-07,0.0004384230351732243,-0.0005024850323530237,0.0009144525476083735,0.00010375351203255017,-0.00019334847619811613,-0.0003522466065015795,-8.033997012449413,-6.268426802292832,-0.9625828339566921,-3.840929824620037e-05,-6.157766068168158e-07,28.0,28.0,14.0,6.0,6.0,6.0
0.10514538403763439,1.0,5.263411443282008e-05,0.00019791985751849064,-0.3499427809874881,0.00011962949350371266,0.22381006344904975,-0.3499427809874881,0.00011962949350371266,0.22381006344904975,-0.3499774803311514,0.00014664009358796343,0.22383898978712688,-0.3270815054522913,-1.4199627081500452,1.235978603363037,-1.3861287275897425,-1.571026627217428,2.7379965782165527,0.0,0.0,-2.3968450477696024e-05,4.793690095539205e-05,0.0,0.0,-0.32706934584454456,-1.4199322947395079,1.235943146861027,-1.386076058599821,-1.5710554535364332,2.73801892830786,4.330534177709696e-06,0.0004377430190346288,-0.0005052836729743963,0.000922390038932843,0.00010109504706381913,-0.00019146537627381455,-0.0003522466065015795,-8.033997012449413,-6.268426802292832,-0.9625828339566921,-3.840929824620037e-05,-6.157766068168158e-07,28.0,28.0,14.0,6.0,6.0,6.0
0.11021402903529819,1.0,5.263411443282008e-05,0.00019791985751849064,-0.3499427809874881,0.00011962949350371266,0.22381006344904975,-0.3499427809874881,0.00011962949350371266,0.22381006344904975,-0.3499774803311514,0.00014664009358796343,0.22383898978712688,-0.3270815054522913,-1.4199627081500452,1.235978603363037,-1.3861287275897425,-1.571026627217428,2.7379965782165527,0.0,0.0,-2.3968450477696024e-05,4.793690095539205e-05,0.0,0.0,-0.32706931350269786,-1.4199305463242924,1.2359411152034463,-1.386072339194698,-1.571055059152073,2.7380181695268107,8.085461675091189e-06,0.000437103803864349,-0.0005079143951584866,0.0009298512807778443,9.859608999321195e-05,-0.00018969526234497108,-0.0003522466065015795,-8.033997012449413,-6.268426802292832,-0.9625828339566921,-3.840929824620037e-05,-6.157766068168158e-07,28.0,28.0,14.0,6.0,6.0,6.0
0.11421402903529819,1.0,5.065049197311793e-05,0.0002105888630874203,-0.3499427809874881,0.00011962949350371266,0.22381006344904975,-0.3499427809874881,0.00011962949350371266,0.22381006344904975,-0.3499727155759279,0.0001392955178358812,0.22384587741614395,-0.32705766359438115,-1.4199865500079554,1.235978603363037,-1.3861168066607874,-1.571038548146383,2.738020658493042,0.0,0.0,-2.3968450477696024e-05,4.793690095539205e-05,0.0,0.0,-0.32706928505378413,-1.4199287823178606,1.235939065853713,-1.3860685882066044,-1.5710546604209166,2.738017399116747,7.112228430323935e-06,0.0004410016079279329,-0.0005123374332969209,0.0009377470233953539,9.968278915520116e-05,-0.00019260251590168197,-0.0008133448481920777,-8.033085536025913,-6.268239459350765,-0.9625656731357709,-4.5824497537392044e-05,-6.189023909804503e-07,28.0,28.0,14.0,6.0,6.0,6.0
0.1187780660579447,1.0,5.065049197311793e-05,0.0002105888630874203,-0.3499427809874881,0.00011962949350371266,0.22381006344904975,-0.3499427809874881,0.00011962949350371266,0.22381006344904975,-0.3499727155759279,0.0001392955178358812,0.22384587741614395,-0.32705766359438115,-1.4199865500079554,1.235978603363037,-1.3861168066607874,-1.571038548146383,2.738020658493042,0.0,0.0,-2.3968450477696024e-05,4.793690095539205e-05,0.0,0.0,-0.3270692602642274,-1.4199270036556855,1.2359369998733565,-1.3860648075305186,-1.5710542576037712,2.73801661777541,6.197389180242717e-06,0.0004446655437477017,-0.0005164950891470491,0.0009451690214558129,0.00010070428636747101,-0.00019533533424499018,-0.0008133448481920777,-8.033085536025913,-6.268239459350765,-0.9625656731357709,-4.5824497537392044e-05,-6.189023909804503e-07,28.0,28.0,14.0,6.0,6.0,6.0
0.12277806605794471,1.0,5.803779580111123e-05,0.00025179191943543297,-0.3499427809874881,0.00011962949350371266,0.22381006344904975,-0.3499427809874881,0.00011962949350371266,0.22381006344904975,-0.34997341031312484,0.00013469782771363914,0.22385700144492332,-0.3270214239703577,-1.4199984709369105,1.2359542846679688,-1.3861168066607874,-1.5710743109332483,2.7380564212799072,0.0,0.0,-2.3968450477696024e-05,4.793690095539205e-05,0.0,0.0,-0.32706927264847724,-1.4199251908931247,1.235934907959395,-1.3860609672394801,-1.5710538097352325,2.7380157929794184,-3.096062468392918e-06,0.0004531906401865504,-0.0005229784903568437,0.0009600727596223089,0.00011196713468859862,-0.0002061989978859888,-0.0015698709946325425,-8.032092016927734,-6.267975073386966,-0.9625325933889529,-5.896340371369412e-05,-6.129112554233306e-07,28.0,28.0,14.0,6.0,6.0,6.0
0.1279820650548209,1.0,5.803779580111123e-05,0.00025179191943543297,-0.3499427809874881,0.00011962949350371266,0.22381006344904975,-0.3499427809874881,0.00011962949350371266,0.22381006344904975,-0.34997341031312484,0.00013469782771363914,0.22385700144492332,-0.3270214239703577,-1.4199984709369105,1.2359542846679688,-1.3861168066607874,-1.5710743109332483,2.7380564212799072,0.0,0.0,-2.3968450477696024e-05,4.793690095539205e-05,0.0,0.0,-0.32706931997610533,-1.4199233460762013,1.235932791667845,-1.386057070910386,-1.571053319518384,2.7380149273360517,-1.1831907018110413e-05,0.00046120423083906813,-0.0005290728874940506,0.0009740822734988152,0.00012255421211045857,-0.00021641084170852753,-0.0015698709946325425,-8.032092016927734,-6.267975073386966,-0.9625325933889529,-5.896340371369412e-05,-6.129112554233306e-07,28.0,28.0,14.0,6.0,6.0,6.0
0.1319820650548209,1.0,5.803779580111123e-05,0.00025179191943543297,-0.3499427809874881,0.00011962949350371266,0.22381006344904975,-0.3499427809874881,0.00011962949350371266,0.22381006344904975,-0.34997341031312484,0.00013469782771363914,0.22385700144492332,-0.3270214239703577,-1.4199984709369105,1.2359542846679688,-1.3861168066607874,-1.5710743109332483,2.7380564212799072,0.0,0.0,-2.3968450477696024e-05,4.793690095539205e-05,0.0,0.0,-0.3270694001505089,-1.4199214711281771,1.2359306524613618,-1.3860531219055199,-1.5710527894941244,2.7380140232961523,-2.004360089484486e-05,0.0004687370060524348,-0.0005348016208030251,0.0009872512165427312,0.00013250606488700694,-0.0002260099749017139,-0.0015698709946325425,-8.032092016927734,-6.267975073386966,-0.9625325933889529,-5.896340371369412e-05,-6.129112554233306e-07,28.0,28.0,14.0,6.0,6.0,6.0
0.1370067800614052,1.0,6.6804698940612e-05,0.0002647691842472844,-0.3499427809874881,0.00011962949350371266,0.22381006344904975,-0.3499427809874881,0.00011962949350371266,0.22381006344904975,-0.3499816726081193,0.00013699524650723728,0.2238615293626999,-0.32705766359438115,-1.4199984709369105,1.2359423637390137,-1.3861287275897425,-1.5710142294513147,2.7379965782165527,0.0,0.0,-2.3968450477696024e-05,4.793690095539205e-05,0.0,0.0,-0.3270694687170392,-1.419919544407956,1.2359284654459048,-1.3860490930979565,-1.5710522912709797,2.7380131528302227,-1.7141632572739067e-05,0.00048168005527082276,-0.0005467538642224988,0.0010072018908183634,0.00012455578619691225,-0.00021761648236375588,-0.0009575256022186869,-8.03192520160459,-6.267889665559875,-0.9625135942944061,-4.325155786166663e-05,-3.0834726467439133e-07,28.0,28.0,14.0,6.0,6.0,6.0
0.1410067800614052,1.0,6.6804698940612e-05,0.0002647691842472844,-0.3499427809874881,0.00011962949350371266,0.22381006344904975,-0.3499427809874881,0.00011962949350371266,0.22381006344904975,-0.3499816726081193,0.00013699524650723728,0.2238615293626999,-0.32705766359438115,-1.4199984709369105,1.2359423637390137,-1.3861287275897425,-1.5710142294513147,2.7379965782165527,0.0,0.0,-2.3968450477696024e-05,4.793690095539205e-05,0.0,0.0,-0.3270695263721686,-1.41991756902187,1.2359262334900127,-1.386044989275858,-1.5710518229408827,2.738012313923825,-1.4413782349959622e-05,0.0004938465215361074,-0.0005579889730368041,0.0010259555246374577,0.00011708252422822324,-0.00020972659937807533,-0.0009575256022186869,-8.03192520160459,-6.267889665559875,-0.9625135942944061,-4.325155786166663e-05,-3.0834726467439133e-07,28.0,28.0,14.0,6.0,6.0,6.0
0.14565630306676036,1.0,6.6804698940612e-05,0.0002647691842472844,-0.3499427809874881,0.00011962949350371266,0.22381006344904975,-0.3499427809874881,0.00011962949350371266,0.22381006344904975,-0.3499816726081193,0.00013699524650723728,0.2238615293626999,-0.32705766359438115,-1.4199984709369105,1.2359423637390137,-1.3861287275897425,-1.5710142294513147,2.7379965782165527,0.0,0.0,-2.3968450477696024e-05,4.793690095539205e-05,0.0,0.0,-0.32706957377058116,-1.4199155478898706,1.2359239592901115,-1.3860408149400962,-1.5710513827102508,2.7380115046833877,-1.1849603140546944e-05,0.000505282999825475,-0.000568549975322251,0.0010435839404274064,0.00011005765797765558,-0.00020231010937153562,-0.0009575256022186869,-8.03192520160459,-6.267889665559875,-0.9625135942944061,-4.325155786166663e-05,-3.0834726467439133e-07,28.0,28.0,14.0,6.0,6.0,6.0
0.14965630306676037,1.0,6.724424355557838e-05,0.00025986900291438393,-0.3499427809874881,0.00011962949350371266,0.22381006344904975,-0.3499427809874881,0.00011962949350371266,0.22381006344904975,-0.3499721480990378,0.00015162074962067325,0.2238614046662407,-0.3270934263812464,-1.4200227896319788,1.235966682434082,-1.3861168066607874,-1.571038548146383,2.7379965782165527,0.0,0.0,-2.3968450477696024e-05,4.793690095539205e-05,0.0,0.0,-0.3270695997319312,-1.41991348053573,1.2359216468324954,-1.386036592733313,-1.5710509408996434,2.7380106939295046,-6.49033752240635e-06,0.0005168385351475701,-0.0005781144040013097,0.0010555516958125546,0.00011045265185169055,-0.00020268847077417677,-0.0007494549682369985,-8.031641644030582,-6.26787455988093,-0.9625155762727587,-3.660331037588346e-05,-7.697776294874489e-07,28.0,28.0,14.0,6.0,6.0,6.0
0.15453735306789174,1.0,6.724424355557838e-05,0.00025986900291438393,-0.3499427809874881,0.00011962949350371266,0.22381006344904975,-0.3499427809874881,0.00011962949350371266,0.22381006344904975,-0.3499721480990378,0.00015162074962067325,0.2238614046662407,-0.3270934263812464,-1.4200227896319788,1.235966682434082,-1.3861168066607874,-1.571038548146383,2.7379965782165527,0.0,0.0,-2.3968450477696024e-05,4.793690095539205e-05,0.0,0.0,-0.3270696055424426,-1.4199113697327768,1.2359192984126275,-1.3860323255277693,-1.571050497603859,2.7380098817529825,-1.4526278413541927e-06,0.0005277007383503394,-0.0005871049669596249,0.0010668013858745938,0.00011082394609328342,-0.00020304413049265947,-0.0007494549682369985,-8.031641644030582,-6.26787455988093,-0.9625155762727587,-3.660331037588346e-05,-7.697776294874489e-07,28.0,28.0,14.0,6.0,6.0,6.0
0.15853735306789174,1.0,6.724424355557838e-05,0.00025986900291438393,-0.3499427809874881,0.00011962949350371266,0.22381006344904975,-0.3499427809874881,0.00011962949350371266,0.22381006344904975,-0.3499721480990378,0.00015162074962067325,0.2238614046662407,-0.3270934263812464,-1.4200227896319788,1.235966682434082,-1.3861168066607874,-1.571038548146383,2.7379965782165527,0.0,0.0,-2.3968450477696024e-05,4.793690095539205e-05,0.0,0.0,-0.32706959241116557,-1.4199092180879394,1.2359169161882428,-1.386028016023391,-1.5710500529120084,2.73800906823918,3.282819258834836e-06,0.0005379112093609426,-0.0005955560961404411,0.0010773760945329107,0.00011117296268038072,-0.0002033784506280332,-0.0007494549682369985,-8.031641644030582,-6.26787455988093,-0.9625155762727587,-3.660331037588346e-05,-7.697776294874489e-07,28.0,28.0,14.0,6.0,6.0,6.0
0.1636107470830903,1.0,6.336856287366346e-05,0.0002563004722508396,-0.3499427809874881,0.00011962949350371266,0.22381006344904975,-0.3499427809874881,0.00011962949350371266,0.22381006344904975,-0.3499824865725353,0.0001330987132627538,0.22385757788260227,-0.3270457426654261,-1.4199865500079554,1.2359423637390137,-1.3861287275897425,-1.5710142294513147,2.738032579421997,0.0,0.0,-2.3968450477696024e-05,4.793690095539205e-05,0.0,0.0,-0.3270695801223939,-1.419907044593888,1.23591451111507,-1.3860236591309618,-1.5710496348914786,2.7380082482752646,3.0721929165378025e-06,0.0005433735128370012,-0.0006012682932171013,0.0010892231073240772,0.00010450513244197707,-0.00020499097882941441,-0.0009945804719863874,-8.032336224470782,-6.267983734444744,-0.9625260933588531,-4.632557998813588e-05,-6.190071488934449e-07,28.0,28.0,14.0,6.0,6.0,6.0
0.16761074708309032,1.0,6.336856287366346e-05,0.0002563004722508396,-0.3499427809874881,0.00011962949350371266,0.22381006344904975,-0.3499427809874881,0.00011962949350371266,0.22381006344904975,-0.3499824865725353,0.0001330987132627538,0.22385757788260227,-0.3270457426654261,-1.4199865500079554,1.2359423637390137,-1.3861287275897425,-1.5710142294513147,2.738032579421997,0.0,0.0,-2.3968450477696024e-05,4.793690095539205e-05,0.0,0.0,-0.3270695686255773,-1.4199048505615754,1.2359120845640361,-1.3860192576937644,-1.5710492419419906,2.738007422248243,2.874204154778591e-06,0.0005485080781044961,-0.0006066377584691619,0.0011003592993477735,9.823737201787762e-05,-0.00020650675533871276,-0.0009945804719863874,-8.032336224470782,-6.267983734444744,-0.9625260933588531,-4.632557998813588e-05,-6.190071488934449e-07,28.0,28.0,14.0,6.0,6.0,6.0
0.17231844908208593,1.0,6.336856287366346e-05,0.0002563004722508396,-0.3499427809874881,0.00011962949350371266,0.22381006344904975,-0.3499427809874881,0.00011962949350371266,0.22381006344904975,-0.3499824865725353,0.0001330987132627538,0.22385757788260227,-0.3270457426654261,-1.4199865500079554,1.2359423637390137,-1.3861287275897425,-1.5710142294513147,2.738032579421997,0.0,0.0,-2.3968450477696024e-05,4.793690095539205e-05,0.0,0.0,-0.3270695578731984,-1.4199026372232977,1.2359096378238128,-1.386014814384485,-1.5710488725592817,2.738006590521902,2.688094718724932e-06,0.0005533345694559414,-0.0006116850558060988,0.0011108273198500481,9.234567721922414e-05,-0.00020793158525745322,-0.0009945804719863874,-8.032336224470782,-6.267983734444744,-0.9625260933588531,-4.632557998813588e-05,-6.190071488934449e-07,28.0,28.0,14.0,6.0,6.0,6.0
0.17631844908208594,1.0,5.791297203572678e-05,0.00024329103352607143,-0.3499427809874881,0.00011962949350371266,0.22381006344904975,-0.3499427809874881,0.00011962949350371266,0.22381006344904975,-0.349976159702105,0.00013629130482515584,0.22385435969927506,-0.3270457426654261,-1.4199984709369105,1.235966682434082,-1.3861287275897425,-1.571038548146383,2.738020658493042,0.0,0.0,-2.3968450477696024e-05,4.793690095539205e-05,0.0,0.0,-0.3270695565815836,-1.4199004099035284,1.2359071739774394,-1.3860103437058509,-1.5710484973230265,2.7380057584134705,3.229037077621055e-07,0.0005568299423140016,-0.000615961593357872,0.0011176696585334521,9.380906378548867e-05,-0.00020802710784832847,-0.0011191944904410261,-8.032275772060439,-6.268049058202501,-0.9625394042812897,-4.890197877404023e-05,-4.652000029407798e-07,28.0,28.0,14.0,6.0,6.0,6.0
0.18127667507831946,1.0,5.791297203572678e-05,0.00024329103352607143,-0.3499427809874881,0.00011962949350371266,0.22381006344904975,-0.3499427809874881,0.00011962949350371266,0.22381006344904975,-0.349976159702105,0.00013629130482515584,0.22385435969927506,-0.3270457426654261,-1.4199984709369105,1.235966682434082,-1.3861287275897425,-1.571038548146383,2.738020658493042,0.0,0.0,-2.3968450477696024e-05,4.793690095539205e-05,0.0,0.0,-0.32706956418308697,-1.4198981694411572,1.2359046940512848,-1.3860058473000232,-1.5710481165844379,2.7380049259458743,-1.9003758425429514e-06,0.0005601155928005781,-0.0006199815386565388,0.0011241014568958518,9.518464715777735e-05,-0.0002081168990837512,-0.0011191944904410261,-8.032275772060439,-6.268049058202501,-0.9625394042812897,-4.890197877404023e-05,-4.652000029407798e-07,28.0,28.0,14.0,6.0,6.0,6.0
0.18527667507831946,1.0,5.05195671922006e-05,0.00021723402341716674,-0.3499427809874881,0.00011962949350371266,0.22381006344904975,-0.3499427809874881,0.00011962949350371266,0.22381006344904975,-0.3499727027072857,0.0001283289926735503,0.2238498282081693,-0.327033821736471,-1.4199984709369105,1.235978603363037,-1.3861168066607874,-1.571026627217428,2.738020658493042,0.0,0.0,-2.3968450477696024e-05,4.793690095539205e-05,0.0,0.0,-0.3270695826979194,-1.4198959275931882,1.2359022106192392,-1.3860013548101022,-1.5710477443990853,2.7380041043179597,-4.628708114306216e-06,0.0005604619922806298,-0.0006208580113684995,0.0011231224802632355,9.304633812360888e-05,-0.00020540697863224094,-0.0011023654960453761,-8.032520733830081,-6.268135910996674,-0.9625562738533119,-5.071331127643351e-05,-3.1130472877918305e-07,28.0,28.0,14.0,6.0,6.0,6.0
0.1903429460765329,1.0,5.05195671922006e-05,0.00021723402341716674,-0.3499427809874881,0.00011962949350371266,0.22381006344904975,-0.3499427809874881,0.00011962949350371266,0.22381006344904975,-0.3499727027072857,0.0001283289926735503,0.2238498282081693,-0.327033821736471,-1.4199984709369105,1.235978603363037,-1.3861168066607874,-1.571026627217428,2.738020658493042,0.0,0.0,-2.3968450477696024e-05,4.793690095539205e-05,0.0,0.0,-0.3270696114712812,-1.419893684442757,1.2358997238916563,-1.3859968660011333,-1.5710473802537748,2.738003292879346,-7.193340449763685e-06,0.0005607876077918784,-0.0006216818957177426,0.001122202242228576,9.103632763149051e-05,-0.0002028596534078213,-0.0011023654960453761,-8.032520733830081,-6.268135910996674,-0.9625562738533119,-5.071331127643351e-05,-3.1130472877918305e-07,28.0,28.0,14.0,6.0,6.0,6.0
0.1943429460765329,1.0,5.05195671922006e-05,0.00021723402341716674,-0.3499427809874881,0.00011962949350371266,0.22381006344904975,-0.3499427809874881,0.00011962949350371266,0.22381006344904975,-0.3499727027072857,0.0001283289926735503,0.2238498282081693,-0.327033821736471,-1.4199984709369105,1.235978603363037,-1.3861168066607874,-1.571026627217428,2.738020658493042,0.0,0.0,-2.3968450477696024e-05,4.793690095539205e-05,0.0,0.0,-0.3270696498876606,-1.4198914400680116,1.2358972340662682,-1.3859923806522594,-1.5710470236661036,2.7380024910186753,-9.604094845093705e-06,0.0005610936863724522,-0.0006224563470060312,0.0011213372184759962,8.914691776889925e-05,-0.00020046516769686682,-0.0011023654960453761,-8.032520733830081,-6.268135910996674,-0.9625562738533119,-5.071331127643351e-05,-3.1130472877918305e-07,28.0,28.0,14.0,6.0,6.0,6.0
0.19920143708749682,1.0,5.05195671922006e-05,0.00021723402341716674,-0.3499427809874881,0.00011962949350371266,0.22381006344904975,-0.3499427809874881,0.00011962949350371266,0.22381006344904975,-0.3499727027072857,0.0001283289926735503,0.2238498282081693,-0.327033821736471,-1.4199984709369105,1.235978603363037,-1.3861168066607874,-1.571026627217428,2.738020658493042,0.0,0.0,-2.3968450477696024e-05,4.793690095539205e-05,0.0,0.0,-0.32706969736847646,-1.4198891945424106,1.2358947413289434,-1.385987898555875,-1.5710466741826137,2.7380016981612707,-1.1870203976703925e-05,0.0005613814002381915,-0.0006231843312170224,0.0011205240961485712,8.737087249806346e-05,-0.0001982143511285696,-0.0011023654960453761,-8.032520733830081,-6.268135910996674,-0.9625562738533119,-5.071331127643351e-05,-3.1130472877918305e-07,28.0,28.0,14.0,6.0,6.0,6.0
0.20320143708749683,1.0,5.897134857783799e-05,0.0002568539126777887,-0.3499427809874881,0.00011962949350371266,0.22381006344904975,-0.3499427809874881,0.00011962949350371266,0.22381006344904975,-0.3499713635110526,0.00012459694338987258,0.2238614052813252,-0.32700950304140264,-1.4200227896319788,1.235966682434082,-1.3861168066607874,-1.5710504690753382,2.7380564212799072,0.0,0.0,-2.3968450477696024e-05,4.793690095539205e-05,0.0,0.0,-0.3270697759578759,-1.4198869184641094,1.2358922260637049,-1.3859833874668928,-1.5710463039007247,2.738000877999037,-1.9647349854352394e-05,0.0005690195753107909,-0.0006288163096508355,0.0011277722455500319,9.257047225869839e-05,-0.00020504055844929316,-0.0017180202142147228,-8.031293919554551,-6.267854792896874,-0.962522858635227,-5.951535215432285e-05,-4.5910334773821224e-07,28.0,28.0,14.0,6.0,6.0,6.0
0.20773222909565092,1.0,5.897134857783799e-05,0.0002568539126777887,-0.3499427809874881,0.00011962949350371266,0.22381006344904975,-0.3499427809874881,0.00011962949350371266,0.22381006344904975,-0.3499713635110526,0.00012459694338987258,0.2238614052813252,-0.32700950304140264,-1.4200227896319788,1.235966682434082,-1.3861168066607874,-1.5710504690753382,2.7380564212799072,0.0,0.0,-2.3968450477696024e-05,4.793690095539205e-05,0.0,0.0,-0.3270698837893438,-1.41988461366627,1.2358896896222273,-1.3859788491248688,-1.5710459140683406,2.7380000321702638,-2.6957866979341952e-05,0.0005761994598790344,-0.0006341103693786198,0.001134585505987405,9.745809603369524e-05,-0.0002114571933307733,-0.0017180202142147228,-8.031293919554551,-6.267854792896874,-0.962522858635227,-5.951535215432285e-05,-4.5910334773821224e-07,28.0,28.0,14.0,6.0,6.0,6.0
0.21173222909565093,1.0,6.206068525491942e-05,0.00022372136295801745,-0.3499427809874881,0.00011962949350371266,0.22381006344904975,-0.3499427809874881,0.00011962949350371266,0.22381006344904975,-0.3499748492131273,0.000149426132403734,0.22385405569687733,-0.32706958452333623,-1.4199746290790003,1.2359304428100586,-1.386092487965719,-1.5710623900042933,2.7379965782165527,0.0,0.0,-2.3968450477696024e-05,4.793690095539205e-05,0.0,0.0,-0.32706998883933075,-1.419882331052567,1.2358871877587505,-1.385974332195869,-1.5710454921647161,2.7379991922100526,-2.6262496735786263e-05,0.0005706534257223458,-0.0006254658691929585,0.0011292322499533223,0.00010547590613581146,-0.0002099900527602572,-0.0008115662976606999,-8.033044132886625,-6.2680462707964715,-0.9625345981288964,-4.5273534923995966e-05,-4.620848850651492e-07,28.0,28.0,14.0,6.0,6.0,6.0
0.2166785811074079,1.0,6.206068525491942e-05,0.00022372136295801745,-0.3499427809874881,0.00011962949350371266,0.22381006344904975,-0.3499427809874881,0.00011962949350371266,0.22381006344904975,-0.3499748492131273,0.000149426132403734,0.22385405569687733,-0.32706958452333623,-1.4199746290790003,1.2359304428100586,-1.386092487965719,-1.5710623900042933,2.7379965782165527,0.0,0.0,-2.3968450477696024e-05,4.793690095539205e-05,0.0,0.0,-0.3270700912747256,-1.4198800692919527,1.2358847183985944,-1.385969835395112,-1.5710450401141256,2.73799835776629,-2.5608848706843915e-05,0.0005654401536150586,-0.0006173400390184368,0.0011242001892812848,0.00011301264763180072,-0.00020861094062397205,-0.0008115662976606999,-8.033044132886625,-6.2680462707964715,-0.9625345981288964,-4.5273534923995966e-05,-4.620848850651492e-07,28.0,28.0,14.0,6.0,6.0,6.0
0.2206785811074079,1.0,6.206068525491942e-05,0.00022372136295801745,-0.3499427809874881,0.00011962949350371266,0.22381006344904975,-0.3499427809874881,0.00011962949350371266,0.22381006344904975,-0.3499748492131273,0.000149426132403734,0.22385405569687733,-0.32706958452333623,-1.4199746290790003,1.2359304428100586,-1.386092487965719,-1.5710623900042933,2.7379965782165527,0.0,0.0,-2.3968450477696024e-05,4.793690095539205e-05,0.0,0.0,-0.32707019125240383,-1.4198778271332413,1.2358822795915598,-1.385965357514903,-1.571044559725387,2.7379975285079894,-2.4994419559638108e-05,0.0005605396778342086,-0.0006097017586543864,0.0011194700522495695,0.00012009718463803063,-0.000207314575215864,-0.0008115662976606999,-8.033044132886625,-6.2680462707964715,-0.9625345981288964,-4.5273534923995966e-05,-4.620848850651492e-07,28.0,28.0,14.0,6.0,6.0,6.0
0.22573179208184602,1.0,6.995371347105169e-05,0.00027818321055204806,-0.3499427809874881,0.00011962949350371266,0.22381006344904975,-0.3499427809874881,0.00011962949350371266,0.22381006344904975,-0.3499792034798065,0.00014149647841131386,0.22386564005431453,-0.32705766359438115,-1.4200108687030237,1.2359423637390137,-1.3861287275897425,-1.571038548146383,2.7379965782165527,0.0,0.0,-2.3968450477696024e-05,4.793690095539205e-05,0.0,0.0,-0.32707028720137177,-1.4198755456040117,1.2358798051190498,-1.38596082108897,-1.5710440801505994,2.737996719573269,-2.398724197758326e-05,0.0005703823073596571,-0.000618618127476593,0.0011341064832411207,0.00011989369694062698,-0.0002022336801581141,-0.0011765932909730107,-8.031453804978696,-6.267790319209959,-0.9625016761590305,-4.582875976024557e-05,-3.0842418119944426e-07,28.0,28.0,14.0,6.0,6.0,6.0
0.22973179208184602,1.0,6.995371347105169e-05,0.00027818321055204806,-0.3499427809874881,0.00011962949350371266,0.22381006344904975,-0.3499427809874881,0.00011962949350371266,0.22381006344904975,-0.3499792034798065,0.00014149647841131386,0.22386564005431453,-0.32705766359438115,-1.4200108687030237,1.2359423637390137,-1.3861287275897425,-1.571038548146383,2.7379965782165527,0.0,0.0,-2.3968450477696024e-05,4.793690095539205e-05,0.0,0.0,-0.327070379363352,-1.4198732270664953,1.235877297120993,-1.3859562296300565,-1.5710436013409255,2.7379959297427137,-2.3040495050451702e-05,0.0005796343791135786,-0.0006269995141694671,0.0011478647283731788,0.00011970241850506754,-0.00019745763880382915,-0.0011765932909730107,-8.031453804978696,-6.267790319209959,-0.9625016761590305,-4.582875976024557e-05,-3.0842418119944426e-07,28.0,28.0,14.0,6.0,6.0,6.0
0.23373897908441732,1.0,6.995371347105169e-05,0.00027818321055204806,-0.3499427809874881,0.00011962949350371266,0.22381006344904975,-0.3499427809874881,0.00011962949350371266,0.22381006344904975,-0.3499792034798065,0.00014149647841131386,0.22386564005431453,-0.32705766359438115,-1.4200108687030237,1.2359423637390137,-1.3861287275897425,-1.571038548146383,2.7379965782165527,0.0,0.0,-2.3968450477696024e-05,4.793690095539205e-05,0.0,0.0,-0.3270704679655637,-1.4198708737411891,1.2358747576089224,-1.3859515864401413,-1.5710431232504585,2.737995157870074,-2.2150552938948036e-05,0.000588331326562265,-0.0006348780176607689,0.0011607974787973133,0.00011952261677564168,-0.0001929681599308013,-0.0011765932909730107,-8.031453804978696,-6.267790319209959,-0.9625016761590305,-4.582875976024557e-05,-3.0842418119944426e-07,28.0,28.0,14.0,6.0,6.0,6.0
0.23773897908441732,1.0,6.170652671252853e-05,0.00022493747234652317,-0.3499427809874881,0.00011962949350371266,0.22381006344904975,-0.3499427809874881,0.00011962949350371266,0.22381006344904975,-0.3499709994706161,0.00015123104238997498,0.22385492718448124,-0.3270934263812464,-1.4199984709369105,1.2359542846679688,-1.386092487965719,-1.571038548146383,2.7379965782165527,0.0,0.0,-2.3968450477696024e-05,4.793690095539205e-05,0.0,0.0,-0.3270705326469639,-1.419868527760852,1.2358722344192115,-1.3859469702693725,-1.5710426458528912,2.7379943822529382,-1.6170350038592803e-05,0.0005864950842616281,-0.0006307974277171074,0.0011540426921637615,0.00011934939179176449,-0.0001939042839707023,-0.0005260836827968481,-8.032599050935792,-6.268014279117015,-0.9625338773330323,-3.659965997402626e-05,-7.696700510329481e-07,28.0,28.0,14.0,6.0,6.0,6.0
0.24178415907127793,1.0,6.170652671252853e-05,0.00022493747234652317,-0.3499427809874881,0.00011962949350371266,0.22381006344904975,-0.3499427809874881,0.00011962949350371266,0.22381006344904975,-0.3499709994706161,0.00015123104238997498,0.22385492718448124,-0.3270934263812464,-1.4199984709369105,1.2359542846679688,-1.386092487965719,-1.571038548146383,2.7379965782165527,0.0,0.0,-2.3968450477696024e-05,4.793690095539205e-05,0.0,0.0,-0.32707057484280116,-1.419866188684786,1.2358697265725187,-1.3859423794966017,-1.57104216910665,2.737993603115976,-1.0548959312258885e-05,0.0005847690164990294,-0.0006269616731700657,0.001147693192728223,0.00011918656030691993,-0.00019478424056820922,-0.0005260836827968481,-8.032599050935792,-6.268014279117015,-0.9625338773330323,-3.659965997402626e-05,-7.696700510329481e-07,28.0,28.0,14.0,6.0,6.0,6.0
0.24578415907127793,1.0,6.170652671252853e-05,0.00022493747234652317,-0.3499427809874881,0.00011962949350371266,0.22381006344904975,-0.3499427809874881,0.00011962949350371266,0.22381006344904975,-0.3499709994706161,0.00015123104238997498,0.22385492718448124,-0.3270934263812464,-1.4199984709369105,1.2359542846679688,-1.386092487965719,-1.571038548146383,2.7379965782165527,0.0,0.0,-2.3968450477696024e-05,4.793690095539205e-05,0.0,0.0,-0.32707059590220927,-1.4198638560987349,1.2358672331482632,-1.3859378125979487,-1.5710416929726552,2.737992820670377,-5.2648520295050025e-06,0.0005831465128021867,-0.0006233560638958464,0.0011417246632588166,0.00011903349871116603,-0.00019561139976986572,-0.0005260836827968481,-8.032599050935792,-6.268014279117015,-0.9625338773330323,-3.659965997402626e-05,-7.696700510329481e-07,28.0,28.0,14.0,6.0,6.0,6.0
0.25048473808239224,1.0,6.170652671252853e-05,0.00022493747234652317,-0.3499427809874881,0.00011962949350371266,0.22381006344904975,-0.3499427809874881,0.00011962949350371266,0.22381006344904975,-0.3499709994706161,0.00015123104238997498,0.22385492718448124,-0.3270934263812464,-1.4199984709369105,1.2359542846679688,-1.386092487965719,-1.571038548146383,2.7379965782165527,0.0,0.0,-2.3968450477696024e-05,4.793690095539205e-05,0.0,0.0,-0.327070597093374,-1.4198615296132975,1.2358647532810985,-1.3859332681409664,-1.571041217414172,2.7379920351146594,-2.977911837163525e-07,0.0005816213593271545,-0.0006199667911780804,0.0011361142455575746,0.00011888962081115737,-0.00019638892941942286,-0.0005260836827968481,-8.032599050935792,-6.268014279117015,-0.9625338773330323,-3.659965997402626e-05,-7.696700510329481e-07,28.0,28.0,14.0,6.0,6.0,6.0
0.25448473808239225,1.0,6.564052573867544e-05,0.0002633906582994293,-0.3499427809874881,0.00011962949350371266,0.22381006344904975,-0.3499427809874881,0.00011962949350371266,0.22381006344904975,-0.34997178728420886,0.00014315316287427502,0.22386404446746494,-0.32706958452333623,-1.4200227896319788,1.2359542846679688,-1.3861048857318323,-1.571038548146383,2.738032579421997,0.0,0.0,-2.3968450477696024e-05,4.793690095539205e-05,0.0,0.0,-0.3270705933308456,-1.4198591750102927,1.2358622542622777,-1.3859287044538389,-1.5710407423800887,2.7379912189059117,9.406321063792189e-07,0.0005886507512097364,-0.0006247547052156511,0.0011409217819058782,0.00011875852076784661,-0.00020405218688979114,-0.0010128855263163163,-8.031448066910329,-6.267798446380453,-0.9625087130443325,-4.2753475468783535e-05,-9.266638997282807e-07,28.0,28.0,14.0,6.0,6.0,6.0
0.259532012079144,1.0,6.564052573867544e-05,0.0002633906582994293,-0.3499427809874881,0.00011962949350371266,0.22381006344904975,-0.3499427809874881,0.00011962949350371266,0.22381006344904975,-0.34997178728420886,0.00014315316287427502,0.22386404446746494,-0.32706958452333623,-1.4200227896319788,1.2359542846679688,-1.3861048857318323,-1.571038548146383,2.738032579421997,0.0,0.0,-2.3968450477696024e-05,4.793690095539205e-05,0.0,0.0,-0.3270705849118456,-1.4198567939767743,1.2358597372409001,-1.3859241226903747,-1.571040267838942,2.7379903738833162,2.104749999069056e-06,0.0005952583795793634,-0.0006292553444109675,0.0011454408660732834,0.0001186352867271345,-0.0002112556489119373,-0.0010128855263163163,-8.031448066910329,-6.267798446380453,-0.9625087130443325,-4.2753475468783535e-05,-9.266638997282807e-07,28.0,28.0,14.0,6.0,6.0,6.0
0.263532012079144,1.0,5.561353509979905e-05,0.00022706767624742726,-0.3499427809874881,0.00011962949350371266,0.22381006344904975,-0.3499427809874881,0.00011962949350371266,0.22381006344904975,-0.349979783682578,0.00014013773596832744,0.22384616161844093,-0.3270457426654261,-1.4199627081500452,1.2359542846679688,-1.3861287275897425,-1.5710504690753382,2.738044500350952,0.0,0.0,-2.3968450477696024e-05,4.793690095539205e-05,0.0,0.0,-0.3270705900984875,-1.419854444218572,1.2358572370801912,-1.3859195433229636,-1.5710397800227613,2.7379894975268644,-1.2966604722639168e-06,0.0005874395505750874,-0.0006250401772205146,0.001144841852756818,0.00012195404512432111,-0.00021908911291836514,-0.0009511993854663274,-8.033462524970362,-6.268258772182558,-0.9625611743532841,-5.0161447802764856e-05,-7.727638294233031e-07,28.0,28.0,14.0,6.0,6.0,6.0
0.26849854809208784,1.0,5.561353509979905e-05,0.00022706767624742726,-0.3499427809874881,0.00011962949350371266,0.22381006344904975,-0.3499427809874881,0.00011962949350371266,0.22381006344904975,-0.349979783682578,0.00014013773596832744,0.22384616161844093,-0.3270457426654261,-1.4199627081500452,1.2359542846679688,-1.3861287275897425,-1.5710504690753382,2.738044500350952,0.0,0.0,-2.3968450477696024e-05,4.793690095539205e-05,0.0,0.0,-0.3270706080744328,-1.4198521238591668,1.235854752768511,-1.3859149662078427,-1.5710392797280492,2.7379885917165883,-4.4939863153169115e-06,0.000580089851311068,-0.0006210779200614888,0.0011442787802393407,0.00012507367801767652,-0.00022645256908440732,-0.0009511993854663274,-8.033462524970362,-6.268258772182558,-0.9625611743532841,-5.0161447802764856e-05,-7.727638294233031e-07,28.0,28.0,14.0,6.0,6.0,6.0
0.27249854809208784,1.0,5.561353509979905e-05,0.00022706767624742726,-0.3499427809874881,0.00011962949350371266,0.22381006344904975,-0.3499427809874881,0.00011962949350371266,0.22381006344904975,-0.349979783682578,0.00014013773596832744,0.22384616161844093,-0.3270457426654261,-1.4199627081500452,1.2359542846679688,-1.3861287275897425,-1.5710504690753382,2.738044500350952,0.0,0.0,-2.3968450477696024e-05,4.793690095539205e-05,0.0,0.0,-0.3270706380723232,-1.4198498311346308,1.2358522833549177,-1.3859103912098745,-1.5710387677035176,2.737987658219717,-7.499472607786726e-06,0.0005731811340028897,-0.0006173533983320046,0.0011437494920729118,0.0001280061329374306,-0.00023337421788048696,-0.0009511993854663274,-8.033462524970362,-6.268258772182558,-0.9625611743532841,-5.0161447802764856e-05,-7.727638294233031e-07,28.0,28.0,14.0,6.0,6.0,6.0
0.27722406009281997,1.0,5.512250350657712e-05,0.0002070993171375313,-0.3499427809874881,0.00011962949350371266,0.22381006344904975,-0.3499427809874881,0.00011962949350371266,0.22381006344904975,-0.3499694515791939,0.00013974366671324777,0.22385391079750996,-0.32706958452333623,-1.4199984709369105,1.2359542846679688,-1.386080567036764,-1.571026627217428,2.7379965782165527,0.0,0.0,-2.3968450477696024e-05,0.0002636529679875821,0.0,0.0,-0.32707065707561506,-1.4198475466184075,1.2358498341578559,-1.3859058461152223,-1.5710382721276175,2.7379867487300995,-4.750822950363158e-06,0.000571129055853392,-0.0006122992654772701,0.001136273663029588,0.00012389397504543456,-0.0002273724043310732,-0.0006891291153869431,-8.032683876292111,-6.268105717133739,-0.9625750129514473,-4.1487617493388505e-05,-4.6189570348690196e-07,28.0,28.0,14.0,6.0,6.0,6.0
0.28122406009281997,1.0,5.512250350657712e-05,0.0002070993171375313,-0.3499427809874881,0.00011962949350371266,0.22381006344904975,-0.3499427809874881,0.00011962949350371266,0.22381006344904975,-0.3499694515791939,0.00013974366671324777,0.22385391079750996,-0.32706958452333623,-1.4199984709369105,1.2359542846679688,-1.386080567036764,-1.571026627217428,2.7379965782165527,0.0,0.0,-2.3968450477696024e-05,0.0002636529679875821,0.0,0.0,-0.32707066574398413,-1.419845269817998,1.2358474039643335,-1.3859013291296873,-1.571037792013431,2.737985861807301,-2.167092272385004e-06,0.0005692001023928641,-0.0006075483805938198,0.0011292463837288636,0.00012002854662695828,-0.00022173069959462426,-0.0006891291153869431,-8.032683876292111,-6.268105717133739,-0.9625750129514473,-4.1487617493388505e-05,-4.6189570348690196e-07,28.0,28.0,14.0,6.0,6.0,6.0
0.286128856083844,1.0,5.512250350657712e-05,0.0002070993171375313,-0.3499427809874881,0.00011962949350371266,0.22381006344904975,-0.3499427809874881,0.00011962949350371266,0.22381006344904975,-0.3499694515791939,0.00013974366671324777,0.22385391079750996,-0.32706958452333623,-1.4199984709369105,1.2359542846679688,-1.386080567036764,-1.571026627217428,2.7379965782165527,0.0,0.0,-2.3968450477696024e-05,0.0002636529679875821,0.0,0.0,-0.3270706646975259,-1.4198430002704534,1.2358449916341383,-1.3858968385667225,-1.5710373264332553,2.7379849960973126,2.6161456491446064e-07,0.000567386886139968,-0.0006030825488033765,0.0011226407411861826,0.00011639504391359059,-0.00021642749714236226,-0.0006891291153869431,-8.032683876292111,-6.268105717133739,-0.9625750129514473,-4.1487617493388505e-05,-4.6189570348690196e-07,28.0,28.0,14.0,6.0,6.0,6.0
0.290128856083844,1.0,3.949022463075089e-05,0.00015228829577385375,-0.3499427809874881,0.00011962949350371266,0.22381006344904975,-0.3499427809874881,0.00011962949350371266,0.22381006344904975,-0.3499581761244496,0.00012340137180067074,0.22384623305691928,-0.327033821736471,-1.4199984709369105,1.235966682434082,-1.3860333601581019,-1.571026627217428,2.738044500350952,0.0,0.0,-2.3968450477696024e-05,0.005081311333924532,0.0,0.0,-0.3270706750750491,-1.419840770436721,1.235842642014247,-1.3858922232814486,-1.5710368744972116,2.7379841157634437,-2.594380804672082e-06,0.0005574584330674389,-0.0005874049728290363,0.0011538213184804596,0.00011298401094906239,-0.00022008346717748568,-0.0010075862542390044,-8.034992836073187,-6.270153183381196,-0.963395396163404,-5.073586259350384e-05,-6.162223904128175e-07,28.0,28.0,14.0,6.0,6.0,6.0
0.29508114510239114,1.0,3.949022463075089e-05,0.00015228829577385375,-0.3499427809874881,0.00011962949350371266,0.22381006344904975,-0.3499427809874881,0.00011962949350371266,0.22381006344904975,-0.3499581761244496,0.00012340137180067074,0.22384623305691928,-0.327033821736471,-1.4199984709369105,1.235966682434082,-1.3860333601581019,-1.571026627217428,2.738044500350952,0.0,0.0,-2.3968450477696024e-05,0.005081311333924532,0.0,0.0,-0.3270706961911149,-1.4198385779339724,1.2358403513420413,-1.385887490757204,-1.5710364353866517,2.7379832216831277,-5.2790164520834325e-06,0.0005481256871792616,-0.0005726680514131566,0.00118313106113708,0.00010977763996240589,-0.0002235200790105017,-0.0010075862542390044,-8.034992836073187,-6.270153183381196,-0.963395396163404,-5.073586259350384e-05,-6.162223904128175e-07,28.0,28.0,14.0,6.0,6.0,6.0
0.29908114510239114,1.0,3.076731158739021e-05,9.189714645039205e-05,-0.3499427809874881,0.00011962949350371266,0.22381006344904975,-0.3499427809874881,0.00011962949350371266,0.22381006344904975,-0.3499169209835123,0.0001229848138149717,0.2238263922420944,-0.32705766359438115,-1.4199984709369105,1.235978603363037,-1.3858416716205042,-1.5710504690753382,2.738032579421997,0.0,0.0,-2.3968450477696024e-05,0.016178704798221588,0.0,0.0,-0.327070722250618,-1.4198365364181909,1.2358382939399835,-1.385882411865094,-1.5710359808948642,2.7379823060967725,-6.514875776040318e-06,0.0005103789453742761,-0.0005143505144414301,0.0012697230274938017,0.00011362294689163834,-0.00022889658882079144,-0.0004919136899285803,-8.041241539575886,-6.274869758494215,-0.9652846902989155,-4.716766501143647e-05,-7.631088752681579e-07,28.0,28.0,14.0,6.0,6.0,6.0
0.30368911307654356,1.0,3.076731158739021e-05,9.189714645039205e-05,-0.3499427809874881,0.00011962949350371266,0.22381006344904975,-0.3499427809874881,0.00011962949350371266,0.22381006344904975,-0.3499169209835123,0.0001229848138149717,0.2238263922420944,-0.32705766359438115,-1.4199984709369105,1.235978603363037,-1.3858416716205042,-1.5710504690753382,2.738032579421997,0.0,0.0,-2.3968450477696024e-05,0.016178704798221588,0.0,0.0,-0.32707075295695215,-1.4198346368301586,1.2358364558118646,-1.3858770073871907,-1.5710355119447226,2.73798137029474,-7.676583540559792e-06,0.0004748970080775896,-0.0004595320296880072,0.0013511194758691202,0.00011723753540511685,-0.00023395050804246378,-0.0004919136899285803,-8.041241539575886,-6.274869758494215,-0.9652846902989155,-4.716766501143647e-05,-7.631088752681579e-07,28.0,28.0,14.0,6.0,6.0,6.0
0.30768911307654356,1.0,3.076731158739021e-05,9.189714645039205e-05,-0.3499427809874881,0.00011962949350371266,0.22381006344904975,-0.3499427809874881,0.00011962949350371266,0.22381006344904975,-0.3499169209835123,0.0001229848138149717,0.2238263922420944,-0.32705766359438115,-1.4199984709369105,1.235978603363037,-1.3858416716205042,-1.5710504690753382,2.738032579421997,0.0,0.0,-2.3968450477696024e-05,0.016178704798221588,0.0,0.0,-0.3270707880313075,-1.4198328706542105,1.2358348238012486,-1.3858712968586413,-1.571035029403728,2.7379804154899716,-8.768588839208096e-06,0.0004415439870187043,-0.0004080026540197897,0.0014276321373419196,0.00012063524860778665,-0.00023870119211083577,-0.0004919136899285803,-8.041241539575886,-6.274869758494215,-0.9652846902989155,-4.716766501143647e-05,-7.631088752681579e-07,28.0,28.0,14.0,6.0,6.0,6.0
0.3126722720623949,1.0,3.076731158739021e-05,9.189714645039205e-05,-0.3499427809874881,0.00011962949350371266,0.22381006344904975,-0.3499427809874881,0.00011962949350371266,0.22381006344904975,-0.3499169209835123,0.0001229848138149717,0.2238263922420944,-0.32705766359438115,-1.4199984709369105,1.235978603363037,-1.3858416716205042,-1.5710504690753382,2.738032579421997,0.0,0.0,-2.3968450477696024e-05,0.016178704798221588,0.0,0.0,-0.3270708272116028,-1.4198312298856215,1.235833385541085,-1.3858652986424849,-1.571034534087332,2.737979442822631,-9.795073819937502e-06,0.00041019214722335214,-0.0003595650408916652,0.001499554039126351,0.00012382909901829624,-0.00024316683513510545,-0.0004919136899285803,-8.041241539575886,-6.274869758494215,-0.9652846902989155,-4.716766501143647e-05,-7.631088752681579e-07,28.0,28.0,14.0,6.0,6.0,6.0
0.3166722720623949,1.0,2.3445008772582538e-05,8.493700573692538e-05,-0.3499427809874881,0.00011962949350371266,0.22381006344904975,-0.3499427809874881,0.00011962949350371266,0.22381006344904975,-0.3499444650782439,0.00013232888978139624,0.22382969906996825,-0.32705766359438115,-1.4199746290790003,1.235978603363037,-1.3859732786761683,-1.5710504690753382,2.738032579421997,0.0,0.0,-2.3968450477696024e-05,-0.002181129064410925,0.0,0.0,-0.32707087025668796,-1.4198296605926175,1.235832031855121,-1.3858597359439893,-1.5710340267574745,2.7379784533615243,-1.0761271294165414e-05,0.0003923232509827733,-0.00033842149099988316,0.0013906746239005007,0.00012683246436494941,-0.00024736527665783324,-0.0002285887175791694,-8.033982735138439,-6.2675862152778725,-0.9622561075391604,-4.706499178237796e-05,-7.734708433010319e-07,28.0,28.0,14.0,6.0,6.0,6.0
0.3218738970598207,1.0,2.3445008772582538e-05,8.493700573692538e-05,-0.3499427809874881,0.00011962949350371266,0.22381006344904975,-0.3499427809874881,0.00011962949350371266,0.22381006344904975,-0.3499444650782439,0.00013232888978139624,0.22382969906996825,-0.32705766359438115,-1.4199746290790003,1.235978603363037,-1.3859732786761683,-1.5710504690753382,2.738032579421997,0.0,0.0,-2.3968450477696024e-05,-0.002181129064410925,0.0,0.0,-0.32707091693467566,-1.4198281584866634,1.2358307576689047,-1.385854582632095,-1.5710335081349633,2.7379774481142776,-1.1669496919939651e-05,0.00037552648851662916,-0.00031854655410160803,0.0012883279735882015,0.0001296556277908034,-0.00025131181168919735,-0.0002285887175791694,-8.033982735138439,-6.2675862152778725,-0.9622561075391604,-4.706499178237796e-05,-7.734708433010319e-07,28.0,28.0,14.0,6.0,6.0,6.0
0.3258738970598207,1.0,2.4117542628159887e-05,8.703996706933903e-05,-0.3499427809874881,0.00011962949350371266,0.22381006344904975,-0.3499427809874881,0.00011962949350371266,0.22381006344904975,-0.3499240196422829,0.00012433070403383242,0.22382447061421382,-0.32706958452333623,-1.4199865500079554,1.235978603363037,-1.3858655134784144,-1.571026627217428,2.738032579421997,0.0,0.0,-2.3968450477696024e-05,0.002061286708340049,0.0,0.0,-0.32707095156948846,-1.41982676117685,1.2358296379477323,-1.3858497590067642,-1.5710330063636413,2.7379764297519085,-8.658703199851546e-06,0.0003493274533288632,-0.00027993029309411464,0.0012059063327021055,0.00012544283051906647,-0.0002545905922619283,0.0001747852854261924,-8.036143249449047,-6.269294041043877,-0.9629726967140707,-4.1482688021588257e-05,-9.247807686553163e-07,28.0,28.0,14.0,6.0,6.0,6.0
0.3307846300576349,1.0,2.4117542628159887e-05,8.703996706933903e-05,-0.3499427809874881,0.00011962949350371266,0.22381006344904975,-0.3499427809874881,0.00011962949350371266,0.22381006344904975,-0.3499240196422829,0.00012433070403383242,0.22382447061421382,-0.32706958452333623,-1.4199865500079554,1.235978603363037,-1.3858655134784144,-1.571026627217428,2.738032579421997,0.0,0.0,-2.3968450477696024e-05,0.002061286708340049,0.0,0.0,-0.3270709748837169,-1.419825462375409,1.2358286634237012,-1.385845245286803,-1.571032520432437,2.7379753990613245,-5.828557102968727e-06,0.00032470036025236313,-0.00024363100774707085,0.0011284299902691755,0.00012148280108363374,-0.00025767264600029543,0.0001747852854261924,-8.036143249449047,-6.269294041043877,-0.9629726967140707,-4.1482688021588257e-05,-9.247807686553163e-07,28.0,28.0,14.0,6.0,6.0,6.0
0.3347846300576349,1.0,2.4117542628159887e-05,8.703996706933903e-05,-0.3499427809874881,0.00011962949350371266,0.22381006344904975,-0.3499427809874881,0.00011962949350371266,0.22381006344904975,-0.3499240196422829,0.00012433070403383242,0.22382447061421382,-0.32706958452333623,-1.4199865500079554,1.235978603363037,-1.3858655134784144,-1.571026627217428,2.738032579421997,0.0,0.0,-2.3968450477696024e-05,0.002061286708340049,0.0,0.0,-0.32707098755659597,-1.419824256171838,1.2358278253849833,-1.3858410228778895,-1.5710320493909433,2.7379743567822183,-3.168219771898877e-06,0.0003015508927604531,-0.0002095096795208497,0.0010556022283822212,0.00011776037341432699,-0.0002605697765143605,0.0001747852854261924,-8.036143249449047,-6.269294041043877,-0.9629726967140707,-4.1482688021588257e-05,-9.247807686553163e-07,28.0,28.0,14.0,6.0,6.0,6.0
0.3396205620784314,1.0,3.0174324026519235e-05,6.453429876311218e-05,-0.3499427809874881,0.00011962949350371266,0.22381006344904975,-0.3499427809874881,0.00011962949350371266,0.22381006344904975,-0.34992316685255975,0.00013189268899668817,0.22382943842202446,-0.32706958452333623,-1.4199984709369105,1.235978603363037,-1.3858774344073694,-1.5710623900042933,2.7379965782165527,0.0,0.0,-2.3968450477696024e-05,0.002061286708340049,0.0,0.0,-0.32707100311986886,-1.419823123381756,1.2358271021255043,-1.3858370469590595,-1.57103155115879,2.7379733321897093,-3.890818220804839e-06,0.00028319752049423225,-0.00018081486974388792,0.0009939797075040934,0.00012455803834652182,-0.00025614812723272906,-0.00013999027104238176,-8.035587556779827,-6.269187560069582,-0.9629575514108973,-4.52752714599713e-05,-4.601855769050942e-07,28.0,28.0,14.0,6.0,6.0,6.0
0.3436205620784314,1.0,3.0174324026519235e-05,6.453429876311218e-05,-0.3499427809874881,0.00011962949350371266,0.22381006344904975,-0.3499427809874881,0.00011962949350371266,0.22381006344904975,-0.34992316685255975,0.00013189268899668817,0.22382943842202446,-0.32706958452333623,-1.4199984709369105,1.235978603363037,-1.3858774344073694,-1.5710623900042933,2.7379965782165527,0.0,0.0,-2.3968450477696024e-05,0.002061286708340049,0.0,0.0,-0.3270710214001119,-1.4198220596003537,1.23582648675851,-1.385833302740908,-1.5710310273674164,2.7379723242226017,-4.570060762776444e-06,0.00026594535056398465,-0.00015384174855354385,0.0009360545378786532,0.00013094784338278496,-0.00025199177690799553,-0.00013999027104238176,-8.035587556779827,-6.269187560069582,-0.9629575514108973,-4.52752714599713e-05,-4.601855769050942e-07,28.0,28.0,14.0,6.0,6.0,6.0
0.34845174409216284,1.0,3.0174324026519235e-05,6.453429876311218e-05,-0.3499427809874881,0.00011962949350371266,0.22381006344904975,-0.3499427809874881,0.00011962949350371266,0.22381006344904975,-0.34992316685255975,0.00013189268899668817,0.22382943842202446,-0.32706958452333623,-1.4199984709369105,1.235978603363037,-1.3858774344073694,-1.5710623900042933,2.7379965782165527,0.0,0.0,-2.3968450477696024e-05,0.002061286708340049,0.0,0.0,-0.32707104223430694,-1.4198210606871104,1.2358259728104515,-1.3858297763213943,-1.571030479550376,2.7379713318833714,-5.208548752229753e-06,0.0002497283108295519,-0.00012848701463462044,0.0008816048784307394,0.0001369542601168723,-0.000248084807602746,-0.00013999027104238176,-8.035587556779827,-6.269187560069582,-0.9629575514108973,-4.52752714599713e-05,-4.601855769050942e-07,28.0,28.0,14.0,6.0,6.0,6.0
0.35245174409216284,1.0,3.7516376241025156e-05,0.00011038455758958955,-0.3499427809874881,0.00011962949350371266,0.22381006344904975,-0.3499427809874881,0.00011962949350371266,0.22381006344904975,-0.34992774405210436,0.00013867971998838882,0.22383867215281986,-0.32706958452333623,-1.4199865500079554,1.2359304428100586,-1.3858655134784144,-1.5710862318622034,2.738044500350952,0.0,0.0,-2.3968450477696024e-05,0.003020024858415127,0.0,0.0,-0.3270710740633437,-1.4198201204649497,1.2358255655492023,-1.3858263942464344,-1.5710298816913153,2.737970290434601,-7.957259180946946e-06,0.00023505554017390695,-0.00010181531228103207,0.0008455187399570635,0.00014946476517114666,-0.0002603621925437678,-0.0003362996772640961,-8.03575105927331,-6.26936291622212,-0.963080886114872,-4.780783517652198e-05,-1.0778699832224333e-06,28.0,28.0,14.0,6.0,6.0,6.0
0.357501393106999,1.0,3.7516376241025156e-05,0.00011038455758958955,-0.3499427809874881,0.00011962949350371266,0.22381006344904975,-0.3499427809874881,0.00011962949350371266,0.22381006344904975,-0.34992774405210436,0.00013867971998838882,0.22383867215281986,-0.32706958452333623,-1.4199865500079554,1.2359304428100586,-1.3858655134784144,-1.5710862318622034,2.738044500350952,0.0,0.0,-2.3968450477696024e-05,0.003020024858415127,0.0,0.0,-0.3270711162275316,-1.4198192354124066,1.235825258573554,-1.3858231478553553,-1.5710292367927556,2.7379692028228635,-1.0541046983941109e-05,0.00022126313575760072,-7.674391206865901e-05,0.000811597769791808,0.0001612246399221646,-0.00027190293438832835,-0.0003362996772640961,-8.03575105927331,-6.26936291622212,-0.963080886114872,-4.780783517652198e-05,-1.0778699832224333e-06,28.0,28.0,14.0,6.0,6.0,6.0
0.361501393106999,1.0,3.7516376241025156e-05,0.00011038455758958955,-0.3499427809874881,0.00011962949350371266,0.22381006344904975,-0.3499427809874881,0.00011962949350371266,0.22381006344904975,-0.34992774405210436,0.00013867971998838882,0.22383867215281986,-0.32706958452333623,-1.4199865500079554,1.2359304428100586,-1.3858655134784144,-1.5710862318622034,2.738044500350952,0.0,0.0,-2.3968450477696024e-05,0.003020024858415127,0.0,0.0,-0.3270711681067617,-1.419818402219304,1.2358250458663707,-1.3858200290071239,-1.571028547677067,2.7379680718179364,-1.2969807518755621e-05,0.00020829827560627285,-5.3176795869028335e-05,0.0007797120578364679,0.00017227892218812143,-0.00028275123172221523,-0.0003362996772640961,-8.03575105927331,-6.26936291622212,-0.963080886114872,-4.780783517652198e-05,-1.0778699832224333e-06,28.0,28.0,14.0,6.0,6.0,6.0
0.3657163601259237,1.0,3.9418726731081096e-05,3.623675029116677e-05,-0.3499427809874881,0.00011962949350371266,0.22381006344904975,-0.3499427809874881,0.00011962949350371266,0.22381006344904975,-0.3499195726879266,0.00012126729119009972,0.2238418837015205,-0.32705766359438115,-1.420046631489889,1.2359905242919922,-1.3858774344073694,-1.571038548146383,2.7379965782165527,0.0,0.0,-2.3968450477696024e-05,0.003020024858415127,0.0,0.0,-0.3270712188055404,-1.4198175687964174,1.2358248675512782,-1.385817011085002,-1.5710278719053623,2.7379669792753534,-1.2674694687103099e-05,0.00020835572169806429,-4.457877313494753e-05,0.0007544805304257848,0.0001689429261595297,-0.00027313564576585564,-0.0005008199910118262,-8.034225256942115,-6.269253766857476,-0.9630816363916371,-4.583366889601071e-05,-3.0609336202211553e-07,28.0,28.0,14.0,6.0,6.0,6.0
0.3697163601259237,1.0,3.9418726731081096e-05,3.623675029116677e-05,-0.3499427809874881,0.00011962949350371266,0.22381006344904975,-0.3499427809874881,0.00011962949350371266,0.22381006344904975,-0.3499195726879266,0.00012126729119009972,0.2238418837015205,-0.32705766359438115,-1.420046631489889,1.2359905242919922,-1.3858774344073694,-1.571038548146383,2.7379965782165527,0.0,0.0,-2.3968450477696024e-05,0.003020024858415127,0.0,0.0,-0.3270712683946949,-1.4198167351575333,1.235824721564751,-1.3858140880334235,-1.5710272086770027,2.7379659228873736,-1.2397288625349727e-05,0.00020840972102434825,-3.649663176491157e-05,0.0007307628946597426,0.00016580708989265348,-0.0002640969949668776,-0.0005008199910118262,-8.034225256942115,-6.269253766857476,-0.9630816363916371,-4.583366889601071e-05,-3.0609336202211553e-07,28.0,28.0,14.0,6.0,6.0,6.0
0.37414385513099857,1.0,3.9418726731081096e-05,3.623675029116677e-05,-0.3499427809874881,0.00011962949350371266,0.22381006344904975,-0.3499427809874881,0.00011962949350371266,0.22381006344904975,-0.3499195726879266,0.00012126729119009972,0.2238418837015205,-0.32705766359438115,-1.420046631489889,1.2359905242919922,-1.3858774344073694,-1.571038548146383,2.7379965782165527,0.0,0.0,-2.3968450477696024e-05,0.003020024858415127,0.0,0.0,-0.3270713169408026,-1.4198159013156118,1.2358246059670757,-1.3858112541601555,-1.5710265572393876,2.737964900484721,-1.2136526927301558e-05,0.00020846048039105516,-2.8899418877077767e-05,0.0007084683170396629,0.00016285940380178984,-0.0002556006632158383,-0.0005008199910118262,-8.034225256942115,-6.269253766857476,-0.9630816363916371,-4.583366889601071e-05,-3.0609336202211553e-07,28.0,28.0,14.0,6.0,6.0,6.0
0.3781438551309986,1.0,3.235644890199345e-05,5.108380168940415e-05,-0.3499427809874881,0.00011962949350371266,0.22381006344904975,-0.3499427809874881,0.00011962949350371266,0.22381006344904975,-0.3499316874217984,0.00012643924753767433,0.22383968607276597,-0.3270457426654261,-1.4199865500079554,1.2359304428100586,-1.3858774344073694,-1.5710623900042933,2.7379729747772217,0.0,0.0,-2.3968450477696024e-05,0.003020024858415127,0.0,0.0,-0.32707137993955393,-1.4198151056766026,1.2358245579538218,-1.3858085047252329,-1.571025889423796,2.737963935519414,-1.5749687838614714e-05,0.0001989097522565987,-1.2003313455835693e-05,0.0006873587306341132,0.00016695389785059534,-0.00024124132672549847,-0.0005146260099479051,-8.035536773208504,-6.2693438752729564,-0.9630792526869449,-5.143154333160861e-05,1.5240788449221812e-07,28.0,28.0,14.0,6.0,6.0,6.0
0.3830937691314613,1.0,3.235644890199345e-05,5.108380168940415e-05,-0.3499427809874881,0.00011962949350371266,0.22381006344904975,-0.3499427809874881,0.00011962949350371266,0.22381006344904975,-0.3499316874217984,0.00012643924753767433,0.22383968607276597,-0.3270457426654261,-1.4199865500079554,1.2359304428100586,-1.3858774344073694,-1.5710623900042933,2.7379729747772217,0.0,0.0,-2.3968450477696024e-05,0.003020024858415127,0.0,0.0,-0.3270714565237903,-1.4198143459483314,1.2358245734699245,-1.3858058346623552,-1.571025206212907,2.7379630245452122,-1.9146059095249083e-05,0.00018993206781020962,3.8790256401318545e-06,0.0006675157194128966,0.00017080272225647252,-0.00022774355042457902,-0.0005146260099479051,-8.035536773208504,-6.2693438752729564,-0.9630792526869449,-5.143154333160861e-05,1.5240788449221812e-07,28.0,28.0,14.0,6.0,6.0,6.0
0.3870937691314613,1.0,3.235644890199345e-05,5.108380168940415e-05,-0.3499427809874881,0.00011962949350371266,0.22381006344904975,-0.3499427809874881,0.00011962949350371266,0.22381006344904975,-0.3499316874217984,0.00012643924753767433,0.22383968607276597,-0.3270457426654261,-1.4199865500079554,1.2359304428100586,-1.3858774344073694,-1.5710623900042933,2.7379729747772217,0.0,0.0,-2.3968450477696024e-05,0.003020024858415127,0.0,0.0,-0.3270715458783826,-1.4198136199761537,1.235824648703622,-1.3858032392091997,-1.5710245085304384,2.7379621643226493,-2.233864807648539e-05,0.00018149304443060388,1.880842439034135e-05,0.0006488632888649529,0.00017442061719799706,-0.00021505564070171474,-0.0005146260099479051,-8.035536773208504,-6.2693438752729564,-0.9630792526869449,-5.143154333160861e-05,1.5240788449221812e-07,28.0,28.0,14.0,6.0,6.0,6.0
0.39205318110878595,1.0,3.745771885900656e-05,8.648338190630765e-05,-0.3499427809874881,0.00011962949350371266,0.22381006344904975,-0.3499427809874881,0.00011962949350371266,0.22381006344904975,-0.3499175643096431,0.00013105432159302957,0.22383529583228462,-0.32705766359438115,-1.4200347105609339,1.2360029220581055,-1.3858893553363245,-1.5710862318622034,2.738020658493042,0.0,0.0,-2.3968450477696024e-05,0.002253034384921193,0.0,0.0,-0.3270716489798722,-1.419812909084608,1.2358247542215826,-1.385800755798865,-1.571023769792364,2.7379612813989724,-2.577537238757469e-05,0.00017772288642633807,2.6379490137104988e-05,0.0006208525836640647,0.00018468451860958592,-0.0002207309192085948,-0.0006238043147873232,-8.034503223336332,-6.269117116281867,-0.9629762691873487,-5.0882402474900465e-05,-6.16920856143796e-07,28.0,28.0,14.0,6.0,6.0,6.0
0.39605318110878596,1.0,3.745771885900656e-05,8.648338190630765e-05,-0.3499427809874881,0.00011962949350371266,0.22381006344904975,-0.3499427809874881,0.00011962949350371266,0.22381006344904975,-0.3499175643096431,0.00013105432159302957,0.22383529583228462,-0.32705766359438115,-1.4200347105609339,1.2360029220581055,-1.3858893553363245,-1.5710862318622034,2.738020658493042,0.0,0.0,-2.3968450477696024e-05,0.002253034384921193,0.0,0.0,-0.32707176500344515,-1.4198122123688566,1.2358248882067504,-1.385798377708782,-1.5710229924620203,2.7379603771362486,-2.9005893239998634e-05,0.00017417893790232822,3.349629193906281e-05,0.0005945225207752299,0.00019433258593647945,-0.00022606568100506206,-0.0006238043147873232,-8.034503223336332,-6.269117116281867,-0.9629762691873487,-5.0882402474900465e-05,-6.16920856143796e-07,28.0,28.0,14.0,6.0,6.0,6.0
0.4006397770924961,1.0,3.745771885900656e-05,8.648338190630765e-05,-0.3499427809874881,0.00011962949350371266,0.22381006344904975,-0.3499427809874881,0.00011962949350371266,0.22381006344904975,-0.3499175643096431,0.00013105432159302957,0.22383529583228462,-0.32705766359438115,-1.4200347105609339,1.2360029220581055,-1.3858893553363245,-1.5710862318622034,2.738020658493042,0.0,0.0,-2.3968450477696024e-05,0.002253034384921193,0.0,0.0,-0.3270718931737765,-1.4198115289783515,1.235825048951093,-1.3857960986197353,-1.5710221788549434,2.7379594528148203,-3.204258284127714e-05,0.00017084762628975894,4.018608563290316e-05,0.0005697722616597252,0.00020340176922375937,-0.00023108035709374129,-0.0006238043147873232,-8.034503223336332,-6.269117116281867,-0.9629762691873487,-5.0882402474900465e-05,-6.16920856143796e-07,28.0,28.0,14.0,6.0,6.0,6.0
0.4046397770924961,1.0,4.651329097775614e-05,0.00010047033875105567,-0.3499427809874881,0.00011962949350371266,0.22381006344904975,-0.3499427809874881,0.00011962949350371266,0.22381006344904975,-0.3499327966358207,0.0001408866855132851,0.22385021230640872,-0.3270934263812464,-1.4200227896319788,1.2359423637390137,-1.3859012762652796,-1.5710504690753382,2.738008499145508,0.0,0.0,-2.3968450477696024e-05,0.0017736653098836541,0.0,0.0,-0.3270719993222943,-1.4198108256050417,1.2358252092270627,-1.3857938727301011,-1.5710213723461948,2.73795851588808,-2.6537129457941132e-05,0.0001758433274398018,4.006899247553111e-05,0.0005564724085509623,0.0002016271871511906,-0.00023423168500393959,-0.00021628237783191006,-8.033835523719222,-6.268616572574058,-0.9628406329686183,-3.786466915207891e-05,-9.22079517348649e-07,28.0,28.0,14.0,6.0,6.0,6.0
0.4095374500956388,1.0,4.651329097775614e-05,0.00010047033875105567,-0.3499427809874881,0.00011962949350371266,0.22381006344904975,-0.3499427809874881,0.00011962949350371266,0.22381006344904975,-0.3499327966358207,0.0001408866855132851,0.22385021230640872,-0.3270934263812464,-1.4200227896319788,1.2359423637390137,-1.3859012762652796,-1.5710504690753382,2.738008499145508,0.0,0.0,-2.3968450477696024e-05,0.0017736653098836541,0.0,0.0,-0.3270720847703074,-1.4198101034478956,1.2358253690627623,-1.3857916968479147,-1.5710205725098747,2.737957567112347,-2.1362003277605282e-05,0.0001805392865208421,3.995892490760139e-05,0.0005439705466287251,0.00019995908000297597,-0.00023719393323952599,-0.00021628237783191006,-8.033835523719222,-6.268616572574058,-0.9628406329686183,-3.786466915207891e-05,-9.22079517348649e-07,28.0,28.0,14.0,6.0,6.0,6.0
0.4135374500956388,1.0,3.9712844097362044e-05,7.430432317613154e-05,-0.3499427809874881,0.00011962949350371266,0.22381006344904975,-0.3499427809874881,0.00011962949350371266,0.22381006344904975,-0.3499246078730825,0.00012665474898817722,0.22384466827074384,-0.3270457426654261,-1.4200227896319788,1.2359542846679688,-1.3858774344073694,-1.5710743109332483,2.738020658493042,0.0,0.0,-2.3968450477696024e-05,0.0014381069922819734,0.0,0.0,-0.3270721867617642,-1.4198093873245923,1.2358255577841362,-1.3857896308801285,-1.5710197514694861,2.7379566121203025,-2.549786419461051e-05,0.00017903082582182648,4.7180343492855394e-05,0.0005164919465574035,0.00020526009716869057,-0.00023874801112610812,-0.0007182720789341494,-8.033921017884069,-6.268574412223807,-0.9628092879977481,-5.268818274180702e-05,-4.6373593558992967e-07,28.0,28.0,14.0,6.0,6.0,6.0
0.4185111100859942,1.0,3.9712844097362044e-05,7.430432317613154e-05,-0.3499427809874881,0.00011962949350371266,0.22381006344904975,-0.3499427809874881,0.00011962949350371266,0.22381006344904975,-0.3499246078730825,0.00012665474898817722,0.22384466827074384,-0.3270457426654261,-1.4200227896319788,1.2359542846679688,-1.3858774344073694,-1.5710743109332483,2.738020658493042,0.0,0.0,-2.3968450477696024e-05,0.0014381069922819734,0.0,0.0,-0.32707230430405804,-1.4198086768731013,1.235825773658044,-1.3857876682318786,-1.571018910497273,2.737955651284925,-2.9385573456595426e-05,0.0001776128727647518,5.396847696299416e-05,0.0004906620624903613,0.0002102430533044623,-0.00024020884433949532,-0.0007182720789341494,-8.033921017884069,-6.268574412223807,-0.9628092879977481,-5.268818274180702e-05,-4.6373593558992967e-07,28.0,28.0,14.0,6.0,6.0,6.0
0.4225111100859942,1.0,3.9712844097362044e-05,7.430432317613154e-05,-0.3499427809874881,0.00011962949350371266,0.22381006344904975,-0.3499427809874881,0.00011962949350371266,0.22381006344904975,-0.3499246078730825,0.00012665474898817722,0.22384466827074384,-0.3270457426654261,-1.4200227896319788,1.2359542846679688,-1.3858774344073694,-1.5710743109332483,2.738020658493042,0.0,0.0,-2.3968450477696024e-05,0.0014381069922819734,0.0,0.0,-0.3270724364641387,-1.4198079717531138,1.2358260150553337,-1.3857858027039927,-1.5710180507891447,2.7379546849568146,-3.3040020162861244e-05,0.0001762799968911016,6.0349322424924603e-05,0.00046638197146734155,0.00021492703207208773,-0.00024158202756007928,-0.0007182720789341494,-8.033921017884069,-6.268574412223807,-0.9628092879977481,-5.268818274180702e-05,-4.6373593558992967e-07,28.0,28.0,14.0,6.0,6.0,6.0
0.4277816000722816,1.0,2.0864186470823502e-05,2.4085126255669203e-05,-0.3499427809874881,0.00011962949350371266,0.22381006344904975,-0.3499427809874881,0.00011962949350371266,0.22381006344904975,-0.3499350406050048,0.0001336919749583166,0.2238233918912483,-0.3270934263812464,-1.4199865500079554,1.2360029220581055,-1.3859370390521448,-1.5710142294513147,2.7379610538482666,0.0,0.0,-2.3968450477696024e-05,0.0012223910307511687,0.0,0.0,-0.32707253328407326,-1.4198072956099563,1.235826262022517,-1.385784025527809,-1.5710172426830948,2.7379537762784625,-2.4204983641316227e-05,0.0001690357893899621,6.17417958415243e-05,0.0004442940459013322,0.00020202651245496893,-0.0002271695880181146,0.0003665495457634389,-8.035672956549927,-6.269053921395339,-0.9628356527382904,-3.4017300853499465e-05,-3.101302140775672e-07,28.0,28.0,14.0,6.0,6.0,6.0
0.4317816000722816,1.0,2.0864186470823502e-05,2.4085126255669203e-05,-0.3499427809874881,0.00011962949350371266,0.22381006344904975,-0.3499427809874881,0.00011962949350371266,0.22381006344904975,-0.3499350406050048,0.0001336919749583166,0.2238233918912483,-0.3270934263812464,-1.4199865500079554,1.2360029220581055,-1.3859370390521448,-1.5710142294513147,2.7379610538482666,0.0,0.0,-2.3968450477696024e-05,0.0012223910307511687,0.0,0.0,-0.3270725968842705,-1.419806646705019,1.2358265142254006,-1.3857823314022257,-1.5710164830829987,2.737952921790883,-1.590004931106391e-05,0.000162226234338891,6.305072085312802e-05,0.00042353139586928337,0.00018990002401487725,-0.00021362189484866781,0.0003665495457634389,-8.035672956549927,-6.269053921395339,-0.9628356527382904,-3.4017300853499465e-05,-3.101302140775672e-07,28.0,28.0,14.0,6.0,6.0,6.0
0.43630289308493975,1.0,2.0864186470823502e-05,2.4085126255669203e-05,-0.3499427809874881,0.00011962949350371266,0.22381006344904975,-0.3499427809874881,0.00011962949350371266,0.22381006344904975,-0.3499350406050048,0.0001336919749583166,0.2238233918912483,-0.3270934263812464,-1.4199865500079554,1.2360029220581055,-1.3859370390521448,-1.5710142294513147,2.7379610538482666,0.0,0.0,-2.3968450477696024e-05,0.0012223910307511687,0.0,0.0,-0.32707262925791464,-1.4198060234040086,1.235826771349842,-1.3857807153442063,-1.5710157690784992,2.73795211824263,-8.093411040626732e-06,0.00015582525259088414,6.428111036403551e-05,0.00040401450483915747,0.0001785011248811911,-0.00020088706326938782,0.0003665495457634389,-8.035672956549927,-6.269053921395339,-0.9628356527382904,-3.4017300853499465e-05,-3.101302140775672e-07,28.0,28.0,14.0,6.0,6.0,6.0
0.44030289308493975,1.0,2.8007598852711392e-05,7.182211611297886e-05,-0.3499427809874881,0.00011962949350371266,0.22381006344904975,-0.3499427809874881,0.00011962949350371266,0.22381006344904975,-0.3499290444045423,0.00013805870073917349,0.2238260664551155,-0.3270815054522913,-1.4199746290790003,1.235966682434082,-1.3858893553363245,-1.5710623900042933,2.7379965782165527,0.0,0.0,-2.3968450477696024e-05,0.0010546118719503284,0.0,0.0,-0.32707265647978484,-1.4198054520485341,1.2358270840447299,-1.3857792307010866,-1.5710150424664926,2.73795131118434,-6.8054675546894375e-06,0.0001428388686354135,7.817372194470779e-05,0.0003711607799498766,0.00018165300163395137,-0.00020176457254104314,0.00011617690272421703,-8.035876856514571,-6.268891095976503,-0.962798523283058,-4.219242952037623e-05,-6.145700667152417e-07,28.0,28.0,14.0,6.0,6.0,6.0
0.4457502921016423,1.0,2.8007598852711392e-05,7.182211611297886e-05,-0.3499427809874881,0.00011962949350371266,0.22381006344904975,-0.3499427809874881,0.00011962949350371266,0.22381006344904975,-0.3499290444045423,0.00013805870073917349,0.2238260664551155,-0.3270815054522913,-1.4199746290790003,1.235966682434082,-1.3858893553363245,-1.5710623900042933,2.7379965782165527,0.0,0.0,-2.3968450477696024e-05,0.0010546118719503284,0.0,0.0,-0.32707267885898755,-1.4198049295218633,1.2358274489758372,-1.3857778695879723,-1.5710143040034295,2.737950500826615,-5.594800677908381e-06,0.0001306316677172711,9.123277683053972e-05,0.0003402782785539526,0.00018461576578154604,-0.00020258943125639914,0.00011617690272421703,-8.035876856514571,-6.268891095976503,-0.962798523283058,-4.219242952037623e-05,-6.145700667152417e-07,28.0,28.0,14.0,6.0,6.0,6.0
0.4497502921016423,1.0,2.8007598852711392e-05,7.182211611297886e-05,-0.3499427809874881,0.00011962949350371266,0.22381006344904975,-0.3499427809874881,0.00011962949350371266,0.22381006344904975,-0.3499290444045423,0.00013805870073917349,0.2238260664551155,-0.3270815054522913,-1.4199746290790003,1.235966682434082,-1.3858893553363245,-1.5710623900042933,2.7379965782165527,0.0,0.0,-2.3968450477696024e-05,0.0010546118719503284,0.0,0.0,-0.3270726966860828,-1.419804452894268,1.235827863008991,-1.3857766245930634,-1.5710135544003732,2.737949687367421,-4.456773813734188e-06,0.00011915689885421725,0.00010350828842322175,0.000311248727241784,0.00018740076408028502,-0.00020336479844883378,0.00011617690272421703,-8.035876856514571,-6.268891095976503,-0.962798523283058,-4.219242952037623e-05,-6.145700667152417e-07,28.0,28.0,14.0,6.0,6.0,6.0
0.4546610250994565,1.0,3.142820443962069e-05,6.905716757866766e-05,-0.3499427809874881,0.00011962949350371266,0.22381006344904975,-0.3499427809874881,0.00011962949350371266,0.22381006344904975,-0.3499270195408468,0.00012902774321681297,0.22383557779278818,-0.32705766359438115,-1.4200108687030237,1.235978603363037,-1.3859012762652796,-1.5710623900042933,2.738020658493042,0.0,0.0,-2.3968450477696024e-05,0.0009347695740871131,0.0,0.0,-0.3270727239577347,-1.4198039790119974,1.2358282849280147,-1.3857754549014716,-1.5710127943137555,2.7379488569956454,-6.8179129666980985e-06,0.00011847056763634065,0.00010547975591307043,0.0002924228979633675,0.00019002165443317935,-0.00020759294397356304,-0.00041268869851414277,-8.034415784284176,-6.268609569519901,-0.9627545461930714,-4.8346162900924684e-05,-6.178280837979586e-07,28.0,28.0,14.0,6.0,6.0,6.0
0.4586610250994565,1.0,3.142820443962069e-05,6.905716757866766e-05,-0.3499427809874881,0.00011962949350371266,0.22381006344904975,-0.3499427809874881,0.00011962949350371266,0.22381006344904975,-0.3499270195408468,0.00012902774321681297,0.22383557779278818,-0.32705766359438115,-1.4200108687030237,1.235978603363037,-1.3859012762652796,-1.5710623900042933,2.738020658493042,0.0,0.0,-2.3968450477696024e-05,0.0009347695740871131,0.0,0.0,-0.32707276010726977,-1.4198035077103321,1.2358287142597562,-1.3857743559949978,-1.57101202437259,2.737948010726042,-9.037383770484174e-06,0.00011782541629153665,0.0001073329353535282,0.00027472661844165594,0.0001924852913649,-0.00021156740076680854,-0.00041268869851414277,-8.034415784284176,-6.268609569519901,-0.9627545461930714,-4.8346162900924684e-05,-6.178280837979586e-07,28.0,28.0,14.0,6.0,6.0,6.0
0.4629994731226472,1.0,3.142820443962069e-05,6.905716757866766e-05,-0.3499427809874881,0.00011962949350371266,0.22381006344904975,-0.3499427809874881,0.00011962949350371266,0.22381006344904975,-0.3499270195408468,0.00012902774321681297,0.22383557779278818,-0.32705766359438115,-1.4200108687030237,1.235978603363037,-1.3859012762652796,-1.5710623900042933,2.738020658493042,0.0,0.0,-2.3968450477696024e-05,0.0009347695740871131,0.0,0.0,-0.32707280460201504,-1.419803038834436,1.2358291505594523,-1.385773323626535,-1.5710112451681497,2.7379471495124816,-1.1123686326043085e-05,0.00011721897402742088,0.0001090749240275585,0.0002580921156912471,0.00019480111008071742,-0.0002153033901524593,-0.00041268869851414277,-8.034415784284176,-6.268609569519901,-0.9627545461930714,-4.8346162900924684e-05,-6.178280837979586e-07,28.0,28.0,14.0,6.0,6.0,6.0
0.4669994731226472,1.0,3.110817329294035e-05,6.990174582952662e-05,-0.3499427809874881,0.00011962949350371266,0.22381006344904975,-0.3499427809874881,0.00011962949350371266,0.22381006344904975,-0.3499270662949637,0.00013583268917456332,0.22383146960084166,-0.32706958452333623,-1.4199984709369105,1.235978603363037,-1.3859012762652796,-1.5710743109332483,2.7379965782165527,0.0,0.0,-2.3968450477696024e-05,0.0008388957940042019,0.0,0.0,-0.32707285437672484,-1.4198025881018286,1.2358296065397525,-1.385772369949989,-1.5710104435334986,2.7379462908233645,-1.244367745468024e-05,0.000112683151857876,0.00011399507505064586,0.00023841913648521015,0.00020040866279387814,-0.00021467227926517656,-0.0002465944816958698,-8.034912559758427,-6.268675743995516,-0.9627497125589919,-4.65322664952516e-05,-4.6093850887226647e-07,28.0,28.0,14.0,6.0,6.0,6.0
0.4716169391318692,1.0,3.110817329294035e-05,6.990174582952662e-05,-0.3499427809874881,0.00011962949350371266,0.22381006344904975,-0.3499427809874881,0.00011962949350371266,0.22381006344904975,-0.3499270662949637,0.00013583268917456332,0.22383146960084166,-0.32706958452333623,-1.4199984709369105,1.235978603363037,-1.3859012762652796,-1.5710743109332483,2.7379965782165527,0.0,0.0,-2.3968450477696024e-05,0.0008388957940042019,0.0,0.0,-0.3270729091146013,-1.4198021544239126,1.2358300810198206,-1.385771490243845,-1.5710096208144493,2.7379454345072243,-1.3684469115599165e-05,0.00010841947901850381,0.00011862001701234798,0.00021992653603153544,0.0002056797623442492,-0.0002140790350311308,-0.0002465944816958698,-8.034912559758427,-6.268675743995516,-0.9627497125589919,-4.65322664952516e-05,-4.6093850887226647e-07,28.0,28.0,14.0,6.0,6.0,6.0
0.4756169391318692,1.0,3.2097706368387645e-05,7.182211611297886e-05,-0.3499427809874881,0.00011962949350371266,0.22381006344904975,-0.3499427809874881,0.00011962949350371266,0.22381006344904975,-0.34992316525541284,0.00013606409819904203,0.22382943842202446,-0.3270815054522913,-1.4199984709369105,1.235978603363037,-1.3858774344073694,-1.5710623900042933,2.7379965782165527,0.0,0.0,-2.3968450477696024e-05,0.0007430219557136297,0.0,0.0,-0.3270729573636552,-1.4198017477017375,1.2358305912703547,-1.3857707195869573,-1.5710087920104532,2.7379445778423137,-1.2062263484653936e-05,0.00010168054374801844,0.00012756263353063307,0.00019266422188529483,0.00020720099903062268,-0.0002141662276943556,2.720881794747391e-05,-8.035135000135172,-6.268662984359709,-0.9627403426443865,-4.2192004688236045e-05,-6.147483404916118e-07,28.0,28.0,14.0,6.0,6.0,6.0
0.48051342411665265,1.0,3.2097706368387645e-05,7.182211611297886e-05,-0.3499427809874881,0.00011962949350371266,0.22381006344904975,-0.3499427809874881,0.00011962949350371266,0.22381006344904975,-0.34992316525541284,0.00013606409819904203,0.22382943842202446,-0.3270815054522913,-1.4199984709369105,1.235978603363037,-1.3858774344073694,-1.5710623900042933,2.7379965782165527,0.0,0.0,-2.3968450477696024e-05,0.0007430219557136297,0.0,0.0,-0.327072999513216,-1.4198013663179592,1.235831135145127,-1.3857700514363709,-1.5710079574866072,2.7379437208495587,-1.0537390191565421e-05,9.53459445937622e-05,0.00013596869305782108,0.00016703764658782867,0.00020863096151581376,-0.0002142481887977869,2.720881794747391e-05,-8.035135000135172,-6.268662984359709,-0.9627403426443865,-4.2192004688236045e-05,-6.147483404916118e-07,28.0,28.0,14.0,6.0,6.0,6.0
0.48451342411665266,1.0,3.2097706368387645e-05,7.182211611297886e-05,-0.3499427809874881,0.00011962949350371266,0.22381006344904975,-0.3499427809874881,0.00011962949350371266,0.22381006344904975,-0.34992316525541284,0.00013606409819904203,0.22382943842202446,-0.3270815054522913,-1.4199984709369105,1.235978603363037,-1.3858774344073694,-1.5710623900042933,2.7379965782165527,0.0,0.0,-2.3968450477696024e-05,0.0007430219557136297,0.0,0.0,-0.3270730359292532,-1.4198010087522737,1.235831710626683,-1.3857694796417077,-1.5710071175861022,2.73794286354863,-9.104009296062217e-06,8.939142138876131e-05,0.0001438703890133778,0.00014294866580821046,0.00020997512625189335,-0.00021432523223501233,2.720881794747391e-05,-8.035135000135172,-6.268662984359709,-0.9627403426443865,-4.2192004688236045e-05,-6.147483404916118e-07,28.0,28.0,14.0,6.0,6.0,6.0
0.4890501531024931,1.0,3.2097706368387645e-05,7.182211611297886e-05,-0.3499427809874881,0.00011962949350371266,0.22381006344904975,-0.3499427809874881,0.00011962949350371266,0.22381006344904975,-0.34992316525541284,0.00013606409819904203,0.22382943842202446,-0.3270815054522913,-1.4199984709369105,1.235978603363037,-1.3858774344073694,-1.5710623900042933,2.7379965782165527,0.0,0.0,-2.3968450477696024e-05,0.0007430219557136297,0.0,0.0,-0.3270730669557782,-1.4198006735755953,1.2358323158186157,-1.3857689984216122,-1.571006272631538,2.7379420059580175,-7.756631254289205e-06,8.379416957606049e-05,0.0001512979832116011,0.00012030502387536934,0.00021123864110380818,-0.00021439765306600423,2.720881794747391e-05,-8.035135000135172,-6.268662984359709,-0.9627403426443865,-4.2192004688236045e-05,-6.147483404916118e-07,28.0,28.0,14.0,6.0,6.0,6.0
0.4930501531024931,1.0,3.9833695339899506e-05,7.401351415867764e-05,-0.3499427809874881,0.00011962949350371266,0.22381006344904975,-0.3499427809874881,0.00011962949350371266,0.22381006344904975,-0.3499293539253568,0.00013971864096684798,0.22384173146826722,-0.3270934263812464,-1.4200108687030237,1.2359542846679688,-1.3858893553363245,-1.5710504690753382,2.7379965782165527,0.0,0.0,-2.3968450477696024e-05,0.0006950850947760046,0.0,0.0,-0.32707308177872085,-1.4198003237597925,1.2358329180243155,-1.3857685533966513,-1.5710054366578934,2.73794114550081,-3.705735665222441e-06,8.745395068586413e-05,0.0001505514249184705,0.00011125624022161295,0.00020899341111414748,-0.00021511430195761058,-8.453248276649662e-06,-8.034184267577828,-6.26837254423518,-0.9626910619095037,-3.78560584619671e-05,-7.687514604671243e-07,28.0,28.0,14.0,6.0,6.0,6.0
0.4979276411149187,1.0,3.9833695339899506e-05,7.401351415867764e-05,-0.3499427809874881,0.00011962949350371266,0.22381006344904975,-0.3499427809874881,0.00011962949350371266,0.22381006344904975,-0.3499293539253568,0.00013971864096684798,0.22384173146826722,-0.3270934263812464,-1.4200108687030237,1.2359542846679688,-1.3858893553363245,-1.5710504690753382,2.7379965782165527,0.0,0.0,-2.3968450477696024e-05,0.0006950850947760046,0.0,0.0,-0.3270730813702961,-1.4197999601832128,1.235833517422956,-1.385768142395117,-1.5710046091263137,2.737940282349002,1.0210618850031806e-07,9.089414492907956e-05,0.0001498496601229277,0.00010275038358708196,0.0002068828949238664,-0.00021578795191572054,-8.453248276649662e-06,-8.034184267577828,-6.26837254423518,-0.9626910619095037,-3.78560584619671e-05,-7.687514604671243e-07,28.0,28.0,14.0,6.0,6.0,6.0
0.5019276411149187,1.0,2.4731867724240484e-05,6.863205029327947e-05,-0.3499427809874881,0.00011962949350371266,0.22381006344904975,-0.3499427809874881,0.00011962949350371266,0.22381006344904975,-0.34993379506012195,0.00013860831117854663,0.2238231295452596,-0.3270934263812464,-1.4199627081500452,1.235966682434082,-1.3859012762652796,-1.571038548146383,2.7379965782165527,0.0,0.0,-2.3968450477696024e-05,0.0006231797160580754,0.0,0.0,-0.32707306232943273,-1.4197996355977525,1.2358341468455687,-1.3857678035680072,-1.5710038032609253,2.7379394209783774,4.760215839895631e-06,8.114636506840442e-05,0.00015735565318474135,8.470677743014147e-05,0.0002014663470867239,-0.00021534265616320443,0.0004300953777535594,-8.036109018539044,-6.268805159726752,-0.9627344984188713,-3.658766407078554e-05,-7.686598259846451e-07,28.0,28.0,14.0,6.0,6.0,6.0
0.5063622611160392,1.0,2.4731867724240484e-05,6.863205029327947e-05,-0.3499427809874881,0.00011962949350371266,0.22381006344904975,-0.3499427809874881,0.00011962949350371266,0.22381006344904975,-0.34993379506012195,0.00013860831117854663,0.2238231295452596,-0.3270934263812464,-1.4199627081500452,1.235966682434082,-1.3859012762652796,-1.571038548146383,2.7379965782165527,0.0,0.0,-2.3968450477696024e-05,0.0006231797160580754,0.0,0.0,-0.3270730257740771,-1.4197993476639446,1.2358348044907153,-1.3857675325848566,-1.5710030177617569,2.7379385612820646,9.138838912207225e-06,7.198345199936978e-05,0.00016441128666284618,6.774578764261742e-05,0.00019637479211980993,-0.0002149240781558393,0.0004300953777535594,-8.036109018539044,-6.268805159726752,-0.9627344984188713,-3.658766407078554e-05,-7.686598259846451e-07,28.0,28.0,14.0,6.0,6.0,6.0
0.5103622611160392,1.0,2.4731867724240484e-05,6.863205029327947e-05,-0.3499427809874881,0.00011962949350371266,0.22381006344904975,-0.3499427809874881,0.00011962949350371266,0.22381006344904975,-0.34993379506012195,0.00013860831117854663,0.2238231295452596,-0.3270934263812464,-1.4199627081500452,1.235966682434082,-1.3859012762652796,-1.571038548146383,2.7379965782165527,0.0,0.0,-2.3968450477696024e-05,0.0006231797160580754,0.0,0.0,-0.3270729727550987,-1.4197990941826897,1.2358354886650438,-1.3857673253750276,-1.5710022514068351,2.7379377031596053,1.3254744600180124e-05,6.337031371447722e-05,0.0001710435821322647,5.180245724234482e-05,0.0001915887304509108,-0.00021453061482891607,0.0004300953777535594,-8.036109018539044,-6.268805159726752,-0.9627344984188713,-3.658766407078554e-05,-7.686598259846451e-07,28.0,28.0,14.0,6.0,6.0,6.0
0.5153466071307196,1.0,2.4731867724240484e-05,6.863205029327947e-05,-0.3499427809874881,0.00011962949350371266,0.22381006344904975,-0.3499427809874881,0.00011962949350371266,0.22381006344904975,-0.34993379506012195,0.00013860831117854663,0.2238231295452596,-0.3270934263812464,-1.4199627081500452,1.235966682434082,-1.3859012762652796,-1.571038548146383,2.7379965782165527,0.0,0.0,-2.3968450477696024e-05,0.0006231797160580754,0.0,0.0,-0.32707290426031493,-1.4197988730868347,1.2358361977768033,-1.3857671781121208,-1.5710015030475053,2.737936846516568,1.7123695946874648e-05,5.527396372667821e-05,0.00017727793987351814,3.681572666608857e-05,0.00018708983248214562,-0.00021416075930160824,0.0004300953777535594,-8.036109018539044,-6.268805159726752,-0.9627344984188713,-3.658766407078554e-05,-7.686598259846451e-07,28.0,28.0,14.0,6.0,6.0,6.0
0.5193466071307196,1.0,3.2676396321528964e-05,5.242552952492154e-05,-0.3499427809874881,0.00011962949350371266,0.22381006344904975,-0.3499427809874881,0.00011962949350371266,0.22381006344904975,-0.3499310033061363,0.00014027824371432756,0.22383248357869426,-0.3270934263812464,-1.4199984709369105,1.235978603363037,-1.3859131971942347,-1.5710504690753382,2.7379729747772217,0.0,0.0,-2.3968450477696024e-05,0.0005752427969127893,0.0,0.0,-0.32707282552727335,-1.4197986445865893,1.2358368948442255,-1.385767050681134,-1.571000757874171,2.7379360141469298,1.9683260401268227e-05,5.7125061332321504e-05,0.000174266855575285,3.185774670924522e-05,0.0001862933335796616,-0.0002080924094946096,9.9641113234273e-05,-8.034797628190502,-6.268562859844083,-0.9627007043281114,-3.7854681934685445e-05,-4.6423673019038154e-07,28.0,28.0,14.0,6.0,6.0,6.0
0.5242573401285338,1.0,3.2676396321528964e-05,5.242552952492154e-05,-0.3499427809874881,0.00011962949350371266,0.22381006344904975,-0.3499427809874881,0.00011962949350371266,0.22381006344904975,-0.3499310033061363,0.00014027824371432756,0.22383248357869426,-0.3270934263812464,-1.4199984709369105,1.235978603363037,-1.3859131971942347,-1.5710504690753382,2.7379729747772217,0.0,0.0,-2.3968450477696024e-05,0.0005752427969127893,0.0,0.0,-0.3270727371702694,-1.419798409126217,1.2358375805899708,-1.3857669418921517,-1.5710000156956725,2.737935204594287,2.2089250988398195e-05,5.88650930816262e-05,0.00017143643633494584,2.7197245549812465e-05,0.0001855446246113266,-0.00020238816067603087,9.9641113234273e-05,-8.034797628190502,-6.268562859844083,-0.9627007043281114,-3.7854681934685445e-05,-4.6423673019038154e-07,28.0,28.0,14.0,6.0,6.0,6.0
0.5282573401285338,1.0,3.3471674440928404e-05,6.126887093555276e-05,-0.3499427809874881,0.00011962949350371266,0.22381006344904975,-0.3499427809874881,0.00011962949350371266,0.22381006344904975,-0.349927064650848,0.0001400041448616126,0.22383146960084166,-0.3270815054522913,-1.4199984709369105,1.235978603363037,-1.3859012762652796,-1.5710743109332483,2.7379610538482666,0.0,0.0,-2.3968450477696024e-05,0.0005512743955478072,0.0,0.0,-0.3270726552096477,-1.4197981777639752,1.2358382709697284,-1.3857668701446058,-1.5709992488704327,2.7379344285122853,2.0490155426806864e-05,5.78405604356072e-05,0.00017259493937991552,1.7936886495331175e-05,0.00019170630996133566,-0.00019402050040152115,-0.00010966163281251511,-8.03485287228593,-6.26856357084399,-0.9627015122475846,-4.34552384843817e-05,-1.565693635388055e-07,28.0,28.0,14.0,6.0,6.0,6.0
0.5330517161285973,1.0,3.3471674440928404e-05,6.126887093555276e-05,-0.3499427809874881,0.00011962949350371266,0.22381006344904975,-0.3499427809874881,0.00011962949350371266,0.22381006344904975,-0.349927064650848,0.0001400041448616126,0.22383146960084166,-0.3270815054522913,-1.4199984709369105,1.235978603363037,-1.3859012762652796,-1.5710743109332483,2.7379610538482666,0.0,0.0,-2.3968450477696024e-05,0.0005512743955478072,0.0,0.0,-0.3270725792616253,-1.4197979502539761,1.2358389657054574,-1.3857668332160098,-1.570998458877256,2.7379336838926864,1.898700559891101e-05,5.687749974834934e-05,0.000173683932242187,9.232148984118759e-06,0.00019749829419034418,-0.000186154899743482,-0.00010966163281251511,-8.03485287228593,-6.26856357084399,-0.9627015122475846,-4.34552384843817e-05,-1.565693635388055e-07,28.0,28.0,14.0,6.0,6.0,6.0
0.5370517161285973,1.0,3.3471674440928404e-05,6.126887093555276e-05,-0.3499427809874881,0.00011962949350371266,0.22381006344904975,-0.3499427809874881,0.00011962949350371266,0.22381006344904975,-0.349927064650848,0.0001400041448616126,0.22383146960084166,-0.3270815054522913,-1.4199984709369105,1.235978603363037,-1.3859012762652796,-1.5710743109332483,2.7379610538482666,0.0,0.0,-2.3968450477696024e-05,0.0005512743955478072,0.0,0.0,-0.32707250896544626,-1.4197977263650854,1.2358396645357994,-1.385766829017227,-1.5709976471062186,2.737932968847746,1.7574044760688908e-05,5.5972222702326956e-05,0.0001747075855327222,1.049695723579087e-06,0.00020294275936561218,-0.00017876123512492522,-0.00010966163281251511,-8.03485287228593,-6.26856357084399,-0.9627015122475846,-4.34552384843817e-05,-1.565693635388055e-07,28.0,28.0,14.0,6.0,6.0,6.0
0.5419090201107322,1.0,4.278159034070909e-05,6.18467269722524e-05,-0.3499427809874881,0.00011962949350371266,0.22381006344904975,-0.3499427809874881,0.00011962949350371266,0.22381006344904975,-0.3499304521276802,0.00013174714806893546,0.2238491968891714,-0.32706958452333623,-1.4200227896319788,1.2359423637390137,-1.3858893553363245,-1.5710504690753382,2.7379729747772217,0.0,0.0,-2.3968450477696024e-05,0.0005033374764025211,0.0,0.0,-0.3270724422608754,-1.4197974613852549,1.235840340867505,-1.385766820018139,-1.5709968423147962,2.7379322833251134,1.6676142722430056e-05,6.624495765278044e-05,0.00016908292636452183,2.2497720050285247e-06,0.00020119785559427045,-0.00017138065807893128,-0.00039752177074888194,-8.033357825244277,-6.268114155901406,-0.962638086662012,-4.4006849505216014e-05,-1.567707803133615e-07,28.0,28.0,14.0,6.0,6.0,6.0
0.5459090201107322,1.0,4.278159034070909e-05,6.18467269722524e-05,-0.3499427809874881,0.00011962949350371266,0.22381006344904975,-0.3499427809874881,0.00011962949350371266,0.22381006344904975,-0.3499304521276802,0.00013174714806893546,0.2238491968891714,-0.32706958452333623,-1.4200227896319788,1.2359423637390137,-1.3858893553363245,-1.5710504690753382,2.7379729747772217,0.0,0.0,-2.3968450477696024e-05,0.0005033374764025211,0.0,0.0,-0.3270723789324162,-1.4197971577799409,1.235840996050492,-1.385766806506764,-1.570996044084212,2.737931625553451,1.5832114806466736e-05,7.590132850620671e-05,0.00016379574674641348,3.3778437095909937e-06,0.00019955764604920922,-0.00016444291565569698,-0.00039752177074888194,-8.033357825244277,-6.268114155901406,-0.962638086662012,-4.4006849505216014e-05,-1.567707803133615e-07,28.0,28.0,14.0,6.0,6.0,6.0
0.5508019431068099,1.0,4.278159034070909e-05,6.18467269722524e-05,-0.3499427809874881,0.00011962949350371266,0.22381006344904975,-0.3499427809874881,0.00011962949350371266,0.22381006344904975,-0.3499304521276802,0.00013174714806893546,0.2238491968891714,-0.32706958452333623,-1.4200227896319788,1.2359423637390137,-1.3858893553363245,-1.5710504690753382,2.7379729747772217,0.0,0.0,-2.3968450477696024e-05,0.0005033374764025211,0.0,0.0,-0.3270723187775019,-1.4197968178666724,1.2358416313536835,-1.3857667887538396,-1.5709952520208157,2.7379309938676997,1.5038728565461214e-05,8.497831710842742e-05,0.00015882579790539163,4.4382311118797166e-06,0.00019801584907685167,-0.00015792143777785674,-0.00039752177074888194,-8.033357825244277,-6.268114155901406,-0.962638086662012,-4.4006849505216014e-05,-1.567707803133615e-07,28.0,28.0,14.0,6.0,6.0,6.0
0.5548019431068099,1.0,2.800015927028244e-05,2.68630205563491e-05,-0.3499427809874881,0.00011962949350371266,0.22381006344904975,-0.3499427809874881,0.00011962949350371266,0.22381006344904975,-0.34992981065589146,0.00012629532809866324,0.22383396629546157,-0.32706958452333623,-1.4199984709369105,1.235966682434082,-1.3858893553363245,-1.571026627217428,2.7379846572875977,0.0,0.0,-2.3968450477696024e-05,0.0004793690168298781,0.0,0.0,-0.32707225300065706,-1.4197964801022034,1.2358422715206463,-1.3857668114473052,-1.5709944932128799,2.7379303818485035,1.6444211219363245e-05,8.44411172753583e-05,0.000160041740700263,-5.673366403441354e-06,0.00018970198395916417,-0.0001530047990822294,2.4851414320008137e-06,-8.034673842745349,-6.268461784525037,-0.9626822974509276,-4.147740276956216e-05,-3.0739153028386884e-07,28.0,28.0,14.0,6.0,6.0,6.0
0.5597150510936046,1.0,2.800015927028244e-05,2.68630205563491e-05,-0.3499427809874881,0.00011962949350371266,0.22381006344904975,-0.3499427809874881,0.00011962949350371266,0.22381006344904975,-0.34992981065589146,0.00012629532809866324,0.22383396629546157,-0.32706958452333623,-1.4199984709369105,1.235966682434082,-1.3858893553363245,-1.571026627217428,2.7379846572875977,0.0,0.0,-2.3968450477696024e-05,0.0004793690168298781,0.0,0.0,-0.3270721819391974,-1.4197961443576057,1.2358429162595541,-1.3857668721603775,-1.570993765665077,2.7379297883158684,1.7765364914031155e-05,8.393614943227334e-05,0.00016118472692744205,-1.5178268067843157e-05,0.00018188695074853792,-0.00014838315870833972,2.4851414320008137e-06,-8.034673842745349,-6.268461784525037,-0.9626822974509276,-4.147740276956216e-05,-3.0739153028386884e-07,28.0,28.0,14.0,6.0,6.0,6.0
0.5637150510936046,1.0,2.8458576357807473e-05,7.363709106955492e-05,-0.3499427809874881,0.00011962949350371266,0.22381006344904975,-0.3499427809874881,0.00011962949350371266,0.22381006344904975,-0.349938110785715,0.00013745543248933488,0.2238317502119016,-0.3270934263812464,-1.4199746290790003,1.2359542846679688,-1.3859131971942347,-1.571026627217428,2.738008499145508,0.0,0.0,-2.3968450477696024e-05,0.00045540055725723505,0.0,0.0,-0.327072092198899,-1.4197958172963734,1.2358435613758179,-1.3857669447721959,-1.5709930675117982,2.7379291709403564,2.2435074608152255e-05,8.176530810529001e-05,0.00016127906593855964,-1.8152954567544917e-05,0.0001745383196660509,-0.00015434387798267304,0.00031721400547833243,-8.03527353131806,-6.268546585707442,-0.962679201313894,-3.532603803476148e-05,-9.226734998541148e-07,28.0,28.0,14.0,6.0,6.0,6.0
0.5683408281090672,1.0,2.8458576357807473e-05,7.363709106955492e-05,-0.3499427809874881,0.00011962949350371266,0.22381006344904975,-0.3499427809874881,0.00011962949350371266,0.22381006344904975,-0.349938110785715,0.00013745543248933488,0.2238317502119016,-0.3270934263812464,-1.4199746290790003,1.2359542846679688,-1.3859131971942347,-1.571026627217428,2.738008499145508,0.0,0.0,-2.3968450477696024e-05,0.00045540055725723505,0.0,0.0,-0.3270719849004921,-1.4197954983975043,1.2358442068467963,-1.3857670285688353,-1.5709923969893724,2.73792853115254,2.682460172062609e-05,7.972471725792569e-05,0.00016136774460901018,-2.0949159877264573e-05,0.00016763060644851306,-0.00015994695410054635,0.00031721400547833243,-8.03527353131806,-6.268546585707442,-0.962679201313894,-3.532603803476148e-05,-9.226734998541148e-07,28.0,28.0,14.0,6.0,6.0,6.0
0.5723408281090672,1.0,2.8458576357807473e-05,7.363709106955492e-05,-0.3499427809874881,0.00011962949350371266,0.22381006344904975,-0.3499427809874881,0.00011962949350371266,0.22381006344904975,-0.349938110785715,0.00013745543248933488,0.2238317502119016,-0.3270934263812464,-1.4199746290790003,1.2359542846679688,-1.3859131971942347,-1.571026627217428,2.738008499145508,0.0,0.0,-2.3968450477696024e-05,0.00045540055725723505,0.0,0.0,-0.3270718610974633,-1.4197951871712569,1.2358448526512065,-1.3857671228792068,-1.5709917524399484,2.7379278702971575,3.0950757206351494e-05,7.780656186140322e-05,0.00016145110255923368,-2.3577592868401048e-05,0.0001611373560240275,-0.00016521384565134725,0.00031721400547833243,-8.03527353131806,-6.268546585707442,-0.962679201313894,-3.532603803476148e-05,-9.226734998541148e-07,28.0,28.0,14.0,6.0,6.0,6.0
0.5774070991072806,1.0,2.8458576357807473e-05,7.363709106955492e-05,-0.3499427809874881,0.00011962949350371266,0.22381006344904975,-0.3499427809874881,0.00011962949350371266,0.22381006344904975,-0.349938110785715,0.00013745543248933488,0.2238317502119016,-0.3270934263812464,-1.4199746290790003,1.2359542846679688,-1.3859131971942347,-1.571026627217428,2.738008499145508,0.0,0.0,-2.3968450477696024e-05,0.00045540055725723505,0.0,0.0,-0.3270717217800898,-1.4197948831572738,1.2358454987690426,-1.3857672270724863,-1.570991132305146,2.7379271896382624,3.482934336293338e-05,7.60034957886721e-05,0.00016152945903244377,-2.6048319880069334e-05,0.00015503370062501108,-0.0001701647237091001,0.00031721400547833243,-8.03527353131806,-6.268546585707442,-0.962679201313894,-3.532603803476148e-05,-9.226734998541148e-07,28.0,28.0,14.0,6.0,6.0,6.0
0.5814070991072806,1.0,3.5660942750088994e-05,8.046521910191002e-05,-0.3499427809874881,0.00011962949350371266,0.22381006344904975,-0.3499427809874881,0.00011962949350371266,0.22381006344904975,-0.34993766071322574,0.00015038833284070711,0.22382736603359496,-0.3270934263812464,-1.4199507872210901,1.2359423637390137,-1.3859131971942347,-1.5710862318622034,2.7379729747772217,0.0,0.0,-2.3968450477696024e-05,0.00043143212678842247,0.0,0.0,-0.32707158934789243,-1.4197946163119084,1.2358461743845985,-1.3857673542490847,-1.5709904664780707,2.7379265098194194,3.31080493476812e-05,6.671134132328092e-05,0.00016890388899921913,-3.179414958012567e-05,0.0001664567688276972,-0.00016995471077139526,0.00015258000234990383,-8.036013626214894,-6.268655887348788,-0.9626860704650083,-4.163912396679401e-05,-4.642492421067335e-07,28.0,28.0,14.0,6.0,6.0,6.0
0.5864686211170631,1.0,3.5660942750088994e-05,8.046521910191002e-05,-0.3499427809874881,0.00011962949350371266,0.22381006344904975,-0.3499427809874881,0.00011962949350371266,0.22381006344904975,-0.34993766071322574,0.00015038833284070711,0.22382736603359496,-0.3270934263812464,-1.4199507872210901,1.2359423637390137,-1.3859131971942347,-1.5710862318622034,2.7379729747772217,0.0,0.0,-2.3968450477696024e-05,0.00043143212678842247,0.0,0.0,-0.32707146338776055,-1.4197943844050438,1.2358468777280112,-1.3857675030300027,-1.570989757700259,2.737925830790225,3.1490032973344146e-05,5.797671612581322e-05,0.00017583585316798797,-3.719522949817863e-05,0.00017719445293822212,-0.00016975729860995272,0.00015258000234990383,-8.036013626214894,-6.268655887348788,-0.9626860704650083,-4.163912396679401e-05,-4.642492421067335e-07,28.0,28.0,14.0,6.0,6.0,6.0
0.5904686211170631,1.0,3.7904855182670306e-05,5.513241159647735e-05,-0.3499427809874881,0.00011962949350371266,0.22381006344904975,-0.3499427809874881,0.00011962949350371266,0.22381006344904975,-0.3499211387174424,0.00013120463620601783,0.22383894954025485,-0.32706958452333623,-1.4200347105609339,1.2359905242919922,-1.3858893553363245,-1.5710623900042933,2.7379846572875977,0.0,0.0,-2.3968450477696024e-05,0.0004074636672157794,0.0,0.0,-0.3270713486494951,-1.4197941269126513,1.2358475647743514,-1.3857676756255597,-1.5709890359943388,2.7379251613730524,2.868456636601839e-05,6.437309814950336e-05,0.00017176158507954185,-4.314888921475e-05,0.0001804264800287356,-0.00016735429311429532,-0.00036680749552905835,-8.033641655073167,-6.268298053977282,-0.9626599566055546,-4.5269205209943686e-05,-3.074363563218932e-07,28.0,28.0,14.0,6.0,6.0,6.0
0.5955622001229788,1.0,3.7904855182670306e-05,5.513241159647735e-05,-0.3499427809874881,0.00011962949350371266,0.22381006344904975,-0.3499427809874881,0.00011962949350371266,0.22381006344904975,-0.3499211387174424,0.00013120463620601783,0.22383894954025485,-0.32706958452333623,-1.4200347105609339,1.2359905242919922,-1.3858893553363245,-1.5710623900042933,2.7379846572875977,0.0,0.0,-2.3968450477696024e-05,0.0004074636672157794,0.0,0.0,-0.3270712444597841,-1.4197938453698622,1.2358482365014438,-1.385767870606877,-1.570988302135997,2.7379245009911806,2.6047427755132178e-05,7.03856972517721e-05,0.0001679317730764025,-4.8745329348327075e-05,0.00018346458549381824,-0.00016509546794837737,-0.00036680749552905835,-8.033641655073167,-6.268298053977282,-0.9626599566055546,-4.5269205209943686e-05,-3.074363563218932e-07,28.0,28.0,14.0,6.0,6.0,6.0
0.5995622001229788,1.0,3.7904855182670306e-05,5.513241159647735e-05,-0.3499427809874881,0.00011962949350371266,0.22381006344904975,-0.3499427809874881,0.00011962949350371266,0.22381006344904975,-0.3499211387174424,0.00013120463620601783,0.22383894954025485,-0.32706958452333623,-1.4200347105609339,1.2359905242919922,-1.3858893553363245,-1.5710623900042933,2.7379846572875977,0.0,0.0,-2.3968450477696024e-05,0.0004074636672157794,0.0,0.0,-0.32707115018571425,-1.4197935412197005,1.235848893828443,-1.3857680866308093,-1.5709875568543785,2.7379238491024913,2.356851746089914e-05,7.603754040790472e-05,0.0001643317497934515,-5.4005983073889535e-05,0.00018632040463099594,-0.0001629721722924145,-0.00036680749552905835,-8.033641655073167,-6.268298053977282,-0.9626599566055546,-4.5269205209943686e-05,-3.074363563218932e-07,28.0,28.0,14.0,6.0,6.0,6.0
0.6040644971237055,1.0,4.727727909985154e-05,9.856324161567611e-05,-0.3499427809874881,0.00011962949350371266,0.22381006344904975,-0.3499427809874881,0.00011962949350371266,0.22381006344904975,-0.34993705473031883,0.00013398710689444223,0.22385474241541692,-0.32706958452333623,-1.4200227896319788,1.2359304428100586,-1.3859131971942347,-1.5710504690753382,2.7379965782165527,0.0,0.0,-2.3968450477696024e-05,0.0003834952076431364,0.0,0.0,-0.32707106094902,-1.4197931812749638,1.2358495067133168,-1.3857682442889017,-1.5709868145612351,2.7379231957492234,2.2309173562235682e-05,8.998618418123366e-05,0.00015322121841654666,-3.9414523064518686e-05,0.000185573285867508,-0.00016333831703595311,-0.000519583115168658,-8.032906779248172,-6.267963938552938,-0.962598900757588,-4.400784076307251e-05,-4.6148620138158143e-07,28.0,28.0,14.0,6.0,6.0,6.0
0.6080644971237055,1.0,4.727727909985154e-05,9.856324161567611e-05,-0.3499427809874881,0.00011962949350371266,0.22381006344904975,-0.3499427809874881,0.00011962949350371266,0.22381006344904975,-0.34993705473031883,0.00013398710689444223,0.22385474241541692,-0.32706958452333623,-1.4200227896319788,1.2359304428100586,-1.3859131971942347,-1.5710504690753382,2.7379965782165527,0.0,0.0,-2.3968450477696024e-05,0.0003834952076431364,0.0,0.0,-0.3270709764474588,-1.4197927688833265,1.2358500778225925,-1.3857683470831044,-1.5709860750772582,2.737922541019251,2.1125390297492034e-05,0.00010309790932816286,0.0001427773189222561,-2.5698550655710087e-05,0.0001848709942298293,-0.00016368249309487942,-0.000519583115168658,-8.032906779248172,-6.267963938552938,-0.962598900757588,-4.400784076307251e-05,-4.6148620138158143e-07,28.0,28.0,14.0,6.0,6.0,6.0
0.613059529133607,1.0,4.727727909985154e-05,9.856324161567611e-05,-0.3499427809874881,0.00011962949350371266,0.22381006344904975,-0.3499427809874881,0.00011962949350371266,0.22381006344904975,-0.34993705473031883,0.00013398710689444223,0.22385474241541692,-0.32706958452333623,-1.4200227896319788,1.2359304428100586,-1.3859131971942347,-1.5710504690753382,2.7379965782165527,0.0,0.0,-2.3968450477696024e-05,0.0003834952076431364,0.0,0.0,-0.3270708963969227,-1.4197923071916025,1.2358506096628061,-1.3857683983052507,-1.5709853382338979,2.7379218849951767,2.0012634028633002e-05,0.00011542293096627631,0.000132960053397623,-1.2805536591430003e-05,0.00018421084009041135,-0.00016400601859027015,-0.000519583115168658,-8.032906779248172,-6.267963938552938,-0.962598900757588,-4.400784076307251e-05,-4.6148620138158143e-07,28.0,28.0,14.0,6.0,6.0,6.0
0.617059529133607,1.0,2.762637956114262e-05,7.680247851399499e-05,-0.3499427809874881,0.00011962949350371266,0.22381006344904975,-0.3499427809874881,0.00011962949350371266,0.22381006344904975,-0.34992830301031586,0.00013363515064882434,0.2238289697070769,-0.32706958452333623,-1.4199984709369105,1.2359905242919922,-1.3859131971942347,-1.5710623900042933,2.738020658493042,0.0,0.0,-2.3968450477696024e-05,0.00035952674807049334,0.0,0.0,-0.3270708248031753,-1.419791861120898,1.2358511461003712,-1.3857684789517726,-1.5709845901472383,2.73792119573959,1.7898436859990356e-05,0.00011151767612931747,0.0001341093912438467,-2.0161630468854125e-05,0.00018702166485023812,-0.0001723138966977223,-0.0001677708792742765,-8.034811875353409,-6.268550303335868,-0.962679544844668,-4.526652014560162e-05,-7.719270260073847e-07,28.0,28.0,14.0,6.0,6.0,6.0
0.6223003351336813,1.0,2.762637956114262e-05,7.680247851399499e-05,-0.3499427809874881,0.00011962949350371266,0.22381006344904975,-0.3499427809874881,0.00011962949350371266,0.22381006344904975,-0.34992830301031586,0.00013363515064882434,0.2238289697070769,-0.32706958452333623,-1.4199984709369105,1.2359905242919922,-1.3859131971942347,-1.5710623900042933,2.738020658493042,0.0,0.0,-2.3968450477696024e-05,0.00035952674807049334,0.0,0.0,-0.3270707611588092,-1.4197914297339516,1.2358516868594465,-1.3857685872572074,-1.5709838314918778,2.7379204752463813,1.591109152146627e-05,0.00010784673658257617,0.00013518976881929696,-2.7076358713632796e-05,0.0001896638401244753,-0.0001801233021187273,-0.0001677708792742765,-8.034811875353409,-6.268550303335868,-0.962679544844668,-4.526652014560162e-05,-7.719270260073847e-07,28.0,28.0,14.0,6.0,6.0,6.0
0.6263003351336813,1.0,5.0189919053452994e-05,0.00011398967767824704,-0.3499427809874881,0.00011962949350371266,0.22381006344904975,-0.3499427809874881,0.00011962949350371266,0.22381006344904975,-0.3499335375136315,0.0001395830653308263,0.22385517931252363,-0.3270815054522913,-1.4200347105609339,1.2359423637390137,-1.3859131971942347,-1.5710623900042933,2.738008499145508,0.0,0.0,-2.3968450477696024e-05,0.00033555831760168076,0.0,0.0,-0.3270706981576883,-1.4197909454257884,1.2358521857746299,-1.3857686463306809,-1.570983062902807,2.737919732495975,1.575028021505275e-05,0.00012107704077108609,0.00012472879583726602,-1.4768368351876417e-05,0.00019214726773403727,-0.00018568760157236018,-0.0004966872122936834,-8.032673840220642,-6.267930257303825,-0.9625906878043127,-4.2196157629379304e-05,-7.691280307056109e-07,28.0,28.0,14.0,6.0,6.0,6.0
0.6315043351200877,1.0,5.0189919053452994e-05,0.00011398967767824704,-0.3499427809874881,0.00011962949350371266,0.22381006344904975,-0.3499427809874881,0.00011962949350371266,0.22381006344904975,-0.3499335375136315,0.0001395830653308263,0.22385517931252363,-0.3270815054522913,-1.4200347105609339,1.2359423637390137,-1.3859131971942347,-1.5710623900042933,2.738008499145508,0.0,0.0,-2.3968450477696024e-05,0.00033555831760168076,0.0,0.0,-0.327070635761218,-1.4197904113716815,1.2358526453565548,-1.3857686591261105,-1.5709822849760482,2.737918968823803,1.5599117587024045e-05,0.00013351352670828542,0.00011489548123415694,-3.198857411825425e-06,0.00019448168968702552,-0.00019091804305877507,-0.0004966872122936834,-8.032673840220642,-6.267930257303825,-0.9625906878043127,-4.2196157629379304e-05,-7.691280307056109e-07,28.0,28.0,14.0,6.0,6.0,6.0
0.6355043351200877,1.0,5.0189919053452994e-05,0.00011398967767824704,-0.3499427809874881,0.00011962949350371266,0.22381006344904975,-0.3499427809874881,0.00011962949350371266,0.22381006344904975,-0.3499335375136315,0.0001395830653308263,0.22385517931252363,-0.3270815054522913,-1.4200347105609339,1.2359423637390137,-1.3859131971942347,-1.5710623900042933,2.738008499145508,0.0,0.0,-2.3968450477696024e-05,0.00033555831760168076,0.0,0.0,-0.3270705739331191,-1.4197898305563876,1.2358530679652169,-1.385768628420179,-1.5709814982718628,2.737918185485171,1.545702471667706e-05,0.00014520382348925278,0.00010565216550723441,7.676482871822509e-06,0.0001966760463228345,-0.00019583465805600507,-0.0004966872122936834,-8.032673840220642,-6.267930257303825,-0.9625906878043127,-4.2196157629379304e-05,-7.691280307056109e-07,28.0,28.0,14.0,6.0,6.0,6.0
0.6401550461438021,1.0,5.0189919053452994e-05,0.00011398967767824704,-0.3499427809874881,0.00011962949350371266,0.22381006344904975,-0.3499427809874881,0.00011962949350371266,0.22381006344904975,-0.3499335375136315,0.0001395830653308263,0.22385517931252363,-0.3270815054522913,-1.4200347105609339,1.2359423637390137,-1.3859131971942347,-1.5710623900042933,2.738008499145508,0.0,0.0,-2.3968450477696024e-05,0.00033555831760168076,0.0,0.0,-0.32707051263928943,-1.4197892057855779,1.2358534558190117,-1.3857685568229678,-1.5709807033168965,2.7379173836600663,1.5323457418550898e-05,0.0001561927024633621,9.696344872392722e-05,1.7899302738451565e-05,0.00019873874156049493,-0.0002004562761534013,-0.0004966872122936834,-8.032673840220642,-6.267930257303825,-0.9625906878043127,-4.2196157629379304e-05,-7.691280307056109e-07,28.0,28.0,14.0,6.0,6.0,6.0
0.6441550461438021,1.0,3.5327666320548856e-05,6.947651027456667e-05,-0.3499427809874881,0.00011962949350371266,0.22381006344904975,-0.3499427809874881,0.00011962949350371266,0.22381006344904975,-0.3499400440130822,0.00012821199637110103,0.22384422327374615,-0.32705766359438115,-1.4199984709369105,1.2359423637390137,-1.385925594960348,-1.571038548146383,2.7379965782165527,0.0,0.0,-2.3968450477696024e-05,0.00033555831760168076,0.0,0.0,-0.32707045695293313,-1.4197885692847791,1.2358538268407622,-1.3857684604847054,-1.5709799280556962,2.7379166005496516,1.3921589069920133e-05,0.000159125199679783,9.275543759601489e-05,2.4084565619190863e-05,0.00019381530009520497,-0.00019577760364706642,-0.00039740674023052824,-8.03385675986697,-6.2682056323842135,-0.9626237508387697,-4.581762613203599e-05,-3.076345880396833e-07,28.0,28.0,14.0,6.0,6.0,6.0
0.6490170991434718,1.0,3.5327666320548856e-05,6.947651027456667e-05,-0.3499427809874881,0.00011962949350371266,0.22381006344904975,-0.3499427809874881,0.00011962949350371266,0.22381006344904975,-0.3499400440130822,0.00012821199637110103,0.22384422327374615,-0.32705766359438115,-1.4199984709369105,1.2359423637390137,-1.385925594960348,-1.571038548146383,2.7379965782165527,0.0,0.0,-2.3968450477696024e-05,0.00033555831760168076,0.0,0.0,-0.32707040653760183,-1.419787921757791,1.2358541820403908,-1.3857683408898545,-1.5709791713066357,2.7379158350310457,1.2603832822207213e-05,0.00016188174706321864,8.879990713577729e-05,2.9898712727085806e-05,0.00018918726511783242,-0.00019137965149111167,-0.00039740674023052824,-8.03385675986697,-6.2682056323842135,-0.9626237508387697,-4.581762613203599e-05,-3.076345880396833e-07,28.0,28.0,14.0,6.0,6.0,6.0
0.6530170991434718,1.0,3.879046239713133e-05,0.00010949065813616436,-0.3499427809874881,0.00011962949350371266,0.22381006344904975,-0.3499427809874881,0.00011962949350371266,0.22381006344904975,-0.3499502598750236,0.0001426393046266577,0.22384038365363845,-0.3270815054522913,-1.4199746290790003,1.2359423637390137,-1.3859732786761683,-1.5710504690753382,2.738008499145508,0.0,0.0,-2.3968450477696024e-05,0.0003115898580290377,0.0,0.0,-0.3270703516631119,-1.4197872664636566,1.2358545037301922,-1.3857681518848617,-1.570978418239263,2.7379150542648514,1.3718622491247964e-05,0.0001638235335467209,8.0422450386963e-05,4.7251248189790916e-05,0.0001882668431796193,-0.00019519154854958943,-0.00017843883711696787,-8.034447589337253,-6.268349759485708,-0.9626258947008464,-4.093022345159721e-05,-7.691426272071351e-07,28.0,28.0,14.0,6.0,6.0,6.0
0.6580786211532543,1.0,3.879046239713133e-05,0.00010949065813616436,-0.3499427809874881,0.00011962949350371266,0.22381006344904975,-0.3499427809874881,0.00011962949350371266,0.22381006344904975,-0.3499502598750236,0.0001426393046266577,0.22384038365363845,-0.3270815054522913,-1.4199746290790003,1.2359423637390137,-1.3859732786761683,-1.5710504690753382,2.738008499145508,0.0,0.0,-2.3968450477696024e-05,0.0003115898580290377,0.0,0.0,-0.32707029259701276,-1.4197866038684053,1.2358547939207565,-1.3857678976343355,-1.5709776686326768,2.7379142591659242,1.476652478014627e-05,0.00016564881284121302,7.254764104307757e-05,6.356263152473371e-05,0.00018740164655769897,-0.00019877473178455852,-0.00017843883711696787,-8.034447589337253,-6.268349759485708,-0.9626258947008464,-4.093022345159721e-05,-7.691426272071351e-07,28.0,28.0,14.0,6.0,6.0,6.0
0.6620786211532543,1.0,3.879046239713133e-05,0.00010949065813616436,-0.3499427809874881,0.00011962949350371266,0.22381006344904975,-0.3499427809874881,0.00011962949350371266,0.22381006344904975,-0.3499502598750236,0.0001426393046266577,0.22384038365363845,-0.3270815054522913,-1.4199746290790003,1.2359423637390137,-1.3859732786761683,-1.5710504690753382,2.738008499145508,0.0,0.0,-2.3968450477696024e-05,0.0003115898580290377,0.0,0.0,-0.327070229590801,-1.4197859344101038,1.2358550545020375,-1.385767582053008,-1.57097692227923,2.737913450594228,1.5751552931710677e-05,0.00016736457537803561,6.514532025982527e-05,7.889533185957993e-05,0.00018658836173309387,-0.00020214292402542949,-0.00017843883711696787,-8.034447589337253,-6.268349759485708,-0.9626258947008464,-4.093022345159721e-05,-7.691426272071351e-07,28.0,28.0,14.0,6.0,6.0,6.0
0.6672493751356381,1.0,3.9602129319674155e-05,6.18467269722524e-05,-0.3499427809874881,0.00011962949350371266,0.22381006344904975,-0.3499427809874881,0.00011962949350371266,0.22381006344904975,-0.34993361211721213,0.00013281918690514384,0.22384626141104336,-0.32706958452333623,-1.4200108687030237,1.2359423637390137,-1.3859012762652796,-1.5710504690753382,2.7379729747772217,0.0,0.0,-2.3968450477696024e-05,0.0003115898580290377,0.0,0.0,-0.32707016973600644,-1.4197852573772598,1.2358553187709949,-1.3857672826635556,-1.5709761789805228,2.7379126771592395,1.4963698645121904e-05,0.00016925821098628566,6.606723933095255e-05,7.484736309876919e-05,0.00018582467683792153,-0.00019335874716267282,-0.00034101097251218535,-8.033639267425572,-6.268122718534888,-0.9626144086450011,-4.400513556257707e-05,-1.568755718370287e-07,28.0,28.0,14.0,6.0,6.0,6.0
0.6712493751356381,1.0,3.9602129319674155e-05,6.18467269722524e-05,-0.3499427809874881,0.00011962949350371266,0.22381006344904975,-0.3499427809874881,0.00011962949350371266,0.22381006344904975,-0.34993361211721213,0.00013281918690514384,0.22384626141104336,-0.32706958452333623,-1.4200108687030237,1.2359423637390137,-1.3859012762652796,-1.5710504690753382,2.7379729747772217,0.0,0.0,-2.3968450477696024e-05,0.0003115898580290377,0.0,0.0,-0.327070112843544,-1.419784573224346,1.2358555865063678,-1.3857669984944658,-1.5709754385532706,2.737911936752756,1.4223115615728457e-05,0.00017103822845804072,6.69338432578122e-05,7.104227246360708e-05,0.0001851068130364595,-0.00018510162091168154,-0.00034101097251218535,-8.033639267425572,-6.268122718534888,-0.9626144086450011,-4.400513556257707e-05,-1.568755718370287e-07,28.0,28.0,14.0,6.0,6.0,6.0
0.6756733091415374,1.0,3.9602129319674155e-05,6.18467269722524e-05,-0.3499427809874881,0.00011962949350371266,0.22381006344904975,-0.3499427809874881,0.00011962949350371266,0.22381006344904975,-0.34993361211721213,0.00013281918690514384,0.22384626141104336,-0.32706958452333623,-1.4200108687030237,1.2359423637390137,-1.3859012762652796,-1.5710504690753382,2.7379729747772217,0.0,0.0,-2.3968450477696024e-05,0.0003115898580290377,0.0,0.0,-0.3270700587356737,-1.4197838823785665,1.2358558575001717,-1.3857667286325168,-1.5709747008251864,2.737911227393067,1.3526967568098617e-05,0.00017271144488149046,6.774845094906027e-05,6.74654872665547e-05,0.00018443202106308522,-0.00017733992223574975,-0.00034101097251218535,-8.033639267425572,-6.268122718534888,-0.9626144086450011,-4.400513556257707e-05,-1.568755718370287e-07,28.0,28.0,14.0,6.0,6.0,6.0
0.6796733091415375,1.0,3.996233391575157e-05,9.451426788236501e-05,-0.3499427809874881,0.00011962949350371266,0.22381006344904975,-0.3499427809874881,0.00011962949350371266,0.22381006344904975,-0.34993840312896035,0.0001302724303015345,0.22384833289355868,-0.32705766359438115,-1.4200108687030237,1.2359423637390137,-1.385925594960348,-1.5710504690753382,2.738020658493042,0.0,0.0,-2.3968450477696024e-05,0.00028762139845639467,0.0,0.0,-0.3270700141050378,-1.4197831719922074,1.2358561103219523,-1.3857664373753815,-1.570973965626889,2.73791049915942,1.1157658970511926e-05,0.0001775965897457985,6.320544515730479e-05,7.281428385023569e-05,0.00018379957436556626,-0.0001820584117687011,-0.0005516634339226291,-8.033362989558544,-6.26808631986258,-0.9626039729128488,-4.708161012636251e-05,-6.183885690967009e-07,28.0,28.0,14.0,6.0,6.0,6.0
0.6847882601378954,1.0,3.996233391575157e-05,9.451426788236501e-05,-0.3499427809874881,0.00011962949350371266,0.22381006344904975,-0.3499427809874881,0.00011962949350371266,0.22381006344904975,-0.34993840312896035,0.0001302724303015345,0.22384833289355868,-0.32705766359438115,-1.4200108687030237,1.2359423637390137,-1.385925594960348,-1.5710504690753382,2.738020658493042,0.0,0.0,-2.3968450477696024e-05,0.00028762139845639467,0.0,0.0,-0.3270699783830022,-1.4197824432377038,1.235856346062031,-1.385766126006771,-1.5709732328065913,2.737909753184252,8.930508888780437e-06,0.00018218862591824807,5.893501971305464e-05,7.78421526388958e-05,0.00018320507446989843,-0.00018649379192967538,-0.0005516634339226291,-8.033362989558544,-6.26808631986258,-0.9626039729128488,-4.708161012636251e-05,-6.183885690967009e-07,28.0,28.0,14.0,6.0,6.0,6.0
0.6887882601378954,1.0,3.996233391575157e-05,9.451426788236501e-05,-0.3499427809874881,0.00011962949350371266,0.22381006344904975,-0.3499427809874881,0.00011962949350371266,0.22381006344904975,-0.34993840312896035,0.0001302724303015345,0.22384833289355868,-0.32705766359438115,-1.4200108687030237,1.2359423637390137,-1.385925594960348,-1.5710504690753382,2.738020658493042,0.0,0.0,-2.3968450477696024e-05,0.00028762139845639467,0.0,0.0,-0.327069951035051,-1.419781697217144,1.2358565657453102,-1.3857657957333738,-1.570972502221613,2.737908990532055,6.836987811952837e-06,0.00018650513992035067,5.492081979545949e-05,8.256834930023632e-05,0.00018264624456797068,-0.0001906630492809912,-0.0005516634339226291,-8.033362989558544,-6.26808631986258,-0.9626039729128488,-4.708161012636251e-05,-6.183885690967009e-07,28.0,28.0,14.0,6.0,6.0,6.0
0.6938224731213416,1.0,4.2696721670032346e-05,0.00010601787374808845,-0.3499427809874881,0.00011962949350371266,0.22381006344904975,-0.3499427809874881,0.00011962949350371266,0.22381006344904975,-0.3499438932492377,0.00013369000217138113,0.22385036326308375,-0.32706958452333623,-1.4200108687030237,1.2359423637390137,-1.385949436818258,-1.571038548146383,2.7379965782165527,0.0,0.0,-2.3968450477696024e-05,0.00028762139845639467,0.0,0.0,-0.32706992041266486,-1.4197809198770006,1.2358567470445438,-1.3857654120266056,-1.5709717874720859,2.737908237356926,7.655596526207732e-06,0.00019433503582549802,4.532480841018809e-05,9.59266920551798e-05,0.0001786873817740622,-0.00018829378220610297,-0.0004434584252288112,-8.033196073091348,-6.268065067123058,-0.9625955423916029,-4.274486298404572e-05,-4.615756678825476e-07,28.0,28.0,14.0,6.0,6.0,6.0
0.6978224731213416,1.0,4.2696721670032346e-05,0.00010601787374808845,-0.3499427809874881,0.00011962949350371266,0.22381006344904975,-0.3499427809874881,0.00011962949350371266,0.22381006344904975,-0.3499438932492377,0.00013369000217138113,0.22385036326308375,-0.32706958452333623,-1.4200108687030237,1.2359423637390137,-1.385949436818258,-1.571038548146383,2.7379965782165527,0.0,0.0,-2.3968450477696024e-05,0.00028762139845639467,0.0,0.0,-0.32706988671230997,-1.4197801130964487,1.2358568922627746,-1.3857649780924686,-1.5709710876078828,2.7379074930902414,8.425088717607333e-06,0.00020169513797633652,3.630455770803297e-05,0.00010848353424482665,0.00017496605074778822,-0.00018606667115570803,-0.0004434584252288112,-8.033196073091348,-6.268065067123058,-0.9625955423916029,-4.274486298404572e-05,-4.615756678825476e-07,28.0,28.0,14.0,6.0,6.0,6.0
0.7028317531442738,1.0,4.2696721670032346e-05,0.00010601787374808845,-0.3499427809874881,0.00011962949350371266,0.22381006344904975,-0.3499427809874881,0.00011962949350371266,0.22381006344904975,-0.3499438932492377,0.00013369000217138113,0.22385036326308375,-0.32706958452333623,-1.4200108687030237,1.2359423637390137,-1.385949436818258,-1.571038548146383,2.7379965782165527,0.0,0.0,-2.3968450477696024e-05,0.00028762139845639467,0.0,0.0,-0.32706985011866446,-1.4197792786419128,1.2358570035648628,-1.385764496944605,-1.5709704017358845,2.737906757197494,9.148411377522958e-06,0.00020861363399812471,2.7825522048007158e-05,0.0001202869659030947,0.0001714679995830907,-0.00018397318676833678,-0.0004434584252288112,-8.033196073091348,-6.268065067123058,-0.9625955423916029,-4.274486298404572e-05,-4.615756678825476e-07,28.0,28.0,14.0,6.0,6.0,6.0
0.7068317531442738,1.0,3.624387260455003e-05,9.829667744244197e-05,-0.3499427809874881,0.00011962949350371266,0.22381006344904975,-0.3499427809874881,0.00011962949350371266,0.22381006344904975,-0.34993260044579916,0.00014082012206622073,0.2238376484473898,-0.3270934263812464,-1.4200108687030237,1.235978603363037,-1.385925594960348,-1.5710504690753382,2.738020658493042,0.0,0.0,-2.3968450477696024e-05,0.0002636529679875821,0.0,0.0,-0.327069801380238,-1.4197784529687096,1.2358571170399069,-1.3857640410272674,-1.5709697152990425,2.7379059833944583,1.2184606621904138e-05,0.00020641830080460794,2.836876098757779e-05,0.00011397933442107831,0.00017160921049519436,-0.00019345075897312766,-2.8242308024926273e-05,-8.034088711385708,-6.268325127035744,-0.9626338457849392,-3.785490187903409e-05,-1.0797169050950376e-06,28.0,28.0,14.0,6.0,6.0,6.0
0.7113506721283778,1.0,3.624387260455003e-05,9.829667744244197e-05,-0.3499427809874881,0.00011962949350371266,0.22381006344904975,-0.3499427809874881,0.00011962949350371266,0.22381006344904975,-0.34993260044579916,0.00014082012206622073,0.2238376484473898,-0.3270934263812464,-1.4200108687030237,1.235978603363037,-1.385925594960348,-1.5710504690753382,2.738020658493042,0.0,0.0,-2.3968450477696024e-05,0.0002636529679875821,0.0,0.0,-0.3270697412257174,-1.4197776355499592,1.2358572325575292,-1.385763608826624,-1.5709690283312474,2.737905173955751,1.5038630151622446e-05,0.00020435468760270217,2.8879405590774185e-05,0.00010805016082798291,0.0001717419487525718,-0.00020235967684563107,-2.8242308024926273e-05,-8.034088711385708,-6.268325127035744,-0.9626338457849392,-3.785490187903409e-05,-1.0797169050950376e-06,28.0,28.0,14.0,6.0,6.0,6.0
0.7153506721283778,1.0,4.492233155121076e-05,0.0001199829507995763,-0.3499427809874881,0.00011962949350371266,0.22381006344904975,-0.3499427809874881,0.00011962949350371266,0.22381006344904975,-0.3499387178572521,0.00013561337587901618,0.22385184888130663,-0.32705766359438115,-1.4200108687030237,1.2359304428100586,-1.385925594960348,-1.5710743109332483,2.738032579421997,0.0,0.0,-2.3968450477696024e-05,0.0002636529679875821,0.0,0.0,-0.32706969950481063,-1.4197768037991627,1.2358573404913042,-1.385763156040233,-1.5709683133886836,2.737904329322751,1.0430226695131901e-05,0.00020793769910446952,2.698344375289285e-05,0.0001131965977446257,0.00017873564093370768,-0.0002111582499961321,-0.0007167798307518736,-8.033169299261644,-6.267999389426471,-0.9625879089952759,-4.9607485860139835e-05,-7.722473295359825e-07,28.0,28.0,14.0,6.0,6.0,6.0
0.7207956961269959,1.0,4.492233155121076e-05,0.0001199829507995763,-0.3499427809874881,0.00011962949350371266,0.22381006344904975,-0.3499427809874881,0.00011962949350371266,0.22381006344904975,-0.3499387178572521,0.00013561337587901618,0.22385184888130663,-0.32705766359438115,-1.4200108687030237,1.2359304428100586,-1.385925594960348,-1.5710743109332483,2.738032579421997,0.0,0.0,-2.3968450477696024e-05,0.0002636529679875821,0.0,0.0,-0.32706967511150087,-1.419775958576243,1.2358574412962628,-1.3857626839032393,-1.5709675721498373,2.7379034516071163,6.098327446030791e-06,0.00021130572991613083,2.5201239625284392e-05,0.00011803424844626993,0.0001853097115839754,-0.0002194289087576031,-0.0007167798307518736,-8.033169299261644,-6.267999389426471,-0.9625879089952759,-4.9607485860139835e-05,-7.722473295359825e-07,28.0,28.0,14.0,6.0,6.0,6.0
0.7247956961269959,1.0,4.492233155121076e-05,0.0001199829507995763,-0.3499427809874881,0.00011962949350371266,0.22381006344904975,-0.3499427809874881,0.00011962949350371266,0.22381006344904975,-0.3499387178572521,0.00013561337587901618,0.22385184888130663,-0.32705766359438115,-1.4200108687030237,1.2359304428100586,-1.385925594960348,-1.5710743109332483,2.738032579421997,0.0,0.0,-2.3968450477696024e-05,0.0002636529679875821,0.0,0.0,-0.32706966700613227,-1.4197751006895276,1.2358575354001338,-1.3857621935766788,-1.5709668061924853,2.737902542793804,2.026342151875746e-06,0.00021447167887909247,2.3525967745332443e-05,0.00012258164010581552,0.00019148933799522708,-0.00022720332799338583,-0.0007167798307518736,-8.033169299261644,-6.267999389426471,-0.9625879089952759,-4.9607485860139835e-05,-7.722473295359825e-07,28.0,28.0,14.0,6.0,6.0,6.0
0.7298940251399766,1.0,3.4948647682511056e-05,9.955130677655664e-05,-0.3499427809874881,0.00011962949350371266,0.22381006344904975,-0.3499427809874881,0.00011962949350371266,0.22381006344904975,-0.3499326487243912,0.00014345362228707334,0.2238335401631956,-0.3270934263812464,-1.4199984709369105,1.235978603363037,-1.385925594960348,-1.5710623900042933,2.738020658493042,0.0,0.0,-2.3968450477696024e-05,0.0002636529679875821,0.0,0.0,-0.3270696493368705,-1.4197742688808777,1.2358576458863386,-1.3857617405954732,-1.5709660307475015,2.737901602155164,4.417315439036549e-06,0.00020795216250415192,2.7621551236925814e-05,0.00011324530144133502,0.00019386124595761997,-0.0002351596600766079,6.3256667753390585e-06,-8.034572083787578,-6.268426747334228,-0.9626457689525024,-3.911657515169245e-05,-1.0796748725030714e-06,28.0,28.0,14.0,6.0,6.0,6.0
0.7338940251399766,1.0,3.4948647682511056e-05,9.955130677655664e-05,-0.3499427809874881,0.00011962949350371266,0.22381006344904975,-0.3499427809874881,0.00011962949350371266,0.22381006344904975,-0.3499326487243912,0.00014345362228707334,0.2238335401631956,-0.3270934263812464,-1.4199984709369105,1.235978603363037,-1.385925594960348,-1.5710623900042933,2.738020658493042,0.0,0.0,-2.3968450477696024e-05,0.0002636529679875821,0.0,0.0,-0.3270696226775492,-1.4197734615856092,1.2358577717719375,-1.3857613227189007,-1.5709652463841437,2.737900631600715,6.664830328967705e-06,0.0002018238171117078,3.1471399719023584e-05,0.00010446914309672335,0.00019609083944226928,-0.00024263861223483666,6.3256667753390585e-06,-8.034572083787578,-6.268426747334228,-0.9626457689525024,-3.911657515169245e-05,-1.0796748725030714e-06,28.0,28.0,14.0,6.0,6.0,6.0
0.7387738871518525,1.0,3.4948647682511056e-05,9.955130677655664e-05,-0.3499427809874881,0.00011962949350371266,0.22381006344904975,-0.3499427809874881,0.00011962949350371266,0.22381006344904975,-0.3499326487243912,0.00014345362228707334,0.2238335401631956,-0.3270934263812464,-1.4199984709369105,1.235978603363037,-1.385925594960348,-1.5710623900042933,2.738020658493042,0.0,0.0,-2.3968450477696024e-05,0.0002636529679875821,0.0,0.0,-0.3270695875675719,-1.4197726773329196,1.2358579121329667,-1.3857609378406837,-1.5709644536375145,2.737899632925406,8.77749432550299e-06,0.00019606317244281034,3.509025729219549e-05,9.621955425278837e-05,0.00019818665731783963,-0.0002496688272635717,6.3256667753390585e-06,-8.034572083787578,-6.268426747334228,-0.9626457689525024,-3.911657515169245e-05,-1.0796748725030714e-06,28.0,28.0,14.0,6.0,6.0,6.0
0.7427738871518526,1.0,3.937661870861062e-05,8.066763673971805e-05,-0.3499427809874881,0.00011962949350371266,0.22381006344904975,-0.3499427809874881,0.00011962949350371266,0.22381006344904975,-0.3499392050770737,0.00011107217732914541,0.22384833227847423,-0.32700950304140264,-1.4200108687030237,1.2359423637390137,-1.385925594960348,-1.571038548146383,2.7379965782165527,0.0,0.0,-2.3968450477696024e-05,0.00023968450841493905,0.0,0.0,-0.32706958419085075,-1.4197718771659116,1.2358580398491392,-1.3857605404340059,-1.5709636804313822,2.7378986925601034,8.441802836475474e-07,0.00020004175199121035,3.1929043130537253e-05,9.93516694607127e-05,0.00019330153306006083,-0.00023509132565444513,-0.0010113273630188843,-8.033138986835842,-6.268054625776011,-0.9626002891038274,-5.824228662465748e-05,3.1366515548840426e-07,28.0,28.0,14.0,6.0,6.0,6.0
0.7480004461284264,1.0,3.937661870861062e-05,8.066763673971805e-05,-0.3499427809874881,0.00011962949350371266,0.22381006344904975,-0.3499427809874881,0.00011962949350371266,0.22381006344904975,-0.3499392050770737,0.00011107217732914541,0.22384833227847423,-0.32700950304140264,-1.4200108687030237,1.2359423637390137,-1.385925594960348,-1.571038548146383,2.7379965782165527,0.0,0.0,-2.3968450477696024e-05,0.00023968450841493905,0.0,0.0,-0.3270696106433904,-1.4197710620394446,1.2358581556791466,-1.385760131250575,-1.5709629255933173,2.737897807006207,-6.6131349156965685e-06,0.00020378161676670638,2.8957501818578513e-05,0.00010229585775616157,0.00018870951625774875,-0.00022138847414186614,-0.0010113273630188843,-8.033138986835842,-6.268054625776011,-0.9626002891038274,-5.824228662465748e-05,3.1366515548840426e-07,28.0,28.0,14.0,6.0,6.0,6.0
0.7520004461284264,1.0,2.9069417979464224e-05,5.2399229385100776e-05,-0.3499427809874881,0.00011962949350371266,0.22381006344904975,-0.3499427809874881,0.00011962949350371266,0.22381006344904975,-0.34993694797632047,0.0001287166920311649,0.22383705288893474,-0.32706958452333623,-1.4199984709369105,1.235966682434082,-1.385925594960348,-1.571026627217428,2.7379965782165527,0.0,0.0,-2.3968450477696024e-05,0.00023968450841493905,0.0,0.0,-0.32706962628387876,-1.4197702577843976,1.235858275818925,-1.385759743831762,-1.5709622017764047,2.737896942611974,-3.910122080892567e-06,0.00020106376175328984,3.0034944574465754e-05,9.685470323634615e-05,0.0001809542281837241,-0.0002160985582146879,-0.00011393536632561196,-8.034258799678657,-6.268330262080327,-0.9626317582451133,-4.1478201547294647e-05,-4.6142361454318046e-07,28.0,28.0,14.0,6.0,6.0,6.0
0.7570310971231669,1.0,2.9069417979464224e-05,5.2399229385100776e-05,-0.3499427809874881,0.00011962949350371266,0.22381006344904975,-0.3499427809874881,0.00011962949350371266,0.22381006344904975,-0.34993694797632047,0.0001287166920311649,0.22383705288893474,-0.32706958452333623,-1.4199984709369105,1.235966682434082,-1.385925594960348,-1.571026627217428,2.7379965782165527,0.0,0.0,-2.3968450477696024e-05,0.00023968450841493905,0.0,0.0,-0.3270696317610388,-1.4197694637484854,1.235858400009888,-1.38575937687169,-1.570961507119375,2.737896098107825,-1.3692900161768045e-06,0.0001985089780406783,3.1047740764999765e-05,9.174001798771966e-05,0.00017366425739414094,-0.00021112603724314036,-0.00011393536632561196,-8.034258799678657,-6.268330262080327,-0.9626317582451133,-4.1478201547294647e-05,-4.6142361454318046e-07,28.0,28.0,14.0,6.0,6.0,6.0
0.7610310971231669,1.0,2.9069417979464224e-05,5.2399229385100776e-05,-0.3499427809874881,0.00011962949350371266,0.22381006344904975,-0.3499427809874881,0.00011962949350371266,0.22381006344904975,-0.34993694797632047,0.0001287166920311649,0.22383705288893474,-0.32706958452333623,-1.4199984709369105,1.235966682434082,-1.385925594960348,-1.571026627217428,2.7379965782165527,0.0,0.0,-2.3968450477696024e-05,0.00023968450841493905,0.0,0.0,-0.3270696276846703,-1.41976867931856,1.2358585280089647,-1.3857590291428346,-1.5709608398726356,2.737895272300355,1.0190921246560117e-06,0.00019610748135082346,3.199976918410173e-05,8.693221385401075e-05,0.00016681168485193276,-0.00020645186752988565,-0.00011393536632561196,-8.034258799678657,-6.268330262080327,-0.9626317582451133,-4.1478201547294647e-05,-4.6142361454318046e-07,28.0,28.0,14.0,6.0,6.0,6.0
0.7658729651321194,1.0,2.9069417979464224e-05,5.2399229385100776e-05,-0.3499427809874881,0.00011962949350371266,0.22381006344904975,-0.3499427809874881,0.00011962949350371266,0.22381006344904975,-0.34993694797632047,0.0001287166920311649,0.22383705288893474,-0.32706958452333623,-1.4199984709369105,1.235966682434082,-1.385925594960348,-1.571026627217428,2.7379965782165527,0.0,0.0,-2.3968450477696024e-05,0.00023968450841493905,0.0,0.0,-0.32706961462798495,-1.4197679039182622,1.2358586595876682,-1.3857586994913227,-1.5709601983915689,2.737894464067763,3.2641713370388586e-06,0.00019385007446235988,3.289467589805758e-05,8.241287796832438e-05,0.0001603702666622571,-0.00020205814799942624,-0.00011393536632561196,-8.034258799678657,-6.268330262080327,-0.9626317582451133,-4.1478201547294647e-05,-4.6142361454318046e-07,28.0,28.0,14.0,6.0,6.0,6.0
0.7698729651321194,1.0,5.780644008118267e-05,0.0001134999449902339,-0.3499427809874881,0.00011962949350371266,0.22381006344904975,-0.3499427809874881,0.00011962949350371266,0.22381006344904975,-0.3499389549516879,0.0001513204672171464,0.2238582571016402,-0.32711726823915654,-1.4200227896319788,1.2359185218811035,-1.3859131971942347,-1.5710504690753382,2.7379610538482666,0.0,0.0,-2.3968450477696024e-05,0.00023968450841493905,0.0,0.0,-0.32706957431972433,-1.4197670944043355,1.2358587745614764,-1.3857583402732847,-1.5709595536925935,2.737893677159825,1.0077065149281459e-05,0.00020237848171331674,2.8743452036670417e-05,8.980450951112628e-05,0.00016117474384648672,-0.00019672698454517237,-4.416664535194359e-05,-8.032859367179425,-6.267839216306059,-0.9625590376920169,-3.1706669289692215e-05,-6.184856370011086e-07,28.0,28.0,14.0,6.0,6.0,6.0
0.7749926651460122,1.0,5.780644008118267e-05,0.0001134999449902339,-0.3499427809874881,0.00011962949350371266,0.22381006344904975,-0.3499427809874881,0.00011962949350371266,0.22381006344904975,-0.3499389549516879,0.0001513204672171464,0.2238582571016402,-0.32711726823915654,-1.4200227896319788,1.2359185218811035,-1.3859131971942347,-1.5710504690753382,2.7379610538482666,0.0,0.0,-2.3968450477696024e-05,0.00023968450841493905,0.0,0.0,-0.327069508394983,-1.4197662528235973,1.235858873926683,-1.385757953262712,-1.5709589059687838,2.7378929102970613,1.6481185332789504e-05,0.00021039518452921617,2.484130160696648e-05,9.675264316136005e-05,0.00016193095239966257,-0.00019171569089817373,-4.416664535194359e-05,-8.032859367179425,-6.267839216306059,-0.9625590376920169,-3.1706669289692215e-05,-6.184856370011086e-07,28.0,28.0,14.0,6.0,6.0,6.0
0.7789926651460122,1.0,4.2691314506416334e-05,0.00010834368191955553,-0.3499427809874881,0.00011962949350371266,0.22381006344904975,-0.3499427809874881,0.00011962949350371266,0.22381006344904975,-0.34994505427963607,0.00013514585930856282,0.2238497701596829,-0.32705766359438115,-1.4199984709369105,1.2359304428100586,-1.385949436818258,-1.5710623900042933,2.7379846572875977,0.0,0.0,-2.3968450477696024e-05,0.00021571606339421123,0.0,0.0,-0.3270694569522642,-1.4197653971184867,1.2358589541654172,-1.385757520798912,-1.5709582416466707,2.7378921651892862,1.2860679696461389e-05,0.00021392627761155196,2.005968355702247e-05,0.00010811595002980244,0.00016608052829145782,-0.00018627694380999002,-0.0006413055269760099,-8.033413574304916,-6.268056917564828,-0.962584572644644,-4.834428916059449e-05,-1.5399955957889915e-07,28.0,28.0,14.0,6.0,6.0,6.0
0.7839900721448942,1.0,4.2691314506416334e-05,0.00010834368191955553,-0.3499427809874881,0.00011962949350371266,0.22381006344904975,-0.3499427809874881,0.00011962949350371266,0.22381006344904975,-0.34994505427963607,0.00013514585930856282,0.2238497701596829,-0.32705766359438115,-1.4199984709369105,1.2359304428100586,-1.385949436818258,-1.5710623900042933,2.7379846572875977,0.0,0.0,-2.3968450477696024e-05,0.00021571606339421123,0.0,0.0,-0.3270694191226466,-1.4197645281364664,1.2358590164252676,-1.385757045609078,-1.5709575617221523,2.7378914405312003,9.45740439831296e-06,0.0002172455051089476,1.55649625900751e-05,0.00011879745848613829,0.00016998112962974534,-0.00018116452154709733,-0.0006413055269760099,-8.033413574304916,-6.268056917564828,-0.962584572644644,-4.834428916059449e-05,-1.5399955957889915e-07,28.0,28.0,14.0,6.0,6.0,6.0
0.7879900721448942,1.0,4.2691314506416334e-05,0.00010834368191955553,-0.3499427809874881,0.00011962949350371266,0.22381006344904975,-0.3499427809874881,0.00011962949350371266,0.22381006344904975,-0.34994505427963607,0.00013514585930856282,0.2238497701596829,-0.32705766359438115,-1.4199984709369105,1.2359304428100586,-1.385949436818258,-1.5710623900042933,2.7379846572875977,0.0,0.0,-2.3968450477696024e-05,0.00021571606339421123,0.0,0.0,-0.3270693940893441,-1.4197636466741506,1.2358590617849672,-1.3857565302567723,-1.5709568671313727,2.7378907350958217,6.258325618053437e-06,0.00022036557895649953,1.1339924881144572e-05,0.000128838076435094,0.00017364769488773562,-0.0001763588446199782,-0.0006413055269760099,-8.033413574304916,-6.268056917564828,-0.962584572644644,-4.834428916059449e-05,-1.5399955957889915e-07,28.0,28.0,14.0,6.0,6.0,6.0
0.7928248171368617,1.0,3.5488554186699396e-05,4.9440687561246586e-05,-0.3499427809874881,0.00011962949350371266,0.22381006344904975,-0.3499427809874881,0.00011962949350371266,0.22381006344904975,-0.3499273606924159,0.00011973734685829142,0.2238420265581883,-0.3270457426654261,-1.4200227896319788,1.235966682434082,-1.3858893553363245,-1.571038548146383,2.7379491329193115,0.0,0.0,-2.3968450477696024e-05,0.00021571606339421123,0.0,0.0,-0.32706937934052804,-1.4197627748046617,1.2358591287249159,-1.3857560762272747,-1.5709561862088066,2.737890104128488,3.687204019972834e-06,0.0002179673722040611,1.6734987184473462e-05,0.00011350737439138235,0.00017023064152363337,-0.00015774183337228723,-0.0004960289972047384,-8.033536931175057,-6.268153333931731,-0.9626177557536468,-4.8891986881582426e-05,4.5837729873967507e-07,28.0,28.0,14.0,6.0,6.0,6.0
0.7968248171368617,1.0,3.5488554186699396e-05,4.9440687561246586e-05,-0.3499427809874881,0.00011962949350371266,0.22381006344904975,-0.3499427809874881,0.00011962949350371266,0.22381006344904975,-0.3499273606924159,0.00011973734685829142,0.2238420265581883,-0.3270457426654261,-1.4200227896319788,1.235966682434082,-1.3858893553363245,-1.571038548146383,2.7379491329193115,0.0,0.0,-2.3968450477696024e-05,0.00021571606339421123,0.0,0.0,-0.3270693742591292,-1.4197619119524303,1.2358592159502988,-1.3857556798412167,-1.570955518134361,2.737889543161117,1.2703497177770674e-06,0.00021571305785676896,2.180634574960262e-05,9.909651447029341e-05,0.00016701861136137727,-0.0001402418427994577,-0.0004960289972047384,-8.033536931175057,-6.268153333931731,-0.9626177557536468,-4.8891986881582426e-05,4.5837729873967507e-07,28.0,28.0,14.0,6.0,6.0,6.0
0.8014019141250759,1.0,3.5488554186699396e-05,4.9440687561246586e-05,-0.3499427809874881,0.00011962949350371266,0.22381006344904975,-0.3499427809874881,0.00011962949350371266,0.22381006344904975,-0.3499273606924159,0.00011973734685829142,0.2238420265581883,-0.3270457426654261,-1.4200227896319788,1.235966682434082,-1.3858893553363245,-1.571038548146383,2.7379491329193115,0.0,0.0,-2.3968450477696024e-05,0.00021571606339421123,0.0,0.0,-0.3270693782651025,-1.4197610575764208,1.23585932224399,-1.3857553376399923,-1.570954862137149,2.7378890479937104,-1.0014933262869534e-06,0.00021359400237031437,2.657342280082403e-05,8.55503061444698e-05,0.00016399930300885654,-0.00012379185166099796,-0.0004960289972047384,-8.033536931175057,-6.268153333931731,-0.9626177557536468,-4.8891986881582426e-05,4.5837729873967507e-07,28.0,28.0,14.0,6.0,6.0,6.0
0.8054019141250759,1.0,3.764498877393269e-05,9.482315964998859e-05,-0.3499427809874881,0.00011962949350371266,0.22381006344904975,-0.3499427809874881,0.00011962949350371266,0.22381006344904975,-0.34994473953306354,0.00012980490751326486,0.2238462541968833,-0.32705766359438115,-1.4199984709369105,1.2359423637390137,-1.385949436818258,-1.571038548146383,2.7379369735717773,0.0,0.0,-2.3968450477696024e-05,0.00021571606339421123,0.0,0.0,-0.3270693839628279,-1.4197601922278518,1.235859407731477,-1.3857549573760464,-1.570954217498511,2.7378886218041485,-1.424431347494865e-06,0.00021633714225191374,2.1371871765549515e-05,9.506598648406425e-05,0.00016115965952823099,-0.000106547390493933,-0.00047594072603755755,-8.033598131953939,-6.268134258026849,-0.9625967067961313,-4.5818156002521164e-05,4.612751841566083e-07,28.0,28.0,14.0,6.0,6.0,6.0
0.8103435171192981,1.0,3.764498877393269e-05,9.482315964998859e-05,-0.3499427809874881,0.00011962949350371266,0.22381006344904975,-0.3499427809874881,0.00011962949350371266,0.22381006344904975,-0.34994473953306354,0.00012980490751326486,0.2238462541968833,-0.32705766359438115,-1.4199984709369105,1.2359423637390137,-1.385949436818258,-1.571038548146383,2.7379369735717773,0.0,0.0,-2.3968450477696024e-05,0.00021571606339421123,0.0,0.0,-0.32706939125080026,-1.4197593165650768,1.2358594736611321,-1.3857545413331425,-1.5709535835369324,2.7378882604537607,-1.8219930874303017e-06,0.00021891569374061714,1.648241379239147e-05,0.00010401072600328303,0.00015849039465644295,-9.033759699689194e-05,-0.00047594072603755755,-8.033598131953939,-6.268134258026849,-0.9625967067961313,-4.5818156002521164e-05,4.612751841566083e-07,28.0,28.0,14.0,6.0,6.0,6.0
0.8143435171192981,1.0,4.0206137522207544e-05,9.735165709112927e-05,-0.3499427809874881,0.00011962949350371266,0.22381006344904975,-0.3499427809874881,0.00011962949350371266,0.22381006344904975,-0.34993326174203726,0.00014627872744962285,0.22383862453779996,-0.3270934263812464,-1.4200108687030237,1.235978603363037,-1.3859370390521448,-1.5710743109332483,2.7379965782165527,0.0,0.0,-2.3968450477696024e-05,0.0001917476038215682,0.0,0.0,-0.3270693923534925,-1.4197584500242395,1.2358595393008742,-1.3857541338335633,-1.5709529184385589,2.7378878578695245,-2.756730674460725e-07,0.0002166352093259672,1.6409935517070683e-05,0.00010187489478540725,0.00016627459334412243,-0.00010064605907372237,-0.00018686104471690772,-8.033966956690973,-6.26828660714663,-0.9626185141169818,-4.038095903842247e-05,-7.69096500219057e-07,28.0,28.0,14.0,6.0,6.0,6.0
0.8195427671277433,1.0,4.0206137522207544e-05,9.735165709112927e-05,-0.3499427809874881,0.00011962949350371266,0.22381006344904975,-0.3499427809874881,0.00011962949350371266,0.22381006344904975,-0.34993326174203726,0.00014627872744962285,0.22383862453779996,-0.3270934263812464,-1.4200108687030237,1.235978603363037,-1.3859370390521448,-1.5710743109332483,2.7379965782165527,0.0,0.0,-2.3968450477696024e-05,0.0001917476038215682,0.0,0.0,-0.32706938764202154,-1.4197575920580237,1.235859604668098,-1.3857537343647095,-1.5709522240715985,2.7378874165254707,1.177867751339103e-06,0.00021449155397619625,1.6341805938269143e-05,9.986721344060402e-05,0.00017359174011054114,-0.00011033601342594296,-0.00018686104471690772,-8.033966956690973,-6.26828660714663,-0.9626185141169818,-4.038095903842247e-05,-7.69096500219057e-07,28.0,28.0,14.0,6.0,6.0,6.0
0.8235427671277433,1.0,4.0206137522207544e-05,9.735165709112927e-05,-0.3499427809874881,0.00011962949350371266,0.22381006344904975,-0.3499427809874881,0.00011962949350371266,0.22381006344904975,-0.34993326174203726,0.00014627872744962285,0.22383862453779996,-0.3270934263812464,-1.4200108687030237,1.235978603363037,-1.3859370390521448,-1.5710743109332483,2.7379965782165527,0.0,0.0,-2.3968450477696024e-05,0.0001917476038215682,0.0,0.0,-0.32706937746523707,-1.419756742151952,1.2358596697791546,-1.3857533424447377,-1.5709515021921663,2.7378869387471885,2.5441961209971683e-06,0.00021247651794741157,1.6277764134195694e-05,9.797999297648898e-05,0.00018046985807097473,-0.00011944457051703031,-0.00018686104471690772,-8.033966956690973,-6.26828660714663,-0.9626185141169818,-4.038095903842247e-05,-7.69096500219057e-07,28.0,28.0,14.0,6.0,6.0,6.0
0.8285342381093654,1.0,4.0206137522207544e-05,9.735165709112927e-05,-0.3499427809874881,0.00011962949350371266,0.22381006344904975,-0.3499427809874881,0.00011962949350371266,0.22381006344904975,-0.34993326174203726,0.00014627872744962285,0.22383862453779996,-0.3270934263812464,-1.4200108687030237,1.235978603363037,-1.3859370390521448,-1.5710743109332483,2.7379965782165527,0.0,0.0,-2.3968450477696024e-05,0.0001917476038215682,0.0,0.0,-0.3270693621510579,-1.4197558998224156,1.235859734649414,-1.3857529576207148,-1.5709507544510104,2.7378864267207317,3.82854478847575e-06,0.00021058238408035396,1.6217564838366652e-05,9.620600574022083e-05,0.00018693528895378231,-0.00012800661418265242,-0.00018686104471690772,-8.033966956690973,-6.26828660714663,-0.9626185141169818,-4.038095903842247e-05,-7.69096500219057e-07,28.0,28.0,14.0,6.0,6.0,6.0
0.8325342381093654,1.0,3.374291333515738e-05,6.886863723331554e-05,-0.3499427809874881,0.00011962949350371266,0.22381006344904975,-0.3499427809874881,0.00011962949350371266,0.22381006344904975,-0.3499357219550643,0.00014449630954527752,0.2238317520571549,-0.3270934263812464,-1.4199746290790003,1.2359542846679688,-1.3859131971942347,-1.5710623900042933,2.7379846572875977,0.0,0.0,-2.3968450477696024e-05,0.0001917476038215682,0.0,0.0,-0.3270693376985324,-1.4197551027306141,1.235859841893087,-1.385752625129884,-1.5709499961303885,2.737885900541778,6.113131372806756e-06,0.00019927295036144897,2.6810918238901665e-05,8.312270771209056e-05,0.0001895801554623204,-0.00013154473844324786,0.00014245006881705255,-8.035184836791807,-6.268443329072648,-0.9626359766283363,-3.911360401102022e-05,-6.151768386535951e-07,28.0,28.0,14.0,6.0,6.0,6.0
0.837252625114052,1.0,3.374291333515738e-05,6.886863723331554e-05,-0.3499427809874881,0.00011962949350371266,0.22381006344904975,-0.3499427809874881,0.00011962949350371266,0.22381006344904975,-0.3499357219550643,0.00014449630954527752,0.2238317520571549,-0.3270934263812464,-1.4199746290790003,1.2359542846679688,-1.3859131971942347,-1.5710623900042933,2.7379846572875977,0.0,0.0,-2.3968450477696024e-05,0.0001917476038215682,0.0,0.0,-0.32706930465596135,-1.4197543481622834,1.2358599889677688,-1.3857523418322537,-1.5709492278650685,2.737885361059477,8.260642762077903e-06,0.0001886420826656783,3.676867043540458e-05,7.08244075656481e-05,0.00019206632998034623,-0.0001348705752482076,0.00014245006881705255,-8.035184836791807,-6.268443329072648,-0.9626359766283363,-3.911360401102022e-05,-6.151768386535951e-07,28.0,28.0,14.0,6.0,6.0,6.0
0.841252625114052,1.0,3.239235595572293e-05,4.511034117820067e-05,-0.3499427809874881,0.00011962949350371266,0.22381006344904975,-0.3499427809874881,0.00011962949350371266,0.22381006344904975,-0.3499336616822185,0.00012760180387444314,0.22384010584015157,-0.32706958452333623,-1.4200108687030237,1.235966682434082,-1.3859131971942347,-1.571026627217428,2.7379846572875977,0.0,0.0,-2.3968450477696024e-05,0.0001917476038215682,0.0,0.0,-0.3270692643735784,-1.4197535937618369,1.2358601385466972,-1.3857520821893565,-1.5709484914266056,2.7378848357029204,1.007059572616786e-05,0.00018860011161323412,3.7394732081645625e-05,6.491072428271002e-05,0.00018410961570923922,-0.0001313391391059964,-0.00016570377746390812,-8.033871824761476,-6.268222389774128,-0.9626158213319511,-4.147860608548596e-05,-3.0763876109702394e-07,28.0,28.0,14.0,6.0,6.0,6.0
0.8461847301314123,1.0,3.239235595572293e-05,4.511034117820067e-05,-0.3499427809874881,0.00011962949350371266,0.22381006344904975,-0.3499427809874881,0.00011962949350371266,0.22381006344904975,-0.3499336616822185,0.00012760180387444314,0.22384010584015157,-0.32706958452333623,-1.4200108687030237,1.235966682434082,-1.3859131971942347,-1.571026627217428,2.7379846572875977,0.0,0.0,-2.3968450477696024e-05,0.0001917476038215682,0.0,0.0,-0.3270692172857724,-1.4197528395192016,1.2358602904796172,-1.3857518447819086,-1.5709477849053886,2.737884323624564,1.177195151241242e-05,0.0001885606588239366,3.7983230029112205e-05,5.9351861996748226e-05,0.00017663030429439865,-0.00012801958913231788,-0.00016570377746390812,-8.033871824761476,-6.268222389774128,-0.9626158213319511,-4.147860608548596e-05,-3.0763876109702394e-07,28.0,28.0,14.0,6.0,6.0,6.0
0.8501847301314123,1.0,3.239235595572293e-05,4.511034117820067e-05,-0.3499427809874881,0.00011962949350371266,0.22381006344904975,-0.3499427809874881,0.00011962949350371266,0.22381006344904975,-0.3499336616822185,0.00012760180387444314,0.22384010584015157,-0.32706958452333623,-1.4200108687030237,1.235966682434082,-1.3859131971942347,-1.571026627217428,2.7379846572875977,0.0,0.0,-2.3968450477696024e-05,0.0001917476038215682,0.0,0.0,-0.3270691638008686,-1.4197520854249088,1.2358604446252897,-1.385751628275783,-1.5709471065063823,2.737883824027715,1.3371225951482306e-05,0.00018852357320199692,3.853641809973079e-05,5.412653144794414e-05,0.0001695997515644485,-0.00012489921215706008,-0.00016570377746390812,-8.033871824761476,-6.268222389774128,-0.9626158213319511,-4.147860608548596e-05,-3.0763876109702394e-07,28.0,28.0,14.0,6.0,6.0,6.0
0.8552415021341297,1.0,4.220539689194606e-05,9.026549822537318e-05,-0.3499427809874881,0.00011962949350371266,0.22381006344904975,-0.3499427809874881,0.00011962949350371266,0.22381006344904975,-0.34993840686650773,0.00014540724765596638,0.22384319455200938,-0.3270934263812464,-1.4200108687030237,1.235966682434082,-1.385949436818258,-1.5710623900042933,2.7379610538482666,0.0,0.0,-2.3968450477696024e-05,0.0001917476038215682,0.0,0.0,-0.3270691034857218,-1.4197513178306085,1.2358605763613162,-1.3857513788300773,-1.5709464133661797,2.737883336707555,1.5078786698260118e-05,0.00019189857511014267,3.293400660580915e-05,6.236142640390178e-05,0.0001732850506681581,-0.00012183004007595722,-0.00021344819465204663,-8.033659849801964,-6.268194844943513,-0.962602525743322,-3.9118956822138834e-05,-3.108234232377446e-07,28.0,28.0,14.0,6.0,6.0,6.0
0.8592415021341298,1.0,4.220539689194606e-05,9.026549822537318e-05,-0.3499427809874881,0.00011962949350371266,0.22381006344904975,-0.3499427809874881,0.00011962949350371266,0.22381006344904975,-0.34993840686650773,0.00014540724765596638,0.22384319455200938,-0.3270934263812464,-1.4200108687030237,1.235966682434082,-1.385949436818258,-1.5710623900042933,2.7379610538482666,0.0,0.0,-2.3968450477696024e-05,0.0001917476038215682,0.0,0.0,-0.32706903675014665,-1.4197505375463009,1.2358606870322755,-1.3857510984211665,-1.5709457063692525,2.7378828609274817,1.6683893800231262e-05,0.00019507107690379966,2.76677398015228e-05,7.010222766250197e-05,0.00017674923182564516,-0.00011894501831972053,-0.00021344819465204663,-8.033659849801964,-6.268194844943513,-0.962602525743322,-3.9118956822138834e-05,-3.108234232377446e-07,28.0,28.0,14.0,6.0,6.0,6.0
0.8637485481523912,1.0,4.220539689194606e-05,9.026549822537318e-05,-0.3499427809874881,0.00011962949350371266,0.22381006344904975,-0.3499427809874881,0.00011962949350371266,0.22381006344904975,-0.34993840686650773,0.00014540724765596638,0.22384319455200938,-0.3270934263812464,-1.4200108687030237,1.235966682434082,-1.385949436818258,-1.5710623900042933,2.7379610538482666,0.0,0.0,-2.3968450477696024e-05,0.0001917476038215682,0.0,0.0,-0.32706896397936874,-1.4197497453333865,1.2358607779020716,-1.3857507889068432,-1.570944986347004,2.73788239599509,1.8192694476084138e-05,0.00019805322858983723,2.2717449005493637e-05,7.737858084558615e-05,0.00018000556211368297,-0.00011623309786885803,-0.00021344819465204663,-8.033659849801964,-6.268194844943513,-0.962602525743322,-3.9118956822138834e-05,-3.108234232377446e-07,28.0,28.0,14.0,6.0,6.0,6.0
0.8677485481523912,1.0,4.21417349833895e-05,8.513336079298078e-05,-0.3499427809874881,0.00011962949350371266,0.22381006344904975,-0.3499427809874881,0.00011962949350371266,0.22381006344904975,-0.34993200679102,0.00012654758630507686,0.22385021295103755,-0.3270457426654261,-1.4200227896319788,1.2359423637390137,-1.3859012762652796,-1.5710623900042933,2.7379491329193115,0.0,0.0,-2.3968450477696024e-05,0.0001917476038215682,0.0,0.0,-0.3270689129543714,-1.4197489417028475,1.235860874745782,-1.3857504905574558,-1.5709442540612528,2.7378819825048577,1.2756249334880265e-05,0.00020090763477253158,2.421092760030973e-05,7.458734686511002e-05,0.0001830714378024893,-0.00010337255811794577,-0.0007482730758504796,-8.03303660176238,-6.2679726875881,-0.9625853683757435,-5.141884537448095e-05,4.5825652921822484e-07,28.0,28.0,14.0,6.0,6.0,6.0
0.872795822149143,1.0,4.21417349833895e-05,8.513336079298078e-05,-0.3499427809874881,0.00011962949350371266,0.22381006344904975,-0.3499427809874881,0.00011962949350371266,0.22381006344904975,-0.34993200679102,0.00012654758630507686,0.22385021295103755,-0.3270457426654261,-1.4200227896319788,1.2359423637390137,-1.3859012762652796,-1.5710623900042933,2.7379491329193115,0.0,0.0,-2.3968450477696024e-05,0.0001917476038215682,0.0,0.0,-0.3270688823704078,-1.4197481273397412,1.235860977204972,-1.3857502027031081,-1.570943510247809,2.7378816173702547,7.645990902148624e-06,0.00020359077658426426,2.5614797479436856e-05,7.196358692346246e-05,0.00018595336094996725,-9.128365075208823e-05,-0.0007482730758504796,-8.03303660176238,-6.2679726875881,-0.9625853683757435,-5.141884537448095e-05,4.5825652921822484e-07,28.0,28.0,14.0,6.0,6.0,6.0
0.876795822149143,1.0,4.21417349833895e-05,8.513336079298078e-05,-0.3499427809874881,0.00011962949350371266,0.22381006344904975,-0.3499427809874881,0.00011962949350371266,0.22381006344904975,-0.34993200679102,0.00012654758630507686,0.22385021295103755,-0.3270457426654261,-1.4200227896319788,1.2359423637390137,-1.3859012762652796,-1.5710623900042933,2.7379491329193115,0.0,0.0,-2.3968450477696024e-05,0.0001917476038215682,0.0,0.0,-0.3270688710010159,-1.4197473028880216,1.2358610849427127,-1.3857499247140979,-1.5709427555983342,2.7378812976899436,2.842347975380882e-06,0.00020611292988729297,2.6934435165816355e-05,6.949725257831375e-05,0.0001886623687085965,-7.992007782818215e-05,-0.0007482730758504796,-8.03303660176238,-6.2679726875881,-0.9625853683757435,-5.141884537448095e-05,4.5825652921822484e-07,28.0,28.0,14.0,6.0,6.0,6.0
0.8821909791498914,1.0,4.4564390642017746e-05,6.587507930459272e-05,-0.3499427809874881,0.00011962949350371266,0.22381006344904975,-0.3499427809874881,0.00011962949350371266,0.22381006344904975,-0.3499422222978305,0.00014563972563754477,0.22384624549713308,-0.32710534731020147,-1.4199865500079554,1.2359185218811035,-1.3859131971942347,-1.571038548146383,2.7379369735717773,0.0,0.0,-2.3968450477696024e-05,0.00016777915880084038,0.0,0.0,-0.3270688348232195,-1.4197464856523534,1.235861206559073,-1.3857496499049324,-1.5709420182465657,2.737881008948962,9.044449091902968e-06,0.00020430891707706836,3.0404090103212003e-05,6.870229138155623e-05,0.00018433794212899347,-7.218524544187017e-05,0.0001676832931196701,-8.03417949160775,-6.268101662440443,-0.9625831222024909,-3.3514664416562924e-05,-1.5391173494863132e-07,28.0,28.0,14.0,6.0,6.0,6.0
0.8861909791498914,1.0,4.4564390642017746e-05,6.587507930459272e-05,-0.3499427809874881,0.00011962949350371266,0.22381006344904975,-0.3499427809874881,0.00011962949350371266,0.22381006344904975,-0.3499422222978305,0.00014563972563754477,0.22384624549713308,-0.32710534731020147,-1.4199865500079554,1.2359185218811035,-1.3859131971942347,-1.571038548146383,2.7379369735717773,0.0,0.0,-2.3968450477696024e-05,0.00016777915880084038,0.0,0.0,-0.327068775325523,-1.4197456751997732,1.235861341221336,-1.385749378084821,-1.570941297154641,2.73788074929095,1.487442414143373e-05,0.00020261314503545723,3.366556574436391e-05,6.795502785660417e-05,0.0001802729811441666,-6.49145029987369e-05,0.0001676832931196701,-8.03417949160775,-6.268101662440443,-0.9625831222024909,-3.3514664416562924e-05,-1.5391173494863132e-07,28.0,28.0,14.0,6.0,6.0,6.0
0.8907562031722631,1.0,4.4564390642017746e-05,6.587507930459272e-05,-0.3499427809874881,0.00011962949350371266,0.22381006344904975,-0.3499427809874881,0.00011962949350371266,0.22381006344904975,-0.3499422222978305,0.00014563972563754477,0.22384624549713308,-0.32710534731020147,-1.4199865500079554,1.2359185218811035,-1.3859131971942347,-1.571038548146383,2.7379369735717773,0.0,0.0,-2.3968450477696024e-05,0.00016777915880084038,0.0,0.0,-0.32706869390712023,-1.419744871123296,1.2358614881467473,-1.3857491090744203,-1.5709405913469698,2.7378805169709293,2.0354600687992645e-05,0.00020101911931634278,3.6731352847046704e-05,6.725260014314923e-05,0.00017645191781842935,-5.8080005102191625e-05,0.0001676832931196701,-8.03417949160775,-6.268101662440443,-0.9625831222024909,-3.3514664416562924e-05,-1.5391173494863132e-07,28.0,28.0,14.0,6.0,6.0,6.0
0.8947562031722631,1.0,4.3092401138927326e-05,0.00010009666676375953,-0.3499427809874881,0.00011962949350371266,0.22381006344904975,-0.3499427809874881,0.00011962949350371266,0.22381006344904975,-0.3499375963910906,0.00014096010937564242,0.22384714551779783,-0.3270815054522913,-1.4200227896319788,1.235966682434082,-1.385949436818258,-1.5710623900042933,2.7379729747772217,0.0,0.0,-2.3968450477696024e-05,0.00016777915880084038,0.0,0.0,-0.327068614193807,-1.4197440432652988,1.2358616027728422,-1.3857488006558751,-1.5709398724366817,2.737880274031991,1.992832830617312e-05,0.0002069644992943011,2.865652371682183e-05,7.710463629352655e-05,0.0001797275720675336,-6.073473455315669e-05,-0.00043326675638895936,-8.03313976714186,-6.268085347537534,-0.9625881682389208,-4.2195204651518156e-05,-3.108744164008644e-07,28.0,28.0,14.0,6.0,6.0,6.0
0.899619444190292,1.0,4.3092401138927326e-05,0.00010009666676375953,-0.3499427809874881,0.00011962949350371266,0.22381006344904975,-0.3499427809874881,0.00011962949350371266,0.22381006344904975,-0.3499375963910906,0.00014096010937564242,0.22384714551779783,-0.3270815054522913,-1.4200227896319788,1.235966682434082,-1.385949436818258,-1.5710623900042933,2.7379729747772217,0.0,0.0,-2.3968450477696024e-05,0.00016777915880084038,0.0,0.0,-0.32706853608327796,-1.419743193052673,1.2358616870375796,-1.385748455193674,-1.5709391412099334,2.73788002111127,1.9527632267262768e-05,0.00021255315647358193,2.106618433441045e-05,8.636555027488122e-05,0.00018280668706169162,-6.323018023706384e-05,-0.00043326675638895936,-8.03313976714186,-6.268085347537534,-0.9625881682389208,-4.2195204651518156e-05,-3.108744164008644e-07,28.0,28.0,14.0,6.0,6.0,6.0
0.903619444190292,1.0,4.480244906020317e-05,9.780550575032641e-05,-0.3499427809874881,0.00011962949350371266,0.22381006344904975,-0.3499427809874881,0.00011962949350371266,0.22381006344904975,-0.34994308900785087,0.00014961292716656943,0.22384335246031523,-0.3270934263812464,-1.4199746290790003,1.2359185218811035,-1.385925594960348,-1.5710743109332483,2.737889051437378,0.0,0.0,-2.3968450477696024e-05,0.00016777915880084038,0.0,0.0,-0.32706845690516506,-1.4197423643302982,1.2358617933703029,-1.3857481104604346,-1.5709383846859688,2.7378798443284156,1.979452821970693e-05,0.00020718059368309144,2.658318081352458e-05,8.61833098605033e-05,0.0001891309911487067,-4.4195713601023466e-05,-9.475347477143788e-05,-8.034491565064714,-6.2681858070317364,-0.962591786236822,-4.037777669239925e-05,6.182030200504812e-07,28.0,28.0,14.0,6.0,6.0,6.0
0.9089184281944767,1.0,4.480244906020317e-05,9.780550575032641e-05,-0.3499427809874881,0.00011962949350371266,0.22381006344904975,-0.3499427809874881,0.00011962949350371266,0.22381006344904975,-0.34994308900785087,0.00014961292716656943,0.22384335246031523,-0.3270934263812464,-1.4199746290790003,1.2359185218811035,-1.385925594960348,-1.5710743109332483,2.737889051437378,0.0,0.0,-2.3968450477696024e-05,0.00016777915880084038,0.0,0.0,-0.3270683767235234,-1.4197415558087596,1.235861920446933,-1.3857477664124191,-1.5709376043826209,2.7378797391151557,2.0045410415004443e-05,0.00020213038466003035,3.176915750389187e-05,8.601200387098806e-05,0.00019507583699050087,-2.630331496314551e-05,-9.475347477143788e-05,-8.034491565064714,-6.2681858070317364,-0.962591786236822,-4.037777669239925e-05,6.182030200504812e-07,28.0,28.0,14.0,6.0,6.0,6.0
0.9129184281944767,1.0,4.480244906020317e-05,9.780550575032641e-05,-0.3499427809874881,0.00011962949350371266,0.22381006344904975,-0.3499427809874881,0.00011962949350371266,0.22381006344904975,-0.34994308900785087,0.00014961292716656943,0.22384335246031523,-0.3270934263812464,-1.4199746290790003,1.2359185218811035,-1.385925594960348,-1.5710743109332483,2.737889051437378,0.0,0.0,-2.3968450477696024e-05,0.00016777915880084038,0.0,0.0,-0.3270682955985647,-1.4197407662760069,1.2358620670228353,-1.3857474230085143,-1.5709368017266525,2.737879701177315,2.0281239678584106e-05,0.00019738318817835295,3.6643975592837115e-05,8.585097624084374e-05,0.0002006639920817874,-9.484460243540229e-06,-9.475347477143788e-05,-8.034491565064714,-6.2681858070317364,-0.962591786236822,-4.037777669239925e-05,6.182030200504812e-07,28.0,28.0,14.0,6.0,6.0,6.0
0.9175026491892062,1.0,4.480244906020317e-05,9.780550575032641e-05,-0.3499427809874881,0.00011962949350371266,0.22381006344904975,-0.3499427809874881,0.00011962949350371266,0.22381006344904975,-0.34994308900785087,0.00014961292716656943,0.22384335246031523,-0.3270934263812464,-1.4199746290790003,1.2359185218811035,-1.385925594960348,-1.5710743109332483,2.737889051437378,0.0,0.0,-2.3968450477696024e-05,0.00016777915880084038,0.0,0.0,-0.327068213586888,-1.419739994592713,1.2358622319280537,-1.3857470802100733,-1.5709359780592211,2.7378797264783676,2.050291918634899e-05,0.00019292082348557619,4.122630459644565e-05,8.569961026850807e-05,0.00020591685786759673,6.3252631928887355e-06,-9.475347477143788e-05,-8.034491565064714,-6.2681858070317364,-0.962591786236822,-4.037777669239925e-05,6.182030200504812e-07,28.0,28.0,14.0,6.0,6.0,6.0
0.9215026491892062,1.0,2.9029408002584557e-05,0.00010753750438896943,-0.3499427809874881,0.00011962949350371266,0.22381006344904975,-0.3499427809874881,0.00011962949350371266,0.22381006344904975,-0.34993618176572927,0.00014048017337590192,0.22382915286889493,-0.3270815054522913,-1.4199746290790003,1.235966682434082,-1.385925594960348,-1.5710623900042933,2.737853527069092,0.0,0.0,-2.3968450477696024e-05,0.00016777915880084038,0.0,-0.010402307845652103,-0.32706813329207113,-1.4197392639213746,1.2358624260960889,-1.3857467812483502,-1.5709351483638445,2.7378793640180596,2.0073704215642172e-05,0.00018266783455796876,4.854200882170278e-05,7.474043076359338e-05,0.00020742384413030722,-9.06150769961288e-05,-5.906486275570291e-06,-8.035215088788554,-6.268500632869992,-0.9626418702681567,-4.218868811891013e-05,2.35996352981769e-05,28.0,28.0,14.0,6.0,6.0,6.0
0.9265772311936602,1.0,2.9029408002584557e-05,0.00010753750438896943,-0.3499427809874881,0.00011962949350371266,0.22381006344904975,-0.3499427809874881,0.00011962949350371266,0.22381006344904975,-0.34993618176572927,0.00014048017337590192,0.22382915286889493,-0.3270815054522913,-1.4199746290790003,1.235966682434082,-1.385925594960348,-1.5710623900042933,2.737853527069092,0.0,0.0,-2.3968450477696024e-05,0.00016777915880084038,0.0,-0.010402307845652103,-0.32706805461110255,-1.4197385718012747,1.235862647771172,-1.385746523493142,-1.5709343130021995,2.7378786370620727,1.9670242143177765e-05,0.00017303002496601777,5.541877079344448e-05,6.443880202897357e-05,0.00020884041121725508,-0.00018173899677380523,-5.906486275570291e-06,-8.035215088788554,-6.268500632869992,-0.9626418702681567,-4.218868811891013e-05,2.35996352981769e-05,28.0,28.0,14.0,6.0,6.0,6.0
0.9305772311936602,1.0,3.341316997367713e-05,0.00011538732241626475,-0.3499427809874881,0.00011962949350371266,0.22381006344904975,-0.3499427809874881,0.00011962949350371266,0.22381006344904975,-0.34993736910837986,0.00014350010944863905,0.22383280867243,-0.3270815054522913,-1.4199746290790003,1.2359542846679688,-1.385925594960348,-1.5710743109332483,2.737853527069092,0.0,0.0,-2.3968450477696024e-05,0.00016777915880084038,0.0,-0.007190535310655832,-0.3270679817443511,-1.4197379112138597,1.2358628940051712,-1.3857462936009042,-1.5709334585861827,2.737877717348544,1.821668786363371e-05,0.00016514685374030617,6.155849982511074e-05,5.747305947181125e-05,0.00021360400423231732,-0.00022992838220119318,-0.00010604968390642627,-8.035018881798587,-6.268419395112611,-0.9626292467103637,-4.345201598688185e-05,1.6693002708395975e-05,28.0,28.0,14.0,6.0,6.0,6.0
0.9357408621881627,1.0,3.341316997367713e-05,0.00011538732241626475,-0.3499427809874881,0.00011962949350371266,0.22381006344904975,-0.3499427809874881,0.00011962949350371266,0.22381006344904975,-0.34993736910837986,0.00014350010944863905,0.22383280867243,-0.3270815054522913,-1.4199746290790003,1.2359542846679688,-1.385925594960348,-1.5710743109332483,2.737853527069092,0.0,0.0,-2.3968450477696024e-05,0.00016777915880084038,0.0,-0.007190535310655832,-0.32706791434296373,-1.4197372802671686,1.2358631633245516,-1.3857460898998584,-1.570932586259056,2.7378766164429256,1.6850346840862298e-05,0.00015773667278813728,6.732984511487701e-05,5.0925261468078665e-05,0.0002180817816664758,-0.0002752264045029378,-0.00010604968390642627,-8.035018881798587,-6.268419395112611,-0.9626292467103637,-4.345201598688185e-05,1.6693002708395975e-05,28.0,28.0,14.0,6.0,6.0,6.0
0.9397408621881627,1.0,3.341316997367713e-05,0.00011538732241626475,-0.3499427809874881,0.00011962949350371266,0.22381006344904975,-0.3499427809874881,0.00011962949350371266,0.22381006344904975,-0.34993736910837986,0.00014350010944863905,0.22383280867243,-0.3270815054522913,-1.4199746290790003,1.2359542846679688,-1.385925594960348,-1.5710743109332483,2.737853527069092,0.0,0.0,-2.3968450477696024e-05,0.00016777915880084038,0.0,-0.007190535310655832,-0.3270678520790186,-1.4197366771827578,1.2358634543441904,-1.385745910818533,-1.570931697095486,2.737875345216744,1.556598627945717e-05,0.00015077110269309853,7.275490968725731e-05,4.4770331344570034e-05,0.0002222908924545848,-0.00031780654546657773,-0.00010604968390642627,-8.035018881798587,-6.268419395112611,-0.9626292467103637,-4.345201598688185e-05,1.6693002708395975e-05,28.0,28.0,14.0,6.0,6.0,6.0
0.9446017281881072,1.0,4.257105145929785e-05,0.00018607499282766014,-0.3499427809874881,0.00011962949350371266,0.22381006344904975,-0.3499427809874881,0.00011962949350371266,0.22381006344904975,-0.3499401938618189,0.00013728078126593122,0.22384871617525964,-0.3270457426654261,-1.4199984709369105,1.2359304428100586,-1.3859370390521448,-1.5710986296283167,2.7378416061401367,0.0,0.0,-2.3968450477696024e-05,0.00016777915880084038,0.0,-0.0038109836168587208,-0.3270678239829531,-1.4197360586957948,1.2358637329280158,-1.3857456955437462,-1.570930764086395,2.7378741017038783,7.0240163816673265e-06,0.0001546217407522145,6.964595636085372e-05,5.3818696736485176e-05,0.00023325227277974935,-0.00031087821634436967,-0.0009212732597270186,-8.033467931465996,-6.268049285311688,-0.9625816062223298,-5.525708459143656e-05,1.0040654126319043e-05,28.0,28.0,14.0,6.0,6.0,6.0
0.9486017281881072,1.0,4.257105145929785e-05,0.00018607499282766014,-0.3499427809874881,0.00011962949350371266,0.22381006344904975,-0.3499427809874881,0.00011962949350371266,0.22381006344904975,-0.3499401938618189,0.00013728078126593122,0.22384871617525964,-0.3270457426654261,-1.4199984709369105,1.2359304428100586,-1.3859370390521448,-1.5710986296283167,2.7378416061401367,0.0,0.0,-2.3968450477696024e-05,0.00016777915880084038,0.0,-0.0038109836168587208,-0.32706782800469436,-1.4197354257304327,1.2358639998221768,-1.3857454462471053,-1.5709297898625139,2.7378728842415305,-1.0054353222551295e-06,0.00015824134052778353,6.672354023403435e-05,6.23241602048854e-05,0.000243555970285404,-0.000304365586969494,-0.0009212732597270186,-8.033467931465996,-6.268049285311688,-0.9625816062223298,-5.525708459143656e-05,1.0040654126319043e-05,28.0,28.0,14.0,6.0,6.0,6.0
0.9534447841863152,1.0,4.257105145929785e-05,0.00018607499282766014,-0.3499427809874881,0.00011962949350371266,0.22381006344904975,-0.3499427809874881,0.00011962949350371266,0.22381006344904975,-0.3499401938618189,0.00013728078126593122,0.22384871617525964,-0.3270457426654261,-1.4199984709369105,1.2359304428100586,-1.3859370390521448,-1.5710986296283167,2.7378416061401367,0.0,0.0,-2.3968450477696024e-05,0.00016777915880084038,0.0,-0.0038109836168587208,-0.32706786221717404,-1.4197347791553754,1.235864255728053,-1.3857451649699217,-1.5709287768967302,2.737871691266669,-8.553119923942238e-06,0.0001616437643168184,6.397646907482415e-05,7.031929586518163e-05,0.0002532414459407194,-0.00029824371535711096,-0.0009212732597270186,-8.033467931465996,-6.268049285311688,-0.9625816062223298,-5.525708459143656e-05,1.0040654126319043e-05,28.0,28.0,14.0,6.0,6.0,6.0
0.9574447841863152,1.0,3.8434275289604675e-05,0.00010255727200207896,-0.3499427809874881,0.00011962949350371266,0.22381006344904975,-0.3499427809874881,0.00011962949350371266,0.22381006344904975,-0.3499463431146308,0.00014024850120728096,0.2238423025757218,-0.3270934263812464,-1.4199865500079554,1.2359423637390137,-1.385949436818258,-1.571026627217428,2.737865447998047,0.0,0.0,-2.3968450477696024e-05,0.00014381069922819734,0.0,-0.002588592702522874,-0.3270678714447674,-1.419734120313546,1.235864489684024,-1.3857448558113454,-1.5709278104545956,2.737870550947972,-2.3068983455770972e-06,0.00016471045731969813,5.848899273758135e-05,7.728964406890094e-05,0.00024161053362358834,-0.000285079674157529,5.917660135058605e-05,-8.034177652577256,-6.268210477354729,-0.9625932714756603,-3.532789927422252e-05,6.489211319876515e-06,28.0,28.0,14.0,6.0,6.0,6.0
0.9625478621877268,1.0,3.8434275289604675e-05,0.00010255727200207896,-0.3499427809874881,0.00011962949350371266,0.22381006344904975,-0.3499427809874881,0.00011962949350371266,0.22381006344904975,-0.3499463431146308,0.00014024850120728096,0.2238423025757218,-0.3270934263812464,-1.4199865500079554,1.2359423637390137,-1.385949436818258,-1.571026627217428,2.737865447998047,0.0,0.0,-2.3968450477696024e-05,0.00014381069922819734,0.0,-0.002588592702522874,-0.32706785718656767,-1.419733449940951,1.235864703007084,-1.38574452044426,-1.5709268877446914,2.7378694601260705,3.564549938086135e-06,0.00016759314874240506,5.3330764980573115e-05,8.38417713803971e-05,0.00023067747604548514,-0.000272705475429922,5.917660135058605e-05,-8.034177652577256,-6.268210477354729,-0.9625932714756603,-3.532789927422252e-05,6.489211319876515e-06,28.0,28.0,14.0,6.0,6.0,6.0
0.9665478621877268,1.0,3.411357865930771e-05,0.00013405096546246424,-0.3499427809874881,0.00011962949350371266,0.22381006344904975,-0.3499427809874881,0.00011962949350371266,0.22381006344904975,-0.3499399255185501,0.0001443674156019688,0.22383337906090853,-0.3270815054522913,-1.4199507872210901,1.2359185218811035,-1.3859012762652796,-1.5710743109332483,2.7378296852111816,0.0,0.0,-2.3968450477696024e-05,0.00014381069922819734,0.0,-0.0019414444686844945,-0.3270678448711948,-1.4197328301551393,1.2358649726320365,-1.3857442439023753,-1.5709259512212201,2.7378684778063604,3.0788432207667585e-06,0.00015494645291889582,6.740623814237321e-05,6.913547120560098e-05,0.00023413086778903435,-0.0002455799274678933,3.795490748422685e-05,-8.035571652139867,-6.26839119619372,-0.9626193531911035,-4.344916977638446e-05,5.713000283510069e-06,28.0,28.0,14.0,6.0,6.0,6.0
0.9709848571778279,1.0,3.411357865930771e-05,0.00013405096546246424,-0.3499427809874881,0.00011962949350371266,0.22381006344904975,-0.3499427809874881,0.00011962949350371266,0.22381006344904975,-0.3499399255185501,0.0001443674156019688,0.22383337906090853,-0.3270815054522913,-1.4199507872210901,1.2359185218811035,-1.3859012762652796,-1.5710743109332483,2.7378296852111816,0.0,0.0,-2.3968450477696024e-05,0.00014381069922819734,0.0,-0.0019414444686844945,-0.32706783438207915,-1.419732257920904,1.2358652951807683,-1.385744022656179,-1.570925001712996,2.737867597478711,2.622278906486545e-06,0.00014305855884479712,8.063718291446529e-05,5.5311549041292634e-05,0.00023737705602797063,-0.00022008191238358633,3.795490748422685e-05,-8.035571652139867,-6.26839119619372,-0.9626193531911035,-4.344916977638446e-05,5.713000283510069e-06,28.0,28.0,14.0,6.0,6.0,6.0
0.9749848571778279,1.0,3.411357865930771e-05,0.00013405096546246424,-0.3499427809874881,0.00011962949350371266,0.22381006344904975,-0.3499427809874881,0.00011962949350371266,0.22381006344904975,-0.3499399255185501,0.0001443674156019688,0.22383337906090853,-0.3270815054522913,-1.4199507872210901,1.2359185218811035,-1.3859012762652796,-1.5710743109332483,2.7378296852111816,0.0,0.0,-2.3968450477696024e-05,0.00014381069922819734,0.0,-0.0019414444686844945,-0.32706782560964537,-1.4197317303851502,1.2358656674778523,-1.3857438533879303,-1.5709240399991042,2.737866813023598,2.193108451063144e-06,0.00013188393841514435,9.307427100023185e-05,4.2317062206842794e-05,0.00024042847297257072,-0.00019611377820433781,3.795490748422685e-05,-8.035571652139867,-6.26839119619372,-0.9626193531911035,-4.344916977638446e-05,5.713000283510069e-06,28.0,28.0,14.0,6.0,6.0,6.0
0.9798718431671154,1.0,3.411357865930771e-05,0.00013405096546246424,-0.3499427809874881,0.00011962949350371266,0.22381006344904975,-0.3499427809874881,0.00011962949350371266,0.22381006344904975,-0.3499399255185501,0.0001443674156019688,0.22383337906090853,-0.3270815054522913,-1.4199507872210901,1.2359185218811035,-1.3859012762652796,-1.5710743109332483,2.7378296852111816,0.0,0.0,-2.3968450477696024e-05,0.00014381069922819734,0.0,-0.0019414444686844945,-0.3270678184508925,-1.4197312448659694,1.2358660865383875,-1.385743732978952,-1.5709230668118845,2.73786611868867,1.789688222965147e-06,0.00012137979521127074,0.00010476513380085241,3.010224458245994e-05,0.0002432968049004948,-0.00017358373207584422,3.795490748422685e-05,-8.035571652139867,-6.26839119619372,-0.9626193531911035,-4.344916977638446e-05,5.713000283510069e-06,28.0,28.0,14.0,6.0,6.0,6.0
0.9838718431671154,1.0,3.072433153561983e-05,0.00012915138235030914,-0.3499427809874881,0.00011962949350371266,0.22381006344904975,-0.3499427809874881,0.00011962949350371266,0.22381006344904975,-0.3499411622894488,0.0001421699017766236,0.22383087917291078,-0.3270815054522913,-1.4199507872210901,1.2359304428100586,-1.3859131971942347,-1.5710623900042933,2.7378296852111816,0.0,0.0,-2.3968450477696024e-05,0.00014381069922819734,0.0,-0.0015579493483528495,-0.32706780851350375,-1.4197307967827026,1.235866540289773,-1.3857436512903192,-1.5709220965683512,2.73786553176989,2.4843471899109903e-06,0.00011202081665853797,0.0001134378463908448,2.0422158176219656e-05,0.00024256088330399276,-0.0001467296949937116,0.00010342878696001358,-8.035653685247397,-6.268457561818654,-0.9626277938260843,-4.218656596063222e-05,4.888330258001894e-06,28.0,28.0,14.0,6.0,6.0,6.0
0.9882993391617205,1.0,3.072433153561983e-05,0.00012915138235030914,-0.3499427809874881,0.00011962949350371266,0.22381006344904975,-0.3499427809874881,0.00011962949350371266,0.22381006344904975,-0.3499411622894488,0.0001421699017766236,0.22383087917291078,-0.3270815054522913,-1.4199507872210901,1.2359304428100586,-1.3859131971942347,-1.5710623900042933,2.7378296852111816,0.0,0.0,-2.3968450477696024e-05,0.00014381069922819734,0.0,-0.0015579493483528495,-0.32706779596419727,-1.4197303838891953,1.235867026650558,-1.3857436059988113,-1.5709211290918832,2.7378650458222897,3.1373266188400833e-06,0.00010322337681896916,0.00012159019622543764,1.1322876954353786e-05,0.00024186911700328084,-0.00012148690013650694,0.00010342878696001358,-8.035653685247397,-6.268457561818654,-0.9626277938260843,-4.218656596063222e-05,4.888330258001894e-06,28.0,28.0,14.0,6.0,6.0,6.0
0.9922993391617205,1.0,2.7823274625641754e-05,0.00013831746019385297,-0.3499427809874881,0.00011962949350371266,0.22381006344904975,-0.3499427809874881,0.00011962949350371266,0.22381006344904975,-0.3499416682835235,0.00012876301489573842,0.2238363213104966,-0.32705766359438115,-1.4199746290790003,1.2359423637390137,-1.385925594960348,-1.571038548146383,2.7378416061401367,0.0,0.0,-2.3968450477696024e-05,0.00014381069922819734,0.0,-0.001318264752626419,-0.3270677860859638,-1.4197299731370439,1.235867510925636,-1.3857435651156569,-1.5709201916647262,2.7378646748992512,2.4695583632485795e-06,0.00010268803784735976,0.00012106876951957645,1.0220788611583688e-05,0.00023435678924574145,-9.273075966103727e-05,-0.0002134950175484968,-8.034705640596833,-6.2683229024852265,-0.9626152316648079,-4.581379331929211e-05,4.52664454518062e-06,28.0,28.0,14.0,6.0,6.0,6.0
0.9967577051818375,1.0,2.7823274625641754e-05,0.00013831746019385297,-0.3499427809874881,0.00011962949350371266,0.22381006344904975,-0.3499427809874881,0.00011962949350371266,0.22381006344904975,-0.3499416682835235,0.00012876301489573842,0.2238363213104966,-0.32705766359438115,-1.4199746290790003,1.2359423637390137,-1.385925594960348,-1.571038548146383,2.7378416061401367,0.0,0.0,-2.3968450477696024e-05,0.00014381069922819734,0.0,-0.001318264752626419,-0.327067778718539,-1.419729564397767,1.2358679932401497,-1.3857435283763546,-1.5709192824839215,2.737864412099301,1.8418562029925662e-06,0.00010218481921404692,0.00012057862841606694,9.184825569379793e-06,0.00022729520115365441,-6.569998761409578e-05,-0.0002134950175484968,-8.034705640596833,-6.2683229024852265,-0.9626152316648079,-4.581379331929211e-05,4.52664454518062e-06,28.0,28.0,14.0,6.0,6.0,6.0
1.0007577051818375,1.0,2.7823274625641754e-05,0.00013831746019385297,-0.3499427809874881,0.00011962949350371266,0.22381006344904975,-0.3499427809874881,0.00011962949350371266,0.22381006344904975,-0.3499416682835235,0.00012876301489573842,0.2238363213104966,-0.32705766359438115,-1.4199746290790003,1.2359423637390137,-1.385925594960348,-1.571038548146383,2.7378416061401367,0.0,0.0,-2.3968450477696024e-05,0.00014381069922819734,0.0,-0.001318264752626419,-0.32706777371127427,-1.4197291575505921,1.235868473711733,-1.3857434955322734,-1.570918399854688,2.7378642509350533,1.2518161723519136e-06,0.00010171179369873285,0.000120117895778768,8.211020309708135e-06,0.00022065730834709262,-4.029106188997078e-05,-0.0002134950175484968,-8.034705640596833,-6.2683229024852265,-0.9626152316648079,-4.581379331929211e-05,4.52664454518062e-06,28.0,28.0,14.0,6.0,6.0,6.0
1.0051341471788477,1.0,2.7823274625641754e-05,0.00013831746019385297,-0.3499427809874881,0.00011962949350371266,0.22381006344904975,-0.3499427809874881,0.00011962949350371266,0.22381006344904975,-0.3499416682835235,0.00012876301489573842,0.2238363213104966,-0.32705766359438115,-1.4199746290790003,1.2359423637390137,-1.385925594960348,-1.571038548146383,2.7378416061401367,0.0,0.0,-2.3968450477696024e-05,0.00014381069922819734,0.0,-0.001318264752626419,-0.3270677709225601,-1.4197287524819933,1.2358689524509614,-1.3857434663497,-1.5709175421839316,2.7378641853083665,6.971785435497002e-07,0.00010126714971433763,0.000119684807099707,7.2956433656167735e-06,0.00021441768910892452,-1.6406671709293275e-05,-0.0002134950175484968,-8.034705640596833,-6.2683229024852265,-0.9626152316648079,-4.581379331929211e-05,4.52664454518062e-06,28.0,28.0,14.0,6.0,6.0,6.0
1.0091341471788478,1.0,1.7830928750918613e-05,0.00010870585120942155,-0.3499427809874881,0.00011962949350371266,0.22381006344904975,-0.3499427809874881,0.00011962949350371266,0.22381006344904975,-0.34994489164134657,0.00013141161153260118,0.22382327968358018,-0.32706958452333623,-1.4199507872210901,1.235966682434082,-1.385949436818258,-1.571026627217428,2.737853527069092,0.0,0.0,-2.3968450477696024e-05,0.00014381069922819734,0.0,-0.0011265171924605966,-0.32706775906090574,-1.4197283738642528,1.2358694342534873,-1.3857434485249518,-1.5709167217065312,2.7378642023830055,2.9654135940917896e-06,9.465443514336746e-05,0.00012045063147109021,4.456187053927228e-06,0.00020511935011336918,4.268659777241891e-06,0.00016968950690634749,-8.035853278953535,-6.26865643864725,-0.9626544911314199,-4.1473668873129803e-05,3.8067635383754217e-06,28.0,28.0,14.0,6.0,6.0,6.0
1.013346739179688,1.0,1.7830928750918613e-05,0.00010870585120942155,-0.3499427809874881,0.00011962949350371266,0.22381006344904975,-0.3499427809874881,0.00011962949350371266,0.22381006344904975,-0.34994489164134657,0.00013141161153260118,0.22382327968358018,-0.32706958452333623,-1.4199507872210901,1.235966682434082,-1.385949436818258,-1.571026627217428,2.737853527069092,0.0,0.0,-2.3968450477696024e-05,0.00014381069922819734,0.0,-0.0011265171924605966,-0.32706773867068756,-1.419728020110319,1.235869918935513,-1.3857434413765592,-1.5709159361908853,2.737864297196891,5.097554541601354e-06,8.84384834466555e-05,0.00012117050638019043,1.787098120939053e-06,0.00019637891145754714,2.3703471374584937e-05,0.00016968950690634749,-8.035853278953535,-6.26865643864725,-0.9626544911314199,-4.1473668873129803e-05,3.8067635383754217e-06,28.0,28.0,14.0,6.0,6.0,6.0
1.017346739179688,1.0,4.584915371303422e-05,0.00010313233505563675,-0.3499427809874881,0.00011962949350371266,0.22381006344904975,-0.3499427809874881,0.00011962949350371266,0.22381006344904975,-0.34993044888712715,0.00014009014014876292,0.2238491968891714,-0.3270934263812464,-1.4200227896319788,1.2359423637390137,-1.3858893553363245,-1.5710504690753382,2.737853527069092,0.0,0.00036432043998502195,-2.3968450477696024e-05,0.00014381069922819734,0.0,-0.0009827064350247383,-0.3270677051391315,-1.4197276148052365,1.235870393162124,-1.3857434467865322,-1.5709151560946772,2.7378644496481885,8.382889014467398e-06,0.00010132627063765008,0.00011855665276384726,-1.3524932479090522e-06,0.00019502405203997248,3.811282430793551e-05,0.00037605361369442183,-8.035539337581067,-6.268870676216929,-0.962715905817617,-3.785026534181311e-05,3.189988796558046e-06,28.0,28.0,14.0,6.0,6.0,6.0
1.022205230190652,1.0,4.584915371303422e-05,0.00010313233505563675,-0.3499427809874881,0.00011962949350371266,0.22381006344904975,-0.3499427809874881,0.00011962949350371266,0.22381006344904975,-0.34993044888712715,0.00014009014014876292,0.2238491968891714,-0.3270934263812464,-1.4200227896319788,1.2359423637390137,-1.3858893553363245,-1.5710504690753382,2.737853527069092,0.0,0.00036432043998502195,-2.3968450477696024e-05,0.00014381069922819734,0.0,-0.0009827064350247383,-0.32706765925471787,-1.419727161042074,1.2358708575606454,-1.3857434640013686,-1.5709143810927404,2.737864656278653,1.1471103418961479e-05,0.00011344079059718498,0.00011609963036448466,-4.303709134626271e-06,0.00019375048418745228,5.1657616065285046e-05,0.00037605361369442183,-8.035539337581067,-6.268870676216929,-0.962715905817617,-3.785026534181311e-05,3.189988796558046e-06,28.0,28.0,14.0,6.0,6.0,6.0
1.026205230190652,1.0,4.584915371303422e-05,0.00010313233505563675,-0.3499427809874881,0.00011962949350371266,0.22381006344904975,-0.3499427809874881,0.00011962949350371266,0.22381006344904975,-0.34993044888712715,0.00014009014014876292,0.2238491968891714,-0.3270934263812464,-1.4200227896319788,1.2359423637390137,-1.3858893553363245,-1.5710504690753382,2.737853527069092,0.0,0.00036432043998502195,-2.3968450477696024e-05,0.00014381069922819734,0.0,-0.0009827064350247383,-0.32706760175861804,-1.4197266617283166,1.2358713127207626,-1.385743492312777,-1.5709136108794188,2.737864913837534,1.4374024959185914e-05,0.00012482843935914778,0.00011379002930908384,-7.077852068140456e-06,0.0001925533304060833,6.438972031719362e-05,0.00037605361369442183,-8.035539337581067,-6.268870676216929,-0.962715905817617,-3.785026534181311e-05,3.189988796558046e-06,28.0,28.0,14.0,6.0,6.0,6.0
1.0310364131648098,1.0,4.584915371303422e-05,0.00010313233505563675,-0.3499427809874881,0.00011962949350371266,0.22381006344904975,-0.3499427809874881,0.00011962949350371266,0.22381006344904975,-0.34993044888712715,0.00014009014014876292,0.2238491968891714,-0.3270934263812464,-1.4200227896319788,1.2359423637390137,-1.3858893553363245,-1.5710504690753382,2.737853527069092,0.0,0.00036432043998502195,-2.3968450477696024e-05,0.00014381069922819734,0.0,-0.0009827064350247383,-0.3270675333475332,-1.419726119597,1.2358717591967798,-1.3857435310549626,-1.5709128451673955,2.7378652192691275,1.7102771206996884e-05,0.00013553282919539283,0.00011161900431700706,-9.685546425643788e-06,0.00019142800585159647,7.635789831398766e-05,0.00037605361369442183,-8.035539337581067,-6.268870676216929,-0.962715905817617,-3.785026534181311e-05,3.189988796558046e-06,28.0,28.0,14.0,6.0,6.0,6.0
1.0350364131648098,1.0,1.3395805543815556e-05,0.0001104046652732089,-0.3499427809874881,0.00011962949350371266,0.22381006344904975,-0.3499427809874881,0.00011962949350371266,0.22381006344904975,-0.34994380351164056,0.00013104245926588552,0.22381700219987657,-0.32706958452333623,-1.41992694536318,1.2359542846679688,-1.385925594960348,-1.571026627217428,2.737853527069092,0.0,0.00036432043998502195,-2.3968450477696024e-05,0.00014381069922819734,0.0,-0.0008868326549418271,-0.32706745976421847,-1.4197256268036988,1.235872247817011,-1.3857436226772286,-1.570912111131151,2.7378655966797982,1.8395828685973462e-05,0.00012319832525959203,0.0001221550577853573,-2.2905566520299976e-05,0.00018350906113539551,9.435266771966681e-05,0.0008969002563225096,-8.039006764167889,-6.269686415848945,-0.9628110251847529,-4.1465506670802885e-05,3.2916283663359444e-06,28.0,28.0,14.0,6.0,6.0,6.0
1.0392668151673865,1.0,1.3395805543815556e-05,0.0001104046652732089,-0.3499427809874881,0.00011962949350371266,0.22381006344904975,-0.3499427809874881,0.00011962949350371266,0.22381006344904975,-0.34994380351164056,0.00013104245926588552,0.22381700219987657,-0.32706958452333623,-1.41992694536318,1.2359542846679688,-1.385925594960348,-1.571026627217428,2.737853527069092,0.0,0.00036432043998502195,-2.3968450477696024e-05,0.00014381069922819734,0.0,-0.0008868326549418271,-0.3270673813190076,-1.4197251803881326,1.2358727760528032,-1.3857437640067702,-1.5709114068701386,2.7378660417508023,1.9611302716211445e-05,0.00011160389155993929,0.0001320589480456065,-3.533238540927679e-05,0.00017606525310216663,0.0001112677509610052,0.0008969002563225096,-8.039006764167889,-6.269686415848945,-0.9628110251847529,-4.1465506670802885e-05,3.2916283663359444e-06,28.0,28.0,14.0,6.0,6.0,6.0
1.0432668151673865,1.0,3.599041868416768e-05,0.00018891380012564526,-0.3499427809874881,0.00011962949350371266,0.22381006344904975,-0.3499427809874881,0.00011962949350371266,0.22381006344904975,-0.349939086404882,0.0001263321069455807,0.22384523069616233,-0.3270457426654261,-1.4199865500079554,1.2359185218811035,-1.3859012762652796,-1.5710504690753382,2.7378056049346924,0.0,0.00036432043998502195,-2.3968450477696024e-05,0.00014381069922819734,0.0,-0.0007909588748589158,-0.327067320625116,-1.4197247089822063,1.2358733052235613,-1.3857439025263,-1.5709107031350045,2.737866615376236,1.517347289898616e-05,0.00011785148157904851,0.00013229268954649404,-3.462988248815059e-05,0.00017593378356141622,0.0001434063584925345,8.21922123631066e-06,-8.036249629762029,-6.2689845304942455,-0.9627269154786627,-5.014846714614306e-05,4.011200965370173e-06,28.0,28.0,14.0,6.0,6.0,6.0
1.0476551291698128,1.0,3.599041868416768e-05,0.00018891380012564526,-0.3499427809874881,0.00011962949350371266,0.22381006344904975,-0.3499427809874881,0.00011962949350371266,0.22381006344904975,-0.349939086404882,0.0001263321069455807,0.22384523069616233,-0.3270457426654261,-1.4199865500079554,1.2359185218811035,-1.3859012762652796,-1.5710504690753382,2.7378056049346924,0.0,0.00036432043998502195,-2.3968450477696024e-05,0.00014381069922819734,0.0,-0.0007909588748589158,-0.32706727661746454,-1.4197242140853414,1.2358738352731875,-1.385744038404419,-1.5709099998941958,2.7378673098428346,1.1001912870794393e-05,0.0001237242161970112,0.00013251240655732832,-3.396952974229197e-05,0.00017581020219311082,0.00017361664957217204,8.21922123631066e-06,-8.036249629762029,-6.2689845304942455,-0.9627269154786627,-5.014846714614306e-05,4.011200965370173e-06,28.0,28.0,14.0,6.0,6.0,6.0
1.0516551291698129,1.0,3.599041868416768e-05,0.00018891380012564526,-0.3499427809874881,0.00011962949350371266,0.22381006344904975,-0.3499427809874881,0.00011962949350371266,0.22381006344904975,-0.349939086404882,0.0001263321069455807,0.22384523069616233,-0.3270457426654261,-1.4199865500079554,1.2359185218811035,-1.3859012762652796,-1.5710504690753382,2.7378056049346924,0.0,0.00036432043998502195,-2.3968450477696024e-05,0.00014381069922819734,0.0,-0.0007909588748589158,-0.32706724829487877,-1.4197236971069944,1.2358743661489497,-1.3857441717996117,-1.570909297118053,2.737868117900127,7.080646444294131e-06,0.0001292445867378961,0.00013271894054751255,-3.3348798161184864e-05,0.00017569403570690374,0.00020201432318703132,8.21922123631066e-06,-8.036249629762029,-6.2689845304942455,-0.9627269154786627,-5.014846714614306e-05,4.011200965370173e-06,28.0,28.0,14.0,6.0,6.0,6.0
1.056093311188743,1.0,3.599041868416768e-05,0.00018891380012564526,-0.3499427809874881,0.00011962949350371266,0.22381006344904975,-0.3499427809874881,0.00011962949350371266,0.22381006344904975,-0.349939086404882,0.0001263321069455807,0.22384523069616233,-0.3270457426654261,-1.4199865500079554,1.2359185218811035,-1.3859012762652796,-1.5710504690753382,2.7378056049346924,0.0,0.00036432043998502195,-2.3968450477696024e-05,0.00014381069922819734,0.0,-0.0007909588748589158,-0.32706723471625476,-1.4197231593720543,1.2358748978012797,-1.3857443028608536,-1.570908594778696,2.737869032732673,3.3946560033838847e-06,0.00013443373504632791,0.00013291308249828573,-3.2765310474944184e-05,0.00017558483920986908,0.00022870813638499904,8.21922123631066e-06,-8.036249629762029,-6.2689845304942455,-0.9627269154786627,-5.014846714614306e-05,4.011200965370173e-06,28.0,28.0,14.0,6.0,6.0,6.0
1.060093311188743,1.0,3.2223097443676364e-05,0.00012323241395845736,-0.3499427809874881,0.00011962949350371266,0.22381006344904975,-0.3499427809874881,0.00011962949350371266,0.22381006344904975,-0.3499454986681966,0.0001326795254829162,0.2238394000965367,-0.32705766359438115,-1.4199627081500452,1.2359185218811035,-1.385925594960348,-1.5710504690753382,2.737865447998047,0.0,0.0013614079216495156,-2.3968450477696024e-05,0.00011984225420746952,0.0,-0.0007190534961409867,-0.32706722806333116,-1.4197225656667658,1.2358754277202748,-1.3857444183741108,-1.5709078928584563,2.7378699756469556,1.663230904469061e-06,0.0001484263221062126,0.0001324797487728662,-2.887831428890215e-05,0.0001754800599165161,0.00023572857065122968,0.0016314165820346573,-8.043067501080843,-6.2715960446127506,-0.9631173101704811,-4.706126968372178e-05,2.9311783398320336e-06,28.0,28.0,14.0,6.0,6.0,6.0
1.0643165891848043,1.0,3.2223097443676364e-05,0.00012323241395845736,-0.3499427809874881,0.00011962949350371266,0.22381006344904975,-0.3499427809874881,0.00011962949350371266,0.22381006344904975,-0.3499454986681966,0.0001326795254829162,0.2238394000965367,-0.32705766359438115,-1.4199627081500452,1.2359185218811035,-1.385925594960348,-1.5710504690753382,2.737865447998047,0.0,0.0013614079216495156,-2.3968450477696024e-05,0.00011984225420746952,0.0,-0.0007190534961409867,-0.3270672279205659,-1.41972191934935,1.235875956009935,-1.3857445192722622,-1.5709071913321868,2.737870944958071,3.569131148912644e-08,0.00016157935394250423,0.00013207241507097185,-2.5224537874022642e-05,0.0001753815673807643,0.00024232777886148648,0.0016314165820346573,-8.043067501080843,-6.2715960446127506,-0.9631173101704811,-4.706126968372178e-05,2.9311783398320336e-06,28.0,28.0,14.0,6.0,6.0,6.0
1.0683165891848043,1.0,3.2223097443676364e-05,0.00012323241395845736,-0.3499427809874881,0.00011962949350371266,0.22381006344904975,-0.3499427809874881,0.00011962949350371266,0.22381006344904975,-0.3499454986681966,0.0001326795254829162,0.2238394000965367,-0.32705766359438115,-1.4199627081500452,1.2359185218811035,-1.385925594960348,-1.5710504690753382,2.737865447998047,0.0,0.0013614079216495156,-2.3968450477696024e-05,0.00011984225420746952,0.0,-0.0007190534961409867,-0.32706723389734954,-1.4197212235765344,1.2358764827680206,-1.3857446064322143,-1.5709064901762493,2.737871939082209,-1.494195905912012e-06,0.00017394320386861836,0.00013168952139119115,-2.17899880440359e-05,0.00017528898439715763,0.0002485310345791279,0.0016314165820346573,-8.043067501080843,-6.2715960446127506,-0.9631173101704811,-4.706126968372178e-05,2.9311783398320336e-06,28.0,28.0,14.0,6.0,6.0,6.0
1.0730397261965559,1.0,3.183860122904194e-05,0.00010486504353966008,-0.3499427809874881,0.00011962949350371266,0.22381006344904975,-0.3499427809874881,0.00011962949350371266,0.22381006344904975,-0.34994657091895215,0.00013459841212089526,0.22383790701963888,-0.32706958452333623,-1.4199507872210901,1.2359066009521484,-1.3859131971942347,-1.571038548146383,2.737865447998047,0.0,0.0013614079216495156,-2.3968450477696024e-05,0.00011984225420746952,0.0,-0.0006471481756307185,-0.32706723447324104,-1.4197204927995482,1.235877023260345,-1.3857446986443773,-1.5709058031017236,2.7378729574018963,-1.4397287547799868e-07,0.00018269424657982092,0.00013512308111573207,-2.305304077544946e-05,0.0001717686314323781,0.0002545799217732563,0.0019106080300330644,-8.04349288445561,-6.271628579702569,-0.9631194343783764,-4.272021893538438e-05,2.622747791811008e-06,28.0,28.0,14.0,6.0,6.0,6.0
1.0770397261965559,1.0,3.183860122904194e-05,0.00010486504353966008,-0.3499427809874881,0.00011962949350371266,0.22381006344904975,-0.3499427809874881,0.00011962949350371266,0.22381006344904975,-0.34994657091895215,0.00013459841212089526,0.22383790701963888,-0.32706958452333623,-1.4199507872210901,1.2359066009521484,-1.3859131971942347,-1.571038548146383,2.737865447998047,0.0,0.0013614079216495156,-2.3968450477696024e-05,0.00011984225420746952,0.0,-0.0006471481756307185,-0.3270672299722939,-1.4197197291186412,1.235877576662854,-1.3857447956056188,-1.570905129263725,2.7378739984653993,1.1252367731299737e-06,0.0001909202267283513,0.00013835062725680054,-2.424031034297821e-05,0.00016845949964548537,0.00026026587573573705,0.0019106080300330644,-8.04349288445561,-6.271628579702569,-0.9631194343783764,-4.272021893538438e-05,2.622747791811008e-06,28.0,28.0,14.0,6.0,6.0,6.0
1.0815918901951522,1.0,3.183860122904194e-05,0.00010486504353966008,-0.3499427809874881,0.00011962949350371266,0.22381006344904975,-0.3499427809874881,0.00011962949350371266,0.22381006344904975,-0.34994657091895215,0.00013459841212089526,0.22383790701963888,-0.32706958452333623,-1.4199507872210901,1.2359066009521484,-1.3859131971942347,-1.571038548146383,2.737865447998047,0.0,0.0013614079216495156,-2.3968450477696024e-05,0.00011984225420746952,0.0,-0.0006471481756307185,-0.32706722069911853,-1.419718934508049,1.2358781422009366,-1.3857448970309938,-1.570904467868062,2.737875060908089,2.3182938428214676e-06,0.0001986526480679699,0.0001413845206294049,-2.5356343736455233e-05,0.00016534891576580618,0.00026561067246046893,0.0019106080300330644,-8.04349288445561,-6.271628579702569,-0.9631194343783764,-4.272021893538438e-05,2.622747791811008e-06,28.0,28.0,14.0,6.0,6.0,6.0
1.0855918901951522,1.0,2.6492483175522738e-05,0.00014958833623048118,-0.3499427809874881,0.00011962949350371266,0.22381006344904975,-0.3499427809874881,0.00011962949350371266,0.22381006344904975,-0.34994126442785883,0.0001432665604652818,0.22382193108475154,-0.32706958452333623,-1.419938866292135,1.2359542846679688,-1.3859370390521448,-1.5710862318622034,2.7378296852111816,0.0,0.0013614079216495156,-2.3968450477696024e-05,0.00011984225420746952,0.0,-0.0005992112564854324,-0.3270672241114802,-1.4197181453569088,1.2358787325884864,-1.3857450227485137,-1.570903763252556,2.7378761697750136,-8.530904205914961e-07,0.00019728778502895478,0.00014759688740694296,-3.1429379967337996e-05,0.0001761538764976501,0.00027721673112363787,0.0018559726924349115,-8.04452610785061,-6.272020353281771,-0.9631720738415406,-4.7776795911362036e-05,2.9813454619794083e-06,28.0,28.0,14.0,6.0,6.0,6.0
1.0898151682203174,1.0,2.6492483175522738e-05,0.00014958833623048118,-0.3499427809874881,0.00011962949350371266,0.22381006344904975,-0.3499427809874881,0.00011962949350371266,0.22381006344904975,-0.34994126442785883,0.0001432665604652818,0.22382193108475154,-0.32706958452333623,-1.419938866292135,1.2359542846679688,-1.3859370390521448,-1.5710862318622034,2.7378296852111816,0.0,0.0013614079216495156,-2.3968450477696024e-05,0.00011984225420746952,0.0,-0.0005992112564854324,-0.3270672394482467,-1.4197173613376537,1.235879346334535,-1.38574517130065,-1.5709030180103976,2.7378773222807187,-3.8341916281996814e-06,0.00019600481377228055,0.00015343651217782875,-3.713803402436779e-05,0.00018631053958558338,0.0002881264262670167,0.0018559726924349115,-8.04452610785061,-6.272020353281771,-0.9631720738415406,-4.7776795911362036e-05,2.9813454619794083e-06,28.0,28.0,14.0,6.0,6.0,6.0
1.0938151682203174,1.0,2.6492483175522738e-05,0.00014958833623048118,-0.3499427809874881,0.00011962949350371266,0.22381006344904975,-0.3499427809874881,0.00011962949350371266,0.22381006344904975,-0.34994126442785883,0.0001432665604652818,0.22382193108475154,-0.32706958452333623,-1.419938866292135,1.2359542846679688,-1.3859370390521448,-1.5710862318622034,2.7378296852111816,0.0,0.0013614079216495156,-2.3968450477696024e-05,0.00011984225420746952,0.0,-0.0005992112564854324,-0.3270672659939538,-1.4197165821423705,1.2358799820375728,-1.3857453413173253,-1.570902234579186,2.7378785158068775,-6.636426763351377e-06,0.00019479882079100676,0.0001589257594624614,-4.2504168837975805e-05,0.00019585780288824067,0.00029838153970179277,0.0018559726924349115,-8.04452610785061,-6.272020353281771,-0.9631720738415406,-4.7776795911362036e-05,2.9813454619794083e-06,28.0,28.0,14.0,6.0,6.0,6.0
1.0985964842257094,1.0,1.0092150685912081e-05,0.0001685921673062668,-0.3499427809874881,0.00011962949350371266,0.22381006344904975,-0.3499427809874881,0.00011962949350371266,0.22381006344904975,-0.3499468534467963,0.00011683881052705175,0.22381886564588768,-0.327033821736471,-1.4199145475970667,1.2359304428100586,-1.3859131971942347,-1.5710142294513147,2.7378296852111816,0.0,0.0013614079216495156,-2.3968450477696024e-05,0.00011984225420746952,0.0,-0.0005512743955478072,-0.3270672976892738,-1.4197158222527688,1.235880658694453,-1.3857455650558872,-1.5709014981539786,2.7378797967787083,-7.923829993428443e-06,0.00018997240039770057,0.00016916422005416385,-5.593464045147605e-05,0.00018410630188261742,0.0003202429577220329,0.002014414668155196,-8.045121250312574,-6.272070797746547,-0.9631816449705366,-4.936194013229841e-05,3.339530578744593e-06,28.0,28.0,14.0,6.0,6.0,6.0
1.1025964842257094,1.0,1.0092150685912081e-05,0.0001685921673062668,-0.3499427809874881,0.00011962949350371266,0.22381006344904975,-0.3499427809874881,0.00011962949350371266,0.22381006344904975,-0.3499468534467963,0.00011683881052705175,0.22381886564588768,-0.327033821736471,-1.4199145475970667,1.2359304428100586,-1.3859131971942347,-1.5710142294513147,2.7378296852111816,0.0,0.0013614079216495156,-2.3968450477696024e-05,0.00011984225420746952,0.0,-0.0005512743955478072,-0.3270673342252299,-1.4197150805105079,1.235881373847945,-1.3857458392930222,-1.570900805914415,2.737881159949471,-9.133989029700886e-06,0.00018543556522799274,0.00017878837301036414,-6.855928376816628e-05,0.00017305989093733154,0.0003407926906610586,0.002014414668155196,-8.045121250312574,-6.272070797746547,-0.9631816449705366,-4.936194013229841e-05,3.339530578744593e-06,28.0,28.0,14.0,6.0,6.0,6.0
1.1074977182280277,1.0,1.0092150685912081e-05,0.0001685921673062668,-0.3499427809874881,0.00011962949350371266,0.22381006344904975,-0.3499427809874881,0.00011962949350371266,0.22381006344904975,-0.3499468534467963,0.00011683881052705175,0.22381886564588768,-0.327033821736471,-1.4199145475970667,1.2359304428100586,-1.3859131971942347,-1.5710142294513147,2.7378296852111816,0.0,0.0013614079216495156,-2.3968450477696024e-05,0.00011984225420746952,0.0,-0.0005512743955478072,-0.32706737531138397,-1.419714355826747,1.2358821251882521,-1.3857461609988162,-1.5709001552093564,2.737882600387229,-1.0271538523796983e-05,0.00018117094016846739,0.00018783507678919243,-8.04264484858551e-05,0.00016267626464876284,0.00036010943962374274,0.002014414668155196,-8.045121250312574,-6.272070797746547,-0.9631816449705366,-4.936194013229841e-05,3.339530578744593e-06,28.0,28.0,14.0,6.0,6.0,6.0
1.1114977182280277,1.0,6.835297741260216e-06,0.00013365577749135542,-0.3499427809874881,0.00011962949350371266,0.22381006344904975,-0.3499427809874881,0.00011962949350371266,0.22381006344904975,-0.34994254655264034,0.00012644387096996668,0.2238105436524038,-0.32705766359438115,-1.4199031035052698,1.2359423637390137,-1.3859012762652796,-1.571026627217428,2.737853527069092,0.0,0.001035437104292214,-2.3968450477696024e-05,0.00011984225420746952,0.0,-0.0005273059359751642,-0.3270674114499766,-1.4197136913243826,1.2358829375352185,-1.3857465664829098,-1.5708995292760075,2.7378840688991404,-9.034648154439344e-06,0.0001661255911345247,0.00020308674156966104,-0.0001013710234323624,0.00015648333720836254,0.0003671279778077811,0.0019277446312187599,-8.04398150540485,-6.271460729940565,-0.9630821921701296,-4.452851465232778e-05,2.6727359169892126e-06,28.0,28.0,14.0,6.0,6.0,6.0
1.1161401182163977,1.0,6.835297741260216e-06,0.00013365577749135542,-0.3499427809874881,0.00011962949350371266,0.22381006344904975,-0.3499427809874881,0.00011962949350371266,0.22381006344904975,-0.34994254655264034,0.00012644387096996668,0.2238105436524038,-0.32705766359438115,-1.4199031035052698,1.2359423637390137,-1.3859012762652796,-1.571026627217428,2.737853527069092,0.0,0.001035437104292214,-2.3968450477696024e-05,0.00011984225420746952,0.0,-0.0005273059359751642,-0.32706744293786144,-1.4197130833925304,1.2358838072284444,-1.3857470507186054,-1.570898926628066,2.7378855638007553,-7.871971207243164e-06,0.00015198296304261857,0.00021742330646330152,-0.00012105892388207927,0.00015066198541438625,0.00037372540370077717,0.0019277446312187599,-8.04398150540485,-6.271460729940565,-0.9630821921701296,-4.452851465232778e-05,2.6727359169892126e-06,28.0,28.0,14.0,6.0,6.0,6.0
1.1201401182163977,1.0,1.3370697688432739e-05,0.0001409035145563985,-0.3499427809874881,0.00011962949350371266,0.22381006344904975,-0.3499427809874881,0.00011962949350371266,0.22381006344904975,-0.3499398412713154,0.0001323153527872443,0.2238070298703483,-0.32706958452333623,-1.4199031035052698,1.2359542846679688,-1.3859012762652796,-1.571038548146383,2.7378416061401367,0.0,0.0008436894277110696,-2.3968450477696024e-05,0.00011984225420746952,0.0,-0.0004793690168298781,-0.3270674675075321,-1.4197125467485605,1.2358847371424388,-1.3857476201350956,-1.570898332143085,2.7378870883556425,-6.142417652233923e-06,0.0001341609924616796,0.00023247849863496602,-0.00014235412255645194,0.00014862124524219207,0.00038113872177094796,0.0017729059242827978,-8.043060047617036,-6.2710724224032965,-0.9630202281379763,-4.271949966096029e-05,2.569621491446591e-06,28.0,28.0,14.0,6.0,6.0,6.0
1.124948742200388,1.0,1.3370697688432739e-05,0.0001409035145563985,-0.3499427809874881,0.00011962949350371266,0.22381006344904975,-0.3499427809874881,0.00011962949350371266,0.22381006344904975,-0.3499398412713154,0.0001323153527872443,0.2238070298703483,-0.32706958452333623,-1.4199031035052698,1.2359542846679688,-1.3859012762652796,-1.571038548146383,2.7378416061401367,0.0,0.0008436894277110696,-2.3968450477696024e-05,0.00011984225420746952,0.0,-0.0004793690168298781,-0.32706748557408133,-1.4197120771152,1.235885723663956,-1.3857482696215329,-1.5708977453312871,2.7378886407846057,-4.516637310525238e-06,0.00011740834011559698,0.0002466303792763306,-0.00016237160931036225,0.00014670294948032953,0.0003881072407569085,0.0017729059242827978,-8.043060047617036,-6.2710724224032965,-0.9630202281379763,-4.271949966096029e-05,2.569621491446591e-06,28.0,28.0,14.0,6.0,6.0,6.0
1.128948742200388,1.0,1.3370697688432739e-05,0.0001409035145563985,-0.3499427809874881,0.00011962949350371266,0.22381006344904975,-0.3499427809874881,0.00011962949350371266,0.22381006344904975,-0.3499398412713154,0.0001323153527872443,0.2238070298703483,-0.32706958452333623,-1.4199031035052698,1.2359542846679688,-1.3859012762652796,-1.571038548146383,2.7378416061401367,0.0,0.0008436894277110696,-2.3968450477696024e-05,0.00011984225420746952,0.0,-0.0004793690168298781,-0.3270674975276965,-1.4197116704718125,1.2358867633965442,-1.3857489943737202,-1.5708971657322812,2.7378902194152,-2.9884037893190724e-06,0.0001016608469102793,0.0002599331470792134,-0.00018118804685903796,0.00014489975146417876,0.0003946576486037114,0.0017729059242827978,-8.043060047617036,-6.2710724224032965,-0.9630202281379763,-4.271949966096029e-05,2.569621491446591e-06,28.0,28.0,14.0,6.0,6.0,6.0
1.133966333200457,1.0,1.3370697688432739e-05,0.0001409035145563985,-0.3499427809874881,0.00011962949350371266,0.22381006344904975,-0.3499427809874881,0.00011962949350371266,0.22381006344904975,-0.3499398412713154,0.0001323153527872443,0.2238070298703483,-0.32706958452333623,-1.4199031035052698,1.2359542846679688,-1.3859012762652796,-1.571038548146383,2.7378416061401367,0.0,0.0008436894277110696,-2.3968450477696024e-05,0.00011984225420746952,0.0,-0.0004793690168298781,-0.3270675037351536,-1.4197113230389993,1.2358878531475395,-1.385749789875713,-1.5708965929132999,2.7378918226753277,-1.5518642793852774e-06,8.685820329728069e-05,0.0002724377488139232,-0.0001988754981547931,0.00014320474532899703,0.00040081503197970616,0.0017729059242827978,-8.043060047617036,-6.2710724224032965,-0.9630202281379763,-4.271949966096029e-05,2.569621491446591e-06,28.0,28.0,14.0,6.0,6.0,6.0
1.137966333200457,1.0,2.0661174467973147e-05,0.00014563134698463052,-0.3499427809874881,0.00011962949350371266,0.22381006344904975,-0.3499427809874881,0.00011962949350371266,0.22381006344904975,-0.34994548029971667,0.000121711837116515,0.22383044141972808,-0.327033821736471,-1.419938866292135,1.2359185218811035,-1.3859131971942347,-1.571038548146383,2.737853527069092,0.0,0.0007094661123119295,-2.3968450477696024e-05,0.00011984225420746952,0.0,-0.00045540055725723505,-0.3270675251333429,-1.4197109721077346,1.2358889380768288,-1.3857505695526016,-1.5708960264564253,2.737893457112553,-5.349547329001153e-06,8.773281618737999e-05,0.0002712323223051317,-0.0001949192221576142,0.0001416142186346177,0.0004086093062669033,0.0007494502928961226,-8.0400261051299,-6.2701950075444,-0.9628977026973023,-5.1952023437750106e-05,2.8253790931703107e-06,28.0,28.0,14.0,6.0,6.0,6.0
1.14258854819811,1.0,2.0661174467973147e-05,0.00014563134698463052,-0.3499427809874881,0.00011962949350371266,0.22381006344904975,-0.3499427809874881,0.00011962949350371266,0.22381006344904975,-0.34994548029971667,0.000121711837116515,0.22383044141972808,-0.327033821736471,-1.419938866292135,1.2359185218811035,-1.3859131971942347,-1.571038548146383,2.737853527069092,0.0,0.0007094661123119295,-2.3968450477696024e-05,0.00011984225420746952,0.0,-0.00045540055725723505,-0.3270675608108205,-1.4197106178879253,1.2358900184737143,-1.3857513343538925,-1.5708954659799312,2.7378951208562494,-8.919369395640075e-06,8.855495230407333e-05,0.0002700992213868677,-0.00019120032272026605,0.00014011912354190115,0.0004159359240968686,0.0007494502928961226,-8.0400261051299,-6.2701950075444,-0.9628977026973023,-5.1952023437750106e-05,2.8253790931703107e-06,28.0,28.0,14.0,6.0,6.0,6.0
1.14658854819811,1.0,2.5204524958199616e-05,0.00012525324195377605,-0.3499427809874881,0.00011962949350371266,0.22381006344904975,-0.3499427809874881,0.00011962949350371266,0.22381006344904975,-0.34995337348489025,0.00013535098323842515,0.22382667374217405,-0.32705766359438115,-1.4199031035052698,1.2358946800231934,-1.385925594960348,-1.5710504690753382,2.737853527069092,0.0,0.0005944175645709038,-2.3968450477696024e-05,0.00011984225420746952,0.0,-0.00043143212678842247,-0.3270676004985606,-1.4197102884648996,1.2358911102508023,-1.3857520778988377,-1.57089489740638,2.737896795245065,-9.921935018587157e-06,8.235575641126895e-05,0.0002729442719901345,-0.00018588623630976932,0.00014214338777290302,0.00041859720384979717,0.0009296854170203894,-8.040316742864944,-6.270040265816801,-0.9628580597004585,-4.706413039813754e-05,2.4661756838823726e-06,28.0,28.0,14.0,6.0,6.0,6.0
1.15058854819811,1.0,2.5204524958199616e-05,0.00012525324195377605,-0.3499427809874881,0.00011962949350371266,0.22381006344904975,-0.3499427809874881,0.00011962949350371266,0.22381006344904975,-0.34995337348489025,0.00013535098323842515,0.22382667374217405,-0.32705766359438115,-1.4199031035052698,1.2358946800231934,-1.385925594960348,-1.5710504690753382,2.737853527069092,0.0,0.0005944175645709038,-2.3968450477696024e-05,0.00011984225420746952,0.0,-0.00043143212678842247,-0.3270676439559474,-1.4197099823508506,1.2358922127252805,-1.385752801462818,-1.5708943212215956,2.7378984796402923,-1.0864346704157413e-05,7.652851227203283e-05,0.00027561861955720533,-0.00018089099508390241,0.00014404619615004477,0.00042109880681755,0.0009296854170203894,-8.040316742864944,-6.270040265816801,-0.9628580597004585,-4.706413039813754e-05,2.4661756838823726e-06,28.0,28.0,14.0,6.0,6.0,6.0
1.15458854819811,1.0,2.5204524958199616e-05,0.00012525324195377605,-0.3499427809874881,0.00011962949350371266,0.22381006344904975,-0.3499427809874881,0.00011962949350371266,0.22381006344904975,-0.34995337348489025,0.00013535098323842515,0.22382667374217405,-0.32705766359438115,-1.4199031035052698,1.2358946800231934,-1.385925594960348,-1.5710504690753382,2.737853527069092,0.0,0.0005944175645709038,-2.3968450477696024e-05,0.00011984225420746952,0.0,-0.00043143212678842247,-0.32706769095680216,-1.4197096981472395,1.2358933252553055,-1.3857535062446913,-1.5708937378822514,2.7379001734415467,-1.1750213688593453e-05,7.105090278115088e-05,0.0002781325062702519,-0.00017619546833158752,0.00014583483602455803,0.0004234503136072377,0.0009296854170203894,-8.040316742864944,-6.270040265816801,-0.9628580597004585,-4.706413039813754e-05,2.4661756838823726e-06,28.0,28.0,14.0,6.0,6.0,6.0
1.1595467732048133,1.0,2.5204524958199616e-05,0.00012525324195377605,-0.3499427809874881,0.00011962949350371266,0.22381006344904975,-0.3499427809874881,0.00011962949350371266,0.22381006344904975,-0.34995337348489025,0.00013535098323842515,0.22382667374217405,-0.32705766359438115,-1.4199031035052698,1.2358946800231934,-1.385925594960348,-1.5710504690753382,2.737853527069092,0.0,0.0005944175645709038,-2.3968450477696024e-05,0.00011984225420746952,0.0,-0.00043143212678842247,-0.3270677412885168,-1.41970943453944,1.2358944472375446,-1.385754193371384,-1.5708931478176213,2.7379018760844667,-1.2582928653963331e-05,6.590194985972185e-05,0.0002804955597805157,-0.0001717816731844115,0.0001475161575066005,0.0004256607299895441,0.0009296854170203894,-8.040316742864944,-6.270040265816801,-0.9628580597004585,-4.706413039813754e-05,2.4661756838823726e-06,28.0,28.0,14.0,6.0,6.0,6.0
1.1635467732048133,1.0,2.7328709995601638e-05,0.00013626795727250977,-0.3499427809874881,0.00011962949350371266,0.22381006344904975,-0.3499427809874881,0.00011962949350371266,0.22381006344904975,-0.34995180934499553,0.0001431649889897974,0.22382061937643516,-0.3270815054522913,-1.4199031035052698,1.2359185218811035,-1.3859370390521448,-1.5710504690753382,2.7378175258636475,0.0,0.0005368932615965605,-2.3968450477696024e-05,0.00011984225420746952,0.0,-0.0004074636672157794,-0.3270677810451631,-1.4197091998835099,1.2358955752910676,-1.3857548685416328,-1.5708925514403949,2.7379036159024297,-9.939161578003873e-06,5.866398253804863e-05,0.0002820133807740529,-0.00016879256221698897,0.00014909430663326867,0.00043495449074002873,0.0011572495018061122,-8.040348912697285,-6.270051231400664,-0.962854797099147,-4.0914377472850884e-05,2.5715251168259676e-06,28.0,28.0,14.0,6.0,6.0,6.0
1.167884033180541,1.0,2.7328709995601638e-05,0.00013626795727250977,-0.3499427809874881,0.00011962949350371266,0.22381006344904975,-0.3499427809874881,0.00011962949350371266,0.22381006344904975,-0.34995180934499553,0.0001431649889897974,0.22382061937643516,-0.3270815054522913,-1.4199031035052698,1.2359185218811035,-1.3859370390521448,-1.5710504690753382,2.7378175258636475,0.0,0.0005368932615965605,-2.3968450477696024e-05,0.00011984225420746952,0.0,-0.0004074636672157794,-0.3270678108612452,-1.4197089924423367,1.2358967090515978,-1.3857555324728243,-1.5708919491293276,2.737905390664933,-7.454020526601984e-06,5.18602932556758e-05,0.00028344013250797793,-0.00016598279790761177,0.00015057776681233674,0.00044369062584548427,0.0011572495018061122,-8.040348912697285,-6.270051231400664,-0.962854797099147,-4.0914377472850884e-05,2.5715251168259676e-06,28.0,28.0,14.0,6.0,6.0,6.0
1.171884033180541,1.0,2.151909929956563e-05,0.00010729554193868582,-0.3499427809874881,0.00011962949350371266,0.22381006344904975,-0.3499427809874881,0.00011962949350371266,0.22381006344904975,-0.34994451446755853,0.0001406900762564193,0.22380599914890995,-0.3270815054522913,-1.4198787848102015,1.2359304428100586,-1.3859012762652796,-1.5710504690753382,2.737877607345581,0.0,0.0004985437844879925,-2.3968450477696024e-05,0.00011984225420746952,0.0,-0.0003834952076431364,-0.3270678313203236,-1.4197088656514996,1.2358979041965097,-1.3857562715593617,-1.5708913412378918,2.7379071302232996,-5.114769589750946e-06,3.16977092781534e-05,0.000298786227980183,-0.00018477163433373864,0.00015197285895516942,0.00043488959163238635,0.0014577945118317292,-8.041567679076058,-6.270268895371664,-0.9628867725303241,-4.0910118586338265e-05,1.7449863541001801e-06,28.0,28.0,14.0,6.0,6.0,6.0
1.1768897511565597,1.0,2.151909929956563e-05,0.00010729554193868582,-0.3499427809874881,0.00011962949350371266,0.22381006344904975,-0.3499427809874881,0.00011962949350371266,0.22381006344904975,-0.34994451446755853,0.0001406900762564193,0.22380599914890995,-0.3270815054522913,-1.4198787848102015,1.2359304428100586,-1.3859012762652796,-1.5710504690753382,2.737877607345581,0.0,0.0004985437844879925,-2.3968450477696024e-05,0.00011984225420746952,0.0,-0.0003834952076431364,-0.3270678429838184,-1.4197088146719783,1.2358991570427407,-1.385757081291924,-1.5708907281009095,2.7379088366897775,-2.91587370911097e-06,1.2744880339282346e-05,0.0003132115577240558,-0.00020243314057429788,0.00015328424556943214,0.0004266166194720743,0.0014577945118317292,-8.041567679076058,-6.270268895371664,-0.9628867725303241,-4.0910118586338265e-05,1.7449863541001801e-06,28.0,28.0,14.0,6.0,6.0,6.0
1.1808897511565597,1.0,2.151909929956563e-05,0.00010729554193868582,-0.3499427809874881,0.00011962949350371266,0.22381006344904975,-0.3499427809874881,0.00011962949350371266,0.22381006344904975,-0.34994451446755853,0.0001406900762564193,0.22380599914890995,-0.3270815054522913,-1.4198787848102015,1.2359304428100586,-1.3859012762652796,-1.5710504690753382,2.737877607345581,0.0,0.0004985437844879925,-2.3968450477696024e-05,0.00011984225420746952,0.0,-0.0003834952076431364,-0.32706784637946473,-1.4197088349550937,1.2359004641282114,-1.3857579574317498,-1.5708901100331134,2.73791051204988,-8.489115813093928e-07,-5.0707788632564425e-06,0.00032677136768329614,-0.00021903495644042358,0.00015451694898683909,0.0004188400256413809,0.0014577945118317292,-8.041567679076058,-6.270268895371664,-0.9628867725303241,-4.0910118586338265e-05,1.7449863541001801e-06,28.0,28.0,14.0,6.0,6.0,6.0
1.1859750191562348,1.0,1.7548614943620922e-05,0.00014801581528883946,-0.3499427809874881,0.00011962949350371266,0.22381006344904975,-0.3499427809874881,0.00011962949350371266,0.22381006344904975,-0.3499404274807152,0.00012678703652966756,0.22382591224932424,-0.3270457426654261,-1.419938866292135,1.2359304428100586,-1.3859012762652796,-1.5710504690753382,2.7378416061401367,0.0,0.0004985437844879925,-2.3968450477696024e-05,0.00011984225420746952,0.0,-0.00035952674807049334,-0.3270678625880257,-1.4197088552500912,1.2359017701249924,-1.3857588417107827,-1.570889487316472,2.73791222140914,-4.0521402531487796e-06,-5.073749341217639e-06,0.0003264991952421312,-0.00022106975824001015,0.000155679160339212,0.00042733981500846723,0.0006085582492885792,-8.039094345449692,-6.269771321241843,-0.9628321204398173,-5.0141909128799965e-05,2.619189140850875e-06,28.0,28.0,14.0,6.0,6.0,6.0
1.1899750191562348,1.0,1.7548614943620922e-05,0.00014801581528883946,-0.3499427809874881,0.00011962949350371266,0.22381006344904975,-0.3499427809874881,0.00011962949350371266,0.22381006344904975,-0.3499404274807152,0.00012678703652966756,0.22382591224932424,-0.3270457426654261,-1.419938866292135,1.2359304428100586,-1.3859012762652796,-1.5710504690753382,2.7378416061401367,0.0,0.0004985437844879925,-2.3968450477696024e-05,0.00011984225420746952,0.0,-0.00035952674807049334,-0.32706789084072657,-1.4197088755562575,1.235903075098405,-1.3857597336406704,-1.570888860229916,2.737913962727608,-7.063175204677803e-06,-5.076541590501168e-06,0.0003262433531474362,-0.00022298247193162154,0.00015677163901044254,0.00043532961701352836,0.0006085582492885792,-8.039094345449692,-6.269771321241843,-0.9628321204398173,-5.0141909128799965e-05,2.619189140850875e-06,28.0,28.0,14.0,6.0,6.0,6.0
1.195034166147933,1.0,1.7548614943620922e-05,0.00014801581528883946,-0.3499427809874881,0.00011962949350371266,0.22381006344904975,-0.3499427809874881,0.00011962949350371266,0.22381006344904975,-0.3499404274807152,0.00012678703652966756,0.22382591224932424,-0.3270457426654261,-1.419938866292135,1.2359304428100586,-1.3859012762652796,-1.5710504690753382,2.7378416061401367,0.0,0.0004985437844879925,-2.3968450477696024e-05,0.00011984225420746952,0.0,-0.00035952674807049334,-0.32706793041491883,-1.4197088958729227,1.2359043791098514,-1.3857606327623615,-1.5708882290356403,2.7379157340877316,-9.893548059115086e-06,-5.079166304827683e-06,0.0003260028615784229,-0.00022478042280173625,0.00015779856896139924,0.00044284003089828584,0.0006085582492885792,-8.039094345449692,-6.269771321241843,-0.9628321204398173,-5.0141909128799965e-05,2.619189140850875e-06,28.0,28.0,14.0,6.0,6.0,6.0
1.199034166147933,1.0,4.1335202650491775e-05,0.00014733116511627068,-0.3499427809874881,0.00011962949350371266,0.22381006344904975,-0.3499427809874881,0.00011962949350371266,0.22381006344904975,-0.3499516112313832,0.00015094910445820288,0.2238355528142943,-0.3270815054522913,-1.41992694536318,1.2358946800231934,-1.3859370390521448,-1.5710862318622034,2.7378296852111816,0.0,0.0004985437844879925,-2.3968450477696024e-05,0.00011984225420746952,0.0,-0.00035952674807049334,-0.3270679729593267,-1.419708896585446,1.2359056577476308,-1.3857614651361736,-1.5708875528128574,2.737917513895425,-1.0636101977468785e-05,-1.7813084976720902e-07,0.00031965944486499626,-0.00020809345301194804,0.00016905569573557236,0.00044495192330111765,0.0006495776493071093,-8.038820313966829,-6.269607700269196,-0.9627929955397614,-4.4708120145095796e-05,2.311425225846534e-06,28.0,28.0,14.0,6.0,6.0,6.0
1.2040185131230396,1.0,4.1335202650491775e-05,0.00014733116511627068,-0.3499427809874881,0.00011962949350371266,0.22381006344904975,-0.3499427809874881,0.00011962949350371266,0.22381006344904975,-0.3499516112313832,0.00015094910445820288,0.2238355528142943,-0.3270815054522913,-1.41992694536318,1.2358946800231934,-1.3859370390521448,-1.5710862318622034,2.7378296852111816,0.0,0.0004985437844879925,-2.3968450477696024e-05,0.00011984225420746952,0.0,-0.00035952674807049334,-0.32706801829573734,-1.4197088788700762,1.2359069125341635,-1.3857622347669791,-1.5708868342632778,2.7379193016438332,-1.1334102660721262e-05,4.428842477989634e-06,0.00031369663315437526,-0.00019240770140954713,0.00017963739490329508,0.00044693710215977956,0.0006495776493071093,-8.038820313966829,-6.269607700269196,-0.9627929955397614,-4.4708120145095796e-05,2.311425225846534e-06,28.0,28.0,14.0,6.0,6.0,6.0
1.2080185131230397,1.0,1.968042936792868e-05,0.0001199062452340131,-0.3499427809874881,0.00011962949350371266,0.22381006344904975,-0.3499427809874881,0.00011962949350371266,0.22381006344904975,-0.34994684681464205,0.00013886425549195904,0.22381096471533432,-0.3270815054522913,-1.4198907057391565,1.2359304428100586,-1.3859131971942347,-1.571038548146383,2.7378416061401367,0.0,0.0004985437844879925,-2.3968450477696024e-05,9.58738019107841e-05,0.0,-0.00033555831760168076,-0.3270680490555818,-1.4197089085554149,1.2359081982532614,-1.3857630455794998,-1.5708861308357174,2.7379211014724727,-7.689961118077671e-06,-7.421334672482282e-06,0.0003214297744545704,-0.0002027031301700518,0.0001758568900878425,0.0004499571598598185,0.0013866167416530595,-8.040987126030815,-6.270149850494955,-0.9628676876805347,-3.964820965732615e-05,2.1063008181791465e-06,28.0,28.0,14.0,6.0,6.0,6.0
1.2127950791213666,1.0,1.968042936792868e-05,0.0001199062452340131,-0.3499427809874881,0.00011962949350371266,0.22381006344904975,-0.3499427809874881,0.00011962949350371266,0.22381006344904975,-0.34994684681464205,0.00013886425549195904,0.22381096471533432,-0.3270815054522913,-1.4198907057391565,1.2359304428100586,-1.3859131971942347,-1.571038548146383,2.7378416061401367,0.0,0.0004985437844879925,-2.3968450477696024e-05,9.58738019107841e-05,0.0,-0.00033555831760168076,-0.32706806611345407,-1.4197089827974196,1.2359095130489706,-1.3857638951028326,-1.570885441622855,2.737922912656529,-4.264468067992696e-06,-1.856050119392588e-05,0.0003286989272767538,-0.00021238083320492622,0.00017230321556131704,0.0004527960140978551,0.0013866167416530595,-8.040987126030815,-6.270149850494955,-0.9628676876805347,-3.964820965732615e-05,2.1063008181791465e-06,28.0,28.0,14.0,6.0,6.0,6.0
1.2167950791213666,1.0,1.968042936792868e-05,0.0001199062452340131,-0.3499427809874881,0.00011962949350371266,0.22381006344904975,-0.3499427809874881,0.00011962949350371266,0.22381006344904975,-0.34994684681464205,0.00013886425549195904,0.22381096471533432,-0.3270815054522913,-1.4198907057391565,1.2359304428100586,-1.3859131971942347,-1.571038548146383,2.7378416061401367,0.0,0.0004985437844879925,-2.3968450477696024e-05,9.58738019107841e-05,0.0,-0.00033555831760168076,-0.3270680702914725,-1.4197090989226906,1.2359108551766942,-1.3857647810143288,-1.570884765771809,2.7379247345146775,-1.04450460091282e-06,-2.9031317724082863e-05,0.0003355319309296062,-0.00022147787405770816,0.0001689627615063831,0.0004554645370816095,0.0013866167416530595,-8.040987126030815,-6.270149850494955,-0.9628676876805347,-3.964820965732615e-05,2.1063008181791465e-06,28.0,28.0,14.0,6.0,6.0,6.0
1.2218471021065493,1.0,1.968042936792868e-05,0.0001199062452340131,-0.3499427809874881,0.00011962949350371266,0.22381006344904975,-0.3499427809874881,0.00011962949350371266,0.22381006344904975,-0.34994684681464205,0.00013886425549195904,0.22381096471533432,-0.3270815054522913,-1.4198907057391565,1.2359304428100586,-1.3859131971942347,-1.571038548146383,2.7378416061401367,0.0,0.0004985437844879925,-2.3968450477696024e-05,9.58738019107841e-05,0.0,-0.00033555831760168076,-0.32706806236242825,-1.4197092544182317,1.2359122229965116,-1.3857657011306985,-1.5708841024808702,2.7379265664064723,1.982261058142264e-06,-3.8873885262430424e-05,0.00034195495436328745,-0.0002300290924593232,0.0001658227346947452,0.0004579729486863386,0.0013866167416530595,-8.040987126030815,-6.270149850494955,-0.9628676876805347,-3.964820965732615e-05,2.1063008181791465e-06,28.0,28.0,14.0,6.0,6.0,6.0
1.2258471021065493,1.0,1.3393586669273007e-05,0.00017385198644434647,-0.3499427809874881,0.00011962949350371266,0.22381006344904975,-0.3499427809874881,0.00011962949350371266,0.22381006344904975,-0.3499374568893645,0.00013150644186389406,0.22380690429715608,-0.32706958452333623,-1.4198907057391565,1.2359304428100586,-1.3858655134784144,-1.571038548146383,2.7378175258636475,0.0,0.0004985437844879925,-2.3968450477696024e-05,9.58738019107841e-05,0.0,-0.00033555831760168076,-0.32706804990190963,-1.4197094729642654,1.235913656678834,-1.3857667239891096,-1.5708834509870875,2.7379284423534505,3.115129654025911e-06,-5.4636508455298295e-05,0.0003584205806255007,-0.00025571460275368815,0.00016287344566542325,0.00046898674459227907,0.0014196801479798953,-8.041363120113834,-6.270193826442685,-0.9628834899190274,-4.27209910455686e-05,2.5709442464374434e-06,28.0,28.0,14.0,6.0,6.0,6.0
1.2302817221076698,1.0,1.3393586669273007e-05,0.00017385198644434647,-0.3499427809874881,0.00011962949350371266,0.22381006344904975,-0.3499427809874881,0.00011962949350371266,0.22381006344904975,-0.3499374568893645,0.00013150644186389406,0.22380690429715608,-0.32706958452333623,-1.4198907057391565,1.2359304428100586,-1.3858655134784144,-1.571038548146383,2.7378175258636475,0.0,0.0004985437844879925,-2.3968450477696024e-05,9.58738019107841e-05,0.0,-0.00033555831760168076,-0.3270680331818051,-1.4197097507777625,1.2359151522719112,-1.3857678434250393,-1.5708828105826316,2.7379303597123013,4.180026134156539e-06,-6.945337425659409e-05,0.0003738982693119812,-0.0002798589824303912,0.0001601011139778606,0.0004793397127438631,0.0014196801479798953,-8.041363120113834,-6.270193826442685,-0.9628834899190274,-4.27209910455686e-05,2.5709442464374434e-06,28.0,28.0,14.0,6.0,6.0,6.0
1.2342817221076698,1.0,1.590114615255047e-05,0.00011233369423287645,-0.3499427809874881,0.00011962949350371266,0.22381006344904975,-0.3499427809874881,0.00011962949350371266,0.22381006344904975,-0.3499497795767081,0.0001292861224155111,0.22379954604842248,-0.3270815054522913,-1.4198668638812464,1.2359423637390137,-1.3859131971942347,-1.5709903875934046,2.737877607345581,0.0,0.0004985437844879925,-2.3968450477696024e-05,9.58738019107841e-05,0.0,-0.0003115898580290377,-0.3270679882463799,-1.419710083051703,1.2359166788553342,-1.3857690139532306,-1.570882236073176,2.7379322584158046,1.1233856298988418e-05,-8.306848512772673e-05,0.0003816458557291562,-0.00029263204784257487,0.00014362736387114303,0.0004746758758023812,0.0018601268819334535,-8.042085727654605,-6.270419646294096,-0.9629027330495614,-3.4539656614571006e-05,1.5902782476764649e-06,28.0,28.0,14.0,6.0,6.0,6.0
1.2392577571161096,1.0,1.590114615255047e-05,0.00011233369423287645,-0.3499427809874881,0.00011962949350371266,0.22381006344904975,-0.3499427809874881,0.00011962949350371266,0.22381006344904975,-0.3499497795767081,0.0001292861224155111,0.22379954604842248,-0.3270815054522913,-1.4198668638812464,1.2359423637390137,-1.3859131971942347,-1.5709903875934046,2.737877607345581,0.0,0.0004985437844879925,-2.3968450477696024e-05,9.58738019107841e-05,0.0,-0.0003115898580290377,-0.3270679167885533,-1.4197104665184606,1.235918234569682,-1.385770232508148,-1.570881723505021,2.737934139583281,1.7864456653930385e-05,-9.586668934659141e-05,0.0003889285869613007,-0.0003046387293300275,0.0001281420387708285,0.0004702918690773883,0.0018601268819334535,-8.042085727654605,-6.270419646294096,-0.9629027330495614,-3.4539656614571006e-05,1.5902782476764649e-06,28.0,28.0,14.0,6.0,6.0,6.0
1.2432577571161096,1.0,1.590114615255047e-05,0.00011233369423287645,-0.3499427809874881,0.00011962949350371266,0.22381006344904975,-0.3499427809874881,0.00011962949350371266,0.22381006344904975,-0.3499497795767081,0.0001292861224155111,0.22379954604842248,-0.3270815054522913,-1.4198668638812464,1.2359423637390137,-1.3859131971942347,-1.5709903875934046,2.737877607345581,0.0,0.0004985437844879925,-2.3968450477696024e-05,9.58738019107841e-05,0.0,-0.0003115898580290377,-0.32706782039966936,-1.419710898106466,1.2359198176670994,-1.3857714962081877,-1.5708812691616882,2.737936004266892,2.4097220987575834e-05,-0.00010789700131232422,0.0003957743543195166,-0.000315925009928233,0.00011358583317653283,0.00046617090275589496,0.0018601268819334535,-8.042085727654605,-6.270419646294096,-0.9629027330495614,-3.4539656614571006e-05,1.5902782476764649e-06,28.0,28.0,14.0,6.0,6.0,6.0
1.2483192791258921,1.0,1.590114615255047e-05,0.00011233369423287645,-0.3499427809874881,0.00011962949350371266,0.22381006344904975,-0.3499427809874881,0.00011962949350371266,0.22381006344904975,-0.3499497795767081,0.0001292861224155111,0.22379954604842248,-0.3270815054522913,-1.4198668638812464,1.2359423637390137,-1.3859131971942347,-1.5709903875934046,2.737877607345581,0.0,0.0004985437844879925,-2.3968450477696024e-05,9.58738019107841e-05,0.0,-0.0003115898580290377,-0.32706770057559154,-1.4197113749284442,1.235921426504602,-1.3857728023446425,-1.5708808695496885,2.7379378534556698,2.9956019461202556e-05,-0.00011920549456011306,0.0004022093756362395,-0.00032653411369054614,9.990299991789491e-05,0.0004622971944136912,0.0018601268819334535,-8.042085727654605,-6.270419646294096,-0.9629027330495614,-3.4539656614571006e-05,1.5902782476764649e-06,28.0,28.0,14.0,6.0,6.0,6.0
1.2523192791258921,1.0,1.5491407541919294e-05,0.00017002309961341945,-0.3499427809874881,0.00011962949350371266,0.22381006344904975,-0.3499427809874881,0.00011962949350371266,0.22381006344904975,-0.3499463705563814,0.00013403724603574315,0.22381448106942342,-0.3270457426654261,-1.4198907057391565,1.2359185218811035,-1.3859131971942347,-1.5710743109332483,2.7378296852111816,0.0,0.0007286408799700439,-2.3968450477696024e-05,9.58738019107841e-05,0.0,-0.00028762139845639467,-0.3270676095164906,-1.419711857724086,1.2359230483589325,-1.385774107759582,-1.5708804247248416,2.7379397348383896,2.2764775236475194e-05,-0.00012069891044057357,0.00040546358265023606,-0.0003263537348962813,0.00011120621171297603,0.00047034567997055664,0.0010938662394782527,-8.042057887547486,-6.270629502888246,-0.9629463562041501,-5.26631146416783e-05,2.618605719012755e-06,28.0,28.0,14.0,6.0,6.0,6.0
1.2572858161283662,1.0,1.5491407541919294e-05,0.00017002309961341945,-0.3499427809874881,0.00011962949350371266,0.22381006344904975,-0.3499427809874881,0.00011962949350371266,0.22381006344904975,-0.3499463705563814,0.00013403724603574315,0.22381448106942342,-0.3270457426654261,-1.4198907057391565,1.2359185218811035,-1.3859131971942347,-1.5710743109332483,2.7378296852111816,0.0,0.0007286408799700439,-2.3968450477696024e-05,9.58738019107841e-05,0.0,-0.00028762139845639467,-0.32706754549646794,-1.4197123461349714,1.2359246824490815,-1.3857754124962973,-1.5708799373999183,2.737941646483415,1.6005005665231474e-05,-0.00012210272136820648,0.0004085225372433928,-0.00032618417882967235,0.00012183123080035228,0.00047791125639401016,0.0010938662394782527,-8.042057887547486,-6.270629502888246,-0.9629463562041501,-5.26631146416783e-05,2.618605719012755e-06,28.0,28.0,14.0,6.0,6.0,6.0
1.2612858161283662,1.0,2.491964883083392e-05,0.0001393421344484998,-0.3499427809874881,0.00011962949350371266,0.22381006344904975,-0.3499427809874881,0.00011962949350371266,0.22381006344904975,-0.3499471139464992,0.0001373997354281348,0.22379313912141147,-0.32706958452333623,-1.4198549429522913,1.2359542846679688,-1.385925594960348,-1.5710504690753382,2.737865447998047,0.0,0.0007286408799700439,-2.3968450477696024e-05,9.58738019107841e-05,0.0,-0.00028762139845639467,-0.327067484577644,-1.4197128883177605,1.235926354074434,-1.3857767622279922,-1.5708794375903916,2.737943540225255,1.5229705983815891e-05,-0.00013554569726305943,0.0004179063381686479,-0.0003374329237034929,0.00012495238165574851,0.000473435460066828,0.0018400953372633597,-8.043999438458842,-6.271149029705773,-0.9630112266133195,-4.398101868836799e-05,1.8496964099150813e-06,28.0,28.0,14.0,6.0,6.0,6.0
1.2658320431201724,1.0,2.491964883083392e-05,0.0001393421344484998,-0.3499427809874881,0.00011962949350371266,0.22381006344904975,-0.3499427809874881,0.00011962949350371266,0.22381006344904975,-0.3499471139464992,0.0001373997354281348,0.22379313912141147,-0.32706958452333623,-1.4198549429522913,1.2359542846679688,-1.385925594960348,-1.5710504690753382,2.737865447998047,0.0,0.0007286408799700439,-2.3968450477696024e-05,9.58738019107841e-05,0.0,-0.00028762139845639467,-0.3270674265739469,-1.419713481046139,1.2359280609828782,-1.3857781542549676,-1.5708789260453377,2.7379454171381012,1.4500924283285242e-05,-0.0001481820946042212,0.00042672711103838764,-0.0003480067438848842,0.00012788626345982095,0.00046922821151927673,0.0018400953372633597,-8.043999438458842,-6.271149029705773,-0.9630112266133195,-4.398101868836799e-05,1.8496964099150813e-06,28.0,28.0,14.0,6.0,6.0,6.0
1.2698320431201724,1.0,2.491964883083392e-05,0.0001393421344484998,-0.3499427809874881,0.00011962949350371266,0.22381006344904975,-0.3499427809874881,0.00011962949350371266,0.22381006344904975,-0.3499471139464992,0.0001373997354281348,0.22379313912141147,-0.32706958452333623,-1.4198549429522913,1.2359542846679688,-1.385925594960348,-1.5710504690753382,2.737865447998047,0.0,0.0007286408799700439,-2.3968450477696024e-05,9.58738019107841e-05,0.0,-0.00028762139845639467,-0.3270673713104689,-1.4197141212873714,1.2359298010574284,-1.385779586039507,-1.5708784034688883,2.737947278231693,1.3815869484786432e-05,-0.00016006030810491326,0.000435018637535943,-0.000357946134855392,0.00013064411235564905,0.0004652733978845785,0.0018400953372633597,-8.043999438458842,-6.271149029705773,-0.9630112266133195,-4.398101868836799e-05,1.8496964099150813e-06,28.0,28.0,14.0,6.0,6.0,6.0
1.2748816921059047,1.0,1.53129992383941e-05,0.00016087598950264518,-0.3499427809874881,0.00011962949350371266,0.22381006344904975,-0.3499427809874881,0.00011962949350371266,0.22381006344904975,-0.3499431080455464,0.00012246220157818987,0.22379501829223214,-0.3270457426654261,-1.4198668638812464,1.2359542846679688,-1.3859012762652796,-1.571026627217428,2.737865447998047,0.0,0.0007286408799700439,-2.3968450477696024e-05,9.58738019107841e-05,0.0,-0.00028762139845639467,-0.3270673237428734,-1.4197148020861685,1.2359315784423253,-1.385781079716624,-1.5708778979683113,2.737949146802131,1.1891898878062043e-05,-0.0001701996992577682,0.0004443462242126214,-0.00037341927921472735,0.00012637514424430497,0.0004671426095307629,0.0016946128061466747,-8.043647938196514,-6.271068648865491,-0.9630093602566461,-4.7603345110228716e-05,2.15729366416266e-06,28.0,28.0,14.0,6.0,6.0,6.0
1.2788816921059047,1.0,1.53129992383941e-05,0.00016087598950264518,-0.3499427809874881,0.00011962949350371266,0.22381006344904975,-0.3499427809874881,0.00011962949350371266,0.22381006344904975,-0.3499431080455464,0.00012246220157818987,0.22379501829223214,-0.3270457426654261,-1.4198668638812464,1.2359542846679688,-1.3859012762652796,-1.571026627217428,2.737865447998047,0.0,0.0007286408799700439,-2.3968450477696024e-05,9.58738019107841e-05,0.0,-0.00028762139845639467,-0.3270672834094074,-1.4197155210090764,1.235933390898948,-1.3857826315727635,-1.5708774085190544,2.7379510224008046,1.0083366507741116e-05,-0.00017973072694145185,0.00045311415568869903,-0.00038796403491250255,0.00012236231421964154,0.00046889966847817624,0.0016946128061466747,-8.043647938196514,-6.271068648865491,-0.9630093602566461,-4.7603345110228716e-05,2.15729366416266e-06,28.0,28.0,14.0,6.0,6.0,6.0
1.2840073290974838,1.0,1.53129992383941e-05,0.00016087598950264518,-0.3499427809874881,0.00011962949350371266,0.22381006344904975,-0.3499427809874881,0.00011962949350371266,0.22381006344904975,-0.3499431080455464,0.00012246220157818987,0.22379501829223214,-0.3270457426654261,-1.4198668638812464,1.2359542846679688,-1.3859012762652796,-1.571026627217428,2.737865447998047,0.0,0.0007286408799700439,-2.3968450477696024e-05,9.58738019107841e-05,0.0,-0.00028762139845639467,-0.3270672498760231,-1.4197162757686483,1.2359352363229932,-1.3857842381171845,-1.5708769341580384,2.7379529046060203,8.383346079639446e-06,-0.00018868989296411449,0.00046135601127621207,-0.00040163610526841126,0.00011859025399645789,0.0004705513038887448,0.0016946128061466747,-8.043647938196514,-6.271068648865491,-0.9630093602566461,-4.7603345110228716e-05,2.15729366416266e-06,28.0,28.0,14.0,6.0,6.0,6.0
1.2880073290974838,1.0,2.7914301208145734e-05,0.00013838107265940185,-0.3499427809874881,0.00011962949350371266,0.22381006344904975,-0.3499427809874881,0.00011962949350371266,0.22381006344904975,-0.34995563518078365,0.00013767349848797837,0.22379308134638878,-0.32706958452333623,-1.419830624257223,1.2359304428100586,-1.3859370390521448,-1.571038548146383,2.737853527069092,0.0,0.0007286408799700439,-2.3968450477696024e-05,9.58738019107841e-05,0.0,-0.0002636529679875821,-0.32706721331700983,-1.4197170741433898,1.2359371081575412,-1.3857858546406798,-1.5708764602629846,2.737954789856266,9.139753319249267e-06,-0.0001995936853295789,0.00046795863698972495,-0.00040413087383497096,0.00011847376348572774,0.000471312561413731,0.001959396342452449,-8.044448947031235,-6.271177271286885,-0.9630067865246097,-4.27156799428118e-05,1.9519029147021137e-06,28.0,28.0,14.0,6.0,6.0,6.0
1.2932196401192346,1.0,2.7914301208145734e-05,0.00013838107265940185,-0.3499427809874881,0.00011962949350371266,0.22381006344904975,-0.3499427809874881,0.00011962949350371266,0.22381006344904975,-0.34995563518078365,0.00013767349848797837,0.22379308134638878,-0.32706958452333623,-1.419830624257223,1.2359304428100586,-1.3859370390521448,-1.571038548146383,2.737853527069092,0.0,0.0007286408799700439,-2.3968450477696024e-05,9.58738019107841e-05,0.0,-0.0002636529679875821,-0.32706717391390533,-1.4197179135163904,1.235939004817962,-1.385787480544505,-1.570875986805935,2.73795667796884,9.8507761244825e-06,-0.00020984325015311546,0.00047416510516042705,-0.0004064759562875371,0.0001183642624056414,0.000472028143487218,0.001959396342452449,-8.044448947031235,-6.271177271286885,-0.9630067865246097,-4.27156799428118e-05,1.9519029147021137e-06,28.0,28.0,14.0,6.0,6.0,6.0
1.2972196401192346,1.0,2.6165958872761056e-05,0.00023081333085880364,-0.3499427809874881,0.00011962949350371266,0.22381006344904975,-0.3499427809874881,0.00011962949350371266,0.22381006344904975,-0.34993844292842247,0.00012611382215458626,0.22378508761814822,-0.3270457426654261,-1.4198430220233362,1.2359542846679688,-1.3858774344073694,-1.5710504690753382,2.7378175258636475,0.0,0.0007286408799700439,-2.3968450477696024e-05,-7.190534961409867e-05,0.0,-0.0002636529679875821,-0.32706714983576163,-1.4197188252179784,1.2359409757333695,-1.385789222280984,-1.5708755000153702,2.7379586197107466,6.019535925585817e-06,-0.000227925396986214,0.0004927288518649381,-0.0004354341197699435,0.00012169764120418096,0.0004854354766719142,0.0018418234329732937,-8.044726814323024,-6.271220429124123,-0.9630121506532924,-5.0127054910627934e-05,2.724173544571682e-06,28.0,28.0,14.0,6.0,6.0,6.0
1.3023524001277988,1.0,2.6165958872761056e-05,0.00023081333085880364,-0.3499427809874881,0.00011962949350371266,0.22381006344904975,-0.3499427809874881,0.00011962949350371266,0.22381006344904975,-0.34993844292842247,0.00012611382215458626,0.22378508761814822,-0.3270457426654261,-1.4198430220233362,1.2359542846679688,-1.3858774344073694,-1.5710504690753382,2.7378175258636475,0.0,0.0007286408799700439,-2.3968450477696024e-05,-7.190534961409867e-05,0.0,-0.0002636529679875821,-0.3270671401630811,-1.4197198049084385,1.2359430164484646,-1.3857910729001577,-1.570875000691301,2.737960611864226,2.4181701386229346e-06,-0.0002449226150093266,0.0005101787737671784,-0.00046265479344340544,0.00012483101727480816,0.0004980383698655286,0.0018418234329732937,-8.044726814323024,-6.271220429124123,-0.9630121506532924,-5.0127054910627934e-05,2.724173544571682e-06,28.0,28.0,14.0,6.0,6.0,6.0
1.3063524001277989,1.0,2.6165958872761056e-05,0.00023081333085880364,-0.3499427809874881,0.00011962949350371266,0.22381006344904975,-0.3499427809874881,0.00011962949350371266,0.22381006344904975,-0.34993844292842247,0.00012611382215458626,0.22378508761814822,-0.3270457426654261,-1.4198430220233362,1.2359542846679688,-1.3858774344073694,-1.5710504690753382,2.7378175258636475,0.0,0.0007286408799700439,-2.3968450477696024e-05,-7.190534961409867e-05,0.0,-0.0002636529679875821,-0.32706714403153586,-1.4197208485084383,1.235945122775266,-1.3857930258690645,-1.5708744895857378,2.737962651404584,-9.671137011221748e-07,-0.0002608999999510525,0.0005265817003552843,-0.0004882422266964597,0.0001277763907811977,0.0005098850894675261,0.0018418234329732937,-8.044726814323024,-6.271220429124123,-0.9630121506532924,-5.0127054910627934e-05,2.724173544571682e-06,28.0,28.0,14.0,6.0,6.0,6.0
1.310503252135823,1.0,2.6165958872761056e-05,0.00023081333085880364,-0.3499427809874881,0.00011962949350371266,0.22381006344904975,-0.3499427809874881,0.00011962949350371266,0.22381006344904975,-0.34993844292842247,0.00012611382215458626,0.22378508761814822,-0.3270457426654261,-1.4198430220233362,1.2359542846679688,-1.3858774344073694,-1.5710504690753382,2.7378175258636475,0.0,0.0007286408799700439,-2.3968450477696024e-05,-7.190534961409867e-05,0.0,-0.0002636529679875821,-0.3270671606286579,-1.4197219521834055,1.2359472907770714,-1.3857950750467203,-1.5708739674055703,2.7379647354886076,-4.149280510482578e-06,-0.00027591874179627485,0.0005420004513481039,-0.0005122944139543307,0.00013054504187720388,0.0005210210058934038,0.0018418234329732937,-8.044726814323024,-6.271220429124123,-0.9630121506532924,-5.0127054910627934e-05,2.724173544571682e-06,28.0,28.0,14.0,6.0,6.0,6.0
1.314503252135823,1.0,2.2575116729722256e-05,0.00011802955914829168,-0.3499427809874881,0.00011962949350371266,0.22381006344904975,-0.3499427809874881,0.00011962949350371266,0.22381006344904975,-0.34995362562641114,0.00013582518034509515,0.22379867356627048,-0.3270815054522913,-1.4198430220233362,1.2359185218811035,-1.3859131971942347,-1.5710142294513147,2.737865447998047,0.0,0.0008436894277110696,-2.3968450477696024e-05,-7.190534961409867e-05,0.0,-0.00023968450841493905,-0.32706715557113175,-1.419723061240234,1.2359494671427367,-1.385797128226802,-1.5708734765719707,2.7379667998119603,1.2643815387580452e-06,-0.00027726420712359816,0.0005440914163298992,-0.0005132950204213972,0.000122708399905889,0.000516080838171047,0.002319473225670337,-8.044668718731272,-6.271237773306355,-0.963005401651253,-3.7059758771881276e-05,1.5926629414729086e-06,28.0,28.0,14.0,6.0,6.0,6.0
1.319156338148518,1.0,2.2575116729722256e-05,0.00011802955914829168,-0.3499427809874881,0.00011962949350371266,0.22381006344904975,-0.3499427809874881,0.00011962949350371266,0.22381006344904975,-0.34995362562641114,0.00013582518034509515,0.22379867356627048,-0.3270815054522913,-1.4198430220233362,1.2359185218811035,-1.3859131971942347,-1.5710142294513147,2.737865447998047,0.0,0.0008436894277110696,-2.3968450477696024e-05,-7.190534961409867e-05,0.0,-0.00023968450841493905,-0.3270671301582363,-1.4197241753560121,1.2359516513704303,-1.385799185169164,-1.570873015204145,2.737968845560282,6.3532238650442304e-06,-0.00027852894453128207,0.0005460569234127867,-0.0005142355905004397,0.00011534195645285299,0.0005114370805120317,0.002319473225670337,-8.044668718731272,-6.271237773306355,-0.963005401651253,-3.7059758771881276e-05,1.5926629414729086e-06,28.0,28.0,14.0,6.0,6.0,6.0
1.323156338148518,1.0,1.9051495258866162e-05,0.00014068164908113037,-0.3499427809874881,0.00011962949350371266,0.22381006344904975,-0.3499427809874881,0.00011962949350371266,0.22381006344904975,-0.34995076804001707,0.00013446711049152046,0.2238011746029142,-0.32705766359438115,-1.4198430220233362,1.2359066009521484,-1.3859012762652796,-1.5710504690753382,2.737865447998047,0.0,0.0008436894277110696,-2.3968450477696024e-05,-7.190534961409867e-05,0.0,-0.00023968450841493905,-0.3270671123757891,-1.4197253005255859,1.2359538572398374,-1.38580125360118,-1.570872539790423,2.7379708745476634,4.4456118010846256e-06,-0.0002812923934550597,0.000551467351809279,-0.0005171080039664989,0.00011885343048291389,0.000507246845352582,0.0018727872513718206,-8.044494815754414,-6.271167129153116,-0.962999036221056,-4.705273183010393e-05,1.9003577766570009e-06,28.0,28.0,14.0,6.0,6.0,6.0
1.3281264371688017,1.0,1.9051495258866162e-05,0.00014068164908113037,-0.3499427809874881,0.00011962949350371266,0.22381006344904975,-0.3499427809874881,0.00011962949350371266,0.22381006344904975,-0.34995076804001707,0.00013446711049152046,0.2238011746029142,-0.32705766359438115,-1.4198430220233362,1.2359066009521484,-1.3859012762652796,-1.5710504690753382,2.737865447998047,0.0,0.0008436894277110696,-2.3968450477696024e-05,-7.190534961409867e-05,0.0,-0.00023968450841493905,-0.32706710176596326,-1.4197264360857276,1.2359560834524554,-1.3858033328334705,-1.5708720511735588,2.7379728877797604,2.6524564609625967e-06,-0.0002838900354434107,0.0005565531545019817,-0.0005198080726245945,0.00012215421607117115,0.0005033080243026993,0.0018727872513718206,-8.044494815754414,-6.271167129153116,-0.962999036221056,-4.705273183010393e-05,1.9003577766570009e-06,28.0,28.0,14.0,6.0,6.0,6.0
1.3321264371688017,1.0,1.9051495258866162e-05,0.00014068164908113037,-0.3499427809874881,0.00011962949350371266,0.22381006344904975,-0.3499427809874881,0.00011962949350371266,0.22381006344904975,-0.34995076804001707,0.00013446711049152046,0.2238011746029142,-0.32705766359438115,-1.4198430220233362,1.2359066009521484,-1.3859012762652796,-1.5710504690753382,2.737865447998047,0.0,0.0008436894277110696,-2.3968450477696024e-05,-7.190534961409867e-05,0.0,-0.00023968450841493905,-0.3270670978984015,-1.4197275814130033,1.2359583287876916,-1.3858054222180192,-1.5708715501457406,2.7379748862018904,9.668904412478897e-07,-0.00028633181891246065,0.0005613338090331223,-0.0005223461371632043,0.00012525695452413296,0.0004996055325158096,0.0018727872513718206,-8.044494815754414,-6.271167129153116,-0.962999036221056,-4.705273183010393e-05,1.9003577766570009e-06,28.0,28.0,14.0,6.0,6.0,6.0
1.3369386231706017,1.0,2.40498364324127e-05,0.00020389922702676887,-0.3499427809874881,0.00011962949350371266,0.22381006344904975,-0.3499427809874881,0.00011962949350371266,0.22381006344904975,-0.3499497990764635,0.0001251204968911637,0.22378772536629052,-0.32706958452333623,-1.419819180165426,1.2359185218811035,-1.3858774344073694,-1.5709903875934046,2.7378175258636475,0.0,0.0008436894277110696,-2.3968450477696024e-05,-7.190534961409867e-05,0.0,-0.00023968450841493905,-0.3270670718583822,-1.4197287716493812,1.2359606250059043,-1.385807586970238,-1.570871106639114,2.7379769406899195,6.510004833051629e-06,-0.0002975590944724724,0.000574054553181836,-0.0005411880547311785,0.00011087665670289646,0.0005136220072214318,0.0026161664980403126,-8.045852446432677,-6.271462527757557,-0.9630404176623747,-3.7602175208133385e-05,2.3648892421275968e-06,28.0,28.0,14.0,6.0,6.0,6.0
1.3409386231706018,1.0,2.40498364324127e-05,0.00020389922702676887,-0.3499427809874881,0.00011962949350371266,0.22381006344904975,-0.3499427809874881,0.00011962949350371266,0.22381006344904975,-0.3499497990764635,0.0001251204968911637,0.22378772536629052,-0.32706958452333623,-1.419819180165426,1.2359185218811035,-1.3858774344073694,-1.5709903875934046,2.7378175258636475,0.0,0.0008436894277110696,-2.3968450477696024e-05,-7.190534961409867e-05,0.0,-0.00023968450841493905,-0.32706702497625273,-1.4197300041003151,1.235962969054115,-1.385809822568067,-1.5708707172024068,2.737979047879893,1.1720532361347144e-05,-0.00030811273349888347,0.0005860120526816269,-0.0005588994572450742,9.735917675093416e-05,0.0005267974934447166,0.0026161664980403126,-8.045852446432677,-6.271462527757557,-0.9630404176623747,-3.7602175208133385e-05,2.3648892421275968e-06,28.0,28.0,14.0,6.0,6.0,6.0
1.3455074101712095,1.0,2.40498364324127e-05,0.00020389922702676887,-0.3499427809874881,0.00011962949350371266,0.22381006344904975,-0.3499427809874881,0.00011962949350371266,0.22381006344904975,-0.3499497990764635,0.0001251204968911637,0.22378772536629052,-0.32706958452333623,-1.419819180165426,1.2359185218811035,-1.3858774344073694,-1.5709903875934046,2.7378175258636475,0.0,0.0008436894277110696,-2.3968450477696024e-05,-7.190534961409867e-05,0.0,-0.00023968450841493905,-0.32706695850253975,-1.419731276232932,1.2359653580625238,-1.3858121247607695,-1.5708703785914244,2.737981204609695,1.6618428237944928e-05,-0.00031803315418370986,0.0005972521022114303,-0.0005755481756081363,8.465274559608959e-05,0.0005391824504946043,0.0026161664980403126,-8.045852446432677,-6.271462527757557,-0.9630404176623747,-3.7602175208133385e-05,2.3648892421275968e-06,28.0,28.0,14.0,6.0,6.0,6.0
1.3495074101712095,1.0,3.8714265969551907e-05,0.00024528533957441663,-0.3499427809874881,0.00011962949350371266,0.22381006344904975,-0.3499427809874881,0.00011962949350371266,0.22381006344904975,-0.34995300938995566,0.00012164874292729656,0.22377277944706112,-0.327033821736471,-1.4197710196124476,1.2359185218811035,-1.3858893553363245,-1.571026627217428,2.7378296852111816,0.0,0.0014572817599400878,-2.3968450477696024e-05,-7.190534961409867e-05,0.0,-0.00021571606339421123,-0.32706690716929204,-1.419732608590852,1.2359678270068812,-1.3858145165211497,-1.570870046010642,2.7379834026888052,1.2833311932493454e-05,-0.0003330894799835802,0.0006172360893485614,-0.0005979400950428117,8.314519561676618e-05,0.0005495197775259782,0.0032304997161849078,-8.051207232847451,-6.273342600775832,-0.9633199432830108,-5.065875694322575e-05,2.618388663809287e-06,28.0,28.0,14.0,6.0,6.0,6.0
1.3546223611675674,1.0,3.8714265969551907e-05,0.00024528533957441663,-0.3499427809874881,0.00011962949350371266,0.22381006344904975,-0.3499427809874881,0.00011962949350371266,0.22381006344904975,-0.34995300938995566,0.00012164874292729656,0.22377277944706112,-0.327033821736471,-1.4197710196124476,1.2359185218811035,-1.3858893553363245,-1.571026627217428,2.7378296852111816,0.0,0.0014572817599400878,-2.3968450477696024e-05,-7.190534961409867e-05,0.0,-0.00021571606339421123,-0.3270668700680816,-1.419733997560557,1.2359703710910304,-1.385816992475147,-1.5708697190982475,2.737985639636265,9.275302605369068e-06,-0.00034724242623545827,0.0006360210372574645,-0.0006189884993114065,8.172809863620218e-05,0.0005592368649354697,0.0032304997161849078,-8.051207232847451,-6.273342600775832,-0.9633199432830108,-5.065875694322575e-05,2.618388663809287e-06,28.0,28.0,14.0,6.0,6.0,6.0
1.3586223611675674,1.0,3.8714265969551907e-05,0.00024528533957441663,-0.3499427809874881,0.00011962949350371266,0.22381006344904975,-0.3499427809874881,0.00011962949350371266,0.22381006344904975,-0.34995300938995566,0.00012164874292729656,0.22377277944706112,-0.327033821736471,-1.4197710196124476,1.2359185218811035,-1.3858893553363245,-1.571026627217428,2.7378296852111816,0.0,0.0014572817599400878,-2.3968450477696024e-05,-7.190534961409867e-05,0.0,-0.00021571606339421123,-0.32706684634498623,-1.4197354397453399,1.2359729858065835,-1.3858195475711441,-1.5708693975141375,2.7379879131199734,5.930773837872146e-06,-0.0003605461957122237,0.0006536788882918335,-0.0006387739993238856,8.039602747447202e-05,0.0005683709271003916,0.0032304997161849078,-8.051207232847451,-6.273342600775832,-0.9633199432830108,-5.065875694322575e-05,2.618388663809287e-06,28.0,28.0,14.0,6.0,6.0,6.0
1.363761058153818,1.0,5.057628139778421e-05,0.00023795144933822432,-0.3499427809874881,0.00011962949350371266,0.22381006344904975,-0.3499427809874881,0.00011962949350371266,0.22381006344904975,-0.3499484094212296,0.00013366697118370234,0.22376180135011042,-0.32705766359438115,-1.4197590986834925,1.2359423637390137,-1.3858893553363245,-1.5710504690753382,2.737877607345581,0.0,0.0014572817599400878,-2.3968450477696024e-05,-7.190534961409867e-05,0.0,-0.00021571606339421123,-0.3270668300667274,-1.41973696233593,1.2359756891758062,-1.3858222101255366,-1.5708690534969219,2.737990143403039,4.069564719730255e-06,-0.0003806476474957619,0.0006758423056620325,-0.0006656385981334268,8.60043039276229e-05,0.0005575707664299979,0.0035486281731673184,-8.052160713056846,-6.273604456687671,-0.9633535979308174,-4.703609056877953e-05,1.6926673748443323e-06,28.0,28.0,14.0,6.0,6.0,6.0
1.367761058153818,1.0,5.057628139778421e-05,0.00023795144933822432,-0.3499427809874881,0.00011962949350371266,0.22381006344904975,-0.3499427809874881,0.00011962949350371266,0.22381006344904975,-0.3499484094212296,0.00013366697118370234,0.22376180135011042,-0.32705766359438115,-1.4197590986834925,1.2359423637390137,-1.3858893553363245,-1.5710504690753382,2.737877607345581,0.0,0.0014572817599400878,-2.3968450477696024e-05,-7.190534961409867e-05,0.0,-0.00021571606339421123,-0.3270668207866148,-1.4197385605079786,1.2359784758794783,-1.3858249736908206,-1.5708686883925866,2.737992333077501,2.3200281486768774e-06,-0.0003995430121722878,0.0006966759179900196,-0.0006908913210143954,9.127608379358473e-05,0.0005474186153998278,0.0035486281731673184,-8.052160713056846,-6.273604456687671,-0.9633535979308174,-4.703609056877953e-05,1.6926673748443323e-06,28.0,28.0,14.0,6.0,6.0,6.0
1.3726848511754075,1.0,5.057628139778421e-05,0.00023795144933822432,-0.3499427809874881,0.00011962949350371266,0.22381006344904975,-0.3499427809874881,0.00011962949350371266,0.22381006344904975,-0.3499484094212296,0.00013366697118370234,0.22376180135011042,-0.32705766359438115,-1.4197590986834925,1.2359423637390137,-1.3858893553363245,-1.5710504690753382,2.737877607345581,0.0,0.0014572817599400878,-2.3968450477696024e-05,-7.190534961409867e-05,0.0,-0.00021571606339421123,-0.32706681808475974,-1.4197402297265984,1.2359813409175326,-1.3858278322063426,-1.570868303466359,2.7379944845798745,6.754637718867026e-07,-0.0004173046549682221,0.0007162595135783274,-0.000714628880522506,9.623155686758885e-05,0.000537875593431468,0.0035486281731673184,-8.052160713056846,-6.273604456687671,-0.9633535979308174,-4.703609056877953e-05,1.6926673748443323e-06,28.0,28.0,14.0,6.0,6.0,6.0
1.3766848511754075,1.0,3.6471865052838644e-05,0.00022054643672387686,-0.3499427809874881,0.00011962949350371266,0.22381006344904975,-0.3499427809874881,0.00011962949350371266,0.22381006344904975,-0.3499499173667082,0.0001247721094482076,0.2237746682158494,-0.3270457426654261,-1.4197948614703577,1.2359423637390137,-1.3859012762652796,-1.571026627217428,2.7378416061401367,0.0,0.0014572817599400878,-2.3968450477696024e-05,-7.190534961409867e-05,0.0,-0.00021571606339421123,-0.3270668198482396,-1.419741915222808,1.2359842333174362,-1.3858307292968934,-1.5708679273560018,2.7379966571282868,-4.408699705844034e-07,-0.0004213740523575889,0.0007230999759138161,-0.0007242726376765334,9.402758935200136e-05,0.0005431371030850308,0.0032251274517954686,-8.050613398870537,-6.27329739322465,-0.9633165701647665,-4.7585894185553936e-05,2.310737090498318e-06,28.0,28.0,14.0,6.0,6.0,6.0
1.3815540281815926,1.0,3.6471865052838644e-05,0.00022054643672387686,-0.3499427809874881,0.00011962949350371266,0.22381006344904975,-0.3499427809874881,0.00011962949350371266,0.22381006344904975,-0.3499499173667082,0.0001247721094482076,0.2237746682158494,-0.3270457426654261,-1.4197948614703577,1.2359423637390137,-1.3859012762652796,-1.571026627217428,2.7378416061401367,0.0,0.0014572817599400878,-2.3968450477696024e-05,-7.190534961409867e-05,0.0,-0.00021571606339421123,-0.3270668258091344,-1.4197436160199515,1.2359871514374783,-1.385833662647971,-1.5708675595325623,2.7379988494599754,-1.490223688507243e-06,-0.0004251992859035936,0.0007295300105091754,-0.0007333377694013193,9.195585988734912e-05,0.00054808292215938,0.0032251274517954686,-8.050613398870537,-6.27329739322465,-0.9633165701647665,-4.7585894185553936e-05,2.310737090498318e-06,28.0,28.0,14.0,6.0,6.0,6.0
1.3855540281815926,1.0,4.7189126405213904e-05,0.0002406549754766839,-0.3499427809874881,0.00011962949350371266,0.22381006344904975,-0.3499427809874881,0.00011962949350371266,0.22381006344904975,-0.3499484637033749,0.00013145679943097962,0.22376473536475822,-0.3270815054522913,-1.4197710196124476,1.2359423637390137,-1.3858774344073694,-1.5710023085223597,2.7378416061401367,0.0,0.00138058268930763,-2.3968450477696024e-05,-7.190534961409867e-05,0.0,-0.00021571606339421123,-0.32706680638713514,-1.4197453703849028,1.2359901304049044,-1.3858366861726623,-1.5708672275149762,2.7380010485203488,4.855499812458105e-06,-0.0004385912378243295,0.0007447418565166878,-0.0007558811727955486,8.300439650390768e-05,0.0005497650933659583,0.0038935979893577753,-8.051423184402735,-6.273333720520755,-0.9633145181374013,-3.5776736188587906e-05,1.8493105086810285e-06,28.0,28.0,14.0,6.0,6.0,6.0
1.3904398272002587,1.0,4.7189126405213904e-05,0.0002406549754766839,-0.3499427809874881,0.00011962949350371266,0.22381006344904975,-0.3499427809874881,0.00011962949350371266,0.22381006344904975,-0.3499484637033749,0.00013145679943097962,0.22376473536475822,-0.3270815054522913,-1.4197710196124476,1.2359423637390137,-1.3858774344073694,-1.5710023085223597,2.7378416061401367,0.0,0.00138058268930763,-2.3968450477696024e-05,-7.190534961409867e-05,0.0,-0.00021571606339421123,-0.32706676310521554,-1.4197471751035933,1.2359931665688715,-1.3858397944605503,-1.5708669291548925,2.7380032539056858,1.0820479903365532e-05,-0.00045117967262982126,0.0007590409917637496,-0.0007770719719861242,7.459002092347271e-05,0.000551346334300142,0.0038935979893577753,-8.051423184402735,-6.273333720520755,-0.9633145181374013,-3.5776736188587906e-05,1.8493105086810285e-06,28.0,28.0,14.0,6.0,6.0,6.0
1.3944398272002587,1.0,4.7189126405213904e-05,0.0002406549754766839,-0.3499427809874881,0.00011962949350371266,0.22381006344904975,-0.3499427809874881,0.00011962949350371266,0.22381006344904975,-0.3499484637033749,0.00013145679943097962,0.22376473536475822,-0.3270815054522913,-1.4197710196124476,1.2359423637390137,-1.3858774344073694,-1.5710023085223597,2.7378416061401367,0.0,0.00138058268930763,-2.3968450477696024e-05,-7.190534961409867e-05,0.0,-0.00021571606339421123,-0.3270666973949708,-1.4197490271547986,1.235996256497587,-1.3858429824258431,-1.5708666624328609,2.7380054652364887,1.6427561188818516e-05,-0.0004630128013469835,0.0007724821788959876,-0.0007969913232252653,6.668050787786385e-05,0.0005528327007782747,0.0038935979893577753,-8.051423184402735,-6.273333720520755,-0.9633145181374013,-3.5776736188587906e-05,1.8493105086810285e-06,28.0,28.0,14.0,6.0,6.0,6.0
1.3990941002126789,1.0,3.126218938808769e-05,0.00022812154967553176,-0.3499427809874881,0.00011962949350371266,0.22381006344904975,-0.3499427809874881,0.00011962949350371266,0.22381006344904975,-0.3499498665196279,0.00011786088714823279,0.22377966621642584,-0.327033821736471,-1.4197948614703577,1.2359185218811035,-1.3858774344073694,-1.5710142294513147,2.7378416061401367,0.0,0.0010546118719503284,-2.3968450477696024e-05,-7.190534961409867e-05,0.0,-0.0001917476038215682,-0.3270666423494138,-1.419750902496562,1.2359993722683793,-1.3858462025527876,-1.570866411704375,2.738007706489351,1.376138925517382e-05,-0.0004688354408654462,0.00077894269806987,-0.0008050317360934532,6.268212151011862e-05,0.0005603132155902267,0.0025891520380993092,-8.047935401982498,-6.272170990277618,-0.9631472777464387,-4.9350693184297e-05,2.412765468401774e-06,28.0,28.0,14.0,6.0,6.0,6.0
1.4030941002126789,1.0,3.126218938808769e-05,0.00022812154967553176,-0.3499427809874881,0.00011962949350371266,0.22381006344904975,-0.3499427809874881,0.00011962949350371266,0.22381006344904975,-0.3499498665196279,0.00011786088714823279,0.22377966621642584,-0.327033821736471,-1.4197948614703577,1.2359185218811035,-1.3858774344073694,-1.5710142294513147,2.7378416061401367,0.0,0.0010546118719503284,-2.3968450477696024e-05,-7.190534961409867e-05,0.0,-0.0001917476038215682,-0.3270665973286632,-1.41975279973145,1.2360025123307237,-1.3858494529116843,-1.5708661760098217,2.738009975868949,1.1255187637547806e-05,-0.00047430872201280116,0.0007850155860933196,-0.0008125897241895499,5.892363832443811e-05,0.0005673448995134616,0.0025891520380993092,-8.047935401982498,-6.272170990277618,-0.9631472777464387,-4.9350693184297e-05,2.412765468401774e-06,28.0,28.0,14.0,6.0,6.0,6.0
1.4080428272134164,1.0,3.126218938808769e-05,0.00022812154967553176,-0.3499427809874881,0.00011962949350371266,0.22381006344904975,-0.3499427809874881,0.00011962949350371266,0.22381006344904975,-0.3499498665196279,0.00011786088714823279,0.22377966621642584,-0.327033821736471,-1.4197948614703577,1.2359185218811035,-1.3858774344073694,-1.5710142294513147,2.7378416061401367,0.0,0.0010546118719503284,-2.3968450477696024e-05,-7.190534961409867e-05,0.0,-0.0001917476038215682,-0.3270665617312308,-1.4197547175458753,1.2360056752271271,-1.3858527316886162,-1.5708659544471653,2.738012271687679,8.899358116979353e-06,-0.0004794536062913148,0.0007907241008353622,-0.0008196942329998807,5.539066412989843e-05,0.0005739546824013023,0.0025891520380993092,-8.047935401982498,-6.272170990277618,-0.9631472777464387,-4.9350693184297e-05,2.412765468401774e-06,28.0,28.0,14.0,6.0,6.0,6.0
1.4120428272134165,1.0,2.8505310029027525e-05,0.00020266440658606852,-0.3499427809874881,0.00011962949350371266,0.22381006344904975,-0.3499427809874881,0.00011962949350371266,0.22381006344904975,-0.34995412088043026,0.00012347629516245627,0.2237841952901491,-0.3270457426654261,-1.4197948614703577,1.2359066009521484,-1.3858893553363245,-1.5710142294513147,2.7378416061401367,0.0,0.0008436894277110696,-2.3968450477696024e-05,-7.190534961409867e-05,0.0,-0.0001917476038215682,-0.32706652815641274,-1.4197566522020417,1.2360088459650433,-1.3858560087414622,-1.5708657461741855,2.7380145854615847,8.393704513245093e-06,-0.00048366404159275677,0.0007926844790445824,-0.0008192632114999918,5.2068244943131706e-05,0.000578443476433923,0.0023386044325106226,-8.046401944748862,-6.271565514386358,-0.9630500452327052,-4.627933668284374e-05,2.2587910904975937e-06,28.0,28.0,14.0,6.0,6.0,6.0
1.4168193942012737,1.0,2.8505310029027525e-05,0.00020266440658606852,-0.3499427809874881,0.00011962949350371266,0.22381006344904975,-0.3499427809874881,0.00011962949350371266,0.22381006344904975,-0.34995412088043026,0.00012347629516245627,0.2237841952901491,-0.3270457426654261,-1.4197948614703577,1.2359066009521484,-1.3858893553363245,-1.5710142294513147,2.7378416061401367,0.0,0.0008436894277110696,-2.3968450477696024e-05,-7.190534961409867e-05,0.0,-0.0001917476038215682,-0.32706649648285224,-1.4197586026894449,1.2360120240739816,-1.3858592841736674,-1.5708655503935018,2.738016916113356,7.918390125734888e-06,-0.0004876218507761122,0.0007945272345612494,-0.0008188580512900961,4.8945170907570986e-05,0.0005826629428245865,0.0023386044325106226,-8.046401944748862,-6.271565514386358,-0.9630500452327052,-4.627933668284374e-05,2.2587910904975937e-06,28.0,28.0,14.0,6.0,6.0,6.0
1.4208193942012737,1.0,2.8505310029027525e-05,0.00020266440658606852,-0.3499427809874881,0.00011962949350371266,0.22381006344904975,-0.3499427809874881,0.00011962949350371266,0.22381006344904975,-0.34995412088043026,0.00012347629516245627,0.2237841952901491,-0.3270457426654261,-1.4197948614703577,1.2359066009521484,-1.3858893553363245,-1.5710142294513147,2.7378416061401367,0.0,0.0008436894277110696,-2.3968450477696024e-05,-7.190534961409867e-05,0.0,-0.0001917476038215682,-0.3270664665964738,-1.4197605680582106,1.2360152091116805,-1.3858625580824702,-1.5708653663555765,2.7380192626303206,7.471594601475296e-06,-0.0004913421914084663,0.0007962594247469164,-0.0008184772006927942,4.600948131414391e-05,0.0005866292412318101,0.0023386044325106226,-8.046401944748862,-6.271565514386358,-0.9630500452327052,-4.627933668284374e-05,2.2587910904975937e-06,28.0,28.0,14.0,6.0,6.0,6.0
1.4257194412038667,1.0,4.858465017061251e-05,0.00019857670084620242,-0.3499427809874881,0.00011962949350371266,0.22381006344904975,-0.3499427809874881,0.00011962949350371266,0.22381006344904975,-0.3499507391187983,0.00014018478668443012,0.22376676660966735,-0.3270815054522913,-1.4197710196124476,1.2359423637390137,-1.3859012762652796,-1.571038548146383,2.737901210784912,0.0,0.0007094661123119295,-2.3968450477696024e-05,-7.190534961409867e-05,0.0,-0.0001917476038215682,-0.32706642658244733,-1.419762597860846,1.2360184267423828,-1.3858658675634228,-1.570865165369268,2.738021526002226,1.000350661779752e-05,-0.0005074506588297485,0.0008044076755652574,-0.0008273702381470495,5.024657714096085e-05,0.0005658429763699737,0.002691717085254333,-8.047135093526986,-6.271664846658405,-0.9630514236776723,-3.963104889793062e-05,1.0284558308941727e-06,28.0,28.0,14.0,6.0,6.0,6.0
1.4297194412038667,1.0,4.858465017061251e-05,0.00019857670084620242,-0.3499427809874881,0.00011962949350371266,0.22381006344904975,-0.3499427809874881,0.00011962949350371266,0.22381006344904975,-0.3499507391187983,0.00014018478668443012,0.22376676660966735,-0.3270815054522913,-1.4197710196124476,1.2359423637390137,-1.3859012762652796,-1.571038548146383,2.737901210784912,0.0,0.0007094661123119295,-2.3968450477696024e-05,-7.190534961409867e-05,0.0,-0.0001917476038215682,-0.32706637704843167,-1.4197646882313186,1.2360216750105082,-1.3858692104821961,-1.5708649484514792,2.7380237112177754,1.238350391314041e-05,-0.0005225926182057536,0.000812067031334498,-0.0008357296933540495,5.422944721816877e-05,0.0005463038873998474,0.002691717085254333,-8.047135093526986,-6.271664846658405,-0.9630514236776723,-3.963104889793062e-05,1.0284558308941727e-06,28.0,28.0,14.0,6.0,6.0,6.0
1.4347453441997065,1.0,4.858465017061251e-05,0.00019857670084620242,-0.3499427809874881,0.00011962949350371266,0.22381006344904975,-0.3499427809874881,0.00011962949350371266,0.22381006344904975,-0.3499507391187983,0.00014018478668443012,0.22376676660966735,-0.3270815054522913,-1.4197710196124476,1.2359423637390137,-1.3859012762652796,-1.571038548146383,2.737901210784912,0.0,0.0007094661123119295,-2.3968450477696024e-05,-7.190534961409867e-05,0.0,-0.0001917476038215682,-0.3270663185656262,-1.4197668355355586,1.2360249520778113,-1.385872584832521,-1.570864716558099,2.7380258229663506,1.4620701370762726e-05,-0.0005368260600191985,0.0008192668257575842,-0.0008435875812486295,5.7973345090744224e-05,0.0005279371437679288,0.002691717085254333,-8.047135093526986,-6.271664846658405,-0.9630514236776723,-3.963104889793062e-05,1.0284558308941727e-06,28.0,28.0,14.0,6.0,6.0,6.0
1.4387453441997065,1.0,4.2284252018610086e-05,0.00019538032101521006,-0.3499427809874881,0.00011962949350371266,0.22381006344904975,-0.3499427809874881,0.00011962949350371266,0.22381006344904975,-0.3499444840151159,0.00013427881966621103,0.2237704344835238,-0.3270934263812464,-1.4198067823993128,1.235966682434082,-1.3858893553363245,-1.5710023085223597,2.737901210784912,0.0,0.0006135923322290182,-2.3968450477696024e-05,-7.190534961409867e-05,0.0,-0.0001917476038215682,-0.32706623177534344,-1.419769014733615,1.2360282356700916,-1.3858759949744333,-1.5708645123239868,2.7380278718226547,2.169757068280181e-05,-0.0005447995140984104,0.0008208980700623575,-0.0008525354780724394,5.10585280049343e-05,0.0005122140760491513,0.00272832441199851,-8.04570524493613,-6.271311654815941,-0.9630079157906818,-3.271645993936953e-05,8.745136294196757e-07,28.0,28.0,14.0,6.0,6.0,6.0
1.4433034442155628,1.0,4.2284252018610086e-05,0.00019538032101521006,-0.3499427809874881,0.00011962949350371266,0.22381006344904975,-0.3499427809874881,0.00011962949350371266,0.22381006344904975,-0.3499444840151159,0.00013427881966621103,0.2237704344835238,-0.3270934263812464,-1.4198067823993128,1.235966682434082,-1.3858893553363245,-1.5710023085223597,2.737901210784912,0.0,0.0006135923322290182,-2.3968450477696024e-05,-7.190534961409867e-05,0.0,-0.0001917476038215682,-0.3270661183760321,-1.4197712239118587,1.2360315253958505,-1.3858794387604376,-1.5708643340895871,2.738029861560224,2.8349827836118546e-05,-0.0005522945609328696,0.0008224314397088445,-0.0008609465010868206,4.4558599944272975e-05,0.0004974343923935006,0.00272832441199851,-8.04570524493613,-6.271311654815941,-0.9630079157906818,-3.271645993936953e-05,8.745136294196757e-07,28.0,28.0,14.0,6.0,6.0,6.0
1.4473034442155628,1.0,4.607944770418668e-05,0.00022215196296587102,-0.3499427809874881,0.00011962949350371266,0.22381006344904975,-0.3499427809874881,0.00011962949350371266,0.22381006344904975,-0.3499574338614563,0.00012877247891174116,0.22376734325940803,-0.32705766359438115,-1.4197590986834925,1.2359304428100586,-1.3859131971942347,-1.5710142294513147,2.7378416061401367,0.0,0.0005368932615965605,-2.3968450477696024e-05,-7.190534961409867e-05,0.0,-0.0001917476038215682,-0.3270660048235252,-1.4197734876459676,1.2360348332480167,-1.3858828895540969,-1.5708641665467105,2.7380318807288524,2.8388126725639127e-05,-0.0005659335272167629,0.0008269630415469724,-0.0008626984148362096,4.188571915942393e-05,0.0005047921571072374,0.0023219988593664864,-8.046138367316875,-6.2712402555975295,-0.9629833590441454,-4.3204900408596114e-05,2.1049393567353055e-06,28.0,28.0,14.0,6.0,6.0,6.0
1.4522509842165752,1.0,4.607944770418668e-05,0.00022215196296587102,-0.3499427809874881,0.00011962949350371266,0.22381006344904975,-0.3499427809874881,0.00011962949350371266,0.22381006344904975,-0.3499574338614563,0.00012877247891174116,0.22376734325940803,-0.32705766359438115,-1.4197590986834925,1.2359304428100586,-1.3859131971942347,-1.5710142294513147,2.7378416061401367,0.0,0.0005368932615965605,-2.3968450477696024e-05,-7.190534961409867e-05,0.0,-0.0001917476038215682,-0.3270658911270145,-1.4197758026625897,1.2360381581390059,-1.3858863469349518,-1.5708640090538655,2.738033927562676,2.8424127681788476e-05,-0.0005787541555236225,0.0008312227472748126,-0.0008643452137606353,3.9373211221665827e-05,0.00051170845593815,0.0023219988593664864,-8.046138367316875,-6.2712402555975295,-0.9629833590441454,-4.3204900408596114e-05,2.1049393567353055e-06,28.0,28.0,14.0,6.0,6.0,6.0
1.4562509842165752,1.0,4.607944770418668e-05,0.00022215196296587102,-0.3499427809874881,0.00011962949350371266,0.22381006344904975,-0.3499427809874881,0.00011962949350371266,0.22381006344904975,-0.3499574338614563,0.00012877247891174116,0.22376734325940803,-0.32705766359438115,-1.4197590986834925,1.2359304428100586,-1.3859131971942347,-1.5710142294513147,2.7378416061401367,0.0,0.0005368932615965605,-2.3968450477696024e-05,-7.190534961409867e-05,0.0,-0.0001917476038215682,-0.3270657772951402,-1.4197781658847743,1.2360414990464885,-1.3858898105077708,-1.5708638610080505,2.7380360004017836,2.8457968580568864e-05,-0.0005908055461320706,0.0008352268706589824,-0.0008658932047495954,3.701145376017321e-05,0.0005182097768392079,0.0023219988593664864,-8.046138367316875,-6.2712402555975295,-0.9629833590441454,-4.3204900408596114e-05,2.1049393567353055e-06,28.0,28.0,14.0,6.0,6.0,6.0
1.4612187082187744,1.0,4.607944770418668e-05,0.00022215196296587102,-0.3499427809874881,0.00011962949350371266,0.22381006344904975,-0.3499427809874881,0.00011962949350371266,0.22381006344904975,-0.3499574338614563,0.00012877247891174116,0.22376734325940803,-0.32705766359438115,-1.4197590986834925,1.2359304428100586,-1.3859131971942347,-1.5710142294513147,2.7378416061401367,0.0,0.0005368932615965605,-2.3968450477696024e-05,-7.190534961409867e-05,0.0,-0.0001917476038215682,-0.3270656633360241,-1.4197805744201875,1.2360448550094751,-1.385893279901036,-1.5708637218424435,2.7380380976858576,2.848977902542243e-05,-0.0006021338533040118,0.000838990746640102,-0.0008673483162792179,3.479140174637015e-05,0.0005243210184862023,0.0023219988593664864,-8.046138367316875,-6.2712402555975295,-0.9629833590441454,-4.3204900408596114e-05,2.1049393567353055e-06,28.0,28.0,14.0,6.0,6.0,6.0
1.4652187082187744,1.0,3.2324265679302123e-05,0.00020449913914907407,-0.3499427809874881,0.00011962949350371266,0.22381006344904975,-0.3499427809874881,0.00011962949350371266,0.22381006344904975,-0.3499463857708122,0.0001281347153525191,0.22377908725028045,-0.3270815054522913,-1.4198067823993128,1.2359304428100586,-1.3858655134784144,-1.5709903875934046,2.737853527069092,0.0,0.0004793690168298781,-2.3968450477696024e-05,-7.190534961409867e-05,0.0,-0.00016777915880084038,-0.32706552697367647,-1.4197829970784652,1.236048220621791,-1.385896781513923,-1.570863618490065,2.7380402001860356,3.409058691229862e-05,-0.0006056645694620709,0.000841403079009522,-0.0008754032217601265,2.5838094613458668e-05,0.00052562504448064,0.0024177110584134394,-8.044462072581727,-6.270762337944082,-0.9629282895533923,-3.453001441448463e-05,1.591897793277053e-06,28.0,28.0,14.0,6.0,6.0,6.0
1.4697198172302457,1.0,3.2324265679302123e-05,0.00020449913914907407,-0.3499427809874881,0.00011962949350371266,0.22381006344904975,-0.3499427809874881,0.00011962949350371266,0.22381006344904975,-0.3499463857708122,0.0001281347153525191,0.22377908725028045,-0.3270815054522913,-1.4198067823993128,1.2359304428100586,-1.3858655134784144,-1.5709903875934046,2.737853527069092,0.0,0.0004793690168298781,-2.3968450477696024e-05,-7.190534961409867e-05,0.0,-0.00016777915880084038,-0.32706536955229115,-1.419785433012236,1.2360515953044768,-1.3859003134132546,-1.5708635488021214,2.7380423075893514,3.9355346325962244e-05,-0.0006089834426506465,0.0008436706714367769,-0.0008829748329121807,1.742198590852187e-05,0.0005268508289154115,0.0024177110584134394,-8.044462072581727,-6.270762337944082,-0.9629282895533923,-3.453001441448463e-05,1.591897793277053e-06,28.0,28.0,14.0,6.0,6.0,6.0
1.4737198172302457,1.0,3.549591195941606e-05,0.0001940065862324744,-0.3499427809874881,0.00011962949350371266,0.22381006344904975,-0.3499427809874881,0.00011962949350371266,0.22381006344904975,-0.3499546154211017,0.00012258217240722864,0.2237767289678903,-0.32705766359438115,-1.4197829405414026,1.2359185218811035,-1.3858893553363245,-1.5709903875934046,2.737877607345581,0.0,0.0004218447138555348,-2.3968450477696024e-05,-7.190534961409867e-05,0.0,-0.00016777915880084038,-0.32706520604350464,-1.4197878914251016,1.2360549749681344,-1.3859038492654658,-1.570863510751951,2.738044405618695,4.087719663413488e-05,-0.0006146032164455575,0.0008449159143835844,-0.0008839630528342977,9.512542595811687e-06,0.0005245073359488544,0.0021368841638955086,-8.044528467669101,-6.270706980889015,-0.9629118388501696,-4.0680321928292465e-05,1.588765786331655e-06,28.0,28.0,14.0,6.0,6.0,6.0
1.478821707213298,1.0,3.549591195941606e-05,0.0001940065862324744,-0.3499427809874881,0.00011962949350371266,0.22381006344904975,-0.3499427809874881,0.00011962949350371266,0.22381006344904975,-0.3499546154211017,0.00012258217240722864,0.2237767289678903,-0.32705766359438115,-1.4197829405414026,1.2359185218811035,-1.3858893553363245,-1.5709903875934046,2.737877607345581,0.0,0.0004218447138555348,-2.3968450477696024e-05,-7.190534961409867e-05,0.0,-0.00016777915880084038,-0.32706503681256094,-1.4197903709683168,1.2360583593139054,-1.3859073888333842,-1.5708635024412876,2.7380464948365053,4.230773592381716e-05,-0.0006198858038127739,0.0008460864427535835,-0.0008848919795610877,2.077665881864115e-06,0.0005223044525602906,0.0021368841638955086,-8.044528467669101,-6.270706980889015,-0.9629118388501696,-4.0680321928292465e-05,1.588765786331655e-06,28.0,28.0,14.0,6.0,6.0,6.0
1.482821707213298,1.0,3.549591195941606e-05,0.0001940065862324744,-0.3499427809874881,0.00011962949350371266,0.22381006344904975,-0.3499427809874881,0.00011962949350371266,0.22381006344904975,-0.3499546154211017,0.00012258217240722864,0.2237767289678903,-0.32705766359438115,-1.4197829405414026,1.2359185218811035,-1.3858893553363245,-1.5709903875934046,2.737877607345581,0.0,0.0004218447138555348,-2.3968450477696024e-05,-7.190534961409867e-05,0.0,-0.00016777915880084038,-0.3270648622027895,-1.4197928703740605,1.236061748060863,-1.385910931894067,-1.5708635220857605,2.738048575771474,4.3652442856118504e-05,-0.0006248514359379572,0.0008471867394213826,-0.0008857651706842703,-4.911118229246603e-06,0.0005202337421750407,0.0021368841638955086,-8.044528467669101,-6.270706980889015,-0.9629118388501696,-4.0680321928292465e-05,1.588765786331655e-06,28.0,28.0,14.0,6.0,6.0,6.0
1.4877360022289219,1.0,3.381951801252317e-05,0.00017300085293707343,-0.3499427809874881,0.00011962949350371266,0.22381006344904975,-0.3499427809874881,0.00011962949350371266,0.22381006344904975,-0.3499604954565856,0.00011923805873569637,0.2237812571274863,-0.32705766359438115,-1.4197829405414026,1.2359066009521484,-1.3859012762652796,-1.5709660688983362,2.737889051437378,0.0,0.0003834952076431364,-2.3968450477696024e-05,-7.190534961409867e-05,0.0,-0.00016777915880084038,-0.32706467378185994,-1.4197953731561397,1.2360651220965466,-1.3859144490680322,-1.5708635960151804,2.7380506444937125,4.7105232390271154e-05,-0.0006256955198070569,0.0008435089208834881,-0.0008792934912908818,-1.848235495239713e-05,0.0005171805595940366,0.002122167170115929,-8.043988023834128,-6.27052077873108,-0.9628813941536455,-3.810388798484826e-05,1.4409926119827698e-06,28.0,28.0,14.0,6.0,6.0,6.0
1.4917360022289219,1.0,3.381951801252317e-05,0.00017300085293707343,-0.3499427809874881,0.00011962949350371266,0.22381006344904975,-0.3499427809874881,0.00011962949350371266,0.22381006344904975,-0.3499604954565856,0.00011923805873569637,0.2237812571274863,-0.32705766359438115,-1.4197829405414026,1.2359066009521484,-1.3859012762652796,-1.5709660688983362,2.737889051437378,0.0,0.0003834952076431364,-2.3968450477696024e-05,-7.190534961409867e-05,0.0,-0.00016777915880084038,-0.3270644723784417,-1.4197978791119743,1.2360684823036325,-1.3859179419084828,-1.5708637209724503,2.7380527017359846,5.035085455237465e-05,-0.0006264889586440106,0.0008400517714578674,-0.0008732101126610967,-3.123931747215862e-05,0.0005143105679678928,0.002122167170115929,-8.043988023834128,-6.27052077873108,-0.9628813941536455,-3.810388798484826e-05,1.4409926119827698e-06,28.0,28.0,14.0,6.0,6.0,6.0
1.496338033225388,1.0,3.381951801252317e-05,0.00017300085293707343,-0.3499427809874881,0.00011962949350371266,0.22381006344904975,-0.3499427809874881,0.00011962949350371266,0.22381006344904975,-0.3499604954565856,0.00011923805873569637,0.2237812571274863,-0.32705766359438115,-1.4197829405414026,1.2359066009521484,-1.3859012762652796,-1.5709660688983362,2.737889051437378,0.0,0.0003834952076431364,-2.3968450477696024e-05,-7.190534961409867e-05,0.0,-0.00016777915880084038,-0.32706425877148415,-1.419800388051139,1.2360718295118365,-1.3859214118754297,-1.5708638938958992,2.738054748187088,5.340173938475193e-05,-0.000627234791150747,0.0008368020509977839,-0.0008674917367490988,-4.323086224073442e-05,0.0005116127758393175,0.002122167170115929,-8.043988023834128,-6.27052077873108,-0.9628813941536455,-3.810388798484826e-05,1.4409926119827698e-06,28.0,28.0,14.0,6.0,6.0,6.0
1.500338033225388,1.0,2.9157740124111987e-05,0.0001671400954496758,-0.3499427809874881,0.00011962949350371266,0.22381006344904975,-0.3499427809874881,0.00011962949350371266,0.22381006344904975,-0.349957093573738,0.0001222563014998138,0.2237847964040358,-0.32706958452333623,-1.419819180165426,1.2359423637390137,-1.385925594960348,-1.5709660688983362,2.737853527069092,0.0,0.0003451456723269075,-2.3968450477696024e-05,-7.190534961409867e-05,0.0,0.0,-0.3270640268533114,-1.4198028674928203,1.2360751225314783,-1.3859248239697148,-1.5708641119110418,2.7380568265782546,5.797954319772913e-05,-0.0006198604203370248,0.0008232549104808346,-0.0008530235712600415,-5.4503785652305525e-05,0.0005195977917190756,0.00197001766739917,-8.042762962946304,-6.270347208104027,-0.9628597885729089,-3.503377970242935e-05,1.3846653855902079e-06,28.0,28.0,14.0,6.0,6.0,6.0
1.5052083972312982,1.0,2.9157740124111987e-05,0.0001671400954496758,-0.3499427809874881,0.00011962949350371266,0.22381006344904975,-0.3499427809874881,0.00011962949350371266,0.22381006344904975,-0.349957093573738,0.0001222563014998138,0.2237847964040358,-0.32706958452333623,-1.419819180165426,1.2359423637390137,-1.385925594960348,-1.5709660688983362,2.737853527069092,0.0,0.0003451456723269075,-2.3968450477696024e-05,-7.190534961409867e-05,0.0,0.0,-0.32706377772259626,-1.4198053192068674,1.236078364613872,-1.3859281816636977,-1.5708643723123765,2.7380589349930813,6.22826787819277e-05,-0.000612928511772126,0.0008105205983949023,-0.0008394234957003276,-6.510033365918237e-05,0.0005271037066460482,0.00197001766739917,-8.042762962946304,-6.270347208104027,-0.9628597885729089,-3.503377970242935e-05,1.3846653855902079e-06,28.0,28.0,14.0,6.0,6.0,6.0
1.5092083972312982,1.0,2.9157740124111987e-05,0.0001671400954496758,-0.3499427809874881,0.00011962949350371266,0.22381006344904975,-0.3499427809874881,0.00011962949350371266,0.22381006344904975,-0.349957093573738,0.0001222563014998138,0.2237847964040358,-0.32706958452333623,-1.419819180165426,1.2359423637390137,-1.385925594960348,-1.5709660688983362,2.737853527069092,0.0,0.0003451456723269075,-2.3968450477696024e-05,-7.190534961409867e-05,0.0,0.0,-0.32706351241209136,-1.4198077448569382,1.236081558815252,-1.3859314882213964,-1.5708646725567317,2.738061071630148,6.632762623107435e-05,-0.000606412517721121,0.0007985503450341259,-0.0008266394246741966,-7.506108878564659e-05,0.0005341592666774025,0.00197001766739917,-8.042762962946304,-6.270347208104027,-0.9628597885729089,-3.503377970242935e-05,1.3846653855902079e-06,28.0,28.0,14.0,6.0,6.0,6.0
1.5144064602400182,1.0,4.5555171545391255e-05,0.0002332334972461689,-0.3499427809874881,0.00011962949350371266,0.22381006344904975,-0.3499427809874881,0.00011962949350371266,0.22381006344904975,-0.34995637656112305,0.00012356824945703918,0.2237667630999333,-0.3270815054522913,-1.4197710196124476,1.2359423637390137,-1.3859012762652796,-1.5709541479693812,2.7378296852111816,0.0,0.00032597093377262354,-2.3968450477696024e-05,-7.190534961409867e-05,0.0,0.0,-0.32706322072831684,-1.4198102118987708,1.2360847686728382,-1.3859348258732973,-1.5708650239782807,2.7380632596966223,7.29209436296821e-05,-0.0006167604581492885,0.0008024643965693487,-0.0008344129752384835,-8.785538723059343e-05,0.0005470166185427509,0.0025856130816142597,-8.044771974656976,-6.270718029479627,-0.9629052632263729,-3.068780506210923e-05,1.5386277040733263e-06,28.0,28.0,14.0,6.0,6.0,6.0
1.5184064602400182,1.0,4.5555171545391255e-05,0.0002332334972461689,-0.3499427809874881,0.00011962949350371266,0.22381006344904975,-0.3499427809874881,0.00011962949350371266,0.22381006344904975,-0.34995637656112305,0.00012356824945703918,0.2237667630999333,-0.3270815054522913,-1.4197710196124476,1.2359423637390137,-1.3859012762652796,-1.5709541479693812,2.7378296852111816,0.0,0.00032597093377262354,-2.3968450477696024e-05,-7.190534961409867e-05,0.0,0.0,-0.3270629042536689,-1.4198127178488593,1.2360879932472584,-1.3859381927537484,-1.5708654235063917,2.7380654961067394,7.911866198437338e-05,-0.000626487522151766,0.000806143605012458,-0.0008417201127689131,-9.988202776884346e-05,0.0005591025292961783,0.0025856130816142597,-8.044771974656976,-6.270718029479627,-0.9629052632263729,-3.068780506210923e-05,1.5386277040733263e-06,28.0,28.0,14.0,6.0,6.0,6.0
1.523202024258441,1.0,4.5555171545391255e-05,0.0002332334972461689,-0.3499427809874881,0.00011962949350371266,0.22381006344904975,-0.3499427809874881,0.00011962949350371266,0.22381006344904975,-0.34995637656112305,0.00012356824945703918,0.2237667630999333,-0.3270815054522913,-1.4197710196124476,1.2359423637390137,-1.3859012762652796,-1.5709541479693812,2.7378296852111816,0.0,0.00032597093377262354,-2.3968450477696024e-05,-7.190534961409867e-05,0.0,0.0,-0.32706256447559995,-1.4198152603727086,1.2360912316555022,-1.3859415871090366,-1.5708658682546712,2.738067777959881,8.494451723778318e-05,-0.0006356309623140947,0.0008096020609489809,-0.000848588822047517,-0.00011118706987479848,0.0005704632854044001,0.0025856130816142597,-8.044771974656976,-6.270718029479627,-0.9629052632263729,-3.068780506210923e-05,1.5386277040733263e-06,28.0,28.0,14.0,6.0,6.0,6.0
1.527202024258441,1.0,4.165187014380192e-05,0.000241850645754903,-0.3499427809874881,0.00011962949350371266,0.22381006344904975,-0.3499427809874881,0.00011962949350371266,0.22381006344904975,-0.34995977170266634,0.00011482021366106387,0.22377233991910353,-0.3270457426654261,-1.4197590986834925,1.2359066009521484,-1.3858893553363245,-1.5709660688983362,2.7378296852111816,0.0,0.0003067961661145091,-2.3968450477696024e-05,-7.190534961409867e-05,0.0,0.0,-0.3270622276503573,-1.4198178406484583,1.2360944956709088,-1.385945003708992,-1.5708663417682887,2.738070118868506,8.42063106673135e-05,-0.0006450689374568011,0.0008160038516506397,-0.0008541499888361729,-0.00011837840436116063,0.0005852271562410398,0.002109328627657904,-8.044499545674892,-6.270535242860956,-0.962879805928039,-4.117719861574059e-05,2.000037048779349e-06,28.0,28.0,14.0,6.0,6.0,6.0
1.531762499263278,1.0,4.165187014380192e-05,0.000241850645754903,-0.3499427809874881,0.00011962949350371266,0.22381006344904975,-0.3499427809874881,0.00011962949350371266,0.22381006344904975,-0.34995977170266634,0.00011482021366106387,0.22377233991910353,-0.3270457426654261,-1.4197590986834925,1.2359066009521484,-1.3858893553363245,-1.5709660688983362,2.7378296852111816,0.0,0.0003067961661145091,-2.3968450477696024e-05,-7.190534961409867e-05,0.0,0.0,-0.32706189360077137,-1.4198204564109946,1.2360977837570484,-1.3859484412189345,-1.5708668423213237,2.7380725152892853,8.351239649107201e-05,-0.0006539406340909452,0.0008220215349101991,-0.0008593774856175093,-0.00012513825877834105,0.000599105194827481,0.002109328627657904,-8.044499545674892,-6.270535242860956,-0.962879805928039,-4.117719861574059e-05,2.000037048779349e-06,28.0,28.0,14.0,6.0,6.0,6.0
1.535762499263278,1.0,3.599908140858812e-05,0.00015669279207938824,-0.3499427809874881,0.00011962949350371266,0.22381006344904975,-0.3499427809874881,0.00011962949350371266,0.22381006344904975,-0.34996687626332085,0.00012034091904523331,0.22378332685580182,-0.32706958452333623,-1.4197829405414026,1.2359066009521484,-1.385925594960348,-1.570942227040426,2.737889051437378,0.0,0.00028762139845639467,-2.3968450477696024e-05,-7.190534961409867e-05,0.0006950850947760046,0.0,-0.32706153986499165,-1.4198230559402545,1.2361010372234715,-1.385951822456958,-1.5708673624033782,2.738074890331056,8.843394492412339e-05,-0.000649882314961845,0.0008133666058094905,-0.0008453095058973053,-0.0001300205136441655,0.0005937604427409436,0.0020965657297870176,-8.043229014815145,-6.270262899243606,-0.9628362912100756,-6.3590293523374e-05,9.262916919508869e-07,28.0,28.0,14.0,6.0,6.0,6.0
1.540971248267219,1.0,3.599908140858812e-05,0.00015669279207938824,-0.3499427809874881,0.00011962949350371266,0.22381006344904975,-0.3499427809874881,0.00011962949350371266,0.22381006344904975,-0.34996687626332085,0.00012034091904523331,0.22378332685580182,-0.32706958452333623,-1.4197829405414026,1.2359066009521484,-1.385925594960348,-1.570942227040426,2.737889051437378,0.0,0.00028762139845639467,-2.3968450477696024e-05,-7.190534961409867e-05,0.0006950850947760046,0.0,-0.32706116762418985,-1.4198256402102345,1.2361042581473614,-1.385955150799378,-1.570867900842711,2.738077245276559,9.306020045119169e-05,-0.0006460674949804908,0.0008052309724548246,-0.0008320856049603136,-0.00013460983321804051,0.0005887363757795983,0.0020965657297870176,-8.043229014815145,-6.270262899243606,-0.9628362912100756,-6.3590293523374e-05,9.262916919508869e-07,28.0,28.0,14.0,6.0,6.0,6.0
1.544971248267219,1.0,3.599908140858812e-05,0.00015669279207938824,-0.3499427809874881,0.00011962949350371266,0.22381006344904975,-0.3499427809874881,0.00011962949350371266,0.22381006344904975,-0.34996687626332085,0.00012034091904523331,0.22378332685580182,-0.32706958452333623,-1.4197829405414026,1.2359066009521484,-1.385925594960348,-1.570942227040426,2.737889051437378,0.0,0.00028762139845639467,-2.3968450477696024e-05,-7.190534961409867e-05,0.0006950850947760046,0.0,-0.3270607779886673,-1.4198282101364912,1.2361074484812697,-1.3859584294199303,-1.5708684565378856,2.7380795813315704,9.74088806466359e-05,-0.0006424815641980178,0.0007975834771014385,-0.0008196551380795414,-0.000138923793617483,0.0005840137528359338,0.0020965657297870176,-8.043229014815145,-6.270262899243606,-0.9628362912100756,-6.3590293523374e-05,9.262916919508869e-07,28.0,28.0,14.0,6.0,6.0,6.0
1.5500624532736844,1.0,3.0628397350409566e-05,0.00018615396822340026,-0.3499427809874881,0.00011962949350371266,0.22381006344904975,-0.3499427809874881,0.00011962949350371266,0.22381006344904975,-0.349957005309226,0.00011020279333641422,0.22378462912737004,-0.32705766359438115,-1.4198067823993128,1.2359185218811035,-1.3858893553363245,-1.570930306111471,2.737889051437378,0.0,0.00026844663079828024,-2.3968450477696024e-05,-7.190534961409867e-05,0.0006950850947760046,0.0,-0.3270603745639665,-1.4198307651768562,1.2361106222544571,-1.3859617038367609,-1.5708690421743245,2.7380819108025567,0.00010085617518712038,-0.0006387600912656028,0.000793443296863584,-0.0008186042076427048,-0.00014640910973273715,0.0005823677466243814,0.0019862944081357066,-8.042652548071484,-6.27013267113082,-0.9628304592234092,-6.540263325227517e-05,1.0801334233486888e-06,28.0,28.0,14.0,6.0,6.0,6.0
1.5540624532736844,1.0,3.0628397350409566e-05,0.00018615396822340026,-0.3499427809874881,0.00011962949350371266,0.22381006344904975,-0.3499427809874881,0.00011962949350371266,0.22381006344904975,-0.349957005309226,0.00011020279333641422,0.22378462912737004,-0.32705766359438115,-1.4198067823993128,1.2359185218811035,-1.3858893553363245,-1.570930306111471,2.737889051437378,0.0,0.00026844663079828024,-2.3968450477696024e-05,-7.190534961409867e-05,0.0006950850947760046,0.0,-0.3270599581774383,-1.419833306224483,1.2361137804605669,-1.385964974302093,-1.5708696559555522,2.73808423408456,0.0001040966320551758,-0.0006352619067091326,0.0007895515274400006,-0.0008176163330320784,-0.00015344530688107604,0.0005808205007855222,0.0019862944081357066,-8.042652548071484,-6.27013267113082,-0.9628304592234092,-6.540263325227517e-05,1.0801334233486888e-06,28.0,28.0,14.0,6.0,6.0,6.0
1.5591002282749402,1.0,3.0628397350409566e-05,0.00018615396822340026,-0.3499427809874881,0.00011962949350371266,0.22381006344904975,-0.3499427809874881,0.00011962949350371266,0.22381006344904975,-0.349957005309226,0.00011020279333641422,0.22378462912737004,-0.32705766359438115,-1.4198067823993128,1.2359185218811035,-1.3858893553363245,-1.570930306111471,2.737889051437378,0.0,0.00026844663079828024,-2.3968450477696024e-05,-7.190534961409867e-05,0.0006950850947760046,0.0,-0.3270595296067923,-1.4198358341189359,1.2361169240336236,-1.3859682410530165,-1.5708702961928809,2.7380865515489186,0.0001071426615111479,-0.0006319736132260506,0.0007858932641818323,-0.0008166877308980896,-0.00016005933220051462,0.0005793660896969945,0.0019862944081357066,-8.042652548071484,-6.27013267113082,-0.9628304592234092,-6.540263325227517e-05,1.0801334233486888e-06,28.0,28.0,14.0,6.0,6.0,6.0
1.5631002282749402,1.0,3.6914172705868316e-05,0.00020501680663775586,-0.3499427809874881,0.00011962949350371266,0.22381006344904975,-0.3499427809874881,0.00011962949350371266,0.22381006344904975,-0.3499586254941154,0.00011909701926189029,0.22377672691912417,-0.3270815054522913,-1.4197829405414026,1.2359185218811035,-1.3858893553363245,-1.570930306111471,2.737865447998047,0.0,0.00024927189224399626,-2.3968450477696024e-05,-7.190534961409867e-05,0.0006950850947760046,0.0,-0.3270590758699136,-1.4198383771701255,1.2361200745326038,-1.3859715258500869,-1.5708709613051817,2.7380888769843534,0.00011343421967077812,-0.000635762797388276,0.0007876247450295819,-0.0008211992675590466,-0.00016627807522256863,0.000581358858718887,0.0024005889364345384,-8.043557693099562,-6.270285374839649,-0.9628439960464279,-5.924946513477705e-05,1.0771036056056788e-06,28.0,28.0,14.0,6.0,6.0,6.0
1.5675229752811144,1.0,3.6914172705868316e-05,0.00020501680663775586,-0.3499427809874881,0.00011962949350371266,0.22381006344904975,-0.3499427809874881,0.00011962949350371266,0.22381006344904975,-0.3499586254941154,0.00011909701926189029,0.22377672691912417,-0.3270815054522913,-1.4197829405414026,1.2359185218811035,-1.3858893553363245,-1.570930306111471,2.737865447998047,0.0,0.00024927189224399626,-2.3968450477696024e-05,-7.190534961409867e-05,0.0006950850947760046,0.0,-0.32705859847677626,-1.4198409344686476,1.236123231541952,-1.385974827610535,-1.5708716497999564,2.7380912099126,0.00011934828434083053,-0.0006393246305007677,0.0007892523370264665,-0.0008254401120203462,-0.0001721236936632994,0.000583232061599466,0.0024005889364345384,-8.043557693099562,-6.270285374839649,-0.9628439960464279,-5.924946513477705e-05,1.0771036056056788e-06,28.0,28.0,14.0,6.0,6.0,6.0
1.5715229752811144,1.0,3.6914172705868316e-05,0.00020501680663775586,-0.3499427809874881,0.00011962949350371266,0.22381006344904975,-0.3499427809874881,0.00011962949350371266,0.22381006344904975,-0.3499586254941154,0.00011909701926189029,0.22377672691912417,-0.3270815054522913,-1.4197829405414026,1.2359185218811035,-1.3858893553363245,-1.570930306111471,2.737865447998047,0.0,0.00024927189224399626,-2.3968450477696024e-05,-7.190534961409867e-05,0.0006950850947760046,0.0,-0.32705809884675574,-1.419843505159662,1.236126394671046,-1.3859781453165583,-1.5708723602742565,2.738093549884089,0.0001249075051306798,-0.00064267275362651,0.0007907822735035379,-0.0008294265058139678,-0.00017761857499758632,0.0005849928723072103,0.0024005889364345384,-8.043557693099562,-6.270285374839649,-0.9628439960464279,-5.924946513477705e-05,1.0771036056056788e-06,28.0,28.0,14.0,6.0,6.0,6.0
1.5764598292869056,1.0,4.234612517117856e-05,0.0002560429015089843,-0.3499427809874881,0.00011962949350371266,0.22381006344904975,-0.3499427809874881,0.00011962949350371266,0.22381006344904975,-0.34995499292609406,9.594154720348329e-05,0.22377715533344622,-0.327033821736471,-1.4197829405414026,1.2359066009521484,-1.385853115712301,-1.5709064642535608,2.737865447998047,0.0,0.00023009712458588183,-2.3968450477696024e-05,-7.190534961409867e-05,0.0006950850947760046,0.0,-0.3270575971403543,-1.4198460986393202,1.2361295869769413,-1.3859815201683876,-1.5708731188423963,2.738095932585366,0.0001254266003618296,-0.0006483699145213792,0.0007980764738363539,-0.0008437129573105416,-0.0001896420349662425,0.0005956753192720782,0.0020577633691099477,-8.043364734891231,-6.270182058458287,-0.9628399160591782,-6.902206675648512e-05,1.692348602337392e-06,28.0,28.0,14.0,6.0,6.0,6.0
1.5804598292869056,1.0,4.234612517117856e-05,0.0002560429015089843,-0.3499427809874881,0.00011962949350371266,0.22381006344904975,-0.3499427809874881,0.00011962949350371266,0.22381006344904975,-0.34995499292609406,9.594154720348329e-05,0.22377715533344622,-0.327033821736471,-1.4197829405414026,1.2359066009521484,-1.385853115712301,-1.5709064642535608,2.737865447998047,0.0,0.00023009712458588183,-2.3968450477696024e-05,-7.190534961409867e-05,0.0006950850947760046,0.0,-0.3270570934821548,-1.4198487135403033,1.2361328067090298,-1.3859849487372744,-1.5708739226187456,2.7380983554526437,0.00012591454987911043,-0.0006537252457625563,0.000804933022149201,-0.000857142221717321,-0.0002009440873367793,0.000605716819419054,0.0020577633691099477,-8.043364734891231,-6.270182058458287,-0.9628399160591782,-6.902206675648512e-05,1.692348602337392e-06,28.0,28.0,14.0,6.0,6.0,6.0
1.5856578922665219,1.0,4.234612517117856e-05,0.0002560429015089843,-0.3499427809874881,0.00011962949350371266,0.22381006344904975,-0.3499427809874881,0.00011962949350371266,0.22381006344904975,-0.34995499292609406,9.594154720348329e-05,0.22377715533344622,-0.327033821736471,-1.4197829405414026,1.2359066009521484,-1.385853115712301,-1.5709064642535608,2.737865447998047,0.0,0.00023009712458588183,-2.3968450477696024e-05,-7.190534961409867e-05,0.0006950850947760046,0.0,-0.32705658798926507,-1.4198513485773319,1.2361360522217402,-1.3859884278001955,-1.5708747688908118,2.738100816075962,0.00012637322242535438,-0.0006587592571292627,0.0008113781775632772,-0.0008697657302596936,-0.0002115680165650839,0.0006151558295572114,0.0020577633691099477,-8.043364734891231,-6.270182058458287,-0.9628399160591782,-6.902206675648512e-05,1.692348602337392e-06,28.0,28.0,14.0,6.0,6.0,6.0
1.5896578922665219,1.0,3.1123907691219815e-05,0.00021137978265241562,-0.3499427809874881,0.00011962949350371266,0.22381006344904975,-0.3499427809874881,0.00011962949350371266,0.22381006344904975,-0.3499581335522053,0.00011164743029281686,0.22378419294357588,-0.3270457426654261,-1.4197948614703577,1.2359066009521484,-1.3858893553363245,-1.5709541479693812,2.7378416061401367,0.0,0.00023009712458588183,-2.3968450477696024e-05,-7.190534961409867e-05,0.0006950850947760046,0.0,-0.3270560911051857,-1.4198539776738601,1.2361392895840597,-1.3859918913433058,-1.5708756002047137,2.7381033155825354,0.00012422101984443124,-0.0006572741320914855,0.0008093405798810982,-0.0008658857775875973,-0.00020782847549500786,0.0006248766433028898,0.0017286191622389536,-8.042645489147775,-6.270055233437268,-0.9628162033793773,-7.100513063867063e-05,1.8461132723684573e-06,28.0,28.0,14.0,6.0,6.0,6.0
1.5948690152699134,1.0,3.1123907691219815e-05,0.00021137978265241562,-0.3499427809874881,0.00011962949350371266,0.22381006344904975,-0.3499427809874881,0.00011962949350371266,0.22381006344904975,-0.3499581335522053,0.00011164743029281686,0.22378419294357588,-0.3270457426654261,-1.4197948614703577,1.2359066009521484,-1.3858893553363245,-1.5709541479693812,2.7378416061401367,0.0,0.00023009712458588183,-2.3968450477696024e-05,-7.190534961409867e-05,0.0006950850947760046,0.0,-0.32705560231338804,-1.4198566011863183,1.236142519285012,-1.385995340297794,-1.5708764174579413,2.7381058516393684,0.00012219794941836348,-0.0006558781145559751,0.0008074252380598499,-0.0008622386220758268,-0.00020431330688913638,0.0006340142082238275,0.0017286191622389536,-8.042645489147775,-6.270055233437268,-0.9628162033793773,-7.100513063867063e-05,1.8461132723684573e-06,28.0,28.0,14.0,6.0,6.0,6.0
1.5988690152699134,1.0,3.9413461983986247e-05,0.0002351279789337669,-0.3499427809874881,0.00011962949350371266,0.22381006344904975,-0.3499427809874881,0.00011962949350371266,0.22381006344904975,-0.3499605892565604,0.0001145290400357607,0.22377527448653814,-0.3270815054522913,-1.4197710196124476,1.2359066009521484,-1.3858774344073694,-1.5709064642535608,2.7378416061401367,0.0,0.0002109223569277674,-2.3968450477696024e-05,-7.190534961409867e-05,0.0006950850947760046,0.0,-0.32705508338059686,-1.419859245222217,1.2361457631847645,-1.3859988132771692,-1.570877276417173,2.738108418608609,0.00012973319780052085,-0.0006610089746742588,0.0008109749381284623,-0.0008682448437851232,-0.0002147398079224147,0.0006417423102149506,0.0025558025908043814,-8.043691455864113,-6.270219655409503,-0.9628323927698496,-5.672137831157964e-05,1.3846985479001523e-06,28.0,28.0,14.0,6.0,6.0,6.0
1.603536348277005,1.0,3.9413461983986247e-05,0.0002351279789337669,-0.3499427809874881,0.00011962949350371266,0.22381006344904975,-0.3499427809874881,0.00011962949350371266,0.22381006344904975,-0.3499605892565604,0.0001145290400357607,0.22377527448653814,-0.3270815054522913,-1.4197710196124476,1.2359066009521484,-1.3858774344073694,-1.5709064642535608,2.7378416061401367,0.0,0.0002109223569277674,-2.3968450477696024e-05,-7.190534961409867e-05,0.0006950850947760046,0.0,-0.32705453611527174,-1.4198619085501496,1.2361490204313894,-1.386002308839938,-1.5708781745800486,2.7381110146355137,0.00013681633127974878,-0.0006658319831854454,0.0008143116561929579,-0.0008738906921918618,-0.00022454071889369635,0.0006490067260866061,0.0025558025908043814,-8.043691455864113,-6.270219655409503,-0.9628323927698496,-5.672137831157964e-05,1.3846985479001523e-06,28.0,28.0,14.0,6.0,6.0,6.0
1.607536348277005,1.0,3.9413461983986247e-05,0.0002351279789337669,-0.3499427809874881,0.00011962949350371266,0.22381006344904975,-0.3499427809874881,0.00011962949350371266,0.22381006344904975,-0.3499605892565604,0.0001145290400357607,0.22377527448653814,-0.3270815054522913,-1.4197710196124476,1.2359066009521484,-1.3858774344073694,-1.5709064642535608,2.7378416061401367,0.0,0.0002109223569277674,-2.3968450477696024e-05,-7.190534961409867e-05,0.0006950850947760046,0.0,-0.32705396221736477,-1.4198645900125944,1.236152290224074,-1.3860058256310968,-1.5708791095943495,2.7381136379766216,0.00014347447675022303,-0.0006703656111859608,0.0008174481711735838,-0.0008791977896941961,-0.0002337535752067011,0.0006558352770059625,0.0025558025908043814,-8.043691455864113,-6.270219655409503,-0.9628323927698496,-5.672137831157964e-05,1.3846985479001523e-06,28.0,28.0,14.0,6.0,6.0,6.0
1.6115613442626788,1.0,3.9413461983986247e-05,0.0002351279789337669,-0.3499427809874881,0.00011962949350371266,0.22381006344904975,-0.3499427809874881,0.00011962949350371266,0.22381006344904975,-0.3499605892565604,0.0001145290400357607,0.22377527448653814,-0.3270815054522913,-1.4197710196124476,1.2359066009521484,-1.3858774344073694,-1.5709064642535608,2.7378416061401367,0.0,0.0002109223569277674,-2.3968450477696024e-05,-7.190534961409867e-05,0.0006950850947760046,0.0,-0.3270533632848308,-1.4198672885214805,1.236155571810055,-1.386009362376942,-1.57088007924899,2.738116286993081,0.00014973313349246883,-0.0006746272215064454,0.0008203964952553721,-0.0008841864613463903,-0.00024241366014092556,0.0006622541148701574,0.0025558025908043814,-8.043691455864113,-6.270219655409503,-0.9628323927698496,-5.672137831157964e-05,1.3846985479001523e-06,28.0,28.0,14.0,6.0,6.0,6.0
1.6155613442626788,1.0,3.510832506692125e-05,0.00023240582720503356,-0.3499427809874881,0.00011962949350371266,0.22381006344904975,-0.3499427809874881,0.00011962949350371266,0.22381006344904975,-0.349961386975149,0.00010684366622520586,0.22378317601084952,-0.3270815054522913,-1.4197948614703577,1.2359066009521484,-1.3858774344073694,-1.5708702246295374,2.737853527069092,0.0,0.0001917476038215682,-2.3968450477696024e-05,-7.190534961409867e-05,0.0006950850947760046,0.0,-0.327052727772269,-1.4198699711487592,1.2361588364632101,-1.3860128952379447,-1.5708811232015383,2.7381189594606936,0.00015887814044596515,-0.0006706568196749068,0.0008161632887965451,-0.000883215250651674,-0.00026098813704196976,0.0006681169030885538,0.0025305705768222885,-8.042640793323864,-6.269976399599152,-0.9628021709379224,-5.288381823715539e-05,1.230788750944789e-06,28.0,28.0,14.0,6.0,6.0,6.0
1.6204423942638102,1.0,3.510832506692125e-05,0.00023240582720503356,-0.3499427809874881,0.00011962949350371266,0.22381006344904975,-0.3499427809874881,0.00011962949350371266,0.22381006344904975,-0.349961386975149,0.00010684366622520586,0.22378317601084952,-0.3270815054522913,-1.4197948614703577,1.2359066009521484,-1.3858774344073694,-1.5708702246295374,2.737853527069092,0.0,0.0001917476038215682,-2.3968450477696024e-05,-7.190534961409867e-05,0.0006950850947760046,0.0,-0.3270520578744811,-1.419872638847327,1.236162085199509,-1.386016424447195,-1.5708822369941196,2.7381216539723896,0.0001674744469822517,-0.0006669246419532606,0.0008121840747252478,-0.0008823023125986408,-0.0002784481453289513,0.0006736279240138464,0.0025305705768222885,-8.042640793323864,-6.269976399599152,-0.9628021709379224,-5.288381823715539e-05,1.230788750944789e-06,28.0,28.0,14.0,6.0,6.0,6.0
1.6244423942638102,1.0,4.177192152034541e-05,0.0002118647815176946,-0.3499427809874881,0.00011962949350371266,0.22381006344904975,-0.3499427809874881,0.00011962949350371266,0.22381006344904975,-0.3499680044364441,0.00011704476744772709,0.22377686721068632,-0.3270815054522913,-1.4197590986834925,1.2358946800231934,-1.3859012762652796,-1.5709064642535608,2.737853527069092,0.0,0.0001917476038215682,-2.3968450477696024e-05,-7.190534961409867e-05,0.0006950850947760046,0.0,-0.3270513687040352,-1.4198753191606834,1.2361653329681905,-1.386019937557126,-1.5708833747041058,2.7381243561528366,0.0001722926114845512,-0.0006700783391070913,0.0008119421703814241,-0.0008782774827202096,-0.00028442749656735984,0.0006755451117910942,0.0024949731515013776,-8.043630251283348,-6.2701672825650725,-0.9628170245299249,-5.672226115284871e-05,1.230832569151074e-06,28.0,28.0,14.0,6.0,6.0,6.0
1.6290004952691968,1.0,4.177192152034541e-05,0.0002118647815176946,-0.3499427809874881,0.00011962949350371266,0.22381006344904975,-0.3499427809874881,0.00011962949350371266,0.22381006344904975,-0.3499680044364441,0.00011704476744772709,0.22377686721068632,-0.3270815054522913,-1.4197590986834925,1.2358946800231934,-1.3859012762652796,-1.5709064642535608,2.737853527069092,0.0,0.0001917476038215682,-2.3968450477696024e-05,-7.190534961409867e-05,0.0006950850947760046,0.0,-0.3270506614172907,-1.4198780113319411,1.2361685798273117,-1.3860234355336967,-1.5708845348964526,2.7381270655419097,0.00017682168611671273,-0.0006730428144316922,0.0008117147802982298,-0.0008744941426344843,-0.00029004808673146386,0.0006773472683017072,0.0024949731515013776,-8.043630251283348,-6.2701672825650725,-0.9628170245299249,-5.672226115284871e-05,1.230832569151074e-06,28.0,28.0,14.0,6.0,6.0,6.0
1.6330004952691968,1.0,4.177192152034541e-05,0.0002118647815176946,-0.3499427809874881,0.00011962949350371266,0.22381006344904975,-0.3499427809874881,0.00011962949350371266,0.22381006344904975,-0.3499680044364441,0.00011704476744772709,0.22377686721068632,-0.3270815054522913,-1.4197590986834925,1.2358946800231934,-1.3859012762652796,-1.5709064642535608,2.737853527069092,0.0,0.0001917476038215682,-2.3968450477696024e-05,-7.190534961409867e-05,0.0006950850947760046,0.0,-0.32704993710122565,-1.4198807146496262,1.236171825831446,-1.3860269192849084,-1.5708857162222185,2.7381297817070913,0.00018107901627094456,-0.0006758294212368171,0.0008115010336200273,-0.0008709378029539025,-0.00029533144148572165,0.0006790412954216833,0.0024949731515013776,-8.043630251283348,-6.2701672825650725,-0.9628170245299249,-5.672226115284871e-05,1.230832569151074e-06,28.0,28.0,14.0,6.0,6.0,6.0
1.637982467255323,1.0,3.508492326774141e-05,0.00016889720764406334,-0.3499427809874881,0.00011962949350371266,0.22381006344904975,-0.3499427809874881,0.00011962949350371266,0.22381006344904975,-0.3499657466133996,0.00012306827794480597,0.22378376313291543,-0.3270934263812464,-1.4197948614703577,1.2359185218811035,-1.385925594960348,-1.570918385182516,2.737865447998047,0.0,0.00017257283616345376,-2.3968450477696024e-05,-7.190534961409867e-05,0.0006950850947760046,0.0,-0.32704919422964746,-1.4198833912688096,1.2361750282844814,-1.3860303432835763,-1.5708869036944053,2.7381324793208845,0.00018571789455139564,-0.0006691547958454087,0.0008006132588529558,-0.0008559996669753655,-0.00029686804670530964,0.0006744034482538957,0.002268236966551143,-8.042351868723394,-6.269966589966257,-0.9627910487263488,-5.491608872925143e-05,9.231429625034243e-07,28.0,28.0,14.0,6.0,6.0,6.0
1.641982467255323,1.0,3.508492326774141e-05,0.00016889720764406334,-0.3499427809874881,0.00011962949350371266,0.22381006344904975,-0.3499427809874881,0.00011962949350371266,0.22381006344904975,-0.3499657466133996,0.00012306827794480597,0.22378376313291543,-0.3270934263812464,-1.4197948614703577,1.2359185218811035,-1.385925594960348,-1.570918385182516,2.737865447998047,0.0,0.00017257283616345376,-2.3968450477696024e-05,-7.190534961409867e-05,0.0006950850947760046,0.0,-0.3270484339158869,-1.4198860427914015,1.2361781897994837,-1.3860337111148529,-1.5708880969442278,2.7381351594963723,0.00019007844013501965,-0.0006628806479774847,0.0007903787505719087,-0.0008419578191555409,-0.00029831245561172235,0.0006700438719161753,0.002268236966551143,-8.042351868723394,-6.269966589966257,-0.9627910487263488,-5.491608872925143e-05,9.231429625034243e-07,28.0,28.0,14.0,6.0,6.0,6.0
1.646953753246228,1.0,3.508492326774141e-05,0.00016889720764406334,-0.3499427809874881,0.00011962949350371266,0.22381006344904975,-0.3499427809874881,0.00011962949350371266,0.22381006344904975,-0.3499657466133996,0.00012306827794480597,0.22378376313291543,-0.3270934263812464,-1.4197948614703577,1.2359185218811035,-1.385925594960348,-1.570918385182516,2.737865447998047,0.0,0.00017257283616345376,-2.3968450477696024e-05,-7.190534961409867e-05,0.0006950850947760046,0.0,-0.32704765720647494,-1.4198886707231975,1.2361813128327348,-1.3860370261487818,-1.5708892956250278,2.738137823279853,0.00019417735298362624,-0.0006569829489816363,0.0007807583127877243,-0.0008287584822049056,-0.0002996701999837503,0.0006659458701587181,0.002268236966551143,-8.042351868723394,-6.269966589966257,-0.9627910487263488,-5.491608872925143e-05,9.231429625034243e-07,28.0,28.0,14.0,6.0,6.0,6.0
1.650953753246228,1.0,4.1215368120817755e-05,0.00021026075910891628,-0.3499427809874881,0.00011962949350371266,0.22381006344904975,-0.3499427809874881,0.00011962949350371266,0.22381006344904975,-0.34995986455565675,0.00010855567734176394,0.22377422730997795,-0.32705766359438115,-1.4197829405414026,1.2359304428100586,-1.3859012762652796,-1.570918385182516,2.737889051437378,0.0,0.00017257283616345376,-2.3968450477696024e-05,-7.190534961409867e-05,0.0006950850947760046,0.0,-0.3270468856368049,-1.4198913096185741,1.2361844349531872,-1.3860403491389184,-1.570890499393901,2.7381404651134114,0.00019289241751560267,-0.0006597238441391103,0.000780530113078994,-0.000830747534160376,-0.0003009422183134874,0.0006604583896509645,0.002100283262531346,-8.043072729627973,-6.2701575886969625,-0.962825281151108,-6.413793887608087e-05,1.0801331429702707e-06,28.0,28.0,14.0,6.0,6.0,6.0
1.6554346782565124,1.0,4.1215368120817755e-05,0.00021026075910891628,-0.3499427809874881,0.00011962949350371266,0.22381006344904975,-0.3499427809874881,0.00011962949350371266,0.22381006344904975,-0.34995986455565675,0.00010855567734176394,0.22377422730997795,-0.32705766359438115,-1.4197829405414026,1.2359304428100586,-1.3859012762652796,-1.570918385182516,2.737889051437378,0.0,0.00017257283616345376,-2.3968450477696024e-05,-7.190534961409867e-05,0.0006950850947760046,0.0,-0.32704611889849217,-1.4198939588197166,1.2361875562156086,-1.3860436796078903,-1.570891707945563,2.7381430863140435,0.0001916845781756605,-0.0006623002855871359,0.0007803156053527874,-0.0008326172429985182,-0.00030213791554344033,0.0006553001579736762,0.002100283262531346,-8.043072729627973,-6.2701575886969625,-0.962825281151108,-6.413793887608087e-05,1.0801331429702707e-06,28.0,28.0,14.0,6.0,6.0,6.0
1.6594346782565124,1.0,4.1215368120817755e-05,0.00021026075910891628,-0.3499427809874881,0.00011962949350371266,0.22381006344904975,-0.3499427809874881,0.00011962949350371266,0.22381006344904975,-0.34995986455565675,0.00010855567734176394,0.22377422730997795,-0.32705766359438115,-1.4197829405414026,1.2359304428100586,-1.3859012762652796,-1.570918385182516,2.737889051437378,0.0,0.00017257283616345376,-2.3968450477696024e-05,-7.190534961409867e-05,0.0006950850947760046,0.0,-0.32704535670165535,-1.4198966177082788,1.236190676671481,-1.3860470171069676,-1.570892920993047,2.738145688119724,0.00019054920919611487,-0.0006647221405482799,0.0007801139680901532,-0.0008343747693063719,-0.00030326187093959603,0.0006504514201970251,0.002100283262531346,-8.043072729627973,-6.2701575886969625,-0.962825281151108,-6.413793887608087e-05,1.0801331429702707e-06,28.0,28.0,14.0,6.0,6.0,6.0
1.6645341932505842,1.0,4.588458572530352e-05,0.00024046264232128531,-0.3499427809874881,0.00011962949350371266,0.22381006344904975,-0.3499427809874881,0.00011962949350371266,0.22381006344904975,-0.34995991904479745,0.00010751225885475898,0.22376926081649612,-0.32706958452333623,-1.4197710196124476,1.2359304428100586,-1.3858893553363245,-1.5708945433246058,2.737877607345581,0.0,0.00017257283616345376,-2.3968450477696024e-05,-7.190534961409867e-05,0.0006950850947760046,0.0,-0.3270445833260507,-1.4198993013744061,1.2361938122749916,-1.386050388908325,-1.5708941657240834,2.7381482865965268,0.00019334390116733282,-0.0006709165318459013,0.0007839008776466748,-0.0008429503393493777,-0.00031118275913948393,0.0006496192006208419,0.0024828700795557187,-8.043682389816894,-6.270267755966491,-0.9628393941012853,-5.8533018147673106e-05,1.0739998169159522e-06,28.0,28.0,14.0,6.0,6.0,6.0
1.6685341932505842,1.0,4.588458572530352e-05,0.00024046264232128531,-0.3499427809874881,0.00011962949350371266,0.22381006344904975,-0.3499427809874881,0.00011962949350371266,0.22381006344904975,-0.34995991904479745,0.00010751225885475898,0.22376926081649612,-0.32706958452333623,-1.4197710196124476,1.2359304428100586,-1.3858893553363245,-1.5708945433246058,2.737877607345581,0.0,0.00017257283616345376,-2.3968450477696024e-05,-7.190534961409867e-05,0.0006950850947760046,0.0,-0.3270437994424042,-1.4199020083314449,1.2361969621172821,-1.386053792953826,-1.5708954402376596,2.7381508819441835,0.0001959709116202777,-0.0006767392596656655,0.000787460572629805,-0.0008510113751898031,-0.00031862839404737855,0.0006488369142192298,0.0024828700795557187,-8.043682389816894,-6.270267755966491,-0.9628393941012853,-5.8533018147673106e-05,1.0739998169159522e-06,28.0,28.0,14.0,6.0,6.0,6.0
1.6734449262483984,1.0,4.588458572530352e-05,0.00024046264232128531,-0.3499427809874881,0.00011962949350371266,0.22381006344904975,-0.3499427809874881,0.00011962949350371266,0.22381006344904975,-0.34995991904479745,0.00010751225885475898,0.22376926081649612,-0.32706958452333623,-1.4197710196124476,1.2359304428100586,-1.3858893553363245,-1.5708945433246058,2.737877607345581,0.0,0.00017257283616345376,-2.3968450477696024e-05,-7.190534961409867e-05,0.0006950850947760046,0.0,-0.32704300568119843,-1.4199047371819402,1.2362001253440258,-1.3860572273088214,-1.570896742746823,2.7381534743504434,0.0001984403014460459,-0.0006822126238162437,0.0007908066859139475,-0.000858588748879803,-0.0003256272908607995,0.0006481015650017144,0.0024828700795557187,-8.043682389816894,-6.270267755966491,-0.9628393941012853,-5.8533018147673106e-05,1.0739998169159522e-06,28.0,28.0,14.0,6.0,6.0,6.0
1.6774449262483984,1.0,4.154767878702621e-05,0.0002324725430356495,-0.3499427809874881,0.00011962949350371266,0.22381006344904975,-0.3499427809874881,0.00011962949350371266,0.22381006344904975,-0.3499555371431296,0.00011543213331470964,0.22377074586680867,-0.3270815054522913,-1.4197710196124476,1.2359185218811035,-1.3858655134784144,-1.570918385182516,2.737889051437378,0.0,0.00017257283616345376,-2.3968450477696024e-05,-7.190534961409867e-05,0.0006950850947760046,0.0,-0.32704220436773157,-1.4199074972137753,1.2362033232299425,-1.3860607153590432,-1.5708980441217189,2.7381560353406846,0.00020032836671774682,-0.0006900079587951295,0.0007994714791959782,-0.0008720125554242527,-0.00032534372396062606,0.0006402475602933296,0.002527391060998693,-8.04376070702579,-6.27021676659234,-0.9628336043810332,-5.798425223037366e-05,7.725945416209237e-07,28.0,28.0,14.0,6.0,6.0,6.0
1.682029147243128,1.0,4.154767878702621e-05,0.0002324725430356495,-0.3499427809874881,0.00011962949350371266,0.22381006344904975,-0.3499427809874881,0.00011962949350371266,0.22381006344904975,-0.3499555371431296,0.00011543213331470964,0.22377074586680867,-0.3270815054522913,-1.4197710196124476,1.2359185218811035,-1.3858655134784144,-1.570918385182516,2.737889051437378,0.0,0.00017257283616345376,-2.3968450477696024e-05,-7.190534961409867e-05,0.0006950850947760046,0.0,-0.32704139595513926,-1.41991028655607,1.236206553695482,-1.3860642538827774,-1.5708993444304031,2.7381585667998682,0.0002021031480731457,-0.0006973355736752822,0.0008076163848810871,-0.0008846309335760355,-0.000325077171074463,0.0006328647958674479,0.002527391060998693,-8.04376070702579,-6.27021676659234,-0.9628336043810332,-5.798425223037366e-05,7.725945416209237e-07,28.0,28.0,14.0,6.0,6.0,6.0
1.686029147243128,1.0,5.491955588640153e-05,0.0002705976686043891,-0.3499427809874881,0.00011962949350371266,0.22381006344904975,-0.3499427809874881,0.00011962949350371266,0.22381006344904975,-0.3499548968896243,0.00011365977043784913,0.2237568307059239,-0.32706958452333623,-1.4197471777545374,1.2359423637390137,-1.3858774344073694,-1.570930306111471,2.737865447998047,0.0,0.00017257283616345376,-2.3968450477696024e-05,-7.190534961409867e-05,0.0006711166352033615,0.0,-0.32704059201019653,-1.4199131386395698,1.2362098346524757,-1.3860678657130978,-1.570900631149107,2.738161100283437,0.000200986235683733,-0.0007130208749321185,0.0008202392483873604,-0.0009029575800867818,-0.0003216796759361464,0.0006333708922057607,0.002571000358022506,-8.044915073722938,-6.270554448012494,-0.962878135005791,-6.12476958773448e-05,1.2310425123533862e-06,28.0,28.0,14.0,6.0,6.0,6.0
1.6909375052519615,1.0,5.491955588640153e-05,0.0002705976686043891,-0.3499427809874881,0.00011962949350371266,0.22381006344904975,-0.3499427809874881,0.00011962949350371266,0.22381006344904975,-0.3499548968896243,0.00011365977043784913,0.2237568307059239,-0.32706958452333623,-1.4197471777545374,1.2359423637390137,-1.3858774344073694,-1.570930306111471,2.737865447998047,0.0,0.00017257283616345376,-2.3968450477696024e-05,-7.190534961409867e-05,0.0006711166352033615,0.0,-0.32703979226484436,-1.4199160496998022,1.236213163071436,-1.3860715464516091,-1.570901905093229,2.738163635669928,0.00019993633803768506,-0.0007277650581135446,0.0008321047400832573,-0.0009201846278068834,-0.00031848603050612886,0.0006338466227637748,0.002571000358022506,-8.044915073722938,-6.270554448012494,-0.962878135005791,-6.12476958773448e-05,1.2310425123533862e-06,28.0,28.0,14.0,6.0,6.0,6.0
1.6949375052519615,1.0,5.491955588640153e-05,0.0002705976686043891,-0.3499427809874881,0.00011962949350371266,0.22381006344904975,-0.3499427809874881,0.00011962949350371266,0.22381006344904975,-0.3499548968896243,0.00011365977043784913,0.2237568307059239,-0.32706958452333623,-1.4197471777545374,1.2359423637390137,-1.3858774344073694,-1.570930306111471,2.737865447998047,0.0,0.00017257283616345376,-2.3968450477696024e-05,-7.190534961409867e-05,0.0006711166352033615,0.0,-0.3270389964671074,-1.4199190161981634,1.236216536104645,-1.3860752919638197,-1.5709031670292442,2.738166172845166,0.00019894943425039998,-0.0007416245903040852,0.0008432583022774004,-0.0009363780526637789,-0.00031548400380191233,0.000634293809488308,0.002571000358022506,-8.044915073722938,-6.270554448012494,-0.962878135005791,-6.12476958773448e-05,1.2310425123533862e-06,28.0,28.0,14.0,6.0,6.0,6.0
1.700349284265191,1.0,5.491955588640153e-05,0.0002705976686043891,-0.3499427809874881,0.00011962949350371266,0.22381006344904975,-0.3499427809874881,0.00011962949350371266,0.22381006344904975,-0.3499548968896243,0.00011365977043784913,0.2237568307059239,-0.32706958452333623,-1.4197471777545374,1.2359423637390137,-1.3858774344073694,-1.570930306111471,2.737865447998047,0.0,0.00017257283616345376,-2.3968450477696024e-05,-7.190534961409867e-05,0.0006711166352033615,0.0,-0.3270382043801286,-1.4199220348083657,1.236219951075248,-1.3860790983633078,-1.570904417677639,2.738168711701826,0.00019802174469035202,-0.0007546525505631933,0.000853742650739895,-0.0009515998720292607,-0.00031266209869994883,0.0006347141650093692,0.002571000358022506,-8.044915073722938,-6.270554448012494,-0.962878135005791,-6.12476958773448e-05,1.2310425123533862e-06,28.0,28.0,14.0,6.0,6.0,6.0
1.704349284265191,1.0,3.372478208231908e-05,0.00022767683240373812,-0.3499427809874881,0.00011962949350371266,0.22381006344904975,-0.3499427809874881,0.00011962949350371266,0.22381006344904975,-0.34995822875032756,0.00010159993757174175,0.22378611219307742,-0.32706958452333623,-1.4198067823993128,1.2359066009521484,-1.3858655134784144,-1.5708702246295374,2.737877607345581,0.0,0.00017257283616345376,-2.3968450477696024e-05,-7.190534961409867e-05,0.0005992112564854324,0.0,-0.32703739415984623,-1.4199250125111857,1.2362233412423784,-1.386082891573916,-1.5709057303630531,2.738171259754198,0.00020255507059806243,-0.0007444257050016974,0.0008475417826070994,-0.000948302652061601,-0.00032817135353280577,0.0006370130930989552,0.002332296194925971,-8.042119548205813,-6.2698411511155765,-0.9627881321514452,-5.167276055153237e-05,1.073897163873755e-06,28.0,28.0,14.0,6.0,6.0,6.0
1.7087280992430176,1.0,3.372478208231908e-05,0.00022767683240373812,-0.3499427809874881,0.00011962949350371266,0.22381006344904975,-0.3499427809874881,0.00011962949350371266,0.22381006344904975,-0.34995822875032756,0.00010159993757174175,0.22378611219307742,-0.32706958452333623,-1.4198067823993128,1.2359066009521484,-1.3858655134784144,-1.5708702246295374,2.737877607345581,0.0,0.00017257283616345376,-2.3968450477696024e-05,-7.190534961409867e-05,0.0005992112564854324,0.0,-0.3270365668942584,-1.4199279517610663,1.2362267080942446,-1.3860866723869771,-1.5709071013632654,2.7381738164505403,0.00020681639695131022,-0.0007348124701738912,0.0008417129665622715,-0.000945203265292001,-0.0003427500530756913,0.0006391740855031659,0.002332296194925971,-8.042119548205813,-6.2698411511155765,-0.9627881321514452,-5.167276055153237e-05,1.073897163873755e-06,28.0,28.0,14.0,6.0,6.0,6.0
1.7127280992430176,1.0,5.3174812294782906e-05,0.0002740369259980362,-0.3499427809874881,0.00011962949350371266,0.22381006344904975,-0.3499427809874881,0.00011962949350371266,0.22381006344904975,-0.34996777924141814,9.805053396682387e-05,0.2237683861594505,-0.32705766359438115,-1.4197471777545374,1.2359066009521484,-1.3858893553363245,-1.5708583037005823,2.737853527069092,0.0,0.00017257283616345376,-2.3968450477696024e-05,-7.190534961409867e-05,0.0005752427969127893,0.0,-0.3270357261526167,-1.4199309063312455,1.2362300815548724,-1.3860904597829737,-1.5709085420470867,2.7381764202033403,0.00021018541041857905,-0.0007386425448186002,0.0008433651569292876,-0.0009468489991498628,-0.00036017095533924683,0.0006509382000631748,0.0026423644981477894,-8.04415782320313,-6.270298991005831,-0.9628390745914711,-5.240521917935137e-05,1.5384493563936514e-06,28.0,28.0,14.0,6.0,6.0,6.0
1.7172826382305946,1.0,5.3174812294782906e-05,0.0002740369259980362,-0.3499427809874881,0.00011962949350371266,0.22381006344904975,-0.3499427809874881,0.00011962949350371266,0.22381006344904975,-0.34996777924141814,9.805053396682387e-05,0.2237683861594505,-0.32705766359438115,-1.4197471777545374,1.2359066009521484,-1.3858893553363245,-1.5708583037005823,2.737853527069092,0.0,0.00017257283616345376,-2.3968450477696024e-05,-7.190534961409867e-05,0.0005752427969127893,0.0,-0.3270348727434844,-1.4199338753025055,1.236233461227736,-1.3860942533669296,-1.5709100482335006,2.7381790681892113,0.00021335228307781175,-0.0007422428149846267,0.0008449182158742827,-0.0009483959889762529,-0.000376546603466989,0.0006619964677495831,0.0026423644981477894,-8.04415782320313,-6.270298991005831,-0.9628390745914711,-5.240521917935137e-05,1.5384493563936514e-06,28.0,28.0,14.0,6.0,6.0,6.0
1.7212826382305946,1.0,5.3174812294782906e-05,0.0002740369259980362,-0.3499427809874881,0.00011962949350371266,0.22381006344904975,-0.3499427809874881,0.00011962949350371266,0.22381006344904975,-0.34996777924141814,9.805053396682387e-05,0.2237683861594505,-0.32705766359438115,-1.4197471777545374,1.2359066009521484,-1.3858893553363245,-1.5708583037005823,2.737853527069092,0.0,0.00017257283616345376,-2.3968450477696024e-05,-7.190534961409867e-05,0.0005752427969127893,0.0,-0.3270340074269109,-1.4199368578107812,1.236236846740101,-1.3860980527675673,-1.5709116159923513,2.7381817577541687,0.00021632914337749049,-0.0007456270689406916,0.0008463780912825781,-0.0009498501594130596,-0.00039193971270706665,0.0006723912393748069,0.0026423644981477894,-8.04415782320313,-6.270298991005831,-0.9628390745914711,-5.240521917935137e-05,1.5384493563936514e-06,28.0,28.0,14.0,6.0,6.0,6.0
1.7262040562340997,1.0,5.3174812294782906e-05,0.0002740369259980362,-0.3499427809874881,0.00011962949350371266,0.22381006344904975,-0.3499427809874881,0.00011962949350371266,0.22381006344904975,-0.34996777924141814,9.805053396682387e-05,0.2237683861594505,-0.32705766359438115,-1.4197471777545374,1.2359066009521484,-1.3858893553363245,-1.5708583037005823,2.737853527069092,0.0,0.00017257283616345376,-2.3968450477696024e-05,-7.190534961409867e-05,0.0005752427969127893,0.0,-0.32703313091734265,-1.4199398530438518,1.2362402377415977,-1.3861018576358857,-1.5709132416292928,2.7381844864034677,0.0002191273920591885,-0.0007488082676593926,0.0008477503741663758,-0.0009512170796236579,-0.00040640923539273963,0.0006821623247025173,0.0026423644981477894,-8.04415782320313,-6.270298991005831,-0.9628390745914711,-5.240521917935137e-05,1.5384493563936514e-06,28.0,28.0,14.0,6.0,6.0,6.0
1.7302040562340997,1.0,4.3439073031410104e-05,0.0002674660142606873,-0.3499427809874881,0.00011962949350371266,0.22381006344904975,-0.3499427809874881,0.00011962949350371266,0.22381006344904975,-0.34995306977287766,9.267211923871395e-05,0.22377759201647013,-0.327033821736471,-1.4197948614703577,1.2359185218811035,-1.385853115712301,-1.5708945433246058,2.737853527069092,0.0,0.00017257283616345376,-2.3968450477696024e-05,-7.190534961409867e-05,0.0005273059359751642,0.0,-0.32703227065895923,-1.4199428396108376,1.2362436351585482,-1.3861056900845832,-1.5709148822295536,2.738187252481314,0.00021506459585686965,-0.0007466417464367796,0.0008493542376283063,-0.0009581121743855245,-0.0004101500652104682,0.0006915194616296921,0.0020054143804059624,-8.042741949149542,-6.270021916398691,-0.9628186717073715,-6.025734563278475e-05,1.8461173886052965e-06,28.0,28.0,14.0,6.0,6.0,6.0
1.7352738892501227,1.0,4.3439073031410104e-05,0.0002674660142606873,-0.3499427809874881,0.00011962949350371266,0.22381006344904975,-0.3499427809874881,0.00011962949350371266,0.22381006344904975,-0.34995306977287766,9.267211923871395e-05,0.22377759201647013,-0.327033821736471,-1.4197948614703577,1.2359185218811035,-1.385853115712301,-1.5708945433246058,2.737853527069092,0.0,0.00017257283616345376,-2.3968450477696024e-05,-7.190534961409867e-05,0.0005273059359751642,0.0,-0.3270314256766895,-1.4199458180317035,1.2362470386060254,-1.386109548458837,-1.5709165368953346,2.738190053741995,0.0002112455674266899,-0.0007446052164875234,0.000850861869282521,-0.000964593563461679,-0.00041366644523913303,0.0007003151703412363,0.0020054143804059624,-8.042741949149542,-6.270021916398691,-0.9628186717073715,-6.025734563278475e-05,1.8461173886052965e-06,28.0,28.0,14.0,6.0,6.0,6.0
1.7392738892501227,1.0,3.460882920333118e-05,0.00017675997365605492,-0.3499427809874881,0.00011962949350371266,0.22381006344904975,-0.3499427809874881,0.00011962949350371266,0.22381006344904975,-0.34996638010789666,0.00012066608997242972,0.22378476961496852,-0.3270934263812464,-1.4197829405414026,1.2358946800231934,-1.3859012762652796,-1.5709064642535608,2.737889051437378,0.0,0.00017257283616345376,-2.3968450477696024e-05,-7.190534961409867e-05,0.0005033374764025211,0.0,-0.327030565082484,-1.419948764754256,1.236250411106558,-1.3861133494231614,-1.5709181922396047,2.738192808452376,0.0002151485513804335,-0.0007366806381053338,0.0008431251331581144,-0.0009502410811249057,-0.00041383606754747315,0.0006886775952213854,0.0024310786519758636,-8.042641360683822,-6.269929136034612,-0.9627857635410012,-4.507525773868628e-05,6.186144183078672e-07,28.0,28.0,14.0,6.0,6.0,6.0
1.7443662812563132,1.0,3.460882920333118e-05,0.00017675997365605492,-0.3499427809874881,0.00011962949350371266,0.22381006344904975,-0.3499427809874881,0.00011962949350371266,0.22381006344904975,-0.34996638010789666,0.00012066608997242972,0.22378476961496852,-0.3270934263812464,-1.4197829405414026,1.2358946800231934,-1.3859012762652796,-1.5709064642535608,2.737889051437378,0.0,0.00017257283616345376,-2.3968450477696024e-05,-7.190534961409867e-05,0.0005033374764025211,0.0,-0.32702968981305885,-1.4199516816803937,1.2362537545169627,-1.3861170964221523,-1.5709198482216549,2.7381955194054743,0.00021881735629695245,-0.0007292315344260757,0.0008358526012011723,-0.0009367497477283387,-0.0004139955125173129,0.0006777382746087255,0.0024310786519758636,-8.042641360683822,-6.269929136034612,-0.9627857635410012,-4.507525773868628e-05,6.186144183078672e-07,28.0,28.0,14.0,6.0,6.0,6.0
1.7483662812563132,1.0,3.460882920333118e-05,0.00017675997365605492,-0.3499427809874881,0.00011962949350371266,0.22381006344904975,-0.3499427809874881,0.00011962949350371266,0.22381006344904975,-0.34996638010789666,0.00012066608997242972,0.22378476961496852,-0.3270934263812464,-1.4197829405414026,1.2358946800231934,-1.3859012762652796,-1.5709064642535608,2.737889051437378,0.0,0.00017257283616345376,-2.3968450477696024e-05,-7.190534961409867e-05,0.0005033374764025211,0.0,-0.3270288007489272,-1.4199545705979015,1.2362570705826474,-1.3861207926937296,-1.5709215048032181,2.7381981892267273,0.00022226603291848027,-0.000722229376967573,0.0008290164211616466,-0.0009240678943355658,-0.0004141453907889622,0.0006674553132328253,0.0024310786519758636,-8.042641360683822,-6.269929136034612,-0.9627857635410012,-4.507525773868628e-05,6.186144183078672e-07,28.0,28.0,14.0,6.0,6.0,6.0
1.7535904652439065,1.0,5.8933685350596356e-05,0.0003028495090757198,-0.3499427809874881,0.00011962949350371266,0.22381006344904975,-0.3499427809874881,0.00011962949350371266,0.22381006344904975,-0.3499522385496904,8.966840657717661e-05,0.22376020297315577,-0.327033821736471,-1.4197710196124476,1.2359542846679688,-1.3858655134784144,-1.5708821455584925,2.737865447998047,0.0,0.00017257283616345376,-2.3968450477696024e-05,-7.190534961409867e-05,0.00045540055725723505,0.0,-0.32702792421191257,-1.4199574944391038,1.236260415610123,-1.3861245582659578,-1.57092319221639,2.7382008907555972,0.00021913425366253396,-0.0007309603005910856,0.0008362568688540279,-0.0009413930570664587,-0.0004218532929713701,0.000675382217498201,0.0023495194863978127,-8.044126451002175,-6.270439385606544,-0.9628741554106239,-5.572247249181654e-05,1.6923829165596598e-06,28.0,28.0,14.0,6.0,6.0,6.0
1.7575904652439065,1.0,5.8933685350596356e-05,0.0003028495090757198,-0.3499427809874881,0.00011962949350371266,0.22381006344904975,-0.3499427809874881,0.00011962949350371266,0.22381006344904975,-0.3499522385496904,8.966840657717661e-05,0.22376020297315577,-0.327033821736471,-1.4197710196124476,1.2359542846679688,-1.3858655134784144,-1.5708821455584925,2.737865447998047,0.0,0.00017257283616345376,-2.3968450477696024e-05,-7.190534961409867e-05,0.00045540055725723505,0.0,-0.3270270594503879,-1.419960451108579,1.2362637878616816,-1.386128388980798,-1.570924908611274,2.7382036220896273,0.00021619038116194443,-0.0007391673687971874,0.0008430628896848663,-0.0009576787100334979,-0.00042909872102283355,0.0006828335075076542,0.0023495194863978127,-8.044126451002175,-6.270439385606544,-0.9628741554106239,-5.572247249181654e-05,1.6923829165596598e-06,28.0,28.0,14.0,6.0,6.0,6.0
1.7617757492370445,1.0,5.8933685350596356e-05,0.0003028495090757198,-0.3499427809874881,0.00011962949350371266,0.22381006344904975,-0.3499427809874881,0.00011962949350371266,0.22381006344904975,-0.3499522385496904,8.966840657717661e-05,0.22376020297315577,-0.327033821736471,-1.4197710196124476,1.2359542846679688,-1.3858655134784144,-1.5708821455584925,2.737865447998047,0.0,0.00017257283616345376,-2.3968450477696024e-05,-7.190534961409867e-05,0.00045540055725723505,0.0,-0.3270262057578239,-1.4199634386366307,1.2362671857038787,-1.3861322809296934,-1.5709266522489675,2.738206381440508,0.00021342314101139027,-0.0007468820129109231,0.0008494605492658544,-0.0009729872238225148,-0.0004359094233912092,0.0006898377201165402,0.0023495194863978127,-8.044126451002175,-6.270439385606544,-0.9628741554106239,-5.572247249181654e-05,1.6923829165596598e-06,28.0,28.0,14.0,6.0,6.0,6.0
1.7657757492370445,1.0,4.95799339683873e-05,0.0002308057885814379,-0.3499427809874881,0.00011962949350371266,0.22381006344904975,-0.3499427809874881,0.00011962949350371266,0.22381006344904975,-0.3499650000257846,0.00011602546941925348,0.22376588771815725,-0.3270815054522913,-1.4197471777545374,1.2359185218811035,-1.3859012762652796,-1.5709064642535608,2.737877607345581,0.0,0.00017257283616345376,-2.3968450477696024e-05,-7.190534961409867e-05,0.00043143212678842247,0.0,-0.327025343816103,-1.4199664468576745,1.236270591155465,-1.3861361673779538,-1.570928394667559,2.738209116835715,0.00021548543022097762,-0.0007520552609557568,0.0008513628965742779,-0.0009716120650796351,-0.0004356046478400971,0.0006838488017624086,0.0026719276801887423,-8.04435932280725,-6.270374802488131,-0.9628454445996156,-4.492836884739044e-05,9.202043474754576e-07,28.0,28.0,14.0,6.0,6.0,6.0
1.7708348962287426,1.0,4.95799339683873e-05,0.0002308057885814379,-0.3499427809874881,0.00011962949350371266,0.22381006344904975,-0.3499427809874881,0.00011962949350371266,0.22381006344904975,-0.3499650000257846,0.00011602546941925348,0.22376588771815725,-0.3270815054522913,-1.4197471777545374,1.2359185218811035,-1.3859012762652796,-1.5709064642535608,2.737877607345581,0.0,0.00017257283616345376,-2.3968450477696024e-05,-7.190534961409867e-05,0.00043143212678842247,0.0,-0.32702447412017466,-1.419969474530131,1.2362740037598772,-1.3861400486556172,-1.5709301359401942,2.7382118297125895,0.0002174239820779897,-0.0007569181141179005,0.0008531511030441959,-0.0009703194158613282,-0.00043531815882205167,0.0006782192185095248,0.0026719276801887423,-8.04435932280725,-6.270374802488131,-0.9628454445996156,-4.492836884739044e-05,9.202043474754576e-07,28.0,28.0,14.0,6.0,6.0,6.0
1.7748348962287426,1.0,5.740442790490736e-05,0.0002853096871028504,-0.3499427809874881,0.00011962949350371266,0.22381006344904975,-0.3499427809874881,0.00011962949350371266,0.22381006344904975,-0.3499630994328502,9.490776385241131e-05,0.22376240565635847,-0.3270457426654261,-1.4197352568255823,1.2359066009521484,-1.3858655134784144,-1.5708702246295374,2.737889051437378,0.0,0.00017257283616345376,-2.3968450477696024e-05,-7.190534961409867e-05,0.0004074636672157794,0.0,-0.32702360463529195,-1.419972540608755,1.2362774538617596,-1.3861439769136423,-1.570931919001256,2.7382145419443025,0.00021737122068173515,-0.0007665196560174426,0.0008625254705876757,-0.0009820645062754499,-0.00044576526546393,0.0006780579283014609,0.00264028964978989,-8.044785786378961,-6.270417255991082,-0.9628589473459653,-4.92372273644164e-05,1.2339899580038908e-06,28.0,28.0,14.0,6.0,6.0,6.0
1.7798726712299984,1.0,5.740442790490736e-05,0.0002853096871028504,-0.3499427809874881,0.00011962949350371266,0.22381006344904975,-0.3499427809874881,0.00011962949350371266,0.22381006344904975,-0.3499630994328502,9.490776385241131e-05,0.22376240565635847,-0.3270457426654261,-1.4197352568255823,1.2359066009521484,-1.3858655134784144,-1.5708702246295374,2.737889051437378,0.0,0.00017257283616345376,-2.3968450477696024e-05,-7.190534961409867e-05,0.0004074636672157794,0.0,-0.32702273534879206,-1.4199756427891768,1.236280939211264,-1.3861479493332074,-1.570933741343439,2.7382172535695646,0.00021732162496925587,-0.0007755451054030122,0.0008713373760785466,-0.0009931048912647242,-0.00045558554570729565,0.0006779063155058808,0.00264028964978989,-8.044785786378961,-6.270417255991082,-0.9628589473459653,-4.92372273644164e-05,1.2339899580038908e-06,28.0,28.0,14.0,6.0,6.0,6.0
1.7838726712299984,1.0,5.740442790490736e-05,0.0002853096871028504,-0.3499427809874881,0.00011962949350371266,0.22381006344904975,-0.3499427809874881,0.00011962949350371266,0.22381006344904975,-0.3499630994328502,9.490776385241131e-05,0.22376240565635847,-0.3270457426654261,-1.4197352568255823,1.2359066009521484,-1.3858655134784144,-1.5708702246295374,2.737889051437378,0.0,0.00017257283616345376,-2.3968450477696024e-05,-7.190534961409867e-05,0.0004074636672157794,0.0,-0.32702186624877205,-1.419978778905288,1.2362844576935328,-1.38615196326462,-1.5709356006098756,2.7382199646247627,0.00021727500499952535,-0.0007840290278254476,0.0008796205672399653,-0.001003482853154642,-0.00046481660913605936,0.0006777637994780355,0.00264028964978989,-8.044785786378961,-6.270417255991082,-0.9628589473459653,-4.92372273644164e-05,1.2339899580038908e-06,28.0,28.0,14.0,6.0,6.0,6.0
1.7886243042387076,1.0,5.740442790490736e-05,0.0002853096871028504,-0.3499427809874881,0.00011962949350371266,0.22381006344904975,-0.3499427809874881,0.00011962949350371266,0.22381006344904975,-0.3499630994328502,9.490776385241131e-05,0.22376240565635847,-0.3270457426654261,-1.4197352568255823,1.2359066009521484,-1.3858655134784144,-1.5708702246295374,2.737889051437378,0.0,0.00017257283616345376,-2.3968450477696024e-05,-7.190534961409867e-05,0.0004074636672157794,0.0,-0.32702099732404316,-1.4199819469209476,1.2362880073206006,-1.3861560162171693,-1.5709374945851107,2.7382226751441006,0.00021723118222797866,-0.0007920039149025369,0.0008874067669316989,-0.0010132381373311647,-0.00047349380875909725,0.0006776298344118609,0.00264028964978989,-8.044785786378961,-6.270417255991082,-0.9628589473459653,-4.92372273644164e-05,1.2339899580038908e-06,28.0,28.0,14.0,6.0,6.0,6.0
1.7926243042387076,1.0,4.293729596272025e-05,0.0002119324673146778,-0.3499427809874881,0.00011962949350371266,0.22381006344904975,-0.3499427809874881,0.00011962949350371266,0.22381006344904975,-0.3499594957577736,0.00010008603832243075,0.22377567913287985,-0.327033821736471,-1.4197948614703577,1.2359423637390137,-1.3859131971942347,-1.570918385182516,2.737889051437378,0.0,0.00017257283616345376,-2.3968450477696024e-05,-7.190534961409867e-05,0.0003834952076431364,0.0,-0.3270201527878261,-1.4199850802366916,1.2362915132984955,-1.3861600152412077,-1.5709393668775724,2.73822537465867,0.00021113405426406454,-0.0007833289359800032,0.0008764944736964657,-0.0009997560095749154,-0.0004680731154438469,0.0006748786423908496,0.001781229083401715,-8.042597783085709,-6.27012187535451,-0.9628243380610395,-5.63551499651568e-05,1.3877197566639605e-06,28.0,28.0,14.0,6.0,6.0,6.0
1.796781092234888,1.0,4.293729596272025e-05,0.0002119324673146778,-0.3499427809874881,0.00011962949350371266,0.22381006344904975,-0.3499427809874881,0.00011962949350371266,0.22381006344904975,-0.3499594957577736,0.00010008603832243075,0.22377567913287985,-0.327033821736471,-1.4197948614703577,1.2359423637390137,-1.3859131971942347,-1.570918385182516,2.737889051437378,0.0,0.00017257283616345376,-2.3968450477696024e-05,-7.190534961409867e-05,0.0003834952076431364,0.0,-0.3270193311768102,-1.4199881809345147,1.2362949782461676,-1.3861639635724456,-1.5709412187882272,2.7382280638287577,0.00020540275397798528,-0.0007751744557928215,0.0008662369180553466,-0.000987082809484041,-0.00046297766372751164,0.0006722925218910988,0.001781229083401715,-8.042597783085709,-6.27012187535451,-0.9628243380610395,-5.63551499651568e-05,1.3877197566639605e-06,28.0,28.0,14.0,6.0,6.0,6.0
1.800781092234888,1.0,5.25753286453748e-05,0.00026349117224408404,-0.3499427809874881,0.00011962949350371266,0.22381006344904975,-0.3499427809874881,0.00011962949350371266,0.22381006344904975,-0.34995487051620183,9.590002405191191e-05,0.22376473221525686,-0.327033821736471,-1.4197710196124476,1.2359423637390137,-1.3858774344073694,-1.5709064642535608,2.737889051437378,0.0,0.00017257283616345376,-2.3968450477696024e-05,-7.190534961409867e-05,0.0003834952076431364,0.0,-0.32701852680864907,-1.4199912950351825,1.2362984541664779,-1.3861679383747534,-1.570943065263231,2.738230747586629,0.0002010920402878799,-0.0007785251669243784,0.0008689800775828207,-0.0009937005769396243,-0.00046161875096382445,0.0006709394679103042,0.002146982949966855,-8.043835429589752,-6.270350309425226,-0.9628583273868099,-5.50860319522799e-05,1.3878319619971065e-06,28.0,28.0,14.0,6.0,6.0,6.0
1.8057381302127622,1.0,5.25753286453748e-05,0.00026349117224408404,-0.3499427809874881,0.00011962949350371266,0.22381006344904975,-0.3499427809874881,0.00011962949350371266,0.22381006344904975,-0.34995487051620183,9.590002405191191e-05,0.22376473221525686,-0.327033821736471,-1.4197710196124476,1.2359423637390137,-1.3858774344073694,-1.5709064642535608,2.737889051437378,0.0,0.00017257283616345376,-2.3968450477696024e-05,-7.190534961409867e-05,0.0003834952076431364,0.0,-0.32701773864877137,-1.4199944217345242,1.236301940401068,-1.3861719380598667,-1.5709449066287229,2.738233426257018,0.00019703996941918084,-0.0007816748353880418,0.0008715586475386463,-0.0009999212783478725,-0.0004603413729659585,0.0006696675971683573,0.002146982949966855,-8.043835429589752,-6.270350309425226,-0.9628583273868099,-5.50860319522799e-05,1.3878319619971065e-06,28.0,28.0,14.0,6.0,6.0,6.0
1.8097381302127622,1.0,5.25753286453748e-05,0.00026349117224408404,-0.3499427809874881,0.00011962949350371266,0.22381006344904975,-0.3499427809874881,0.00011962949350371266,0.22381006344904975,-0.34995487051620183,9.590002405191191e-05,0.22376473221525686,-0.327033821736471,-1.4197710196124476,1.2359423637390137,-1.3858774344073694,-1.5709064642535608,2.737889051437378,0.0,0.00017257283616345376,-2.3968450477696024e-05,-7.190534961409867e-05,0.0003834952076431364,0.0,-0.32701696572468014,-1.419997560276619,1.2363054363310813,-1.3861759611348174,-1.5709467431912734,2.7382361001451727,0.00019323102280260373,-0.0007846355237438855,0.0008739825032971224,-0.0010057687376716258,-0.0004591406376479645,0.0006684720386709272,0.002146982949966855,-8.043835429589752,-6.270350309425226,-0.9628583273868099,-5.50860319522799e-05,1.3878319619971065e-06,28.0,28.0,14.0,6.0,6.0,6.0
1.8140813272243839,1.0,5.25753286453748e-05,0.00026349117224408404,-0.3499427809874881,0.00011962949350371266,0.22381006344904975,-0.3499427809874881,0.00011962949350371266,0.22381006344904975,-0.34995487051620183,9.590002405191191e-05,0.22376473221525686,-0.327033821736471,-1.4197710196124476,1.2359423637390137,-1.3858774344073694,-1.5709064642535608,2.737889051437378,0.0,0.00017257283616345376,-2.3968450477696024e-05,-7.190534961409867e-05,0.0003834952076431364,0.0,-0.32701620712222823,-1.4200007099509022,1.236308941374792,-1.3861800061962153,-1.570948575239059,2.7382387695380275,0.00018965061298302122,-0.0007874185707983785,0.00087626092771009,-0.0010112653494359538,-0.00045801194644905013,0.0006673482136833428,0.002146982949966855,-8.043835429589752,-6.270350309425226,-0.9628583273868099,-5.50860319522799e-05,1.3878319619971065e-06,28.0,28.0,14.0,6.0,6.0,6.0
1.8180813272243839,1.0,3.8293485368627405e-05,0.00018025530622004497,-0.3499427809874881,0.00011962949350371266,0.22381006344904975,-0.3499427809874881,0.00011962949350371266,0.22381006344904975,-0.3499691034629979,0.00010907280150621215,0.22378433263952532,-0.32705766359438115,-1.4197710196124476,1.2358827590942383,-1.3859012762652796,-1.5709064642535608,2.737913131713867,0.0,0.00017257283616345376,-2.3968450477696024e-05,-7.190534961409867e-05,0.00035952674807049334,0.0,-0.3270154482856187,-1.420003824511873,1.23631241624156,-1.3861839826468014,-1.5709504042121303,2.738241393190328,0.0001897091523804822,-0.0007786402426843437,0.0008687166919710289,-0.0009941126465098102,-0.00045724326778942743,0.000655913075218051,0.0021034881034243157,-8.0427601175062,-6.26993858196427,-0.9627881916056269,-4.7868352079283015e-05,7.693446533886526e-07,28.0,28.0,14.0,6.0,6.0,6.0
1.8229647512249656,1.0,3.8293485368627405e-05,0.00018025530622004497,-0.3499427809874881,0.00011962949350371266,0.22381006344904975,-0.3499427809874881,0.00011962949350371266,0.22381006344904975,-0.3499691034629979,0.00010907280150621215,0.22378433263952532,-0.32705766359438115,-1.4197710196124476,1.2358827590942383,-1.3859012762652796,-1.5709064642535608,2.737913131713867,0.0,0.00017257283616345376,-2.3968450477696024e-05,-7.190534961409867e-05,0.00035952674807049334,0.0,-0.32701468922890103,-1.4200069060663298,1.2363158627420014,-1.3861878946032244,-1.5709522302949697,2.7382439738465085,0.00018976417941409554,-0.000770388614257151,0.0008616251103763116,-0.0009779891057592352,-0.0004565207098493821,0.0006451640450606767,0.0021034881034243157,-8.0427601175062,-6.26993858196427,-0.9627881916056269,-4.7868352079283015e-05,7.693446533886526e-07,28.0,28.0,14.0,6.0,6.0,6.0
1.8269647512249656,1.0,5.6149293889342963e-05,0.000279839739245903,-0.3499427809874881,0.00011962949350371266,0.22381006344904975,-0.3499427809874881,0.00011962949350371266,0.22381006344904975,-0.3499525988107821,0.00010230705766418579,0.22375756309889258,-0.32706958452333623,-1.4197710196124476,1.235966682434082,-1.3858774344073694,-1.5708821455584925,2.737901210784912,0.0,0.00017257283616345376,-2.3968450477696024e-05,-7.190534961409867e-05,0.00033555831760168076,0.0,-0.32701391433397636,-1.4200100111769332,1.2363193235764536,-1.3861918564738762,-1.5709540828116337,2.7382465297276743,0.00019372373116935068,-0.0007762776508435874,0.0008652086130202403,-0.0009904676629618752,-0.0004631291660375422,0.0006389702914837874,0.0027533580258102775,-8.044369807925971,-6.270518330046045,-0.9628799769398068,-4.113669509326473e-05,7.69530892018728e-07,28.0,28.0,14.0,6.0,6.0,6.0
1.8317710002199754,1.0,5.6149293889342963e-05,0.000279839739245903,-0.3499427809874881,0.00011962949350371266,0.22381006344904975,-0.3499427809874881,0.00011962949350371266,0.22381006344904975,-0.3499525988107821,0.00010230705766418579,0.22375756309889258,-0.32706958452333623,-1.4197710196124476,1.235966682434082,-1.3858774344073694,-1.5708821455584925,2.737901210784912,0.0,0.00017257283616345376,-2.3968450477696024e-05,-7.190534961409867e-05,0.00033555831760168076,0.0,-0.32701312455113707,-1.420013138430314,1.2363227978848756,-1.386195865263903,-1.5709559601760932,2.738249062320327,0.0001974457098192905,-0.0007818133452348376,0.0008685771055055332,-0.0010021975067323568,-0.0004693411148544128,0.0006331481631215115,0.0027533580258102775,-8.044369807925971,-6.270518330046045,-0.9628799769398068,-4.113669509326473e-05,7.69530892018728e-07,28.0,28.0,14.0,6.0,6.0,6.0
1.8357710002199754,1.0,5.6149293889342963e-05,0.000279839739245903,-0.3499427809874881,0.00011962949350371266,0.22381006344904975,-0.3499427809874881,0.00011962949350371266,0.22381006344904975,-0.3499525988107821,0.00010230705766418579,0.22375756309889258,-0.32706958452333623,-1.4197710196124476,1.235966682434082,-1.3858774344073694,-1.5708821455584925,2.737901210784912,0.0,0.00017257283616345376,-2.3968450477696024e-05,-7.190534961409867e-05,0.00033555831760168076,0.0,-0.32701232077365805,-1.420016286497906,1.2363262848588294,-1.3861999181581426,-1.5709578608974801,2.7382515730217767,0.00020094436975023395,-0.0007870168979626128,0.0008717434884417085,-0.0010132235598766096,-0.0004751803467422711,0.0006276753624609721,0.0027533580258102775,-8.044369807925971,-6.270518330046045,-0.9628799769398068,-4.113669509326473e-05,7.69530892018728e-07,28.0,28.0,14.0,6.0,6.0,6.0
1.8405843732215006,1.0,5.583266369314797e-05,0.0002685559749247685,-0.3499427809874881,0.00011962949350371266,0.22381006344904975,-0.3499427809874881,0.00011962949350371266,0.22381006344904975,-0.34996360335590726,0.00011176794640904441,0.22375885884588004,-0.3270934263812464,-1.4197471777545374,1.2359423637390137,-1.3859012762652796,-1.5708702246295374,2.737865447998047,0.0,0.00017257283616345376,-2.3968450477696024e-05,-7.190534961409867e-05,0.00033555831760168076,7.190534961409867e-05,-0.3270114858414814,-1.4200194523587764,1.236329773851526,-1.3862039763840817,-1.5709597973099736,2.738254098329228,0.00020873304416261758,-0.0007914652175954438,0.0008722481741291953,-0.0010145564847748772,-0.0004841031233526706,0.0006313268628090555,0.003082970957734581,-8.044782269103358,-6.270533129439691,-0.9628686811088681,-3.3722221436096076e-05,7.686482121692519e-07,28.0,28.0,14.0,6.0,6.0,6.0
1.8445843732215006,1.0,5.583266369314797e-05,0.0002685559749247685,-0.3499427809874881,0.00011962949350371266,0.22381006344904975,-0.3499427809874881,0.00011962949350371266,0.22381006344904975,-0.34996360335590726,0.00011176794640904441,0.22375885884588004,-0.3270934263812464,-1.4197471777545374,1.2359423637390137,-1.3859012762652796,-1.5708702246295374,2.737865447998047,0.0,0.00017257283616345376,-2.3968450477696024e-05,-7.190534961409867e-05,0.00033555831760168076,7.190534961409867e-05,-0.32701062162388894,-1.4200226349453287,1.2363332647418406,-1.3862080396218184,-1.570961767272107,2.7382566373663204,0.0002160543981102582,-0.000795646638050305,0.0008727225786754328,-0.0010158094341792484,-0.0004924905333664461,0.0006347592731362539,0.003082970957734581,-8.044782269103358,-6.270533129439691,-0.9628686811088681,-3.3722221436096076e-05,7.686482121692519e-07,28.0,28.0,14.0,6.0,6.0,6.0
1.849670828220901,1.0,5.583266369314797e-05,0.0002685559749247685,-0.3499427809874881,0.00011962949350371266,0.22381006344904975,-0.3499427809874881,0.00011962949350371266,0.22381006344904975,-0.34996360335590726,0.00011176794640904441,0.22375885884588004,-0.3270934263812464,-1.4197471777545374,1.2359423637390137,-1.3859012762652796,-1.5708702246295374,2.737865447998047,0.0,0.00017257283616345376,-2.3968450477696024e-05,-7.190534961409867e-05,0.00033555831760168076,7.190534961409867e-05,-0.32700972987800564,-1.4200258332540219,1.2363367574159163,-1.3862121075706448,-1.5709637687709022,2.7382591893092756,0.00022293647082104035,-0.0007995771732778745,0.000873168518948896,-0.0010169872066193575,-0.0005003746987793952,0.0006379857388438203,0.003082970957734581,-8.044782269103358,-6.270533129439691,-0.9628686811088681,-3.3722221436096076e-05,7.686482121692519e-07,28.0,28.0,14.0,6.0,6.0,6.0
1.853670828220901,1.0,6.123812013888366e-05,0.0003195005963052372,-0.3499427809874881,0.00011962949350371266,0.22381006344904975,-0.3499427809874881,0.00011962949350371266,0.22381006344904975,-0.34996145468093814,8.756051291160079e-05,0.22376135019608034,-0.327033821736471,-1.4197352568255823,1.2359066009521484,-1.385853115712301,-1.5708583037005823,2.737853527069092,0.0,0.00017257283616345376,-2.3968450477696024e-05,-7.190534961409867e-05,0.0003115898580290377,7.190534961409867e-05,-0.3270088422286851,-1.420029064465778,1.23634029123717,-1.3862162293018487,-1.5709658147628194,2.738261805811687,0.00022191233013283996,-0.0008078029390197102,0.0008834553134240514,-0.0010304328009886473,-0.0005114979793013534,0.0006541256029525759,0.002622059194158601,-8.04484279442161,-6.270425837398679,-0.9628638225795267,-4.6760519964508075e-05,1.6915244471447224e-06,28.0,28.0,14.0,6.0,6.0,6.0
1.858725226224168,1.0,6.123812013888366e-05,0.0003195005963052372,-0.3499427809874881,0.00011962949350371266,0.22381006344904975,-0.3499427809874881,0.00011962949350371266,0.22381006344904975,-0.34996145468093814,8.756051291160079e-05,0.22376135019608034,-0.327033821736471,-1.4197352568255823,1.2359066009521484,-1.385853115712301,-1.5708583037005823,2.737853527069092,0.0,0.00017257283616345376,-2.3968450477696024e-05,-7.190534961409867e-05,0.0003115898580290377,7.190534961409867e-05,-0.3270079584301335,-1.4200323266064132,1.2363438637367707,-1.3862204015884876,-1.5709679025782715,2.738264482999988,0.0002209496378859316,-0.0008155351588170358,0.0008931249002306974,-0.0010430716596957798,-0.0005219538629919942,0.0006692970752148061,0.002622059194158601,-8.04484279442161,-6.270425837398679,-0.9628638225795267,-4.6760519964508075e-05,1.6915244471447224e-06,28.0,28.0,14.0,6.0,6.0,6.0
1.862725226224168,1.0,4.4984125792059937e-05,0.00024043315801217118,-0.3499427809874881,0.00011962949350371266,0.22381006344904975,-0.3499427809874881,0.00011962949350371266,0.22381006344904975,-0.34996036190783925,9.815136163567956e-05,0.2237746632701753,-0.32705766359438115,-1.4197948614703577,1.2359423637390137,-1.3859012762652796,-1.5708702246295374,2.737877607345581,0.0,0.00017257283616345376,-2.3968450477696024e-05,-7.190534961409867e-05,0.0003115898580290377,7.190534961409867e-05,-0.32700706885431374,-1.4200355465489989,1.236347391807785,-1.3862245289651498,-1.5709700160003153,2.738267171416114,0.0002223939549433762,-0.000804985646445368,0.0008820177535538267,-0.0010318441655655791,-0.0005283555109609769,0.0006721040315802943,0.0023315070179208636,-8.042788413274968,-6.2701364906704855,-0.9628259593891426,-4.188308256287763e-05,1.0730989078727598e-06,28.0,28.0,14.0,6.0,6.0,6.0
1.8672417712088216,1.0,4.4984125792059937e-05,0.00024043315801217118,-0.3499427809874881,0.00011962949350371266,0.22381006344904975,-0.3499427809874881,0.00011962949350371266,0.22381006344904975,-0.34996036190783925,9.815136163567956e-05,0.2237746632701753,-0.32705766359438115,-1.4197948614703577,1.2359423637390137,-1.3859012762652796,-1.5708702246295374,2.737877607345581,0.0,0.00017257283616345376,-2.3968450477696024e-05,-7.190534961409867e-05,0.0003115898580290377,7.190534961409867e-05,-0.32700617384786185,-1.4200387268254182,1.2363508781159276,-1.3862286141264342,-1.5709721534925556,2.7382698703863966,0.00022375161297737413,-0.0007950691048160002,0.0008715770356775681,-0.0010212903210831904,-0.0005343730600518206,0.0006747425705638533,0.0023315070179208636,-8.042788413274968,-6.2701364906704855,-0.9628259593891426,-4.188308256287763e-05,1.0730989078727598e-06,28.0,28.0,14.0,6.0,6.0,6.0
1.8712417712088216,1.0,4.4984125792059937e-05,0.00024043315801217118,-0.3499427809874881,0.00011962949350371266,0.22381006344904975,-0.3499427809874881,0.00011962949350371266,0.22381006344904975,-0.34996036190783925,9.815136163567956e-05,0.2237746632701753,-0.32705766359438115,-1.4197948614703577,1.2359423637390137,-1.3859012762652796,-1.5708702246295374,2.737877607345581,0.0,0.00017257283616345376,-2.3968450477696024e-05,-7.190534961409867e-05,0.0003115898580290377,7.190534961409867e-05,-0.32700527373661575,-1.420041869815641,1.236354325166971,-1.3862326596052632,-1.5709743136107803,2.7382725792775853,0.0002250278115293322,-0.0007857475556843945,0.0008617627608738851,-0.001011369707269745,-0.0005400295561972137,0.0006772227972083987,0.0023315070179208636,-8.042788413274968,-6.2701364906704855,-0.9628259593891426,-4.188308256287763e-05,1.0730989078727598e-06,28.0,28.0,14.0,6.0,6.0,6.0
1.8760444582151257,1.0,4.4984125792059937e-05,0.00024043315801217118,-0.3499427809874881,0.00011962949350371266,0.22381006344904975,-0.3499427809874881,0.00011962949350371266,0.22381006344904975,-0.34996036190783925,9.815136163567956e-05,0.2237746632701753,-0.32705766359438115,-1.4197948614703577,1.2359423637390137,-1.3859012762652796,-1.5708702246295374,2.737877607345581,0.0,0.00017257283616345376,-2.3968450477696024e-05,-7.190534961409867e-05,0.0003115898580290377,7.190534961409867e-05,-0.32700436882686307,-1.420044977756839,1.2363577353163413,-1.3862366677825844,-1.5709764949974305,2.738275297494426,0.00022622743816817277,-0.0007769852995006851,0.0008525373425584231,-0.0010020443302851062,-0.0005453466625738833,0.0006795542102542713,0.0023315070179208636,-8.042788413274968,-6.2701364906704855,-0.9628259593891426,-4.188308256287763e-05,1.0730989078727598e-06,28.0,28.0,14.0,6.0,6.0,6.0
1.8800444582151257,1.0,4.3008256678597484e-05,0.0002567884676631331,-0.3499427809874881,0.00011962949350371266,0.22381006344904975,-0.3499427809874881,0.00011962949350371266,0.22381006344904975,-0.34994925048431913,0.00010389290789250571,0.22377056388415864,-0.32706958452333623,-1.4197948614703577,1.2359423637390137,-1.385853115712301,-1.5708945433246058,2.737889051437378,0.0,0.00017257283616345376,-2.3968450477696024e-05,-7.190534961409867e-05,0.0003115898580290377,7.190534961409867e-05,-0.32700346130585206,-1.4200480832112614,1.2363611577764564,-1.3862407129024321,-1.5709786683735523,2.738277995662523,0.00022688025275441651,-0.0007763636056036409,0.0008556150287840059,-0.0010112799619631963,-0.0005433440304554484,0.0006745420242174713,0.0025010369901870885,-8.043276574105205,-6.270188272948656,-0.9628398355337646,-4.13825360455114e-05,7.717626295913887e-07,28.0,28.0,14.0,6.0,6.0,6.0
1.8851012312364772,1.0,4.3008256678597484e-05,0.0002567884676631331,-0.3499427809874881,0.00011962949350371266,0.22381006344904975,-0.3499427809874881,0.00011962949350371266,0.22381006344904975,-0.34994925048431913,0.00010389290789250571,0.22377056388415864,-0.32706958452333623,-1.4197948614703577,1.2359423637390137,-1.385853115712301,-1.5708945433246058,2.737889051437378,0.0,0.00017257283616345376,-2.3968450477696024e-05,-7.190534961409867e-05,0.0003115898580290377,7.190534961409867e-05,-0.3270025513302582,-1.4200511863281147,1.2363645918086716,-1.386244792748255,-1.5709808342197773,2.7382806749848005,0.00022749389846548566,-0.0007757792133404193,0.0008585080538360537,-0.001019961455740601,-0.0005414615562641195,0.0006698305693428793,0.0025010369901870885,-8.043276574105205,-6.270188272948656,-0.9628398355337646,-4.13825360455114e-05,7.717626295913887e-07,28.0,28.0,14.0,6.0,6.0,6.0
1.8891012312364772,1.0,5.6711373631479054e-05,0.00028460573162207564,-0.3499427809874881,0.00011962949350371266,0.22381006344904975,-0.3499427809874881,0.00011962949350371266,0.22381006344904975,-0.3499426702487813,0.0001027226699003132,0.22375593095463325,-0.32705766359438115,-1.4197829405414026,1.235978603363037,-1.385853115712301,-1.570918385182516,2.7379250526428223,0.0,0.00017257283616345376,-2.3968450477696024e-05,-7.190534961409867e-05,0.0003115898580290377,7.190534961409867e-05,-0.3270016544776175,-1.4200543244575046,1.2363680627729674,-1.3862489495436328,-1.5709829655295597,2.7382832934209724,0.00022421316017216843,-0.0007845323474905824,0.0008677410739163277,-0.0010391988444178291,-0.0005328274455875073,0.0006546090429795221,0.002478091308960862,-8.044280424736428,-6.2705234098212586,-0.9628892210496955,-4.698126880727646e-05,4.6121190765278e-07,28.0,28.0,14.0,6.0,6.0,6.0
1.8935287272310823,1.0,5.6711373631479054e-05,0.00028460573162207564,-0.3499427809874881,0.00011962949350371266,0.22381006344904975,-0.3499427809874881,0.00011962949350371266,0.22381006344904975,-0.3499426702487813,0.0001027226699003132,0.22375593095463325,-0.32705766359438115,-1.4197829405414026,1.235978603363037,-1.385853115712301,-1.570918385182516,2.7379250526428223,0.0,0.00017257283616345376,-2.3968450477696024e-05,-7.190534961409867e-05,0.0003115898580290377,7.190534961409867e-05,-0.3270007699605528,-1.4200574954986789,1.2363715684534187,-1.386253178671592,-1.570985064375086,2.738285854624205,0.00022112926617645024,-0.0007927602935917358,0.0008764201127917853,-0.0010572819897744236,-0.0005247113815514917,0.0006403008081979662,0.002478091308960862,-8.044280424736428,-6.2705234098212586,-0.9628892210496955,-4.698126880727646e-05,4.6121190765278e-07,28.0,28.0,14.0,6.0,6.0,6.0
1.8975287272310823,1.0,5.6711373631479054e-05,0.00028460573162207564,-0.3499427809874881,0.00011962949350371266,0.22381006344904975,-0.3499427809874881,0.00011962949350371266,0.22381006344904975,-0.3499426702487813,0.0001027226699003132,0.22375593095463325,-0.32705766359438115,-1.4197829405414026,1.235978603363037,-1.385853115712301,-1.570918385182516,2.7379250526428223,0.0,0.00017257283616345376,-2.3968450477696024e-05,-7.190534961409867e-05,0.0003115898580290377,7.190534961409867e-05,-0.3269998970389295,-1.4200606974769305,1.236375106767056,-1.3862574757921775,-1.5709871327042115,2.738288362028475,0.00021823040582047515,-0.00080049456292682,0.0008845784093347153,-0.0010742801464096224,-0.000517082281357637,0.0006268510675033038,0.002478091308960862,-8.044280424736428,-6.2705234098212586,-0.9628892210496955,-4.698126880727646e-05,4.6121190765278e-07,28.0,28.0,14.0,6.0,6.0,6.0
1.9024560822413776,1.0,5.6711373631479054e-05,0.00028460573162207564,-0.3499427809874881,0.00011962949350371266,0.22381006344904975,-0.3499427809874881,0.00011962949350371266,0.22381006344904975,-0.3499426702487813,0.0001027226699003132,0.22375593095463325,-0.32705766359438115,-1.4197829405414026,1.235978603363037,-1.385853115712301,-1.570918385182516,2.7379250526428223,0.0,0.00017257283616345376,-2.3968450477696024e-05,-7.190534961409867e-05,0.0003115898580290377,7.190534961409867e-05,-0.32699903501702116,-1.420063928536035,1.2363786757558883,-1.3862618368258321,-1.5709891723479201,2.73829081886172,0.00021550547708585856,-0.0008077647761017991,0.0008922472080850696,-0.0010902584136467093,-0.0005099109271754137,0.0006142083112503211,0.002478091308960862,-8.044280424736428,-6.2705234098212586,-0.9628892210496955,-4.698126880727646e-05,4.6121190765278e-07,28.0,28.0,14.0,6.0,6.0,6.0
1.9064560822413776,1.0,5.3049840810232955e-05,0.00025897596709363526,-0.3499427809874881,0.00011962949350371266,0.22381006344904975,-0.3499427809874881,0.00011962949350371266,0.22381006344904975,-0.34995017558964053,0.00011778533313043353,0.22375756388198947,-0.3270934263812464,-1.4197710196124476,1.235966682434082,-1.3858774344073694,-1.570918385182516,2.737913131713867,0.0,0.00017257283616345376,-2.3968450477696024e-05,-7.190534961409867e-05,0.0003115898580290377,7.190534961409867e-05,-0.3269981626807168,-1.4200671803951261,1.2363822590235343,-1.3862662219065305,-1.5709911850423226,2.7382932212511752,0.00021808407609112614,-0.0008129647727804101,0.000895816911475936,-0.0010962701746034147,-0.0005031736006158012,0.0006005973638973788,0.0028293944795402533,-8.04448153174161,-6.270526344953923,-0.9628779037726922,-3.775607989402251e-05,1.5354162219672908e-07,28.0,28.0,14.0,6.0,6.0,6.0
1.9116743302408148,1.0,5.3049840810232955e-05,0.00025897596709363526,-0.3499427809874881,0.00011962949350371266,0.22381006344904975,-0.3499427809874881,0.00011962949350371266,0.22381006344904975,-0.34995017558964053,0.00011778533313043353,0.22375756388198947,-0.3270934263812464,-1.4197710196124476,1.235966682434082,-1.3858774344073694,-1.570918385182516,2.737913131713867,0.0,0.00017257283616345376,-2.3968450477696024e-05,-7.190534961409867e-05,0.0003115898580290377,7.190534961409867e-05,-0.3269972806488802,-1.4200704518062048,1.236385855713265,-1.3862706295914502,-1.5709931724043773,2.738295572463469,0.00022050795915607764,-0.0008178527696583044,0.0008991724326633504,-0.0011019212299027178,-0.0004968405136497654,0.0005878030733856131,0.0028293944795402533,-8.04448153174161,-6.270526344953923,-0.9628779037726922,-3.775607989402251e-05,1.5354162219672908e-07,28.0,28.0,14.0,6.0,6.0,6.0
1.9156743302408148,1.0,5.7600492698213165e-05,0.0002830087686061062,-0.3499427809874881,0.00011962949350371266,0.22381006344904975,-0.3499427809874881,0.00011962949350371266,0.22381006344904975,-0.34995619060168226,0.00010090848766073696,0.22375726645153599,-0.32706958452333623,-1.4197590986834925,1.2359542846679688,-1.3858774344073694,-1.5708702246295374,2.737913131713867,0.0,0.00017257283616345376,-2.3968450477696024e-05,-7.190534961409867e-05,0.0003115898580290377,7.190534961409867e-05,-0.3269963858605054,-1.4200737398604297,1.2363894619443874,-1.3862750566348245,-1.57099519140331,2.738297906684367,0.000223697093695889,-0.0008220135562121139,0.0009015577805984822,-0.00110676084357413,-0.0005047497331655162,0.0005835552244623556,0.0028616912843090012,-8.044626784718817,-6.270532621340327,-0.9628788130269182,-3.8799951000850937e-05,4.610754346664165e-07,28.0,28.0,14.0,6.0,6.0,6.0
1.920127947243397,1.0,5.7600492698213165e-05,0.0002830087686061062,-0.3499427809874881,0.00011962949350371266,0.22381006344904975,-0.3499427809874881,0.00011962949350371266,0.22381006344904975,-0.34995619060168226,0.00010090848766073696,0.22375726645153599,-0.32706958452333623,-1.4197590986834925,1.2359542846679688,-1.3858774344073694,-1.5708702246295374,2.737913131713867,0.0,0.00017257283616345376,-2.3968450477696024e-05,-7.190534961409867e-05,0.0003115898580290377,7.190534961409867e-05,-0.32699547908098475,-1.420077043559212,1.236393077144418,-1.3862795018751461,-1.570997240140908,2.738300224933353,0.00022669488016331164,-0.0008259246955726948,0.0009038000076575061,-0.0011113100804252575,-0.000512184399510322,0.0005795622464744935,0.0028616912843090012,-8.044626784718817,-6.270532621340327,-0.9628788130269182,-3.8799951000850937e-05,4.610754346664165e-07,28.0,28.0,14.0,6.0,6.0,6.0
1.924127947243397,1.0,5.7600492698213165e-05,0.0002830087686061062,-0.3499427809874881,0.00011962949350371266,0.22381006344904975,-0.3499427809874881,0.00011962949350371266,0.22381006344904975,-0.34995619060168226,0.00010090848766073696,0.22375726645153599,-0.32706958452333623,-1.4197590986834925,1.2359542846679688,-1.3858774344073694,-1.5708702246295374,2.737913131713867,0.0,0.00017257283616345376,-2.3968450477696024e-05,-7.190534961409867e-05,0.0003115898580290377,7.190534961409867e-05,-0.32699456102978697,-1.4200803619638784,1.2363967007752223,-1.3862839642205984,-1.5709993168328515,2.7383025281687416,0.00022951279944268894,-0.0008296011665716408,0.0009059077010929885,-0.0011155863630653174,-0.0005191729858744394,0.0005758088471659031,0.0028616912843090012,-8.044626784718817,-6.270532621340327,-0.9628788130269182,-3.8799951000850937e-05,4.610754346664165e-07,28.0,28.0,14.0,6.0,6.0,6.0
1.9292832662421286,1.0,5.197498140197518e-05,0.00021053634010548822,-0.3499427809874881,0.00011962949350371266,0.22381006344904975,-0.3499427809874881,0.00011962949350371266,0.22381006344904975,-0.3499673519686853,0.00010430625729237233,0.22376690254073267,-0.3270457426654261,-1.4197471777545374,1.2359185218811035,-1.3859131971942347,-1.5709064642535608,2.738008499145508,0.0,0.00017257283616345376,-2.3968450477696024e-05,-7.190534961409867e-05,0.0003115898580290377,0.030559774488210678,-0.3269936591475071,-1.4200836747559589,1.2364003081186479,-1.3862883692063428,-1.5710013780742917,2.7383061715386368,0.00022547056996431958,-0.0008281980201223985,0.0009018358563743113,-0.0011012464361123786,-0.0005153103600286796,0.0009108424737818883,0.0023217711891057357,-8.044102891723766,-6.270354342166864,-0.9628448512531887,-4.879504798731891e-05,-6.602295436970911e-05,28.0,28.0,14.0,6.0,6.0,6.0
1.9332832662421287,1.0,5.197498140197518e-05,0.00021053634010548822,-0.3499427809874881,0.00011962949350371266,0.22381006344904975,-0.3499427809874881,0.00011962949350371266,0.22381006344904975,-0.3499673519686853,0.00010430625729237233,0.22376690254073267,-0.3270457426654261,-1.4197471777545374,1.2359185218811035,-1.3859131971942347,-1.5709064642535608,2.738008499145508,0.0,0.00017257283616345376,-2.3968450477696024e-05,-7.190534961409867e-05,0.0003115898580290377,0.030559774488210678,-0.3269927724640101,-1.4200869822722086,1.2364039001519371,-1.3862927202739619,-1.5710034247922586,2.738311074634968,0.00022167087425465238,-0.0008268790624601106,0.0008980083223387547,-0.0010877669047766163,-0.0005116794917336653,0.0012257740828009146,0.0023217711891057357,-8.044102891723766,-6.270354342166864,-0.9628448512531887,-4.879504798731891e-05,-6.602295436970911e-05,28.0,28.0,14.0,6.0,6.0,6.0
1.9382391172493816,1.0,5.197498140197518e-05,0.00021053634010548822,-0.3499427809874881,0.00011962949350371266,0.22381006344904975,-0.3499427809874881,0.00011962949350371266,0.22381006344904975,-0.3499673519686853,0.00010430625729237233,0.22376690254073267,-0.3270457426654261,-1.4197471777545374,1.2359185218811035,-1.3859131971942347,-1.5709064642535608,2.738008499145508,0.0,0.00017257283616345376,-2.3968450477696024e-05,-7.190534961409867e-05,0.0003115898580290377,0.030559774488210678,-0.32699190006736895,-1.4200902848291777,1.2364074777936984,-1.3862970206585432,-1.5710054578581607,2.738317161874149,0.00021809916028756523,-0.00082563924225756,0.0008944104403453315,-0.0010750961453209996,-0.0005082664755363519,0.001521809795278799,0.0023217711891057357,-8.044102891723766,-6.270354342166864,-0.9628448512531887,-4.879504798731891e-05,-6.602295436970911e-05,28.0,28.0,14.0,6.0,6.0,6.0
1.9422391172493816,1.0,5.024281485950602e-05,0.0002591061528983099,-0.3499427809874881,0.00011962949350371266,0.22381006344904975,-0.3499427809874881,0.00011962949350371266,0.22381006344904975,-0.3499572173883358,0.00010086833061721627,0.2237657469787174,-0.3270457426654261,-1.4197710196124476,1.2359423637390137,-1.3858893553363245,-1.5709064642535608,2.7381041049957275,0.0,0.00017257283616345376,-2.3968450477696024e-05,-7.190534961409867e-05,0.0003115898580290377,0.007478156592696905,-0.326991041093213,-1.4200935821304066,1.2364110491692812,-1.3863013087175855,-1.5710074781016519,2.7383231441606513,0.00021474353898922008,-0.000824325307248581,0.0008928438957173017,-0.0010720147605858057,-0.0005050608727977054,0.0014955716255518198,0.002260655317553227,-8.043778647089836,-6.270341475031815,-0.962853596821874,-4.879458894553925e-05,-1.7621737693704845e-05,28.0,28.0,14.0,6.0,6.0,6.0
1.9466666132439867,1.0,5.024281485950602e-05,0.0002591061528983099,-0.3499427809874881,0.00011962949350371266,0.22381006344904975,-0.3499427809874881,0.00011962949350371266,0.22381006344904975,-0.3499572173883358,0.00010086833061721627,0.2237657469787174,-0.3270457426654261,-1.4197710196124476,1.2359423637390137,-1.3858893553363245,-1.5709064642535608,2.7381041049957275,0.0,0.00017257283616345376,-2.3968450477696024e-05,-7.190534961409867e-05,0.0003115898580290377,0.007478156592696905,-0.3269901947361931,-1.42009687449124,1.2364146146546564,-1.3863055851906212,-1.5710094862920767,2.7383290277916355,0.00021158925496877565,-0.0008230902083401406,0.0008913713437669538,-0.0010691182589347235,-0.0005020476062233777,0.0014709077460084592,0.002260655317553227,-8.043778647089836,-6.270341475031815,-0.962853596821874,-4.879458894553925e-05,-1.7621737693704845e-05,28.0,28.0,14.0,6.0,6.0,6.0
1.9506666132439867,1.0,5.024281485950602e-05,0.0002591061528983099,-0.3499427809874881,0.00011962949350371266,0.22381006344904975,-0.3499427809874881,0.00011962949350371266,0.22381006344904975,-0.3499572173883358,0.00010086833061721627,0.2237657469787174,-0.3270457426654261,-1.4197710196124476,1.2359423637390137,-1.3858893553363245,-1.5709064642535608,2.7381041049957275,0.0,0.00017257283616345376,-2.3968450477696024e-05,-7.190534961409867e-05,0.0003115898580290377,0.007478156592696905,-0.32698936023928116,-1.4201001622081013,1.236418174603236,-1.3863098507728107,-1.5710114831526192,2.7383348186864325,0.00020862422798955787,-0.0008219292153662066,0.0008899871449336267,-0.0010663955473827061,-0.0004992151356435098,0.0014477236992377004,0.002260655317553227,-8.043778647089836,-6.270341475031815,-0.962853596821874,-4.879458894553925e-05,-1.7621737693704845e-05,28.0,28.0,14.0,6.0,6.0,6.0
1.9556224642221358,1.0,5.1624006114710455e-05,0.00026845957893181283,-0.3499427809874881,0.00011962949350371266,0.22381006344904975,-0.3499427809874881,0.00011962949350371266,0.22381006344904975,-0.34995802615230354,0.00010948718679785457,0.22376179589709436,-0.32706958452333623,-1.4197590986834925,1.2359423637390137,-1.3858893553363245,-1.5709064642535608,2.7380800247192383,0.0,0.00017257283616345376,-2.3968450477696024e-05,-7.190534961409867e-05,0.0003115898580290377,0.006471481639891863,-0.32698852317964366,-1.4201034588212311,1.2364217396421529,-1.386314116879727,-1.5710134693707865,2.7383404880754463,0.00020926490937982046,-0.0008241532824575544,0.000891259729158731,-0.0010665267290792648,-0.0004965545418393254,0.0014173472534607951,0.002607977510015778,-8.044339546461043,-6.27044426777008,-0.9628629823929079,-4.264242775040793e-05,-1.545388232334423e-05,28.0,28.0,14.0,6.0,6.0,6.0
1.9596224642221358,1.0,5.1624006114710455e-05,0.00026845957893181283,-0.3499427809874881,0.00011962949350371266,0.22381006344904975,-0.3499427809874881,0.00011962949350371266,0.22381006344904975,-0.34995802615230354,0.00010948718679785457,0.22376179589709436,-0.32706958452333623,-1.4197590986834925,1.2359423637390137,-1.3858893553363245,-1.5709064642535608,2.7380800247192383,0.0,0.00017257283616345376,-2.3968450477696024e-05,-7.190534961409867e-05,0.0003115898580290377,0.006471481639891863,-0.32698768371104414,-1.4201067637968532,1.2364253094659863,-1.3863183834798865,-1.571015445585121,2.738346043249024,0.0002098671498866673,-0.0008262439055234214,0.0008924559583303292,-0.0010666500398740298,-0.0004940535836633922,0.001388793394430504,0.002607977510015778,-8.044339546461043,-6.27044426777008,-0.9628629823929079,-4.264242775040793e-05,-1.545388232334423e-05,28.0,28.0,14.0,6.0,6.0,6.0
1.9647445392250091,1.0,5.1624006114710455e-05,0.00026845957893181283,-0.3499427809874881,0.00011962949350371266,0.22381006344904975,-0.3499427809874881,0.00011962949350371266,0.22381006344904975,-0.34995802615230354,0.00010948718679785457,0.22376179589709436,-0.32706958452333623,-1.4197590986834925,1.2359423637390137,-1.3858893553363245,-1.5709064642535608,2.7380800247192383,0.0,0.00017257283616345376,-2.3968450477696024e-05,-7.190534961409867e-05,0.0003115898580290377,0.006471481639891863,-0.3269868419780203,-1.420110076633218,1.2364288837876414,-1.3863226505436945,-1.571017412395853,2.7383514910600915,0.0002104332559631033,-0.0008282090912053363,0.0008935804137516314,-0.001066765952021109,-0.000491702682978015,0.0013619527669420303,0.002607977510015778,-8.044339546461043,-6.27044426777008,-0.9628629823929079,-4.264242775040793e-05,-1.545388232334423e-05,28.0,28.0,14.0,6.0,6.0,6.0
1.9687445392250091,1.0,6.485389500516426e-05,0.00032753036845836547,-0.3499427809874881,0.00011962949350371266,0.22381006344904975,-0.3499427809874881,0.00011962949350371266,0.22381006344904975,-0.34994749422342064,9.11690317460258e-05,0.22375197889670642,-0.32705766359438115,-1.4197710196124476,1.235978603363037,-1.385853115712301,-1.5708583037005823,2.7380564212799072,0.0,0.00017257283616345376,-2.3968450477696024e-05,-7.190534961409867e-05,0.0003115898580290377,0.003595267655327916,-0.326985987612333,-1.4201134148096262,1.236432484755704,-1.3863269922635686,-1.5710194258184482,2.738356751331688,0.00021359142183270872,-0.0008345441020230305,0.0009002420156496782,-0.0010854299685243117,-0.0005033556488453035,0.0013150678991482381,0.0028850585681845626,-8.044721605038546,-6.270616742669285,-0.9629006780956146,-4.0608927346876584e-05,-8.810487648436074e-06,28.0,28.0,14.0,6.0,6.0,6.0
1.9732492102251862,1.0,6.485389500516426e-05,0.00032753036845836547,-0.3499427809874881,0.00011962949350371266,0.22381006344904975,-0.3499427809874881,0.00011962949350371266,0.22381006344904975,-0.34994749422342064,9.11690317460258e-05,0.22375197889670642,-0.32705766359438115,-1.4197710196124476,1.235978603363037,-1.385853115712301,-1.5708583037005823,2.7380564212799072,0.0,0.00017257283616345376,-2.3968450477696024e-05,-7.190534961409867e-05,0.0003115898580290377,0.003595267655327916,-0.326985121371942,-1.4201167768056748,1.2364361107713897,-1.3863314041601447,-1.5710214830561953,2.738361835316182,0.00021656009775013782,-0.0008404990121916632,0.0009065039214338421,-0.0011029741440373223,-0.0005143094367605547,0.0012709961234220735,0.0028850585681845626,-8.044721605038546,-6.270616742669285,-0.9629006780956146,-4.0608927346876584e-05,-8.810487648436074e-06,28.0,28.0,14.0,6.0,6.0,6.0
1.9772492102251862,1.0,6.403077359977468e-05,0.00030885738836718916,-0.3499427809874881,0.00011962949350371266,0.22381006344904975,-0.3499427809874881,0.00011962949350371266,0.22381006344904975,-0.3499519280773137,9.529026368511818e-05,0.22375154958225438,-0.32705766359438115,-1.4197710196124476,1.2359905242919922,-1.3858893553363245,-1.5708702246295374,2.7380800247192383,0.0,0.00017257283616345376,-2.3968450477696024e-05,-7.190534961409867e-05,0.0003115898580290377,0.0024687503464519978,-0.32698424826608574,-1.4201201499761102,1.2364397346448275,-1.3863358395404586,-1.5710235677562723,2.738366668026146,0.00021827646406800047,-0.0008432926088523769,0.0009059683594353405,-0.0011088450784752504,-0.0005211750192774485,0.001208177491049007,0.002743300210550619,-8.044594102217102,-6.270660590829234,-0.9629015928172391,-4.187424747733421e-05,-6.692588458346634e-06,28.0,28.0,14.0,6.0,6.0,6.0
1.9823309162070517,1.0,6.403077359977468e-05,0.00030885738836718916,-0.3499427809874881,0.00011962949350371266,0.22381006344904975,-0.3499427809874881,0.00011962949350371266,0.22381006344904975,-0.3499519280773137,9.529026368511818e-05,0.22375154958225438,-0.32705766359438115,-1.4197710196124476,1.2359905242919922,-1.3858893553363245,-1.5708702246295374,2.7380800247192383,0.0,0.00017257283616345376,-2.3968450477696024e-05,-7.190534961409867e-05,0.0003115898580290377,0.0024687503464519978,-0.3269833687066921,-1.4201235336504692,1.236443356504552,-1.3863402969954859,-1.5710256782709398,2.7383712645380527,0.00021988984840679138,-0.0008459185897134476,0.000905464931156749,-0.0011143637568469028,-0.0005276286668433286,0.0011491279766183244,0.002743300210550619,-8.044594102217102,-6.270660590829234,-0.9629015928172391,-4.187424747733421e-05,-6.692588458346634e-06,28.0,28.0,14.0,6.0,6.0,6.0
1.9863309162070517,1.0,6.403077359977468e-05,0.00030885738836718916,-0.3499427809874881,0.00011962949350371266,0.22381006344904975,-0.3499427809874881,0.00011962949350371266,0.22381006344904975,-0.3499519280773137,9.529026368511818e-05,0.22375154958225438,-0.32705766359438115,-1.4197710196124476,1.2359905242919922,-1.3858893553363245,-1.5708702246295374,2.7380800247192383,0.0,0.00017257283616345376,-2.3968450477696024e-05,-7.190534961409867e-05,0.0003115898580290377,0.0024687503464519978,-0.32698248308097333,-1.420126927198516,1.2364469764713863,-1.386344775200744,-1.571027813051322,2.738375639023785,0.00022140642968525483,-0.0008483870117228542,0.000904991708574873,-0.001119551314516256,-0.000533695095555256,0.0010936214330534827,0.002743300210550619,-8.044594102217102,-6.270660590829234,-0.9629015928172391,-4.187424747733421e-05,-6.692588458346634e-06,28.0,28.0,14.0,6.0,6.0,6.0
1.991761692192639,1.0,6.403077359977468e-05,0.00030885738836718916,-0.3499427809874881,0.00011962949350371266,0.22381006344904975,-0.3499427809874881,0.00011962949350371266,0.22381006344904975,-0.3499519280773137,9.529026368511818e-05,0.22375154958225438,-0.32705766359438115,-1.4197710196124476,1.2359905242919922,-1.3858893553363245,-1.5708702246295374,2.7380800247192383,0.0,0.00017257283616345376,-2.3968450477696024e-05,-7.190534961409867e-05,0.0003115898580290377,0.0024687503464519978,-0.326981591752909,-1.4201303300278296,1.2364505946589037,-1.386349272911219,-1.571029970641476,2.7383798048049135,0.00022283201608701045,-0.0008507073284116963,0.0009045468793479096,-0.0011244276187254482,-0.0005393975385444678,0.0010414452821025317,0.002743300210550619,-8.044594102217102,-6.270660590829234,-0.9629015928172391,-4.187424747733421e-05,-6.692588458346634e-06,28.0,28.0,14.0,6.0,6.0,6.0
1.995761692192639,1.0,4.711924656819835e-05,0.00025102185998795756,-0.3499427809874881,0.00011962949350371266,0.22381006344904975,-0.3499427809874881,0.00011962949350371266,0.22381006344904975,-0.34996036305302847,9.397950901742126e-05,0.2237746632701753,-0.3270457426654261,-1.4197948614703577,1.2359423637390137,-1.3859012762652796,-1.5708702246295374,2.7381041049957275,0.0,0.00015339808305725455,-2.3968450477696024e-05,-7.190534961409867e-05,0.0003115898580290377,0.0018935076659545302,-0.3269807019413019,-1.4201336831721572,1.23645416570565,-1.3863537061640645,-1.5710321496684476,2.7383837259008734,0.00022245290175894564,-0.0008382860819024836,0.0008927616865688718,-0.0011083132113994861,-0.0005447567428575743,0.0009802739899928954,0.002182568465493693,-8.042621439844167,-6.270086500216908,-0.9628196857109793,-4.495783184802709e-05,-5.612633550459375e-06,28.0,28.0,14.0,6.0,6.0,6.0
